price,property_size_sqft,bedroom,bathroom,parking_lot,facilities_count,has_school,has_mall,has_hospital,has_railway,has_bus_stop,has_park,has_highway,property_type,tenure_type,land_title,floor_range,state
340000,1000.0,4.0,2.0,2.0,0,1,1,1,0,1,1,0,Service Residence,Freehold,Non Bumi Lot,Unknown,Kuala Lumpur
250000,980.0,3.0,2.0,1.0,6,0,0,0,0,0,0,0,Apartment,Freehold,Non Bumi Lot,Low,Melaka
230000,1000.0,3.0,2.0,1.0,7,0,0,0,0,0,0,1,Apartment,Freehold,Non Bumi Lot,Medium,Selangor
158000,592.0,3.0,1.0,1.0,4,0,0,0,0,0,0,0,Flat,Leasehold,Non Bumi Lot,Unknown,Selangor
305000,467.0,1.0,1.0,1.0,4,1,1,1,0,1,1,0,Studio,Freehold,Bumi Lot,Low,Selangor
425000,1100.0,3.0,2.0,1.0,11,0,0,0,0,0,0,0,Condominium,Freehold,Non Bumi Lot,Low,Penang
230000,780.0,3.0,2.0,1.0,4,0,0,0,0,0,0,0,Condominium,Freehold,Non Bumi Lot,Unknown,Selangor
200000,852.0,3.0,2.0,1.0,11,1,0,0,0,1,1,0,Apartment,Leasehold,Non Bumi Lot,Unknown,Selangor
275000,918.0,3.0,2.0,1.0,6,1,1,0,0,1,1,0,Apartment,Leasehold,Bumi Lot,Unknown,Selangor
300000,850.0,3.0,2.0,2.0,4,0,0,1,0,1,1,0,Apartment,Freehold,Bumi Lot,Unknown,Selangor
265000,660.0,3.0,2.0,1.0,3,0,0,0,0,0,0,0,Apartment,Freehold,Non Bumi Lot,Medium,Penang
790000,1246.0,3.0,2.0,2.0,9,0,0,0,0,0,0,0,Condominium,Freehold,Non Bumi Lot,Medium,Penang
230000,550.0,2.0,1.0,1.0,2,0,0,0,0,0,0,0,Flat,Freehold,Non Bumi Lot,Low,Penang
340000,1250.0,3.0,2.0,2.0,11,0,0,0,0,0,0,0,Condominium,Freehold,Non Bumi Lot,Unknown,Selangor
230000,1048.0,3.0,2.0,1.0,12,1,0,0,1,1,1,1,Apartment,Freehold,Non Bumi Lot,Unknown,Selangor
430000,1150.0,3.0,2.0,1.0,12,0,0,0,0,0,0,0,Condominium,Freehold,Non Bumi Lot,Low,Penang
155000,553.0,2.0,1.0,1.0,0,0,0,0,0,0,0,0,Flat,Leasehold,Bumi Lot,High,Kuala Lumpur
500000,901.0,3.0,2.0,2.0,8,0,0,0,0,0,0,0,Condominium,Freehold,Non Bumi Lot,High,Penang
350000,452.0,1.0,1.0,1.0,8,1,1,0,0,1,0,0,Studio,Freehold,Bumi Lot,High,Selangor
620000,1016.0,2.0,2.0,2.0,8,0,0,0,0,0,0,0,Condominium,Freehold,Non Bumi Lot,Medium,Penang
310000,900.0,4.0,2.0,2.0,4,1,0,0,0,0,0,0,Apartment,Freehold,Bumi Lot,Low,Selangor
240000,650.0,3.0,2.0,1.0,5,0,0,0,0,0,0,0,Apartment,Leasehold,Bumi Lot,Low,Kuala Lumpur
500000,1182.0,3.0,2.0,2.0,9,0,0,0,0,0,0,0,Condominium,Freehold,Non Bumi Lot,High,Penang
341500,872.0,3.0,2.0,2.0,12,0,0,0,0,0,0,0,Apartment,Freehold,Non Bumi Lot,Medium,Selangor
230500,450.0,1.0,2.0,1.0,11,0,1,0,0,0,0,0,Condominium,Freehold,Non Bumi Lot,Medium,Selangor
515000,1005.0,2.0,2.0,1.0,12,0,0,0,0,0,0,0,Condominium,Freehold,Non Bumi Lot,Unknown,Johor
200000,430.0,1.0,1.0,1.0,8,0,0,0,0,0,0,0,Service Residence,Freehold,Non Bumi Lot,Low,Johor
298000,1050.0,3.0,2.0,1.0,0,0,0,0,0,0,0,0,Service Residence,Freehold,Non Bumi Lot,Unknown,Johor
418000,986.0,3.0,2.0,2.0,13,0,0,0,0,0,0,0,Apartment,Freehold,Non Bumi Lot,High,Johor
220000,950.0,3.0,2.0,1.0,3,0,1,0,1,0,0,1,Apartment,Freehold,Non Bumi Lot,Unknown,Selangor
320000,1055.0,3.0,2.0,2.0,12,1,0,0,0,1,1,0,Condominium,Leasehold,Non Bumi Lot,Unknown,Selangor
280000,1017.0,3.0,2.0,2.0,12,0,0,0,0,0,0,0,Service Residence,Freehold,Non Bumi Lot,Unknown,Selangor
1150000,1387.0,4.0,3.0,2.0,11,0,0,0,0,0,0,0,Service Residence,Freehold,Non Bumi Lot,High,Johor
320000,720.0,3.0,2.0,1.0,7,0,0,0,0,0,0,0,Condominium,Leasehold,Non Bumi Lot,Medium,Melaka
880000,1474.0,4.0,4.0,2.0,9,1,0,0,0,1,1,0,Condominium,Freehold,Non Bumi Lot,High,Kuala Lumpur
550000,788.0,2.0,1.0,1.0,0,0,0,0,0,0,0,0,Service Residence,Leasehold,Non Bumi Lot,High,Sarawak
180000,517.0,2.0,1.0,1.0,1,0,0,0,0,0,0,0,Apartment,Freehold,Non Bumi Lot,Medium,Selangor
200000,650.0,3.0,2.0,1.0,0,0,0,0,0,0,0,0,Flat,Leasehold,Non Bumi Lot,Low,Selangor
300000,850.0,3.0,2.0,2.0,3,0,0,1,0,1,0,0,Apartment,Freehold,Non Bumi Lot,Low,Selangor
438000,800.0,3.0,2.0,2.0,0,0,0,0,0,0,0,0,Apartment,Leasehold,Non Bumi Lot,Medium,Unknown
700000,1432.0,3.0,2.0,2.0,10,0,0,0,0,0,0,0,Condominium,Leasehold,Non Bumi Lot,High,Sarawak
195000,527.0,2.0,1.0,1.0,2,1,0,1,1,1,0,0,Flat,Leasehold,Bumi Lot,Low,Kuala Lumpur
493000,1108.0,3.0,2.0,1.0,9,0,0,0,0,0,0,0,Condominium,Leasehold,Non Bumi Lot,High,Sarawak
195000,860.0,3.0,2.0,1.0,4,0,0,0,0,0,0,0,Apartment,Leasehold,Bumi Lot,Unknown,Selangor
420000,1011.0,3.0,2.0,1.0,12,0,0,0,0,0,0,0,Apartment,Freehold,Non Bumi Lot,Unknown,Johor
255000,925.0,3.0,2.0,1.0,9,1,1,0,0,1,1,0,Condominium,Freehold,Non Bumi Lot,Medium,Selangor
240000,753.0,3.0,2.0,1.0,5,0,1,0,0,0,0,0,Apartment,Freehold,Bumi Lot,High,Selangor
350000,1093.0,3.0,2.0,1.0,8,0,1,0,0,1,1,0,Condominium,Leasehold,Bumi Lot,Medium,Selangor
978000,1400.0,3.0,3.0,2.0,14,0,0,0,0,0,0,0,Condominium,Freehold,Non Bumi Lot,Medium,Penang
260000,800.0,3.0,2.0,2.0,8,0,0,0,0,0,0,0,Apartment,Freehold,Non Bumi Lot,Medium,Selangor
263000,953.0,3.0,2.0,1.0,5,0,0,0,0,0,0,0,Apartment,Freehold,Non Bumi Lot,Medium,Johor
168000,750.0,3.0,2.0,1.0,1,0,0,0,0,0,0,0,Apartment,Freehold,Non Bumi Lot,Low,Johor
530000,1152.0,3.0,2.0,1.0,10,0,0,0,0,1,1,1,Others,Leasehold,Non Bumi Lot,Low,Selangor
950000,1334.0,3.0,2.0,2.0,12,1,0,0,0,0,1,0,Condominium,Freehold,Non Bumi Lot,Medium,Selangor
375000,705.0,1.0,1.0,1.0,11,1,0,1,0,1,1,0,Service Residence,Freehold,Non Bumi Lot,Unknown,Kuala Lumpur
200000,689.0,3.0,2.0,1.0,4,0,0,0,0,0,0,0,Apartment,Freehold,Non Bumi Lot,Medium,Penang
580000,1700.0,3.0,2.0,1.0,0,0,0,0,0,0,0,0,Condominium,Leasehold,Non Bumi Lot,High,Sarawak
228000,958.0,3.0,2.0,1.0,6,0,0,0,0,0,0,0,Apartment,Leasehold,Bumi Lot,High,Johor
368000,965.0,3.0,2.0,1.0,4,1,0,0,0,0,0,0,Condominium,Leasehold,Bumi Lot,Unknown,Selangor
530000,1120.0,3.0,2.0,1.0,5,0,0,0,0,0,0,0,Apartment,Leasehold,Non Bumi Lot,Medium,Sarawak
670000,1654.0,4.0,3.0,2.0,11,0,0,0,0,0,0,0,Condominium,Freehold,Non Bumi Lot,Medium,Putrajaya
295000,1000.0,3.0,2.0,1.0,7,0,0,0,0,0,0,1,Apartment,Freehold,Non Bumi Lot,Low,Selangor
320000,700.0,3.0,2.0,1.0,6,0,0,0,0,0,0,0,Condominium,Freehold,Non Bumi Lot,Medium,Penang
410000,1400.0,3.0,2.0,2.0,3,1,0,0,0,0,1,0,Others,Leasehold,Non Bumi Lot,Unknown,Selangor
100000,650.0,3.0,2.0,1.0,0,1,0,0,0,0,0,0,Apartment,Freehold,Non Bumi Lot,Low,Selangor
148000,560.0,2.0,1.0,3.0,3,1,0,0,1,1,1,0,Flat,Leasehold,Bumi Lot,High,Kuala Lumpur
380500,900.0,3.0,2.0,2.0,14,0,0,0,0,0,0,0,Service Residence,Leasehold,Non Bumi Lot,Unknown,Selangor
620000,1598.0,3.0,2.0,2.0,7,0,0,0,0,0,0,0,Condominium,Freehold,Non Bumi Lot,Medium,Penang
380000,900.0,3.0,2.0,2.0,14,0,0,0,0,0,0,0,Service Residence,Leasehold,Non Bumi Lot,Unknown,Selangor
380300,900.0,3.0,2.0,2.0,14,0,0,0,0,0,0,0,Service Residence,Leasehold,Non Bumi Lot,Unknown,Selangor
280000,1001.0,3.0,2.0,2.0,5,0,0,0,0,0,0,0,Apartment,Freehold,Non Bumi Lot,Medium,Selangor
300000,850.0,3.0,2.0,1.0,0,0,0,0,0,0,0,0,Apartment,Freehold,Non Bumi Lot,High,Johor
298000,1180.0,4.0,2.0,1.0,8,0,0,0,0,0,0,0,Apartment,Freehold,Non Bumi Lot,Medium,Johor
469000,1385.0,4.0,2.0,1.0,5,0,0,0,0,0,0,0,Apartment,Freehold,Non Bumi Lot,Low,Johor
270000,800.0,3.0,2.0,1.0,1,0,0,0,0,0,0,0,Apartment,Freehold,Non Bumi Lot,Low,Selangor
320000,983.0,3.0,2.0,1.0,8,0,0,0,0,0,0,0,Condominium,Freehold,Bumi Lot,Medium,Melaka
550000,1515.0,3.0,3.0,1.0,11,0,0,0,0,0,0,0,Condominium,Freehold,Non Bumi Lot,Low,Putrajaya
470000,1711.0,3.0,3.0,1.0,0,0,0,0,0,0,0,0,Condominium,Leasehold,Non Bumi Lot,High,Sarawak
245000,850.0,3.0,2.0,1.0,2,0,0,0,0,0,0,0,Condominium,Leasehold,Non Bumi Lot,Medium,Selangor
580000,1667.0,3.0,3.0,1.0,0,0,0,0,0,0,0,0,Condominium,Leasehold,Non Bumi Lot,High,Sarawak
650000,2020.0,5.0,2.0,2.0,0,0,0,0,0,0,0,0,Condominium,Leasehold,Non Bumi Lot,High,Sarawak
369900,1012.0,3.0,2.0,3.0,10,1,0,0,1,0,0,0,Service Residence,Freehold,Non Bumi Lot,Medium,Selangor
320000,650.0,3.0,2.0,1.0,3,0,0,0,0,0,0,0,Apartment,Freehold,Non Bumi Lot,Medium,Penang
220000,650.0,3.0,2.0,1.0,2,1,0,1,0,0,1,0,Apartment,Freehold,Bumi Lot,Medium,Selangor
220000,477.0,1.0,1.0,1.0,9,0,0,0,0,0,0,0,Service Residence,Freehold,Non Bumi Lot,Low,Selangor
320000,1117.0,3.0,2.0,1.0,6,0,0,0,0,0,0,0,Apartment,Freehold,Bumi Lot,Unknown,Perak
118000,516.0,2.0,1.0,1.0,0,0,0,0,0,0,0,0,Flat,Freehold,Non Bumi Lot,Unknown,Johor
125000,494.0,2.0,1.0,1.0,0,0,0,0,0,0,0,0,Flat,Freehold,Non Bumi Lot,High,Johor
530000,1200.0,3.0,3.0,2.0,14,0,0,0,0,0,0,0,Condominium,Freehold,Non Bumi Lot,Medium,Kuala Lumpur
518000,1300.0,4.0,3.0,3.0,14,0,0,0,0,0,0,0,Service Residence,Freehold,Non Bumi Lot,Medium,Kuala Lumpur
110000,526.0,2.0,1.0,1.0,0,0,0,0,0,0,0,0,Flat,Freehold,Non Bumi Lot,Low,Johor
659900,1261.0,3.0,2.0,2.0,10,1,1,0,1,1,0,0,Condominium,Freehold,Non Bumi Lot,High,Kuala Lumpur
738000,1690.0,3.0,3.0,2.0,10,0,0,0,0,0,0,0,Condominium,Freehold,Bumi Lot,Low,Kuala Lumpur
545000,1300.0,4.0,3.0,1.0,14,0,0,0,0,0,0,0,Service Residence,Freehold,Non Bumi Lot,Medium,Kuala Lumpur
97999,675.0,3.0,2.0,1.0,2,0,0,0,0,0,0,0,Apartment,Leasehold,Non Bumi Lot,High,Kuala Lumpur
128000,610.0,3.0,2.0,1.0,0,0,0,0,0,0,0,0,Flat,Leasehold,Non Bumi Lot,Low,Johor
230000,850.0,3.0,2.0,1.0,0,0,0,0,0,0,0,0,Apartment,Freehold,Non Bumi Lot,Low,Johor
450000,1000.0,3.0,2.0,1.0,11,1,0,0,0,1,1,0,Apartment,Leasehold,Non Bumi Lot,Medium,Kuala Lumpur
445000,1000.0,3.0,2.0,2.0,6,1,0,0,0,1,1,0,Apartment,Leasehold,Non Bumi Lot,Medium,Kuala Lumpur
205000,434.0,1.0,1.0,1.0,0,0,0,0,0,0,0,0,Service Residence,Freehold,Non Bumi Lot,High,Johor
135000,750.0,3.0,2.0,1.0,0,0,0,0,0,0,0,0,Flat,Freehold,Non Bumi Lot,Medium,Johor
120000,525.0,2.0,1.0,1.0,0,0,0,0,0,0,0,0,Flat,Freehold,Non Bumi Lot,Low,Johor
290000,929.0,3.0,2.0,2.0,7,0,0,0,0,0,0,0,Apartment,Leasehold,Bumi Lot,Unknown,Negeri Sembilan
550000,1515.0,3.0,3.0,1.0,13,0,0,0,0,0,0,0,Condominium,Freehold,Non Bumi Lot,High,Putrajaya
548000,1350.0,3.0,2.0,2.0,9,0,0,0,0,0,0,0,Service Residence,Freehold,Non Bumi Lot,Medium,Melaka
350000,1065.0,3.0,2.0,1.0,0,0,0,0,0,0,0,0,Service Residence,Freehold,Non Bumi Lot,Medium,Johor
350000,876.0,2.0,2.0,1.0,0,0,0,0,0,0,0,0,Condominium,Leasehold,Non Bumi Lot,Unknown,Johor
560000,1066.0,3.0,2.0,2.0,7,1,0,0,0,0,0,0,Condominium,Freehold,Non Bumi Lot,Unknown,Selangor
245000,678.0,1.0,1.0,1.0,0,0,0,0,0,0,0,0,Condominium,Leasehold,Non Bumi Lot,Medium,Johor
298000,850.0,3.0,2.0,1.0,7,0,0,0,0,0,0,0,Apartment,Leasehold,Non Bumi Lot,Low,Sabah
650000,753.0,3.0,2.0,2.0,10,0,0,0,0,0,0,0,Service Residence,Freehold,Non Bumi Lot,High,Penang
1095000,2896.0,6.0,5.0,1.0,5,0,0,0,0,0,0,0,Others,Freehold,Non Bumi Lot,Low,Selangor
200000,1001.0,3.0,2.0,1.0,1,0,0,0,0,0,0,0,Apartment,Freehold,Non Bumi Lot,High,Melaka
437400,1654.0,3.0,3.0,2.0,11,0,0,0,0,0,0,0,Condominium,Freehold,Non Bumi Lot,Low,Putrajaya
620000,1668.0,3.0,3.0,2.0,11,0,0,0,0,0,0,0,Condominium,Freehold,Non Bumi Lot,Low,Unknown
290000,861.0,3.0,2.0,1.0,2,0,0,0,0,0,0,0,Apartment,Freehold,Bumi Lot,Medium,Johor
225500,1053.0,3.0,2.0,2.0,5,0,0,0,0,0,0,0,Apartment,Freehold,Non Bumi Lot,Unknown,Selangor
465500,1081.0,3.0,2.0,2.0,10,1,0,0,0,1,1,0,Condominium,Freehold,Non Bumi Lot,Unknown,Kuala Lumpur
250000,900.0,3.0,2.0,1.0,8,1,1,1,1,1,1,1,Condominium,Freehold,Non Bumi Lot,Medium,Kuala Lumpur
850000,1100.0,2.0,2.0,3.0,5,0,0,0,0,0,0,0,Service Residence,Freehold,Non Bumi Lot,Unknown,Penang
300000,1011.0,3.0,2.0,2.0,10,1,0,0,1,0,0,0,Service Residence,Freehold,Non Bumi Lot,High,Selangor
488000,1190.0,3.0,2.0,1.0,8,0,0,0,0,0,0,0,Condominium,Freehold,Bumi Lot,Low,Selangor
335000,850.0,3.0,2.0,1.0,3,0,0,0,0,0,0,0,Service Residence,Leasehold,Non Bumi Lot,Low,Johor
368000,450.0,1.0,1.0,1.0,10,1,0,0,0,1,1,0,Service Residence,Freehold,Non Bumi Lot,Medium,Selangor
340000,818.0,3.0,2.0,1.0,8,1,1,0,1,0,0,0,Service Residence,Leasehold,Non Bumi Lot,High,Kuala Lumpur
447000,850.0,3.0,2.0,1.0,13,0,0,0,0,0,0,0,Condominium,Leasehold,Non Bumi Lot,Unknown,Penang
450000,950.0,3.0,2.0,2.0,4,1,1,0,1,1,1,0,Service Residence,Freehold,Non Bumi Lot,Medium,Kuala Lumpur
178000,776.0,3.0,2.0,1.0,6,0,0,0,0,0,0,0,Apartment,Leasehold,Non Bumi Lot,Low,Selangor
220000,650.0,3.0,1.0,1.0,3,1,0,1,0,0,1,0,Apartment,Freehold,Bumi Lot,Medium,Selangor
245000,850.0,3.0,2.0,1.0,1,0,0,0,0,0,0,0,Condominium,Leasehold,Non Bumi Lot,Medium,Selangor
300000,932.0,3.0,2.0,1.0,8,0,0,0,0,0,0,0,Condominium,Freehold,Non Bumi Lot,Medium,Selangor
230000,656.0,3.0,2.0,1.0,2,0,0,0,0,0,0,0,Apartment,Leasehold,Non Bumi Lot,High,Penang
630000,1340.0,4.0,2.0,1.0,7,1,1,1,1,1,0,0,Condominium,Leasehold,Bumi Lot,Low,Kuala Lumpur
150000,688.0,3.0,2.0,1.0,1,0,0,0,0,1,0,0,Flat,Leasehold,Bumi Lot,Low,Selangor
235000,603.0,3.0,1.0,1.0,3,1,1,0,1,1,1,0,Apartment,Leasehold,Bumi Lot,High,Kuala Lumpur
450000,1048.0,3.0,2.0,2.0,10,1,0,0,0,0,1,0,Apartment,Leasehold,Bumi Lot,Low,Kuala Lumpur
345000,800.0,3.0,2.0,1.0,7,0,0,0,0,0,0,0,Apartment,Freehold,Non Bumi Lot,Unknown,Penang
345000,750.0,3.0,2.0,1.0,7,0,0,0,0,0,0,0,Apartment,Freehold,Non Bumi Lot,Unknown,Penang
276000,650.0,3.0,2.0,1.0,0,0,0,0,0,0,0,0,Apartment,Leasehold,Non Bumi Lot,Unknown,Penang
260000,700.0,3.0,2.0,1.0,2,0,0,0,0,0,0,0,Apartment,Freehold,Non Bumi Lot,Medium,Penang
300000,970.0,3.0,2.0,1.0,6,0,0,0,0,0,0,0,Apartment,Leasehold,Non Bumi Lot,Medium,Penang
555000,1200.0,3.0,2.0,2.0,6,0,0,0,0,0,0,0,Condominium,Freehold,Non Bumi Lot,Low,Penang
290000,900.0,3.0,2.0,1.0,7,0,0,0,0,0,0,0,Apartment,Freehold,Non Bumi Lot,Medium,Melaka
339000,1021.0,3.0,2.0,1.0,2,1,1,0,0,1,1,0,Condominium,Freehold,Non Bumi Lot,Medium,Kuala Lumpur
288000,810.0,3.0,2.0,1.0,4,1,0,0,0,0,1,0,Condominium,Freehold,Non Bumi Lot,Unknown,Kuala Lumpur
220000,1046.0,3.0,2.0,1.0,7,0,0,0,0,0,0,0,Condominium,Leasehold,Non Bumi Lot,Medium,Selangor
560000,1045.0,3.0,3.0,1.0,10,1,0,0,1,1,0,0,Condominium,Leasehold,Non Bumi Lot,Medium,Kuala Lumpur
380000,700.0,3.0,2.0,1.0,8,0,0,0,0,0,0,0,Apartment,Freehold,Non Bumi Lot,Unknown,Penang
340000,700.0,3.0,2.0,1.0,8,0,0,0,0,0,0,0,Apartment,Freehold,Non Bumi Lot,Unknown,Penang
400000,900.0,3.0,2.0,2.0,0,0,0,0,0,0,0,0,Condominium,Freehold,Non Bumi Lot,Unknown,Penang
350000,700.0,3.0,2.0,1.0,8,0,0,0,0,0,0,0,Apartment,Freehold,Non Bumi Lot,Unknown,Penang
250000,750.0,3.0,2.0,1.0,6,0,0,0,0,0,0,0,Condominium,Freehold,Non Bumi Lot,Unknown,Penang
260000,650.0,3.0,2.0,1.0,0,0,0,0,0,0,0,0,Flat,Freehold,Non Bumi Lot,Unknown,Penang
399000,800.0,2.0,2.0,1.0,8,0,0,0,0,0,0,0,Condominium,Freehold,Non Bumi Lot,Unknown,Penang
329000,1082.0,3.0,3.0,1.0,10,0,0,0,0,0,0,0,Condominium,Freehold,Non Bumi Lot,Low,Selangor
550000,1050.0,3.0,2.0,1.0,3,0,0,0,0,0,0,0,Condominium,Freehold,Non Bumi Lot,Low,Penang
190000,750.0,3.0,2.0,1.0,0,0,0,0,0,0,0,0,Apartment,Leasehold,Non Bumi Lot,High,Penang
125000,500.0,2.0,1.0,1.0,0,0,0,0,0,0,0,0,Flat,Freehold,Bumi Lot,High,Penang
538000,1539.0,4.0,3.0,2.0,11,0,0,0,0,0,0,0,Condominium,Freehold,Non Bumi Lot,Medium,Selangor
320000,800.0,3.0,2.0,1.0,7,0,0,0,0,0,0,0,Apartment,Freehold,Non Bumi Lot,Unknown,Penang
303000,800.0,3.0,2.0,1.0,7,0,0,0,0,0,0,0,Apartment,Freehold,Non Bumi Lot,Unknown,Penang
320000,800.0,3.0,2.0,1.0,0,0,0,0,0,0,0,0,Condominium,Freehold,Non Bumi Lot,Unknown,Penang
150000,550.0,2.0,2.0,1.0,0,0,0,0,0,0,0,0,Apartment,Leasehold,Non Bumi Lot,Low,Johor
270000,904.0,3.0,2.0,1.0,6,0,0,0,0,0,0,0,Apartment,Leasehold,Non Bumi Lot,Unknown,Penang
300000,1000.0,3.0,2.0,1.0,6,0,0,0,0,0,0,0,Condominium,Freehold,Bumi Lot,Low,Sabah
570000,622.0,1.0,1.0,1.0,5,1,0,1,0,1,1,0,Service Residence,Leasehold,Non Bumi Lot,High,Kuala Lumpur
420000,800.0,3.0,2.0,1.0,6,0,0,0,0,0,0,0,Apartment,Freehold,Non Bumi Lot,Unknown,Penang
348000,640.0,1.0,1.0,1.0,11,0,0,0,0,0,0,0,Condominium,Freehold,Non Bumi Lot,High,Johor
365000,922.0,3.0,2.0,1.0,8,0,0,0,0,0,0,0,Apartment,Freehold,Non Bumi Lot,High,Selangor
420000,1045.0,3.0,2.0,1.0,10,0,0,0,0,0,0,0,Apartment,Freehold,Non Bumi Lot,High,Johor
547000,2293.0,5.0,4.0,2.0,14,0,0,0,0,0,0,0,Condominium,Freehold,Non Bumi Lot,Unknown,Selangor
488000,1722.0,4.0,2.0,1.0,9,0,0,0,0,0,0,0,Condominium,Freehold,Non Bumi Lot,Low,Johor
170000,760.0,3.0,2.0,1.0,13,0,0,0,0,0,0,0,Apartment,Freehold,Non Bumi Lot,High,Selangor
530000,1000.0,3.0,2.0,1.0,0,0,0,0,0,0,0,0,Condominium,Freehold,Non Bumi Lot,Unknown,Penang
320000,1288.0,3.0,2.0,1.0,7,0,0,0,0,0,0,0,Condominium,Freehold,Non Bumi Lot,Medium,Selangor
443000,950.0,3.0,2.0,2.0,8,0,0,0,0,0,0,0,Service Residence,Freehold,Non Bumi Lot,Medium,Johor
250000,852.0,3.0,2.0,1.0,11,1,0,0,0,1,1,0,Apartment,Leasehold,Non Bumi Lot,Medium,Selangor
1500000,1378.0,2.0,3.0,1.0,7,0,0,0,0,0,0,0,Condominium,Leasehold,Non Bumi Lot,Unknown,Sarawak
700000,1000.0,3.0,2.0,1.0,5,0,0,0,0,0,0,0,Apartment,Leasehold,Non Bumi Lot,Medium,Sarawak
480000,947.0,2.0,2.0,2.0,10,0,0,0,0,0,0,0,Service Residence,Freehold,Non Bumi Lot,Unknown,Penang
688000,1257.0,3.0,2.0,2.0,10,1,1,0,0,0,0,0,Service Residence,Leasehold,Non Bumi Lot,High,Kuala Lumpur
300000,1038.0,3.0,2.0,2.0,8,1,0,0,1,0,0,0,Service Residence,Freehold,Non Bumi Lot,Medium,Selangor
1500000,1000.0,3.0,2.0,2.0,8,0,0,0,0,0,0,0,Condominium,Freehold,Non Bumi Lot,Unknown,Penang
780000,1600.0,4.0,3.0,1.0,6,0,0,0,0,0,0,0,Condominium,Freehold,Non Bumi Lot,Unknown,Penang
950000,1352.0,3.0,2.0,2.0,6,0,0,0,0,0,0,0,Condominium,Freehold,Non Bumi Lot,Unknown,Penang
532000,1171.0,3.0,2.0,1.0,11,0,0,1,0,0,1,0,Condominium,Leasehold,Non Bumi Lot,Low,Kuala Lumpur
395000,1155.0,3.0,2.0,3.0,9,0,0,0,0,0,0,0,Condominium,Freehold,Non Bumi Lot,High,Penang
578000,1422.0,4.0,3.0,1.0,9,0,0,0,0,0,0,0,Condominium,Leasehold,Non Bumi Lot,Unknown,Selangor
320000,1012.0,3.0,2.0,2.0,10,1,0,0,1,0,0,0,Service Residence,Freehold,Non Bumi Lot,Medium,Selangor
750000,1432.0,3.0,2.0,2.0,7,0,0,0,0,0,0,0,Condominium,Leasehold,Non Bumi Lot,High,Sarawak
600000,933.0,3.0,2.0,1.0,5,0,0,0,0,0,0,0,Service Residence,Leasehold,Non Bumi Lot,High,Sarawak
575000,815.0,2.0,2.0,2.0,6,0,0,0,0,0,0,0,Condominium,Leasehold,Non Bumi Lot,High,Sarawak
495000,933.0,3.0,2.0,2.0,7,0,0,0,0,0,0,0,Service Residence,Leasehold,Non Bumi Lot,Medium,Sarawak
715000,1004.0,3.0,2.0,1.0,8,0,0,0,0,0,0,0,Condominium,Leasehold,Non Bumi Lot,High,Sarawak
500000,590.0,2.0,1.0,1.0,0,0,0,0,0,0,0,0,Apartment,Leasehold,Non Bumi Lot,Unknown,Sarawak
299900,852.0,3.0,2.0,1.0,6,1,0,0,0,1,1,0,Apartment,Leasehold,Non Bumi Lot,High,Selangor
270000,800.0,3.0,2.0,1.0,2,0,0,0,0,0,0,0,Apartment,Freehold,Non Bumi Lot,Low,Selangor
510000,1000.0,3.0,2.0,1.0,0,0,0,0,0,0,0,0,Condominium,Freehold,Non Bumi Lot,Unknown,Penang
65000,743.0,3.0,2.0,2.0,0,0,0,0,0,0,0,0,Flat,Freehold,Non Bumi Lot,High,Johor
930000,1464.0,4.0,3.0,2.0,7,0,0,0,0,0,0,0,Condominium,Leasehold,Non Bumi Lot,Unknown,Penang
299900,852.0,3.0,2.0,1.0,6,1,0,0,0,1,1,0,Apartment,Leasehold,Non Bumi Lot,High,Selangor
1030000,1400.0,3.0,3.0,2.0,0,0,0,0,0,0,0,0,Condominium,Freehold,Non Bumi Lot,Unknown,Penang
470000,1936.0,3.0,2.0,3.0,1,1,0,0,1,0,0,0,Apartment,Leasehold,Non Bumi Lot,Unknown,Selangor
2680000,2101.0,3.0,4.0,2.0,11,0,0,0,0,0,0,0,Condominium,Freehold,Non Bumi Lot,High,Penang
220000,753.0,3.0,2.0,1.0,12,0,1,0,0,1,1,0,Service Residence,Leasehold,Non Bumi Lot,Low,Selangor
225000,712.0,2.0,1.0,1.0,5,0,0,0,0,0,0,0,Apartment,Leasehold,Non Bumi Lot,Medium,Sabah
368000,925.0,3.0,2.0,1.0,6,1,0,0,0,1,1,0,Apartment,Freehold,Non Bumi Lot,Low,Selangor
550000,1200.0,3.0,3.0,2.0,5,1,1,0,1,1,1,0,Condominium,Freehold,Non Bumi Lot,Unknown,Kuala Lumpur
320000,850.0,3.0,2.0,1.0,3,0,0,0,0,0,0,0,Apartment,Leasehold,Bumi Lot,Low,Selangor
268000,1055.0,3.0,2.0,2.0,14,0,0,0,0,0,0,0,Apartment,Freehold,Non Bumi Lot,High,Selangor
330000,900.0,3.0,2.0,1.0,13,0,0,0,0,0,0,0,Apartment,Freehold,Bumi Lot,Low,Selangor
275000,750.0,3.0,2.0,1.0,14,1,0,0,0,0,1,0,Apartment,Freehold,Bumi Lot,High,Selangor
300000,1023.0,3.0,2.0,2.0,14,0,0,0,0,0,0,0,Condominium,Freehold,Bumi Lot,High,Selangor
266000,850.0,3.0,2.0,1.0,14,1,0,0,0,1,1,0,Apartment,Leasehold,Bumi Lot,High,Selangor
230000,883.0,3.0,2.0,1.0,4,1,0,0,0,0,1,0,Apartment,Leasehold,Non Bumi Lot,Medium,Selangor
168000,732.0,3.0,1.0,1.0,1,1,0,0,0,0,1,0,Apartment,Leasehold,Non Bumi Lot,Unknown,Selangor
300000,800.0,3.0,2.0,1.0,4,1,1,0,1,0,1,0,Condominium,Freehold,Non Bumi Lot,Medium,Selangor
355000,1173.0,3.0,2.0,1.0,6,1,1,0,0,1,1,0,Condominium,Leasehold,Bumi Lot,Medium,Selangor
185000,650.0,3.0,1.0,1.0,3,1,0,0,0,1,1,0,Apartment,Freehold,Non Bumi Lot,Unknown,Kuala Lumpur
550000,1650.0,4.0,2.0,1.0,6,0,0,0,0,0,0,0,Condominium,Freehold,Non Bumi Lot,High,Penang
430000,657.0,2.0,1.0,1.0,6,0,1,0,0,0,1,0,Service Residence,Leasehold,Non Bumi Lot,Unknown,Selangor
390000,850.0,3.0,2.0,2.0,6,0,0,0,0,0,0,0,Apartment,Freehold,Non Bumi Lot,Low,Penang
140000,652.0,3.0,2.0,1.0,0,0,0,0,0,0,0,0,Apartment,Freehold,Bumi Lot,Low,Selangor
386000,946.0,3.0,2.0,1.0,9,0,0,0,0,0,0,0,Condominium,Leasehold,Bumi Lot,Medium,Kuala Lumpur
245000,600.0,1.0,1.0,1.0,6,1,1,0,1,0,1,0,Service Residence,Leasehold,Non Bumi Lot,Unknown,Selangor
394000,1100.0,3.0,2.0,2.0,14,0,0,0,0,0,0,0,Condominium,Freehold,Non Bumi Lot,Medium,Selangor
380000,1334.0,3.0,2.0,1.0,3,0,0,0,0,0,0,0,Condominium,Freehold,Non Bumi Lot,Unknown,Penang
930000,2809.0,4.0,3.0,2.0,11,0,0,0,0,0,0,0,Condominium,Freehold,Non Bumi Lot,High,Putrajaya
295000,700.0,3.0,2.0,1.0,5,0,0,0,0,0,0,0,Apartment,Freehold,Non Bumi Lot,Unknown,Penang
488000,1100.0,3.0,2.0,1.0,10,1,1,0,1,1,1,0,Condominium,Freehold,Non Bumi Lot,Medium,Kuala Lumpur
530000,1100.0,3.0,2.0,2.0,0,0,0,0,0,0,0,0,Condominium,Freehold,Non Bumi Lot,Low,Penang
200500,400.0,1.0,1.0,1.0,14,0,0,0,0,0,0,0,Studio,Leasehold,Non Bumi Lot,Unknown,Selangor
335000,680.0,3.0,2.0,1.0,3,0,0,0,0,0,0,0,Apartment,Freehold,Non Bumi Lot,Medium,Penang
350000,850.0,3.0,2.0,1.0,7,0,0,0,0,0,0,0,Apartment,Freehold,Non Bumi Lot,High,Penang
370000,750.0,3.0,2.0,1.0,2,0,0,0,0,0,0,0,Apartment,Freehold,Non Bumi Lot,Unknown,Penang
135000,600.0,3.0,1.0,1.0,2,0,0,0,0,0,0,0,Apartment,Freehold,Non Bumi Lot,Unknown,Penang
645000,1349.0,4.0,2.0,1.0,6,0,0,0,0,0,0,0,Condominium,Freehold,Non Bumi Lot,Low,Penang
200200,400.0,1.0,1.0,1.0,14,0,0,0,0,0,0,0,Studio,Leasehold,Non Bumi Lot,Unknown,Selangor
485000,1282.0,4.0,3.0,2.0,13,1,1,0,0,1,1,0,Condominium,Freehold,Non Bumi Lot,High,Selangor
350000,430.0,2.0,2.0,1.0,0,1,1,1,1,1,1,0,Service Residence,Freehold,Non Bumi Lot,Unknown,Kuala Lumpur
200000,400.0,1.0,1.0,1.0,14,0,0,0,0,0,0,0,Studio,Leasehold,Non Bumi Lot,Unknown,Selangor
505000,953.0,3.0,2.0,1.0,11,1,0,0,0,0,1,0,Condominium,Freehold,Non Bumi Lot,Unknown,Selangor
468000,657.0,2.0,1.0,1.0,6,0,1,0,0,0,1,0,Service Residence,Leasehold,Non Bumi Lot,Unknown,Selangor
280000,1001.0,2.0,2.0,1.0,13,0,1,1,0,0,0,0,Condominium,Leasehold,Non Bumi Lot,Low,Selangor
250000,957.0,3.0,2.0,1.0,5,0,0,0,0,0,0,1,Apartment,Freehold,Bumi Lot,Low,Selangor
360000,910.0,3.0,2.0,3.0,9,1,0,0,1,0,1,0,Condominium,Leasehold,Non Bumi Lot,Unknown,Selangor
390000,1100.0,3.0,2.0,2.0,14,0,0,0,0,0,0,0,Condominium,Freehold,Non Bumi Lot,Medium,Selangor
324000,775.0,3.0,2.0,1.0,6,1,0,0,0,1,0,0,Apartment,Leasehold,Non Bumi Lot,High,Kuala Lumpur
325000,850.0,3.0,2.0,2.0,9,0,0,0,0,0,0,0,Condominium,Freehold,Non Bumi Lot,Medium,Selangor
365000,925.0,3.0,2.0,1.0,8,0,0,0,0,0,0,0,Service Residence,Leasehold,Bumi Lot,Medium,Kuala Lumpur
229999,1000.0,3.0,2.0,1.0,3,0,0,0,0,0,0,0,Apartment,Leasehold,Bumi Lot,Medium,Johor
360000,1049.0,3.0,2.0,1.0,6,0,0,0,0,0,0,0,Condominium,Leasehold,Bumi Lot,High,Selangor
355000,1173.0,3.0,2.0,1.0,8,1,1,0,0,1,1,0,Condominium,Leasehold,Bumi Lot,Medium,Selangor
340000,700.0,3.0,2.0,1.0,10,0,0,0,0,0,0,0,Condominium,Freehold,Non Bumi Lot,Medium,Penang
489000,1144.0,3.0,2.0,1.0,7,0,0,0,0,0,0,0,Service Residence,Leasehold,Non Bumi Lot,High,Johor
99000,700.0,3.0,2.0,2.0,0,0,0,0,0,0,0,0,Apartment,Leasehold,Bumi Lot,Medium,Selangor
175000,650.0,3.0,2.0,1.0,4,0,0,0,0,0,0,0,Flat,Leasehold,Non Bumi Lot,Unknown,Penang
380790,797.0,2.0,2.0,1.0,6,0,0,0,0,0,0,0,Condominium,Leasehold,Non Bumi Lot,High,Johor
170000,750.0,3.0,2.0,1.0,6,0,0,0,0,0,0,0,Apartment,Freehold,Non Bumi Lot,Low,Selangor
295000,950.0,3.0,2.0,1.0,6,0,0,0,0,0,0,0,Apartment,Leasehold,Non Bumi Lot,Unknown,Penang
499000,1250.0,3.0,2.0,2.0,8,0,0,0,0,0,0,0,Condominium,Freehold,Non Bumi Lot,High,Selangor
610000,881.0,3.0,2.0,2.0,9,1,0,0,1,1,0,0,Service Residence,Freehold,Bumi Lot,Medium,Kuala Lumpur
1059888,1557.0,3.0,3.0,2.0,7,0,0,0,0,0,0,0,Condominium,Leasehold,Non Bumi Lot,Medium,Sabah
549000,1335.0,3.0,2.0,2.0,10,0,0,0,0,0,0,0,Condominium,Freehold,Non Bumi Lot,Medium,Selangor
285000,811.0,3.0,2.0,1.0,5,0,0,1,0,1,0,0,Condominium,Freehold,Non Bumi Lot,Medium,Selangor
456000,926.0,3.0,2.0,2.0,9,0,0,0,0,0,0,0,Service Residence,Freehold,Non Bumi Lot,Low,Selangor
520000,1073.0,3.0,2.0,2.0,14,1,1,0,1,0,1,0,Condominium,Leasehold,Non Bumi Lot,Unknown,Kuala Lumpur
400000,997.0,3.0,2.0,1.0,13,0,0,0,0,0,0,0,Condominium,Freehold,Non Bumi Lot,Low,Kuala Lumpur
1480000,1200.0,3.0,2.0,2.0,12,0,0,0,0,0,0,0,Condominium,Freehold,Non Bumi Lot,High,Penang
1450000,1200.0,3.0,2.0,2.0,10,0,0,0,0,0,0,0,Condominium,Freehold,Non Bumi Lot,Medium,Penang
379000,900.0,3.0,2.0,1.0,5,1,1,0,1,1,1,0,Apartment,Freehold,Bumi Lot,Low,Selangor
1338000,1850.0,4.0,4.0,2.0,8,0,0,0,0,0,0,0,Condominium,Leasehold,Non Bumi Lot,Medium,Sabah
360000,1002.0,3.0,2.0,1.0,0,0,0,0,0,0,0,0,Apartment,Freehold,Non Bumi Lot,Low,Penang
380000,820.0,2.0,2.0,1.0,9,0,0,0,0,0,0,0,Apartment,Freehold,Non Bumi Lot,Medium,Johor
210000,1001.0,3.0,2.0,1.0,0,0,0,0,0,0,0,0,Apartment,Leasehold,Non Bumi Lot,High,Johor
520000,2124.0,3.0,4.0,1.0,10,0,0,0,0,0,0,0,Apartment,Freehold,Non Bumi Lot,High,Johor
772090,798.0,2.0,2.0,1.0,13,0,0,0,0,0,0,0,Service Residence,Freehold,Non Bumi Lot,High,Johor
950000,2214.0,4.0,3.0,4.0,11,1,1,0,0,1,1,0,Service Residence,Freehold,Non Bumi Lot,High,Selangor
515000,982.0,3.0,2.0,2.0,10,0,0,0,0,0,0,0,Condominium,Leasehold,Non Bumi Lot,Medium,Sabah
408000,1000.0,3.0,2.0,1.0,9,0,0,0,0,0,0,0,Condominium,Leasehold,Non Bumi Lot,Medium,Sabah
620000,1165.0,3.0,2.0,2.0,10,0,0,0,0,0,0,0,Condominium,Freehold,Non Bumi Lot,Unknown,Penang
300000,800.0,3.0,2.0,1.0,11,1,1,1,0,1,1,0,Service Residence,Leasehold,Non Bumi Lot,Medium,Kuala Lumpur
380000,1000.0,3.0,2.0,1.0,6,0,0,0,0,0,0,0,Condominium,Leasehold,Non Bumi Lot,Low,Kuala Lumpur
259999,755.0,3.0,2.0,1.0,8,0,0,0,0,0,0,0,Condominium,Freehold,Non Bumi Lot,Medium,Kuala Lumpur
240000,1080.0,3.0,2.0,1.0,0,0,0,0,0,0,0,0,Apartment,Freehold,Non Bumi Lot,Medium,Selangor
360000,1049.0,3.0,2.0,1.0,0,1,0,0,0,1,1,0,Condominium,Leasehold,Bumi Lot,High,Selangor
250000,883.0,3.0,2.0,1.0,9,0,0,0,0,0,0,0,Condominium,Leasehold,Non Bumi Lot,Low,Selangor
350000,703.0,2.0,2.0,1.0,11,0,0,0,0,0,0,0,Condominium,Freehold,Non Bumi Lot,Medium,Penang
142000,519.0,2.0,1.0,1.0,3,1,1,1,1,0,1,0,Flat,Leasehold,Bumi Lot,High,Selangor
410000,1000.0,3.0,2.0,2.0,9,0,0,0,0,0,0,0,Condominium,Freehold,Non Bumi Lot,Medium,Penang
415000,1000.0,3.0,2.0,2.0,9,0,0,0,0,0,0,0,Condominium,Freehold,Non Bumi Lot,Medium,Penang
230000,950.0,3.0,2.0,1.0,4,1,0,0,0,1,1,0,Apartment,Leasehold,Non Bumi Lot,Low,Selangor
280000,820.0,3.0,2.0,2.0,3,1,0,0,0,0,1,0,Apartment,Freehold,Bumi Lot,Low,Selangor
260000,573.0,1.0,1.0,1.0,0,0,0,0,0,0,0,0,Condominium,Freehold,Non Bumi Lot,Unknown,Johor
180000,650.0,3.0,1.0,1.0,1,1,0,0,0,0,0,0,Apartment,Leasehold,Bumi Lot,Low,Selangor
365000,925.0,3.0,2.0,1.0,9,0,0,0,0,0,0,0,Service Residence,Leasehold,Bumi Lot,High,Kuala Lumpur
300000,860.0,3.0,2.0,1.0,0,0,0,0,0,0,0,0,Apartment,Freehold,Non Bumi Lot,Medium,Penang
170000,650.0,3.0,2.0,1.0,0,1,0,1,0,1,0,0,Flat,Leasehold,Non Bumi Lot,Unknown,Kuala Lumpur
338000,1184.0,3.0,2.0,1.0,0,0,0,0,0,0,0,0,Apartment,Freehold,Non Bumi Lot,Unknown,Johor
330000,1184.0,3.0,2.0,1.0,0,0,0,0,0,0,0,0,Apartment,Freehold,Non Bumi Lot,Unknown,Johor
366000,541.0,1.0,1.0,2.0,14,0,0,0,0,0,0,0,Service Residence,Leasehold,Non Bumi Lot,Medium,Johor
338000,1184.0,3.0,2.0,1.0,0,0,0,0,0,0,0,0,Apartment,Freehold,Non Bumi Lot,Unknown,Johor
394000,1050.0,3.0,2.0,2.0,14,0,0,0,0,0,0,0,Condominium,Freehold,Non Bumi Lot,Medium,Selangor
399000,1300.0,3.0,3.0,2.0,4,0,0,0,0,0,0,0,Condominium,Freehold,Non Bumi Lot,High,Johor
209000,463.0,1.0,1.0,1.0,14,0,0,0,0,0,0,0,Condominium,Leasehold,Non Bumi Lot,High,Johor
288000,955.0,3.0,2.0,1.0,0,1,0,1,0,0,0,0,Apartment,Freehold,Non Bumi Lot,Low,Selangor
450000,950.0,3.0,2.0,2.0,12,1,0,0,0,1,1,0,Apartment,Leasehold,Non Bumi Lot,Medium,Kuala Lumpur
450000,950.0,3.0,2.0,2.0,12,1,0,0,0,1,1,0,Apartment,Leasehold,Non Bumi Lot,Medium,Kuala Lumpur
1200000,950.0,2.0,2.0,2.0,10,0,0,0,0,0,0,0,Condominium,Freehold,Non Bumi Lot,Medium,Penang
990000,950.0,2.0,3.0,2.0,12,0,0,0,0,0,0,0,Condominium,Freehold,Non Bumi Lot,High,Penang
318000,850.0,3.0,2.0,1.0,0,1,0,0,0,0,1,0,Apartment,Freehold,Non Bumi Lot,Low,Selangor
275000,850.0,3.0,2.0,1.0,2,1,0,0,0,1,1,0,Apartment,Freehold,Non Bumi Lot,Unknown,Selangor
228000,850.0,3.0,2.0,1.0,0,0,0,0,0,0,1,0,Apartment,Freehold,Non Bumi Lot,Low,Selangor
660000,1277.0,3.0,3.0,3.0,7,0,0,0,0,0,0,0,Condominium,Leasehold,Bumi Lot,Medium,Selangor
245000,1065.0,3.0,2.0,1.0,0,1,0,1,0,0,1,0,Apartment,Freehold,Non Bumi Lot,Unknown,Selangor
930000,950.0,2.0,2.0,2.0,4,0,0,0,0,0,0,0,Condominium,Freehold,Non Bumi Lot,Medium,Penang
388000,906.0,2.0,2.0,2.0,8,0,0,0,0,0,0,0,Service Residence,Freehold,Non Bumi Lot,Medium,Johor
270000,754.0,3.0,2.0,1.0,0,0,0,0,0,0,0,0,Apartment,Leasehold,Bumi Lot,Low,Selangor
330000,900.0,3.0,2.0,1.0,4,0,0,0,0,0,0,0,Apartment,Freehold,Non Bumi Lot,Low,Penang
345000,900.0,3.0,2.0,2.0,7,1,0,0,0,0,0,0,Apartment,Freehold,Bumi Lot,Medium,Selangor
451000,1100.0,3.0,2.0,1.0,9,0,0,0,0,0,0,0,Condominium,Leasehold,Non Bumi Lot,Medium,Sabah
528000,1000.0,3.0,2.0,1.0,5,0,0,0,0,0,0,0,Condominium,Freehold,Non Bumi Lot,Low,Sabah
607000,884.0,1.0,2.0,2.0,9,0,0,0,0,0,0,0,Others,Leasehold,Non Bumi Lot,Medium,Sabah
215000,650.0,3.0,2.0,1.0,5,0,0,0,0,0,0,0,Apartment,Freehold,Non Bumi Lot,Unknown,Penang
680000,914.0,2.0,2.0,2.0,6,1,0,0,1,1,1,0,Service Residence,Freehold,Non Bumi Lot,Unknown,Selangor
520000,1346.0,4.0,3.0,2.0,6,1,0,0,0,1,1,0,Condominium,Leasehold,Bumi Lot,Unknown,Selangor
298000,700.0,3.0,2.0,1.0,1,0,0,0,0,0,0,0,Apartment,Freehold,Non Bumi Lot,Unknown,Penang
395000,1400.0,3.0,2.0,1.0,5,1,0,0,1,1,0,1,Condominium,Leasehold,Non Bumi Lot,Medium,Kuala Lumpur
530000,1050.0,3.0,2.0,2.0,7,1,1,0,1,0,1,0,Service Residence,Leasehold,Non Bumi Lot,Medium,Kuala Lumpur
480000,715.0,2.0,2.0,1.0,10,1,0,0,0,1,0,0,Service Residence,Freehold,Non Bumi Lot,High,Kuala Lumpur
470000,1030.0,3.0,2.0,2.0,14,0,0,0,0,0,0,0,Condominium,Freehold,Non Bumi Lot,Low,Kuala Lumpur
770000,1382.0,3.0,2.0,2.0,11,1,1,1,1,1,0,0,Condominium,Leasehold,Non Bumi Lot,Low,Kuala Lumpur
470000,1300.0,3.0,2.0,3.0,10,0,0,0,0,0,0,0,Condominium,Freehold,Non Bumi Lot,Medium,Selangor
99000,500.0,2.0,1.0,1.0,0,0,0,0,0,0,0,0,Others,Leasehold,Non Bumi Lot,Unknown,Unknown
328000,700.0,3.0,2.0,1.0,2,0,0,0,0,0,0,0,Apartment,Freehold,Non Bumi Lot,Low,Penang
128000,600.0,3.0,1.0,1.0,3,0,0,0,0,0,0,0,Flat,Leasehold,Non Bumi Lot,High,Selangor
450000,1010.0,3.0,2.0,2.0,8,1,0,0,0,0,1,0,Condominium,Leasehold,Bumi Lot,Medium,Selangor
195000,689.0,3.0,2.0,1.0,5,1,0,0,0,1,1,1,Apartment,Freehold,Bumi Lot,Unknown,Selangor
410000,928.0,5.0,2.0,2.0,0,1,0,1,0,1,1,0,Service Residence,Freehold,Non Bumi Lot,High,Kuala Lumpur
280000,850.0,3.0,2.0,1.0,5,0,0,0,0,0,0,0,Apartment,Freehold,Bumi Lot,Medium,Selangor
245000,850.0,3.0,2.0,1.0,5,0,0,0,0,0,0,0,Apartment,Leasehold,Non Bumi Lot,Medium,Selangor
548000,1349.0,3.0,2.0,2.0,7,0,0,0,0,0,0,0,Condominium,Leasehold,Non Bumi Lot,High,Sabah
420000,900.0,3.0,2.0,1.0,0,0,0,0,0,0,0,0,Condominium,Leasehold,Non Bumi Lot,Medium,Sabah
318000,753.0,2.0,1.0,1.0,6,0,0,0,0,0,0,0,Apartment,Freehold,Non Bumi Lot,Low,Johor
200000,1000.0,3.0,2.0,1.0,0,0,0,0,0,0,0,0,Apartment,Leasehold,Non Bumi Lot,Medium,Melaka
450000,1177.0,3.0,3.0,1.0,5,1,1,0,0,1,1,0,Condominium,Leasehold,Bumi Lot,Low,Selangor
299000,980.0,3.0,2.0,1.0,14,0,0,0,0,0,0,0,Condominium,Freehold,Non Bumi Lot,Medium,Selangor
319000,945.0,3.0,2.0,2.0,14,0,0,0,0,0,0,0,Condominium,Freehold,Non Bumi Lot,Medium,Selangor
320000,1000.0,4.0,3.0,2.0,14,0,0,0,0,0,0,0,Condominium,Freehold,Non Bumi Lot,Medium,Selangor
210000,807.0,3.0,2.0,1.0,2,0,0,0,0,0,0,0,Apartment,Freehold,Non Bumi Lot,Medium,Penang
270000,818.0,2.0,2.0,1.0,14,1,0,0,0,0,1,0,Service Residence,Leasehold,Non Bumi Lot,High,Selangor
258000,1458.0,4.0,3.0,1.0,13,1,1,0,0,1,1,0,Condominium,Freehold,Non Bumi Lot,High,Selangor
220000,865.0,3.0,2.0,1.0,6,1,0,0,0,0,1,0,Apartment,Leasehold,Bumi Lot,High,Selangor
300000,850.0,3.0,2.0,1.0,6,1,0,0,0,1,0,0,Condominium,Freehold,Bumi Lot,Medium,Selangor
500000,1087.0,3.0,2.0,1.0,8,1,1,0,1,1,0,0,Condominium,Freehold,Non Bumi Lot,Unknown,Kuala Lumpur
360000,920.0,3.0,2.0,2.0,10,0,0,0,0,0,0,0,Apartment,Freehold,Non Bumi Lot,Medium,Johor
430000,1040.0,3.0,2.0,2.0,7,1,1,1,0,1,1,0,Service Residence,Leasehold,Non Bumi Lot,High,Kuala Lumpur
480000,1272.0,4.0,2.0,2.0,12,1,1,1,0,1,1,0,Condominium,Leasehold,Non Bumi Lot,Medium,Kuala Lumpur
479000,1411.0,3.0,2.0,2.0,9,1,0,0,0,1,1,0,Condominium,Leasehold,Bumi Lot,Medium,Selangor
250000,736.0,3.0,2.0,2.0,4,0,0,0,0,1,0,1,Apartment,Freehold,Non Bumi Lot,Unknown,Selangor
240000,860.0,3.0,2.0,1.0,4,1,0,0,0,0,0,0,Apartment,Freehold,Non Bumi Lot,Unknown,Selangor
790000,2509.0,5.0,4.0,2.0,11,0,0,0,0,0,0,0,Condominium,Freehold,Non Bumi Lot,High,Penang
535000,1124.0,3.0,3.0,2.0,11,0,1,1,1,1,1,0,Service Residence,Freehold,Non Bumi Lot,Low,Selangor
410000,1272.0,4.0,2.0,2.0,6,0,0,0,0,0,0,0,Condominium,Freehold,Non Bumi Lot,Medium,Kuala Lumpur
835000,1250.0,3.0,3.0,2.0,13,0,0,0,0,0,0,0,Service Residence,Leasehold,Non Bumi Lot,High,Sabah
350000,750.0,2.0,2.0,2.0,3,0,0,0,0,0,0,0,Condominium,Freehold,Non Bumi Lot,Medium,Johor
199000,450.0,1.0,1.0,1.0,9,0,0,0,0,0,0,0,Studio,Freehold,Non Bumi Lot,High,Selangor
596957,1227.0,3.0,2.0,2.0,7,0,0,0,0,0,0,0,Condominium,Freehold,Non Bumi Lot,High,Putrajaya
355000,984.0,3.0,2.0,2.0,0,0,0,0,0,0,0,0,Apartment,Freehold,Non Bumi Lot,Unknown,Selangor
800000,450.0,1.0,1.0,1.0,4,1,1,1,1,1,1,0,Service Residence,Leasehold,Non Bumi Lot,Medium,Kuala Lumpur
315000,680.0,3.0,2.0,2.0,3,0,0,0,0,0,0,0,Apartment,Freehold,Non Bumi Lot,Medium,Penang
165000,500.0,2.0,1.0,1.0,4,0,0,0,0,0,0,0,Apartment,Freehold,Non Bumi Lot,Low,Penang
400000,1378.0,3.0,2.0,1.0,4,0,0,0,0,0,0,0,Condominium,Leasehold,Bumi Lot,Unknown,Kuala Lumpur
220000,731.0,3.0,2.0,1.0,2,1,0,0,0,0,0,0,Apartment,Freehold,Non Bumi Lot,Medium,Selangor
229000,786.0,3.0,2.0,1.0,5,0,0,0,0,0,0,0,Apartment,Leasehold,Bumi Lot,Low,Selangor
358000,407.0,1.0,1.0,1.0,14,0,0,0,0,0,0,0,Condominium,Freehold,Non Bumi Lot,Medium,Johor
175000,560.0,2.0,1.0,1.0,0,1,0,1,0,1,1,0,Flat,Leasehold,Non Bumi Lot,Unknown,Kuala Lumpur
500000,1001.0,3.0,2.0,1.0,7,0,0,0,0,0,0,0,Condominium,Freehold,Non Bumi Lot,Unknown,Kuala Lumpur
350000,700.0,3.0,2.0,1.0,6,0,0,0,0,0,0,0,Apartment,Freehold,Non Bumi Lot,Unknown,Penang
270000,800.0,3.0,2.0,1.0,1,0,0,0,0,0,0,0,Apartment,Freehold,Bumi Lot,Low,Selangor
410000,700.0,3.0,2.0,1.0,6,0,0,0,0,0,0,0,Apartment,Freehold,Non Bumi Lot,Unknown,Penang
1150000,2200.0,5.0,4.0,2.0,1,0,0,0,0,0,0,0,Others,Freehold,Non Bumi Lot,Unknown,Kuala Lumpur
2080000,2600.0,2.0,3.0,1.0,0,0,0,0,0,0,0,0,Service Residence,Freehold,Non Bumi Lot,Unknown,Penang
350000,538.0,1.0,1.0,1.0,7,0,0,0,0,0,0,0,Service Residence,Freehold,Non Bumi Lot,High,Johor
108000,530.0,2.0,1.0,5.0,1,0,0,0,0,0,0,0,Flat,Freehold,Non Bumi Lot,High,Johor
570000,1044.0,3.0,2.0,2.0,12,1,0,0,0,1,1,0,Condominium,Leasehold,Non Bumi Lot,Medium,Kuala Lumpur
570000,1110.0,3.0,2.0,2.0,9,0,0,0,0,0,0,0,Condominium,Freehold,Non Bumi Lot,Medium,Kuala Lumpur
490000,900.0,3.0,2.0,2.0,9,0,0,0,0,0,0,0,Condominium,Freehold,Non Bumi Lot,High,Penang
290000,1200.0,4.0,3.0,2.0,0,0,0,0,0,0,0,0,Condominium,Freehold,Non Bumi Lot,Unknown,Selangor
290000,1100.0,3.0,2.0,1.0,2,1,0,0,1,1,1,0,Apartment,Freehold,Non Bumi Lot,Unknown,Kuala Lumpur
385000,1250.0,3.0,2.0,2.0,14,0,0,0,0,0,0,0,Condominium,Freehold,Non Bumi Lot,Medium,Selangor
352000,904.0,3.0,2.0,2.0,8,0,0,0,0,0,0,0,Service Residence,Freehold,Non Bumi Lot,High,Selangor
690000,750.0,1.0,1.0,1.0,1,0,0,0,0,0,0,0,Service Residence,Freehold,Non Bumi Lot,Unknown,Penang
1009000,1766.0,4.0,3.0,2.0,9,0,0,0,0,0,0,0,Condominium,Freehold,Non Bumi Lot,Unknown,Penang
399000,1000.0,3.0,2.0,2.0,14,0,0,0,0,0,0,0,Condominium,Freehold,Non Bumi Lot,Medium,Putrajaya
100000,700.0,3.0,2.0,1.0,0,0,0,0,0,0,0,0,Flat,Freehold,Bumi Lot,High,Selangor
195000,547.0,2.0,1.0,1.0,2,1,1,0,0,0,0,0,Flat,Leasehold,Bumi Lot,Unknown,Kuala Lumpur
840000,1338.0,4.0,3.0,2.0,11,0,0,0,0,0,0,0,Condominium,Freehold,Non Bumi Lot,Medium,Penang
800000,1219.0,3.0,2.0,2.0,10,0,0,0,0,0,0,0,Condominium,Freehold,Non Bumi Lot,High,Penang
258000,1130.0,3.0,2.0,1.0,0,0,0,0,0,0,0,0,Apartment,Freehold,Non Bumi Lot,High,Johor
788000,318.0,1.0,1.0,1.0,14,0,0,0,0,0,0,0,Service Residence,Freehold,Non Bumi Lot,Low,Kuala Lumpur
298000,860.0,3.0,2.0,1.0,0,0,0,0,0,0,0,0,Apartment,Freehold,Non Bumi Lot,Medium,Penang
200000,828.0,3.0,2.0,1.0,4,0,0,0,0,0,0,0,Apartment,Freehold,Non Bumi Lot,Medium,Penang
220000,656.0,3.0,1.0,1.0,1,0,0,0,0,0,0,0,Flat,Freehold,Bumi Lot,Low,Penang
105000,500.0,2.0,1.0,1.0,0,0,0,0,0,0,0,0,Flat,Leasehold,Non Bumi Lot,Medium,Penang
275000,850.0,3.0,2.0,1.0,6,1,0,0,0,1,0,0,Condominium,Freehold,Bumi Lot,Unknown,Selangor
375000,1000.0,3.0,2.0,1.0,0,0,0,0,0,0,0,0,Condominium,Freehold,Non Bumi Lot,Medium,Penang
360000,750.0,3.0,2.0,1.0,4,0,0,0,0,0,0,0,Apartment,Freehold,Non Bumi Lot,Low,Penang
715000,800.0,3.0,2.0,1.0,9,0,0,0,0,0,0,0,Others,Freehold,Bumi Lot,Unknown,Unknown
325000,904.0,3.0,2.0,1.0,9,1,0,1,0,1,1,0,Condominium,Freehold,Non Bumi Lot,Unknown,Selangor
350000,1159.0,3.0,2.0,1.0,5,0,0,0,0,0,0,0,Apartment,Freehold,Non Bumi Lot,Medium,Penang
232000,815.0,3.0,2.0,1.0,7,0,1,0,0,1,1,0,Apartment,Leasehold,Non Bumi Lot,Medium,Selangor
223880,560.0,2.0,1.0,1.0,3,0,0,0,0,0,0,0,Condominium,Freehold,Non Bumi Lot,Medium,Selangor
400000,1043.0,3.0,2.0,2.0,14,0,0,0,0,0,0,0,Condominium,Freehold,Non Bumi Lot,Low,Selangor
348000,1002.0,3.0,2.0,2.0,0,1,0,0,0,0,1,0,Condominium,Leasehold,Non Bumi Lot,Low,Selangor
315000,929.0,3.0,2.0,2.0,9,0,0,0,0,0,0,0,Apartment,Freehold,Bumi Lot,Medium,Negeri Sembilan
380000,700.0,3.0,2.0,1.0,2,0,0,0,0,0,0,0,Apartment,Freehold,Non Bumi Lot,Unknown,Penang
160000,650.0,3.0,2.0,1.0,12,1,0,1,1,0,0,0,Flat,Leasehold,Bumi Lot,High,Selangor
630000,913.0,2.0,2.0,2.0,8,1,1,1,0,1,1,0,Condominium,Freehold,Non Bumi Lot,Unknown,Kuala Lumpur
190000,871.0,3.0,2.0,1.0,0,0,0,0,0,0,0,0,Apartment,Freehold,Non Bumi Lot,Low,Selangor
548000,2293.0,5.0,4.0,2.0,14,0,0,0,0,0,0,0,Condominium,Freehold,Non Bumi Lot,High,Selangor
198000,850.0,3.0,2.0,1.0,4,0,0,0,0,0,0,0,Flat,Freehold,Non Bumi Lot,High,Johor
505000,969.0,3.0,2.0,2.0,11,0,0,0,1,0,0,0,Apartment,Freehold,Non Bumi Lot,Medium,Selangor
500000,700.0,2.0,2.0,1.0,9,0,0,0,0,0,0,0,Service Residence,Freehold,Non Bumi Lot,High,Penang
218000,675.0,3.0,2.0,1.0,4,0,0,0,0,0,0,0,Flat,Leasehold,Non Bumi Lot,Medium,Selangor
390000,1080.0,3.0,2.0,2.0,14,0,0,0,0,0,0,0,Condominium,Freehold,Non Bumi Lot,Medium,Selangor
428000,875.0,2.0,2.0,1.0,9,0,0,0,0,0,0,0,Apartment,Leasehold,Non Bumi Lot,Medium,Sarawak
79000,678.0,3.0,2.0,1.0,2,0,0,0,0,0,0,0,Flat,Freehold,Bumi Lot,Medium,Negeri Sembilan
180000,818.0,3.0,2.0,1.0,8,1,0,1,0,0,1,0,Apartment,Freehold,Non Bumi Lot,High,Selangor
268000,686.0,2.0,2.0,1.0,6,0,0,0,0,0,0,0,Apartment,Leasehold,Non Bumi Lot,Medium,Sabah
318000,900.0,2.0,2.0,1.0,0,0,0,0,0,0,0,0,Condominium,Leasehold,Non Bumi Lot,Low,Sabah
560000,950.0,2.0,2.0,1.0,4,0,0,0,0,0,0,0,Condominium,Leasehold,Non Bumi Lot,Medium,Sabah
700000,1035.0,3.0,2.0,3.0,8,1,1,1,0,0,0,0,Service Residence,Freehold,Non Bumi Lot,High,Kuala Lumpur
128000,650.0,3.0,2.0,1.0,4,0,0,0,0,0,0,0,Apartment,Leasehold,Non Bumi Lot,Medium,Selangor
295000,715.0,3.0,2.0,1.0,0,0,0,0,0,0,0,0,Apartment,Freehold,Non Bumi Lot,Low,Selangor
365000,1054.0,3.0,2.0,1.0,8,0,0,0,0,0,0,0,Apartment,Freehold,Bumi Lot,Medium,Selangor
830000,1403.0,4.0,3.0,1.0,4,0,0,0,0,0,0,0,Condominium,Leasehold,Non Bumi Lot,High,Sabah
275000,930.0,3.0,2.0,2.0,6,0,0,0,0,0,0,0,Apartment,Freehold,Non Bumi Lot,Medium,Negeri Sembilan
600000,1550.0,3.0,2.0,1.0,8,0,0,0,0,0,0,0,Condominium,Leasehold,Non Bumi Lot,Medium,Sarawak
460000,800.0,2.0,2.0,1.0,8,1,1,1,0,1,1,0,Apartment,Freehold,Non Bumi Lot,Medium,Selangor
99000,1098.0,3.0,2.0,1.0,7,1,1,0,0,1,1,0,Apartment,Leasehold,Non Bumi Lot,High,Selangor
95000,642.0,3.0,2.0,1.0,0,0,0,0,0,0,0,0,Flat,Leasehold,Non Bumi Lot,Unknown,Negeri Sembilan
270000,615.0,2.0,1.0,1.0,0,0,0,0,0,0,0,0,Apartment,Freehold,Non Bumi Lot,Low,Sabah
450000,500.0,1.0,1.0,1.0,10,0,0,0,0,0,0,0,Condominium,Freehold,Non Bumi Lot,High,Pahang
660000,1271.0,4.0,2.0,2.0,0,0,0,0,0,0,0,0,Condominium,Freehold,Non Bumi Lot,Medium,Penang
488888,1010.0,3.0,2.0,1.0,11,1,1,1,1,1,1,1,Service Residence,Freehold,Bumi Lot,Medium,Kuala Lumpur
3499999,4500.0,10.0,3.0,2.0,0,0,0,0,0,0,0,0,Condominium,Freehold,Non Bumi Lot,Medium,Kuala Lumpur
98000,550.0,2.0,2.0,1.0,4,0,0,0,0,0,0,0,Apartment,Freehold,Bumi Lot,Low,Negeri Sembilan
558000,1200.0,2.0,3.0,1.0,8,0,0,0,0,0,0,0,Condominium,Freehold,Non Bumi Lot,Medium,Selangor
150000,676.0,3.0,1.0,1.0,3,0,0,0,0,0,0,0,Flat,Freehold,Non Bumi Lot,High,Selangor
460000,950.0,3.0,2.0,2.0,8,0,0,0,0,0,0,0,Apartment,Freehold,Non Bumi Lot,High,Putrajaya
250000,700.0,3.0,2.0,1.0,2,0,0,0,0,0,0,0,Flat,Freehold,Non Bumi Lot,Low,Penang
155000,650.0,2.0,2.0,1.0,6,0,0,0,0,0,0,0,Apartment,Leasehold,Bumi Lot,High,Penang
175000,600.0,3.0,2.0,1.0,0,0,0,0,0,0,0,0,Flat,Leasehold,Non Bumi Lot,Medium,Sabah
550000,1002.0,3.0,2.0,2.0,10,0,0,0,0,0,0,0,Service Residence,Freehold,Non Bumi Lot,Medium,Kuala Lumpur
270000,750.0,3.0,2.0,1.0,8,0,0,0,0,0,0,0,Apartment,Leasehold,Non Bumi Lot,Medium,Selangor
365000,715.0,2.0,2.0,1.0,9,0,0,0,0,0,0,0,Service Residence,Leasehold,Non Bumi Lot,High,Melaka
245000,800.0,3.0,2.0,1.0,3,0,0,0,0,0,0,0,Flat,Leasehold,Non Bumi Lot,Low,Selangor
198000,750.0,3.0,2.0,1.0,7,0,0,0,0,0,0,0,Apartment,Freehold,Non Bumi Lot,High,Selangor
425000,1151.0,3.0,2.0,2.0,10,0,0,0,0,0,0,0,Condominium,Freehold,Non Bumi Lot,Medium,Selangor
140000,455.0,2.0,1.0,1.0,5,0,0,0,0,0,0,0,Apartment,Leasehold,Bumi Lot,Medium,Sabah
470000,1936.0,3.0,2.0,3.0,7,1,0,0,1,0,0,0,Apartment,Leasehold,Non Bumi Lot,Unknown,Selangor
396000,1010.0,2.0,2.0,2.0,14,0,0,0,0,0,0,0,Service Residence,Freehold,Non Bumi Lot,High,Johor
260000,850.0,4.0,2.0,1.0,8,1,0,0,0,1,0,0,Condominium,Freehold,Bumi Lot,Unknown,Selangor
230000,754.0,3.0,2.0,1.0,5,0,0,0,0,0,0,0,Service Residence,Leasehold,Bumi Lot,High,Selangor
260000,800.0,3.0,2.0,1.0,8,1,0,0,1,1,1,0,Apartment,Leasehold,Non Bumi Lot,High,Selangor
315000,860.0,3.0,2.0,1.0,7,1,0,0,0,0,1,0,Apartment,Freehold,Non Bumi Lot,Low,Kuala Lumpur
185000,750.0,3.0,2.0,1.0,1,0,0,0,0,0,0,0,Flat,Freehold,Non Bumi Lot,Medium,Johor
1520000,2723.0,5.0,6.0,2.0,9,1,1,1,0,1,1,1,Condominium,Freehold,Non Bumi Lot,High,Kuala Lumpur
600000,1200.0,3.0,2.0,2.0,2,0,0,0,0,0,0,0,Condominium,Freehold,Non Bumi Lot,Unknown,Putrajaya
660000,1200.0,3.0,2.0,1.0,11,1,1,0,1,1,1,0,Service Residence,Freehold,Non Bumi Lot,Medium,Kuala Lumpur
120000,660.0,3.0,2.0,1.0,2,0,0,0,0,0,0,0,Apartment,Freehold,Bumi Lot,Medium,Negeri Sembilan
390000,1050.0,3.0,2.0,2.0,14,0,0,0,0,0,0,0,Condominium,Freehold,Non Bumi Lot,Medium,Selangor
285000,650.0,3.0,2.0,1.0,3,0,0,0,0,0,0,0,Apartment,Freehold,Non Bumi Lot,High,Penang
395000,1100.0,3.0,2.0,2.0,14,0,0,0,0,0,0,0,Condominium,Freehold,Non Bumi Lot,Medium,Selangor
420000,950.0,3.0,2.0,2.0,5,0,0,0,0,0,0,0,Condominium,Freehold,Bumi Lot,Unknown,Putrajaya
582000,1080.0,3.0,2.0,2.0,7,0,1,1,0,1,1,0,Service Residence,Leasehold,Non Bumi Lot,Unknown,Selangor
355000,740.0,2.0,2.0,1.0,7,0,0,0,0,0,0,0,Service Residence,Freehold,Non Bumi Lot,Medium,Johor
220000,1063.0,3.0,2.0,1.0,5,0,0,0,0,0,0,0,Apartment,Freehold,Non Bumi Lot,Medium,Selangor
248000,700.0,3.0,2.0,1.0,4,0,0,0,0,0,0,0,Apartment,Freehold,Non Bumi Lot,Medium,Penang
328000,800.0,3.0,2.0,1.0,7,0,0,0,0,0,0,0,Apartment,Leasehold,Non Bumi Lot,High,Penang
680000,1493.0,3.0,3.0,2.0,9,0,0,0,0,0,0,0,Condominium,Freehold,Non Bumi Lot,Unknown,Kuala Lumpur
199000,450.0,1.0,1.0,1.0,14,0,0,0,0,0,0,0,Condominium,Freehold,Bumi Lot,Medium,Selangor
380000,940.0,3.0,2.0,2.0,14,0,0,0,0,0,0,0,Condominium,Freehold,Non Bumi Lot,Medium,Kuala Lumpur
265000,850.0,3.0,2.0,1.0,8,0,0,0,0,0,0,0,Apartment,Leasehold,Non Bumi Lot,High,Sabah
460000,1080.0,3.0,2.0,2.0,3,0,1,1,0,1,1,0,Condominium,Leasehold,Bumi Lot,Unknown,Selangor
396000,1010.0,2.0,2.0,2.0,14,0,0,0,0,0,0,0,Service Residence,Freehold,Non Bumi Lot,High,Johor
420000,870.0,3.0,2.0,1.0,9,0,0,0,0,0,0,0,Service Residence,Leasehold,Non Bumi Lot,Medium,Sabah
400000,1001.0,3.0,2.0,1.0,6,0,0,0,0,0,0,0,Condominium,Leasehold,Bumi Lot,Medium,Unknown
360000,700.0,3.0,2.0,1.0,6,0,0,0,0,0,0,0,Apartment,Freehold,Non Bumi Lot,High,Penang
4000000,5619.0,4.0,5.0,4.0,13,0,0,0,0,0,0,0,Condominium,Freehold,Non Bumi Lot,High,Penang
470000,1168.0,3.0,2.0,1.0,14,0,0,0,0,0,0,0,Service Residence,Freehold,Non Bumi Lot,Medium,Johor
3100000,3735.0,4.0,5.0,3.0,13,0,0,0,0,0,0,0,Condominium,Freehold,Non Bumi Lot,Unknown,Penang
900000,812.0,2.0,2.0,2.0,14,1,0,0,0,1,1,0,Service Residence,Freehold,Non Bumi Lot,High,Kuala Lumpur
280000,513.0,1.0,1.0,1.0,13,0,0,0,0,0,0,0,Service Residence,Freehold,Non Bumi Lot,High,Johor
240000,484.0,1.0,1.0,1.0,9,0,0,0,0,0,0,0,Studio,Freehold,Non Bumi Lot,Medium,Johor
158000,494.0,2.0,1.0,1.0,2,0,0,0,0,0,0,0,Apartment,Freehold,Non Bumi Lot,Low,Johor
500000,1200.0,4.0,3.0,2.0,5,0,0,0,0,0,0,0,Condominium,Freehold,Non Bumi Lot,Unknown,Putrajaya
210000,864.0,4.0,2.0,1.0,3,0,1,0,0,1,1,0,Apartment,Leasehold,Bumi Lot,Medium,Selangor
410000,950.0,3.0,2.0,2.0,5,0,0,0,0,0,0,0,Condominium,Freehold,Bumi Lot,Unknown,Putrajaya
467000,914.0,3.0,2.0,1.0,8,0,0,0,0,0,0,0,Condominium,Leasehold,Bumi Lot,Low,Sabah
368000,1098.0,3.0,2.0,1.0,0,0,0,0,0,0,0,0,Service Residence,Freehold,Non Bumi Lot,Medium,Johor
410000,950.0,2.0,3.0,2.0,5,0,0,0,0,0,0,0,Condominium,Freehold,Non Bumi Lot,Unknown,Putrajaya
160000,650.0,3.0,2.0,1.0,3,0,0,0,0,0,0,0,Apartment,Leasehold,Non Bumi Lot,Low,Selangor
280000,860.0,3.0,2.0,1.0,5,0,0,0,0,0,0,0,Apartment,Leasehold,Bumi Lot,Medium,Selangor
320000,1148.0,3.0,2.0,1.0,5,0,0,0,0,0,0,0,Apartment,Freehold,Non Bumi Lot,Low,Selangor
370000,430.0,2.0,2.0,1.0,1,1,1,1,1,1,1,0,Service Residence,Freehold,Non Bumi Lot,Medium,Kuala Lumpur
320000,1097.0,3.0,2.0,1.0,4,0,0,0,0,0,0,0,Apartment,Leasehold,Non Bumi Lot,Low,Sarawak
560000,1069.0,3.0,2.0,1.0,8,0,0,0,0,0,0,0,Condominium,Leasehold,Non Bumi Lot,Unknown,Penang
550000,1116.0,3.0,2.0,1.0,7,0,0,0,0,0,0,0,Condominium,Leasehold,Non Bumi Lot,Unknown,Penang
560000,1052.0,3.0,2.0,1.0,7,0,0,0,0,0,0,0,Condominium,Leasehold,Non Bumi Lot,Unknown,Penang
600000,1349.0,4.0,2.0,1.0,6,0,0,0,0,0,0,0,Condominium,Leasehold,Non Bumi Lot,Low,Sabah
255000,850.0,3.0,2.0,1.0,8,0,0,0,0,0,0,0,Apartment,Leasehold,Non Bumi Lot,Low,Sabah
510000,1100.0,3.0,2.0,2.0,0,0,0,0,0,0,0,0,Apartment,Freehold,Non Bumi Lot,Unknown,Penang
288000,1000.0,3.0,2.0,1.0,0,0,0,0,0,0,0,0,Apartment,Freehold,Non Bumi Lot,Medium,Johor
1750000,1830.0,5.0,4.0,2.0,14,0,0,0,0,0,0,0,Condominium,Freehold,Non Bumi Lot,High,Kuala Lumpur
1850000,1830.0,5.0,4.0,2.0,14,0,0,0,0,0,0,0,Condominium,Freehold,Non Bumi Lot,Low,Kuala Lumpur
265000,730.0,3.0,2.0,1.0,3,0,0,0,0,0,0,0,Apartment,Leasehold,Non Bumi Lot,Unknown,Penang
270000,700.0,3.0,2.0,1.0,3,0,0,0,0,0,0,0,Apartment,Freehold,Non Bumi Lot,Unknown,Penang
280000,700.0,3.0,2.0,1.0,3,0,0,0,0,0,0,0,Apartment,Freehold,Non Bumi Lot,Unknown,Penang
190000,650.0,3.0,1.0,1.0,2,1,0,1,0,1,0,0,Flat,Leasehold,Bumi Lot,High,Selangor
530000,855.0,2.0,2.0,1.0,9,1,0,0,0,0,1,0,Service Residence,Freehold,Non Bumi Lot,Medium,Selangor
299000,1300.0,4.0,3.0,2.0,12,1,1,1,0,1,1,0,Condominium,Freehold,Non Bumi Lot,Medium,Selangor
299000,1300.0,4.0,3.0,2.0,14,0,0,0,0,0,0,0,Condominium,Freehold,Non Bumi Lot,Medium,Selangor
375000,1100.0,3.0,2.0,1.0,10,1,0,0,0,1,1,0,Condominium,Freehold,Non Bumi Lot,Low,Kuala Lumpur
708000,1300.0,3.0,2.0,1.0,14,1,1,1,0,1,1,1,Condominium,Freehold,Non Bumi Lot,High,Kuala Lumpur
515000,1195.0,3.0,2.0,1.0,14,1,1,0,1,1,1,0,Condominium,Freehold,Non Bumi Lot,High,Kuala Lumpur
250000,755.0,3.0,2.0,1.0,14,0,0,0,0,0,0,0,Condominium,Freehold,Non Bumi Lot,Medium,Kuala Lumpur
220000,700.0,3.0,2.0,1.0,4,1,1,0,1,1,1,0,Apartment,Freehold,Bumi Lot,Medium,Selangor
910000,1050.0,2.0,3.0,1.0,8,1,0,1,1,1,1,0,Condominium,Freehold,Non Bumi Lot,High,Kuala Lumpur
458000,850.0,3.0,2.0,2.0,11,0,0,0,0,0,0,0,Service Residence,Freehold,Non Bumi Lot,Unknown,Putrajaya
392000,1100.0,3.0,2.0,2.0,14,0,0,0,0,0,0,0,Condominium,Freehold,Non Bumi Lot,Medium,Selangor
150000,760.0,3.0,2.0,1.0,3,0,0,0,0,1,0,0,Apartment,Leasehold,Bumi Lot,High,Selangor
360000,1005.0,3.0,2.0,1.0,3,1,0,1,1,1,0,0,Condominium,Leasehold,Bumi Lot,Medium,Kuala Lumpur
210000,762.0,3.0,2.0,1.0,0,1,0,0,0,0,1,0,Apartment,Freehold,Non Bumi Lot,Medium,Selangor
630000,1200.0,3.0,2.0,2.0,10,0,0,0,0,0,0,0,Condominium,Freehold,Non Bumi Lot,Medium,Kuala Lumpur
708000,1300.0,3.0,2.0,1.0,14,1,1,1,0,1,1,1,Condominium,Freehold,Non Bumi Lot,Medium,Kuala Lumpur
150000,581.0,2.0,1.0,1.0,2,0,0,0,0,0,0,0,Flat,Leasehold,Bumi Lot,Low,Johor
210000,646.0,3.0,1.0,1.0,0,0,0,0,0,0,0,0,Apartment,Leasehold,Bumi Lot,Medium,Kuala Lumpur
550000,982.0,3.0,2.0,2.0,7,0,0,0,0,0,0,0,Condominium,Leasehold,Non Bumi Lot,High,Sabah
598000,517.0,1.0,1.0,1.0,6,0,0,0,0,0,0,0,Service Residence,Leasehold,Non Bumi Lot,Medium,Sabah
140000,700.0,2.0,2.0,1.0,2,0,0,0,0,0,0,0,Apartment,Leasehold,Bumi Lot,High,Johor
930000,1470.0,4.0,2.0,2.0,11,0,0,0,0,0,0,0,Condominium,Freehold,Non Bumi Lot,Medium,Penang
175000,520.0,2.0,1.0,1.0,2,0,0,0,0,0,0,0,Flat,Leasehold,Bumi Lot,Medium,Johor
365000,1017.0,3.0,2.0,2.0,12,0,0,0,0,0,0,0,Service Residence,Freehold,Non Bumi Lot,Medium,Selangor
360000,1044.0,3.0,2.0,1.0,7,0,0,0,0,0,0,0,Apartment,Leasehold,Bumi Lot,Low,Johor
685000,1364.0,4.0,4.0,2.0,11,1,1,0,1,1,1,0,Condominium,Freehold,Non Bumi Lot,High,Kuala Lumpur
310000,883.0,3.0,2.0,1.0,5,0,0,0,0,0,0,0,Apartment,Leasehold,Bumi Lot,High,Putrajaya
210000,550.0,2.0,1.0,1.0,1,0,0,0,0,0,0,0,Flat,Leasehold,Non Bumi Lot,Unknown,Penang
390000,1000.0,3.0,2.0,2.0,14,0,0,0,0,0,0,0,Condominium,Freehold,Non Bumi Lot,Medium,Selangor
279000,750.0,2.0,1.0,1.0,4,1,1,0,0,1,1,1,Apartment,Freehold,Non Bumi Lot,Medium,Kuala Lumpur
225000,657.0,3.0,1.0,1.0,0,0,0,0,0,0,0,0,Apartment,Freehold,Bumi Lot,High,Selangor
230000,861.0,3.0,2.0,1.0,4,0,0,0,0,0,0,0,Apartment,Leasehold,Bumi Lot,Medium,Johor
298000,936.0,2.0,1.0,1.0,9,0,0,0,0,0,0,0,Apartment,Leasehold,Non Bumi Lot,High,Penang
1300000,1800.0,4.0,3.0,2.0,11,0,0,0,0,0,0,0,Condominium,Freehold,Non Bumi Lot,Medium,Penang
465000,1100.0,3.0,2.0,1.0,11,0,0,0,1,0,0,0,Condominium,Leasehold,Non Bumi Lot,High,Selangor
85000,800.0,3.0,2.0,1.0,0,0,0,1,0,0,0,0,Flat,Freehold,Non Bumi Lot,High,Selangor
1100000,1968.0,4.0,5.0,2.0,11,0,0,0,0,0,0,0,Condominium,Freehold,Non Bumi Lot,High,Penang
650000,1050.0,3.0,2.0,3.0,10,0,0,0,0,0,0,0,Condominium,Freehold,Non Bumi Lot,Medium,Penang
710000,1492.0,3.0,2.0,2.0,10,0,0,0,0,0,0,0,Condominium,Freehold,Non Bumi Lot,Medium,Penang
338000,900.0,2.0,2.0,1.0,5,0,0,0,0,0,0,0,Condominium,Leasehold,Non Bumi Lot,Medium,Unknown
700000,1522.0,3.0,2.0,1.0,6,0,0,0,0,0,0,0,Condominium,Leasehold,Non Bumi Lot,Low,Sabah
448000,1000.0,3.0,2.0,1.0,6,0,0,0,0,0,0,0,Condominium,Leasehold,Non Bumi Lot,Medium,Sabah
430000,1000.0,3.0,2.0,1.0,11,0,0,0,0,0,0,0,Apartment,Freehold,Non Bumi Lot,Medium,Penang
318000,700.0,3.0,2.0,1.0,7,0,0,0,0,0,0,0,Apartment,Freehold,Non Bumi Lot,High,Penang
280000,750.0,3.0,2.0,1.0,5,0,0,0,0,0,0,0,Apartment,Freehold,Non Bumi Lot,Unknown,Penang
285000,654.0,3.0,2.0,1.0,3,0,0,0,0,0,0,0,Apartment,Freehold,Non Bumi Lot,Unknown,Penang
310000,955.0,3.0,2.0,1.0,0,1,0,1,0,0,1,0,Apartment,Freehold,Non Bumi Lot,Low,Selangor
225000,575.0,1.0,2.0,1.0,8,0,1,0,0,1,0,0,Service Residence,Freehold,Non Bumi Lot,Medium,Selangor
490000,1313.0,4.0,2.0,3.0,9,1,1,1,0,1,1,0,Condominium,Leasehold,Non Bumi Lot,High,Kuala Lumpur
2100000,2185.0,3.0,4.0,4.0,13,0,0,0,0,0,0,0,Condominium,Freehold,Non Bumi Lot,Unknown,Penang
1990000,1884.0,3.0,5.0,3.0,13,0,0,0,0,0,0,0,Condominium,Freehold,Non Bumi Lot,High,Penang
105000,645.0,3.0,2.0,1.0,1,0,0,0,0,0,0,0,Flat,Freehold,Non Bumi Lot,Medium,Penang
95000,484.0,2.0,1.0,1.0,4,0,0,0,0,0,0,1,Apartment,Freehold,Bumi Lot,Low,Selangor
460000,969.0,3.0,2.0,2.0,14,0,0,0,0,0,0,0,Condominium,Freehold,Bumi Lot,High,Putrajaya
498000,900.0,3.0,2.0,1.0,10,0,0,0,0,0,0,0,Condominium,Freehold,Malay Reserved,Medium,Selangor
295000,1100.0,3.0,2.0,1.0,0,0,0,0,0,0,0,0,Apartment,Leasehold,Non Bumi Lot,Medium,Johor
598000,1268.0,2.0,2.0,1.0,11,0,0,0,0,0,0,0,Condominium,Leasehold,Non Bumi Lot,Low,Sabah
480000,1365.0,4.0,2.0,1.0,8,0,0,0,0,0,0,0,Condominium,Leasehold,Non Bumi Lot,Medium,Sabah
450000,2303.0,3.0,2.0,1.0,7,0,0,0,0,0,0,0,Townhouse Condo,Freehold,Non Bumi Lot,Low,Johor
1850000,1701.0,3.0,3.0,3.0,13,0,0,0,0,0,0,0,Condominium,Freehold,Non Bumi Lot,Medium,Penang
530000,1050.0,2.0,2.0,2.0,8,0,0,0,0,0,0,0,Service Residence,Freehold,Non Bumi Lot,Low,Selangor
399000,829.0,2.0,2.0,2.0,0,0,0,0,0,0,0,0,Condominium,Freehold,Non Bumi Lot,Medium,Putrajaya
190000,450.0,1.0,1.0,1.0,14,0,0,0,0,0,0,0,Service Residence,Freehold,Non Bumi Lot,Medium,Selangor
489000,1144.0,3.0,2.0,1.0,7,0,0,0,0,0,0,0,Service Residence,Leasehold,Non Bumi Lot,High,Johor
130000,646.0,2.0,1.0,1.0,0,0,0,0,0,0,0,0,Apartment,Leasehold,Non Bumi Lot,Unknown,Sarawak
408000,1118.0,3.0,2.0,2.0,5,0,0,0,0,0,0,1,Condominium,Freehold,Non Bumi Lot,Low,Selangor
528000,1508.0,3.0,2.0,1.0,0,0,0,0,0,0,0,0,Condominium,Leasehold,Non Bumi Lot,Low,Sabah
980000,2250.0,4.0,3.0,1.0,9,0,0,0,0,0,0,0,Condominium,Leasehold,Non Bumi Lot,Medium,Sabah
600000,850.0,2.0,2.0,1.0,4,1,1,1,0,1,1,0,Service Residence,Freehold,Non Bumi Lot,Medium,Selangor
62000,750.0,2.0,1.0,1.0,1,0,0,0,0,0,0,0,Flat,Freehold,Non Bumi Lot,Low,Sabah
340000,750.0,3.0,2.0,1.0,11,0,0,0,0,0,0,0,Condominium,Freehold,Non Bumi Lot,Medium,Penang
230000,800.0,3.0,2.0,2.0,14,0,0,0,0,0,0,0,Condominium,Leasehold,Non Bumi Lot,Medium,Kuala Lumpur
420000,1050.0,3.0,3.0,2.0,14,0,0,0,0,0,0,0,Condominium,Leasehold,Non Bumi Lot,Low,Kuala Lumpur
335000,657.0,2.0,1.0,1.0,9,0,0,1,0,0,1,0,Studio,Leasehold,Non Bumi Lot,High,Selangor
438000,1121.0,3.0,2.0,1.0,6,1,0,0,0,0,0,0,Service Residence,Freehold,Non Bumi Lot,Unknown,Selangor
110000,802.0,2.0,2.0,3.0,2,0,0,0,0,0,0,0,Flat,Freehold,Non Bumi Lot,High,Sabah
240000,750.0,3.0,2.0,1.0,6,1,1,1,0,1,1,0,Flat,Leasehold,Non Bumi Lot,Low,Selangor
225000,484.0,1.0,1.0,1.0,9,0,0,0,0,0,0,0,Service Residence,Freehold,Non Bumi Lot,Low,Johor
570000,1254.0,3.0,2.0,2.0,8,0,0,0,0,0,0,0,Condominium,Freehold,Non Bumi Lot,High,Penang
175000,550.0,3.0,2.0,1.0,0,0,0,0,0,0,0,0,Flat,Leasehold,Non Bumi Lot,High,Kuala Lumpur
175000,550.0,3.0,2.0,1.0,0,0,0,0,0,0,0,0,Flat,Leasehold,Non Bumi Lot,High,Kuala Lumpur
415000,948.0,3.0,2.0,1.0,10,0,0,0,0,0,0,0,Service Residence,Freehold,Non Bumi Lot,Medium,Kuala Lumpur
300000,1012.0,3.0,2.0,1.0,10,1,0,0,1,0,0,0,Service Residence,Freehold,Non Bumi Lot,Medium,Selangor
446400,815.0,3.0,2.0,1.0,0,0,0,0,0,0,0,0,Condominium,Leasehold,Non Bumi Lot,Unknown,Sarawak
280000,771.0,3.0,2.0,2.0,0,0,0,0,0,0,0,0,Apartment,Leasehold,Non Bumi Lot,Unknown,Sarawak
270000,750.0,3.0,2.0,1.0,0,0,0,0,0,0,0,0,Apartment,Freehold,Bumi Lot,Unknown,Selangor
498000,1088.0,3.0,2.0,1.0,9,0,0,0,0,0,0,0,Service Residence,Freehold,Non Bumi Lot,Unknown,Melaka
269000,1044.0,3.0,2.0,1.0,0,0,0,0,0,0,0,0,Apartment,Leasehold,Bumi Lot,Medium,Johor
320000,1000.0,3.0,2.0,1.0,5,0,0,0,0,0,0,0,Condominium,Freehold,Non Bumi Lot,Low,Pahang
465000,1000.0,3.0,2.0,1.0,9,0,0,0,0,0,0,0,Condominium,Freehold,Non Bumi Lot,Low,Sabah
270000,850.0,3.0,2.0,1.0,11,0,0,0,0,0,0,0,Apartment,Leasehold,Non Bumi Lot,Low,Sabah
690000,552.0,1.0,1.0,1.0,12,0,0,0,0,0,0,0,Service Residence,Leasehold,Non Bumi Lot,High,Sabah
440000,850.0,3.0,2.0,2.0,7,0,0,0,0,0,0,0,Condominium,Leasehold,Non Bumi Lot,Low,Penang
280000,900.0,3.0,2.0,2.0,9,1,0,0,0,0,0,0,Apartment,Freehold,Non Bumi Lot,Unknown,Selangor
245000,800.0,3.0,2.0,1.0,2,0,1,0,1,0,0,1,Apartment,Freehold,Non Bumi Lot,Medium,Selangor
371000,828.0,3.0,2.0,1.0,0,0,0,0,0,0,0,0,Apartment,Freehold,Non Bumi Lot,Medium,Putrajaya
100000,710.0,3.0,2.0,1.0,2,0,0,0,0,0,0,0,Flat,Leasehold,Bumi Lot,High,Johor
235000,786.0,3.0,2.0,1.0,4,1,0,0,0,1,1,1,Apartment,Freehold,Non Bumi Lot,Unknown,Selangor
220000,732.0,3.0,2.0,1.0,0,0,0,0,0,0,0,0,Apartment,Leasehold,Non Bumi Lot,Medium,Selangor
211000,527.0,1.0,1.0,1.0,11,0,0,0,0,0,0,0,Service Residence,Freehold,Bumi Lot,Medium,Johor
320000,850.0,3.0,2.0,2.0,11,0,0,0,0,0,0,0,Apartment,Freehold,Non Bumi Lot,Low,Johor
155000,650.0,3.0,2.0,1.0,0,0,0,0,0,0,0,1,Flat,Freehold,Non Bumi Lot,High,Selangor
340000,650.0,2.0,2.0,1.0,11,1,1,0,1,0,0,0,Service Residence,Leasehold,Non Bumi Lot,Low,Kuala Lumpur
350000,864.0,3.0,2.0,2.0,0,0,0,0,0,0,0,0,Condominium,Freehold,Non Bumi Lot,Unknown,Selangor
330000,1302.0,3.0,2.0,1.0,5,0,0,0,0,0,0,0,Apartment,Leasehold,Bumi Lot,Medium,Selangor
380000,640.0,1.0,1.0,1.0,11,0,0,0,0,0,0,0,Condominium,Freehold,Non Bumi Lot,High,Johor
369000,1043.0,3.0,2.0,1.0,6,0,0,0,0,0,1,0,Condominium,Freehold,Bumi Lot,Medium,Selangor
410000,802.0,2.0,2.0,1.0,8,0,0,0,0,0,0,0,Condominium,Freehold,Non Bumi Lot,High,Penang
265000,678.0,3.0,1.0,1.0,4,0,0,0,0,0,0,0,Apartment,Leasehold,Non Bumi Lot,High,Kuala Lumpur
510000,1100.0,3.0,2.0,1.0,7,1,0,1,0,1,1,0,Condominium,Leasehold,Non Bumi Lot,Unknown,Kuala Lumpur
420000,908.0,3.0,2.0,1.0,7,1,0,1,0,1,1,0,Condominium,Leasehold,Non Bumi Lot,Unknown,Kuala Lumpur
408000,1105.0,3.0,2.0,1.0,4,1,0,0,1,1,1,0,Apartment,Freehold,Non Bumi Lot,Low,Selangor
398000,687.0,1.0,1.0,1.0,0,0,0,0,0,0,0,0,Apartment,Leasehold,Non Bumi Lot,Medium,Sarawak
265000,907.0,3.0,2.0,1.0,4,0,0,0,0,0,1,0,Service Residence,Leasehold,Non Bumi Lot,Medium,Selangor
280000,750.0,3.0,2.0,1.0,4,0,0,0,0,1,0,0,Apartment,Leasehold,Non Bumi Lot,Low,Selangor
285000,700.0,3.0,1.0,1.0,3,0,0,0,0,0,0,0,Apartment,Freehold,Non Bumi Lot,High,Penang
260000,990.0,3.0,2.0,1.0,7,0,0,0,0,0,0,0,Apartment,Freehold,Non Bumi Lot,High,Johor
475000,883.0,2.0,2.0,2.0,10,1,0,0,0,1,0,0,Condominium,Leasehold,Bumi Lot,Medium,Selangor
380000,960.0,3.0,2.0,1.0,8,0,0,0,0,0,0,0,Condominium,Leasehold,Bumi Lot,Medium,Selangor
485000,1010.0,3.0,2.0,1.0,8,1,1,1,1,1,1,1,Service Residence,Freehold,Bumi Lot,Medium,Kuala Lumpur
340000,845.0,3.0,2.0,1.0,0,1,0,0,1,1,0,0,Service Residence,Freehold,Non Bumi Lot,Unknown,Kuala Lumpur
290000,904.0,3.0,2.0,1.0,3,0,0,0,0,0,0,0,Apartment,Leasehold,Non Bumi Lot,Unknown,Penang
130000,650.0,3.0,1.0,1.0,0,0,0,0,0,1,0,0,Condominium,Freehold,Bumi Lot,High,Selangor
170000,650.0,3.0,2.0,1.0,2,0,0,0,0,0,0,0,Apartment,Leasehold,Bumi Lot,Low,Selangor
240000,800.0,3.0,2.0,1.0,6,0,0,0,0,0,0,0,Apartment,Leasehold,Bumi Lot,Low,Selangor
390000,944.0,3.0,2.0,1.0,4,1,0,0,1,0,1,0,Apartment,Freehold,Non Bumi Lot,Medium,Selangor
345000,1004.0,3.0,2.0,1.0,9,0,0,0,0,0,0,0,Apartment,Freehold,Non Bumi Lot,High,Selangor
380000,604.0,2.0,2.0,2.0,10,0,0,0,0,0,0,0,Service Residence,Leasehold,Non Bumi Lot,High,Selangor
440000,1238.0,4.0,2.0,2.0,9,1,0,0,0,0,1,0,Condominium,Freehold,Non Bumi Lot,Low,Selangor
120000,734.0,3.0,1.0,1.0,1,1,0,0,0,0,1,0,Apartment,Freehold,Non Bumi Lot,Low,Kuala Lumpur
350000,753.0,1.0,1.0,2.0,14,0,0,0,0,0,0,0,Condominium,Freehold,Non Bumi Lot,High,Selangor
210000,856.0,3.0,2.0,1.0,6,0,0,0,0,0,0,0,Condominium,Freehold,Non Bumi Lot,Unknown,Selangor
320000,950.0,3.0,2.0,1.0,4,1,1,0,1,0,0,0,Apartment,Leasehold,Non Bumi Lot,High,Kuala Lumpur
530000,1500.0,3.0,2.0,4.0,7,1,0,0,0,1,1,1,Service Residence,Freehold,Non Bumi Lot,High,Selangor
269000,868.0,3.0,2.0,1.0,6,0,1,0,1,0,0,1,Apartment,Freehold,Bumi Lot,Medium,Selangor
1200000,2907.0,4.0,5.0,2.0,7,0,0,0,0,0,0,0,Condominium,Leasehold,Non Bumi Lot,High,Sarawak
440000,1000.0,4.0,2.0,2.0,9,0,0,0,0,0,0,0,Condominium,Freehold,Non Bumi Lot,Medium,Selangor
349000,1100.0,3.0,2.0,1.0,7,1,0,0,1,0,0,0,Condominium,Leasehold,Non Bumi Lot,Unknown,Selangor
373000,1206.0,4.0,2.0,1.0,7,1,0,0,1,0,0,0,Condominium,Leasehold,Non Bumi Lot,Unknown,Selangor
340000,1100.0,3.0,2.0,1.0,14,1,0,0,0,1,1,0,Condominium,Leasehold,Non Bumi Lot,High,Kuala Lumpur
360000,740.0,2.0,2.0,1.0,9,0,0,0,0,0,0,0,Service Residence,Freehold,Non Bumi Lot,Medium,Johor
335000,646.0,1.0,1.0,1.0,2,0,0,0,0,0,0,0,Service Residence,Freehold,Non Bumi Lot,Medium,Johor
250000,800.0,3.0,2.0,2.0,6,0,0,0,0,0,0,0,Apartment,Freehold,Non Bumi Lot,Unknown,Selangor
330000,721.0,2.0,2.0,1.0,7,0,0,0,0,0,0,0,Service Residence,Freehold,Non Bumi Lot,Medium,Johor
290000,810.0,2.0,2.0,1.0,10,0,0,0,0,0,0,0,Service Residence,Freehold,Non Bumi Lot,Medium,Johor
138000,692.0,3.0,2.0,1.0,3,0,0,0,0,0,0,0,Flat,Freehold,Non Bumi Lot,Medium,Johor
460000,990.0,3.0,2.0,2.0,9,0,0,0,0,0,0,0,Service Residence,Leasehold,Non Bumi Lot,Low,Selangor
168000,689.0,3.0,2.0,1.0,9,1,0,0,0,1,1,0,Apartment,Freehold,Non Bumi Lot,Low,Selangor
130000,880.0,3.0,2.0,1.0,0,0,0,0,0,0,0,0,Apartment,Freehold,Non Bumi Lot,Low,Selangor
150000,650.0,3.0,1.0,1.0,3,0,0,0,0,0,0,0,Apartment,Leasehold,Bumi Lot,High,Selangor
423000,1055.0,3.0,2.0,1.0,7,1,1,0,0,1,0,0,Apartment,Freehold,Non Bumi Lot,Unknown,Kuala Lumpur
470000,1168.0,3.0,2.0,1.0,14,0,0,0,0,0,0,0,Service Residence,Freehold,Non Bumi Lot,Unknown,Johor
324400,775.0,3.0,2.0,1.0,6,1,0,0,0,1,0,0,Apartment,Leasehold,Non Bumi Lot,Unknown,Kuala Lumpur
165000,650.0,2.0,1.0,1.0,0,0,0,0,0,0,0,0,Apartment,Leasehold,Non Bumi Lot,Unknown,Penang
900000,2000.0,5.0,3.0,2.0,7,0,0,0,0,0,0,0,Others,Leasehold,Non Bumi Lot,Medium,Penang
340200,818.0,3.0,2.0,1.0,8,1,1,0,1,0,0,0,Service Residence,Leasehold,Non Bumi Lot,Unknown,Kuala Lumpur
780000,893.0,1.0,2.0,1.0,10,0,0,0,0,0,0,0,Service Residence,Freehold,Non Bumi Lot,High,Penang
420000,1055.0,3.0,2.0,1.0,10,0,0,0,0,0,0,0,Condominium,Freehold,Non Bumi Lot,High,Penang
420000,800.0,3.0,2.0,1.0,10,0,0,0,0,0,0,0,Apartment,Leasehold,Non Bumi Lot,Unknown,Penang
320000,1077.0,3.0,2.0,1.0,0,0,0,0,0,0,0,0,Apartment,Freehold,Non Bumi Lot,Low,Penang
218000,798.0,3.0,2.0,1.0,5,0,0,0,0,0,0,0,Apartment,Leasehold,Bumi Lot,Low,Perak
355000,1173.0,3.0,2.0,1.0,6,1,1,0,0,1,1,0,Condominium,Leasehold,Bumi Lot,Low,Selangor
360000,1005.0,3.0,2.0,1.0,5,1,0,1,1,1,0,0,Condominium,Leasehold,Bumi Lot,Low,Kuala Lumpur
310000,1164.0,2.0,2.0,1.0,9,0,0,0,0,0,0,0,Condominium,Freehold,Bumi Lot,Medium,Perak
280000,750.0,3.0,2.0,1.0,5,0,0,0,0,0,0,0,Apartment,Leasehold,Non Bumi Lot,Medium,Selangor
310000,1023.0,3.0,2.0,2.0,12,0,0,0,0,0,0,0,Condominium,Freehold,Non Bumi Lot,Medium,Selangor
900000,1421.0,3.0,2.0,2.0,9,0,0,0,0,0,0,0,Condominium,Freehold,Non Bumi Lot,Medium,Penang
770000,1485.0,4.0,3.0,2.0,10,1,0,0,0,0,1,0,Condominium,Leasehold,Non Bumi Lot,Unknown,Kuala Lumpur
390000,1419.0,4.0,3.0,2.0,0,1,1,1,0,0,1,0,Condominium,Leasehold,Non Bumi Lot,Unknown,Selangor
220000,856.0,3.0,2.0,1.0,6,0,0,0,0,0,0,0,Condominium,Freehold,Non Bumi Lot,Unknown,Selangor
228000,416.0,1.0,1.0,1.0,4,1,1,0,1,1,1,1,Service Residence,Leasehold,Non Bumi Lot,Medium,Kuala Lumpur
380000,700.0,3.0,2.0,1.0,7,0,0,0,0,0,0,0,Apartment,Freehold,Non Bumi Lot,Unknown,Penang
115000,710.0,3.0,2.0,1.0,0,0,0,0,0,0,0,0,Apartment,Leasehold,Non Bumi Lot,Unknown,Melaka
750000,1350.0,3.0,2.0,2.0,13,0,0,0,0,0,0,0,Condominium,Leasehold,Bumi Lot,Low,Kuala Lumpur
218700,883.0,3.0,2.0,1.0,9,1,0,0,0,1,0,0,Service Residence,Leasehold,Non Bumi Lot,Unknown,Selangor
138000,550.0,2.0,1.0,1.0,2,0,0,0,0,0,0,0,Flat,Leasehold,Non Bumi Lot,Medium,Penang
360000,800.0,3.0,2.0,1.0,14,0,0,0,0,0,0,0,Apartment,Leasehold,Non Bumi Lot,Unknown,Penang
345000,547.0,1.0,1.0,1.0,11,0,0,0,1,0,0,0,Condominium,Freehold,Non Bumi Lot,Medium,Selangor
433094,1184.0,3.0,2.0,2.0,10,0,0,0,0,0,0,0,Condominium,Freehold,Non Bumi Lot,Medium,Putrajaya
395000,800.0,2.0,2.0,1.0,10,1,0,0,1,1,0,0,Service Residence,Freehold,Non Bumi Lot,Medium,Kuala Lumpur
270000,750.0,3.0,2.0,1.0,7,0,0,0,0,0,0,0,Condominium,Freehold,Non Bumi Lot,High,Penang
278000,1100.0,3.0,2.0,1.0,7,1,1,1,0,1,1,0,Condominium,Leasehold,Non Bumi Lot,Medium,Selangor
260000,800.0,3.0,2.0,1.0,0,0,0,0,0,0,0,0,Apartment,Leasehold,Bumi Lot,Medium,Selangor
420000,1148.0,4.0,2.0,1.0,11,1,1,1,1,0,1,1,Condominium,Leasehold,Non Bumi Lot,Low,Selangor
330000,1200.0,3.0,2.0,2.0,10,1,0,0,1,0,0,0,Service Residence,Freehold,Non Bumi Lot,Low,Selangor
380000,918.0,3.0,2.0,1.0,10,1,1,0,0,1,1,0,Condominium,Leasehold,Non Bumi Lot,Medium,Kuala Lumpur
1480000,4370.0,5.0,7.0,1.0,14,0,0,0,0,0,0,0,Condominium,Leasehold,Non Bumi Lot,High,Selangor
900000,2240.0,5.0,4.0,1.0,10,0,0,0,0,0,0,0,Others,Leasehold,Bumi Lot,Unknown,Johor
510000,658.0,1.0,1.0,1.0,5,0,0,0,0,0,0,0,Condominium,Freehold,Non Bumi Lot,Unknown,Penang
460000,980.0,3.0,2.0,1.0,10,1,1,1,1,0,1,1,Condominium,Leasehold,Non Bumi Lot,High,Selangor
490000,900.0,3.0,2.0,1.0,8,1,1,1,1,1,1,0,Condominium,Leasehold,Bumi Lot,High,Kuala Lumpur
196000,650.0,3.0,1.0,1.0,2,0,0,0,0,0,0,0,Flat,Leasehold,Non Bumi Lot,Low,Johor
280000,717.0,1.0,1.0,1.0,9,1,0,1,1,1,1,0,Condominium,Freehold,Non Bumi Lot,Unknown,Kuala Lumpur
150000,527.0,2.0,1.0,1.0,1,0,0,0,0,0,0,0,Apartment,Leasehold,Non Bumi Lot,Unknown,Selangor
255000,755.0,3.0,2.0,1.0,0,0,0,0,0,0,0,0,Condominium,Freehold,Non Bumi Lot,Unknown,Kuala Lumpur
240000,907.0,3.0,2.0,1.0,7,1,0,0,0,0,1,0,Condominium,Leasehold,Non Bumi Lot,Medium,Selangor
368000,1238.0,3.0,2.0,1.0,10,0,0,0,0,0,0,0,Apartment,Freehold,Non Bumi Lot,Medium,Johor
345000,636.0,1.0,1.0,1.0,9,0,0,0,0,0,0,0,Condominium,Freehold,Non Bumi Lot,Low,Selangor
500000,1453.0,3.0,3.0,4.0,0,0,0,0,0,0,0,0,Condominium,Freehold,Non Bumi Lot,Medium,Penang
365000,1152.0,3.0,2.0,1.0,6,1,1,0,1,1,1,0,Apartment,Leasehold,Non Bumi Lot,Medium,Kuala Lumpur
310000,900.0,3.0,2.0,1.0,5,1,0,1,0,1,1,0,Condominium,Freehold,Non Bumi Lot,Low,Selangor
380000,918.0,3.0,2.0,1.0,10,1,1,0,0,1,1,0,Condominium,Leasehold,Non Bumi Lot,Medium,Kuala Lumpur
490000,900.0,3.0,2.0,1.0,8,1,1,1,1,1,1,0,Condominium,Leasehold,Bumi Lot,High,Kuala Lumpur
240000,907.0,3.0,2.0,1.0,7,1,0,0,0,0,1,0,Condominium,Leasehold,Non Bumi Lot,Medium,Selangor
365000,1152.0,3.0,2.0,1.0,6,1,1,0,1,1,1,0,Apartment,Leasehold,Non Bumi Lot,Medium,Kuala Lumpur
449000,1207.0,4.0,2.0,1.0,10,1,0,0,0,1,1,0,Service Residence,Leasehold,Non Bumi Lot,Medium,Kuala Lumpur
420000,650.0,2.0,2.0,1.0,11,1,1,1,0,1,1,0,Service Residence,Freehold,Non Bumi Lot,Unknown,Kuala Lumpur
185000,678.0,3.0,2.0,1.0,3,0,0,0,0,0,1,0,Apartment,Freehold,Bumi Lot,Low,Selangor
125000,645.0,3.0,1.0,1.0,0,0,0,0,0,0,0,0,Flat,Leasehold,Non Bumi Lot,Unknown,Sarawak
168000,667.0,3.0,1.0,1.0,0,0,0,0,0,0,0,0,Apartment,Leasehold,Non Bumi Lot,Unknown,Sarawak
450000,550.0,1.0,1.0,1.0,12,0,0,0,0,0,0,0,Service Residence,Freehold,Non Bumi Lot,High,Selangor
188000,861.0,3.0,1.0,1.0,0,0,0,0,0,0,0,0,Apartment,Leasehold,Non Bumi Lot,Unknown,Sarawak
38000,689.0,1.0,1.0,1.0,5,0,0,0,0,0,0,0,Service Residence,Leasehold,Non Bumi Lot,Medium,Perak
249000,801.0,3.0,2.0,1.0,9,0,0,0,0,0,1,0,Apartment,Leasehold,Bumi Lot,Medium,Selangor
285000,853.0,3.0,2.0,1.0,4,0,0,0,0,0,0,0,Apartment,Freehold,Non Bumi Lot,Low,Selangor
317000,450.0,1.0,1.0,1.0,10,0,1,1,0,0,0,0,Service Residence,Leasehold,Non Bumi Lot,High,Selangor
240000,953.0,3.0,2.0,1.0,5,0,0,0,0,0,0,0,Apartment,Freehold,Bumi Lot,Medium,Selangor
470000,1207.0,4.0,2.0,1.0,11,1,0,0,0,1,1,0,Service Residence,Leasehold,Non Bumi Lot,Unknown,Kuala Lumpur
470000,1366.0,4.0,2.0,1.0,7,1,0,0,0,0,1,0,Condominium,Leasehold,Bumi Lot,Unknown,Selangor
400000,915.0,2.0,2.0,1.0,2,1,1,0,1,1,1,0,Condominium,Freehold,Non Bumi Lot,High,Selangor
270000,850.0,3.0,2.0,1.0,10,1,0,0,1,1,1,0,Apartment,Leasehold,Non Bumi Lot,Unknown,Selangor
285000,813.0,3.0,2.0,2.0,10,0,0,0,0,0,0,0,Apartment,Freehold,Non Bumi Lot,Unknown,Selangor
365000,759.0,2.0,2.0,1.0,12,0,0,0,0,0,0,0,Service Residence,Leasehold,Bumi Lot,Medium,Selangor
360000,816.0,2.0,2.0,1.0,6,0,1,1,1,1,1,0,Service Residence,Freehold,Bumi Lot,Medium,Selangor
120000,650.0,3.0,2.0,1.0,5,0,0,0,0,0,0,0,Apartment,Leasehold,Non Bumi Lot,Low,Selangor
290000,466.0,1.0,1.0,1.0,10,1,1,1,0,1,1,0,Studio,Freehold,Non Bumi Lot,Medium,Selangor
200000,850.0,3.0,2.0,1.0,9,0,1,1,0,1,1,1,Apartment,Leasehold,Non Bumi Lot,Unknown,Selangor
210000,700.0,3.0,2.0,1.0,7,0,0,0,0,0,0,0,Apartment,Leasehold,Bumi Lot,High,Selangor
165000,650.0,3.0,2.0,1.0,5,0,0,0,0,0,0,0,Apartment,Freehold,Non Bumi Lot,Unknown,Kuala Lumpur
230000,900.0,3.0,2.0,2.0,7,0,0,0,0,0,0,0,Apartment,Leasehold,Bumi Lot,Low,Johor
170000,795.0,3.0,2.0,1.0,4,1,0,0,0,1,0,0,Apartment,Leasehold,Non Bumi Lot,High,Selangor
280000,904.0,3.0,2.0,1.0,4,0,0,0,0,0,0,0,Apartment,Leasehold,Bumi Lot,High,Johor
461000,700.0,3.0,2.0,1.0,8,0,0,0,0,0,0,0,Apartment,Freehold,Non Bumi Lot,High,Penang
200000,675.0,3.0,2.0,1.0,5,0,0,0,1,1,0,1,Apartment,Leasehold,Bumi Lot,Unknown,Selangor
198000,850.0,3.0,2.0,1.0,4,0,0,0,0,0,0,0,Flat,Freehold,Non Bumi Lot,Medium,Johor
530000,765.0,2.0,1.0,2.0,13,0,0,0,0,0,0,0,Condominium,Freehold,Non Bumi Lot,Unknown,Penang
1350000,2766.0,4.0,3.0,1.0,1,0,0,0,0,0,0,0,Duplex,Leasehold,Malay Reserved,Low,Selangor
370000,857.0,2.0,2.0,2.0,2,0,1,0,0,0,0,0,Service Residence,Freehold,Non Bumi Lot,Unknown,Selangor
210000,800.0,3.0,2.0,1.0,4,0,0,0,0,0,0,0,Apartment,Leasehold,Bumi Lot,Low,Unknown
420000,554.0,2.0,1.0,1.0,3,0,0,0,0,0,0,0,Service Residence,Freehold,Non Bumi Lot,High,Unknown
1200000,2400.0,5.0,4.0,2.0,6,0,0,0,0,0,0,0,Condominium,Freehold,Non Bumi Lot,High,Selangor
290000,1200.0,3.0,2.0,1.0,5,0,0,0,0,0,0,0,Service Residence,Leasehold,Bumi Lot,Medium,Selangor
220000,657.0,3.0,1.0,1.0,3,0,0,0,0,0,0,0,Apartment,Freehold,Bumi Lot,Low,Kuala Lumpur
330000,1006.0,3.0,2.0,1.0,4,0,0,0,0,0,0,0,Apartment,Leasehold,Non Bumi Lot,Medium,Johor
355000,1173.0,3.0,2.0,1.0,8,1,1,0,0,1,1,0,Condominium,Leasehold,Bumi Lot,Low,Selangor
140000,613.0,3.0,2.0,1.0,0,0,0,0,0,0,0,0,Apartment,Leasehold,Bumi Lot,Low,Johor
380000,1200.0,4.0,2.0,1.0,14,0,1,0,0,1,1,1,Apartment,Leasehold,Non Bumi Lot,Unknown,Selangor
330000,960.0,3.0,2.0,1.0,14,0,1,0,0,1,1,1,Apartment,Leasehold,Bumi Lot,Unknown,Selangor
143000,657.0,3.0,2.0,1.0,0,1,0,0,0,0,1,0,Flat,Leasehold,Bumi Lot,Low,Selangor
580000,1270.0,3.0,2.0,2.0,8,0,0,0,0,0,0,0,Condominium,Freehold,Non Bumi Lot,High,Penang
460000,1328.0,3.0,2.0,2.0,14,0,0,0,0,0,0,0,Condominium,Freehold,Non Bumi Lot,Unknown,Penang
395000,1206.0,4.0,2.0,1.0,0,0,0,1,0,1,1,0,Condominium,Freehold,Non Bumi Lot,Medium,Kuala Lumpur
350000,1161.0,3.0,2.0,2.0,9,1,1,0,0,1,1,0,Condominium,Freehold,Bumi Lot,Medium,Selangor
520000,1399.0,3.0,2.0,1.0,5,1,0,0,1,1,1,0,Condominium,Freehold,Bumi Lot,High,Kuala Lumpur
230000,810.0,3.0,2.0,1.0,2,1,0,0,0,1,1,0,Apartment,Freehold,Non Bumi Lot,Unknown,Selangor
220000,780.0,3.0,2.0,1.0,6,0,0,0,0,0,1,0,Condominium,Leasehold,Non Bumi Lot,Unknown,Selangor
310000,900.0,3.0,2.0,2.0,10,1,0,0,0,0,1,0,Apartment,Freehold,Bumi Lot,Medium,Selangor
260000,800.0,3.0,2.0,1.0,6,1,0,0,1,1,1,0,Apartment,Leasehold,Bumi Lot,High,Selangor
145000,650.0,3.0,1.0,1.0,0,0,0,0,0,1,0,0,Condominium,Freehold,Bumi Lot,High,Selangor
728000,1626.0,4.0,3.0,1.0,11,1,0,1,1,1,1,0,Condominium,Freehold,Non Bumi Lot,Medium,Kuala Lumpur
420000,1080.0,3.0,2.0,2.0,3,0,1,1,0,1,1,0,Condominium,Leasehold,Bumi Lot,Unknown,Selangor
135000,1010.0,3.0,2.0,1.0,0,0,0,0,0,0,0,0,Apartment,Leasehold,Non Bumi Lot,Low,Sarawak
148000,1101.0,3.0,2.0,1.0,0,0,0,0,0,0,0,0,Flat,Leasehold,Non Bumi Lot,Unknown,Sarawak
165000,548.0,1.0,1.0,1.0,0,0,0,0,0,0,0,0,Service Residence,Leasehold,Non Bumi Lot,Unknown,Sarawak
295000,856.0,3.0,2.0,1.0,2,0,0,0,0,0,0,0,Apartment,Freehold,Non Bumi Lot,Medium,Kuala Lumpur
250000,633.0,3.0,2.0,1.0,2,0,0,0,0,0,0,0,Apartment,Leasehold,Non Bumi Lot,Unknown,Sarawak
355000,1173.0,3.0,2.0,1.0,5,1,1,0,0,1,1,0,Condominium,Leasehold,Bumi Lot,Low,Selangor
1450000,1200.0,3.0,2.0,2.0,7,0,0,0,0,0,0,0,Condominium,Freehold,Non Bumi Lot,Medium,Penang
345000,786.0,3.0,2.0,1.0,8,0,0,0,0,0,0,0,Condominium,Freehold,Non Bumi Lot,High,Penang
288000,654.0,3.0,1.0,1.0,0,0,0,0,0,0,0,0,Apartment,Freehold,Non Bumi Lot,High,Penang
328000,1442.0,4.0,3.0,1.0,0,0,0,0,0,0,0,0,Condominium,Freehold,Non Bumi Lot,Unknown,Perak
150000,667.0,3.0,1.0,1.0,0,0,0,0,0,0,0,0,Apartment,Freehold,Bumi Lot,Unknown,Selangor
160000,670.0,3.0,2.0,1.0,1,0,0,0,0,0,0,0,Flat,Freehold,Non Bumi Lot,Unknown,Selangor
530000,1207.0,3.0,2.0,1.0,8,1,0,0,0,1,1,0,Service Residence,Leasehold,Bumi Lot,Medium,Kuala Lumpur
750000,1173.0,3.0,2.0,2.0,9,1,1,0,1,0,1,0,Condominium,Leasehold,Non Bumi Lot,Medium,Selangor
230000,680.0,3.0,1.0,1.0,3,0,0,0,0,0,0,0,Apartment,Freehold,Non Bumi Lot,Unknown,Penang
400000,1386.0,4.0,3.0,2.0,12,0,0,0,0,0,0,0,Condominium,Leasehold,Non Bumi Lot,Unknown,Selangor
250000,882.0,3.0,2.0,1.0,7,0,0,0,0,0,0,0,Condominium,Freehold,Non Bumi Lot,Low,Penang
1818000,2300.0,4.0,4.0,2.0,9,0,0,0,0,0,0,0,Condominium,Freehold,Non Bumi Lot,Low,Penang
319000,850.0,3.0,2.0,2.0,3,0,0,0,0,0,0,0,Apartment,Freehold,Bumi Lot,High,Selangor
275000,850.0,3.0,2.0,1.0,0,0,0,0,0,0,0,0,Apartment,Leasehold,Bumi Lot,Medium,Johor
340000,989.0,3.0,2.0,1.0,2,0,0,0,0,0,0,0,Service Residence,Freehold,Non Bumi Lot,Medium,Selangor
140000,810.0,3.0,2.0,1.0,0,0,0,0,0,0,0,0,Flat,Leasehold,Bumi Lot,Medium,Selangor
399000,708.0,2.0,2.0,1.0,7,0,0,0,0,0,0,0,Condominium,Freehold,Non Bumi Lot,Medium,Pahang
275000,799.0,2.0,2.0,1.0,0,0,0,0,0,0,0,0,Apartment,Freehold,Non Bumi Lot,Medium,Terengganu
270000,768.0,1.0,1.0,1.0,10,0,0,0,0,0,0,0,Apartment,Leasehold,Non Bumi Lot,Low,Pahang
263000,600.0,3.0,1.0,2.0,4,1,1,0,0,0,0,0,Apartment,Leasehold,Bumi Lot,Medium,Kuala Lumpur
272000,777.0,1.0,1.0,2.0,12,0,0,0,0,0,0,0,Condominium,Leasehold,Non Bumi Lot,Medium,Selangor
520000,1258.0,3.0,2.0,1.0,7,0,0,0,0,0,0,0,Condominium,Freehold,Non Bumi Lot,Low,Penang
300000,610.0,1.0,1.0,1.0,10,1,0,0,1,1,1,1,Condominium,Leasehold,Non Bumi Lot,Unknown,Kuala Lumpur
225000,657.0,3.0,1.0,1.0,0,0,0,0,0,0,0,0,Apartment,Freehold,Bumi Lot,Low,Selangor
400000,792.0,2.0,2.0,1.0,11,0,0,0,0,0,1,0,Service Residence,Freehold,Non Bumi Lot,Unknown,Selangor
239000,603.0,3.0,1.0,1.0,3,1,1,0,1,1,1,0,Apartment,Leasehold,Non Bumi Lot,High,Kuala Lumpur
268000,906.0,3.0,2.0,1.0,8,0,0,0,0,0,0,0,Apartment,Leasehold,Non Bumi Lot,Medium,Johor
168000,700.0,2.0,1.0,1.0,0,1,0,0,0,0,1,0,Apartment,Freehold,Non Bumi Lot,Low,Kuala Lumpur
288000,464.0,1.0,1.0,1.0,8,1,1,1,0,1,1,0,Condominium,Freehold,Non Bumi Lot,Medium,Selangor
350000,1009.0,3.0,2.0,2.0,11,1,0,0,0,1,1,0,Service Residence,Leasehold,Non Bumi Lot,High,Kuala Lumpur
190000,656.0,3.0,2.0,1.0,4,0,0,0,0,0,0,0,Apartment,Freehold,Non Bumi Lot,High,Selangor
290000,850.0,3.0,2.0,1.0,4,1,0,0,0,0,0,0,Apartment,Leasehold,Non Bumi Lot,Medium,Selangor
900000,1432.0,3.0,2.0,1.0,10,0,0,0,0,0,0,0,Condominium,Freehold,Non Bumi Lot,High,Sarawak
350000,1080.0,3.0,2.0,2.0,6,0,0,0,0,0,0,0,Apartment,Freehold,Non Bumi Lot,Medium,Penang
355000,614.0,1.0,1.0,1.0,7,0,0,0,0,0,0,0,Condominium,Freehold,Non Bumi Lot,Low,Johor
395000,810.0,2.0,2.0,1.0,10,0,0,0,0,0,0,0,Condominium,Freehold,Non Bumi Lot,Unknown,Penang
400000,422.0,1.0,1.0,2.0,5,0,0,0,0,0,0,0,Service Residence,Leasehold,Non Bumi Lot,Medium,Pahang
198000,743.0,3.0,2.0,1.0,3,0,0,0,0,0,0,0,Apartment,Leasehold,Bumi Lot,Medium,Johor
345000,430.0,2.0,2.0,1.0,1,1,1,1,1,1,1,0,Service Residence,Freehold,Non Bumi Lot,Unknown,Kuala Lumpur
400000,979.0,3.0,2.0,2.0,7,1,1,0,1,1,1,0,Service Residence,Leasehold,Non Bumi Lot,Unknown,Selangor
207000,1022.0,3.0,2.0,1.0,0,0,0,0,0,0,0,0,Condominium,Freehold,Non Bumi Lot,Unknown,Selangor
580000,1349.0,3.0,1.0,1.0,8,0,0,0,0,0,0,0,Condominium,Freehold,Non Bumi Lot,Unknown,Unknown
485000,1100.0,3.0,2.0,1.0,9,0,0,0,0,0,0,0,Condominium,Leasehold,Non Bumi Lot,Medium,Sabah
295000,738.0,3.0,2.0,1.0,5,0,0,0,0,0,0,0,Apartment,Leasehold,Non Bumi Lot,Low,Sabah
170000,810.0,3.0,2.0,1.0,2,0,0,0,0,0,0,0,Flat,Leasehold,Bumi Lot,Medium,Selangor
205000,786.0,3.0,2.0,1.0,0,1,0,0,0,0,1,0,Apartment,Freehold,Non Bumi Lot,Medium,Selangor
128000,657.0,3.0,2.0,1.0,0,1,0,1,0,0,1,0,Flat,Freehold,Non Bumi Lot,Low,Selangor
115000,657.0,3.0,2.0,1.0,0,1,0,1,0,0,1,0,Flat,Freehold,Non Bumi Lot,Medium,Selangor
270000,850.0,3.0,2.0,1.0,7,0,0,0,0,0,0,0,Apartment,Freehold,Bumi Lot,Low,Selangor
499000,1200.0,3.0,3.0,2.0,14,0,0,0,0,0,0,0,Condominium,Freehold,Non Bumi Lot,High,Putrajaya
318000,973.0,3.0,2.0,1.0,5,0,0,0,0,0,0,0,Condominium,Leasehold,Non Bumi Lot,Medium,Johor
450000,870.0,3.0,2.0,2.0,9,0,0,0,0,0,0,0,Service Residence,Leasehold,Non Bumi Lot,Medium,Sabah
500000,1066.0,2.0,2.0,1.0,0,0,0,0,0,0,0,0,Service Residence,Leasehold,Non Bumi Lot,Medium,Sabah
260000,732.0,1.0,1.0,1.0,8,0,0,0,0,0,0,0,Condominium,Freehold,Non Bumi Lot,Medium,Kuala Lumpur
340000,850.0,3.0,2.0,2.0,5,1,0,0,0,1,0,0,Apartment,Leasehold,Non Bumi Lot,Medium,Selangor
119000,650.0,3.0,2.0,1.0,5,0,0,0,0,0,0,0,Flat,Leasehold,Bumi Lot,High,Selangor
370000,858.0,3.0,2.0,1.0,6,1,1,1,1,0,1,0,Apartment,Leasehold,Non Bumi Lot,Medium,Selangor
430000,1039.0,3.0,2.0,1.0,4,1,1,0,1,1,1,0,Apartment,Freehold,Non Bumi Lot,Low,Selangor
250000,750.0,3.0,2.0,1.0,0,0,0,0,0,0,0,0,Apartment,Freehold,Non Bumi Lot,High,Selangor
260000,750.0,3.0,2.0,1.0,0,0,0,0,0,0,0,0,Apartment,Freehold,Non Bumi Lot,Low,Selangor
175000,750.0,3.0,2.0,1.0,0,0,0,0,0,0,0,0,Apartment,Freehold,Non Bumi Lot,High,Selangor
210000,816.0,3.0,2.0,1.0,3,0,0,0,0,0,0,0,Apartment,Leasehold,Bumi Lot,Medium,Selangor
206500,688.0,2.0,1.0,1.0,0,0,0,0,0,0,0,0,Service Residence,Freehold,Non Bumi Lot,Medium,Melaka
218000,650.0,3.0,2.0,1.0,3,0,0,0,0,0,0,0,Apartment,Leasehold,Non Bumi Lot,Unknown,Penang
770000,1345.0,4.0,2.0,2.0,12,0,0,0,0,0,0,0,Condominium,Freehold,Non Bumi Lot,Unknown,Penang
220000,590.0,2.0,1.0,1.0,3,0,0,0,0,0,0,0,Flat,Freehold,Non Bumi Lot,Unknown,Penang
235000,450.0,2.0,1.0,1.0,11,0,0,0,0,0,0,0,Condominium,Leasehold,Non Bumi Lot,Medium,Unknown
477100,600.0,2.0,1.0,1.0,14,1,0,0,0,1,1,0,Studio,Leasehold,Non Bumi Lot,Medium,Kuala Lumpur
790000,1800.0,4.0,3.0,3.0,14,0,0,0,0,0,0,0,Duplex,Leasehold,Non Bumi Lot,Medium,Kuala Lumpur
180000,810.0,3.0,2.0,1.0,3,0,0,0,0,0,0,0,Flat,Leasehold,Bumi Lot,Low,Selangor
250000,853.0,3.0,2.0,2.0,5,0,0,0,0,0,0,0,Apartment,Freehold,Bumi Lot,High,Selangor
135000,678.0,3.0,2.0,1.0,0,0,0,0,0,0,0,0,Flat,Freehold,Bumi Lot,Medium,Selangor
275000,853.0,3.0,2.0,2.0,6,0,0,0,0,0,0,0,Apartment,Freehold,Bumi Lot,Medium,Selangor
165000,650.0,3.0,1.0,1.0,1,0,0,1,1,0,1,0,Flat,Leasehold,Non Bumi Lot,High,Selangor
390000,905.0,3.0,2.0,1.0,2,0,0,0,0,0,0,0,Apartment,Freehold,Non Bumi Lot,Medium,Penang
235000,966.0,3.0,2.0,1.0,0,0,0,0,0,0,0,0,Apartment,Leasehold,Non Bumi Lot,Low,Johor
380000,956.0,3.0,2.0,1.0,14,0,0,0,0,0,0,0,Condominium,Freehold,Bumi Lot,High,Selangor
420000,700.0,3.0,2.0,1.0,5,0,0,0,0,0,0,0,Apartment,Freehold,Non Bumi Lot,Medium,Penang
450000,850.0,2.0,2.0,1.0,9,0,0,0,0,0,0,0,Apartment,Freehold,Bumi Lot,Medium,Johor
420000,975.0,3.0,2.0,2.0,10,0,0,0,0,0,0,0,Condominium,Freehold,Non Bumi Lot,Medium,Selangor
160000,606.0,3.0,1.0,1.0,2,0,0,0,0,0,0,0,Apartment,Leasehold,Bumi Lot,High,Selangor
215000,657.0,3.0,2.0,1.0,1,1,0,0,1,1,1,0,Flat,Leasehold,Non Bumi Lot,Medium,Kuala Lumpur
250000,860.0,3.0,2.0,1.0,3,0,0,0,0,1,1,0,Condominium,Freehold,Non Bumi Lot,High,Selangor
295000,1000.0,4.0,2.0,1.0,6,0,0,0,0,0,0,0,Apartment,Freehold,Non Bumi Lot,Low,Johor
520000,1165.0,3.0,2.0,2.0,10,0,0,0,0,0,0,0,Condominium,Freehold,Non Bumi Lot,Unknown,Penang
125000,775.0,3.0,2.0,1.0,1,0,0,0,0,0,0,0,Flat,Leasehold,Bumi Lot,Medium,Selangor
350000,1000.0,3.0,2.0,2.0,4,1,0,0,0,0,0,0,Apartment,Freehold,Bumi Lot,Medium,Selangor
200000,721.0,3.0,1.0,1.0,4,0,0,0,0,0,0,0,Apartment,Freehold,Bumi Lot,Medium,Negeri Sembilan
180000,775.0,3.0,2.0,1.0,4,0,0,0,0,0,0,0,Apartment,Leasehold,Non Bumi Lot,Medium,Melaka
470000,975.0,3.0,2.0,2.0,8,1,0,0,0,0,0,0,Service Residence,Leasehold,Non Bumi Lot,Unknown,Selangor
663000,1382.0,3.0,2.0,3.0,8,0,0,0,0,0,0,0,Duplex,Freehold,Non Bumi Lot,Unknown,Selangor
928000,1508.0,4.0,3.0,2.0,0,0,0,0,0,0,0,0,Condominium,Freehold,Non Bumi Lot,Unknown,Kuala Lumpur
560000,958.0,3.0,2.0,2.0,0,1,1,0,0,1,1,1,Service Residence,Freehold,Non Bumi Lot,Unknown,Kuala Lumpur
320000,1133.0,3.0,2.0,1.0,7,0,0,0,0,0,0,0,Apartment,Leasehold,Non Bumi Lot,Unknown,Selangor
200000,850.0,3.0,2.0,1.0,3,0,0,0,0,0,0,0,Apartment,Leasehold,Non Bumi Lot,High,Sabah
580000,1695.0,4.0,3.0,3.0,7,1,1,0,1,0,1,0,Condominium,Freehold,Non Bumi Lot,High,Kuala Lumpur
330000,850.0,3.0,2.0,2.0,13,0,0,0,0,0,0,0,Apartment,Freehold,Non Bumi Lot,Medium,Negeri Sembilan
260000,750.0,3.0,2.0,1.0,0,0,0,0,0,0,0,0,Apartment,Freehold,Non Bumi Lot,Medium,Selangor
105000,660.0,3.0,2.0,1.0,0,0,0,0,0,0,0,0,Apartment,Leasehold,Bumi Lot,Unknown,Selangor
480000,1000.0,3.0,2.0,2.0,12,0,0,0,0,0,0,0,Apartment,Freehold,Non Bumi Lot,Low,Penang
460000,1181.0,4.0,2.0,2.0,9,1,1,0,1,1,1,0,Condominium,Leasehold,Bumi Lot,Low,Kuala Lumpur
490000,1300.0,3.0,2.0,1.0,5,1,0,0,1,1,1,0,Condominium,Freehold,Non Bumi Lot,Unknown,Kuala Lumpur
565000,1095.0,3.0,2.0,1.0,7,0,0,0,0,0,0,0,Condominium,Freehold,Non Bumi Lot,Medium,Penang
525000,1050.0,2.0,2.0,2.0,11,0,0,0,0,0,0,0,Service Residence,Leasehold,Non Bumi Lot,High,Melaka
525000,1050.0,2.0,2.0,2.0,11,0,0,0,0,0,0,0,Service Residence,Leasehold,Non Bumi Lot,High,Melaka
650000,1091.0,4.0,3.0,2.0,10,0,0,0,0,0,0,0,Condominium,Freehold,Non Bumi Lot,High,Penang
230000,635.0,3.0,1.0,1.0,0,0,0,0,0,0,0,0,Flat,Freehold,Non Bumi Lot,Unknown,Penang
1200000,2883.0,4.0,4.0,2.0,1,0,0,0,0,0,0,0,Apartment,Freehold,Non Bumi Lot,Unknown,Kelantan
180000,751.0,3.0,2.0,1.0,4,1,0,0,0,0,0,0,Apartment,Leasehold,Bumi Lot,High,Selangor
50000,650.0,3.0,2.0,1.0,0,1,0,0,0,0,0,0,Apartment,Freehold,Non Bumi Lot,Low,Selangor
370000,1366.0,3.0,2.0,1.0,9,0,0,1,0,0,0,0,Condominium,Freehold,Non Bumi Lot,Unknown,Selangor
640000,1100.0,3.0,2.0,2.0,7,0,0,0,0,0,0,0,Condominium,Freehold,Non Bumi Lot,Low,Penang
680000,1200.0,3.0,2.0,2.0,7,0,0,0,0,0,0,0,Condominium,Freehold,Non Bumi Lot,High,Penang
230000,807.0,3.0,2.0,1.0,0,0,0,0,0,0,0,0,Apartment,Leasehold,Bumi Lot,Low,Selangor
452000,947.0,3.0,2.0,2.0,14,0,0,0,0,0,0,0,Condominium,Freehold,Bumi Lot,High,Putrajaya
720000,1155.0,3.0,2.0,2.0,10,0,0,0,0,0,0,0,Condominium,Freehold,Non Bumi Lot,Unknown,Penang
220000,992.0,3.0,2.0,1.0,6,0,1,1,0,1,1,1,Apartment,Leasehold,Bumi Lot,High,Selangor
230000,882.0,3.0,2.0,1.0,3,0,0,0,0,0,0,0,Apartment,Freehold,Non Bumi Lot,Medium,Penang
340000,920.0,3.0,2.0,1.0,7,1,0,0,1,1,1,0,Condominium,Leasehold,Bumi Lot,Unknown,Kuala Lumpur
235000,870.0,3.0,2.0,1.0,4,0,0,0,0,0,0,0,Apartment,Leasehold,Bumi Lot,High,Selangor
530000,1276.0,3.0,2.0,2.0,14,0,0,0,0,0,0,0,Service Residence,Freehold,Non Bumi Lot,Medium,Selangor
295000,533.0,1.0,1.0,2.0,11,0,0,0,0,0,0,0,Service Residence,Freehold,Non Bumi Lot,High,Selangor
542888,1276.0,3.0,2.0,2.0,10,0,0,0,0,0,0,0,Service Residence,Freehold,Non Bumi Lot,Medium,Selangor
328000,1130.0,3.0,2.0,1.0,0,1,1,0,1,1,0,0,Condominium,Freehold,Non Bumi Lot,High,Kuala Lumpur
350000,1212.0,3.0,2.0,2.0,7,0,0,0,0,0,0,0,Apartment,Freehold,Non Bumi Lot,Medium,Selangor
340000,557.0,3.0,2.0,2.0,8,1,0,0,0,1,0,0,Service Residence,Freehold,Bumi Lot,Low,Selangor
336000,1212.0,3.0,2.0,2.0,7,0,0,0,0,0,0,0,Apartment,Freehold,Non Bumi Lot,Medium,Selangor
550000,958.0,3.0,2.0,1.0,11,0,0,0,0,0,0,0,Condominium,Leasehold,Non Bumi Lot,High,Selangor
595000,1174.0,3.0,2.0,1.0,13,0,0,0,0,0,0,0,Apartment,Leasehold,Bumi Lot,Low,Selangor
338000,850.0,3.0,2.0,1.0,5,0,0,0,0,0,0,0,Apartment,Freehold,Non Bumi Lot,Low,Selangor
425000,1034.0,3.0,2.0,2.0,8,0,0,0,0,0,0,0,Apartment,Freehold,Non Bumi Lot,Unknown,Selangor
180000,732.0,4.0,1.0,1.0,1,1,0,0,0,0,1,0,Apartment,Leasehold,Non Bumi Lot,Unknown,Selangor
185000,700.0,3.0,1.0,1.0,0,1,0,0,0,1,1,0,Apartment,Leasehold,Bumi Lot,Medium,Selangor
85000,650.0,3.0,1.0,1.0,0,1,0,0,0,1,0,0,Flat,Leasehold,Non Bumi Lot,Medium,Selangor
328000,2524.0,4.0,3.0,2.0,0,0,0,0,0,0,0,0,Apartment,Freehold,Non Bumi Lot,High,Penang
255000,615.0,2.0,1.0,1.0,10,0,0,0,0,0,0,0,Apartment,Freehold,Non Bumi Lot,Medium,Selangor
378000,916.0,3.0,2.0,2.0,6,0,0,0,0,0,0,0,Apartment,Leasehold,Non Bumi Lot,Unknown,Johor
380000,635.0,2.0,1.0,1.0,9,0,0,0,0,0,1,0,Service Residence,Freehold,Non Bumi Lot,High,Selangor
270000,660.0,2.0,1.0,1.0,0,0,0,0,0,0,0,0,Apartment,Leasehold,Non Bumi Lot,Medium,Sabah
225000,850.0,3.0,2.0,1.0,12,1,0,0,0,1,1,0,Apartment,Leasehold,Non Bumi Lot,Medium,Selangor
250000,700.0,2.0,2.0,1.0,6,0,0,0,0,0,0,0,Apartment,Leasehold,Non Bumi Lot,Low,Sabah
213000,650.0,3.0,2.0,1.0,6,0,0,0,0,0,0,0,Apartment,Freehold,Non Bumi Lot,Low,Penang
48000,1294.0,3.0,2.0,2.0,13,1,0,0,0,1,1,0,Condominium,Leasehold,Non Bumi Lot,Medium,Selangor
268000,950.0,3.0,2.0,1.0,0,0,0,0,0,0,0,0,Apartment,Leasehold,Non Bumi Lot,Unknown,Johor
425000,947.0,3.0,2.0,2.0,6,1,0,0,1,1,1,0,Condominium,Leasehold,Non Bumi Lot,High,Kuala Lumpur
460000,1055.0,2.0,2.0,5.0,9,0,0,0,0,0,0,0,Service Residence,Leasehold,Non Bumi Lot,High,Melaka
295000,689.0,1.0,1.0,5.0,13,0,0,0,0,0,0,0,Service Residence,Leasehold,Non Bumi Lot,Medium,Melaka
460000,710.0,2.0,2.0,1.0,9,0,0,0,0,0,0,0,Service Residence,Leasehold,Non Bumi Lot,High,Melaka
568000,1088.0,3.0,2.0,2.0,4,0,0,0,0,0,0,0,Service Residence,Freehold,Non Bumi Lot,Medium,Melaka
500000,1088.0,3.0,2.0,1.0,4,0,0,0,0,0,0,0,Service Residence,Freehold,Non Bumi Lot,Medium,Melaka
620000,1050.0,3.0,2.0,2.0,5,0,0,0,0,0,0,0,Apartment,Leasehold,Non Bumi Lot,Medium,Sarawak
215000,753.0,3.0,2.0,1.0,4,0,0,0,0,0,0,0,Apartment,Freehold,Non Bumi Lot,Medium,Selangor
148000,1101.0,2.0,1.0,1.0,0,0,0,0,0,0,0,0,Apartment,Leasehold,Non Bumi Lot,Medium,Sarawak
460000,958.0,3.0,2.0,1.0,14,0,0,0,0,0,0,0,Service Residence,Freehold,Non Bumi Lot,Unknown,Johor
180000,720.0,3.0,2.0,1.0,9,1,0,0,0,0,1,0,Apartment,Leasehold,Bumi Lot,High,Kuala Lumpur
90000,750.0,3.0,1.0,1.0,0,0,0,0,0,0,0,0,Apartment,Freehold,Non Bumi Lot,Unknown,Melaka
140000,904.0,2.0,2.0,1.0,7,0,0,0,0,0,0,0,Condominium,Freehold,Non Bumi Lot,Low,Negeri Sembilan
265000,750.0,3.0,2.0,1.0,0,1,0,0,1,1,1,0,Apartment,Leasehold,Bumi Lot,Unknown,Selangor
315000,929.0,3.0,2.0,2.0,10,0,0,0,0,0,0,0,Apartment,Freehold,Non Bumi Lot,Low,Negeri Sembilan
428000,819.0,3.0,2.0,1.0,7,1,1,0,1,0,0,0,Service Residence,Leasehold,Non Bumi Lot,Unknown,Kuala Lumpur
209999,830.0,3.0,2.0,1.0,5,0,0,0,0,0,0,0,Condominium,Leasehold,Non Bumi Lot,Medium,Selangor
249999,1260.0,4.0,2.0,1.0,5,1,0,0,0,0,1,0,Apartment,Freehold,Non Bumi Lot,Medium,Selangor
325000,920.0,4.0,2.0,1.0,2,1,0,0,1,0,0,0,Apartment,Freehold,Bumi Lot,Medium,Selangor
868000,701.0,2.0,2.0,1.0,5,0,0,0,0,0,0,0,Service Residence,Leasehold,Non Bumi Lot,Medium,Sabah
708000,552.0,1.0,1.0,1.0,7,0,0,0,0,0,0,0,Service Residence,Leasehold,Non Bumi Lot,Medium,Sabah
369000,900.0,2.0,2.0,1.0,12,0,0,0,0,0,0,0,Condominium,Leasehold,Non Bumi Lot,High,Sabah
290000,990.0,3.0,2.0,1.0,14,0,0,0,0,0,0,0,Apartment,Leasehold,Bumi Lot,Low,Johor
259000,680.0,1.0,1.0,1.0,14,0,0,0,0,0,0,0,Service Residence,Freehold,Non Bumi Lot,Medium,Johor
1150000,1661.0,4.0,3.0,2.0,7,1,1,1,0,1,1,1,Condominium,Freehold,Non Bumi Lot,Medium,Kuala Lumpur
335000,1050.0,3.0,2.0,1.0,0,0,0,0,0,0,0,0,Service Residence,Freehold,Non Bumi Lot,Medium,Johor
280000,1100.0,3.0,2.0,1.0,5,1,0,1,0,0,1,0,Apartment,Freehold,Non Bumi Lot,Medium,Selangor
340000,926.0,3.0,2.0,1.0,0,0,0,0,0,0,1,0,Apartment,Leasehold,Non Bumi Lot,Low,Selangor
270000,842.0,3.0,2.0,1.0,8,1,0,0,0,1,0,0,Service Residence,Leasehold,Bumi Lot,Medium,Selangor
381000,1238.0,4.0,3.0,2.0,11,0,0,0,0,0,0,0,Service Residence,Freehold,Bumi Lot,Medium,Johor
390000,998.0,3.0,2.0,1.0,9,0,0,0,0,0,0,0,Condominium,Leasehold,Bumi Lot,Medium,Selangor
250000,945.0,3.0,2.0,1.0,4,0,0,0,0,0,0,0,Apartment,Leasehold,Bumi Lot,Low,Kuala Lumpur
275000,1128.0,3.0,2.0,1.0,3,0,0,0,0,0,0,1,Apartment,Freehold,Non Bumi Lot,Medium,Selangor
309000,960.0,3.0,2.0,1.0,6,1,0,1,0,0,1,0,Condominium,Freehold,Non Bumi Lot,Low,Selangor
250000,990.0,3.0,2.0,1.0,14,0,0,0,0,0,0,0,Condominium,Leasehold,Non Bumi Lot,Medium,Johor
320000,1012.0,3.0,2.0,2.0,10,1,0,0,1,0,0,0,Service Residence,Freehold,Non Bumi Lot,Medium,Selangor
135000,527.0,2.0,2.0,1.0,0,0,0,0,0,0,0,0,Flat,Leasehold,Bumi Lot,High,Selangor
160000,720.0,3.0,2.0,1.0,2,1,0,0,0,1,0,0,Apartment,Leasehold,Bumi Lot,High,Selangor
300000,753.0,3.0,2.0,1.0,6,1,1,0,1,1,0,1,Condominium,Leasehold,Bumi Lot,Low,Kuala Lumpur
110000,650.0,3.0,2.0,1.0,5,0,0,0,0,0,0,0,Flat,Leasehold,Bumi Lot,High,Selangor
380000,1450.0,3.0,2.0,1.0,4,0,0,0,0,0,0,0,Condominium,Freehold,Non Bumi Lot,High,Selangor
210000,850.0,3.0,2.0,1.0,3,1,0,0,0,0,0,0,Apartment,Freehold,Bumi Lot,Low,Selangor
340000,991.0,3.0,2.0,1.0,9,1,0,0,0,1,0,0,Condominium,Leasehold,Bumi Lot,Low,Selangor
345000,900.0,3.0,2.0,2.0,13,0,0,0,0,0,0,0,Apartment,Freehold,Non Bumi Lot,Unknown,Selangor
355000,1173.0,3.0,2.0,1.0,6,1,1,0,0,1,1,0,Condominium,Leasehold,Bumi Lot,Low,Selangor
265000,750.0,3.0,2.0,1.0,6,0,0,0,0,0,0,0,Apartment,Leasehold,Bumi Lot,Low,Selangor
180000,753.0,3.0,2.0,1.0,2,0,0,0,0,0,0,0,Flat,Leasehold,Non Bumi Lot,Medium,Selangor
710000,1547.0,4.0,3.0,1.0,5,1,0,1,0,1,1,0,Condominium,Freehold,Non Bumi Lot,Low,Selangor
380000,1200.0,3.0,2.0,1.0,5,0,0,0,0,0,0,0,Condominium,Freehold,Non Bumi Lot,High,Johor
250000,1001.0,4.0,2.0,1.0,0,0,0,0,0,0,0,0,Apartment,Leasehold,Non Bumi Lot,Low,Johor
155000,850.0,3.0,2.0,1.0,1,0,0,0,0,0,0,0,Flat,Freehold,Non Bumi Lot,Medium,Johor
79000,700.0,3.0,2.0,1.0,0,0,0,0,0,0,0,0,Flat,Freehold,Non Bumi Lot,High,Johor
360000,1431.0,3.0,2.0,1.0,11,0,0,0,0,0,0,0,Condominium,Freehold,Non Bumi Lot,Unknown,Selangor
260000,850.0,3.0,2.0,1.0,9,0,0,0,0,0,0,0,Condominium,Leasehold,Bumi Lot,High,Selangor
175000,667.0,3.0,2.0,1.0,4,0,0,0,0,0,0,0,Apartment,Leasehold,Bumi Lot,Medium,Selangor
715000,1711.0,3.0,3.0,2.0,11,0,0,0,0,0,0,0,Condominium,Leasehold,Non Bumi Lot,High,Selangor
410000,1003.0,3.0,2.0,1.0,5,1,0,0,0,1,1,0,Condominium,Leasehold,Bumi Lot,Medium,Selangor
470000,1300.0,3.0,3.0,1.0,11,0,0,0,0,0,0,0,Condominium,Freehold,Non Bumi Lot,Medium,Penang
410000,1003.0,3.0,2.0,1.0,5,1,0,0,0,1,1,0,Condominium,Leasehold,Bumi Lot,Medium,Selangor
390000,1210.0,3.0,2.0,2.0,9,0,0,0,0,0,0,0,Condominium,Leasehold,Non Bumi Lot,Medium,Selangor
260000,910.0,3.0,2.0,1.0,2,1,0,0,0,1,1,0,Apartment,Leasehold,Bumi Lot,High,Selangor
213000,750.0,3.0,2.0,1.0,7,1,1,1,0,1,1,0,Flat,Leasehold,Bumi Lot,Medium,Selangor
240000,753.0,3.0,2.0,1.0,3,0,1,0,0,0,0,0,Apartment,Freehold,Non Bumi Lot,High,Selangor
295000,1054.0,3.0,2.0,2.0,12,0,0,0,0,0,0,0,Condominium,Freehold,Non Bumi Lot,Medium,Selangor
888000,1411.0,2.0,2.0,1.0,9,1,1,0,1,1,1,0,Condominium,Freehold,Non Bumi Lot,Medium,Kuala Lumpur
265000,856.0,3.0,2.0,1.0,9,0,0,0,0,1,0,0,Apartment,Leasehold,Bumi Lot,Medium,Selangor
190000,700.0,3.0,2.0,1.0,1,1,1,1,1,1,1,0,Apartment,Leasehold,Bumi Lot,Medium,Selangor
258000,912.0,3.0,2.0,1.0,1,0,0,0,0,0,0,0,Apartment,Freehold,Non Bumi Lot,Low,Johor
249000,842.0,3.0,2.0,1.0,7,1,0,0,0,1,0,0,Service Residence,Leasehold,Bumi Lot,High,Selangor
2300000,1853.0,4.0,6.0,2.0,11,0,0,0,0,0,0,0,Condominium,Freehold,Non Bumi Lot,High,Kuala Lumpur
220000,791.0,3.0,2.0,1.0,4,0,0,0,0,0,0,1,Apartment,Freehold,Bumi Lot,High,Selangor
500000,1055.0,2.0,2.0,1.0,9,0,0,0,0,0,0,0,Service Residence,Leasehold,Non Bumi Lot,High,Melaka
205000,778.0,3.0,2.0,1.0,6,0,0,0,0,0,0,0,Apartment,Leasehold,Bumi Lot,Medium,Selangor
358000,1023.0,3.0,2.0,1.0,0,0,0,0,0,0,0,0,Apartment,Freehold,Non Bumi Lot,Low,Johor
250000,950.0,3.0,2.0,1.0,9,0,0,0,0,0,0,0,Condominium,Freehold,Non Bumi Lot,Low,Johor
255000,750.0,3.0,2.0,1.0,5,0,0,0,0,0,0,0,Apartment,Leasehold,Bumi Lot,Medium,Selangor
230000,410.0,2.0,1.0,1.0,1,0,0,0,0,0,0,0,Apartment,Leasehold,Non Bumi Lot,Low,Sabah
220000,818.0,3.0,2.0,1.0,7,0,0,0,0,0,0,0,Apartment,Leasehold,Non Bumi Lot,Medium,Johor
210000,1001.0,3.0,2.0,1.0,0,0,0,0,0,0,0,0,Apartment,Leasehold,Non Bumi Lot,High,Johor
350000,947.0,3.0,2.0,1.0,4,0,0,0,0,0,0,0,Service Residence,Leasehold,Non Bumi Lot,Medium,Johor
250000,560.0,2.0,1.0,1.0,0,0,0,0,0,0,0,0,Studio,Freehold,Non Bumi Lot,Medium,Selangor
135000,650.0,3.0,1.0,1.0,2,1,1,1,0,0,1,0,Flat,Leasehold,Non Bumi Lot,Medium,Selangor
125000,624.0,2.0,1.0,1.0,0,0,0,0,0,0,0,0,Apartment,Leasehold,Non Bumi Lot,Unknown,Sarawak
340000,841.0,2.0,2.0,1.0,2,0,0,0,0,0,0,0,Apartment,Freehold,Non Bumi Lot,Unknown,Sarawak
350000,841.0,2.0,2.0,1.0,2,0,0,0,0,0,0,0,Apartment,Freehold,Non Bumi Lot,Unknown,Sarawak
138000,624.0,2.0,1.0,1.0,0,0,0,0,0,0,0,0,Apartment,Leasehold,Non Bumi Lot,Unknown,Sarawak
390000,921.0,2.0,2.0,1.0,0,0,0,0,0,0,0,0,Apartment,Leasehold,Non Bumi Lot,Unknown,Sarawak
290000,640.0,2.0,2.0,1.0,3,0,0,0,0,0,0,0,Apartment,Leasehold,Bumi Lot,Unknown,Sarawak
700000,1475.0,3.0,2.0,2.0,8,0,0,0,0,0,0,0,Condominium,Leasehold,Non Bumi Lot,Unknown,Sarawak
580000,1077.0,2.0,2.0,2.0,10,0,0,0,0,0,0,0,Apartment,Leasehold,Non Bumi Lot,Unknown,Sarawak
600000,1077.0,2.0,2.0,2.0,10,0,0,0,0,0,0,0,Apartment,Leasehold,Non Bumi Lot,Unknown,Sarawak
688000,948.0,2.0,2.0,1.0,5,0,0,0,0,0,0,0,Condominium,Leasehold,Non Bumi Lot,Unknown,Sarawak
380000,1316.0,3.0,2.0,1.0,6,0,0,0,0,0,0,0,Condominium,Leasehold,Non Bumi Lot,Unknown,Sarawak
220000,1085.0,3.0,2.0,1.0,2,0,0,0,0,0,0,0,Apartment,Leasehold,Non Bumi Lot,Unknown,Sarawak
168000,660.0,2.0,1.0,1.0,0,0,0,0,0,0,0,0,Apartment,Leasehold,Non Bumi Lot,Unknown,Sarawak
275000,818.0,3.0,2.0,1.0,0,0,0,0,0,0,0,0,Apartment,Leasehold,Non Bumi Lot,Unknown,Sarawak
325000,802.0,3.0,2.0,1.0,0,0,0,0,0,0,0,0,Apartment,Leasehold,Non Bumi Lot,Unknown,Sarawak
300000,806.0,3.0,2.0,1.0,0,0,0,0,0,0,0,0,Apartment,Leasehold,Non Bumi Lot,Unknown,Sarawak
550000,1087.0,3.0,3.0,2.0,6,0,0,0,0,0,0,0,Apartment,Leasehold,Non Bumi Lot,Unknown,Sarawak
188000,929.0,3.0,2.0,1.0,0,0,0,0,0,0,0,0,Apartment,Leasehold,Non Bumi Lot,Unknown,Sarawak
540000,1300.0,3.0,2.0,2.0,5,0,0,0,0,0,0,0,Apartment,Leasehold,Non Bumi Lot,Medium,Sarawak
480000,1399.0,3.0,2.0,1.0,1,0,0,0,0,0,0,0,Apartment,Leasehold,Non Bumi Lot,Low,Sarawak
78000,450.0,2.0,1.0,1.0,0,0,0,0,0,0,0,0,Flat,Leasehold,Non Bumi Lot,Unknown,Sarawak
280000,806.0,3.0,2.0,1.0,0,0,0,0,0,0,0,0,Apartment,Leasehold,Non Bumi Lot,Unknown,Sarawak
220000,657.0,3.0,2.0,1.0,5,1,1,1,1,0,1,0,Flat,Leasehold,Bumi Lot,High,Selangor
430000,1680.0,3.0,2.0,1.0,1,0,0,0,0,0,0,0,Apartment,Leasehold,Non Bumi Lot,Unknown,Sarawak
188000,700.0,3.0,2.0,1.0,0,0,0,0,0,0,0,0,Apartment,Leasehold,Non Bumi Lot,Unknown,Sarawak
600000,1257.0,4.0,3.0,2.0,12,0,0,0,0,0,0,0,Apartment,Leasehold,Non Bumi Lot,Unknown,Sarawak
270000,806.0,3.0,2.0,1.0,0,0,0,0,0,0,0,0,Apartment,Leasehold,Non Bumi Lot,Unknown,Sarawak
390000,1226.0,2.0,1.0,1.0,0,0,0,0,0,0,0,0,Service Residence,Leasehold,Non Bumi Lot,Medium,Sarawak
158000,660.0,2.0,1.0,1.0,0,0,0,0,0,0,0,0,Apartment,Leasehold,Non Bumi Lot,Unknown,Sarawak
950000,2400.0,3.0,3.0,2.0,8,0,0,0,0,0,0,0,Condominium,Freehold,Non Bumi Lot,High,Penang
365000,1195.0,3.0,2.0,1.0,7,0,0,0,0,0,0,0,Condominium,Freehold,Non Bumi Lot,Medium,Kuala Lumpur
330000,909.0,3.0,2.0,1.0,8,1,1,1,1,1,1,1,Condominium,Leasehold,Bumi Lot,Medium,Kuala Lumpur
350000,1288.0,3.0,2.0,1.0,0,0,0,0,0,0,0,0,Apartment,Leasehold,Non Bumi Lot,Unknown,Sarawak
330000,830.0,3.0,2.0,1.0,6,1,0,1,0,1,1,0,Apartment,Leasehold,Bumi Lot,High,Kuala Lumpur
185000,530.0,2.0,1.0,1.0,3,1,1,1,1,0,0,0,Flat,Leasehold,Bumi Lot,High,Kuala Lumpur
240000,850.0,3.0,2.0,1.0,5,0,0,0,0,0,0,0,Apartment,Leasehold,Bumi Lot,Low,Selangor
1100000,1646.0,3.0,2.0,2.0,7,0,0,0,0,0,0,0,Condominium,Freehold,Non Bumi Lot,High,Penang
310000,1288.0,3.0,2.0,1.0,0,0,0,0,0,0,0,0,Apartment,Leasehold,Non Bumi Lot,Unknown,Sarawak
170000,650.0,3.0,2.0,1.0,3,1,0,1,0,0,1,0,Apartment,Freehold,Non Bumi Lot,Medium,Selangor
430000,1142.0,4.0,2.0,1.0,5,0,0,0,0,0,0,0,Condominium,Leasehold,Non Bumi Lot,Medium,Kuala Lumpur
165000,548.0,1.0,1.0,1.0,0,0,0,0,0,0,0,0,Service Residence,Leasehold,Non Bumi Lot,Medium,Sarawak
298000,810.0,2.0,2.0,1.0,0,0,0,0,0,0,0,0,Service Residence,Freehold,Non Bumi Lot,Medium,Johor
480000,1600.0,3.0,2.0,1.0,4,0,0,0,0,0,0,0,Apartment,Leasehold,Non Bumi Lot,Medium,Sarawak
250000,632.0,3.0,2.0,1.0,2,0,0,0,0,0,0,0,Apartment,Leasehold,Non Bumi Lot,High,Sarawak
270000,726.0,2.0,2.0,1.0,4,1,1,0,1,0,1,0,Condominium,Freehold,Bumi Lot,Medium,Kuala Lumpur
500000,1600.0,3.0,2.0,1.0,2,0,0,0,0,0,0,0,Apartment,Leasehold,Non Bumi Lot,Medium,Sarawak
690000,850.0,3.0,2.0,2.0,9,0,0,0,0,0,0,0,Condominium,Leasehold,Non Bumi Lot,Unknown,Penang
380000,1055.0,3.0,2.0,1.0,3,1,1,1,0,0,0,0,Apartment,Leasehold,Bumi Lot,Medium,Kuala Lumpur
400000,915.0,3.0,2.0,1.0,4,1,1,0,1,1,1,0,Condominium,Freehold,Non Bumi Lot,Unknown,Selangor
250000,941.0,3.0,2.0,1.0,5,0,0,0,0,0,0,0,Apartment,Leasehold,Bumi Lot,Low,Kuala Lumpur
185000,500.0,1.0,1.0,1.0,14,0,0,0,0,0,0,0,Condominium,Freehold,Bumi Lot,High,Selangor
230000,720.0,3.0,2.0,1.0,0,0,0,0,0,0,0,0,Apartment,Freehold,Non Bumi Lot,Low,Selangor
198000,850.0,3.0,2.0,1.0,4,0,0,0,0,0,0,0,Apartment,Leasehold,Bumi Lot,High,Selangor
280000,830.0,3.0,2.0,1.0,4,1,1,1,1,0,1,0,Apartment,Leasehold,Non Bumi Lot,Medium,Selangor
370000,893.0,3.0,2.0,1.0,3,0,0,0,0,0,0,0,Apartment,Leasehold,Non Bumi Lot,Unknown,Sarawak
255000,855.0,2.0,2.0,1.0,8,0,0,0,0,0,0,0,Condominium,Leasehold,Non Bumi Lot,Medium,Kuala Lumpur
220000,800.0,3.0,2.0,2.0,8,0,0,0,0,0,0,0,Apartment,Freehold,Non Bumi Lot,Medium,Selangor
188000,678.0,3.0,1.0,1.0,0,0,0,0,0,0,0,0,Flat,Freehold,Non Bumi Lot,Low,Johor
285000,965.0,4.0,2.0,2.0,0,0,0,0,0,0,0,0,Condominium,Freehold,Non Bumi Lot,Unknown,Kuala Lumpur
420000,1550.0,5.0,3.0,1.0,14,1,0,0,0,1,1,0,Condominium,Leasehold,Non Bumi Lot,Medium,Selangor
230000,1000.0,3.0,2.0,1.0,0,0,0,0,0,0,0,0,Apartment,Leasehold,Non Bumi Lot,Low,Sarawak
390000,1043.0,3.0,2.0,1.0,7,1,1,0,1,0,1,0,Apartment,Freehold,Non Bumi Lot,Unknown,Kuala Lumpur
330000,920.0,3.0,2.0,2.0,8,1,0,0,1,1,1,0,Condominium,Leasehold,Non Bumi Lot,Unknown,Kuala Lumpur
1028000,2987.0,5.0,4.0,2.0,14,0,0,0,0,0,0,0,Condominium,Leasehold,Non Bumi Lot,Medium,Selangor
600000,1038.0,3.0,3.0,1.0,14,0,0,0,0,0,0,0,Service Residence,Leasehold,Non Bumi Lot,Low,Sabah
225000,750.0,3.0,2.0,1.0,1,1,1,1,0,1,1,0,Flat,Leasehold,Bumi Lot,High,Selangor
199000,950.0,3.0,2.0,1.0,3,0,0,0,0,0,0,0,Apartment,Freehold,Non Bumi Lot,Low,Selangor
650000,1281.0,3.0,4.0,1.0,7,1,1,1,0,1,1,0,Condominium,Leasehold,Bumi Lot,Medium,Kuala Lumpur
868000,1540.0,3.0,2.0,2.0,9,0,0,0,0,0,0,0,Condominium,Leasehold,Non Bumi Lot,Unknown,Selangor
580000,1300.0,3.0,2.0,1.0,3,1,1,0,0,1,1,0,Condominium,Leasehold,Non Bumi Lot,Unknown,Kuala Lumpur
1080000,1828.0,3.0,2.0,2.0,8,1,1,1,0,1,1,1,Condominium,Freehold,Non Bumi Lot,Unknown,Kuala Lumpur
78000,495.0,2.0,1.0,1.0,0,0,0,0,0,0,0,0,Flat,Leasehold,Non Bumi Lot,Low,Sarawak
350000,1288.0,3.0,2.0,1.0,0,0,0,0,0,0,0,0,Apartment,Leasehold,Non Bumi Lot,Medium,Sarawak
220000,703.0,3.0,2.0,1.0,2,0,0,0,0,0,0,0,Apartment,Leasehold,Non Bumi Lot,High,Sarawak
479000,904.0,3.0,2.0,2.0,13,0,0,0,0,0,0,0,Condominium,Freehold,Bumi Lot,High,Putrajaya
430000,1075.0,3.0,2.0,1.0,9,0,0,0,0,0,0,0,Condominium,Freehold,Non Bumi Lot,Medium,Kuala Lumpur
490000,947.0,2.0,2.0,1.0,6,0,0,0,0,0,0,0,Condominium,Freehold,Non Bumi Lot,Unknown,Penang
688000,1009.0,3.0,2.0,2.0,12,0,0,0,0,0,0,0,Service Residence,Leasehold,Non Bumi Lot,Low,Selangor
445300,1110.0,3.0,2.0,2.0,0,0,0,0,0,0,0,0,Condominium,Freehold,Non Bumi Lot,Medium,Unknown
448000,1183.0,3.0,2.0,2.0,1,0,0,0,0,0,0,0,Condominium,Freehold,Non Bumi Lot,Medium,Penang
620000,1300.0,3.0,2.0,2.0,10,0,0,0,0,0,0,0,Condominium,Freehold,Non Bumi Lot,Unknown,Penang
268000,850.0,3.0,2.0,1.0,9,0,0,0,0,0,0,0,Apartment,Freehold,Non Bumi Lot,Medium,Johor
288000,925.0,3.0,2.0,1.0,4,0,0,0,0,0,0,0,Apartment,Leasehold,Non Bumi Lot,Medium,Johor
700000,1280.0,3.0,2.0,2.0,10,1,1,1,0,1,1,0,Condominium,Leasehold,Non Bumi Lot,Medium,Kuala Lumpur
270000,550.0,1.0,1.0,1.0,12,0,0,0,0,0,0,0,Condominium,Freehold,Non Bumi Lot,Unknown,Selangor
450000,878.0,3.0,2.0,2.0,0,0,0,0,0,0,0,0,Service Residence,Freehold,Non Bumi Lot,Unknown,Kuala Lumpur
300000,810.0,3.0,2.0,1.0,0,0,0,0,0,0,0,0,Service Residence,Leasehold,Non Bumi Lot,Unknown,Kuala Lumpur
380000,1062.0,3.0,3.0,1.0,0,0,0,0,0,0,0,0,Condominium,Leasehold,Bumi Lot,Unknown,Unknown
520000,1400.0,4.0,2.0,1.0,0,0,0,0,0,0,0,0,Condominium,Leasehold,Non Bumi Lot,Unknown,Sarawak
400000,1141.0,3.0,2.0,4.0,0,0,0,0,0,0,0,0,Condominium,Leasehold,Non Bumi Lot,High,Johor
550000,633.0,1.0,1.0,1.0,10,1,1,0,1,1,1,0,Service Residence,Leasehold,Non Bumi Lot,Low,Kuala Lumpur
165000,670.0,3.0,2.0,1.0,2,0,0,0,0,0,0,0,Apartment,Leasehold,Non Bumi Lot,Medium,Selangor
448000,1114.0,3.0,2.0,2.0,1,0,0,0,0,0,0,0,Condominium,Freehold,Non Bumi Lot,Medium,Penang
447500,1114.0,3.0,2.0,2.0,0,0,0,0,0,0,0,0,Condominium,Freehold,Non Bumi Lot,Medium,Unknown
448000,1114.0,3.0,2.0,2.0,8,0,0,0,0,0,0,0,Condominium,Freehold,Non Bumi Lot,Medium,Penang
385000,592.0,3.0,2.0,1.0,0,0,0,0,0,0,0,0,Others,Freehold,Non Bumi Lot,Unknown,Kuala Lumpur
447500,1112.0,3.0,2.0,2.0,0,0,0,0,0,0,0,0,Condominium,Freehold,Non Bumi Lot,Medium,Penang
560000,1005.0,2.0,2.0,1.0,11,0,0,0,0,0,0,0,Condominium,Freehold,Non Bumi Lot,Medium,Johor
330000,742.0,3.0,2.0,1.0,8,1,1,0,1,1,1,0,Apartment,Freehold,Non Bumi Lot,Low,Selangor
260000,850.0,3.0,2.0,1.0,1,0,0,0,0,0,0,0,Duplex,Leasehold,Non Bumi Lot,Medium,Sabah
250000,992.0,3.0,2.0,1.0,0,0,0,0,0,0,0,0,Apartment,Freehold,Bumi Lot,Medium,Selangor
135000,687.0,3.0,2.0,1.0,2,1,0,0,0,0,0,0,Apartment,Leasehold,Bumi Lot,High,Selangor
520000,1165.0,3.0,2.0,2.0,10,0,0,0,0,0,0,0,Condominium,Freehold,Non Bumi Lot,Unknown,Penang
600000,1315.0,3.0,2.0,2.0,10,0,0,0,0,0,0,0,Condominium,Freehold,Non Bumi Lot,Unknown,Penang
500000,1165.0,3.0,2.0,2.0,11,0,0,0,0,0,0,0,Condominium,Freehold,Non Bumi Lot,Unknown,Penang
2500000,5000.0,5.0,5.0,3.0,13,1,1,1,1,1,0,0,Condominium,Leasehold,Bumi Lot,Unknown,Kuala Lumpur
620000,1450.0,3.0,2.0,1.0,10,1,1,1,1,1,0,0,Condominium,Leasehold,Bumi Lot,Low,Kuala Lumpur
650000,1382.0,3.0,2.0,2.0,14,1,1,1,1,1,0,0,Condominium,Leasehold,Bumi Lot,Medium,Kuala Lumpur
155000,494.0,2.0,1.0,1.0,0,0,0,0,0,0,0,0,Flat,Freehold,Non Bumi Lot,Medium,Johor
188000,753.0,3.0,2.0,2.0,0,0,0,0,0,0,0,0,Flat,Freehold,Non Bumi Lot,High,Johor
170000,850.0,3.0,2.0,1.0,0,0,0,0,0,0,0,0,Apartment,Freehold,Bumi Lot,Low,Negeri Sembilan
385000,1274.0,3.0,2.0,2.0,5,0,0,0,0,0,0,0,Apartment,Freehold,Non Bumi Lot,Medium,Selangor
300000,829.0,3.0,2.0,1.0,6,0,0,0,0,0,0,0,Apartment,Freehold,Non Bumi Lot,Medium,Kuala Lumpur
450000,1246.0,3.0,3.0,1.0,6,1,0,0,1,0,0,0,Condominium,Leasehold,Non Bumi Lot,Medium,Selangor
538000,1579.0,4.0,3.0,2.0,14,0,0,0,0,0,0,0,Condominium,Freehold,Non Bumi Lot,Medium,Selangor
380000,1316.0,3.0,2.0,1.0,5,0,0,0,0,0,0,0,Condominium,Leasehold,Non Bumi Lot,Low,Sarawak
570000,2526.0,3.0,4.0,1.0,0,0,0,0,0,0,0,0,Others,Leasehold,Non Bumi Lot,Low,Sarawak
400000,1004.0,3.0,2.0,3.0,14,0,0,0,0,0,0,0,Condominium,Freehold,Non Bumi Lot,Medium,Kuala Lumpur
338000,1000.0,3.0,2.0,1.0,5,0,0,0,0,0,0,0,Apartment,Leasehold,Non Bumi Lot,Low,Penang
338000,991.0,3.0,2.0,1.0,6,0,0,0,0,0,0,0,Condominium,Freehold,Non Bumi Lot,High,Melaka
370000,1050.0,3.0,2.0,3.0,14,0,0,0,0,0,0,0,Condominium,Freehold,Non Bumi Lot,Medium,Kuala Lumpur
380000,807.0,3.0,2.0,2.0,12,0,0,0,0,0,0,0,Service Residence,Freehold,Non Bumi Lot,Medium,Selangor
148000,660.0,3.0,1.0,1.0,0,0,0,0,0,0,0,0,Flat,Leasehold,Non Bumi Lot,Low,Melaka
170000,650.0,3.0,2.0,1.0,0,0,0,0,0,0,0,0,Apartment,Leasehold,Non Bumi Lot,Unknown,Selangor
930000,1710.0,4.0,4.0,2.0,12,1,0,0,0,1,1,0,Condominium,Freehold,Non Bumi Lot,Low,Kuala Lumpur
628000,1463.0,3.0,2.0,1.0,8,0,0,0,0,0,0,0,Condominium,Freehold,Non Bumi Lot,Medium,Penang
348000,991.0,2.0,2.0,2.0,8,0,0,0,0,0,0,0,Condominium,Freehold,Bumi Lot,Medium,Selangor
190000,720.0,3.0,2.0,1.0,2,0,0,0,0,0,0,0,Apartment,Freehold,Non Bumi Lot,Medium,Penang
675000,800.0,2.0,2.0,1.0,13,0,0,0,0,0,0,0,Condominium,Freehold,Non Bumi Lot,Medium,Penang
450000,882.0,3.0,2.0,2.0,11,1,1,0,0,1,1,0,Service Residence,Freehold,Non Bumi Lot,Low,Selangor
500000,1059.0,4.0,2.0,1.0,10,0,0,0,0,0,0,0,Service Residence,Freehold,Non Bumi Lot,Low,Kuala Lumpur
168000,710.0,3.0,2.0,1.0,1,0,0,0,0,0,0,0,Apartment,Leasehold,Non Bumi Lot,Low,Johor
1300000,2300.0,5.0,3.0,3.0,13,0,0,0,0,0,0,0,Condominium,Leasehold,Bumi Lot,Low,Selangor
750000,1828.0,4.0,3.0,2.0,13,1,1,1,1,1,0,0,Condominium,Leasehold,Non Bumi Lot,Medium,Kuala Lumpur
487000,1000.0,3.0,2.0,2.0,9,0,0,0,0,0,0,0,Condominium,Freehold,Non Bumi Lot,Unknown,Penang
358000,1200.0,3.0,2.0,2.0,10,0,0,0,0,0,0,0,Apartment,Leasehold,Non Bumi Lot,Medium,Johor
235000,700.0,3.0,2.0,1.0,0,0,0,0,0,0,0,0,Apartment,Leasehold,Non Bumi Lot,Medium,Penang
220000,550.0,2.0,2.0,1.0,0,0,0,0,0,0,0,0,Apartment,Leasehold,Non Bumi Lot,Low,Penang
255000,1000.0,3.0,2.0,1.0,5,0,0,0,0,0,0,0,Apartment,Freehold,Non Bumi Lot,Low,Melaka
420000,1044.0,3.0,2.0,2.0,11,0,0,0,1,0,0,0,Service Residence,Freehold,Non Bumi Lot,Unknown,Selangor
280000,875.0,3.0,2.0,2.0,5,1,0,0,0,1,1,0,Apartment,Freehold,Non Bumi Lot,Unknown,Selangor
325000,850.0,3.0,2.0,2.0,7,0,0,0,0,0,0,0,Condominium,Freehold,Non Bumi Lot,Unknown,Selangor
440000,1100.0,3.0,2.0,1.0,9,0,0,0,0,0,0,0,Condominium,Freehold,Bumi Lot,High,Kuala Lumpur
300000,1141.0,3.0,2.0,1.0,0,0,0,0,0,0,0,0,Condominium,Freehold,Non Bumi Lot,Low,Unknown
650000,2233.0,4.0,4.0,1.0,0,0,0,0,0,0,0,0,Condominium,Leasehold,Non Bumi Lot,High,Sarawak
449000,2080.0,5.0,4.0,1.0,0,0,0,0,0,0,0,0,Apartment,Leasehold,Non Bumi Lot,Unknown,Johor
600000,1025.0,3.0,2.0,1.0,7,1,0,0,0,1,1,0,Condominium,Freehold,Non Bumi Lot,Low,Kuala Lumpur
160000,513.0,2.0,1.0,1.0,0,0,0,0,0,0,0,0,Flat,Freehold,Non Bumi Lot,Unknown,Penang
350000,872.0,2.0,2.0,1.0,0,0,0,0,0,0,0,0,Condominium,Leasehold,Non Bumi Lot,Unknown,Johor
230000,700.0,3.0,2.0,1.0,2,0,0,0,0,0,0,0,Apartment,Freehold,Non Bumi Lot,Medium,Penang
540000,1005.0,2.0,2.0,1.0,12,0,0,0,0,0,0,0,Condominium,Freehold,Non Bumi Lot,Unknown,Johor
118000,517.0,2.0,1.0,1.0,0,0,0,0,0,0,0,0,Flat,Freehold,Non Bumi Lot,Medium,Johor
520000,918.0,4.0,2.0,2.0,11,0,0,0,0,0,0,0,Service Residence,Freehold,Non Bumi Lot,High,Kuala Lumpur
200000,807.0,3.0,2.0,1.0,4,0,0,0,0,0,0,0,Apartment,Leasehold,Non Bumi Lot,Medium,Unknown
99000,645.0,3.0,2.0,1.0,2,1,0,0,0,0,0,0,Apartment,Freehold,Non Bumi Lot,Medium,Selangor
108000,790.0,3.0,2.0,1.0,3,1,0,0,0,1,0,0,Apartment,Freehold,Non Bumi Lot,Medium,Selangor
528000,1035.0,3.0,2.0,1.0,9,0,0,0,0,0,0,0,Apartment,Freehold,Non Bumi Lot,Medium,Johor
98000,520.0,2.0,1.0,1.0,0,0,0,0,0,0,0,0,Flat,Freehold,Bumi Lot,Low,Johor
188000,624.0,2.0,1.0,1.0,0,0,0,0,0,0,0,0,Flat,Leasehold,Non Bumi Lot,High,Kuala Lumpur
600000,934.0,3.0,2.0,2.0,6,1,0,1,1,1,1,0,Service Residence,Freehold,Non Bumi Lot,High,Kuala Lumpur
560000,1085.0,3.0,2.0,2.0,11,1,0,1,1,1,0,0,Service Residence,Freehold,Non Bumi Lot,Medium,Kuala Lumpur
770000,1234.0,3.0,2.0,2.0,9,0,0,0,0,0,0,0,Condominium,Leasehold,Non Bumi Lot,High,Kuala Lumpur
350000,635.0,1.0,1.0,1.0,7,0,0,0,0,0,1,0,Service Residence,Freehold,Non Bumi Lot,Unknown,Selangor
488000,818.0,2.0,2.0,1.0,8,0,0,0,0,0,0,0,Condominium,Freehold,Non Bumi Lot,High,Johor
488000,818.0,2.0,2.0,1.0,5,0,0,0,0,0,0,0,Condominium,Freehold,Non Bumi Lot,High,Johor
488000,818.0,2.0,2.0,1.0,4,0,0,0,0,0,0,0,Condominium,Freehold,Non Bumi Lot,High,Johor
265000,608.0,2.0,1.0,1.0,2,0,0,0,0,0,0,0,Apartment,Leasehold,Bumi Lot,Low,Sabah
485000,815.0,3.0,2.0,2.0,14,1,0,0,0,1,0,0,Service Residence,Freehold,Non Bumi Lot,Low,Selangor
330000,837.0,3.0,2.0,1.0,8,0,0,0,0,0,0,0,Condominium,Freehold,Non Bumi Lot,Low,Penang
650000,1010.0,4.0,2.0,2.0,10,1,1,1,0,1,1,0,Service Residence,Freehold,Non Bumi Lot,Medium,Kuala Lumpur
175000,750.0,3.0,2.0,1.0,0,0,0,0,0,0,0,0,Apartment,Freehold,Non Bumi Lot,Medium,Sarawak
130000,646.0,2.0,1.0,1.0,0,0,0,0,0,0,0,0,Apartment,Leasehold,Non Bumi Lot,Medium,Sarawak
290000,640.0,2.0,2.0,1.0,3,0,0,0,0,0,0,0,Apartment,Leasehold,Bumi Lot,High,Sarawak
590000,1111.0,3.0,2.0,2.0,6,0,0,0,0,0,0,0,Condominium,Leasehold,Non Bumi Lot,Medium,Penang
430000,800.0,3.0,2.0,1.0,2,0,0,0,0,0,0,0,Apartment,Leasehold,Non Bumi Lot,Low,Penang
990000,1463.0,3.0,2.0,2.0,11,0,0,0,0,0,0,0,Service Residence,Freehold,Non Bumi Lot,High,Penang
349000,1169.0,3.0,2.0,1.0,8,1,0,1,0,1,1,0,Condominium,Freehold,Non Bumi Lot,High,Kuala Lumpur
730000,1300.0,3.0,2.0,2.0,14,0,0,0,0,0,0,0,Condominium,Freehold,Non Bumi Lot,High,Penang
196000,650.0,3.0,1.0,1.0,3,0,0,0,0,0,0,0,Flat,Leasehold,Non Bumi Lot,Low,Johor
478000,887.0,3.0,2.0,1.0,10,0,0,0,0,0,0,0,Condominium,Freehold,Non Bumi Lot,Medium,Penang
1650000,2800.0,4.0,5.0,2.0,11,1,1,1,1,1,0,0,Condominium,Freehold,Non Bumi Lot,Unknown,Kuala Lumpur
200000,614.0,3.0,2.0,1.0,3,1,0,1,1,0,0,0,Apartment,Leasehold,Non Bumi Lot,Medium,Selangor
530000,1059.0,4.0,2.0,2.0,9,0,0,0,0,0,0,0,Service Residence,Freehold,Non Bumi Lot,High,Kuala Lumpur
400000,1020.0,3.0,2.0,1.0,8,0,0,0,0,1,1,1,Service Residence,Leasehold,Bumi Lot,Medium,Selangor
377000,1023.0,3.0,2.0,1.0,6,1,0,0,1,1,1,0,Condominium,Leasehold,Non Bumi Lot,High,Kuala Lumpur
375000,818.0,3.0,2.0,1.0,5,0,0,0,0,0,0,0,Apartment,Freehold,Bumi Lot,Low,Selangor
460000,940.0,4.0,2.0,2.0,10,0,0,0,0,0,0,0,Service Residence,Freehold,Non Bumi Lot,Low,Kuala Lumpur
300000,800.0,3.0,2.0,1.0,0,0,0,0,0,0,0,0,Apartment,Leasehold,Non Bumi Lot,Medium,Kuala Lumpur
480000,940.0,4.0,2.0,2.0,10,0,0,0,0,0,0,0,Service Residence,Freehold,Non Bumi Lot,Medium,Kuala Lumpur
450000,1150.0,3.0,2.0,1.0,11,0,0,0,0,0,0,0,Condominium,Leasehold,Non Bumi Lot,Medium,Penang
350000,1179.0,4.0,2.0,1.0,8,0,0,0,0,0,0,0,Apartment,Freehold,Non Bumi Lot,Unknown,Johor
315000,1024.0,3.0,2.0,1.0,10,0,0,0,0,0,0,0,Apartment,Leasehold,Non Bumi Lot,Medium,Johor
168000,710.0,3.0,2.0,1.0,1,0,0,0,0,0,0,0,Apartment,Leasehold,Non Bumi Lot,Low,Johor
358000,1200.0,3.0,2.0,2.0,10,0,0,0,0,0,0,0,Apartment,Leasehold,Non Bumi Lot,Medium,Johor
850000,1488.0,3.0,3.0,1.0,12,0,0,0,0,0,0,0,Condominium,Leasehold,Non Bumi Lot,High,Sabah
340000,1000.0,3.0,2.0,1.0,9,1,0,0,0,1,1,0,Condominium,Freehold,Non Bumi Lot,Medium,Kuala Lumpur
530000,950.0,2.0,1.0,1.0,8,1,0,1,0,1,1,0,Service Residence,Freehold,Non Bumi Lot,High,Kuala Lumpur
188000,1059.0,4.0,1.0,1.0,0,0,0,0,0,0,0,0,Flat,Freehold,Non Bumi Lot,Medium,Melaka
229000,969.0,3.0,2.0,1.0,2,0,0,0,0,0,0,1,Apartment,Freehold,Non Bumi Lot,Medium,Selangor
245000,700.0,3.0,2.0,1.0,7,0,0,0,0,0,0,0,Condominium,Freehold,Non Bumi Lot,Medium,Penang
250000,434.0,1.0,1.0,1.0,5,0,0,0,0,0,0,0,Apartment,Freehold,Non Bumi Lot,Medium,Johor
200000,750.0,3.0,2.0,1.0,9,0,0,0,0,0,0,0,Apartment,Freehold,Non Bumi Lot,Medium,Putrajaya
360000,804.0,3.0,2.0,2.0,10,1,0,1,0,0,0,0,Service Residence,Freehold,Non Bumi Lot,Medium,Selangor
335000,1288.0,3.0,2.0,2.0,9,0,0,0,0,0,0,0,Condominium,Freehold,Non Bumi Lot,Low,Selangor
290000,934.0,3.0,2.0,1.0,11,0,0,0,0,0,0,0,Condominium,Freehold,Non Bumi Lot,Low,Selangor
860000,1421.0,4.0,3.0,2.0,14,1,1,0,1,0,1,0,Condominium,Freehold,Non Bumi Lot,High,Selangor
1000000,1567.0,4.0,5.0,3.0,8,1,0,1,1,1,0,0,Service Residence,Freehold,Non Bumi Lot,High,Kuala Lumpur
180000,854.0,3.0,2.0,1.0,3,0,0,0,0,0,0,0,Apartment,Freehold,Bumi Lot,Medium,Selangor
145000,500.0,2.0,1.0,1.0,2,0,0,0,0,0,0,0,Flat,Freehold,Non Bumi Lot,Medium,Johor
160000,650.0,3.0,2.0,1.0,2,1,0,0,1,1,1,1,Apartment,Freehold,Bumi Lot,Low,Selangor
150000,700.0,3.0,1.0,1.0,0,0,0,0,0,0,0,0,Flat,Freehold,Non Bumi Lot,Unknown,Melaka
310000,1288.0,3.0,2.0,1.0,0,0,0,0,0,0,0,0,Apartment,Leasehold,Non Bumi Lot,Medium,Sarawak
168000,660.0,2.0,1.0,1.0,0,0,0,0,0,0,0,0,Apartment,Leasehold,Non Bumi Lot,High,Sarawak
150000,550.0,2.0,2.0,1.0,2,0,0,0,0,0,0,0,Flat,Leasehold,Non Bumi Lot,Medium,Penang
245000,914.0,3.0,2.0,1.0,0,0,0,0,0,0,0,0,Apartment,Freehold,Non Bumi Lot,Low,Melaka
458000,1018.0,3.0,2.0,2.0,11,1,0,1,0,1,1,0,Condominium,Leasehold,Non Bumi Lot,Medium,Kuala Lumpur
480000,1399.0,3.0,2.0,1.0,7,1,0,1,0,0,1,0,Condominium,Leasehold,Non Bumi Lot,Unknown,Selangor
295000,715.0,2.0,1.0,1.0,14,0,0,0,0,0,0,0,Apartment,Freehold,Non Bumi Lot,Medium,Johor
195000,600.0,3.0,2.0,1.0,3,0,0,0,0,0,0,0,Apartment,Leasehold,Bumi Lot,Low,Sabah
450000,1068.0,3.0,2.0,2.0,11,0,0,0,0,0,0,0,Condominium,Freehold,Non Bumi Lot,Medium,Johor
135000,580.0,2.0,1.0,1.0,0,1,0,0,0,1,1,0,Apartment,Leasehold,Bumi Lot,Unknown,Selangor
185000,580.0,2.0,1.0,1.0,0,1,0,0,0,1,1,0,Apartment,Leasehold,Bumi Lot,Unknown,Selangor
320000,835.0,3.0,2.0,1.0,2,1,0,0,0,1,0,0,Apartment,Leasehold,Bumi Lot,Unknown,Selangor
138000,624.0,2.0,1.0,1.0,0,0,0,0,0,0,0,0,Apartment,Leasehold,Non Bumi Lot,Medium,Sarawak
178000,750.0,3.0,2.0,1.0,0,0,0,0,0,0,0,0,Apartment,Freehold,Non Bumi Lot,Medium,Sarawak
185000,720.0,3.0,2.0,1.0,9,1,0,0,0,0,1,0,Apartment,Leasehold,Bumi Lot,Medium,Kuala Lumpur
298000,750.0,3.0,2.0,1.0,0,0,0,0,0,0,0,0,Condominium,Freehold,Non Bumi Lot,Medium,Penang
270000,891.0,3.0,2.0,1.0,0,1,0,0,0,1,1,0,Apartment,Freehold,Non Bumi Lot,Unknown,Selangor
230000,680.0,3.0,2.0,1.0,3,0,0,0,0,0,0,0,Apartment,Leasehold,Non Bumi Lot,Unknown,Penang
165000,580.0,2.0,1.0,1.0,0,1,0,0,0,1,1,0,Apartment,Leasehold,Bumi Lot,Unknown,Selangor
998000,864.0,3.0,2.0,1.0,5,1,1,1,1,1,1,1,Service Residence,Freehold,Non Bumi Lot,Unknown,Kuala Lumpur
240000,646.0,3.0,1.0,1.0,6,0,0,0,0,0,0,0,Apartment,Leasehold,Bumi Lot,Low,Penang
210000,600.0,2.0,1.0,2.0,4,1,1,1,1,1,0,0,Apartment,Freehold,Non Bumi Lot,Unknown,Kuala Lumpur
250000,850.0,3.0,2.0,1.0,0,0,0,0,0,0,0,0,Apartment,Leasehold,Non Bumi Lot,High,Sabah
85000,540.0,2.0,1.0,1.0,2,0,0,1,0,0,0,0,Flat,Freehold,Non Bumi Lot,Medium,Selangor
560000,1200.0,3.0,2.0,1.0,10,1,0,0,1,1,1,0,Condominium,Freehold,Non Bumi Lot,Low,Kuala Lumpur
250000,632.0,3.0,2.0,1.0,2,0,0,0,0,0,0,0,Apartment,Leasehold,Non Bumi Lot,High,Sarawak
188000,700.0,3.0,2.0,1.0,0,0,0,0,0,0,0,0,Apartment,Leasehold,Non Bumi Lot,Medium,Unknown
275000,800.0,3.0,2.0,1.0,2,0,0,0,0,0,0,0,Apartment,Leasehold,Non Bumi Lot,High,Sarawak
360000,1259.0,3.0,2.0,1.0,8,0,1,1,0,0,0,0,Condominium,Leasehold,Bumi Lot,Unknown,Selangor
350000,946.0,3.0,2.0,1.0,7,1,1,1,0,0,1,0,Condominium,Leasehold,Bumi Lot,High,Selangor
179000,650.0,3.0,1.0,1.0,0,0,0,1,0,0,1,0,Flat,Leasehold,Bumi Lot,Medium,Selangor
432000,646.0,2.0,1.0,1.0,11,1,1,0,0,1,1,0,Service Residence,Freehold,Non Bumi Lot,Unknown,Kuala Lumpur
780000,1155.0,3.0,2.0,1.0,8,0,0,0,0,0,0,0,Service Residence,Freehold,Non Bumi Lot,Medium,Selangor
460000,847.0,2.0,2.0,2.0,9,0,0,0,0,0,0,0,Service Residence,Freehold,Non Bumi Lot,Unknown,Selangor
520000,2124.0,4.0,5.0,2.0,8,0,0,0,0,0,0,0,Apartment,Freehold,Non Bumi Lot,High,Johor
456000,926.0,3.0,2.0,2.0,9,0,0,0,0,0,0,0,Service Residence,Freehold,Non Bumi Lot,Low,Selangor
500000,960.0,3.0,2.0,1.0,3,0,0,0,0,0,0,0,Apartment,Freehold,Non Bumi Lot,Low,Penang
155000,656.0,3.0,2.0,1.0,0,1,0,0,1,0,0,0,Apartment,Leasehold,Bumi Lot,Medium,Selangor
260000,845.0,3.0,2.0,1.0,10,1,0,0,0,0,1,0,Condominium,Freehold,Non Bumi Lot,Unknown,Kuala Lumpur
750000,1283.0,3.0,2.0,1.0,9,0,0,0,0,0,0,0,Condominium,Freehold,Non Bumi Lot,Medium,Penang
270000,904.0,3.0,2.0,1.0,6,1,1,1,1,1,1,1,Condominium,Freehold,Non Bumi Lot,High,Kuala Lumpur
360000,1069.0,3.0,2.0,2.0,0,0,0,0,0,0,0,0,Apartment,Leasehold,Non Bumi Lot,Medium,Melaka
580000,1160.0,3.0,2.0,1.0,7,0,0,0,0,0,0,0,Apartment,Leasehold,Non Bumi Lot,Medium,Sarawak
308000,860.0,3.0,2.0,1.0,3,1,0,0,1,1,0,0,Apartment,Leasehold,Non Bumi Lot,Medium,Kuala Lumpur
340000,850.0,3.0,2.0,1.0,3,0,0,0,0,0,0,0,Service Residence,Leasehold,Non Bumi Lot,Medium,Johor
350000,1433.0,4.0,3.0,2.0,8,0,0,0,0,0,0,0,Condominium,Freehold,Non Bumi Lot,Unknown,Selangor
415000,1222.0,3.0,2.0,2.0,4,0,0,0,0,0,0,0,Apartment,Freehold,Non Bumi Lot,Low,Selangor
210000,802.0,3.0,2.0,2.0,1,1,0,1,0,1,1,0,Condominium,Leasehold,Non Bumi Lot,Unknown,Kuala Lumpur
360000,1093.0,3.0,2.0,1.0,8,0,1,0,0,1,1,0,Condominium,Leasehold,Non Bumi Lot,Unknown,Selangor
238000,590.0,3.0,1.0,1.0,0,0,0,0,0,0,0,0,Flat,Leasehold,Non Bumi Lot,Low,Selangor
165000,678.0,2.0,1.0,1.0,5,0,0,0,0,0,0,0,Apartment,Leasehold,Bumi Lot,Medium,Selangor
235000,735.0,3.0,2.0,1.0,1,1,1,0,1,1,1,0,Apartment,Leasehold,Non Bumi Lot,Medium,Kuala Lumpur
140000,650.0,3.0,2.0,1.0,3,0,0,0,0,0,0,1,Apartment,Leasehold,Bumi Lot,High,Selangor
140000,650.0,3.0,2.0,1.0,7,0,0,0,0,0,0,0,Flat,Freehold,Bumi Lot,High,Selangor
450000,1116.0,3.0,2.0,1.0,8,0,0,0,0,0,0,0,Condominium,Leasehold,Non Bumi Lot,Unknown,Sarawak
460000,1190.0,3.0,2.0,2.0,0,0,0,0,0,0,0,0,Condominium,Leasehold,Non Bumi Lot,Unknown,Sarawak
430000,1680.0,4.0,2.0,1.0,2,0,0,0,0,0,0,0,Apartment,Freehold,Non Bumi Lot,High,Sarawak
410000,802.0,2.0,2.0,1.0,10,0,0,0,0,0,0,0,Condominium,Freehold,Non Bumi Lot,High,Penang
245000,850.0,3.0,2.0,1.0,5,0,0,0,0,0,0,0,Condominium,Leasehold,Non Bumi Lot,Low,Selangor
380000,1076.0,3.0,2.0,1.0,6,0,0,0,0,0,0,0,Apartment,Freehold,Non Bumi Lot,Medium,Penang
400000,735.0,2.0,2.0,1.0,0,0,0,0,0,0,0,0,Apartment,Leasehold,Non Bumi Lot,Medium,Sarawak
600000,1257.0,4.0,3.0,2.0,7,0,0,0,0,0,0,0,Apartment,Leasehold,Non Bumi Lot,Medium,Sarawak
260000,950.0,3.0,2.0,1.0,8,0,0,0,0,0,0,0,Apartment,Freehold,Non Bumi Lot,Low,Selangor
480000,1399.0,3.0,2.0,1.0,3,0,0,0,0,0,0,0,Condominium,Freehold,Non Bumi Lot,Low,Sarawak
230000,850.0,3.0,2.0,2.0,14,0,1,0,0,0,0,0,Apartment,Freehold,Non Bumi Lot,High,Selangor
290000,818.0,2.0,2.0,1.0,8,1,1,0,1,0,1,0,Service Residence,Freehold,Non Bumi Lot,High,Kuala Lumpur
500000,940.0,2.0,2.0,1.0,10,0,0,0,0,0,0,0,Service Residence,Freehold,Non Bumi Lot,High,Penang
229000,844.0,4.0,2.0,1.0,5,0,0,0,0,0,0,0,Apartment,Leasehold,Bumi Lot,Medium,Selangor
310000,1100.0,3.0,2.0,1.0,8,1,0,0,1,1,1,0,Condominium,Leasehold,Non Bumi Lot,Medium,Kuala Lumpur
670000,1223.0,3.0,2.0,1.0,8,0,0,0,0,0,0,0,Condominium,Leasehold,Non Bumi Lot,Medium,Unknown
200000,750.0,3.0,2.0,1.0,2,1,0,0,0,1,1,0,Apartment,Leasehold,Non Bumi Lot,Medium,Selangor
480000,870.0,3.0,2.0,1.0,6,0,0,0,0,0,0,0,Condominium,Leasehold,Non Bumi Lot,Medium,Sabah
320000,1106.0,3.0,2.0,1.0,4,0,0,0,0,0,0,0,Apartment,Freehold,Bumi Lot,Low,Selangor
320000,926.0,3.0,2.0,1.0,11,0,1,1,0,0,0,0,Condominium,Leasehold,Bumi Lot,Medium,Selangor
658000,1184.0,3.0,2.0,2.0,9,1,1,1,0,1,1,1,Condominium,Leasehold,Non Bumi Lot,Medium,Kuala Lumpur
250000,755.0,3.0,2.0,1.0,5,0,0,0,0,0,0,0,Condominium,Freehold,Bumi Lot,High,Kuala Lumpur
370000,1052.0,3.0,2.0,2.0,9,0,0,0,0,0,0,0,Condominium,Freehold,Bumi Lot,High,Selangor
490000,1272.0,4.0,2.0,1.0,11,1,1,1,0,1,1,0,Condominium,Leasehold,Non Bumi Lot,High,Kuala Lumpur
260000,770.0,3.0,2.0,1.0,0,1,0,0,1,1,1,0,Apartment,Leasehold,Non Bumi Lot,Medium,Selangor
229999,901.0,3.0,2.0,1.0,7,1,0,0,0,0,1,0,Condominium,Leasehold,Non Bumi Lot,Medium,Selangor
200000,750.0,3.0,2.0,1.0,2,1,0,0,0,1,1,0,Apartment,Leasehold,Non Bumi Lot,Medium,Selangor
658000,1184.0,3.0,2.0,2.0,9,1,1,1,0,1,1,1,Condominium,Leasehold,Non Bumi Lot,Medium,Kuala Lumpur
260000,770.0,3.0,2.0,1.0,0,1,0,0,1,1,1,0,Apartment,Leasehold,Non Bumi Lot,Medium,Selangor
182000,615.0,2.0,2.0,1.0,0,1,0,0,0,0,1,0,Flat,Freehold,Non Bumi Lot,Low,Selangor
630000,1642.0,4.0,3.0,2.0,10,0,0,0,0,0,0,0,Condominium,Freehold,Non Bumi Lot,Unknown,Penang
390000,800.0,3.0,2.0,1.0,6,0,0,0,0,0,0,0,Condominium,Freehold,Non Bumi Lot,Unknown,Penang
230000,901.0,3.0,2.0,1.0,13,1,0,0,0,0,1,0,Condominium,Leasehold,Non Bumi Lot,High,Selangor
220000,850.0,3.0,2.0,1.0,12,1,1,0,0,1,1,0,Apartment,Leasehold,Non Bumi Lot,Medium,Kuala Lumpur
290000,685.0,1.0,1.0,1.0,7,0,0,0,0,0,0,0,Service Residence,Leasehold,Non Bumi Lot,High,Johor
398000,800.0,2.0,2.0,1.0,13,1,0,0,1,1,0,0,Service Residence,Freehold,Non Bumi Lot,Medium,Kuala Lumpur
499000,720.0,3.0,2.0,2.0,12,0,0,0,0,0,0,0,Condominium,Freehold,Non Bumi Lot,Medium,Penang
155000,650.0,3.0,1.0,1.0,0,1,0,0,0,0,1,0,Apartment,Freehold,Non Bumi Lot,High,Selangor
1500000,1185.0,3.0,2.0,1.0,0,0,0,0,0,0,0,0,Service Residence,Freehold,Non Bumi Lot,Unknown,Penang
270000,850.0,3.0,2.0,1.0,3,0,0,0,0,0,0,0,Flat,Freehold,Bumi Lot,Medium,Putrajaya
480000,1150.0,3.0,2.0,1.0,3,0,0,0,0,0,0,0,Apartment,Leasehold,Non Bumi Lot,High,Melaka
200000,650.0,2.0,1.0,1.0,0,0,0,0,0,0,0,0,Apartment,Leasehold,Bumi Lot,High,Kuala Lumpur
498000,852.0,3.0,2.0,1.0,11,0,0,0,0,0,0,0,Condominium,Freehold,Non Bumi Lot,Medium,Kuala Lumpur
308000,715.0,1.0,1.0,1.0,12,0,0,0,0,0,0,0,Apartment,Freehold,Non Bumi Lot,Low,Johor
308000,715.0,1.0,1.0,1.0,14,0,0,0,0,0,0,0,Apartment,Freehold,Non Bumi Lot,Low,Johor
180000,700.0,3.0,1.0,1.0,0,1,0,1,0,1,1,0,Apartment,Leasehold,Bumi Lot,Unknown,Kuala Lumpur
200000,650.0,1.0,1.0,1.0,6,0,0,0,0,0,0,0,Apartment,Freehold,Non Bumi Lot,Medium,Pahang
175000,550.0,2.0,1.0,1.0,3,0,0,0,0,0,0,0,Flat,Freehold,Non Bumi Lot,Low,Selangor
125000,750.0,3.0,2.0,1.0,0,0,0,0,0,0,0,0,Apartment,Freehold,Bumi Lot,Low,Johor
228000,1588.0,4.0,2.0,1.0,0,1,0,0,0,0,0,0,Apartment,Leasehold,Bumi Lot,Medium,Selangor
530000,1600.0,3.0,2.0,1.0,0,0,0,0,0,0,0,0,Condominium,Leasehold,Non Bumi Lot,Medium,Sarawak
1420000,1185.0,3.0,2.0,1.0,0,0,0,0,0,0,0,0,Service Residence,Freehold,Non Bumi Lot,Unknown,Penang
308000,715.0,1.0,1.0,1.0,12,0,0,0,0,0,0,0,Apartment,Freehold,Non Bumi Lot,Low,Johor
290000,700.0,3.0,2.0,1.0,2,0,0,0,0,0,0,0,Apartment,Freehold,Non Bumi Lot,Medium,Penang
238000,849.0,3.0,2.0,1.0,14,0,0,0,0,0,0,0,Apartment,Freehold,Bumi Lot,Unknown,Selangor
490000,1097.0,3.0,2.0,1.0,0,0,0,0,0,0,0,0,Apartment,Freehold,Non Bumi Lot,High,Johor
788000,1251.0,3.0,3.0,2.0,11,0,0,0,0,0,0,0,Service Residence,Freehold,Non Bumi Lot,Medium,Putrajaya
1000000,2306.0,5.0,5.0,2.0,5,0,0,0,0,0,0,0,Condominium,Freehold,Non Bumi Lot,High,Penang
210000,1001.0,3.0,2.0,1.0,0,0,0,0,0,0,0,0,Apartment,Leasehold,Non Bumi Lot,High,Johor
560000,990.0,3.0,2.0,1.0,7,1,0,0,1,1,0,0,Condominium,Leasehold,Non Bumi Lot,High,Kuala Lumpur
670000,1900.0,4.0,3.0,2.0,6,1,1,1,0,1,1,0,Condominium,Freehold,Bumi Lot,Low,Selangor
380000,1200.0,3.0,2.0,1.0,3,0,0,0,0,0,0,0,Condominium,Freehold,Non Bumi Lot,Medium,Penang
530000,1207.0,3.0,2.0,2.0,8,1,0,0,0,1,1,0,Service Residence,Leasehold,Bumi Lot,Medium,Kuala Lumpur
130000,600.0,2.0,1.0,1.0,14,0,0,0,0,0,0,0,Flat,Leasehold,Non Bumi Lot,Medium,Johor
360000,903.0,3.0,2.0,1.0,7,0,0,0,0,0,0,0,Condominium,Freehold,Bumi Lot,High,Selangor
738000,1020.0,3.0,2.0,1.0,14,0,0,0,0,0,0,0,Condominium,Freehold,Non Bumi Lot,High,Penang
330000,850.0,3.0,2.0,1.0,4,0,0,0,0,0,0,0,Apartment,Leasehold,Bumi Lot,Medium,Johor
160000,646.0,3.0,2.0,1.0,0,1,0,0,0,0,0,0,Flat,Leasehold,Non Bumi Lot,Medium,Selangor
180000,820.0,3.0,2.0,1.0,3,0,0,0,0,0,0,0,Apartment,Freehold,Non Bumi Lot,High,Selangor
525000,1645.0,4.0,3.0,2.0,13,0,0,0,0,0,0,0,Condominium,Leasehold,Bumi Lot,Low,Selangor
206000,710.0,3.0,2.0,1.0,3,0,0,0,0,0,0,0,Apartment,Leasehold,Bumi Lot,Low,Johor
98000,650.0,3.0,2.0,1.0,10,0,0,0,1,1,0,1,Apartment,Leasehold,Bumi Lot,Low,Selangor
350000,850.0,3.0,2.0,2.0,13,0,0,0,0,0,0,0,Service Residence,Freehold,Non Bumi Lot,High,Johor
270000,1055.0,3.0,2.0,1.0,6,0,0,0,0,0,0,0,Apartment,Freehold,Non Bumi Lot,Unknown,Selangor
420000,700.0,3.0,2.0,1.0,4,0,0,0,0,0,0,0,Apartment,Freehold,Non Bumi Lot,Medium,Penang
200000,580.0,3.0,2.0,1.0,4,0,0,0,0,0,0,0,Apartment,Leasehold,Non Bumi Lot,High,Penang
178000,800.0,3.0,2.0,1.0,0,0,0,0,1,0,1,0,Apartment,Leasehold,Non Bumi Lot,Low,Kuala Lumpur
360000,700.0,3.0,2.0,1.0,4,0,0,0,0,0,0,0,Apartment,Freehold,Non Bumi Lot,Medium,Penang
299000,660.0,1.0,1.0,1.0,10,1,0,0,0,1,1,0,Condominium,Freehold,Non Bumi Lot,Medium,Kuala Lumpur
495000,920.0,3.0,2.0,1.0,0,0,1,0,1,1,0,0,Condominium,Freehold,Non Bumi Lot,Unknown,Selangor
215000,812.0,3.0,2.0,1.0,1,1,0,1,0,1,1,0,Condominium,Leasehold,Non Bumi Lot,Unknown,Kuala Lumpur
270000,1100.0,3.0,2.0,1.0,0,0,0,0,0,0,0,0,Condominium,Freehold,Non Bumi Lot,Medium,Negeri Sembilan
700000,845.0,3.0,2.0,2.0,2,0,0,0,0,0,0,0,Condominium,Leasehold,Non Bumi Lot,Unknown,Penang
246000,936.0,3.0,2.0,1.0,4,0,0,0,0,0,0,0,Apartment,Leasehold,Bumi Lot,Medium,Johor
75000,750.0,3.0,1.0,1.0,0,0,0,0,0,0,0,0,Apartment,Freehold,Non Bumi Lot,Unknown,Selangor
97000,645.0,3.0,2.0,1.0,0,1,0,0,0,0,0,0,Apartment,Freehold,Non Bumi Lot,Low,Selangor
115000,700.0,3.0,2.0,1.0,0,1,0,0,0,1,0,0,Apartment,Leasehold,Non Bumi Lot,Low,Selangor
500000,1849.0,4.0,3.0,2.0,6,0,0,0,0,0,0,0,Condominium,Leasehold,Non Bumi Lot,High,Selangor
69000,720.0,3.0,1.0,1.0,0,1,0,1,1,0,0,0,Apartment,Freehold,Non Bumi Lot,High,Selangor
63000,650.0,3.0,1.0,1.0,0,0,0,0,0,0,0,0,Flat,Freehold,Non Bumi Lot,Medium,Selangor
65000,581.0,3.0,1.0,1.0,0,0,0,0,0,0,0,0,Flat,Freehold,Bumi Lot,Medium,Selangor
285000,700.0,3.0,2.0,1.0,0,0,0,0,0,0,0,0,Apartment,Leasehold,Non Bumi Lot,Unknown,Penang
260000,650.0,3.0,2.0,1.0,3,0,0,0,0,0,0,0,Apartment,Freehold,Non Bumi Lot,Unknown,Penang
220000,750.0,3.0,2.0,1.0,6,0,0,0,0,0,1,0,Apartment,Freehold,Non Bumi Lot,High,Selangor
300000,800.0,3.0,2.0,1.0,9,1,1,1,0,1,1,0,Service Residence,Leasehold,Non Bumi Lot,Unknown,Kuala Lumpur
420000,951.0,3.0,2.0,1.0,10,0,1,0,0,0,0,0,Service Residence,Freehold,Non Bumi Lot,High,Selangor
310000,1087.0,3.0,3.0,2.0,10,0,0,0,0,0,0,0,Condominium,Freehold,Non Bumi Lot,Unknown,Selangor
450000,900.0,3.0,2.0,2.0,14,0,0,0,0,0,0,0,Condominium,Freehold,Bumi Lot,High,Putrajaya
515000,850.0,3.0,2.0,2.0,0,0,0,0,0,0,0,0,Condominium,Leasehold,Non Bumi Lot,Unknown,Penang
600000,850.0,3.0,2.0,2.0,0,0,0,0,0,0,0,0,Condominium,Leasehold,Non Bumi Lot,Unknown,Penang
379888,668.0,2.0,2.0,1.0,11,1,1,0,1,0,0,0,Service Residence,Leasehold,Non Bumi Lot,Unknown,Kuala Lumpur
300000,745.0,3.0,2.0,1.0,4,0,0,0,0,0,0,0,Apartment,Freehold,Non Bumi Lot,Low,Selangor
740000,1450.0,3.0,3.0,2.0,10,0,0,0,0,0,0,0,Condominium,Freehold,Non Bumi Lot,Medium,Penang
850000,1098.0,3.0,2.0,2.0,1,0,0,0,0,0,0,0,Condominium,Freehold,Non Bumi Lot,Unknown,Penang
129000,650.0,3.0,2.0,1.0,0,0,0,0,0,0,0,0,Flat,Leasehold,Bumi Lot,Unknown,Selangor
530000,850.0,3.0,2.0,1.0,0,0,0,0,0,0,0,0,Condominium,Leasehold,Non Bumi Lot,Unknown,Penang
305000,1028.0,3.0,2.0,1.0,2,0,0,0,0,0,0,0,Apartment,Leasehold,Non Bumi Lot,Unknown,Johor
288000,914.0,3.0,2.0,1.0,8,0,0,0,0,0,0,0,Apartment,Leasehold,Non Bumi Lot,Unknown,Johor
170000,783.0,3.0,2.0,1.0,4,1,0,0,0,1,0,0,Apartment,Leasehold,Bumi Lot,High,Selangor
280000,736.0,3.0,2.0,1.0,0,0,0,0,0,1,0,1,Apartment,Freehold,Non Bumi Lot,Low,Selangor
980000,969.0,2.0,2.0,2.0,0,0,0,0,0,0,0,0,Condominium,Freehold,Non Bumi Lot,High,Selangor
480000,848.0,3.0,2.0,2.0,10,0,0,0,0,0,0,0,Condominium,Leasehold,Non Bumi Lot,Medium,Sabah
298000,1141.0,3.0,2.0,1.0,9,0,0,0,0,0,0,0,Condominium,Leasehold,Non Bumi Lot,High,Kuala Lumpur
300000,748.0,3.0,2.0,1.0,6,1,1,0,1,1,0,1,Condominium,Leasehold,Bumi Lot,Low,Kuala Lumpur
738000,1550.0,3.0,2.0,1.0,11,1,1,0,0,1,0,0,Condominium,Freehold,Non Bumi Lot,Unknown,Kuala Lumpur
155000,657.0,3.0,2.0,9.0,0,0,0,0,0,0,0,0,Apartment,Freehold,Non Bumi Lot,Low,Selangor
230000,750.0,3.0,2.0,1.0,4,0,0,0,0,0,0,0,Apartment,Freehold,Non Bumi Lot,High,Selangor
410000,720.0,2.0,2.0,1.0,10,0,0,0,0,0,0,0,Service Residence,Freehold,Non Bumi Lot,Medium,Negeri Sembilan
380000,835.0,3.0,2.0,1.0,8,0,0,0,0,0,0,0,Condominium,Freehold,Non Bumi Lot,Unknown,Penang
390000,1148.0,3.0,2.0,1.0,10,0,0,0,0,0,0,0,Condominium,Freehold,Non Bumi Lot,High,Kuala Lumpur
300000,760.0,3.0,2.0,1.0,2,0,0,1,0,1,0,0,Apartment,Freehold,Non Bumi Lot,High,Selangor
550000,1001.0,3.0,2.0,2.0,8,0,0,0,0,0,0,0,Apartment,Freehold,Non Bumi Lot,Medium,Kuala Lumpur
170000,864.0,4.0,2.0,1.0,0,0,0,0,0,0,0,0,Flat,Leasehold,Non Bumi Lot,Low,Labuan
265000,815.0,3.0,2.0,2.0,7,0,1,0,0,1,1,0,Apartment,Leasehold,Non Bumi Lot,Unknown,Selangor
199000,868.0,3.0,2.0,1.0,4,0,0,0,0,0,0,0,Apartment,Freehold,Bumi Lot,Low,Selangor
240000,963.0,3.0,2.0,1.0,0,0,0,0,0,0,0,0,Apartment,Freehold,Non Bumi Lot,Unknown,Johor
150000,550.0,2.0,1.0,1.0,0,0,0,0,0,0,0,0,Flat,Leasehold,Non Bumi Lot,Unknown,Penang
350000,800.0,3.0,2.0,1.0,7,0,0,0,0,0,0,0,Condominium,Freehold,Non Bumi Lot,Unknown,Penang
380000,800.0,3.0,2.0,1.0,5,0,0,0,0,0,0,0,Condominium,Freehold,Non Bumi Lot,Unknown,Penang
265000,815.0,3.0,2.0,2.0,7,0,1,0,0,1,1,0,Apartment,Leasehold,Non Bumi Lot,Unknown,Selangor
368000,800.0,3.0,2.0,1.0,6,0,0,0,0,0,0,0,Condominium,Freehold,Non Bumi Lot,Unknown,Penang
1300000,1766.0,3.0,3.0,2.0,0,0,0,0,0,0,0,0,Condominium,Freehold,Non Bumi Lot,Unknown,Penang
128000,800.0,3.0,2.0,1.0,2,0,0,0,0,0,0,0,Apartment,Leasehold,Non Bumi Lot,Unknown,Johor
450000,1060.0,3.0,2.0,1.0,8,0,0,0,0,0,0,0,Condominium,Freehold,Non Bumi Lot,Unknown,Penang
568000,860.0,2.0,2.0,2.0,9,0,0,0,0,0,0,0,Condominium,Leasehold,Non Bumi Lot,Medium,Kuala Lumpur
920000,1600.0,4.0,3.0,2.0,8,1,1,1,1,1,0,0,Service Residence,Leasehold,Non Bumi Lot,Unknown,Kuala Lumpur
578000,990.0,3.0,2.0,2.0,8,1,1,1,1,1,0,0,Service Residence,Leasehold,Non Bumi Lot,Unknown,Kuala Lumpur
330000,1151.0,3.0,2.0,2.0,0,0,0,0,0,0,0,0,Townhouse Condo,Freehold,Non Bumi Lot,Low,Penang
388000,871.0,3.0,2.0,1.0,5,1,0,1,0,1,1,0,Apartment,Freehold,Non Bumi Lot,Low,Selangor
300000,850.0,3.0,2.0,1.0,5,1,0,1,0,1,1,0,Apartment,Freehold,Non Bumi Lot,High,Selangor
490000,1195.0,2.0,2.0,1.0,6,0,0,0,0,0,0,0,Condominium,Freehold,Non Bumi Lot,Medium,Johor
590000,1000.0,3.0,2.0,2.0,0,0,0,0,0,0,0,0,Service Residence,Leasehold,Non Bumi Lot,Medium,Selangor
288888,854.0,3.0,2.0,1.0,3,1,0,0,1,1,1,0,Apartment,Leasehold,Non Bumi Lot,Low,Selangor
580000,1200.0,3.0,2.0,2.0,1,0,0,0,0,0,0,0,Condominium,Freehold,Non Bumi Lot,Unknown,Penang
380000,866.0,3.0,2.0,1.0,0,0,0,0,0,0,0,0,Condominium,Leasehold,Bumi Lot,Low,Sabah
390000,830.0,3.0,2.0,2.0,0,0,0,0,0,0,0,0,Apartment,Freehold,Non Bumi Lot,High,Penang
680000,1642.0,3.0,3.0,2.0,9,0,0,0,0,0,0,0,Condominium,Freehold,Non Bumi Lot,High,Penang
270000,700.0,3.0,2.0,1.0,2,0,0,0,0,0,0,0,Apartment,Freehold,Non Bumi Lot,High,Penang
1680000,6000.0,5.0,5.0,3.0,10,1,1,1,1,1,0,0,Condominium,Leasehold,Non Bumi Lot,High,Kuala Lumpur
350000,1100.0,3.0,2.0,1.0,7,1,0,1,0,0,1,0,Apartment,Freehold,Non Bumi Lot,Low,Selangor
288888,650.0,1.0,1.0,1.0,6,0,0,0,0,0,0,0,Condominium,Freehold,Non Bumi Lot,Medium,Penang
395000,1080.0,3.0,2.0,1.0,0,0,0,0,0,0,0,0,Condominium,Freehold,Non Bumi Lot,Unknown,Kuala Lumpur
235000,495.0,1.0,1.0,1.0,9,0,0,0,0,0,0,0,Condominium,Leasehold,Non Bumi Lot,Medium,Johor
130000,521.0,2.0,1.0,1.0,0,0,0,0,0,0,0,0,Apartment,Freehold,Non Bumi Lot,Medium,Penang
300000,854.0,3.0,2.0,1.0,6,0,0,0,0,0,0,0,Apartment,Leasehold,Non Bumi Lot,Medium,Kuala Lumpur
580000,1270.0,4.0,2.0,2.0,8,0,0,0,0,0,0,0,Condominium,Freehold,Non Bumi Lot,High,Penang
328000,2524.0,4.0,2.0,2.0,0,0,0,0,0,0,0,0,Others,Freehold,Non Bumi Lot,Unknown,Penang
628000,1642.0,4.0,2.0,2.0,0,0,0,0,0,0,0,0,Condominium,Freehold,Non Bumi Lot,Medium,Penang
450000,1060.0,3.0,2.0,1.0,6,0,0,0,0,0,0,0,Condominium,Freehold,Non Bumi Lot,Unknown,Penang
380000,769.0,2.0,2.0,1.0,0,0,0,0,0,0,0,0,Condominium,Leasehold,Non Bumi Lot,Medium,Johor
280000,645.0,3.0,2.0,1.0,4,0,0,0,0,0,0,0,Apartment,Freehold,Non Bumi Lot,High,Penang
270000,1050.0,3.0,2.0,1.0,12,0,0,0,0,0,0,0,Flat,Freehold,Bumi Lot,High,Selangor
88000,646.0,3.0,3.0,1.0,0,1,0,0,0,0,0,0,Flat,Freehold,Non Bumi Lot,Low,Selangor
145000,650.0,2.0,1.0,1.0,0,1,1,0,1,1,1,1,Flat,Leasehold,Bumi Lot,Medium,Kuala Lumpur
338000,853.0,2.0,2.0,1.0,11,0,0,0,0,0,0,0,Service Residence,Leasehold,Non Bumi Lot,Low,Johor
890000,836.0,2.0,2.0,1.0,7,0,0,0,0,0,0,0,Condominium,Freehold,Non Bumi Lot,Unknown,Kuala Lumpur
280000,750.0,3.0,2.0,1.0,6,0,0,0,0,0,1,0,Apartment,Freehold,Non Bumi Lot,Low,Selangor
690000,1316.0,3.0,2.0,2.0,10,1,0,1,0,0,1,0,Condominium,Freehold,Non Bumi Lot,Medium,Kuala Lumpur
899000,2200.0,3.0,2.0,2.0,8,0,0,0,0,0,0,0,Apartment,Freehold,Non Bumi Lot,High,Penang
800000,1800.0,4.0,3.0,2.0,4,0,0,0,0,0,0,0,Condominium,Freehold,Non Bumi Lot,Low,Penang
420000,860.0,3.0,2.0,1.0,7,0,0,0,0,0,0,0,Condominium,Freehold,Non Bumi Lot,Unknown,Penang
430000,860.0,3.0,2.0,1.0,7,0,0,0,0,0,0,0,Condominium,Freehold,Non Bumi Lot,Unknown,Penang
428000,860.0,3.0,2.0,1.0,7,0,0,0,0,0,0,0,Condominium,Freehold,Non Bumi Lot,Unknown,Penang
350000,775.0,2.0,2.0,1.0,6,0,0,0,0,0,0,0,Service Residence,Freehold,Non Bumi Lot,Unknown,Penang
299000,900.0,3.0,2.0,2.0,10,0,0,0,0,0,0,0,Apartment,Freehold,Non Bumi Lot,High,Selangor
590000,926.0,3.0,2.0,1.0,7,1,0,0,0,1,1,0,Condominium,Leasehold,Non Bumi Lot,High,Kuala Lumpur
1150000,2335.0,5.0,3.0,4.0,14,0,0,0,0,0,0,0,Condominium,Freehold,Non Bumi Lot,High,Penang
580000,936.0,3.0,2.0,2.0,14,0,0,0,0,0,0,0,Condominium,Freehold,Non Bumi Lot,Medium,Penang
1700000,3735.0,4.0,5.0,2.0,4,0,0,0,0,0,0,0,Condominium,Freehold,Non Bumi Lot,High,Selangor
650000,1023.0,3.0,2.0,2.0,9,1,1,0,0,1,1,0,Service Residence,Freehold,Non Bumi Lot,Unknown,Kuala Lumpur
60000,726.0,3.0,1.0,1.0,0,0,0,0,0,0,0,0,Apartment,Leasehold,Non Bumi Lot,Medium,Selangor
399000,1097.0,3.0,3.0,1.0,10,0,0,0,0,0,0,0,Service Residence,Freehold,Non Bumi Lot,Unknown,Johor
428000,1050.0,3.0,3.0,1.0,10,0,0,0,0,0,0,0,Service Residence,Freehold,Non Bumi Lot,Low,Johor
310000,956.0,3.0,2.0,1.0,13,0,0,0,0,0,0,0,Condominium,Freehold,Bumi Lot,High,Selangor
530000,800.0,3.0,2.0,2.0,9,0,0,0,0,0,0,0,Condominium,Freehold,Non Bumi Lot,High,Penang
213000,950.0,3.0,2.0,1.0,14,1,1,0,0,1,1,0,Condominium,Freehold,Non Bumi Lot,Medium,Selangor
680000,1316.0,4.0,2.0,1.0,10,1,0,1,0,0,1,0,Condominium,Freehold,Non Bumi Lot,Low,Kuala Lumpur
285000,736.0,3.0,2.0,1.0,4,0,0,0,0,1,0,1,Apartment,Freehold,Bumi Lot,Medium,Selangor
620000,1100.0,3.0,2.0,1.0,4,0,0,0,0,0,0,0,Condominium,Freehold,Non Bumi Lot,Unknown,Penang
580000,1100.0,3.0,2.0,1.0,4,0,0,0,0,0,0,0,Condominium,Freehold,Non Bumi Lot,Unknown,Penang
578000,1100.0,3.0,2.0,1.0,4,0,0,0,0,0,0,0,Condominium,Freehold,Non Bumi Lot,Unknown,Penang
590000,1100.0,3.0,2.0,1.0,4,0,0,0,0,0,0,0,Condominium,Freehold,Non Bumi Lot,Unknown,Penang
740000,1226.0,3.0,2.0,2.0,8,0,0,0,0,0,0,0,Condominium,Freehold,Non Bumi Lot,Unknown,Penang
1700000,2314.0,3.0,4.0,2.0,7,0,0,0,0,0,0,0,Condominium,Freehold,Non Bumi Lot,High,Penang
270000,700.0,3.0,2.0,1.0,3,0,0,0,0,0,0,0,Apartment,Freehold,Non Bumi Lot,Unknown,Penang
330000,700.0,3.0,2.0,1.0,9,0,0,0,0,0,0,0,Apartment,Freehold,Non Bumi Lot,Unknown,Penang
1600000,2476.0,4.0,5.0,2.0,9,0,0,0,0,0,0,0,Condominium,Freehold,Non Bumi Lot,Unknown,Penang
950000,1646.0,3.0,3.0,2.0,9,0,0,0,0,0,0,0,Condominium,Freehold,Non Bumi Lot,High,Penang
498000,887.0,3.0,2.0,2.0,10,0,0,0,0,0,0,0,Condominium,Freehold,Non Bumi Lot,High,Penang
325000,700.0,3.0,2.0,1.0,5,0,0,0,0,0,0,0,Condominium,Freehold,Non Bumi Lot,High,Penang
1300000,1819.0,3.0,3.0,2.0,8,0,0,0,0,0,0,0,Condominium,Freehold,Non Bumi Lot,High,Penang
590000,1110.0,3.0,2.0,2.0,7,0,0,0,0,0,0,0,Condominium,Leasehold,Non Bumi Lot,Unknown,Penang
270000,700.0,3.0,2.0,1.0,3,0,0,0,0,0,0,0,Apartment,Freehold,Non Bumi Lot,Unknown,Penang
590000,1091.0,3.0,3.0,1.0,10,0,0,0,0,0,0,0,Condominium,Freehold,Non Bumi Lot,Unknown,Penang
320000,700.0,3.0,2.0,1.0,6,0,0,0,0,0,0,0,Apartment,Freehold,Non Bumi Lot,Unknown,Penang
630000,1222.0,3.0,3.0,2.0,10,0,0,0,0,0,0,0,Condominium,Freehold,Non Bumi Lot,Unknown,Penang
350000,800.0,3.0,2.0,1.0,7,0,0,0,0,0,0,0,Condominium,Freehold,Non Bumi Lot,Low,Penang
198000,550.0,2.0,1.0,2.0,14,0,0,0,0,0,0,0,Condominium,Freehold,Bumi Lot,High,Selangor
598000,1270.0,4.0,2.0,2.0,7,0,0,0,0,0,0,0,Condominium,Freehold,Non Bumi Lot,Unknown,Penang
570000,1055.0,3.0,2.0,2.0,8,0,0,0,0,0,0,0,Condominium,Freehold,Non Bumi Lot,High,Penang
450000,442.0,1.0,2.0,1.0,14,1,0,0,0,1,1,0,Service Residence,Freehold,Non Bumi Lot,Low,Kuala Lumpur
380000,1076.0,3.0,2.0,1.0,6,0,0,0,0,0,0,0,Apartment,Freehold,Non Bumi Lot,Unknown,Penang
270000,700.0,2.0,2.0,1.0,6,0,0,0,0,0,0,0,Flat,Freehold,Bumi Lot,Medium,Putrajaya
335000,939.0,3.0,2.0,1.0,0,0,0,0,0,0,0,0,Apartment,Freehold,Non Bumi Lot,Medium,Selangor
300000,1152.0,3.0,2.0,1.0,7,0,0,0,0,0,0,0,Apartment,Freehold,Non Bumi Lot,High,Johor
79000,506.0,2.0,1.0,1.0,0,0,0,0,0,0,0,0,Flat,Leasehold,Non Bumi Lot,Unknown,Johor
555000,936.0,2.0,2.0,2.0,14,0,0,0,0,0,0,0,Condominium,Freehold,Non Bumi Lot,Medium,Penang
498000,936.0,3.0,2.0,3.0,14,0,0,0,0,0,0,0,Condominium,Freehold,Non Bumi Lot,Medium,Penang
598000,1087.0,3.0,2.0,2.0,14,0,0,0,0,0,0,0,Condominium,Freehold,Non Bumi Lot,Medium,Penang
530000,936.0,3.0,2.0,2.0,14,0,0,0,0,0,0,0,Condominium,Freehold,Non Bumi Lot,High,Penang
368000,900.0,2.0,2.0,1.0,0,0,0,0,0,0,0,0,Condominium,Freehold,Non Bumi Lot,Medium,Penang
368000,749.0,2.0,2.0,1.0,9,0,0,0,0,0,0,0,Service Residence,Leasehold,Non Bumi Lot,Low,Johor
408000,1100.0,4.0,2.0,2.0,14,0,0,0,0,0,0,0,Condominium,Freehold,Non Bumi Lot,Low,Selangor
378000,916.0,3.0,2.0,2.0,6,0,0,0,0,0,0,0,Apartment,Leasehold,Non Bumi Lot,Medium,Johor
370000,1140.0,3.0,2.0,2.0,11,0,0,0,0,0,0,0,Condominium,Freehold,Non Bumi Lot,Low,Penang
295000,900.0,3.0,2.0,1.0,2,0,0,0,0,0,0,0,Apartment,Freehold,Non Bumi Lot,High,Kuala Lumpur
200000,720.0,3.0,2.0,1.0,3,0,0,0,0,0,0,0,Apartment,Freehold,Non Bumi Lot,Low,Penang
198000,550.0,2.0,1.0,2.0,14,0,0,0,0,0,0,0,Condominium,Freehold,Bumi Lot,High,Selangor
580000,1280.0,4.0,3.0,3.0,14,0,0,0,0,0,0,0,Condominium,Freehold,Non Bumi Lot,Medium,Kuala Lumpur
710000,1463.0,3.0,3.0,1.0,8,1,1,0,1,0,1,1,Condominium,Leasehold,Bumi Lot,Low,Selangor
598000,1270.0,4.0,2.0,2.0,7,0,0,0,0,0,0,0,Condominium,Freehold,Non Bumi Lot,Unknown,Penang
340000,830.0,3.0,2.0,1.0,6,1,0,1,0,1,1,0,Apartment,Leasehold,Bumi Lot,Medium,Kuala Lumpur
490000,850.0,3.0,2.0,2.0,14,1,1,0,1,1,1,1,Condominium,Freehold,Non Bumi Lot,Low,Kuala Lumpur
350000,700.0,3.0,2.0,1.0,9,0,0,0,0,0,0,0,Apartment,Freehold,Non Bumi Lot,Unknown,Penang
360000,700.0,3.0,2.0,1.0,9,0,0,0,0,0,0,0,Apartment,Freehold,Non Bumi Lot,Unknown,Penang
330000,700.0,3.0,2.0,1.0,9,0,0,0,0,0,0,0,Apartment,Freehold,Non Bumi Lot,Unknown,Penang
250000,550.0,1.0,1.0,1.0,8,0,0,0,0,0,0,0,Apartment,Leasehold,Non Bumi Lot,Medium,Johor
380000,1405.0,4.0,3.0,1.0,14,0,0,0,0,0,0,0,Condominium,Freehold,Non Bumi Lot,Low,Selangor
520000,800.0,3.0,2.0,2.0,9,0,0,0,0,0,0,0,Condominium,Freehold,Non Bumi Lot,High,Penang
1050000,1582.0,3.0,2.0,1.0,7,1,1,1,1,1,1,0,Service Residence,Freehold,Non Bumi Lot,High,Kuala Lumpur
400000,1065.0,3.0,2.0,2.0,8,0,0,0,0,0,0,0,Service Residence,Leasehold,Non Bumi Lot,Medium,Selangor
350000,998.0,3.0,2.0,1.0,5,0,0,0,0,0,0,0,Condominium,Leasehold,Bumi Lot,Low,Selangor
400000,1141.0,3.0,2.0,1.0,0,0,0,0,0,0,0,0,Apartment,Leasehold,Non Bumi Lot,Medium,Johor
535000,1237.0,3.0,2.0,4.0,8,0,0,0,0,0,0,0,Service Residence,Freehold,Non Bumi Lot,High,Selangor
340000,920.0,3.0,2.0,1.0,7,1,0,0,1,1,1,0,Condominium,Leasehold,Bumi Lot,Medium,Kuala Lumpur
390000,1222.0,3.0,2.0,2.0,3,0,0,0,0,0,0,0,Apartment,Freehold,Non Bumi Lot,Low,Selangor
160000,1272.0,2.0,2.0,2.0,7,0,0,0,0,0,0,0,Condominium,Leasehold,Non Bumi Lot,Medium,Melaka
330000,1131.0,2.0,2.0,2.0,14,1,0,0,1,0,0,0,Condominium,Freehold,Non Bumi Lot,Medium,Kuala Lumpur
290000,667.0,1.0,1.0,1.0,10,1,1,1,0,1,1,0,Service Residence,Leasehold,Non Bumi Lot,High,Kuala Lumpur
268000,883.0,3.0,2.0,1.0,14,0,0,0,0,0,0,0,Condominium,Freehold,Non Bumi Lot,High,Penang
240000,780.0,2.0,2.0,2.0,4,0,0,0,0,0,0,0,Apartment,Freehold,Non Bumi Lot,High,Penang
690000,1991.0,4.0,3.0,2.0,9,1,1,1,1,0,1,0,Condominium,Leasehold,Non Bumi Lot,High,Kuala Lumpur
355000,838.0,3.0,2.0,1.0,9,0,0,0,0,0,0,0,Condominium,Freehold,Non Bumi Lot,Unknown,Penang
385000,838.0,3.0,2.0,2.0,9,0,0,0,0,0,0,0,Condominium,Freehold,Non Bumi Lot,Unknown,Penang
380000,838.0,3.0,2.0,1.0,9,0,0,0,0,0,0,0,Condominium,Freehold,Non Bumi Lot,Unknown,Penang
380000,838.0,3.0,2.0,1.0,9,0,0,0,0,0,0,0,Condominium,Freehold,Non Bumi Lot,Unknown,Penang
299000,1300.0,4.0,3.0,2.0,14,0,0,0,0,0,0,0,Condominium,Freehold,Non Bumi Lot,Medium,Putrajaya
460000,1333.0,4.0,2.0,2.0,8,1,1,1,0,1,1,0,Condominium,Leasehold,Non Bumi Lot,Unknown,Kuala Lumpur
400000,750.0,2.0,2.0,1.0,12,0,0,0,0,0,0,0,Service Residence,Freehold,Non Bumi Lot,Medium,Penang
380000,700.0,3.0,2.0,1.0,6,0,0,0,0,0,0,0,Condominium,Freehold,Non Bumi Lot,Medium,Penang
299000,1100.0,4.0,2.0,2.0,14,0,0,0,0,0,0,0,Condominium,Freehold,Non Bumi Lot,Medium,Putrajaya
330000,825.0,2.0,1.0,2.0,0,0,0,0,0,0,0,0,Condominium,Leasehold,Non Bumi Lot,Medium,Johor
265000,949.0,3.0,2.0,2.0,7,0,0,0,0,0,0,0,Apartment,Freehold,Non Bumi Lot,Medium,Selangor
483000,1742.0,3.0,2.0,2.0,9,0,0,0,0,0,0,0,Condominium,Freehold,Non Bumi Lot,Medium,Selangor
245000,850.0,3.0,2.0,1.0,5,0,0,0,0,0,0,0,Apartment,Leasehold,Non Bumi Lot,Medium,Selangor
448000,1477.0,4.0,3.0,2.0,12,0,0,0,0,0,0,0,Condominium,Freehold,Non Bumi Lot,Unknown,Selangor
300000,1300.0,4.0,3.0,2.0,14,0,0,0,0,0,0,0,Condominium,Freehold,Non Bumi Lot,Medium,Putrajaya
85000,743.0,3.0,2.0,1.0,0,0,0,0,0,0,0,0,Apartment,Leasehold,Non Bumi Lot,High,Melaka
290000,750.0,3.0,2.0,2.0,14,0,0,0,0,0,1,0,Apartment,Freehold,Non Bumi Lot,High,Selangor
460000,1000.0,3.0,2.0,1.0,4,0,0,0,0,0,0,0,Condominium,Freehold,Non Bumi Lot,Low,Penang
99000,613.0,3.0,2.0,1.0,0,0,0,0,0,0,0,0,Flat,Leasehold,Non Bumi Lot,Medium,Johor
299000,1100.0,4.0,2.0,2.0,14,0,0,0,0,0,0,0,Condominium,Freehold,Non Bumi Lot,Medium,Selangor
138000,800.0,3.0,2.0,1.0,0,0,0,0,0,0,0,0,Apartment,Leasehold,Non Bumi Lot,Medium,Johor
180000,650.0,3.0,2.0,1.0,4,0,0,0,0,0,0,0,Apartment,Leasehold,Bumi Lot,High,Kuala Lumpur
299000,1300.0,4.0,3.0,2.0,14,0,0,0,0,0,0,0,Condominium,Freehold,Non Bumi Lot,Medium,Selangor
245000,850.0,3.0,2.0,1.0,5,1,0,1,0,0,1,0,Apartment,Leasehold,Bumi Lot,Low,Selangor
385000,897.0,3.0,2.0,1.0,10,1,0,0,0,1,0,0,Condominium,Leasehold,Bumi Lot,Low,Selangor
635000,1345.0,4.0,3.0,2.0,0,0,0,0,0,0,0,0,Condominium,Leasehold,Non Bumi Lot,High,Selangor
530000,1091.0,3.0,3.0,1.0,10,0,0,0,0,0,0,0,Condominium,Freehold,Non Bumi Lot,Unknown,Penang
600000,1285.0,3.0,3.0,1.0,10,0,0,0,0,0,0,0,Condominium,Freehold,Non Bumi Lot,Unknown,Penang
495000,887.0,3.0,2.0,2.0,10,0,0,0,0,0,0,0,Condominium,Freehold,Non Bumi Lot,Unknown,Penang
450000,887.0,3.0,2.0,1.0,10,0,0,0,0,0,0,0,Condominium,Freehold,Non Bumi Lot,Unknown,Penang
450000,1009.0,3.0,2.0,2.0,0,0,0,0,0,0,0,0,Condominium,Leasehold,Non Bumi Lot,Medium,Sabah
778000,1550.0,4.0,3.0,2.0,12,1,0,0,0,0,1,0,Condominium,Freehold,Non Bumi Lot,Unknown,Kuala Lumpur
820000,1227.0,3.0,2.0,2.0,14,1,0,0,1,0,1,0,Service Residence,Freehold,Non Bumi Lot,Medium,Kuala Lumpur
299000,1300.0,4.0,3.0,2.0,14,0,1,0,0,0,0,0,Condominium,Freehold,Non Bumi Lot,Medium,Selangor
468000,1285.0,3.0,2.0,1.0,11,1,1,1,1,0,1,0,Condominium,Leasehold,Non Bumi Lot,Low,Selangor
650000,1202.0,4.0,3.0,2.0,9,0,0,0,0,0,0,0,Condominium,Freehold,Non Bumi Lot,Low,Putrajaya
1150000,1661.0,4.0,3.0,2.0,5,1,1,1,0,1,1,1,Condominium,Freehold,Non Bumi Lot,Medium,Kuala Lumpur
410000,1100.0,3.0,2.0,1.0,3,1,1,0,0,1,1,0,Condominium,Leasehold,Non Bumi Lot,High,Kuala Lumpur
340000,1100.0,3.0,2.0,1.0,7,1,0,0,0,1,1,0,Condominium,Leasehold,Non Bumi Lot,Unknown,Kuala Lumpur
350000,1311.0,2.0,2.0,2.0,14,1,1,0,1,1,1,0,Condominium,Freehold,Non Bumi Lot,Medium,Kuala Lumpur
120000,480.0,2.0,1.0,1.0,2,0,0,0,0,0,0,1,Flat,Freehold,Non Bumi Lot,Low,Selangor
380000,838.0,3.0,2.0,2.0,9,0,0,0,0,0,0,0,Condominium,Freehold,Non Bumi Lot,Unknown,Penang
450000,994.0,2.0,2.0,1.0,6,1,1,0,1,0,1,0,Condominium,Freehold,Non Bumi Lot,Low,Kuala Lumpur
240000,720.0,3.0,2.0,1.0,3,0,0,0,0,0,0,0,Apartment,Leasehold,Non Bumi Lot,Unknown,Penang
250000,720.0,3.0,2.0,1.0,3,0,0,0,0,0,0,0,Apartment,Leasehold,Non Bumi Lot,Unknown,Penang
785000,2415.0,5.0,5.0,1.0,14,0,0,0,0,0,0,0,Condominium,Leasehold,Non Bumi Lot,Medium,Selangor
340000,1213.0,4.0,2.0,1.0,10,0,0,0,0,0,0,0,Condominium,Freehold,Non Bumi Lot,High,Johor
678000,1168.0,3.0,2.0,2.0,10,1,0,0,0,1,1,0,Condominium,Freehold,Non Bumi Lot,Medium,Kuala Lumpur
1050000,2400.0,4.0,3.0,2.0,2,0,0,0,0,0,0,0,Condominium,Freehold,Non Bumi Lot,High,Penang
135000,700.0,3.0,2.0,1.0,3,0,0,0,0,0,0,0,Flat,Freehold,Non Bumi Lot,Unknown,Penang
168000,818.0,3.0,3.0,1.0,0,0,0,0,0,0,0,0,Flat,Leasehold,Non Bumi Lot,Unknown,Melaka
5000000,9800.0,6.0,5.0,3.0,7,0,0,0,0,0,0,0,Condominium,Freehold,Non Bumi Lot,Low,Penang
490000,1273.0,3.0,2.0,2.0,6,0,0,0,0,0,0,0,Condominium,Freehold,Non Bumi Lot,Unknown,Penang
400000,1206.0,4.0,2.0,1.0,7,1,0,0,0,1,0,0,Condominium,Leasehold,Bumi Lot,Medium,Kuala Lumpur
620000,1225.0,3.0,3.0,1.0,5,0,0,0,0,0,0,0,Condominium,Freehold,Non Bumi Lot,Medium,Johor
150000,650.0,3.0,2.0,1.0,0,1,0,0,0,0,1,0,Apartment,Freehold,Non Bumi Lot,High,Selangor
155000,657.0,3.0,2.0,1.0,0,0,0,0,0,0,0,0,Apartment,Freehold,Non Bumi Lot,Medium,Selangor
355000,750.0,3.0,2.0,1.0,1,0,0,0,0,0,1,0,Apartment,Freehold,Non Bumi Lot,Low,Selangor
298000,947.0,3.0,2.0,1.0,5,0,0,0,0,0,1,0,Condominium,Freehold,Bumi Lot,Medium,Selangor
620000,800.0,3.0,2.0,2.0,13,0,0,0,0,0,0,0,Condominium,Freehold,Non Bumi Lot,Unknown,Penang
308000,500.0,1.0,1.0,2.0,11,0,0,0,1,0,0,0,Service Residence,Freehold,Non Bumi Lot,High,Selangor
349999,883.0,3.0,2.0,1.0,8,1,0,0,1,1,1,0,Apartment,Freehold,Non Bumi Lot,Medium,Selangor
212000,957.0,3.0,2.0,1.0,3,0,0,0,0,0,0,0,Apartment,Freehold,Non Bumi Lot,Medium,Selangor
395000,1052.0,3.0,2.0,2.0,10,0,0,0,0,0,0,0,Condominium,Freehold,Non Bumi Lot,Medium,Selangor
260000,830.0,3.0,2.0,1.0,9,0,0,0,0,0,0,0,Condominium,Leasehold,Non Bumi Lot,Medium,Selangor
288000,830.0,3.0,2.0,1.0,10,0,0,0,0,0,0,0,Condominium,Leasehold,Non Bumi Lot,Medium,Selangor
285000,864.0,4.0,2.0,1.0,4,0,1,0,0,1,1,0,Apartment,Leasehold,Non Bumi Lot,Low,Selangor
1150000,1100.0,2.0,2.0,1.0,8,0,0,0,0,0,0,0,Service Residence,Leasehold,Non Bumi Lot,Low,Sabah
238000,760.0,3.0,2.0,1.0,1,1,1,1,1,1,1,1,Apartment,Freehold,Non Bumi Lot,Low,Kuala Lumpur
1700000,1991.0,3.0,4.0,3.0,7,0,0,0,0,0,0,0,Condominium,Freehold,Non Bumi Lot,Unknown,Penang
1150000,1750.0,3.0,2.0,2.0,13,0,0,0,0,0,0,0,Condominium,Freehold,Non Bumi Lot,Unknown,Penang
960000,1400.0,3.0,3.0,2.0,9,1,1,0,1,0,1,0,Condominium,Freehold,Non Bumi Lot,Low,Kuala Lumpur
229000,844.0,4.0,2.0,1.0,5,0,0,0,0,0,0,0,Apartment,Leasehold,Bumi Lot,Medium,Selangor
622000,800.0,3.0,2.0,2.0,13,0,0,0,0,0,0,0,Condominium,Freehold,Non Bumi Lot,Unknown,Penang
1230000,2600.0,4.0,4.0,2.0,8,0,0,0,0,0,0,0,Condominium,Freehold,Non Bumi Lot,Unknown,Penang
1350000,1539.0,3.0,3.0,2.0,0,0,0,0,0,0,0,0,Condominium,Freehold,Non Bumi Lot,Unknown,Penang
1200000,1539.0,3.0,3.0,2.0,0,0,0,0,0,0,0,0,Condominium,Freehold,Non Bumi Lot,Unknown,Penang
660000,872.0,3.0,2.0,1.0,13,0,0,0,0,0,0,0,Condominium,Freehold,Non Bumi Lot,Unknown,Unknown
165000,650.0,2.0,1.0,1.0,4,0,0,0,0,0,0,0,Flat,Freehold,Non Bumi Lot,Medium,Penang
580000,955.0,3.0,2.0,1.0,8,0,0,0,0,0,0,0,Condominium,Leasehold,Non Bumi Lot,Medium,Sabah
1450000,2600.0,5.0,4.0,3.0,8,0,0,0,0,0,0,0,Condominium,Freehold,Non Bumi Lot,Unknown,Penang
430000,1043.0,3.0,2.0,1.0,6,0,0,0,0,0,0,0,Condominium,Freehold,Non Bumi Lot,High,Putrajaya
295000,715.0,1.0,1.0,1.0,14,0,0,0,0,0,0,0,Apartment,Freehold,Non Bumi Lot,Medium,Johor
230000,830.0,3.0,2.0,2.0,9,0,1,0,0,0,0,0,Apartment,Freehold,Non Bumi Lot,Low,Selangor
199000,810.0,3.0,2.0,1.0,3,0,1,0,0,0,0,0,Apartment,Freehold,Non Bumi Lot,Medium,Selangor
275000,1410.0,3.0,2.0,2.0,9,0,0,0,0,0,0,0,Condominium,Leasehold,Non Bumi Lot,Medium,Selangor
265000,700.0,3.0,1.0,1.0,2,0,0,0,0,0,0,0,Apartment,Freehold,Non Bumi Lot,Medium,Penang
928000,1320.0,4.0,3.0,2.0,13,0,0,0,0,0,0,0,Condominium,Freehold,Non Bumi Lot,Unknown,Unknown
250000,900.0,3.0,2.0,2.0,8,0,0,0,0,0,0,0,Condominium,Freehold,Non Bumi Lot,Medium,Johor
1700000,1862.0,4.0,4.0,3.0,13,0,0,0,0,0,0,0,Condominium,Freehold,Non Bumi Lot,Unknown,Unknown
920000,1646.0,4.0,3.0,2.0,7,0,0,0,0,0,0,0,Condominium,Freehold,Non Bumi Lot,Unknown,Penang
1250000,1469.0,4.0,2.0,1.0,7,0,0,0,0,0,0,0,Condominium,Freehold,Non Bumi Lot,Unknown,Penang
110000,700.0,3.0,2.0,1.0,2,0,1,0,0,0,0,0,Apartment,Freehold,Non Bumi Lot,Low,Selangor
345000,700.0,3.0,2.0,1.0,6,0,0,0,0,0,0,0,Apartment,Freehold,Non Bumi Lot,Unknown,Penang
350000,700.0,2.0,2.0,2.0,6,0,0,0,0,0,0,0,Apartment,Freehold,Non Bumi Lot,Unknown,Penang
318000,700.0,3.0,2.0,1.0,4,0,0,0,0,0,0,0,Apartment,Freehold,Non Bumi Lot,Unknown,Penang
145000,750.0,3.0,2.0,1.0,0,0,0,0,0,0,0,0,Flat,Freehold,Non Bumi Lot,High,Johor
255000,800.0,3.0,2.0,1.0,4,0,0,0,0,0,0,0,Apartment,Freehold,Non Bumi Lot,High,Penang
225000,680.0,3.0,2.0,1.0,6,0,0,0,0,0,0,0,Apartment,Leasehold,Non Bumi Lot,Low,Penang
240000,850.0,3.0,2.0,2.0,9,0,1,0,0,0,0,0,Apartment,Freehold,Non Bumi Lot,Medium,Selangor
550000,550.0,2.0,1.0,1.0,13,0,0,0,0,0,0,0,Condominium,Freehold,Non Bumi Lot,Unknown,Penang
550000,615.0,2.0,1.0,1.0,13,0,0,0,0,0,0,0,Condominium,Freehold,Non Bumi Lot,Unknown,Penang
595000,872.0,3.0,2.0,1.0,13,0,0,0,0,0,0,0,Condominium,Freehold,Non Bumi Lot,Unknown,Penang
445000,951.0,3.0,2.0,1.0,12,0,1,0,0,0,0,0,Service Residence,Freehold,Non Bumi Lot,Medium,Selangor
169999,650.0,3.0,2.0,1.0,4,1,0,0,0,1,1,0,Apartment,Leasehold,Non Bumi Lot,Medium,Selangor
305000,807.0,3.0,2.0,1.0,5,0,0,0,0,0,0,0,Condominium,Leasehold,Non Bumi Lot,Medium,Selangor
400000,1000.0,4.0,2.0,2.0,9,0,0,0,0,0,0,0,Condominium,Freehold,Non Bumi Lot,Medium,Selangor
430000,1333.0,4.0,2.0,2.0,7,0,0,0,0,0,0,0,Condominium,Freehold,Non Bumi Lot,Unknown,Penang
235000,850.0,4.0,2.0,1.0,1,0,0,0,0,0,0,0,Apartment,Leasehold,Bumi Lot,Low,Johor
440000,1243.0,3.0,3.0,2.0,7,0,1,1,0,0,0,0,Service Residence,Leasehold,Non Bumi Lot,Unknown,Selangor
400000,1213.0,3.0,3.0,2.0,9,0,0,0,0,0,0,0,Condominium,Leasehold,Non Bumi Lot,Unknown,Selangor
1239000,1700.0,4.0,2.0,2.0,5,0,0,0,0,0,0,0,Condominium,Freehold,Non Bumi Lot,High,Kuala Lumpur
239000,1008.0,3.0,2.0,1.0,6,0,0,0,0,0,0,0,Condominium,Freehold,Non Bumi Lot,Medium,Selangor
850000,1234.0,3.0,3.0,2.0,14,1,1,0,1,1,1,0,Condominium,Freehold,Non Bumi Lot,High,Kuala Lumpur
310000,1400.0,3.0,2.0,1.0,10,0,0,0,0,0,0,0,Condominium,Freehold,Non Bumi Lot,Medium,Johor
482000,969.0,3.0,2.0,2.0,14,0,0,0,0,0,0,0,Service Residence,Freehold,Non Bumi Lot,Medium,Putrajaya
155000,728.0,3.0,2.0,1.0,4,0,0,0,0,0,0,0,Condominium,Freehold,Non Bumi Lot,Medium,Negeri Sembilan
158000,753.0,2.0,2.0,1.0,0,0,0,0,0,0,0,0,Flat,Freehold,Non Bumi Lot,High,Johor
320000,973.0,3.0,2.0,1.0,0,0,0,0,0,0,0,0,Condominium,Leasehold,Non Bumi Lot,Medium,Johor
270000,888.0,3.0,1.0,1.0,0,0,0,0,0,0,0,0,Apartment,Freehold,Non Bumi Lot,Low,Kuala Lumpur
240000,700.0,3.0,2.0,1.0,5,0,0,0,0,0,0,0,Apartment,Leasehold,Non Bumi Lot,Unknown,Penang
145000,650.0,3.0,2.0,1.0,0,1,0,0,0,0,1,0,Apartment,Freehold,Non Bumi Lot,Medium,Selangor
380000,700.0,3.0,2.0,1.0,9,0,0,0,0,0,0,0,Apartment,Freehold,Non Bumi Lot,Unknown,Penang
473000,703.0,2.0,2.0,1.0,14,1,0,1,1,1,1,0,Service Residence,Freehold,Non Bumi Lot,High,Kuala Lumpur
378000,916.0,3.0,2.0,2.0,7,0,0,0,0,0,0,0,Apartment,Leasehold,Non Bumi Lot,Medium,Johor
385000,961.0,3.0,2.0,1.0,9,0,0,0,0,0,0,0,Apartment,Freehold,Non Bumi Lot,Medium,Johor
398000,850.0,3.0,2.0,1.0,13,0,0,0,0,0,0,0,Service Residence,Freehold,Non Bumi Lot,Medium,Johor
350000,903.0,3.0,2.0,1.0,6,0,0,0,0,0,0,0,Apartment,Freehold,Non Bumi Lot,Low,Selangor
190000,700.0,3.0,2.0,1.0,4,0,0,0,0,0,0,0,Apartment,Freehold,Non Bumi Lot,Medium,Selangor
450000,969.0,3.0,2.0,2.0,9,0,0,0,0,0,0,0,Service Residence,Leasehold,Non Bumi Lot,Low,Selangor
260000,700.0,3.0,2.0,1.0,4,0,0,0,0,0,0,0,Apartment,Freehold,Non Bumi Lot,Unknown,Penang
300000,700.0,3.0,2.0,1.0,4,0,0,0,0,0,0,0,Apartment,Freehold,Non Bumi Lot,Unknown,Penang
315000,700.0,3.0,2.0,1.0,4,0,0,0,0,0,0,0,Apartment,Freehold,Non Bumi Lot,Unknown,Penang
288000,800.0,3.0,2.0,1.0,7,0,0,0,0,0,0,0,Apartment,Leasehold,Non Bumi Lot,Unknown,Penang
88000,648.0,1.0,1.0,10.0,6,0,0,0,0,0,0,0,Condominium,Leasehold,Non Bumi Lot,Medium,Melaka
470000,829.0,3.0,2.0,2.0,14,0,0,0,0,0,0,0,Service Residence,Freehold,Non Bumi Lot,Medium,Putrajaya
600000,933.0,3.0,2.0,1.0,8,0,0,0,0,0,0,0,Service Residence,Leasehold,Non Bumi Lot,Unknown,Sarawak
385000,897.0,3.0,2.0,1.0,8,1,0,0,0,1,0,0,Condominium,Leasehold,Bumi Lot,Medium,Selangor
350000,1311.0,2.0,2.0,2.0,14,1,0,0,1,0,1,0,Condominium,Freehold,Non Bumi Lot,Low,Kuala Lumpur
900000,1400.0,4.0,2.0,2.0,5,1,0,0,1,1,1,0,Condominium,Leasehold,Non Bumi Lot,Low,Kuala Lumpur
458000,700.0,3.0,2.0,1.0,5,0,0,0,0,0,0,0,Condominium,Leasehold,Non Bumi Lot,Medium,Penang
300000,850.0,3.0,2.0,1.0,10,0,0,0,0,0,0,0,Apartment,Leasehold,Non Bumi Lot,Unknown,Sabah
299000,655.0,1.0,1.0,1.0,14,0,0,0,0,0,0,0,Condominium,Freehold,Non Bumi Lot,Low,Selangor
133000,550.0,2.0,2.0,1.0,6,0,0,0,0,0,0,0,Apartment,Freehold,Non Bumi Lot,Medium,Penang
298000,914.0,3.0,1.0,2.0,8,0,0,0,0,0,0,0,Apartment,Freehold,Non Bumi Lot,Medium,Johor
476000,900.0,3.0,2.0,1.0,10,0,0,0,0,0,0,0,Condominium,Leasehold,Non Bumi Lot,Medium,Penang
450000,1960.0,4.0,3.0,1.0,10,0,0,0,0,0,0,0,Condominium,Leasehold,Non Bumi Lot,Medium,Melaka
285000,750.0,3.0,2.0,1.0,10,0,0,0,0,0,0,0,Condominium,Freehold,Non Bumi Lot,Medium,Penang
220000,391.0,1.0,1.0,1.0,7,0,0,0,0,0,0,0,Condominium,Leasehold,Non Bumi Lot,Medium,Sabah
630000,560.0,1.0,1.0,2.0,14,1,0,1,0,1,1,0,Service Residence,Leasehold,Non Bumi Lot,High,Selangor
420000,1050.0,3.0,2.0,1.0,11,0,0,0,0,0,0,0,Condominium,Freehold,Non Bumi Lot,High,Penang
600000,1056.0,3.0,2.0,1.0,11,0,0,0,0,0,0,0,Apartment,Leasehold,Non Bumi Lot,Low,Pahang
440000,1465.0,4.0,2.0,1.0,11,1,0,0,1,0,1,1,Condominium,Freehold,Non Bumi Lot,Low,Kuala Lumpur
390000,660.0,2.0,2.0,1.0,11,0,0,0,0,0,0,0,Service Residence,Leasehold,Bumi Lot,Medium,Kuala Lumpur
470000,1003.0,3.0,2.0,2.0,4,0,0,0,0,0,0,0,Condominium,Leasehold,Non Bumi Lot,Low,Selangor
170000,600.0,2.0,1.0,1.0,0,1,1,0,1,1,1,0,Flat,Leasehold,Bumi Lot,Medium,Selangor
850000,1213.0,2.0,2.0,2.0,8,1,1,0,1,1,1,0,Condominium,Leasehold,Non Bumi Lot,Medium,Kuala Lumpur
350000,945.0,3.0,2.0,2.0,8,0,0,0,0,0,0,0,Service Residence,Freehold,Bumi Lot,Medium,Selangor
265000,850.0,3.0,2.0,1.0,8,0,0,0,0,0,0,0,Apartment,Leasehold,Bumi Lot,Medium,Sabah
158000,1540.0,3.0,2.0,1.0,10,0,0,0,0,0,0,0,Condominium,Leasehold,Non Bumi Lot,Medium,Melaka
115000,606.0,3.0,2.0,1.0,3,0,0,0,0,0,0,0,Apartment,Leasehold,Non Bumi Lot,Low,Selangor
389000,812.0,3.0,2.0,2.0,9,1,0,0,0,0,1,0,Service Residence,Leasehold,Non Bumi Lot,Medium,Selangor
78000,1480.0,2.0,2.0,10.0,8,0,0,0,0,0,0,0,Condominium,Leasehold,Non Bumi Lot,Medium,Melaka
370000,960.0,3.0,2.0,1.0,5,0,0,1,1,0,1,0,Condominium,Leasehold,Non Bumi Lot,High,Kuala Lumpur
550000,1100.0,3.0,2.0,2.0,10,1,1,0,1,1,1,0,Condominium,Freehold,Non Bumi Lot,High,Kuala Lumpur
289999,1084.0,3.0,2.0,1.0,9,1,0,0,0,1,1,0,Condominium,Freehold,Non Bumi Lot,Medium,Kuala Lumpur
600000,1398.0,3.0,3.0,1.0,12,1,0,0,0,0,1,0,Condominium,Freehold,Non Bumi Lot,Medium,Selangor
550000,1100.0,3.0,2.0,2.0,6,0,0,0,0,0,0,0,Condominium,Leasehold,Non Bumi Lot,Low,Sarawak
165000,963.0,3.0,2.0,1.0,2,0,0,0,0,0,0,0,Apartment,Freehold,Bumi Lot,Medium,Melaka
500000,1216.0,3.0,2.0,2.0,14,0,0,0,0,0,0,0,Service Residence,Freehold,Non Bumi Lot,Medium,Putrajaya
380000,1023.0,3.0,2.0,1.0,8,1,1,0,1,1,1,0,Apartment,Leasehold,Non Bumi Lot,Low,Selangor
230000,850.0,3.0,2.0,1.0,3,0,0,0,0,0,0,0,Apartment,Freehold,Non Bumi Lot,Low,Penang
235000,1000.0,3.0,2.0,2.0,7,0,0,0,0,0,0,0,Flat,Leasehold,Bumi Lot,Medium,Johor
255000,856.0,3.0,2.0,1.0,8,0,0,0,0,0,0,0,Apartment,Leasehold,Non Bumi Lot,Medium,Selangor
240000,650.0,3.0,2.0,1.0,5,1,1,0,1,1,1,0,Apartment,Leasehold,Non Bumi Lot,Medium,Kuala Lumpur
99999,650.0,3.0,2.0,1.0,3,0,0,0,0,0,0,0,Apartment,Leasehold,Non Bumi Lot,Medium,Selangor
255000,907.0,3.0,2.0,1.0,7,0,0,0,0,0,0,0,Condominium,Leasehold,Non Bumi Lot,Medium,Selangor
850000,1670.0,3.0,2.0,3.0,11,0,1,0,1,0,1,1,Condominium,Freehold,Non Bumi Lot,Low,Selangor
530000,800.0,3.0,2.0,1.0,5,0,0,0,0,0,0,0,Condominium,Freehold,Non Bumi Lot,High,Penang
410000,950.0,3.0,2.0,1.0,4,1,1,0,1,1,1,0,Service Residence,Freehold,Non Bumi Lot,Unknown,Kuala Lumpur
420000,960.0,3.0,2.0,1.0,4,1,1,0,1,1,1,0,Service Residence,Freehold,Non Bumi Lot,Unknown,Kuala Lumpur
400000,1019.0,2.0,2.0,1.0,8,0,0,0,0,0,0,0,Condominium,Leasehold,Non Bumi Lot,Medium,Johor
490000,861.0,3.0,2.0,1.0,9,1,1,0,1,1,1,0,Condominium,Freehold,Non Bumi Lot,Medium,Kuala Lumpur
550000,1100.0,3.0,2.0,2.0,10,1,1,0,1,1,1,0,Condominium,Freehold,Non Bumi Lot,High,Kuala Lumpur
600000,1398.0,3.0,3.0,1.0,12,1,0,0,0,0,1,0,Condominium,Freehold,Non Bumi Lot,Medium,Selangor
380000,1023.0,3.0,2.0,1.0,8,1,1,0,1,1,1,0,Apartment,Leasehold,Non Bumi Lot,Low,Selangor
850000,1670.0,3.0,2.0,3.0,11,0,1,0,1,0,1,1,Condominium,Freehold,Non Bumi Lot,Low,Selangor
490000,861.0,3.0,2.0,1.0,9,1,1,0,1,1,1,0,Condominium,Freehold,Non Bumi Lot,Medium,Kuala Lumpur
450000,850.0,3.0,2.0,1.0,0,0,0,0,0,0,0,0,Condominium,Leasehold,Non Bumi Lot,Unknown,Kuala Lumpur
350000,956.0,4.0,2.0,2.0,10,0,0,0,0,0,0,0,Service Residence,Freehold,Bumi Lot,Medium,Selangor
100000,579.0,1.0,1.0,1.0,0,0,0,0,0,0,0,0,Condominium,Freehold,Non Bumi Lot,Low,Kedah
730000,850.0,2.0,2.0,2.0,9,1,1,0,1,0,0,0,Service Residence,Freehold,Bumi Lot,Medium,Kuala Lumpur
110000,950.0,3.0,2.0,1.0,3,0,0,0,0,0,0,0,Flat,Freehold,Non Bumi Lot,High,Melaka
90000,1141.0,3.0,2.0,2.0,2,0,0,0,0,0,0,0,Apartment,Leasehold,Non Bumi Lot,Low,Perak
368000,818.0,3.0,2.0,2.0,8,0,0,0,0,0,0,0,Apartment,Freehold,Bumi Lot,Low,Johor
350000,1300.0,3.0,2.0,2.0,9,0,0,0,0,0,0,0,Condominium,Freehold,Non Bumi Lot,High,Selangor
728888,1520.0,3.0,2.0,1.0,13,0,0,0,0,0,0,0,Condominium,Leasehold,Non Bumi Lot,High,Sarawak
470000,904.0,3.0,2.0,2.0,14,0,0,0,0,0,0,0,Service Residence,Freehold,Non Bumi Lot,Medium,Putrajaya
215000,893.0,4.0,2.0,1.0,7,0,0,0,0,0,0,0,Apartment,Freehold,Bumi Lot,Unknown,Johor
150000,520.0,2.0,2.0,1.0,2,0,0,0,0,0,0,0,Flat,Leasehold,Non Bumi Lot,Low,Penang
170000,710.0,3.0,2.0,1.0,2,0,0,0,0,0,0,0,Condominium,Freehold,Non Bumi Lot,Medium,Negeri Sembilan
230000,1000.0,3.0,2.0,1.0,6,0,0,0,0,0,0,1,Apartment,Freehold,Non Bumi Lot,Low,Selangor
618000,1036.0,3.0,2.0,1.0,6,1,1,0,0,1,1,1,Service Residence,Leasehold,Non Bumi Lot,Medium,Selangor
365000,1230.0,3.0,2.0,1.0,8,1,0,0,0,0,0,0,Condominium,Leasehold,Bumi Lot,High,Selangor
290000,800.0,3.0,2.0,1.0,7,0,0,0,0,0,0,0,Apartment,Leasehold,Non Bumi Lot,Unknown,Penang
330000,800.0,3.0,2.0,1.0,7,0,0,0,0,0,0,0,Apartment,Leasehold,Non Bumi Lot,Unknown,Penang
300000,800.0,3.0,2.0,2.0,5,0,0,0,0,0,0,0,Apartment,Leasehold,Non Bumi Lot,Unknown,Penang
295000,800.0,3.0,2.0,2.0,5,0,0,0,0,0,0,0,Apartment,Leasehold,Non Bumi Lot,Unknown,Penang
438000,960.0,3.0,2.0,1.0,4,1,1,0,1,1,1,0,Service Residence,Freehold,Non Bumi Lot,Unknown,Kuala Lumpur
420000,1021.0,3.0,2.0,5.0,11,0,0,0,0,0,0,0,Condominium,Leasehold,Non Bumi Lot,Low,Selangor
268000,906.0,3.0,2.0,1.0,9,0,0,0,0,0,0,0,Apartment,Leasehold,Non Bumi Lot,High,Johor
300000,1131.0,3.0,2.0,1.0,8,0,0,0,0,0,0,0,Apartment,Leasehold,Non Bumi Lot,High,Johor
124999,650.0,3.0,2.0,1.0,0,1,0,0,0,0,1,0,Apartment,Freehold,Non Bumi Lot,Unknown,Selangor
475000,947.0,3.0,2.0,2.0,14,0,0,0,0,0,0,0,Service Residence,Freehold,Non Bumi Lot,Medium,Putrajaya
445000,969.0,3.0,2.0,2.0,11,0,0,0,1,0,0,0,Apartment,Freehold,Non Bumi Lot,Medium,Selangor
199000,850.0,3.0,2.0,1.0,0,0,0,0,0,0,0,0,Apartment,Freehold,Non Bumi Lot,Unknown,Selangor
350000,907.0,3.0,2.0,1.0,8,1,0,0,0,1,1,0,Condominium,Freehold,Non Bumi Lot,Unknown,Selangor
280000,700.0,3.0,2.0,1.0,6,0,0,0,0,0,0,0,Apartment,Leasehold,Non Bumi Lot,Unknown,Penang
270000,800.0,3.0,2.0,1.0,5,0,0,0,0,0,0,0,Apartment,Leasehold,Non Bumi Lot,Unknown,Penang
250000,800.0,3.0,2.0,1.0,4,0,0,0,0,0,0,0,Apartment,Leasehold,Non Bumi Lot,Unknown,Penang
300000,800.0,3.0,2.0,1.0,4,0,0,0,0,0,0,0,Apartment,Leasehold,Non Bumi Lot,Unknown,Penang
290000,1100.0,3.0,2.0,2.0,8,1,1,1,1,1,1,0,Condominium,Leasehold,Non Bumi Lot,Unknown,Selangor
290000,1200.0,4.0,2.0,2.0,12,0,0,0,0,0,0,0,Condominium,Freehold,Non Bumi Lot,Unknown,Selangor
295000,750.0,2.0,2.0,1.0,0,0,0,0,0,0,0,0,Condominium,Freehold,Non Bumi Lot,Unknown,Penang
310000,1200.0,3.0,2.0,1.0,0,1,0,0,0,0,1,0,Apartment,Freehold,Non Bumi Lot,Low,Selangor
456000,926.0,3.0,2.0,2.0,9,0,0,0,0,0,0,0,Service Residence,Freehold,Non Bumi Lot,Low,Selangor
168000,650.0,3.0,2.0,1.0,3,1,0,0,0,1,1,0,Apartment,Freehold,Non Bumi Lot,Medium,Selangor
450000,1068.0,3.0,2.0,2.0,9,0,0,0,0,0,0,0,Condominium,Freehold,Non Bumi Lot,High,Johor
350000,700.0,3.0,2.0,1.0,8,0,0,0,0,0,0,0,Apartment,Freehold,Non Bumi Lot,Unknown,Penang
350000,775.0,2.0,2.0,2.0,6,0,0,0,0,0,0,0,Service Residence,Freehold,Non Bumi Lot,Unknown,Penang
299000,700.0,3.0,2.0,1.0,4,0,0,0,0,0,0,0,Condominium,Freehold,Non Bumi Lot,Unknown,Penang
300000,1000.0,3.0,2.0,1.0,1,0,0,0,0,0,0,0,Apartment,Leasehold,Non Bumi Lot,Medium,Sabah
165000,1033.0,3.0,2.0,1.0,2,0,0,0,0,0,0,0,Apartment,Freehold,Non Bumi Lot,Medium,Melaka
228000,860.0,3.0,2.0,1.0,6,0,0,0,0,0,0,0,Apartment,Leasehold,Non Bumi Lot,Unknown,Penang
370000,1300.0,3.0,2.0,1.0,5,0,0,0,0,0,0,0,Condominium,Freehold,Bumi Lot,Medium,Kuala Lumpur
105000,650.0,3.0,2.0,1.0,0,0,0,0,0,0,0,0,Apartment,Leasehold,Non Bumi Lot,High,Unknown
128000,700.0,3.0,2.0,1.0,4,1,0,0,1,1,1,0,Apartment,Leasehold,Non Bumi Lot,High,Selangor
290000,657.0,4.0,2.0,1.0,4,0,0,0,0,0,0,0,Apartment,Freehold,Non Bumi Lot,Medium,Penang
438000,700.0,3.0,2.0,1.0,9,0,0,0,0,0,0,0,Condominium,Freehold,Non Bumi Lot,High,Penang
440000,894.0,2.0,2.0,1.0,6,1,0,0,0,1,1,0,Condominium,Freehold,Non Bumi Lot,Medium,Kuala Lumpur
250000,484.0,1.0,1.0,1.0,9,0,0,0,0,0,0,0,Service Residence,Freehold,Non Bumi Lot,Medium,Johor
460000,1232.0,3.0,2.0,1.0,10,0,0,0,0,0,0,0,Condominium,Leasehold,Non Bumi Lot,Medium,Kuala Lumpur
450000,1400.0,3.0,2.0,1.0,4,0,0,0,0,0,0,0,Service Residence,Leasehold,Non Bumi Lot,Medium,Johor
365000,1150.0,3.0,2.0,1.0,8,1,1,1,1,0,0,0,Condominium,Freehold,Non Bumi Lot,High,Kuala Lumpur
265000,800.0,3.0,2.0,1.0,8,0,0,0,0,0,0,0,Apartment,Leasehold,Non Bumi Lot,Low,Selangor
280000,654.0,3.0,1.0,1.0,4,0,0,0,0,0,0,0,Apartment,Freehold,Non Bumi Lot,High,Penang
360000,795.0,3.0,2.0,1.0,1,0,0,0,0,0,0,0,Flat,Freehold,Non Bumi Lot,Unknown,Penang
275000,1410.0,3.0,2.0,2.0,0,1,1,1,1,1,1,0,Apartment,Leasehold,Non Bumi Lot,Low,Selangor
268000,1206.0,3.0,2.0,1.0,5,1,1,1,1,1,1,1,Condominium,Freehold,Non Bumi Lot,Medium,Kuala Lumpur
128000,700.0,3.0,2.0,1.0,4,1,0,0,1,1,1,0,Apartment,Leasehold,Non Bumi Lot,High,Selangor
421000,900.0,3.0,2.0,1.0,0,0,0,0,0,0,0,0,Apartment,Freehold,Non Bumi Lot,Unknown,Penang
238000,606.0,3.0,2.0,1.0,4,1,0,0,1,1,1,0,Apartment,Leasehold,Non Bumi Lot,Unknown,Kuala Lumpur
155000,608.0,3.0,1.0,1.0,0,0,0,1,1,0,1,0,Apartment,Leasehold,Non Bumi Lot,Unknown,Selangor
195000,760.0,3.0,2.0,1.0,0,1,1,0,1,0,1,0,Apartment,Leasehold,Non Bumi Lot,Unknown,Kuala Lumpur
350000,1100.0,3.0,2.0,1.0,3,0,0,0,0,0,0,0,Condominium,Freehold,Non Bumi Lot,Medium,Melaka
300000,1216.0,4.0,3.0,2.0,12,0,0,0,0,0,0,0,Apartment,Freehold,Non Bumi Lot,Medium,Johor
480000,1092.0,3.0,2.0,2.0,10,1,0,0,0,1,1,0,Condominium,Freehold,Non Bumi Lot,Low,Kuala Lumpur
750000,3200.0,4.0,3.0,3.0,6,1,0,0,1,0,1,0,Condominium,Leasehold,Non Bumi Lot,High,Selangor
315000,914.0,3.0,2.0,1.0,9,1,1,1,1,1,1,0,Apartment,Freehold,Non Bumi Lot,Low,Selangor
270000,1055.0,3.0,2.0,1.0,9,0,1,1,0,0,0,0,Condominium,Leasehold,Non Bumi Lot,High,Selangor
295000,850.0,3.0,2.0,1.0,5,1,0,1,0,0,1,0,Apartment,Freehold,Non Bumi Lot,High,Selangor
365000,900.0,3.0,2.0,1.0,0,0,0,0,0,0,0,0,Apartment,Freehold,Bumi Lot,High,Penang
499000,1021.0,3.0,2.0,1.0,14,1,1,1,0,1,1,0,Service Residence,Leasehold,Non Bumi Lot,High,Kuala Lumpur
505000,1198.0,3.0,2.0,1.0,0,0,0,0,1,1,0,0,Condominium,Leasehold,Bumi Lot,Medium,Selangor
990000,2253.0,5.0,3.0,4.0,8,1,0,0,1,0,1,0,Condominium,Leasehold,Non Bumi Lot,Medium,Kuala Lumpur
529000,1162.0,4.0,2.0,2.0,9,0,1,1,1,0,1,0,Service Residence,Leasehold,Non Bumi Lot,Medium,Kuala Lumpur
168000,800.0,3.0,2.0,1.0,1,1,1,1,1,0,1,0,Apartment,Leasehold,Non Bumi Lot,Medium,Kuala Lumpur
270000,936.0,3.0,2.0,1.0,9,0,0,0,0,0,0,0,Condominium,Freehold,Bumi Lot,Unknown,Melaka
170000,494.0,2.0,1.0,1.0,0,0,0,0,0,0,0,0,Apartment,Freehold,Non Bumi Lot,Low,Johor
350000,750.0,3.0,2.0,1.0,10,0,0,0,0,0,0,0,Condominium,Freehold,Non Bumi Lot,High,Penang
498000,900.0,3.0,2.0,2.0,9,0,0,0,0,0,0,0,Condominium,Freehold,Malay Reserved,Unknown,Kuala Lumpur
160000,789.0,3.0,2.0,1.0,0,0,0,0,0,0,0,0,Apartment,Freehold,Non Bumi Lot,Low,Selangor
180000,753.0,3.0,2.0,1.0,2,0,0,0,0,1,0,0,Apartment,Leasehold,Non Bumi Lot,Medium,Selangor
312800,828.0,3.0,2.0,1.0,6,1,1,0,1,0,1,0,Condominium,Freehold,Non Bumi Lot,Medium,Kuala Lumpur
230000,680.0,3.0,1.0,1.0,1,0,0,0,0,0,0,0,Apartment,Freehold,Non Bumi Lot,High,Penang
355000,549.0,1.0,1.0,1.0,12,0,0,0,0,0,0,0,Apartment,Leasehold,Non Bumi Lot,High,Johor
1250000,1333.0,3.0,2.0,2.0,10,1,1,1,0,1,1,1,Condominium,Freehold,Non Bumi Lot,High,Kuala Lumpur
388000,1288.0,3.0,2.0,1.0,7,0,0,0,0,0,0,0,Condominium,Freehold,Non Bumi Lot,Medium,Selangor
900000,1008.0,1.0,1.0,1.0,0,0,0,0,0,0,0,0,Service Residence,Freehold,Non Bumi Lot,Unknown,Penang
125000,520.0,2.0,1.0,1.0,0,0,0,0,0,0,0,0,Apartment,Leasehold,Non Bumi Lot,High,Penang
220000,755.0,3.0,2.0,1.0,0,0,0,0,0,0,0,0,Apartment,Freehold,Non Bumi Lot,Unknown,Selangor
298000,1100.0,4.0,3.0,2.0,14,0,0,0,0,0,0,0,Condominium,Freehold,Non Bumi Lot,Medium,Selangor
300000,973.0,3.0,2.0,1.0,7,0,0,0,0,0,0,0,Condominium,Leasehold,Non Bumi Lot,Low,Johor
388000,1109.0,3.0,2.0,1.0,0,0,0,0,0,0,0,0,Condominium,Freehold,Non Bumi Lot,Medium,Johor
105000,650.0,3.0,2.0,1.0,1,0,0,0,0,0,0,0,Flat,Freehold,Non Bumi Lot,Unknown,Selangor
1059888,1557.0,4.0,3.0,2.0,14,0,0,0,0,0,0,0,Condominium,Leasehold,Non Bumi Lot,High,Sabah
165000,850.0,3.0,2.0,1.0,4,0,0,0,0,0,0,0,Apartment,Leasehold,Non Bumi Lot,Unknown,Selangor
168000,950.0,3.0,2.0,1.0,4,0,0,0,0,0,0,0,Apartment,Freehold,Non Bumi Lot,Unknown,Selangor
560000,909.0,3.0,2.0,2.0,6,1,1,0,1,1,1,0,Condominium,Freehold,Non Bumi Lot,Unknown,Kuala Lumpur
1200000,1830.0,3.0,3.0,2.0,8,0,0,0,0,0,0,0,Condominium,Leasehold,Non Bumi Lot,High,Sabah
168000,830.0,3.0,2.0,1.0,3,1,1,1,1,0,1,0,Apartment,Leasehold,Non Bumi Lot,Medium,Kuala Lumpur
390000,2670.0,3.0,2.0,2.0,1,0,0,0,0,0,0,0,Others,Leasehold,Non Bumi Lot,Medium,Sabah
200000,750.0,3.0,2.0,1.0,0,0,0,0,0,0,0,0,Apartment,Freehold,Non Bumi Lot,High,Selangor
278000,918.0,3.0,2.0,2.0,6,0,0,0,0,0,0,0,Apartment,Leasehold,Non Bumi Lot,Medium,Kuala Lumpur
1150000,1309.0,3.0,2.0,1.0,8,0,0,0,0,0,0,0,Condominium,Leasehold,Non Bumi Lot,High,Sabah
355000,1288.0,3.0,2.0,2.0,9,0,0,0,0,0,0,0,Condominium,Freehold,Non Bumi Lot,Unknown,Selangor
280000,850.0,3.0,2.0,2.0,5,0,0,0,0,0,0,0,Apartment,Leasehold,Non Bumi Lot,Medium,Sabah
170000,770.0,3.0,2.0,1.0,6,0,0,0,0,0,0,0,Apartment,Freehold,Non Bumi Lot,Low,Johor
550000,1001.0,4.0,2.0,2.0,8,0,0,0,0,0,0,0,Apartment,Freehold,Non Bumi Lot,Low,Kuala Lumpur
735000,1668.0,3.0,2.0,2.0,13,1,0,0,1,1,0,0,Condominium,Freehold,Non Bumi Lot,High,Selangor
570000,936.0,3.0,2.0,2.0,11,0,0,0,0,0,0,0,Condominium,Freehold,Non Bumi Lot,High,Selangor
539000,1023.0,3.0,2.0,2.0,14,1,1,0,1,0,1,0,Condominium,Leasehold,Non Bumi Lot,Medium,Kuala Lumpur
298000,950.0,3.0,2.0,1.0,8,1,0,0,1,0,0,0,Condominium,Leasehold,Bumi Lot,High,Selangor
530000,848.0,3.0,2.0,2.0,6,0,0,0,0,0,0,0,Condominium,Leasehold,Non Bumi Lot,High,Sabah
102000,603.0,2.0,2.0,1.0,3,1,0,0,0,1,0,0,Flat,Leasehold,Non Bumi Lot,Medium,Selangor
110000,550.0,2.0,1.0,1.0,0,0,0,0,0,0,0,0,Flat,Freehold,Non Bumi Lot,High,Penang
404800,1149.0,4.0,2.0,2.0,10,1,0,1,1,1,1,0,Condominium,Freehold,Non Bumi Lot,High,Selangor
338800,850.0,3.0,2.0,1.0,4,1,1,0,1,0,1,1,Apartment,Freehold,Non Bumi Lot,Medium,Selangor
299000,850.0,4.0,2.0,1.0,5,1,0,0,0,0,1,0,Apartment,Freehold,Non Bumi Lot,Low,Selangor
400000,1019.0,2.0,2.0,1.0,8,0,0,0,0,0,0,0,Condominium,Leasehold,Non Bumi Lot,Medium,Johor
250000,750.0,3.0,2.0,1.0,6,1,0,0,1,1,1,0,Apartment,Leasehold,Bumi Lot,High,Kuala Lumpur
340000,1091.0,3.0,2.0,1.0,8,0,0,0,1,0,1,0,Condominium,Freehold,Non Bumi Lot,High,Kuala Lumpur
950000,1338.0,3.0,2.0,2.0,5,0,0,0,0,0,0,0,Condominium,Leasehold,Non Bumi Lot,High,Sabah
438000,870.0,3.0,2.0,1.0,9,0,0,0,0,0,0,0,Service Residence,Leasehold,Non Bumi Lot,Medium,Sabah
530000,890.0,2.0,2.0,1.0,9,1,0,0,0,0,0,0,Apartment,Freehold,Non Bumi Lot,Medium,Selangor
360000,1431.0,3.0,2.0,1.0,4,0,0,0,0,0,0,0,Condominium,Freehold,Non Bumi Lot,Medium,Selangor
630000,1400.0,3.0,2.0,1.0,11,0,0,0,0,0,0,0,Condominium,Freehold,Malay Reserved,Medium,Kuala Lumpur
330000,820.0,3.0,2.0,1.0,2,0,0,0,0,0,0,0,Apartment,Freehold,Non Bumi Lot,Unknown,Penang
190000,700.0,3.0,2.0,1.0,5,0,0,0,0,0,0,0,Apartment,Leasehold,Non Bumi Lot,Unknown,Selangor
249000,710.0,3.0,2.0,1.0,4,0,0,0,0,0,0,0,Apartment,Leasehold,Non Bumi Lot,Unknown,Selangor
299000,710.0,3.0,2.0,1.0,5,0,0,0,0,0,0,0,Apartment,Leasehold,Non Bumi Lot,Unknown,Selangor
305000,862.0,2.0,2.0,1.0,0,0,0,0,0,0,0,0,Service Residence,Freehold,Non Bumi Lot,Unknown,Johor
488000,770.0,2.0,2.0,1.0,9,0,0,0,0,0,0,0,Service Residence,Freehold,Non Bumi Lot,Medium,Johor
364000,1036.0,3.0,2.0,2.0,0,0,0,0,0,0,0,0,Service Residence,Freehold,Non Bumi Lot,Unknown,Johor
505000,953.0,2.0,2.0,1.0,6,0,0,0,0,0,0,0,Apartment,Freehold,Non Bumi Lot,Unknown,Johor
275000,850.0,3.0,2.0,1.0,7,0,0,0,0,0,0,0,Apartment,Leasehold,Non Bumi Lot,Low,Sabah
1150000,993.0,3.0,2.0,2.0,9,0,0,0,0,0,0,0,Condominium,Freehold,Non Bumi Lot,Medium,Penang
219999,850.0,3.0,2.0,1.0,3,0,0,0,0,0,0,0,Apartment,Freehold,Non Bumi Lot,Medium,Selangor
470000,878.0,3.0,2.0,1.0,0,0,0,0,0,0,0,0,Service Residence,Freehold,Non Bumi Lot,Unknown,Kuala Lumpur
960000,1710.0,4.0,3.0,1.0,0,1,0,0,0,0,1,0,Condominium,Leasehold,Non Bumi Lot,Unknown,Kuala Lumpur
215000,700.0,3.0,2.0,1.0,4,0,0,0,0,0,0,0,Apartment,Leasehold,Non Bumi Lot,Low,Unknown
239000,700.0,3.0,2.0,1.0,4,0,0,0,0,0,0,0,Apartment,Leasehold,Non Bumi Lot,Unknown,Unknown
235000,700.0,3.0,2.0,1.0,4,0,0,0,0,0,0,0,Apartment,Leasehold,Non Bumi Lot,Unknown,Unknown
239000,700.0,3.0,2.0,1.0,4,0,0,0,0,0,0,0,Apartment,Leasehold,Non Bumi Lot,Unknown,Unknown
190000,700.0,3.0,2.0,1.0,4,0,0,0,0,0,0,0,Apartment,Leasehold,Non Bumi Lot,Unknown,Selangor
180000,700.0,3.0,2.0,1.0,4,0,0,0,0,0,0,0,Apartment,Leasehold,Non Bumi Lot,Unknown,Selangor
130000,650.0,3.0,2.0,1.0,1,0,0,0,0,0,0,0,Apartment,Leasehold,Non Bumi Lot,Unknown,Unknown
210000,700.0,3.0,2.0,1.0,4,0,0,0,0,0,0,0,Apartment,Leasehold,Non Bumi Lot,Unknown,Unknown
234000,850.0,3.0,2.0,1.0,4,0,0,0,0,0,0,0,Apartment,Leasehold,Non Bumi Lot,Unknown,Selangor
287000,850.0,3.0,1.0,1.0,0,0,0,0,0,0,0,0,Apartment,Leasehold,Non Bumi Lot,Unknown,Unknown
184000,710.0,3.0,2.0,1.0,0,0,0,0,0,0,0,0,Apartment,Leasehold,Non Bumi Lot,Unknown,Unknown
330000,1058.0,3.0,2.0,1.0,8,0,0,0,0,0,0,0,Apartment,Freehold,Non Bumi Lot,High,Selangor
260000,811.0,3.0,2.0,2.0,0,0,0,0,0,0,0,0,Apartment,Freehold,Non Bumi Lot,Medium,Selangor
140000,687.0,3.0,2.0,1.0,2,1,0,0,0,0,0,0,Apartment,Leasehold,Bumi Lot,Unknown,Selangor
430000,1175.0,3.0,2.0,1.0,7,0,0,0,0,0,0,0,Condominium,Freehold,Bumi Lot,Unknown,Kuala Lumpur
490000,1396.0,4.0,3.0,2.0,14,0,0,0,0,0,0,0,Condominium,Leasehold,Non Bumi Lot,Medium,Selangor
180000,391.0,1.0,1.0,1.0,6,0,0,0,0,0,0,0,Condominium,Leasehold,Non Bumi Lot,Low,Sabah
660000,841.0,3.0,2.0,2.0,9,0,0,0,0,0,0,0,Condominium,Freehold,Non Bumi Lot,High,Penang
415000,1162.0,3.0,3.0,1.0,6,0,1,1,1,1,1,0,Service Residence,Freehold,Non Bumi Lot,Medium,Selangor
308000,661.0,1.0,1.0,1.0,8,0,0,0,0,0,0,0,Service Residence,Freehold,Non Bumi Lot,High,Johor
398000,1000.0,3.0,2.0,1.0,4,0,0,0,0,0,0,0,Condominium,Leasehold,Non Bumi Lot,Medium,Sabah
950000,1058.0,2.0,2.0,1.0,11,0,0,0,0,0,0,0,Service Residence,Leasehold,Non Bumi Lot,Medium,Sabah
700000,1213.0,2.0,2.0,2.0,9,1,1,0,1,1,1,0,Condominium,Leasehold,Non Bumi Lot,Medium,Kuala Lumpur
235000,773.0,3.0,2.0,1.0,3,1,0,0,0,0,1,1,Apartment,Freehold,Non Bumi Lot,Unknown,Selangor
400000,1200.0,3.0,2.0,2.0,12,0,0,0,0,1,1,1,Condominium,Leasehold,Non Bumi Lot,Medium,Selangor
400000,780.0,2.0,2.0,2.0,11,0,0,0,0,0,0,0,Condominium,Leasehold,Non Bumi Lot,Medium,Johor
790000,1711.0,4.0,3.0,1.0,13,1,1,0,0,1,1,0,Condominium,Freehold,Bumi Lot,High,Selangor
455000,1100.0,3.0,2.0,1.0,11,1,0,0,0,1,1,0,Condominium,Freehold,Non Bumi Lot,Medium,Kuala Lumpur
398000,1100.0,3.0,2.0,1.0,9,1,0,0,0,1,0,0,Condominium,Leasehold,Bumi Lot,Medium,Kuala Lumpur
390000,1331.0,4.0,2.0,1.0,7,0,0,0,0,0,0,0,Condominium,Freehold,Non Bumi Lot,Medium,Kuala Lumpur
385000,1400.0,3.0,2.0,2.0,10,1,0,0,1,1,0,1,Condominium,Leasehold,Non Bumi Lot,Medium,Kuala Lumpur
450000,1200.0,3.0,2.0,2.0,14,0,0,0,0,0,0,0,Condominium,Freehold,Non Bumi Lot,Medium,Putrajaya
600000,850.0,3.0,2.0,2.0,3,1,0,0,1,1,1,0,Service Residence,Freehold,Non Bumi Lot,Unknown,Selangor
303000,1024.0,3.0,2.0,1.0,2,0,0,0,0,0,0,0,Apartment,Leasehold,Non Bumi Lot,Low,Johor
1300000,1409.0,3.0,3.0,2.0,7,0,0,0,0,0,0,0,Condominium,Freehold,Non Bumi Lot,Unknown,Penang
1300000,1409.0,3.0,3.0,2.0,7,0,0,0,0,0,0,0,Condominium,Freehold,Non Bumi Lot,Unknown,Penang
244000,1008.0,3.0,2.0,1.0,5,0,0,0,0,0,0,0,Condominium,Freehold,Non Bumi Lot,Unknown,Selangor
450000,1000.0,3.0,2.0,1.0,7,0,0,0,0,0,0,0,Condominium,Leasehold,Non Bumi Lot,Medium,Sabah
230000,512.0,2.0,1.0,1.0,6,0,0,0,0,0,0,0,Condominium,Leasehold,Non Bumi Lot,Low,Sabah
600000,409.0,2.0,1.0,1.0,5,0,0,0,0,0,0,0,Service Residence,Leasehold,Non Bumi Lot,High,Sabah
350000,970.0,3.0,2.0,1.0,9,1,1,0,1,1,1,0,Condominium,Leasehold,Non Bumi Lot,Medium,Selangor
589000,935.0,3.0,2.0,1.0,11,1,0,0,0,1,0,0,Service Residence,Freehold,Non Bumi Lot,Medium,Kuala Lumpur
310000,850.0,3.0,2.0,1.0,4,0,0,0,0,0,0,0,Apartment,Leasehold,Non Bumi Lot,Medium,Sabah
499000,1200.0,3.0,3.0,2.0,14,0,0,0,0,0,0,0,Condominium,Freehold,Non Bumi Lot,High,Selangor
289000,850.0,3.0,2.0,1.0,3,1,0,1,0,0,1,0,Condominium,Freehold,Non Bumi Lot,Unknown,Selangor
299000,467.0,1.0,1.0,1.0,4,1,1,1,0,1,1,0,Studio,Freehold,Non Bumi Lot,Unknown,Selangor
400000,526.0,1.0,1.0,1.0,0,0,0,0,0,0,0,0,Service Residence,Freehold,Non Bumi Lot,High,Johor
420000,987.0,3.0,2.0,1.0,7,0,0,0,0,0,0,0,Apartment,Leasehold,Non Bumi Lot,High,Sabah
450000,1000.0,3.0,2.0,1.0,6,0,0,0,0,0,0,0,Condominium,Leasehold,Non Bumi Lot,Medium,Sabah
810000,1130.0,3.0,2.0,2.0,10,0,0,0,0,0,0,0,Condominium,Freehold,Non Bumi Lot,High,Penang
170000,689.0,3.0,2.0,1.0,0,1,0,0,0,1,1,1,Apartment,Freehold,Non Bumi Lot,Unknown,Selangor
90000,728.0,3.0,2.0,1.0,0,1,0,0,0,1,0,0,Flat,Leasehold,Non Bumi Lot,Unknown,Selangor
110000,650.0,3.0,2.0,1.0,1,0,0,0,0,0,0,0,Flat,Freehold,Non Bumi Lot,Unknown,Selangor
80000,728.0,3.0,2.0,1.0,0,1,0,0,0,1,0,0,Flat,Leasehold,Bumi Lot,Unknown,Selangor
460000,1100.0,3.0,2.0,2.0,14,1,0,1,0,1,1,0,Condominium,Leasehold,Non Bumi Lot,High,Kuala Lumpur
140000,900.0,3.0,2.0,1.0,2,0,0,0,0,0,0,0,Apartment,Freehold,Bumi Lot,High,Selangor
269000,1538.0,3.0,2.0,1.0,8,0,0,0,0,0,0,0,Condominium,Freehold,Non Bumi Lot,Unknown,Selangor
360000,886.0,2.0,2.0,1.0,0,0,0,0,0,0,0,0,Apartment,Leasehold,Non Bumi Lot,Low,Sabah
212000,945.0,3.0,2.0,2.0,2,1,0,0,1,1,1,0,Apartment,Leasehold,Non Bumi Lot,Low,Kuala Lumpur
599900,1490.0,3.0,2.0,2.0,14,0,0,0,0,0,0,0,Condominium,Leasehold,Non Bumi Lot,Low,Kuala Lumpur
209000,650.0,3.0,2.0,1.0,0,0,0,0,0,0,0,0,Apartment,Freehold,Non Bumi Lot,Medium,Penang
158000,657.0,3.0,1.0,1.0,4,0,0,0,0,0,0,0,Flat,Leasehold,Non Bumi Lot,Medium,Selangor
500000,1198.0,3.0,2.0,2.0,6,0,0,0,0,0,0,0,Condominium,Freehold,Non Bumi Lot,Medium,Penang
1050000,1750.0,4.0,3.0,3.0,0,0,0,0,0,0,0,0,Condominium,Freehold,Non Bumi Lot,High,Penang
340000,960.0,3.0,2.0,1.0,11,0,0,1,0,0,0,0,Condominium,Freehold,Non Bumi Lot,Medium,Selangor
890000,1160.0,3.0,2.0,2.0,7,0,0,0,0,0,0,0,Apartment,Freehold,Non Bumi Lot,Medium,Penang
480000,1399.0,3.0,2.0,1.0,4,0,0,0,0,0,0,0,Condominium,Leasehold,Non Bumi Lot,Medium,Sarawak
317000,805.0,3.0,2.0,1.0,4,0,0,0,0,0,0,0,Condominium,Leasehold,Bumi Lot,Low,Selangor
490000,1153.0,3.0,2.0,1.0,13,0,0,0,0,0,0,0,Condominium,Leasehold,Non Bumi Lot,Unknown,Sarawak
700000,1474.0,4.0,2.0,1.0,8,0,0,0,0,0,0,0,Condominium,Leasehold,Non Bumi Lot,Unknown,Penang
639000,1523.0,3.0,2.0,1.0,14,0,0,0,0,0,0,0,Condominium,Leasehold,Non Bumi Lot,Medium,Kuala Lumpur
230000,650.0,3.0,1.0,1.0,5,0,0,0,0,0,0,0,Flat,Leasehold,Bumi Lot,Medium,Kuala Lumpur
600000,1520.0,3.0,2.0,1.0,0,0,0,0,0,0,0,0,Apartment,Freehold,Non Bumi Lot,Unknown,Sarawak
370000,969.0,3.0,2.0,1.0,5,0,0,0,0,0,0,0,Condominium,Leasehold,Bumi Lot,Medium,Selangor
113400,665.0,3.0,2.0,1.0,0,0,0,0,0,0,0,0,Apartment,Leasehold,Non Bumi Lot,Medium,Sabah
530000,774.0,3.0,2.0,1.0,9,0,0,0,1,0,1,0,Service Residence,Leasehold,Non Bumi Lot,Medium,Kuala Lumpur
270000,700.0,3.0,2.0,1.0,5,1,0,1,0,0,1,1,Apartment,Freehold,Non Bumi Lot,High,Selangor
220000,850.0,3.0,2.0,2.0,1,0,0,0,0,0,0,0,Apartment,Leasehold,Bumi Lot,High,Johor
155000,680.0,3.0,2.0,1.0,0,0,0,0,0,0,0,0,Apartment,Freehold,Bumi Lot,High,Selangor
499000,1200.0,3.0,3.0,2.0,14,0,0,0,0,0,0,0,Condominium,Freehold,Non Bumi Lot,High,Selangor
499000,1200.0,3.0,3.0,2.0,14,0,0,0,0,0,0,0,Condominium,Freehold,Non Bumi Lot,High,Selangor
195000,700.0,3.0,2.0,1.0,2,0,0,0,0,1,0,0,Apartment,Freehold,Bumi Lot,Medium,Selangor
290000,1300.0,4.0,3.0,2.0,14,0,0,0,0,0,0,0,Condominium,Freehold,Bumi Lot,High,Negeri Sembilan
170000,825.0,3.0,2.0,1.0,6,0,1,1,0,1,1,1,Apartment,Leasehold,Non Bumi Lot,Unknown,Selangor
245000,786.0,3.0,2.0,1.0,3,1,0,1,1,1,1,0,Apartment,Freehold,Non Bumi Lot,Unknown,Selangor
185000,803.0,3.0,2.0,1.0,6,0,0,0,0,0,0,0,Apartment,Leasehold,Non Bumi Lot,Unknown,Selangor
133650,750.0,3.0,2.0,1.0,4,0,0,0,0,0,0,0,Apartment,Leasehold,Non Bumi Lot,Medium,Sabah
350000,1197.0,3.0,2.0,1.0,7,0,0,0,0,0,0,0,Apartment,Freehold,Non Bumi Lot,Medium,Johor
728888,1528.0,3.0,2.0,1.0,8,0,0,0,0,0,0,0,Condominium,Leasehold,Non Bumi Lot,Medium,Sarawak
240000,1050.0,3.0,2.0,1.0,11,0,0,0,0,0,0,0,Condominium,Freehold,Non Bumi Lot,Unknown,Selangor
220000,1079.0,3.0,2.0,1.0,9,1,1,0,0,1,1,0,Condominium,Freehold,Non Bumi Lot,Unknown,Selangor
252000,452.0,1.0,1.0,1.0,8,1,1,0,0,1,1,0,Service Residence,Leasehold,Non Bumi Lot,Medium,Selangor
275000,850.0,3.0,2.0,1.0,4,1,0,0,0,0,0,0,Apartment,Leasehold,Bumi Lot,Low,Selangor
350000,932.0,3.0,2.0,1.0,7,1,1,1,1,1,1,0,Apartment,Freehold,Non Bumi Lot,Medium,Selangor
359999,1098.0,3.0,2.0,1.0,7,1,0,0,1,0,0,0,Condominium,Leasehold,Non Bumi Lot,Medium,Selangor
339999,1062.0,3.0,2.0,1.0,8,0,0,0,0,0,0,0,Apartment,Leasehold,Non Bumi Lot,Medium,Kuala Lumpur
1150000,1409.0,3.0,3.0,2.0,7,0,0,0,0,0,0,0,Condominium,Freehold,Non Bumi Lot,Unknown,Penang
330000,915.0,3.0,2.0,1.0,3,0,0,0,0,0,0,0,Apartment,Freehold,Non Bumi Lot,Low,Selangor
520000,581.0,2.0,1.0,1.0,8,1,1,0,1,1,1,0,Service Residence,Leasehold,Non Bumi Lot,High,Selangor
339000,806.0,2.0,2.0,1.0,0,0,0,0,0,0,0,0,Apartment,Leasehold,Non Bumi Lot,Unknown,Sarawak
262000,1045.0,3.0,3.0,2.0,8,0,0,0,0,0,0,0,Condominium,Freehold,Non Bumi Lot,High,Selangor
190000,770.0,3.0,2.0,1.0,4,0,0,0,0,0,0,0,Flat,Freehold,Non Bumi Lot,High,Johor
390000,1139.0,4.0,2.0,1.0,6,0,0,0,0,0,0,0,Condominium,Freehold,Non Bumi Lot,Unknown,Selangor
198000,700.0,3.0,2.0,1.0,3,0,0,0,0,0,0,0,Apartment,Leasehold,Non Bumi Lot,Medium,Penang
635000,1550.0,4.0,2.0,2.0,7,1,1,0,1,0,0,0,Condominium,Freehold,Bumi Lot,High,Kuala Lumpur
180000,650.0,3.0,2.0,1.0,4,0,0,0,0,0,0,0,Apartment,Freehold,Bumi Lot,High,Kuala Lumpur
180000,679.0,3.0,1.0,1.0,1,0,0,0,0,0,0,0,Apartment,Freehold,Non Bumi Lot,Medium,Selangor
430000,1200.0,3.0,2.0,2.0,14,0,0,0,0,0,0,0,Condominium,Leasehold,Non Bumi Lot,Low,Kuala Lumpur
310000,950.0,3.0,2.0,1.0,7,1,0,0,1,0,0,0,Condominium,Leasehold,Non Bumi Lot,Medium,Selangor
1250000,2044.0,3.0,4.0,2.0,2,0,0,0,0,0,0,0,Condominium,Leasehold,Non Bumi Lot,Low,Sabah
250000,712.0,2.0,1.0,1.0,4,0,0,0,0,0,0,0,Apartment,Leasehold,Non Bumi Lot,Medium,Sabah
368000,700.0,3.0,2.0,1.0,5,0,0,0,0,0,0,0,Apartment,Freehold,Non Bumi Lot,Unknown,Penang
250000,712.0,2.0,1.0,1.0,4,0,0,0,0,0,0,0,Apartment,Leasehold,Non Bumi Lot,Medium,Sabah
360000,902.0,3.0,2.0,1.0,3,0,0,0,0,0,0,0,Apartment,Leasehold,Non Bumi Lot,High,Sabah
328000,700.0,3.0,2.0,1.0,4,0,0,0,0,0,0,0,Apartment,Freehold,Non Bumi Lot,Unknown,Penang
379999,1206.0,4.0,2.0,2.0,9,1,0,0,1,0,0,0,Condominium,Leasehold,Non Bumi Lot,Medium,Selangor
270000,863.0,3.0,2.0,1.0,3,1,0,0,0,1,0,0,Apartment,Leasehold,Bumi Lot,Medium,Selangor
1150000,1646.0,4.0,3.0,2.0,7,0,0,0,0,0,0,0,Condominium,Freehold,Non Bumi Lot,High,Penang
225000,820.0,3.0,2.0,1.0,6,0,0,0,0,0,0,0,Apartment,Freehold,Non Bumi Lot,Low,Selangor
295000,1164.0,5.0,2.0,1.0,6,0,0,0,0,0,0,0,Apartment,Freehold,Non Bumi Lot,Medium,Johor
680000,1033.0,3.0,2.0,2.0,7,0,0,0,0,0,0,0,Condominium,Freehold,Non Bumi Lot,Medium,Penang
160000,712.0,3.0,2.0,1.0,6,0,0,0,0,0,0,0,Service Residence,Leasehold,Non Bumi Lot,Unknown,Selangor
190000,800.0,3.0,2.0,1.0,3,0,0,0,0,0,0,0,Apartment,Leasehold,Non Bumi Lot,Unknown,Selangor
190000,900.0,3.0,2.0,1.0,0,0,0,0,0,0,0,0,Flat,Freehold,Non Bumi Lot,Low,Johor
170000,850.0,3.0,2.0,1.0,3,1,0,0,0,0,0,0,Apartment,Freehold,Non Bumi Lot,Unknown,Selangor
300000,928.0,3.0,2.0,2.0,3,1,1,1,1,1,1,0,Apartment,Leasehold,Non Bumi Lot,Unknown,Selangor
270000,705.0,3.0,1.0,1.0,2,1,0,0,0,1,1,0,Flat,Leasehold,Bumi Lot,Unknown,Selangor
480000,1399.0,3.0,2.0,1.0,0,0,0,0,0,0,0,0,Apartment,Leasehold,Non Bumi Lot,Medium,Sarawak
1500000,1986.0,4.0,4.0,1.0,6,0,0,0,0,0,0,0,Condominium,Leasehold,Non Bumi Lot,Low,Sabah
456000,915.0,3.0,2.0,2.0,0,0,0,0,0,0,0,0,Apartment,Freehold,Non Bumi Lot,Medium,Johor
399000,932.0,3.0,2.0,1.0,4,1,1,0,1,0,1,0,Condominium,Leasehold,Non Bumi Lot,Medium,Selangor
550000,1228.0,4.0,2.0,2.0,11,0,0,0,1,1,0,0,Service Residence,Leasehold,Non Bumi Lot,Unknown,Selangor
369999,1062.0,4.0,2.0,1.0,8,1,1,0,1,1,1,0,Service Residence,Freehold,Non Bumi Lot,Unknown,Selangor
420000,995.0,3.0,2.0,1.0,8,1,1,0,1,1,1,0,Condominium,Freehold,Non Bumi Lot,Unknown,Selangor
239999,811.0,3.0,2.0,1.0,5,0,0,1,0,1,0,0,Apartment,Freehold,Non Bumi Lot,Unknown,Selangor
250000,771.0,3.0,2.0,1.0,0,1,0,0,1,1,1,0,Apartment,Leasehold,Non Bumi Lot,Unknown,Selangor
290000,895.0,3.0,2.0,1.0,3,0,0,0,0,0,0,0,Apartment,Freehold,Non Bumi Lot,Low,Selangor
330000,1200.0,3.0,2.0,2.0,8,1,0,0,0,0,1,0,Condominium,Freehold,Bumi Lot,Medium,Selangor
300000,1185.0,3.0,2.0,2.0,4,0,0,0,0,0,0,0,Apartment,Freehold,Bumi Lot,Medium,Selangor
229999,721.0,3.0,2.0,1.0,4,1,1,0,1,1,0,1,Apartment,Leasehold,Bumi Lot,Unknown,Kuala Lumpur
355000,1062.0,3.0,2.0,1.0,0,0,0,0,0,0,0,0,Apartment,Leasehold,Non Bumi Lot,Medium,Kuala Lumpur
229999,721.0,3.0,2.0,1.0,6,1,1,0,1,1,0,1,Apartment,Leasehold,Bumi Lot,Medium,Kuala Lumpur
329999,1144.0,3.0,2.0,1.0,3,1,0,0,1,0,0,0,Condominium,Leasehold,Bumi Lot,Medium,Selangor
480000,1204.0,3.0,2.0,1.0,5,0,0,0,0,0,0,0,Condominium,Freehold,Non Bumi Lot,Medium,Sabah
273000,700.0,3.0,2.0,1.0,6,0,0,0,0,0,0,0,Apartment,Freehold,Non Bumi Lot,Unknown,Penang
1100000,3200.0,4.0,4.0,3.0,5,0,0,0,0,0,0,0,Condominium,Freehold,Non Bumi Lot,Unknown,Penang
1450000,1249.0,3.0,2.0,3.0,7,0,0,0,0,0,0,0,Condominium,Freehold,Non Bumi Lot,Unknown,Penang
1500000,1459.0,3.0,3.0,2.0,7,0,0,0,0,0,0,0,Condominium,Freehold,Non Bumi Lot,Unknown,Penang
365000,1237.0,3.0,2.0,2.0,6,0,0,0,0,0,0,0,Apartment,Freehold,Non Bumi Lot,Medium,Selangor
720000,900.0,2.0,2.0,1.0,9,1,1,1,0,1,1,0,Condominium,Freehold,Non Bumi Lot,Unknown,Kuala Lumpur
480000,1399.0,3.0,2.0,1.0,7,0,0,0,0,0,0,0,Condominium,Leasehold,Non Bumi Lot,Unknown,Sarawak
238000,388.0,1.0,1.0,1.0,4,0,0,0,0,0,0,0,Condominium,Leasehold,Non Bumi Lot,Medium,Johor
688000,1036.0,3.0,2.0,2.0,9,0,0,0,0,0,0,0,Condominium,Freehold,Non Bumi Lot,Unknown,Penang
269000,1055.0,3.0,2.0,1.0,0,0,0,0,0,0,0,0,Apartment,Freehold,Non Bumi Lot,Unknown,Selangor
220000,743.0,3.0,2.0,1.0,3,0,0,0,0,0,0,0,Apartment,Freehold,Non Bumi Lot,Low,Selangor
79900,513.0,2.0,1.0,1.0,4,0,0,0,0,0,0,0,Flat,Freehold,Non Bumi Lot,High,Johor
310000,880.0,2.0,2.0,1.0,3,0,0,0,0,0,0,0,Condominium,Leasehold,Bumi Lot,Medium,Sabah
141750,550.0,2.0,1.0,1.0,0,0,0,0,0,0,0,0,Apartment,Freehold,Bumi Lot,Medium,Sabah
680000,1539.0,3.0,2.0,1.0,5,0,0,0,0,0,0,0,Condominium,Leasehold,Non Bumi Lot,High,Sarawak
695000,1056.0,2.0,2.0,2.0,0,0,0,0,0,0,0,0,Condominium,Leasehold,Non Bumi Lot,High,Sarawak
190000,830.0,3.0,2.0,2.0,6,0,0,0,0,0,0,0,Condominium,Leasehold,Non Bumi Lot,Unknown,Selangor
388000,1400.0,3.0,2.0,1.0,7,0,0,0,0,0,0,0,Apartment,Freehold,Non Bumi Lot,Low,Johor
530000,1000.0,3.0,2.0,2.0,8,0,0,0,0,0,0,0,Condominium,Freehold,Non Bumi Lot,Low,Penang
3200000,6000.0,4.0,4.0,3.0,14,0,0,0,0,0,0,0,Condominium,Freehold,Non Bumi Lot,High,Penang
690000,1008.0,3.0,2.0,2.0,10,0,0,0,0,0,0,0,Condominium,Freehold,Non Bumi Lot,Medium,Penang
238000,833.0,4.0,2.0,1.0,8,0,0,0,0,0,0,0,Apartment,Freehold,Non Bumi Lot,Unknown,Johor
245000,915.0,3.0,2.0,1.0,0,0,0,0,0,0,0,0,Apartment,Freehold,Non Bumi Lot,Low,Melaka
645000,1493.0,3.0,2.0,2.0,13,0,0,0,0,0,0,0,Condominium,Freehold,Non Bumi Lot,Unknown,Penang
90000,650.0,3.0,2.0,1.0,3,0,0,0,0,0,1,0,Flat,Leasehold,Non Bumi Lot,Unknown,Selangor
270000,1055.0,3.0,2.0,1.0,14,0,0,0,0,0,0,0,Apartment,Freehold,Non Bumi Lot,Unknown,Selangor
300000,1023.0,3.0,2.0,2.0,14,0,0,0,0,0,0,0,Condominium,Freehold,Non Bumi Lot,Unknown,Selangor
138000,650.0,3.0,1.0,1.0,0,0,1,1,0,1,1,0,Apartment,Leasehold,Non Bumi Lot,Unknown,Selangor
280000,795.0,3.0,2.0,1.0,5,0,0,0,0,0,0,0,Apartment,Freehold,Bumi Lot,Low,Sabah
320000,800.0,3.0,2.0,1.0,9,0,0,0,0,0,0,0,Condominium,Freehold,Non Bumi Lot,Low,Penang
320000,860.0,3.0,2.0,2.0,9,0,0,0,0,0,0,0,Condominium,Freehold,Non Bumi Lot,Low,Selangor
680000,1010.0,3.0,2.0,2.0,4,0,0,0,0,0,0,0,Condominium,Leasehold,Non Bumi Lot,Unknown,Penang
248000,890.0,3.0,2.0,1.0,7,0,0,0,0,0,0,0,Apartment,Leasehold,Non Bumi Lot,Medium,Selangor
418000,1050.0,3.0,2.0,2.0,8,0,0,0,0,0,0,0,Condominium,Leasehold,Non Bumi Lot,Medium,Selangor
418000,1050.0,3.0,2.0,2.0,9,1,0,0,1,1,1,0,Condominium,Leasehold,Non Bumi Lot,Medium,Kuala Lumpur
418000,1050.0,3.0,2.0,2.0,9,1,0,0,1,1,1,0,Condominium,Leasehold,Non Bumi Lot,Medium,Kuala Lumpur
258000,860.0,3.0,2.0,1.0,8,0,0,0,0,0,0,0,Condominium,Leasehold,Non Bumi Lot,Medium,Kuala Lumpur
500000,1184.0,4.0,2.0,2.0,10,1,0,0,0,1,1,0,Condominium,Leasehold,Bumi Lot,Medium,Kuala Lumpur
528000,1200.0,3.0,3.0,3.0,3,0,0,0,0,0,0,0,Condominium,Freehold,Non Bumi Lot,Low,Kuala Lumpur
306000,931.0,3.0,2.0,1.0,5,0,1,1,0,1,1,1,Service Residence,Leasehold,Bumi Lot,Medium,Selangor
2199999,2266.0,5.0,4.0,2.0,13,0,0,0,0,0,0,0,Condominium,Leasehold,Non Bumi Lot,High,Sabah
405000,438.0,1.0,1.0,1.0,6,0,0,0,0,0,0,0,Service Residence,Freehold,Non Bumi Lot,High,Sabah
299999,950.0,3.0,2.0,1.0,3,1,0,0,1,0,0,0,Condominium,Leasehold,Non Bumi Lot,Medium,Selangor
299999,926.0,3.0,2.0,1.0,9,1,0,0,1,0,0,0,Condominium,Leasehold,Non Bumi Lot,Unknown,Selangor
359999,1098.0,3.0,2.0,1.0,7,1,0,0,1,0,0,0,Condominium,Leasehold,Non Bumi Lot,Medium,Selangor
375000,1206.0,4.0,2.0,2.0,9,1,0,0,1,0,0,0,Condominium,Leasehold,Non Bumi Lot,Medium,Selangor
320000,689.0,1.0,1.0,1.0,9,0,0,0,0,0,0,0,Service Residence,Leasehold,Non Bumi Lot,Unknown,Melaka
330000,730.0,3.0,2.0,1.0,0,1,0,0,0,0,1,0,Apartment,Freehold,Non Bumi Lot,Low,Selangor
2800000,3072.0,3.0,5.0,3.0,9,0,0,0,0,0,0,0,Condominium,Freehold,Non Bumi Lot,Unknown,Penang
305000,918.0,3.0,2.0,1.0,11,1,1,0,0,1,1,0,Condominium,Leasehold,Non Bumi Lot,Medium,Kuala Lumpur
140000,549.0,2.0,1.0,1.0,0,1,0,1,0,1,1,0,Apartment,Leasehold,Non Bumi Lot,Low,Selangor
200000,900.0,3.0,2.0,2.0,2,0,0,0,0,0,0,0,Apartment,Freehold,Non Bumi Lot,Low,Johor
529000,625.0,2.0,1.0,1.0,3,0,0,0,0,0,0,0,Service Residence,Leasehold,Non Bumi Lot,Unknown,Penang
158000,828.0,2.0,2.0,1.0,1,0,0,0,0,0,0,0,Apartment,Freehold,Non Bumi Lot,Medium,Johor
144000,455.0,2.0,1.0,1.0,0,0,0,0,0,0,0,0,Apartment,Freehold,Bumi Lot,Medium,Sabah
290000,689.0,1.0,1.0,1.0,9,0,0,0,0,0,0,0,Service Residence,Leasehold,Non Bumi Lot,Unknown,Melaka
308000,1033.0,2.0,2.0,1.0,6,0,0,0,0,0,0,0,Condominium,Freehold,Non Bumi Lot,Unknown,Melaka
2300000,1400.0,4.0,3.0,2.0,0,0,0,0,0,0,0,0,Condominium,Freehold,Non Bumi Lot,Unknown,Penang
210000,615.0,3.0,1.0,1.0,4,0,0,0,0,0,0,0,Apartment,Leasehold,Bumi Lot,Medium,Kuala Lumpur
448000,1088.0,3.0,2.0,1.0,4,0,0,0,0,0,0,0,Service Residence,Freehold,Non Bumi Lot,Unknown,Melaka
165000,680.0,3.0,2.0,1.0,3,0,0,0,0,0,1,0,Apartment,Freehold,Non Bumi Lot,Unknown,Selangor
310000,850.0,3.0,2.0,1.0,3,0,0,0,0,0,0,0,Apartment,Leasehold,Non Bumi Lot,Medium,Penang
485000,1213.0,3.0,2.0,1.0,12,0,0,0,0,0,0,0,Apartment,Freehold,Non Bumi Lot,Unknown,Johor
148000,850.0,3.0,2.0,1.0,1,0,0,0,0,0,0,0,Flat,Leasehold,Non Bumi Lot,Medium,Sarawak
145000,750.0,3.0,2.0,1.0,0,0,0,0,0,0,0,0,Flat,Freehold,Non Bumi Lot,Low,Johor
790000,1226.0,3.0,2.0,2.0,8,0,0,0,0,0,0,0,Condominium,Freehold,Non Bumi Lot,High,Penang
280000,877.0,3.0,2.0,1.0,14,1,0,0,0,1,1,0,Condominium,Leasehold,Non Bumi Lot,Unknown,Kuala Lumpur
295000,850.0,3.0,2.0,1.0,5,0,0,1,0,1,1,0,Apartment,Freehold,Non Bumi Lot,Unknown,Selangor
230000,850.0,3.0,2.0,1.0,4,1,0,0,0,0,0,0,Apartment,Leasehold,Non Bumi Lot,Unknown,Selangor
120000,560.0,3.0,1.0,1.0,1,0,0,0,0,0,0,0,Flat,Freehold,Non Bumi Lot,High,Penang
210000,743.0,3.0,2.0,1.0,4,1,1,0,0,1,0,0,Apartment,Freehold,Bumi Lot,High,Selangor
180000,657.0,3.0,1.0,1.0,6,1,0,0,1,1,1,0,Apartment,Leasehold,Non Bumi Lot,High,Kuala Lumpur
360000,936.0,3.0,2.0,1.0,5,0,0,0,0,0,0,0,Condominium,Freehold,Non Bumi Lot,Unknown,Selangor
185000,850.0,3.0,2.0,1.0,4,0,0,0,0,0,0,0,Apartment,Leasehold,Bumi Lot,Medium,Selangor
688888,1227.74,3.0,2.0,2.0,6,0,0,0,0,0,0,0,Condominium,Leasehold,Non Bumi Lot,High,Sabah
130000,650.0,3.0,1.0,1.0,0,0,0,0,0,0,0,0,Flat,Freehold,Non Bumi Lot,Low,Johor
118000,650.0,3.0,2.0,1.0,0,0,0,0,0,0,0,0,Flat,Freehold,Non Bumi Lot,High,Johor
363000,510.0,1.0,1.0,1.0,4,0,0,0,0,0,0,0,Service Residence,Freehold,Non Bumi Lot,High,Sabah
460000,1065.0,3.0,2.0,2.0,7,0,0,0,0,0,0,0,Condominium,Leasehold,Non Bumi Lot,Unknown,Sabah
255000,833.0,3.0,2.0,1.0,8,1,1,1,1,0,1,0,Apartment,Leasehold,Non Bumi Lot,Medium,Selangor
185000,800.0,3.0,2.0,1.0,1,0,0,0,0,0,0,0,Apartment,Freehold,Bumi Lot,High,Selangor
178000,765.0,2.0,2.0,1.0,6,0,0,0,0,0,0,0,Condominium,Freehold,Non Bumi Lot,Unknown,Perak
288000,1018.0,3.0,2.0,1.0,6,1,1,1,1,0,1,0,Apartment,Leasehold,Non Bumi Lot,Medium,Selangor
188000,880.0,3.0,2.0,1.0,4,0,0,0,0,0,0,0,Apartment,Leasehold,Non Bumi Lot,Medium,Selangor
280000,1392.0,3.0,2.0,1.0,3,0,0,0,0,0,0,0,Flat,Leasehold,Non Bumi Lot,Unknown,Sarawak
400000,1151.0,3.0,2.0,1.0,3,0,0,0,0,0,0,0,Service Residence,Freehold,Non Bumi Lot,Medium,Johor
680000,1570.0,4.0,3.0,3.0,9,0,0,0,0,0,0,0,Condominium,Leasehold,Non Bumi Lot,Unknown,Kuala Lumpur
578000,2088.0,5.0,3.0,2.0,14,0,0,0,0,0,0,0,Service Residence,Leasehold,Non Bumi Lot,High,Johor
438000,904.0,3.0,2.0,2.0,2,0,0,0,0,0,0,0,Condominium,Freehold,Non Bumi Lot,Unknown,Melaka
175000,570.0,2.0,1.0,1.0,5,0,0,0,0,0,0,0,Flat,Freehold,Non Bumi Lot,Low,Johor
295000,715.0,1.0,1.0,1.0,12,0,0,0,0,0,0,0,Apartment,Freehold,Non Bumi Lot,Medium,Johor
448000,1206.0,3.0,3.0,1.0,0,0,0,0,0,0,0,0,Condominium,Freehold,Non Bumi Lot,Low,Johor
500000,900.0,2.0,2.0,2.0,8,0,0,0,0,0,0,0,Condominium,Freehold,Non Bumi Lot,Low,Penang
708000,1200.0,3.0,2.0,2.0,8,0,0,0,0,0,0,0,Condominium,Freehold,Non Bumi Lot,Low,Penang
250000,750.0,3.0,2.0,1.0,6,0,0,0,0,0,0,0,Apartment,Freehold,Bumi Lot,Medium,Selangor
558000,996.0,3.0,2.0,2.0,12,0,0,1,0,0,1,0,Others,Leasehold,Non Bumi Lot,Medium,Selangor
550000,1073.0,3.0,2.0,1.0,5,1,1,0,0,1,1,0,Apartment,Leasehold,Non Bumi Lot,High,Selangor
120000,860.0,3.0,2.0,1.0,0,0,0,0,0,0,0,0,Flat,Leasehold,Non Bumi Lot,Unknown,Melaka
300000,850.0,3.0,2.0,1.0,4,0,0,0,0,0,0,0,Apartment,Leasehold,Non Bumi Lot,Low,Sabah
880000,1288.0,3.0,2.0,1.0,6,0,0,0,0,0,0,0,Condominium,Leasehold,Non Bumi Lot,Low,Sabah
174000,882.0,3.0,2.0,1.0,3,0,0,0,0,0,0,0,Apartment,Leasehold,Non Bumi Lot,High,Melaka
485000,840.0,2.0,2.0,2.0,12,1,0,0,0,0,1,0,Condominium,Freehold,Non Bumi Lot,Medium,Kuala Lumpur
190000,770.0,3.0,2.0,1.0,0,0,0,0,0,0,0,0,Flat,Freehold,Non Bumi Lot,Low,Johor
308000,650.0,2.0,2.0,1.0,13,0,0,0,0,0,0,0,Service Residence,Freehold,Non Bumi Lot,High,Johor
341000,843.0,3.0,2.0,1.0,14,0,0,0,0,0,0,0,Service Residence,Leasehold,Bumi Lot,Unknown,Pahang
570000,1044.0,3.0,2.0,2.0,12,0,0,0,0,0,0,0,Condominium,Leasehold,Non Bumi Lot,Medium,Kuala Lumpur
450000,950.0,3.0,2.0,2.0,12,0,0,0,0,0,0,0,Condominium,Freehold,Non Bumi Lot,Medium,Kuala Lumpur
144000,383.0,1.0,1.0,1.0,0,0,0,0,0,0,0,0,Apartment,Leasehold,Bumi Lot,Medium,Sabah
340000,775.0,3.0,2.0,1.0,3,0,0,0,0,0,0,0,Apartment,Leasehold,Non Bumi Lot,Low,Sarawak
240000,818.0,3.0,2.0,1.0,4,0,0,0,0,0,0,1,Apartment,Leasehold,Bumi Lot,High,Selangor
196000,540.0,2.0,1.0,1.0,5,0,0,0,0,0,0,0,Apartment,Freehold,Non Bumi Lot,Low,Selangor
1213200,2219.0,3.0,3.0,3.0,7,0,0,0,0,0,0,0,Condominium,Leasehold,Non Bumi Lot,Unknown,Sabah
480760,1270.0,3.0,2.0,2.0,9,0,0,0,0,0,0,0,Condominium,Leasehold,Non Bumi Lot,Unknown,Sabah
285000,733.0,3.0,2.0,1.0,8,1,0,0,1,1,1,0,Apartment,Freehold,Non Bumi Lot,Low,Kuala Lumpur
380000,850.0,3.0,2.0,2.0,11,0,0,0,0,0,0,0,Apartment,Freehold,Bumi Lot,Medium,Selangor
435000,1300.0,3.0,2.0,1.0,7,0,0,0,0,0,0,0,Condominium,Freehold,Non Bumi Lot,Medium,Penang
618800,1550.0,3.0,2.0,3.0,14,0,0,0,0,0,0,0,Condominium,Leasehold,Non Bumi Lot,Medium,Kuala Lumpur
604000,1400.0,4.0,2.0,2.0,14,1,0,0,1,0,1,0,Condominium,Freehold,Non Bumi Lot,Low,Kuala Lumpur
260000,850.0,3.0,2.0,1.0,5,0,0,0,0,0,0,0,Apartment,Leasehold,Non Bumi Lot,Medium,Sabah
628888,1530.0,3.0,2.0,1.0,8,1,0,0,1,0,1,0,Condominium,Freehold,Non Bumi Lot,Low,Kuala Lumpur
160000,764.0,3.0,1.0,1.0,5,0,0,0,0,0,0,0,Apartment,Leasehold,Bumi Lot,Medium,Kuala Lumpur
820000,1130.0,3.0,2.0,2.0,9,0,0,0,0,0,0,0,Condominium,Freehold,Non Bumi Lot,Medium,Penang
195000,700.0,3.0,2.0,1.0,1,1,0,0,1,1,1,0,Flat,Leasehold,Non Bumi Lot,Unknown,Kuala Lumpur
252000,850.0,3.0,2.0,1.0,7,0,0,0,0,0,0,0,Apartment,Freehold,Non Bumi Lot,Medium,Sabah
190000,720.0,3.0,2.0,1.0,1,0,0,0,0,1,0,0,Apartment,Leasehold,Bumi Lot,Medium,Selangor
185000,850.0,3.0,2.0,1.0,4,0,0,0,0,0,0,0,Apartment,Leasehold,Bumi Lot,Medium,Selangor
598000,951.0,3.0,2.0,2.0,9,0,0,0,0,0,0,0,Service Residence,Leasehold,Non Bumi Lot,Medium,Unknown
210000,550.0,2.0,1.0,1.0,3,0,0,0,0,0,0,0,Apartment,Freehold,Non Bumi Lot,Low,Penang
265000,900.0,3.0,2.0,2.0,6,0,0,0,0,0,0,0,Apartment,Freehold,Non Bumi Lot,High,Selangor
550000,1239.0,4.0,3.0,2.0,0,0,0,0,0,0,0,0,Service Residence,Freehold,Non Bumi Lot,Medium,Kuala Lumpur
390000,991.0,3.0,2.0,1.0,11,1,0,0,0,1,0,0,Condominium,Leasehold,Bumi Lot,High,Selangor
210000,615.0,3.0,1.0,1.0,4,0,0,0,0,0,0,0,Apartment,Leasehold,Bumi Lot,Medium,Kuala Lumpur
150000,850.0,3.0,2.0,1.0,7,0,0,0,0,0,0,0,Apartment,Freehold,Non Bumi Lot,Medium,Melaka
315000,890.0,3.0,2.0,1.0,9,0,0,0,0,0,0,0,Apartment,Leasehold,Non Bumi Lot,Medium,Johor
315000,890.0,3.0,2.0,1.0,10,0,0,0,0,0,0,0,Apartment,Leasehold,Non Bumi Lot,Medium,Johor
485000,1035.0,3.0,2.0,1.0,14,0,0,0,0,0,0,0,Apartment,Freehold,Non Bumi Lot,Medium,Johor
248000,1010.0,3.0,2.0,1.0,10,1,0,0,1,0,1,0,Condominium,Leasehold,Non Bumi Lot,Unknown,Kuala Lumpur
250000,9376.0,4.0,2.0,1.0,8,1,0,0,1,0,0,0,Condominium,Leasehold,Bumi Lot,Medium,Selangor
300000,850.0,3.0,2.0,1.0,6,1,1,0,0,1,1,0,Apartment,Leasehold,Non Bumi Lot,Unknown,Selangor
169000,753.0,3.0,2.0,1.0,0,0,0,0,0,0,0,0,Apartment,Freehold,Non Bumi Lot,Unknown,Selangor
195000,850.0,3.0,2.0,2.0,0,1,0,0,0,0,0,0,Apartment,Freehold,Non Bumi Lot,Unknown,Selangor
368000,800.0,3.0,2.0,1.0,9,0,0,0,0,0,0,0,Condominium,Freehold,Non Bumi Lot,Low,Penang
230000,738.0,3.0,2.0,1.0,6,0,0,0,0,0,0,0,Apartment,Leasehold,Non Bumi Lot,High,Selangor
960000,1313.0,3.0,2.0,3.0,0,0,0,0,0,0,0,0,Condominium,Freehold,Non Bumi Lot,Low,Penang
470000,1495.0,4.0,2.0,2.0,7,0,0,0,0,0,0,0,Condominium,Freehold,Non Bumi Lot,Medium,Penang
295000,956.0,3.0,2.0,1.0,12,0,0,0,0,0,0,0,Condominium,Freehold,Non Bumi Lot,Unknown,Selangor
290000,811.0,3.0,2.0,1.0,3,1,0,0,1,1,0,0,Apartment,Leasehold,Non Bumi Lot,Medium,Selangor
255000,764.0,3.0,2.0,1.0,5,1,0,0,1,1,1,0,Apartment,Leasehold,Bumi Lot,Medium,Selangor
825000,1302.0,3.0,3.0,2.0,9,0,0,0,0,0,0,0,Condominium,Freehold,Non Bumi Lot,Medium,Penang
435000,1258.0,4.0,2.0,1.0,6,0,0,0,0,0,0,0,Condominium,Freehold,Non Bumi Lot,Medium,Penang
125000,500.0,2.0,1.0,1.0,0,0,0,0,0,0,0,0,Flat,Leasehold,Non Bumi Lot,Unknown,Penang
250000,883.0,3.0,2.0,1.0,8,0,0,0,0,0,0,0,Condominium,Leasehold,Non Bumi Lot,High,Selangor
255000,764.0,3.0,2.0,1.0,5,1,0,0,1,1,1,0,Apartment,Leasehold,Bumi Lot,Medium,Selangor
375000,1012.0,3.0,2.0,2.0,8,1,0,0,1,0,0,0,Service Residence,Freehold,Non Bumi Lot,Medium,Selangor
200000,613.0,3.0,2.0,1.0,5,0,0,0,0,0,0,0,Apartment,Leasehold,Bumi Lot,Low,Kuala Lumpur
200000,650.0,3.0,2.0,1.0,0,1,0,0,0,0,1,0,Apartment,Freehold,Non Bumi Lot,Unknown,Selangor
310000,1023.0,3.0,2.0,2.0,14,0,0,0,0,0,0,0,Condominium,Freehold,Non Bumi Lot,Medium,Selangor
320000,1212.0,3.0,2.0,2.0,14,0,0,0,0,0,0,0,Apartment,Freehold,Non Bumi Lot,Unknown,Selangor
268000,1024.0,3.0,2.0,2.0,5,0,0,0,0,0,0,0,Apartment,Leasehold,Non Bumi Lot,Low,Johor
245000,678.0,1.0,1.0,1.0,4,0,0,0,0,0,0,0,Condominium,Leasehold,Non Bumi Lot,Low,Johor
396000,1010.0,2.0,2.0,1.0,14,0,0,0,0,0,0,0,Service Residence,Freehold,Non Bumi Lot,Medium,Johor
378000,800.0,3.0,2.0,1.0,0,0,0,0,0,0,0,0,Condominium,Freehold,Non Bumi Lot,Medium,Penang
570000,1216.0,3.0,2.0,1.0,6,0,0,0,0,0,0,0,Condominium,Leasehold,Non Bumi Lot,Low,Sabah
365000,850.0,3.0,2.0,1.0,9,0,0,0,0,0,0,0,Condominium,Freehold,Non Bumi Lot,Medium,Penang
225000,557.0,1.0,1.0,1.0,9,0,0,0,0,0,0,0,Condominium,Leasehold,Non Bumi Lot,Unknown,Selangor
279999,1055.0,3.0,2.0,1.0,3,0,0,0,0,0,0,0,Apartment,Freehold,Non Bumi Lot,Medium,Selangor
139999,667.0,3.0,2.0,1.0,3,0,0,0,0,0,0,0,Flat,Freehold,Bumi Lot,High,Selangor
69999,550.0,2.0,1.0,1.0,0,0,0,0,0,0,0,0,Flat,Freehold,Bumi Lot,High,Selangor
84999,550.0,2.0,1.0,1.0,0,0,0,0,0,0,0,0,Flat,Freehold,Non Bumi Lot,Low,Selangor
168000,650.0,3.0,2.0,1.0,7,0,0,0,1,1,0,1,Apartment,Leasehold,Non Bumi Lot,Low,Selangor
175000,900.0,3.0,2.0,1.0,0,0,0,0,0,0,0,0,Apartment,Leasehold,Non Bumi Lot,Unknown,Melaka
275000,775.0,3.0,2.0,1.0,4,1,0,0,1,1,1,0,Apartment,Leasehold,Bumi Lot,Low,Selangor
230000,650.0,3.0,1.0,1.0,0,0,0,0,0,0,0,0,Apartment,Freehold,Non Bumi Lot,Unknown,Selangor
420000,620.0,2.0,2.0,1.0,4,1,1,1,0,1,1,0,Condominium,Freehold,Non Bumi Lot,Unknown,Selangor
310000,1200.0,3.0,2.0,1.0,12,0,0,0,0,0,0,0,Apartment,Freehold,Non Bumi Lot,Low,Johor
260000,764.0,3.0,2.0,1.0,5,1,0,0,1,1,1,0,Apartment,Leasehold,Bumi Lot,Medium,Selangor
240000,860.0,3.0,2.0,1.0,8,1,0,0,0,0,0,0,Apartment,Freehold,Non Bumi Lot,Low,Selangor
355000,750.0,3.0,2.0,1.0,3,0,0,0,0,0,0,0,Apartment,Freehold,Non Bumi Lot,Unknown,Penang
280000,802.0,3.0,2.0,1.0,8,1,0,1,0,0,1,0,Apartment,Freehold,Non Bumi Lot,Medium,Selangor
360000,700.0,3.0,2.0,1.0,3,0,0,0,0,0,0,0,Apartment,Freehold,Non Bumi Lot,Unknown,Penang
468000,708.0,2.0,2.0,1.0,7,0,0,0,0,0,0,0,Condominium,Freehold,Bumi Lot,High,Pahang
130000,650.0,3.0,2.0,1.0,0,1,0,0,1,0,0,0,Apartment,Freehold,Non Bumi Lot,Unknown,Selangor
580000,721.0,2.0,1.0,2.0,10,1,0,0,0,0,1,0,Condominium,Leasehold,Non Bumi Lot,Unknown,Selangor
155000,660.0,3.0,2.0,1.0,3,0,0,0,1,0,0,0,Apartment,Freehold,Bumi Lot,Medium,Selangor
290000,850.0,3.0,2.0,1.0,2,0,0,0,0,0,1,0,Apartment,Freehold,Non Bumi Lot,Unknown,Selangor
680000,724.0,2.0,2.0,1.0,7,0,1,0,0,1,1,1,Service Residence,Leasehold,Non Bumi Lot,High,Selangor
1350000,1539.0,3.0,3.0,2.0,0,0,0,0,0,0,0,0,Condominium,Freehold,Non Bumi Lot,Unknown,Penang
1220000,1539.0,3.0,3.0,3.0,0,0,0,0,0,0,0,0,Condominium,Freehold,Non Bumi Lot,Unknown,Penang
245000,999.0,3.0,3.0,1.0,5,0,0,0,0,0,0,0,Condominium,Leasehold,Non Bumi Lot,Low,Perak
227000,650.0,2.0,1.0,1.0,0,0,0,0,0,0,0,0,Flat,Leasehold,Non Bumi Lot,Unknown,Kuala Lumpur
300000,850.0,4.0,2.0,1.0,7,1,0,0,0,1,0,0,Condominium,Freehold,Non Bumi Lot,High,Selangor
300000,775.0,3.0,2.0,1.0,6,1,0,0,1,1,1,0,Apartment,Leasehold,Bumi Lot,Medium,Selangor
340000,1295.0,3.0,2.0,1.0,8,1,1,1,1,1,1,1,Condominium,Freehold,Non Bumi Lot,Low,Kuala Lumpur
450000,1006.0,3.0,2.0,2.0,7,0,0,0,0,0,0,0,Apartment,Freehold,Bumi Lot,Medium,Putrajaya
270000,745.0,3.0,2.0,1.0,4,1,1,0,1,0,1,0,Condominium,Freehold,Non Bumi Lot,Low,Kuala Lumpur
350000,1000.0,3.0,2.0,1.0,6,1,1,1,1,0,0,0,Condominium,Leasehold,Non Bumi Lot,High,Kuala Lumpur
246000,1000.0,3.0,2.0,2.0,4,0,0,0,0,0,0,0,Apartment,Leasehold,Bumi Lot,Medium,Johor
100000,700.0,3.0,2.0,1.0,1,0,0,0,0,0,0,0,Flat,Freehold,Non Bumi Lot,Medium,Selangor
320000,430.0,1.0,1.0,1.0,6,1,1,0,0,1,1,0,Service Residence,Freehold,Non Bumi Lot,Low,Kuala Lumpur
218000,818.0,4.0,2.0,1.0,7,0,0,0,0,0,0,0,Apartment,Freehold,Non Bumi Lot,Medium,Johor
188000,815.0,3.0,2.0,1.0,6,0,0,0,0,1,1,1,Apartment,Leasehold,Non Bumi Lot,Unknown,Selangor
465000,1200.0,3.0,2.0,2.0,8,1,0,0,0,1,1,0,Condominium,Leasehold,Bumi Lot,Medium,Selangor
275000,949.0,3.0,2.0,2.0,10,0,0,0,0,0,0,0,Apartment,Freehold,Non Bumi Lot,Medium,Selangor
170000,650.0,3.0,2.0,1.0,0,1,0,0,0,0,1,0,Apartment,Freehold,Non Bumi Lot,Low,Selangor
368000,1038.0,3.0,2.0,1.0,7,1,0,1,0,0,1,0,Apartment,Freehold,Non Bumi Lot,Low,Selangor
599000,815.0,3.0,2.0,1.0,1,0,1,0,0,1,0,0,Service Residence,Freehold,Non Bumi Lot,Medium,Selangor
499000,1200.0,3.0,2.0,1.0,0,1,0,0,1,1,1,0,Condominium,Freehold,Non Bumi Lot,High,Kuala Lumpur
428000,871.0,2.0,2.0,1.0,2,0,0,0,0,0,0,0,Service Residence,Freehold,Non Bumi Lot,Medium,Johor
310000,614.0,1.0,1.0,1.0,0,0,0,0,0,0,0,0,Condominium,Freehold,Non Bumi Lot,High,Johor
310000,1200.0,3.0,2.0,1.0,12,0,0,0,0,0,0,0,Apartment,Freehold,Non Bumi Lot,Low,Johor
400000,1004.0,3.0,2.0,1.0,0,0,0,0,0,0,0,0,Condominium,Freehold,Non Bumi Lot,Medium,Johor
495000,578.0,1.0,1.0,1.0,5,1,1,1,1,1,1,0,Condominium,Freehold,Non Bumi Lot,High,Kuala Lumpur
270000,870.0,3.0,2.0,1.0,0,0,0,0,0,0,0,0,Apartment,Leasehold,Bumi Lot,Medium,Selangor
135000,657.0,3.0,2.0,1.0,0,0,0,0,0,0,0,0,Flat,Freehold,Bumi Lot,Low,Johor
450000,1376.0,3.0,2.0,1.0,7,1,1,1,0,0,1,0,Condominium,Leasehold,Non Bumi Lot,Medium,Selangor
132000,730.0,3.0,2.0,1.0,0,0,0,0,0,0,0,0,Flat,Freehold,Non Bumi Lot,High,Johor
315000,1021.0,3.0,2.0,2.0,0,0,1,1,0,0,0,0,Apartment,Freehold,Non Bumi Lot,Unknown,Selangor
395000,1015.0,3.0,2.0,1.0,7,1,0,1,1,1,0,0,Apartment,Leasehold,Non Bumi Lot,High,Kuala Lumpur
738238,649.0,1.0,1.0,1.0,5,0,0,0,0,0,0,0,Service Residence,Leasehold,Non Bumi Lot,Medium,Sabah
195000,753.0,3.0,2.0,1.0,1,0,0,0,0,0,0,0,Flat,Leasehold,Bumi Lot,Medium,Selangor
480000,1259.0,3.0,2.0,1.0,7,1,0,1,0,0,1,0,Condominium,Leasehold,Bumi Lot,Low,Selangor
330000,872.0,3.0,2.0,1.0,3,0,0,0,0,0,0,0,Condominium,Freehold,Non Bumi Lot,High,Johor
310000,1082.0,3.0,3.0,2.0,10,0,0,0,0,0,0,0,Condominium,Freehold,Non Bumi Lot,Medium,Selangor
365000,1091.0,3.0,2.0,1.0,10,0,0,0,0,0,0,0,Condominium,Freehold,Non Bumi Lot,Medium,Selangor
215000,650.0,3.0,2.0,1.0,6,0,0,0,0,0,0,0,Apartment,Freehold,Non Bumi Lot,Unknown,Penang
175000,650.0,3.0,1.0,1.0,4,0,0,0,0,0,0,0,Apartment,Leasehold,Non Bumi Lot,Unknown,Penang
269000,700.0,3.0,2.0,2.0,7,0,0,0,0,0,1,0,Apartment,Freehold,Non Bumi Lot,Medium,Selangor
289000,850.0,3.0,2.0,2.0,7,0,0,0,0,0,1,0,Apartment,Freehold,Bumi Lot,Medium,Selangor
330000,800.0,3.0,2.0,1.0,8,0,0,0,0,0,0,0,Apartment,Freehold,Non Bumi Lot,Unknown,Penang
295000,850.0,3.0,2.0,1.0,3,1,0,0,0,0,1,0,Apartment,Freehold,Non Bumi Lot,High,Selangor
295000,950.0,3.0,2.0,1.0,5,0,0,0,0,0,0,0,Apartment,Leasehold,Non Bumi Lot,Unknown,Penang
299000,820.0,3.0,2.0,2.0,10,1,0,0,0,0,1,0,Apartment,Freehold,Non Bumi Lot,Unknown,Selangor
270000,850.0,3.0,2.0,2.0,6,1,0,0,0,1,1,0,Apartment,Leasehold,Non Bumi Lot,Unknown,Selangor
259000,1103.0,3.0,2.0,1.0,6,0,0,0,0,0,0,0,Apartment,Leasehold,Non Bumi Lot,Medium,Selangor
260000,850.0,3.0,2.0,2.0,9,0,1,0,0,0,0,0,Apartment,Freehold,Non Bumi Lot,Medium,Selangor
269000,700.0,3.0,2.0,2.0,7,1,0,1,0,0,1,1,Apartment,Freehold,Non Bumi Lot,Medium,Selangor
299000,1140.0,3.0,2.0,1.0,7,0,0,0,0,0,0,0,Apartment,Freehold,Non Bumi Lot,Medium,Selangor
309000,1033.0,4.0,3.0,2.0,10,1,0,0,0,1,1,0,Service Residence,Leasehold,Non Bumi Lot,Medium,Selangor
170000,980.0,3.0,2.0,1.0,3,1,0,0,1,0,0,0,Apartment,Leasehold,Non Bumi Lot,Low,Selangor
269000,1001.0,4.0,2.0,1.0,4,0,0,0,0,0,0,0,Apartment,Leasehold,Non Bumi Lot,Medium,Selangor
315000,700.0,3.0,2.0,1.0,3,0,0,0,0,0,0,0,Apartment,Freehold,Non Bumi Lot,Low,Penang
188000,650.0,3.0,2.0,1.0,0,1,0,0,0,0,1,0,Apartment,Freehold,Non Bumi Lot,Medium,Selangor
385000,1140.0,3.0,2.0,2.0,7,0,0,0,0,0,0,0,Condominium,Freehold,Non Bumi Lot,Medium,Penang
275000,863.0,3.0,2.0,1.0,5,1,0,0,0,1,0,0,Apartment,Leasehold,Bumi Lot,Unknown,Selangor
395000,1170.0,3.0,2.0,2.0,11,1,1,0,0,1,1,0,Condominium,Leasehold,Non Bumi Lot,Unknown,Selangor
260000,850.0,3.0,2.0,1.0,7,1,1,0,0,1,1,0,Condominium,Leasehold,Non Bumi Lot,Medium,Kuala Lumpur
500000,1184.0,4.0,2.0,2.0,11,1,0,0,0,1,1,0,Condominium,Leasehold,Bumi Lot,Medium,Kuala Lumpur
270000,614.0,3.0,2.0,1.0,6,0,0,0,0,0,0,0,Apartment,Leasehold,Non Bumi Lot,Unknown,Penang
225000,420.0,2.0,2.0,1.0,7,1,1,0,1,1,0,0,Apartment,Freehold,Non Bumi Lot,Medium,Selangor
140000,650.0,3.0,2.0,1.0,0,0,0,0,0,0,0,0,Apartment,Leasehold,Bumi Lot,Medium,Kuala Lumpur
177000,650.0,3.0,2.0,1.0,4,1,0,0,1,1,1,0,Apartment,Leasehold,Bumi Lot,Medium,Kuala Lumpur
150000,667.0,3.0,2.0,1.0,3,1,0,1,0,1,1,0,Apartment,Freehold,Non Bumi Lot,High,Selangor
145000,794.0,3.0,2.0,1.0,0,1,0,1,0,0,0,0,Apartment,Freehold,Non Bumi Lot,High,Selangor
288000,858.0,3.0,2.0,1.0,2,1,1,1,1,0,1,0,Apartment,Leasehold,Non Bumi Lot,Medium,Selangor
280000,764.0,3.0,2.0,1.0,6,1,0,0,1,1,1,0,Apartment,Leasehold,Bumi Lot,Medium,Selangor
950000,1230.0,3.0,2.0,1.0,10,0,0,0,0,0,0,0,Condominium,Freehold,Non Bumi Lot,High,Penang
255000,850.0,3.0,2.0,1.0,3,1,1,0,1,1,1,0,Apartment,Leasehold,Non Bumi Lot,Medium,Selangor
235000,883.0,3.0,2.0,1.0,4,1,0,0,0,0,1,0,Apartment,Leasehold,Non Bumi Lot,High,Selangor
328000,1200.0,4.0,2.0,1.0,5,0,0,0,0,1,1,1,Apartment,Leasehold,Non Bumi Lot,Unknown,Selangor
398000,997.0,3.0,2.0,1.0,8,0,0,0,0,0,0,0,Apartment,Leasehold,Non Bumi Lot,High,Penang
177000,650.0,3.0,2.0,1.0,4,1,0,0,1,1,1,0,Apartment,Leasehold,Bumi Lot,Medium,Kuala Lumpur
235000,883.0,3.0,2.0,1.0,4,1,0,0,0,0,1,0,Apartment,Leasehold,Non Bumi Lot,High,Selangor
170000,645.0,3.0,2.0,1.0,2,0,0,0,1,1,0,1,Apartment,Freehold,Non Bumi Lot,Medium,Selangor
207100,688.0,2.0,1.0,1.0,0,0,0,0,0,0,0,0,Service Residence,Freehold,Non Bumi Lot,Medium,Melaka
345000,850.0,3.0,2.0,1.0,14,0,0,0,0,0,0,0,Service Residence,Freehold,Bumi Lot,Medium,Johor
650000,1367.0,3.0,2.0,2.0,12,0,0,0,0,0,0,0,Service Residence,Freehold,Non Bumi Lot,High,Selangor
180000,624.0,3.0,1.0,1.0,0,0,0,0,0,0,0,0,Apartment,Freehold,Non Bumi Lot,High,Penang
270000,764.0,3.0,2.0,1.0,5,1,0,0,1,1,1,0,Apartment,Leasehold,Bumi Lot,Low,Selangor
175000,900.0,3.0,2.0,1.0,0,0,0,0,0,0,0,0,Apartment,Freehold,Bumi Lot,Low,Melaka
249000,1102.0,3.0,2.0,2.0,7,1,0,1,0,0,0,0,Apartment,Freehold,Non Bumi Lot,Medium,Selangor
250000,900.0,3.0,2.0,1.0,0,0,0,0,0,0,0,0,Apartment,Freehold,Non Bumi Lot,High,Selangor
168000,750.0,3.0,2.0,1.0,1,0,0,0,0,0,0,0,Flat,Freehold,Non Bumi Lot,Medium,Johor
550000,516.0,2.0,1.0,1.0,8,1,1,1,0,1,1,0,Service Residence,Freehold,Non Bumi Lot,Medium,Selangor
734450,832.0,2.0,2.0,2.0,5,0,0,0,0,0,0,0,Service Residence,Leasehold,Non Bumi Lot,Medium,Sabah
804011,1270.0,2.0,2.0,2.0,5,0,0,0,0,0,0,0,Service Residence,Leasehold,Bumi Lot,Medium,Sabah
338000,800.0,3.0,2.0,2.0,8,0,0,0,0,0,0,0,Condominium,Freehold,Non Bumi Lot,Medium,Melaka
380000,1097.0,3.0,2.0,1.0,7,0,0,0,0,0,0,0,Apartment,Freehold,Non Bumi Lot,Medium,Johor
3600000,3878.0,4.0,4.0,4.0,11,0,0,0,0,0,0,0,Condominium,Freehold,Non Bumi Lot,Low,Penang
500000,1050.0,3.0,2.0,2.0,7,0,0,0,0,0,0,0,Condominium,Freehold,Non Bumi Lot,Medium,Penang
305000,1288.0,3.0,2.0,2.0,9,0,0,0,0,0,0,0,Condominium,Freehold,Non Bumi Lot,Medium,Selangor
250000,1000.0,3.0,2.0,1.0,3,0,0,0,0,0,0,0,Apartment,Freehold,Non Bumi Lot,Medium,Selangor
350000,1288.0,3.0,2.0,2.0,11,0,0,0,0,0,0,0,Condominium,Freehold,Non Bumi Lot,Medium,Selangor
199000,850.0,3.0,2.0,1.0,8,0,0,0,0,0,0,0,Apartment,Freehold,Non Bumi Lot,High,Johor
88000,680.0,3.0,1.0,1.0,0,1,0,0,0,0,0,0,Apartment,Freehold,Bumi Lot,Medium,Selangor
150000,720.0,3.0,2.0,1.0,3,1,0,0,0,1,0,0,Apartment,Leasehold,Bumi Lot,High,Selangor
450000,1267.0,3.0,3.0,1.0,11,1,1,1,1,1,0,0,Condominium,Freehold,Bumi Lot,Low,Kuala Lumpur
380000,1200.0,3.0,2.0,1.0,5,0,0,0,0,0,0,0,Condominium,Freehold,Non Bumi Lot,High,Johor
300000,748.0,3.0,2.0,1.0,8,1,1,0,1,1,0,1,Condominium,Leasehold,Bumi Lot,Low,Kuala Lumpur
788000,1334.0,3.0,2.0,2.0,11,0,0,0,0,0,0,0,Condominium,Freehold,Non Bumi Lot,Unknown,Penang
520000,2124.0,3.0,4.0,1.0,10,0,0,0,0,0,0,0,Apartment,Freehold,Non Bumi Lot,Medium,Johor
270000,650.0,3.0,1.0,1.0,4,0,0,0,0,0,0,0,Apartment,Freehold,Non Bumi Lot,Unknown,Penang
298000,700.0,3.0,2.0,1.0,3,0,0,0,0,0,0,0,Apartment,Freehold,Non Bumi Lot,Unknown,Penang
415286,865.0,3.0,2.0,2.0,9,0,0,0,0,0,0,0,Condominium,Freehold,Non Bumi Lot,Medium,Sabah
285000,750.0,2.0,2.0,1.0,12,0,0,0,0,0,0,0,Apartment,Leasehold,Non Bumi Lot,Medium,Sabah
200000,530.0,2.0,1.0,1.0,2,0,0,0,0,0,0,0,Flat,Freehold,Non Bumi Lot,High,Penang
668000,753.0,2.0,1.0,1.0,10,1,1,1,1,0,1,1,Service Residence,Leasehold,Non Bumi Lot,Unknown,Selangor
255000,850.0,3.0,2.0,1.0,6,0,0,0,0,0,0,0,Condominium,Freehold,Non Bumi Lot,High,Penang
998000,1329.0,2.0,2.0,1.0,6,0,0,0,0,0,0,0,Service Residence,Leasehold,Non Bumi Lot,Unknown,Sabah
2100000,2266.0,4.0,5.0,1.0,8,0,0,0,0,0,0,0,Condominium,Leasehold,Non Bumi Lot,High,Sabah
260000,789.0,3.0,1.0,1.0,4,1,1,0,1,1,0,1,Apartment,Leasehold,Bumi Lot,Medium,Kuala Lumpur
466000,1007.0,3.0,2.0,2.0,12,0,0,0,0,0,0,0,Service Residence,Leasehold,Non Bumi Lot,Medium,Sabah
489819,1007.0,3.0,2.0,2.0,12,0,0,0,0,0,0,0,Condominium,Leasehold,Bumi Lot,Low,Sabah
478200,904.0,3.0,2.0,2.0,12,0,0,0,0,0,0,0,Service Residence,Leasehold,Non Bumi Lot,Low,Sabah
320000,1120.0,3.0,2.0,1.0,5,1,1,0,1,1,1,0,Condominium,Freehold,Non Bumi Lot,Medium,Kuala Lumpur
180000,700.0,2.0,1.0,1.0,0,0,0,0,0,0,0,0,Flat,Leasehold,Bumi Lot,High,Johor
1080000,1047.0,3.0,2.0,2.0,8,0,0,0,0,0,0,0,Condominium,Freehold,Non Bumi Lot,High,Penang
188000,700.0,3.0,2.0,1.0,3,0,0,0,0,0,0,0,Apartment,Freehold,Non Bumi Lot,Unknown,Penang
110000,640.0,1.0,1.0,1.0,4,0,0,0,0,0,0,0,Apartment,Freehold,Non Bumi Lot,High,Perak
210000,798.0,3.0,2.0,1.0,6,0,0,0,0,0,0,0,Apartment,Leasehold,Bumi Lot,Medium,Perak
495000,1281.0,3.0,2.0,1.0,6,0,0,0,0,0,0,0,Townhouse Condo,Freehold,Non Bumi Lot,Low,Putrajaya
280000,450.0,1.0,1.0,1.0,9,1,1,1,0,1,1,0,Condominium,Leasehold,Non Bumi Lot,High,Selangor
700000,1100.0,3.0,2.0,2.0,2,0,0,0,0,0,0,0,Condominium,Freehold,Non Bumi Lot,High,Penang
175000,650.0,3.0,2.0,1.0,4,0,0,0,1,0,1,0,Apartment,Leasehold,Non Bumi Lot,High,Kuala Lumpur
695000,1288.0,3.0,3.0,1.0,10,0,0,0,0,0,0,0,Condominium,Freehold,Non Bumi Lot,Unknown,Penang
350000,700.0,3.0,2.0,1.0,8,0,0,0,0,0,0,0,Apartment,Freehold,Non Bumi Lot,High,Penang
370000,700.0,3.0,2.0,1.0,8,0,0,0,0,0,0,0,Apartment,Freehold,Non Bumi Lot,Unknown,Penang
165000,800.0,3.0,2.0,1.0,4,0,0,0,0,0,0,0,Apartment,Leasehold,Bumi Lot,Unknown,Selangor
420000,1300.0,3.0,2.0,1.0,10,1,1,1,1,0,1,0,Condominium,Leasehold,Non Bumi Lot,Medium,Selangor
368000,925.0,3.0,2.0,1.0,2,1,0,0,0,1,1,0,Apartment,Freehold,Non Bumi Lot,Low,Selangor
660000,1206.0,3.0,2.0,2.0,12,0,0,0,0,0,0,0,Apartment,Freehold,Non Bumi Lot,High,Johor
175000,710.0,3.0,2.0,1.0,1,0,0,0,0,0,0,0,Apartment,Leasehold,Non Bumi Lot,Medium,Johor
110000,657.0,2.0,2.0,1.0,3,0,0,0,0,0,0,0,Flat,Freehold,Non Bumi Lot,Unknown,Penang
180000,650.0,3.0,2.0,1.0,3,1,1,1,1,0,1,0,Apartment,Leasehold,Bumi Lot,Unknown,Kuala Lumpur
298000,1051.0,3.0,2.0,1.0,7,0,0,1,0,1,1,0,Condominium,Freehold,Non Bumi Lot,High,Kuala Lumpur
170000,603.0,3.0,1.0,1.0,3,0,0,0,0,0,0,0,Flat,Leasehold,Non Bumi Lot,Medium,Penang
380000,850.0,3.0,2.0,1.0,0,0,0,0,0,0,0,0,Condominium,Freehold,Non Bumi Lot,Unknown,Kuala Lumpur
440000,1101.0,4.0,2.0,1.0,6,1,0,0,1,1,1,0,Condominium,Leasehold,Non Bumi Lot,Unknown,Kuala Lumpur
178000,600.0,3.0,2.0,1.0,7,1,1,0,1,1,1,0,Apartment,Leasehold,Non Bumi Lot,Unknown,Kuala Lumpur
290000,764.0,3.0,2.0,1.0,0,1,1,0,0,1,1,0,Apartment,Leasehold,Non Bumi Lot,Unknown,Kuala Lumpur
218800,605.0,1.0,1.0,1.0,7,0,0,0,0,0,0,0,Service Residence,Freehold,Non Bumi Lot,Medium,Negeri Sembilan
378000,1222.0,3.0,2.0,1.0,9,1,0,0,1,0,1,1,Condominium,Freehold,Non Bumi Lot,Low,Kuala Lumpur
260000,900.0,3.0,2.0,2.0,10,1,0,0,1,0,0,0,Service Residence,Freehold,Non Bumi Lot,Medium,Selangor
275000,874.0,3.0,2.0,1.0,4,1,0,1,0,1,1,0,Apartment,Leasehold,Non Bumi Lot,Low,Selangor
265000,700.0,3.0,1.0,1.0,6,0,0,0,0,0,0,0,Flat,Freehold,Non Bumi Lot,Low,Putrajaya
330000,873.0,2.0,1.0,1.0,0,0,0,0,0,0,0,0,Condominium,Leasehold,Non Bumi Lot,High,Johor
450000,1900.0,3.0,3.0,3.0,12,1,0,0,1,0,0,0,Service Residence,Freehold,Non Bumi Lot,High,Selangor
450000,770.0,1.0,1.0,1.0,8,0,0,0,0,0,0,0,Others,Leasehold,Non Bumi Lot,Unknown,Negeri Sembilan
270000,926.0,3.0,2.0,1.0,8,0,0,0,0,0,0,0,Apartment,Freehold,Bumi Lot,Unknown,Selangor
300000,1100.0,2.0,2.0,1.0,10,0,0,1,0,1,1,0,Condominium,Freehold,Non Bumi Lot,Medium,Kuala Lumpur
420000,1062.0,4.0,2.0,1.0,8,1,1,0,1,1,1,0,Service Residence,Freehold,Non Bumi Lot,Unknown,Selangor
465000,887.0,3.0,2.0,1.0,5,0,0,0,0,0,0,0,Condominium,Freehold,Non Bumi Lot,Medium,Penang
538000,1295.0,3.0,2.0,2.0,13,0,0,0,0,0,0,0,Condominium,Freehold,Non Bumi Lot,Unknown,Penang
328000,1250.0,4.0,3.0,1.0,12,0,0,0,0,0,0,0,Apartment,Freehold,Non Bumi Lot,Low,Johor
450000,887.0,3.0,2.0,1.0,10,0,0,0,0,0,0,0,Condominium,Freehold,Non Bumi Lot,Low,Penang
750000,1288.0,3.0,3.0,2.0,10,0,0,0,0,0,0,0,Condominium,Freehold,Non Bumi Lot,Unknown,Penang
495000,887.0,3.0,2.0,2.0,10,0,0,0,0,0,0,0,Condominium,Freehold,Non Bumi Lot,Medium,Penang
355000,950.0,3.0,2.0,1.0,6,1,1,0,0,0,0,0,Apartment,Leasehold,Bumi Lot,Low,Kuala Lumpur
229000,844.0,3.0,2.0,1.0,5,0,0,0,0,0,0,0,Apartment,Leasehold,Bumi Lot,Medium,Selangor
288000,800.0,3.0,2.0,1.0,2,0,0,0,0,0,0,0,Apartment,Leasehold,Non Bumi Lot,Medium,Penang
330000,800.0,3.0,2.0,1.0,2,0,0,0,0,0,0,0,Apartment,Leasehold,Non Bumi Lot,Low,Penang
234000,900.0,3.0,2.0,1.0,2,0,0,0,0,0,0,0,Apartment,Leasehold,Bumi Lot,High,Selangor
1150000,2335.0,4.0,3.0,4.0,14,0,0,0,0,0,0,0,Condominium,Freehold,Non Bumi Lot,Unknown,Penang
1080000,1507.0,4.0,3.0,3.0,12,1,0,0,1,0,0,0,Service Residence,Leasehold,Non Bumi Lot,Medium,Selangor
750000,1250.0,3.0,3.0,2.0,11,0,0,0,0,0,0,0,Condominium,Freehold,Non Bumi Lot,Medium,Kuala Lumpur
850000,1500.0,4.0,3.0,2.0,12,0,0,0,0,0,0,0,Condominium,Freehold,Non Bumi Lot,Low,Kuala Lumpur
890000,1319.0,3.0,2.0,2.0,12,1,1,0,0,1,1,1,Condominium,Freehold,Non Bumi Lot,High,Kuala Lumpur
338000,775.0,3.0,2.0,1.0,6,1,0,0,1,1,1,0,Apartment,Leasehold,Bumi Lot,Low,Selangor
210000,711.0,3.0,2.0,1.0,2,0,0,0,0,0,0,0,Flat,Leasehold,Bumi Lot,Unknown,Selangor
249900,861.0,2.0,2.0,1.0,3,0,0,0,0,0,0,0,Condominium,Leasehold,Non Bumi Lot,Medium,Melaka
320000,800.0,3.0,2.0,1.0,8,0,0,0,0,0,0,0,Apartment,Freehold,Non Bumi Lot,Medium,Penang
150000,560.0,3.0,1.0,1.0,1,0,0,0,0,0,0,0,Flat,Leasehold,Bumi Lot,Low,Selangor
240000,910.0,3.0,2.0,1.0,8,0,1,0,1,0,0,1,Apartment,Freehold,Non Bumi Lot,Low,Selangor
85000,620.0,2.0,1.0,1.0,0,0,0,0,0,0,0,0,Flat,Freehold,Non Bumi Lot,Medium,Selangor
400000,1100.0,3.0,2.0,2.0,10,1,0,0,0,1,1,0,Condominium,Freehold,Non Bumi Lot,Low,Kuala Lumpur
370000,737.0,1.0,1.0,1.0,10,1,0,0,0,0,1,0,Service Residence,Leasehold,Bumi Lot,Medium,Selangor
240000,840.0,3.0,1.0,1.0,1,0,0,0,0,0,0,0,Apartment,Leasehold,Non Bumi Lot,Medium,Penang
215000,650.0,3.0,2.0,1.0,4,0,0,0,0,0,0,0,Apartment,Freehold,Non Bumi Lot,Medium,Penang
320000,1130.0,3.0,2.0,1.0,7,0,0,0,0,0,0,0,Apartment,Leasehold,Bumi Lot,Low,Selangor
780000,2650.0,5.0,4.0,1.0,2,0,0,0,0,0,0,0,Condominium,Freehold,Non Bumi Lot,Medium,Johor
210000,1001.0,3.0,2.0,1.0,0,0,0,0,0,0,0,0,Apartment,Leasehold,Non Bumi Lot,Medium,Johor
498000,1300.0,4.0,2.0,2.0,11,1,1,0,1,1,1,0,Condominium,Leasehold,Non Bumi Lot,Low,Selangor
250000,700.0,3.0,2.0,1.0,3,0,0,0,0,0,0,0,Apartment,Leasehold,Non Bumi Lot,Unknown,Penang
325000,1017.0,3.0,2.0,1.0,5,0,0,0,0,0,0,0,Apartment,Freehold,Non Bumi Lot,Medium,Selangor
650000,809.0,2.0,1.0,1.0,9,0,0,0,1,1,0,1,Service Residence,Freehold,Bumi Lot,Low,Selangor
598000,1087.0,3.0,2.0,2.0,14,0,0,0,0,0,0,0,Condominium,Freehold,Non Bumi Lot,High,Penang
298000,800.0,3.0,2.0,2.0,2,0,0,0,0,0,0,0,Apartment,Leasehold,Non Bumi Lot,Medium,Penang
298000,800.0,3.0,2.0,2.0,2,0,0,0,0,0,0,0,Apartment,Leasehold,Non Bumi Lot,Unknown,Penang
498000,936.0,3.0,2.0,2.0,14,0,0,0,0,0,0,0,Condominium,Freehold,Non Bumi Lot,Unknown,Penang
988000,1365.0,2.0,3.0,1.0,10,0,0,0,0,0,0,0,Service Residence,Freehold,Non Bumi Lot,High,Penang
498000,936.0,3.0,2.0,3.0,14,0,0,0,0,0,0,0,Condominium,Freehold,Non Bumi Lot,Unknown,Penang
508800,930.0,3.0,2.0,1.0,7,0,0,0,0,0,0,0,Condominium,Leasehold,Bumi Lot,High,Sabah
395000,1405.0,3.0,2.0,1.0,8,0,0,0,0,0,0,0,Condominium,Leasehold,Bumi Lot,Medium,Selangor
680000,1372.0,3.0,2.0,2.0,11,0,1,0,1,0,1,1,Condominium,Freehold,Non Bumi Lot,Unknown,Selangor
820000,1302.0,4.0,2.0,3.0,9,0,0,0,0,0,0,0,Condominium,Freehold,Non Bumi Lot,Unknown,Penang
3701000,3701.0,5.0,4.0,3.0,11,0,0,0,0,0,0,0,Condominium,Leasehold,Non Bumi Lot,High,Sabah
6016000,6016.0,5.0,7.0,4.0,11,0,0,0,0,0,0,0,Condominium,Leasehold,Non Bumi Lot,High,Sabah
635000,1023.0,3.0,2.0,1.0,8,1,1,0,0,1,1,0,Service Residence,Freehold,Non Bumi Lot,Medium,Kuala Lumpur
285000,497.0,1.0,1.0,1.0,9,1,1,1,0,0,0,0,Apartment,Freehold,Non Bumi Lot,Unknown,Kuala Lumpur
354000,874.0,3.0,2.0,1.0,0,1,0,0,0,1,1,0,Condominium,Leasehold,Bumi Lot,Low,Kuala Lumpur
298000,1000.0,3.0,2.0,1.0,2,0,0,0,0,0,0,0,Apartment,Freehold,Non Bumi Lot,Medium,Johor
530000,1295.0,3.0,2.0,1.0,9,1,0,0,0,1,1,0,Condominium,Freehold,Non Bumi Lot,Low,Kuala Lumpur
320000,936.0,3.0,2.0,1.0,9,0,0,0,0,0,0,0,Condominium,Freehold,Bumi Lot,Low,Melaka
250000,947.0,3.0,2.0,1.0,4,0,0,0,0,0,0,0,Apartment,Freehold,Non Bumi Lot,Medium,Selangor
380000,938.0,3.0,2.0,1.0,9,1,1,1,0,1,1,0,Condominium,Freehold,Bumi Lot,Low,Kuala Lumpur
200000,816.0,3.0,2.0,1.0,3,0,0,0,0,0,0,0,Apartment,Freehold,Malay Reserved,Low,Negeri Sembilan
225000,430.0,2.0,2.0,1.0,5,1,1,0,1,1,0,0,Apartment,Freehold,Non Bumi Lot,High,Selangor
400000,657.0,3.0,2.0,1.0,4,0,0,0,0,0,0,0,Service Residence,Freehold,Non Bumi Lot,Unknown,Unknown
480000,1100.0,3.0,2.0,2.0,11,0,0,0,0,0,0,1,Condominium,Freehold,Non Bumi Lot,Medium,Selangor
180000,650.0,3.0,2.0,1.0,3,0,0,0,0,0,0,0,Flat,Leasehold,Non Bumi Lot,Medium,Selangor
220000,850.0,3.0,2.0,1.0,1,0,0,0,0,0,0,0,Apartment,Leasehold,Non Bumi Lot,Medium,Kuala Lumpur
170000,783.0,3.0,2.0,1.0,0,1,0,0,0,1,0,0,Apartment,Leasehold,Bumi Lot,Medium,Selangor
520000,936.0,3.0,2.0,2.0,14,0,0,0,0,0,0,0,Condominium,Freehold,Non Bumi Lot,Unknown,Penang
598000,1087.0,3.0,2.0,2.0,14,0,0,0,0,0,0,0,Condominium,Freehold,Non Bumi Lot,Medium,Penang
700000,1195.0,3.0,2.0,2.0,14,0,0,0,0,0,0,0,Condominium,Freehold,Non Bumi Lot,Unknown,Penang
530000,936.0,3.0,2.0,2.0,14,0,0,0,0,0,0,0,Condominium,Freehold,Non Bumi Lot,Medium,Penang
490000,883.0,3.0,2.0,2.0,9,1,0,0,0,1,0,0,Service Residence,Leasehold,Non Bumi Lot,Medium,Selangor
418000,1006.0,3.0,2.0,2.0,0,0,0,0,0,0,0,0,Apartment,Freehold,Non Bumi Lot,Medium,Putrajaya
970000,1211.0,3.0,3.0,1.0,0,0,0,0,0,0,0,0,Service Residence,Leasehold,Non Bumi Lot,Unknown,Unknown
290000,957.0,3.0,2.0,1.0,6,0,0,0,0,0,0,0,Condominium,Leasehold,Bumi Lot,Low,Unknown
365000,1173.0,3.0,2.0,1.0,9,0,0,0,0,0,0,0,Apartment,Freehold,Non Bumi Lot,High,Perak
380000,964.0,3.0,2.0,1.0,10,0,0,0,0,0,0,0,Condominium,Leasehold,Non Bumi Lot,Medium,Perak
320000,926.0,3.0,2.0,1.0,9,0,1,1,0,0,0,0,Condominium,Leasehold,Bumi Lot,Medium,Selangor
255000,850.0,3.0,2.0,1.0,4,0,0,0,0,0,0,0,Apartment,Leasehold,Non Bumi Lot,Low,Johor
465000,870.0,3.0,3.0,1.0,8,0,0,0,0,0,0,0,Service Residence,Leasehold,Non Bumi Lot,Medium,Sabah
380000,849.0,1.0,1.0,1.0,6,0,0,0,0,0,0,0,Condominium,Leasehold,Non Bumi Lot,Medium,Unknown
220000,925.0,4.0,2.0,1.0,0,0,0,0,0,0,0,0,Apartment,Freehold,Bumi Lot,Low,Selangor
395000,1052.0,3.0,2.0,2.0,0,0,0,0,0,0,0,0,Apartment,Freehold,Non Bumi Lot,Medium,Unknown
299000,420.0,1.0,1.0,1.0,6,0,0,0,0,0,0,0,Condominium,Freehold,Non Bumi Lot,High,Unknown
289000,850.0,3.0,2.0,1.0,0,0,0,0,0,0,0,0,Apartment,Freehold,Non Bumi Lot,Medium,Unknown
360000,910.0,3.0,2.0,1.0,8,0,0,0,0,0,0,0,Condominium,Leasehold,Non Bumi Lot,Medium,Unknown
220000,746.0,3.0,2.0,1.0,5,0,0,0,0,0,0,0,Apartment,Leasehold,Bumi Lot,Low,Selangor
255000,811.0,3.0,2.0,1.0,5,0,0,0,0,0,0,0,Apartment,Leasehold,Non Bumi Lot,Medium,Unknown
285000,850.0,3.0,2.0,1.0,3,0,0,0,0,0,0,0,Apartment,Leasehold,Non Bumi Lot,Medium,Unknown
308000,1000.0,3.0,2.0,2.0,6,0,0,0,0,0,0,0,Condominium,Freehold,Non Bumi Lot,Medium,Unknown
299000,1000.0,3.0,2.0,1.0,6,0,0,0,0,0,0,0,Condominium,Freehold,Non Bumi Lot,Unknown,Unknown
228000,900.0,3.0,2.0,1.0,3,0,0,0,0,0,0,0,Apartment,Freehold,Non Bumi Lot,Medium,Unknown
383950,1052.0,3.0,2.0,1.0,2,0,0,0,0,0,0,0,Condominium,Freehold,Non Bumi Lot,Unknown,Unknown
320000,915.0,3.0,2.0,1.0,2,0,0,0,1,0,1,0,Apartment,Freehold,Non Bumi Lot,Low,Kuala Lumpur
235000,600.0,2.0,1.0,1.0,0,1,1,0,1,0,0,0,Flat,Freehold,Bumi Lot,Medium,Kuala Lumpur
260000,870.0,3.0,2.0,1.0,8,0,0,0,0,0,0,0,Apartment,Leasehold,Bumi Lot,High,Selangor
299000,950.0,3.0,2.0,1.0,6,0,0,0,0,0,0,0,Apartment,Freehold,Bumi Lot,Medium,Selangor
155000,850.0,3.0,2.0,1.0,0,0,0,0,0,0,0,0,Flat,Freehold,Non Bumi Lot,Medium,Johor
245000,800.0,3.0,2.0,1.0,7,0,0,0,0,0,0,0,Apartment,Freehold,Non Bumi Lot,High,Selangor
450000,918.0,3.0,2.0,1.0,9,1,1,0,0,1,1,0,Condominium,Leasehold,Non Bumi Lot,Medium,Kuala Lumpur
290000,860.0,3.0,2.0,1.0,0,0,0,0,0,1,1,0,Apartment,Freehold,Non Bumi Lot,High,Selangor
315000,980.0,3.0,2.0,1.0,6,1,0,0,0,1,1,0,Apartment,Leasehold,Non Bumi Lot,Low,Selangor
186000,899.0,3.0,2.0,1.0,4,0,0,0,0,0,0,0,Apartment,Freehold,Bumi Lot,Medium,Perak
555000,1200.0,3.0,2.0,1.0,7,1,1,0,1,1,1,0,Condominium,Freehold,Non Bumi Lot,Low,Kuala Lumpur
395000,1335.0,4.0,2.0,1.0,9,0,0,0,0,0,0,0,Condominium,Freehold,Non Bumi Lot,High,Kuala Lumpur
275000,778.0,3.0,2.0,1.0,3,0,0,0,0,0,0,0,Apartment,Leasehold,Bumi Lot,Low,Selangor
415000,1350.0,4.0,2.0,1.0,4,0,0,0,0,0,0,0,Apartment,Leasehold,Non Bumi Lot,High,Sabah
650000,1824.0,4.0,4.0,1.0,6,0,0,0,0,0,0,0,Condominium,Leasehold,Non Bumi Lot,Medium,Sabah
135000,650.0,3.0,2.0,1.0,4,0,0,0,0,0,0,0,Flat,Freehold,Non Bumi Lot,Medium,Johor
310000,877.0,3.0,2.0,1.0,9,1,0,0,0,1,1,0,Condominium,Leasehold,Bumi Lot,Low,Kuala Lumpur
780000,1484.0,3.0,3.0,2.0,8,0,0,0,0,0,0,0,Condominium,Leasehold,Non Bumi Lot,Medium,Sabah
350000,872.0,3.0,2.0,1.0,4,1,1,1,1,1,1,0,Apartment,Freehold,Non Bumi Lot,Low,Selangor
280000,953.0,3.0,2.0,1.0,7,0,0,0,0,0,0,0,Apartment,Freehold,Non Bumi Lot,Medium,Selangor
180000,850.0,3.0,2.0,1.0,5,0,0,0,0,0,0,0,Flat,Freehold,Non Bumi Lot,Medium,Johor
429000,1350.0,4.0,3.0,1.0,2,0,0,0,0,0,0,0,Condominium,Freehold,Non Bumi Lot,Low,Penang
199000,657.0,2.0,1.0,1.0,3,0,0,0,0,0,0,0,Apartment,Leasehold,Bumi Lot,Medium,Kuala Lumpur
300000,1185.0,3.0,2.0,2.0,0,0,0,0,0,0,0,0,Apartment,Freehold,Bumi Lot,Low,Selangor
198000,850.0,3.0,2.0,1.0,5,0,0,0,0,0,0,0,Flat,Freehold,Non Bumi Lot,Low,Johor
600000,1090.0,3.0,2.0,1.0,8,0,0,0,0,0,0,0,Condominium,Leasehold,Non Bumi Lot,High,Sabah
174000,689.0,3.0,2.0,1.0,0,0,0,0,0,0,0,0,Apartment,Freehold,Non Bumi Lot,Low,Penang
180000,657.0,3.0,1.0,1.0,4,1,0,0,0,0,1,0,Apartment,Leasehold,Non Bumi Lot,Low,Selangor
1700000,1755.0,3.0,3.0,1.0,7,0,0,0,0,0,0,0,Service Residence,Leasehold,Non Bumi Lot,Low,Sabah
554000,1765.0,3.0,3.0,1.0,7,1,0,0,1,0,0,0,Service Residence,Leasehold,Non Bumi Lot,Medium,Selangor
155000,798.0,3.0,2.0,1.0,7,0,0,0,0,0,0,0,Apartment,Freehold,Bumi Lot,Low,Perak
195000,750.0,2.0,3.0,1.0,7,0,0,0,0,0,0,0,Apartment,Freehold,Non Bumi Lot,Medium,Selangor
490000,774.0,3.0,2.0,2.0,9,0,0,0,1,0,1,0,Service Residence,Leasehold,Non Bumi Lot,Medium,Kuala Lumpur
335000,884.0,3.0,2.0,1.0,3,0,0,0,0,0,0,0,Apartment,Freehold,Bumi Lot,Medium,Kuala Lumpur
255000,815.0,3.0,2.0,1.0,0,0,0,0,0,0,0,0,Apartment,Leasehold,Non Bumi Lot,Medium,Selangor
578000,1300.0,3.0,2.0,1.0,3,0,0,0,0,0,0,0,Condominium,Leasehold,Non Bumi Lot,Medium,Sabah
1420000,2236.0,4.0,4.0,1.0,5,0,0,0,0,0,0,0,Condominium,Leasehold,Non Bumi Lot,Medium,Sabah
325000,1044.0,3.0,2.0,1.0,6,1,1,0,1,1,1,0,Apartment,Leasehold,Non Bumi Lot,Medium,Selangor
200000,450.0,1.0,1.0,1.0,14,0,0,0,0,0,0,0,Service Residence,Freehold,Non Bumi Lot,Medium,Selangor
460000,1100.0,3.0,2.0,1.0,14,0,0,0,0,0,0,0,Condominium,Leasehold,Non Bumi Lot,Medium,Johor
710000,1307.0,4.0,3.0,2.0,7,0,0,0,0,0,0,0,Condominium,Freehold,Non Bumi Lot,Medium,Penang
548000,1561.0,4.0,4.0,3.0,10,0,0,0,0,0,0,0,Condominium,Freehold,Non Bumi Lot,Unknown,Penang
460000,590.0,1.0,1.0,1.0,11,1,1,1,1,1,1,0,Service Residence,Freehold,Non Bumi Lot,High,Kuala Lumpur
450000,1068.0,3.0,2.0,1.0,1,0,0,0,0,0,0,0,Condominium,Leasehold,Non Bumi Lot,High,Johor
445000,1068.0,3.0,2.0,1.0,1,0,0,0,0,0,0,0,Condominium,Leasehold,Non Bumi Lot,Medium,Johor
360000,1100.0,3.0,2.0,1.0,9,0,0,0,0,0,0,0,Apartment,Leasehold,Non Bumi Lot,High,Johor
470000,1390.0,4.0,2.0,2.0,11,0,0,0,0,0,0,0,Service Residence,Freehold,Non Bumi Lot,Low,Johor
2368000,2368.0,4.0,4.0,3.0,14,1,1,1,1,1,0,0,Condominium,Freehold,Non Bumi Lot,Medium,Kuala Lumpur
390000,1224.0,3.0,2.0,1.0,0,0,0,0,0,0,0,0,Condominium,Freehold,Non Bumi Lot,Low,Kuala Lumpur
260000,1030.0,3.0,2.0,1.0,8,0,1,1,0,0,0,0,Condominium,Leasehold,Non Bumi Lot,Medium,Selangor
270000,689.0,2.0,1.0,1.0,4,1,1,0,1,0,1,0,Condominium,Freehold,Non Bumi Lot,High,Kuala Lumpur
340000,800.0,3.0,2.0,1.0,4,1,1,0,1,0,1,0,Condominium,Freehold,Non Bumi Lot,Low,Kuala Lumpur
65000,550.0,2.0,1.0,1.0,0,0,0,0,0,0,0,0,Flat,Freehold,Non Bumi Lot,High,Selangor
400000,947.0,3.0,2.0,1.0,0,0,0,0,0,0,0,0,Service Residence,Leasehold,Bumi Lot,Low,Johor
185000,531.0,2.0,1.0,1.0,0,1,1,1,1,0,0,0,Flat,Leasehold,Bumi Lot,Medium,Kuala Lumpur
280000,710.0,3.0,2.0,1.0,0,0,0,0,0,0,0,0,Apartment,Leasehold,Non Bumi Lot,Unknown,Selangor
380000,1100.0,3.0,2.0,1.0,5,1,1,1,0,1,1,0,Condominium,Freehold,Non Bumi Lot,Medium,Selangor
300000,732.0,3.0,2.0,1.0,3,0,0,0,0,0,0,0,Apartment,Freehold,Non Bumi Lot,Medium,Penang
600000,760.0,2.0,1.0,2.0,7,0,0,0,0,0,0,0,Condominium,Freehold,Non Bumi Lot,Unknown,Penang
400000,1100.0,3.0,2.0,1.0,9,1,0,0,0,1,1,0,Condominium,Freehold,Non Bumi Lot,Unknown,Kuala Lumpur
340000,845.0,2.0,2.0,1.0,11,1,0,0,1,1,0,0,Service Residence,Freehold,Non Bumi Lot,Medium,Kuala Lumpur
135000,657.0,3.0,2.0,1.0,0,0,0,0,0,0,0,0,Flat,Freehold,Bumi Lot,High,Johor
575000,1050.0,3.0,2.0,2.0,8,0,1,0,0,1,1,1,Service Residence,Leasehold,Non Bumi Lot,Medium,Kuala Lumpur
920000,950.0,2.0,2.0,2.0,0,0,0,0,0,0,0,0,Condominium,Freehold,Non Bumi Lot,Unknown,Penang
1200000,950.0,2.0,2.0,2.0,0,0,0,0,0,0,0,0,Condominium,Freehold,Non Bumi Lot,Unknown,Penang
930000,950.0,2.0,3.0,2.0,0,0,0,0,0,0,0,0,Condominium,Freehold,Non Bumi Lot,Unknown,Penang
290000,1055.0,3.0,2.0,2.0,14,0,0,0,0,0,0,0,Apartment,Freehold,Bumi Lot,High,Selangor
538000,1300.0,3.0,2.0,2.0,13,0,0,0,0,0,0,0,Condominium,Freehold,Non Bumi Lot,Unknown,Penang
230000,850.0,3.0,2.0,1.0,14,0,0,1,0,1,0,0,Apartment,Freehold,Bumi Lot,High,Selangor
380000,1533.0,4.0,2.0,1.0,8,0,0,0,0,0,0,0,Condominium,Freehold,Bumi Lot,Medium,Kuala Lumpur
173000,460.0,1.0,1.0,1.0,9,0,0,0,0,0,0,0,Condominium,Leasehold,Non Bumi Lot,Medium,Selangor
132000,730.0,3.0,2.0,1.0,0,0,0,0,0,0,0,0,Flat,Freehold,Non Bumi Lot,High,Johor
260000,950.0,3.0,2.0,2.0,14,0,0,0,0,0,0,0,Apartment,Freehold,Bumi Lot,High,Selangor
250000,750.0,3.0,2.0,1.0,13,0,0,0,0,0,0,0,Apartment,Freehold,Bumi Lot,Low,Selangor
315000,856.0,2.0,2.0,1.0,14,1,0,0,0,1,1,0,Service Residence,Leasehold,Non Bumi Lot,High,Kuala Lumpur
180000,850.0,3.0,2.0,1.0,14,0,0,0,0,0,0,0,Apartment,Leasehold,Bumi Lot,High,Selangor
560000,947.0,3.0,2.0,2.0,9,0,0,0,0,0,0,0,Condominium,Leasehold,Non Bumi Lot,Unknown,Penang
502000,925.0,3.0,2.0,2.0,9,0,0,0,0,0,0,0,Condominium,Leasehold,Non Bumi Lot,Unknown,Penang
400000,795.0,2.0,2.0,2.0,5,0,0,0,0,0,0,0,Condominium,Freehold,Non Bumi Lot,Unknown,Penang
610000,1598.0,3.0,3.0,2.0,5,0,0,0,0,0,0,0,Condominium,Freehold,Non Bumi Lot,Unknown,Penang
558888,1483.0,3.0,2.0,2.0,11,0,0,0,0,0,0,0,Service Residence,Freehold,Non Bumi Lot,High,Johor
185000,753.0,3.0,2.0,1.0,6,0,0,0,0,0,0,0,Apartment,Freehold,Non Bumi Lot,Unknown,Selangor
520000,1214.0,3.0,2.0,1.0,12,0,0,0,0,0,0,0,Service Residence,Freehold,Non Bumi Lot,Medium,Johor
290000,1033.0,3.0,2.0,1.0,8,0,0,0,0,0,0,0,Service Residence,Leasehold,Non Bumi Lot,Unknown,Selangor
230000,850.0,3.0,2.0,2.0,5,1,0,0,0,0,0,0,Apartment,Leasehold,Non Bumi Lot,Unknown,Selangor
290000,1033.0,3.0,2.0,1.0,3,1,0,0,0,1,1,0,Service Residence,Leasehold,Non Bumi Lot,Unknown,Selangor
480000,850.0,3.0,2.0,1.0,6,1,1,0,1,1,1,1,Condominium,Leasehold,Non Bumi Lot,Unknown,Kuala Lumpur
380000,650.0,2.0,2.0,1.0,7,1,1,0,1,0,0,0,Service Residence,Leasehold,Non Bumi Lot,High,Kuala Lumpur
440000,819.0,3.0,2.0,1.0,6,1,1,0,1,0,0,0,Service Residence,Leasehold,Non Bumi Lot,High,Kuala Lumpur
750000,1400.0,3.0,2.0,2.0,8,0,0,0,0,0,0,0,Condominium,Freehold,Non Bumi Lot,Low,Penang
311000,850.0,3.0,2.0,2.0,14,0,0,0,0,0,0,0,Condominium,Freehold,Bumi Lot,High,Selangor
290000,956.0,3.0,2.0,2.0,14,0,0,0,0,0,0,0,Service Residence,Freehold,Bumi Lot,High,Selangor
270000,750.0,3.0,2.0,2.0,14,1,0,1,0,0,1,1,Apartment,Freehold,Bumi Lot,Low,Selangor
660000,1012.0,3.0,2.0,2.0,7,0,0,0,0,0,0,0,Condominium,Leasehold,Non Bumi Lot,Unknown,Penang
615000,1598.0,3.0,3.0,2.0,7,0,0,0,0,0,0,0,Condominium,Freehold,Non Bumi Lot,Unknown,Penang
499000,1165.0,3.0,2.0,1.0,6,0,0,0,0,0,0,0,Condominium,Freehold,Non Bumi Lot,Unknown,Penang
680000,1161.0,4.0,2.0,2.0,6,0,0,0,0,0,0,0,Condominium,Freehold,Non Bumi Lot,Unknown,Penang
645000,1161.0,3.0,2.0,2.0,6,0,0,0,0,0,0,0,Condominium,Freehold,Non Bumi Lot,Unknown,Penang
950000,3000.0,5.0,4.0,3.0,6,0,0,0,0,0,0,0,Condominium,Freehold,Non Bumi Lot,Unknown,Penang
750000,1650.0,4.0,3.0,2.0,8,0,0,0,0,0,0,0,Condominium,Freehold,Non Bumi Lot,Unknown,Penang
258000,780.0,3.0,2.0,1.0,6,0,0,0,0,0,0,0,Apartment,Leasehold,Non Bumi Lot,Medium,Selangor
298888,1164.0,5.0,2.0,1.0,6,0,0,0,0,0,0,0,Apartment,Freehold,Non Bumi Lot,Medium,Johor
330000,1020.0,3.0,2.0,1.0,6,1,1,0,1,1,1,0,Condominium,Freehold,Non Bumi Lot,Unknown,Kuala Lumpur
410000,990.0,3.0,2.0,2.0,8,1,0,0,0,1,1,0,Condominium,Freehold,Non Bumi Lot,Unknown,Kuala Lumpur
160000,650.0,3.0,2.0,1.0,5,0,0,0,0,0,1,0,Apartment,Freehold,Bumi Lot,Medium,Kuala Lumpur
200000,682.0,3.0,2.0,1.0,5,1,0,1,0,0,1,0,Apartment,Freehold,Bumi Lot,Medium,Selangor
299000,1024.0,3.0,2.0,1.0,0,0,0,0,0,0,0,0,Apartment,Leasehold,Non Bumi Lot,Low,Johor
470000,1018.0,3.0,2.0,2.0,6,1,0,1,0,1,1,0,Condominium,Leasehold,Non Bumi Lot,Unknown,Kuala Lumpur
450000,1250.0,3.0,2.0,2.0,6,1,0,0,0,0,1,0,Condominium,Freehold,Non Bumi Lot,Unknown,Kuala Lumpur
530000,1106.0,3.0,3.0,2.0,10,1,0,0,1,1,1,0,Condominium,Leasehold,Non Bumi Lot,High,Kuala Lumpur
380000,1150.0,3.0,2.0,1.0,7,1,1,1,1,0,0,0,Condominium,Freehold,Non Bumi Lot,Unknown,Kuala Lumpur
108000,514.0,2.0,1.0,1.0,0,0,0,0,0,0,0,0,Flat,Freehold,Non Bumi Lot,Medium,Johor
225000,506.0,1.0,1.0,1.0,0,0,0,0,0,0,0,0,Condominium,Leasehold,Non Bumi Lot,High,Johor
285000,1050.0,3.0,2.0,1.0,0,0,0,0,0,0,0,0,Apartment,Freehold,Non Bumi Lot,Unknown,Kuala Lumpur
238000,667.0,2.0,1.0,1.0,0,0,0,0,0,0,0,0,Apartment,Leasehold,Non Bumi Lot,High,Sabah
218000,850.0,3.0,2.0,1.0,4,0,0,0,0,0,0,0,Apartment,Leasehold,Non Bumi Lot,High,Johor
400000,900.0,3.0,2.0,2.0,0,0,0,0,0,0,0,0,Condominium,Freehold,Non Bumi Lot,Unknown,Penang
218000,850.0,3.0,2.0,1.0,6,0,0,0,0,0,0,0,Apartment,Freehold,Non Bumi Lot,Low,Johor
537500,914.0,3.0,2.0,1.0,0,0,0,0,0,0,0,0,Condominium,Freehold,Non Bumi Lot,Medium,Sabah
545000,1050.0,3.0,2.0,2.0,6,0,0,0,0,0,0,0,Condominium,Freehold,Non Bumi Lot,Unknown,Penang
550000,1200.0,3.0,2.0,2.0,6,0,0,0,0,0,0,0,Condominium,Freehold,Non Bumi Lot,Unknown,Penang
299000,1024.0,3.0,2.0,1.0,0,0,0,0,0,0,0,0,Apartment,Leasehold,Non Bumi Lot,Low,Johor
670000,1270.0,4.0,2.0,2.0,7,0,0,0,0,0,0,0,Condominium,Freehold,Non Bumi Lot,Unknown,Penang
875000,1487.0,4.0,2.0,3.0,8,0,0,0,0,0,0,0,Condominium,Freehold,Non Bumi Lot,Unknown,Penang
295000,960.0,3.0,2.0,1.0,3,0,0,0,0,1,1,1,Apartment,Leasehold,Non Bumi Lot,High,Selangor
380000,667.0,1.0,1.0,2.0,9,1,0,0,0,1,0,0,Service Residence,Freehold,Non Bumi Lot,Medium,Selangor
625000,1700.0,3.0,2.0,3.0,8,1,0,0,0,1,1,0,Service Residence,Leasehold,Non Bumi Lot,Medium,Selangor
510000,1364.0,4.0,2.0,1.0,8,0,0,0,0,0,0,0,Condominium,Leasehold,Non Bumi Lot,Medium,Kuala Lumpur
460000,1142.0,4.0,2.0,1.0,8,0,0,0,0,0,0,0,Condominium,Leasehold,Non Bumi Lot,Unknown,Kuala Lumpur
320000,547.0,1.0,1.0,1.0,10,0,0,0,1,0,0,0,Condominium,Freehold,Non Bumi Lot,High,Selangor
480000,850.0,3.0,2.0,1.0,6,1,1,0,1,1,1,1,Condominium,Leasehold,Non Bumi Lot,Unknown,Kuala Lumpur
470000,1018.0,3.0,2.0,2.0,6,1,0,1,0,1,1,0,Condominium,Leasehold,Non Bumi Lot,High,Kuala Lumpur
490000,1142.0,4.0,2.0,2.0,8,0,0,0,0,0,0,0,Condominium,Leasehold,Non Bumi Lot,Low,Kuala Lumpur
360000,650.0,2.0,2.0,1.0,7,1,1,0,1,0,0,0,Service Residence,Leasehold,Non Bumi Lot,Unknown,Kuala Lumpur
270000,872.0,3.0,2.0,1.0,6,0,0,0,1,1,0,0,Condominium,Leasehold,Bumi Lot,High,Selangor
168000,494.0,2.0,1.0,1.0,0,0,0,0,0,0,0,0,Apartment,Freehold,Non Bumi Lot,Medium,Johor
210000,295.0,1.0,1.0,1.0,10,0,0,0,0,0,0,0,Service Residence,Freehold,Non Bumi Lot,Unknown,Johor
302000,657.0,2.0,2.0,1.0,0,0,0,0,0,0,0,0,Condominium,Leasehold,Non Bumi Lot,Unknown,Johor
210000,463.0,1.0,8.0,1.0,0,0,0,0,0,0,0,0,Condominium,Freehold,Non Bumi Lot,Unknown,Johor
530000,700.0,2.0,2.0,1.0,0,0,0,0,0,0,0,0,Condominium,Freehold,Non Bumi Lot,Unknown,Penang
360000,650.0,2.0,2.0,1.0,7,1,1,0,1,0,0,0,Service Residence,Leasehold,Non Bumi Lot,Unknown,Kuala Lumpur
515000,1690.0,3.0,2.0,1.0,5,0,0,0,0,0,0,0,Apartment,Freehold,Non Bumi Lot,Low,Selangor
420000,1690.0,3.0,2.0,2.0,4,0,0,0,0,0,0,0,Apartment,Freehold,Non Bumi Lot,Low,Selangor
522500,1021.0,3.0,2.0,1.0,12,0,0,0,0,0,0,0,Apartment,Freehold,Non Bumi Lot,Medium,Selangor
500000,1034.0,3.0,2.0,2.0,7,0,0,0,0,0,0,0,Condominium,Freehold,Non Bumi Lot,Unknown,Penang
230000,700.0,3.0,2.0,1.0,3,0,0,0,0,0,0,0,Flat,Freehold,Non Bumi Lot,Unknown,Penang
280000,880.0,3.0,2.0,1.0,3,0,1,0,0,0,0,0,Apartment,Freehold,Non Bumi Lot,Medium,Selangor
399000,926.0,3.0,2.0,1.0,0,0,0,0,0,0,0,0,Apartment,Freehold,Non Bumi Lot,High,Johor
550000,1100.0,3.0,2.0,2.0,8,0,0,0,0,0,0,0,Condominium,Freehold,Non Bumi Lot,Unknown,Penang
530000,1100.0,3.0,2.0,2.0,8,0,0,0,0,0,0,0,Condominium,Freehold,Non Bumi Lot,Unknown,Penang
490000,1273.0,3.0,2.0,1.0,0,0,0,0,0,0,0,0,Condominium,Freehold,Non Bumi Lot,High,Penang
65000,848.0,3.0,2.0,1.0,0,0,0,0,0,0,0,0,Flat,Freehold,Non Bumi Lot,Medium,Penang
330000,700.0,3.0,2.0,1.0,10,0,0,0,0,0,0,0,Apartment,Freehold,Non Bumi Lot,Medium,Penang
390000,838.0,3.0,2.0,2.0,8,0,0,0,0,0,0,0,Condominium,Freehold,Non Bumi Lot,Unknown,Penang
158000,494.0,2.0,1.0,1.0,0,0,0,0,0,0,0,0,Flat,Freehold,Non Bumi Lot,Low,Johor
320000,723.0,1.0,1.0,1.0,9,0,0,0,0,1,1,0,Condominium,Leasehold,Non Bumi Lot,Medium,Selangor
1200000,1475.0,3.0,3.0,2.0,11,0,0,0,0,0,0,0,Condominium,Freehold,Non Bumi Lot,Unknown,Penang
440000,819.0,3.0,2.0,1.0,6,1,1,0,1,0,0,0,Service Residence,Leasehold,Non Bumi Lot,Unknown,Kuala Lumpur
580000,990.0,3.0,2.0,2.0,6,1,0,0,1,1,0,0,Condominium,Leasehold,Non Bumi Lot,High,Kuala Lumpur
510000,1104.0,3.0,2.0,2.0,8,1,0,0,1,1,1,0,Condominium,Leasehold,Non Bumi Lot,High,Kuala Lumpur
2280000,4300.0,5.0,5.0,3.0,9,0,0,0,0,0,0,0,Condominium,Freehold,Non Bumi Lot,Unknown,Penang
290000,614.0,2.0,2.0,1.0,0,0,0,0,0,0,0,0,Apartment,Freehold,Non Bumi Lot,Unknown,Johor
180000,650.0,3.0,2.0,1.0,4,0,0,0,0,0,0,0,Apartment,Leasehold,Non Bumi Lot,Unknown,Penang
158000,494.0,2.0,1.0,1.0,0,0,0,0,0,0,0,0,Flat,Freehold,Bumi Lot,Low,Johor
367000,991.0,4.0,2.0,2.0,10,0,0,0,0,0,0,0,Service Residence,Freehold,Non Bumi Lot,Medium,Selangor
350000,743.0,2.0,2.0,1.0,14,0,0,0,0,0,0,0,Others,Freehold,Non Bumi Lot,High,Kuala Lumpur
428000,845.0,2.0,1.0,1.0,7,1,1,1,1,1,1,0,Service Residence,Freehold,Non Bumi Lot,High,Selangor
498000,1124.0,3.0,3.0,2.0,6,0,1,1,1,1,1,0,Service Residence,Freehold,Non Bumi Lot,Low,Selangor
168000,833.0,3.0,2.0,1.0,7,0,0,0,0,0,0,0,Apartment,Leasehold,Bumi Lot,Low,Selangor
185000,550.0,2.0,1.0,1.0,0,0,0,0,0,0,0,0,Flat,Leasehold,Non Bumi Lot,Low,Penang
320000,939.0,3.0,2.0,1.0,0,0,0,0,0,0,0,0,Apartment,Freehold,Non Bumi Lot,Unknown,Selangor
330000,535.0,1.0,1.0,1.0,7,0,0,0,0,0,0,0,Service Residence,Freehold,Non Bumi Lot,Unknown,Johor
570000,1000.0,3.0,2.0,2.0,4,0,0,0,0,0,0,0,Condominium,Freehold,Non Bumi Lot,Unknown,Penang
350000,900.0,3.0,2.0,1.0,6,0,0,0,0,0,0,0,Condominium,Freehold,Non Bumi Lot,High,Penang
280000,700.0,3.0,2.0,2.0,2,0,0,0,0,0,0,0,Apartment,Freehold,Non Bumi Lot,High,Penang
485000,728.0,2.0,2.0,2.0,5,0,0,0,0,0,0,0,Condominium,Freehold,Non Bumi Lot,Medium,Penang
368000,800.0,3.0,2.0,1.0,2,0,0,0,0,0,0,0,Apartment,Freehold,Non Bumi Lot,Low,Penang
538000,1018.0,3.0,2.0,2.0,6,1,0,1,0,1,1,0,Condominium,Leasehold,Non Bumi Lot,High,Kuala Lumpur
490000,1230.0,3.0,2.0,2.0,6,0,0,0,0,0,0,0,Condominium,Freehold,Non Bumi Lot,Unknown,Penang
155000,657.0,3.0,2.0,1.0,0,0,0,0,0,0,0,0,Apartment,Freehold,Non Bumi Lot,Medium,Selangor
150000,650.0,3.0,2.0,1.0,0,1,0,0,0,0,1,0,Apartment,Freehold,Non Bumi Lot,Low,Selangor
730000,1250.0,3.0,2.0,2.0,6,0,0,0,0,0,0,0,Condominium,Freehold,Non Bumi Lot,Unknown,Penang
530000,1000.0,4.0,3.0,2.0,6,1,1,0,1,1,1,1,Condominium,Leasehold,Non Bumi Lot,Unknown,Kuala Lumpur
428000,819.0,3.0,2.0,1.0,7,1,1,0,1,0,0,0,Service Residence,Leasehold,Non Bumi Lot,Unknown,Kuala Lumpur
480000,956.0,5.0,2.0,1.0,6,1,1,0,1,0,0,0,Service Residence,Freehold,Non Bumi Lot,High,Kuala Lumpur
698000,2510.0,3.0,5.0,2.0,9,0,0,0,0,0,0,0,Townhouse Condo,Freehold,Non Bumi Lot,Unknown,Johor
240000,721.0,3.0,2.0,1.0,1,0,0,0,0,0,0,0,Flat,Leasehold,Bumi Lot,Medium,Kuala Lumpur
180000,850.0,3.0,2.0,1.0,0,0,0,0,0,0,0,0,Apartment,Freehold,Non Bumi Lot,Medium,Johor
120000,506.0,2.0,1.0,1.0,0,0,0,0,0,0,0,0,Apartment,Freehold,Non Bumi Lot,High,Johor
155000,750.0,3.0,2.0,1.0,3,0,0,0,0,0,0,0,Apartment,Freehold,Non Bumi Lot,Medium,Selangor
190000,800.0,3.0,2.0,1.0,4,1,0,0,0,0,0,0,Apartment,Freehold,Non Bumi Lot,Medium,Selangor
325000,1100.0,3.0,2.0,1.0,8,1,1,1,1,0,0,0,Condominium,Leasehold,Non Bumi Lot,Low,Kuala Lumpur
350000,1280.0,3.0,2.0,1.0,6,0,0,0,0,0,0,0,Apartment,Freehold,Non Bumi Lot,Medium,Selangor
690000,1654.0,3.0,2.0,2.0,6,0,0,0,0,0,0,0,Condominium,Freehold,Non Bumi Lot,Medium,Putrajaya
325000,700.0,3.0,2.0,1.0,9,0,0,0,0,0,0,0,Apartment,Freehold,Non Bumi Lot,High,Penang
265000,700.0,3.0,2.0,1.0,4,0,0,0,0,0,0,0,Condominium,Freehold,Non Bumi Lot,Unknown,Penang
260000,650.0,3.0,2.0,1.0,4,0,0,0,0,0,0,0,Apartment,Freehold,Non Bumi Lot,High,Penang
500000,980.0,3.0,2.0,1.0,3,0,0,0,0,0,0,0,Apartment,Freehold,Non Bumi Lot,Low,Penang
980000,1419.0,3.0,2.0,2.0,8,0,0,0,0,0,0,0,Condominium,Freehold,Non Bumi Lot,High,Penang
600000,1130.0,3.0,2.0,2.0,14,0,0,0,0,0,0,0,Condominium,Freehold,Non Bumi Lot,Medium,Penang
250000,850.0,3.0,2.0,1.0,10,1,0,0,0,0,1,0,Condominium,Freehold,Non Bumi Lot,Medium,Kuala Lumpur
240000,840.0,3.0,2.0,2.0,9,0,1,0,0,0,0,0,Apartment,Freehold,Non Bumi Lot,Medium,Selangor
430000,1020.0,3.0,2.0,2.0,9,1,0,0,0,1,1,0,Condominium,Leasehold,Non Bumi Lot,Unknown,Selangor
245000,700.0,3.0,2.0,1.0,11,0,0,0,0,0,0,0,Condominium,Freehold,Non Bumi Lot,High,Penang
650000,850.0,2.0,2.0,1.0,8,1,0,1,0,1,1,0,Service Residence,Freehold,Non Bumi Lot,Unknown,Kuala Lumpur
390000,960.0,3.0,2.0,1.0,6,1,0,0,1,1,0,0,Condominium,Leasehold,Non Bumi Lot,High,Kuala Lumpur
420000,819.0,3.0,2.0,1.0,6,1,1,0,1,0,0,0,Service Residence,Leasehold,Non Bumi Lot,Unknown,Kuala Lumpur
270000,834.0,3.0,2.0,1.0,0,0,0,0,0,0,0,0,Service Residence,Leasehold,Non Bumi Lot,High,Selangor
232000,1389.0,3.0,3.0,1.0,5,1,0,0,0,1,1,0,Service Residence,Freehold,Non Bumi Lot,High,Selangor
700000,1036.0,3.0,2.0,2.0,9,0,0,0,0,0,0,0,Condominium,Freehold,Non Bumi Lot,Unknown,Penang
870000,1239.0,3.0,2.0,2.0,9,0,0,0,0,0,0,0,Condominium,Freehold,Non Bumi Lot,Unknown,Penang
798000,1100.0,3.0,2.0,1.0,3,0,0,0,0,0,0,0,Condominium,Leasehold,Non Bumi Lot,Unknown,Penang
260000,779.0,3.0,2.0,1.0,0,0,0,0,0,0,0,0,Apartment,Leasehold,Bumi Lot,Unknown,Selangor
770000,1345.0,4.0,2.0,2.0,9,0,0,0,0,0,0,0,Condominium,Freehold,Non Bumi Lot,Unknown,Penang
285000,850.0,3.0,2.0,1.0,4,0,0,1,0,1,0,0,Apartment,Freehold,Bumi Lot,Unknown,Selangor
260000,828.0,3.0,2.0,1.0,0,0,0,0,0,0,0,0,Apartment,Leasehold,Bumi Lot,Unknown,Selangor
148000,576.0,1.0,2.0,1.0,7,0,1,0,0,1,0,0,Service Residence,Freehold,Bumi Lot,Medium,Selangor
250000,950.0,3.0,2.0,1.0,6,0,0,0,0,0,0,0,Apartment,Leasehold,Bumi Lot,Low,Johor
338000,762.0,2.0,2.0,1.0,3,0,0,0,0,0,0,0,Apartment,Leasehold,Non Bumi Lot,Low,Sabah
105000,613.0,3.0,2.0,1.0,0,0,0,0,0,0,0,0,Flat,Leasehold,Bumi Lot,High,Johor
450000,1003.0,3.0,3.0,2.0,11,1,0,0,1,0,1,1,Condominium,Leasehold,Bumi Lot,Medium,Kuala Lumpur
385000,1200.0,3.0,2.0,1.0,4,0,0,0,0,0,0,0,Service Residence,Leasehold,Non Bumi Lot,Medium,Johor
543000,880.0,1.0,1.0,2.0,14,1,1,1,0,1,1,0,Studio,Freehold,Non Bumi Lot,Medium,Selangor
700000,1450.0,3.0,2.0,1.0,8,0,0,0,0,0,0,0,Condominium,Freehold,Non Bumi Lot,Unknown,Penang
320000,751.0,2.0,2.0,1.0,9,0,0,1,0,0,0,0,Condominium,Leasehold,Non Bumi Lot,Unknown,Selangor
350000,1043.0,3.0,2.0,1.0,5,0,0,0,0,0,0,0,Condominium,Leasehold,Bumi Lot,Unknown,Selangor
890000,2101.0,3.0,3.0,3.0,11,0,0,0,0,0,0,0,Condominium,Freehold,Non Bumi Lot,High,Penang
288000,810.0,3.0,2.0,1.0,3,0,0,0,0,0,0,0,Apartment,Freehold,Non Bumi Lot,Medium,Penang
380000,850.0,3.0,2.0,1.0,4,0,0,0,0,0,0,0,Condominium,Freehold,Non Bumi Lot,Low,Penang
250000,700.0,3.0,2.0,1.0,3,0,0,0,0,0,0,0,Apartment,Leasehold,Non Bumi Lot,Medium,Penang
250000,872.0,3.0,2.0,1.0,7,0,0,0,0,0,0,0,Apartment,Leasehold,Non Bumi Lot,Low,Johor
270000,1077.0,3.0,2.0,1.0,4,0,0,0,0,0,0,0,Apartment,Freehold,Non Bumi Lot,High,Selangor
363000,1126.0,3.0,2.0,1.0,14,0,0,0,0,0,0,0,Condominium,Freehold,Bumi Lot,Medium,Putrajaya
165000,803.0,3.0,2.0,1.0,3,0,0,0,0,0,0,0,Apartment,Freehold,Non Bumi Lot,Unknown,Selangor
598000,1496.0,3.0,2.0,2.0,11,0,0,0,0,0,0,0,Condominium,Freehold,Non Bumi Lot,High,Johor
299000,865.0,2.0,2.0,1.0,10,0,0,0,0,0,0,0,Condominium,Freehold,Non Bumi Lot,Medium,Johor
700000,1314.0,3.0,2.0,3.0,7,0,0,0,0,0,0,0,Condominium,Freehold,Non Bumi Lot,Unknown,Penang
565000,1095.0,3.0,2.0,1.0,7,0,0,0,0,0,0,0,Condominium,Freehold,Non Bumi Lot,Unknown,Penang
380000,950.0,3.0,2.0,1.0,9,0,0,0,0,0,0,0,Condominium,Freehold,Non Bumi Lot,Medium,Penang
185000,614.0,3.0,2.0,1.0,3,0,0,0,0,0,0,0,Apartment,Leasehold,Non Bumi Lot,Low,Penang
1600000,1982.0,4.0,4.0,3.0,9,0,0,0,0,0,0,0,Condominium,Freehold,Non Bumi Lot,High,Penang
615000,1598.0,3.0,3.0,2.0,5,0,0,0,0,0,0,0,Condominium,Freehold,Non Bumi Lot,Medium,Penang
520000,900.0,3.0,2.0,2.0,5,0,0,0,0,0,0,0,Condominium,Freehold,Non Bumi Lot,High,Penang
330000,700.0,3.0,2.0,1.0,4,0,0,0,0,0,0,0,Condominium,Freehold,Non Bumi Lot,Medium,Penang
380000,700.0,3.0,2.0,1.0,8,0,0,0,0,0,0,0,Apartment,Freehold,Non Bumi Lot,Medium,Penang
340000,850.0,3.0,2.0,1.0,11,0,0,0,0,0,0,0,Condominium,Freehold,Non Bumi Lot,Medium,Penang
158000,700.0,3.0,2.0,1.0,4,0,0,0,0,0,0,0,Apartment,Freehold,Non Bumi Lot,Medium,Selangor
850000,1518.0,3.0,3.0,1.0,12,1,1,0,1,1,0,0,Service Residence,Leasehold,Bumi Lot,Medium,Kuala Lumpur
480000,1272.0,4.0,2.0,2.0,10,1,1,1,0,1,1,0,Condominium,Leasehold,Non Bumi Lot,Unknown,Kuala Lumpur
600000,1275.0,3.0,2.0,2.0,0,0,0,0,0,0,0,0,Condominium,Freehold,Non Bumi Lot,Unknown,Penang
488000,1742.0,3.0,2.0,2.0,11,0,0,0,0,0,0,0,Condominium,Freehold,Non Bumi Lot,Medium,Selangor
600000,1270.0,3.0,2.0,2.0,0,0,0,0,0,0,0,0,Condominium,Freehold,Non Bumi Lot,Unknown,Penang
320000,547.0,1.0,1.0,1.0,10,0,0,0,1,0,0,0,Condominium,Freehold,Non Bumi Lot,High,Selangor
490000,1018.0,3.0,2.0,2.0,6,1,0,1,0,1,1,0,Condominium,Leasehold,Non Bumi Lot,Medium,Kuala Lumpur
475000,1018.0,3.0,2.0,2.0,6,1,0,1,0,1,1,0,Condominium,Leasehold,Non Bumi Lot,Unknown,Kuala Lumpur
290000,800.0,3.0,2.0,1.0,0,0,0,0,0,0,0,0,Apartment,Leasehold,Bumi Lot,Low,Selangor
300000,1141.0,3.0,2.0,1.0,12,0,1,0,1,0,0,0,Condominium,Leasehold,Bumi Lot,Low,Kuala Lumpur
265000,845.0,3.0,2.0,1.0,5,0,0,0,0,0,0,0,Apartment,Leasehold,Non Bumi Lot,Low,Sabah
539999,1238.0,3.0,2.0,1.0,3,0,0,0,0,0,0,0,Condominium,Leasehold,Non Bumi Lot,Medium,Sabah
1500000,1000.0,3.0,2.0,2.0,9,0,0,0,0,0,0,0,Condominium,Freehold,Non Bumi Lot,Medium,Penang
750000,900.0,3.0,2.0,2.0,10,0,0,0,0,0,0,0,Condominium,Freehold,Non Bumi Lot,Low,Penang
650000,900.0,2.0,2.0,2.0,11,0,0,0,0,0,0,0,Condominium,Freehold,Non Bumi Lot,Low,Penang
480000,1417.0,2.0,2.0,1.0,7,0,0,0,0,0,0,0,Service Residence,Freehold,Non Bumi Lot,Medium,Selangor
208000,650.0,3.0,2.0,1.0,2,1,1,1,1,0,1,0,Apartment,Leasehold,Non Bumi Lot,Unknown,Kuala Lumpur
248000,850.0,3.0,2.0,1.0,2,0,0,0,0,0,0,0,Apartment,Freehold,Non Bumi Lot,Unknown,Selangor
620000,1016.0,2.0,2.0,2.0,7,0,0,0,0,0,0,0,Condominium,Freehold,Non Bumi Lot,Unknown,Penang
700000,1155.0,3.0,2.0,2.0,0,0,0,0,0,0,0,0,Condominium,Leasehold,Non Bumi Lot,Unknown,Penang
530000,1120.0,3.0,2.0,2.0,8,0,0,0,0,0,0,0,Condominium,Freehold,Non Bumi Lot,Medium,Penang
1190000,3070.0,4.0,3.0,4.0,0,0,0,0,0,0,0,0,Condominium,Freehold,Non Bumi Lot,High,Penang
430000,1334.0,3.0,2.0,2.0,7,0,0,0,0,0,0,0,Condominium,Freehold,Non Bumi Lot,Unknown,Penang
179500,710.0,3.0,2.0,1.0,0,0,0,0,0,0,0,0,Apartment,Freehold,Non Bumi Lot,High,Selangor
240000,850.0,3.0,2.0,1.0,6,0,0,0,0,0,1,0,Apartment,Leasehold,Bumi Lot,Low,Selangor
630000,1276.0,3.0,2.0,2.0,5,1,0,0,1,0,1,1,Condominium,Leasehold,Non Bumi Lot,Medium,Kuala Lumpur
490000,1000.0,3.0,2.0,1.0,5,0,0,0,0,0,0,0,Condominium,Leasehold,Non Bumi Lot,Medium,Sabah
150000,650.0,3.0,1.0,1.0,4,1,0,0,0,0,1,0,Apartment,Freehold,Bumi Lot,High,Selangor
360000,1170.0,3.0,2.0,1.0,9,1,1,0,0,1,1,0,Condominium,Freehold,Non Bumi Lot,Medium,Selangor
320000,838.0,4.0,2.0,2.0,2,1,0,0,0,1,0,0,Apartment,Leasehold,Bumi Lot,Medium,Selangor
1100000,1249.0,3.0,2.0,2.0,7,0,0,0,0,0,0,0,Condominium,Freehold,Non Bumi Lot,Unknown,Penang
820000,1055.0,2.0,2.0,2.0,7,0,0,0,0,0,0,0,Condominium,Freehold,Non Bumi Lot,Unknown,Penang
235000,883.0,3.0,2.0,1.0,7,0,0,0,0,0,1,0,Service Residence,Leasehold,Non Bumi Lot,Unknown,Selangor
320000,973.0,3.0,2.0,1.0,5,0,0,0,0,0,0,0,Condominium,Leasehold,Non Bumi Lot,Medium,Johor
420000,1018.0,3.0,2.0,1.0,9,0,0,0,0,0,0,0,Condominium,Freehold,Non Bumi Lot,Medium,Penang
690000,1353.0,3.0,2.0,2.0,5,0,0,0,0,0,0,0,Service Residence,Freehold,Non Bumi Lot,Low,Penang
340000,850.0,3.0,2.0,1.0,0,0,0,0,0,0,0,0,Condominium,Freehold,Non Bumi Lot,Low,Penang
690000,1155.0,3.0,2.0,2.0,5,0,0,0,0,0,0,0,Condominium,Freehold,Non Bumi Lot,Medium,Penang
1050000,1818.0,4.0,3.0,2.0,8,0,0,0,0,0,0,0,Condominium,Freehold,Non Bumi Lot,High,Penang
285000,531.0,1.0,1.0,1.0,12,0,0,1,0,0,1,0,Service Residence,Leasehold,Non Bumi Lot,Medium,Selangor
3200000,3900.0,5.0,4.0,3.0,9,1,1,0,1,1,1,0,Condominium,Freehold,Non Bumi Lot,High,Kuala Lumpur
670000,1465.0,4.0,2.0,2.0,6,1,0,1,1,1,0,0,Condominium,Freehold,Non Bumi Lot,High,Kuala Lumpur
520000,1106.0,3.0,3.0,2.0,7,1,0,0,1,1,1,0,Condominium,Leasehold,Non Bumi Lot,Medium,Kuala Lumpur
415000,825.0,2.0,2.0,2.0,6,1,1,0,1,0,1,0,Service Residence,Leasehold,Non Bumi Lot,Unknown,Kuala Lumpur
468000,997.0,2.0,2.0,1.0,7,1,1,0,1,1,0,0,Service Residence,Leasehold,Non Bumi Lot,Unknown,Kuala Lumpur
190000,550.0,2.0,1.0,1.0,8,0,0,0,0,0,0,0,Apartment,Leasehold,Non Bumi Lot,Medium,Sabah
100000,689.0,3.0,2.0,1.0,0,0,0,0,0,0,0,0,Flat,Freehold,Non Bumi Lot,Medium,Penang
283500,900.0,3.0,2.0,1.0,6,0,0,0,0,0,0,0,Apartment,Freehold,Non Bumi Lot,Medium,Penang
390000,1035.0,3.0,2.0,1.0,11,0,0,0,0,0,0,0,Condominium,Freehold,Non Bumi Lot,Medium,Selangor
285000,950.0,3.0,2.0,2.0,9,0,0,0,0,0,0,0,Apartment,Freehold,Non Bumi Lot,Low,Selangor
265000,705.0,3.0,2.0,1.0,5,0,0,0,0,0,0,0,Apartment,Leasehold,Non Bumi Lot,Medium,Sabah
300000,732.0,3.0,2.0,1.0,4,0,0,0,0,0,0,0,Apartment,Leasehold,Non Bumi Lot,Medium,Sabah
330000,800.0,3.0,2.0,1.0,9,0,0,0,0,0,0,0,Apartment,Freehold,Non Bumi Lot,Unknown,Penang
140000,650.0,3.0,1.0,1.0,5,0,0,0,0,0,0,0,Condominium,Leasehold,Bumi Lot,Unknown,Selangor
750000,1500.0,4.0,3.0,2.0,11,0,0,0,0,0,0,0,Condominium,Freehold,Non Bumi Lot,Unknown,Penang
788000,1600.0,4.0,4.0,2.0,11,0,0,0,0,0,0,0,Condominium,Freehold,Non Bumi Lot,Low,Penang
420000,800.0,3.0,2.0,1.0,9,0,0,0,0,0,0,0,Condominium,Freehold,Non Bumi Lot,Medium,Penang
480000,800.0,3.0,2.0,2.0,8,0,0,0,0,0,0,0,Condominium,Freehold,Non Bumi Lot,Low,Penang
473000,1302.0,3.0,2.0,2.0,14,0,0,0,0,0,0,0,Condominium,Freehold,Non Bumi Lot,Medium,Selangor
760000,1483.0,3.0,3.0,2.0,9,0,0,0,0,0,0,0,Condominium,Freehold,Non Bumi Lot,Medium,Penang
400000,838.0,3.0,2.0,2.0,9,0,0,0,0,0,0,0,Condominium,Freehold,Non Bumi Lot,High,Penang
390000,890.0,3.0,2.0,1.0,4,0,0,0,0,0,0,0,Apartment,Leasehold,Non Bumi Lot,Medium,Penang
600000,800.0,3.0,2.0,1.0,13,0,0,0,0,0,0,0,Condominium,Freehold,Non Bumi Lot,Unknown,Penang
400000,1285.0,4.0,2.0,2.0,12,0,0,0,0,0,0,0,Condominium,Freehold,Non Bumi Lot,Medium,Penang
380000,850.0,3.0,2.0,1.0,0,0,0,0,0,0,0,0,Condominium,Freehold,Non Bumi Lot,Low,Penang
820000,1130.0,3.0,2.0,2.0,9,0,0,0,0,0,0,0,Condominium,Freehold,Non Bumi Lot,Low,Penang
655000,1343.0,4.0,2.0,2.0,7,0,0,0,0,0,0,0,Condominium,Freehold,Non Bumi Lot,High,Penang
135000,650.0,3.0,2.0,1.0,0,0,0,0,0,0,0,0,Flat,Freehold,Non Bumi Lot,Low,Selangor
145000,650.0,3.0,2.0,1.0,0,0,0,0,0,0,0,0,Flat,Freehold,Non Bumi Lot,Low,Selangor
155000,657.0,3.0,2.0,1.0,0,0,0,0,0,0,0,0,Apartment,Freehold,Non Bumi Lot,Low,Selangor
222000,600.0,2.0,1.0,1.0,7,0,0,0,0,0,0,0,Condominium,Leasehold,Non Bumi Lot,Medium,Sabah
155000,650.0,3.0,2.0,1.0,3,1,0,0,1,1,0,0,Apartment,Leasehold,Non Bumi Lot,High,Selangor
248000,895.0,3.0,2.0,1.0,7,0,0,1,0,0,1,0,Apartment,Leasehold,Non Bumi Lot,Low,Selangor
375000,1453.0,4.0,2.0,1.0,4,0,0,0,0,0,0,0,Service Residence,Freehold,Non Bumi Lot,High,Johor
600000,1038.0,3.0,3.0,2.0,14,0,0,0,0,0,0,0,Service Residence,Leasehold,Non Bumi Lot,Medium,Sabah
198000,850.0,3.0,2.0,1.0,0,0,0,0,0,0,0,0,Flat,Freehold,Non Bumi Lot,High,Johor
248000,750.0,3.0,2.0,1.0,0,0,0,0,0,0,0,0,Apartment,Freehold,Non Bumi Lot,Medium,Penang
388000,700.0,3.0,2.0,1.0,8,0,0,0,0,0,0,0,Condominium,Leasehold,Non Bumi Lot,High,Penang
399000,1050.0,3.0,2.0,2.0,0,0,0,0,0,0,0,0,Condominium,Freehold,Non Bumi Lot,Low,Penang
680000,1250.0,3.0,2.0,2.0,14,0,0,0,0,0,0,0,Condominium,Freehold,Non Bumi Lot,Unknown,Penang
340000,1442.0,3.0,2.0,1.0,6,0,0,0,0,0,0,0,Condominium,Freehold,Non Bumi Lot,Medium,Penang
730000,1300.0,4.0,2.0,2.0,14,0,0,0,0,0,0,0,Condominium,Freehold,Non Bumi Lot,Unknown,Penang
140000,700.0,3.0,1.0,1.0,4,0,0,0,0,0,0,0,Apartment,Leasehold,Malay Reserved,Low,Sabah
620000,1442.0,3.0,2.0,2.0,12,0,0,0,0,0,0,0,Condominium,Freehold,Non Bumi Lot,Medium,Selangor
370000,850.0,3.0,2.0,1.0,9,0,0,0,0,0,0,0,Condominium,Freehold,Non Bumi Lot,High,Penang
155000,650.0,3.0,2.0,1.0,3,1,0,0,1,1,0,0,Apartment,Leasehold,Non Bumi Lot,High,Selangor
85000,700.0,3.0,2.0,1.0,2,0,1,0,0,0,0,0,Apartment,Freehold,Non Bumi Lot,High,Selangor
260000,733.0,2.0,2.0,1.0,6,0,0,0,0,0,0,0,Condominium,Leasehold,Bumi Lot,Unknown,Selangor
598000,1233.0,3.0,2.0,2.0,0,0,0,0,0,0,0,0,Condominium,Freehold,Non Bumi Lot,Unknown,Penang
350000,700.0,3.0,2.0,1.0,5,0,0,0,0,0,0,0,Apartment,Freehold,Non Bumi Lot,High,Penang
980000,1419.0,4.0,2.0,2.0,8,0,0,0,0,0,0,0,Condominium,Freehold,Non Bumi Lot,High,Penang
397000,850.0,3.0,2.0,2.0,13,0,0,0,0,0,0,0,Condominium,Leasehold,Non Bumi Lot,Medium,Penang
360000,700.0,3.0,2.0,2.0,7,0,0,0,0,0,0,0,Condominium,Freehold,Non Bumi Lot,Low,Penang
685000,1598.0,3.0,3.0,2.0,5,0,0,0,0,0,0,0,Condominium,Freehold,Non Bumi Lot,Medium,Penang
300000,750.0,3.0,2.0,1.0,6,1,1,0,1,1,0,1,Condominium,Leasehold,Bumi Lot,Low,Kuala Lumpur
420000,1055.0,3.0,2.0,1.0,10,0,0,0,0,0,0,0,Condominium,Freehold,Non Bumi Lot,Unknown,Penang
230000,856.0,3.0,2.0,1.0,6,0,0,0,0,0,0,0,Condominium,Freehold,Non Bumi Lot,Low,Selangor
150000,707.0,3.0,1.0,1.0,2,0,0,0,0,0,0,1,Flat,Freehold,Bumi Lot,Medium,Selangor
255000,965.0,3.0,2.0,1.0,0,1,1,1,0,0,1,0,Condominium,Leasehold,Non Bumi Lot,Medium,Selangor
428000,1200.0,3.0,2.0,1.0,0,0,0,0,0,0,0,0,Condominium,Freehold,Non Bumi Lot,Unknown,Penang
600000,1275.0,3.0,2.0,2.0,0,0,0,0,0,0,0,0,Condominium,Freehold,Non Bumi Lot,Unknown,Penang
284000,1324.0,3.0,2.0,1.0,6,0,0,0,0,0,0,0,Apartment,Freehold,Non Bumi Lot,Low,Johor
520000,1076.0,3.0,2.0,1.0,7,0,0,0,0,0,0,0,Condominium,Freehold,Non Bumi Lot,Low,Penang
998000,1350.0,3.0,2.0,2.0,7,0,0,0,0,0,0,0,Service Residence,Freehold,Non Bumi Lot,Medium,Penang
430000,1000.0,3.0,2.0,2.0,3,0,0,0,0,0,0,0,Service Residence,Freehold,Non Bumi Lot,Medium,Penang
530000,936.0,3.0,2.0,2.0,14,0,0,0,0,0,0,0,Condominium,Freehold,Non Bumi Lot,Medium,Penang
340000,850.0,3.0,2.0,1.0,3,0,0,0,0,0,0,0,Apartment,Freehold,Non Bumi Lot,High,Penang
620000,1100.0,3.0,2.0,4.0,9,0,0,0,0,0,0,0,Condominium,Freehold,Non Bumi Lot,High,Penang
320000,841.0,3.0,2.0,1.0,5,1,1,1,1,0,1,0,Apartment,Freehold,Non Bumi Lot,High,Kuala Lumpur
390000,1072.0,3.0,2.0,1.0,13,1,0,0,0,1,1,1,Condominium,Freehold,Non Bumi Lot,Low,Selangor
245000,680.0,3.0,2.0,1.0,2,0,0,0,0,0,0,0,Condominium,Leasehold,Non Bumi Lot,Unknown,Penang
210000,720.0,3.0,1.0,1.0,0,0,0,0,0,0,0,0,Apartment,Leasehold,Bumi Lot,High,Kuala Lumpur
309000,960.0,3.0,2.0,1.0,5,1,0,1,0,0,1,0,Apartment,Freehold,Non Bumi Lot,High,Selangor
130000,614.0,3.0,1.0,1.0,0,0,0,0,0,0,0,0,Flat,Freehold,Non Bumi Lot,High,Penang
250000,736.0,3.0,2.0,1.0,6,0,0,0,0,1,0,1,Apartment,Freehold,Non Bumi Lot,Medium,Selangor
368000,700.0,3.0,2.0,1.0,7,0,0,0,0,0,0,0,Apartment,Freehold,Non Bumi Lot,Low,Penang
630000,1113.0,3.0,2.0,2.0,7,0,0,0,0,0,0,0,Condominium,Leasehold,Non Bumi Lot,High,Penang
610000,1084.0,3.0,2.0,1.0,13,0,0,0,0,0,0,0,Condominium,Leasehold,Non Bumi Lot,Low,Penang
2300000,1406.0,3.0,3.0,2.0,9,1,1,0,1,0,0,1,Service Residence,Leasehold,Non Bumi Lot,Unknown,Selangor
430000,700.0,3.0,2.0,1.0,0,0,0,0,0,0,0,0,Apartment,Freehold,Non Bumi Lot,Unknown,Penang
395000,1238.0,3.0,3.0,1.0,8,1,0,0,0,0,1,0,Condominium,Freehold,Non Bumi Lot,Unknown,Selangor
460000,958.0,2.0,2.0,1.0,9,0,0,0,0,0,0,0,Service Residence,Freehold,Non Bumi Lot,Medium,Johor
530000,1600.0,4.0,2.0,2.0,1,0,0,0,0,0,0,0,Condominium,Freehold,Non Bumi Lot,Unknown,Penang
230000,820.0,3.0,2.0,1.0,5,1,0,1,0,0,1,0,Apartment,Freehold,Non Bumi Lot,Unknown,Selangor
638000,1250.0,3.0,2.0,1.0,6,0,0,0,0,0,0,0,Condominium,Freehold,Non Bumi Lot,Unknown,Penang
170000,592.0,2.0,1.0,2.0,5,0,0,0,0,0,0,0,Flat,Leasehold,Non Bumi Lot,High,Selangor
354000,874.0,3.0,2.0,1.0,6,1,0,0,0,1,1,0,Condominium,Leasehold,Bumi Lot,High,Kuala Lumpur
255000,850.0,3.0,2.0,1.0,3,1,0,0,0,1,0,0,Apartment,Leasehold,Bumi Lot,Low,Selangor
210000,835.0,3.0,2.0,1.0,0,0,0,1,1,1,0,0,Apartment,Leasehold,Bumi Lot,Low,Selangor
130000,700.0,3.0,1.0,1.0,1,0,0,0,0,0,0,0,Flat,Freehold,Non Bumi Lot,Medium,Penang
530000,774.0,3.0,2.0,1.0,9,0,0,0,1,0,1,0,Service Residence,Leasehold,Non Bumi Lot,Medium,Kuala Lumpur
145000,650.0,3.0,2.0,1.0,0,0,0,0,0,0,0,0,Flat,Freehold,Bumi Lot,High,Johor
343000,807.0,3.0,2.0,1.0,5,0,0,0,0,0,0,0,Apartment,Freehold,Bumi Lot,High,Johor
229000,987.0,3.0,2.0,1.0,4,0,0,0,0,0,0,0,Apartment,Freehold,Non Bumi Lot,Unknown,Selangor
210000,753.0,3.0,2.0,1.0,2,0,0,0,0,0,0,0,Flat,Freehold,Non Bumi Lot,High,Johor
338800,850.0,3.0,2.0,1.0,4,1,1,0,1,0,1,1,Apartment,Freehold,Non Bumi Lot,Medium,Selangor
360000,850.0,3.0,2.0,1.0,4,1,1,0,1,0,1,1,Apartment,Freehold,Non Bumi Lot,Low,Selangor
429999,1075.0,3.0,2.0,1.0,6,0,0,0,0,0,0,0,Condominium,Leasehold,Bumi Lot,Medium,Sabah
489999,1000.0,3.0,2.0,1.0,8,0,0,0,0,0,0,0,Condominium,Leasehold,Non Bumi Lot,Medium,Sabah
158000,550.0,2.0,1.0,1.0,0,0,0,0,0,0,0,0,Apartment,Freehold,Non Bumi Lot,Medium,Penang
480000,1060.0,1.0,2.0,1.0,5,0,0,0,0,0,0,0,Condominium,Freehold,Non Bumi Lot,Low,Penang
2300000,4800.0,4.0,4.0,2.0,9,0,0,0,0,0,0,0,Condominium,Freehold,Non Bumi Lot,Medium,Penang
315000,857.0,3.0,2.0,1.0,12,1,0,0,1,0,0,0,Service Residence,Freehold,Non Bumi Lot,High,Selangor
388000,560.0,1.0,1.0,1.0,11,1,1,1,1,1,1,0,Service Residence,Freehold,Non Bumi Lot,High,Kuala Lumpur
950000,1310.0,3.0,2.0,2.0,8,0,0,0,0,0,0,0,Condominium,Freehold,Non Bumi Lot,Medium,Penang
340000,750.0,3.0,2.0,1.0,6,0,0,0,0,0,0,0,Apartment,Freehold,Non Bumi Lot,Low,Penang
310000,750.0,3.0,2.0,1.0,4,0,0,0,0,0,0,0,Apartment,Freehold,Non Bumi Lot,Medium,Penang
860000,1475.0,3.0,2.0,2.0,2,0,0,0,0,0,0,0,Condominium,Freehold,Non Bumi Lot,Unknown,Penang
150000,700.0,3.0,1.0,1.0,2,0,1,0,0,0,0,0,Apartment,Freehold,Non Bumi Lot,Low,Selangor
438000,776.0,2.0,2.0,2.0,5,0,0,0,0,0,0,0,Condominium,Freehold,Non Bumi Lot,Unknown,Penang
365000,750.0,3.0,2.0,2.0,9,0,0,0,0,0,0,0,Condominium,Freehold,Non Bumi Lot,Medium,Penang
430000,592.0,1.0,1.0,1.0,5,0,0,0,0,0,0,0,Condominium,Freehold,Non Bumi Lot,Medium,Pahang
460000,1130.0,3.0,2.0,2.0,0,0,0,0,0,0,0,0,Condominium,Freehold,Non Bumi Lot,Unknown,Penang
660000,852.0,2.0,2.0,2.0,8,1,1,0,1,1,1,0,Service Residence,Freehold,Non Bumi Lot,Low,Kuala Lumpur
394000,1065.0,3.0,2.0,2.0,9,0,0,0,0,0,1,0,Service Residence,Freehold,Non Bumi Lot,Medium,Selangor
155000,600.0,3.0,1.0,1.0,3,0,0,0,0,0,0,0,Flat,Leasehold,Non Bumi Lot,Medium,Selangor
128000,650.0,3.0,2.0,1.0,2,1,1,0,1,0,1,0,Apartment,Leasehold,Non Bumi Lot,High,Selangor
215000,720.0,3.0,2.0,1.0,9,1,0,0,0,1,1,0,Condominium,Leasehold,Non Bumi Lot,Medium,Selangor
145000,540.0,3.0,1.0,1.0,3,0,0,0,0,0,0,0,Apartment,Leasehold,Non Bumi Lot,Medium,Selangor
380000,1331.0,4.0,2.0,1.0,6,0,0,0,0,0,0,0,Condominium,Freehold,Non Bumi Lot,Unknown,Kuala Lumpur
260000,800.0,3.0,2.0,1.0,3,0,0,0,0,0,0,0,Apartment,Leasehold,Bumi Lot,Unknown,Kuala Lumpur
355000,700.0,3.0,2.0,2.0,0,0,0,0,0,0,0,0,Apartment,Freehold,Non Bumi Lot,Unknown,Penang
630000,1100.0,3.0,2.0,4.0,9,0,0,0,0,0,0,0,Condominium,Freehold,Non Bumi Lot,High,Penang
330000,750.0,3.0,2.0,1.0,9,0,0,0,0,0,0,0,Apartment,Freehold,Non Bumi Lot,High,Penang
1500000,2600.0,6.0,5.0,2.0,10,0,0,0,0,0,0,0,Condominium,Freehold,Non Bumi Lot,Unknown,Penang
528000,1300.0,3.0,2.0,2.0,13,0,0,0,0,0,0,0,Condominium,Freehold,Non Bumi Lot,Unknown,Penang
350000,700.0,3.0,2.0,1.0,2,0,0,0,0,0,0,0,Apartment,Freehold,Non Bumi Lot,Medium,Penang
430000,850.0,3.0,2.0,1.0,2,0,0,0,0,0,0,0,Apartment,Freehold,Non Bumi Lot,Medium,Penang
345000,680.0,3.0,2.0,1.0,5,0,0,0,0,0,0,0,Apartment,Freehold,Non Bumi Lot,High,Penang
320000,700.0,3.0,2.0,1.0,3,0,0,0,0,0,0,0,Condominium,Freehold,Non Bumi Lot,Medium,Penang
450000,776.0,2.0,2.0,2.0,5,0,0,0,0,0,0,0,Condominium,Freehold,Non Bumi Lot,High,Penang
780000,1500.0,4.0,3.0,1.0,9,0,0,0,0,0,0,0,Condominium,Freehold,Non Bumi Lot,Low,Penang
550000,1200.0,3.0,2.0,2.0,6,0,0,0,0,0,0,0,Condominium,Freehold,Non Bumi Lot,Unknown,Penang
280000,1055.0,3.0,2.0,2.0,5,0,0,0,0,0,0,0,Apartment,Freehold,Non Bumi Lot,High,Selangor
360000,1000.0,4.0,2.0,1.0,5,0,0,0,0,0,0,0,Apartment,Freehold,Non Bumi Lot,High,Penang
750000,4177.0,6.0,7.0,3.0,0,0,1,1,0,0,0,0,Condominium,Freehold,Non Bumi Lot,Unknown,Selangor
344000,893.0,3.0,2.0,1.0,7,0,0,0,0,0,0,0,Condominium,Leasehold,Non Bumi Lot,Medium,Penang
270000,700.0,3.0,2.0,1.0,3,0,0,0,0,0,0,0,Apartment,Leasehold,Non Bumi Lot,Medium,Penang
420000,915.0,3.0,2.0,1.0,3,1,1,0,1,1,1,0,Condominium,Freehold,Non Bumi Lot,Low,Selangor
380000,700.0,3.0,2.0,1.0,9,0,0,0,0,0,0,0,Apartment,Freehold,Non Bumi Lot,Medium,Penang
230000,818.0,3.0,2.0,1.0,6,0,0,0,0,0,0,0,Apartment,Freehold,Bumi Lot,High,Selangor
255000,936.0,3.0,2.0,1.0,9,0,0,0,0,0,0,0,Condominium,Freehold,Bumi Lot,Low,Melaka
200000,840.0,3.0,2.0,1.0,2,0,0,0,0,0,0,0,Apartment,Freehold,Bumi Lot,High,Selangor
858520,1651.0,3.0,2.0,1.0,6,0,0,0,0,0,0,0,Service Residence,Leasehold,Non Bumi Lot,Unknown,Sarawak
385000,800.0,3.0,2.0,2.0,7,0,0,0,0,0,0,0,Apartment,Freehold,Non Bumi Lot,Unknown,Penang
390000,982.0,3.0,2.0,1.0,5,1,0,0,1,0,1,0,Condominium,Freehold,Non Bumi Lot,Unknown,Kuala Lumpur
358000,995.0,3.0,2.0,1.0,8,1,0,0,0,1,1,1,Apartment,Freehold,Non Bumi Lot,Unknown,Kuala Lumpur
390000,1000.0,2.0,2.0,1.0,6,1,0,0,1,0,1,0,Condominium,Leasehold,Non Bumi Lot,Medium,Kuala Lumpur
420000,1191.0,2.0,2.0,1.0,7,0,0,0,0,0,0,0,Apartment,Leasehold,Non Bumi Lot,Medium,Johor
185000,500.0,2.0,1.0,1.0,3,0,0,0,0,0,0,0,Apartment,Freehold,Non Bumi Lot,Unknown,Penang
680000,635.0,1.0,1.0,1.0,4,1,0,1,0,0,1,0,Condominium,Freehold,Non Bumi Lot,Low,Kuala Lumpur
430000,500.0,1.0,1.0,1.0,7,0,0,0,0,0,0,0,Service Residence,Freehold,Non Bumi Lot,Medium,Unknown
500000,1124.0,3.0,3.0,2.0,6,0,1,1,1,1,1,0,Service Residence,Freehold,Non Bumi Lot,High,Selangor
550000,468.0,1.0,1.0,1.0,0,0,0,0,0,0,0,0,Condominium,Freehold,Non Bumi Lot,Unknown,Unknown
505000,1645.0,4.0,3.0,2.0,0,0,0,0,0,0,0,0,Condominium,Freehold,Non Bumi Lot,Unknown,Unknown
300000,904.0,3.0,2.0,1.0,2,0,0,0,0,0,0,0,Apartment,Freehold,Non Bumi Lot,Unknown,Unknown
350000,1142.0,3.0,2.0,1.0,7,0,0,0,0,0,0,0,Condominium,Freehold,Non Bumi Lot,Unknown,Unknown
645000,904.0,2.0,2.0,1.0,6,0,0,0,0,0,0,0,Service Residence,Freehold,Non Bumi Lot,Low,Unknown
570000,1200.0,3.0,2.0,1.0,5,0,0,0,0,0,0,0,Condominium,Freehold,Non Bumi Lot,High,Unknown
620000,1519.0,3.0,2.0,1.0,9,0,0,0,0,0,0,0,Condominium,Freehold,Non Bumi Lot,Unknown,Unknown
625000,1450.0,3.0,2.0,1.0,3,0,0,0,0,0,0,0,Apartment,Freehold,Non Bumi Lot,Unknown,Penang
400000,916.0,3.0,2.0,1.0,0,0,0,0,0,0,0,0,Condominium,Freehold,Non Bumi Lot,Unknown,Unknown
520000,1214.0,3.0,2.0,1.0,2,0,0,0,0,0,0,0,Service Residence,Freehold,Non Bumi Lot,Medium,Johor
220000,791.0,3.0,2.0,1.0,0,0,0,0,0,0,0,1,Apartment,Freehold,Non Bumi Lot,Unknown,Selangor
420000,850.0,3.0,2.0,1.0,2,0,0,0,0,0,0,0,Apartment,Freehold,Non Bumi Lot,Unknown,Penang
700000,1100.0,3.0,2.0,2.0,7,0,0,0,0,0,0,0,Condominium,Leasehold,Non Bumi Lot,High,Penang
480000,2045.0,6.0,4.0,2.0,11,0,0,0,0,0,0,0,Condominium,Leasehold,Non Bumi Lot,High,Johor
290000,955.0,2.0,3.0,1.0,0,1,0,1,0,0,0,0,Apartment,Freehold,Bumi Lot,Low,Selangor
520000,818.0,2.0,2.0,3.0,9,0,0,0,0,0,0,0,Condominium,Freehold,Non Bumi Lot,High,Sarawak
220000,600.0,2.0,1.0,1.0,5,0,0,0,0,0,0,0,Apartment,Leasehold,Non Bumi Lot,Low,Penang
170000,650.0,3.0,1.0,1.0,2,1,0,0,1,1,1,1,Apartment,Leasehold,Non Bumi Lot,Low,Selangor
430000,450.0,1.0,1.0,1.0,9,0,0,0,0,0,0,0,Condominium,Freehold,Non Bumi Lot,Unknown,Kuala Lumpur
285000,883.0,3.0,2.0,1.0,2,0,0,0,0,0,1,0,Apartment,Leasehold,Non Bumi Lot,Unknown,Selangor
300000,944.0,3.0,2.0,1.0,0,1,0,0,1,0,1,0,Apartment,Freehold,Non Bumi Lot,Unknown,Selangor
328000,1250.0,3.0,2.0,1.0,0,0,0,0,0,0,0,0,Condominium,Freehold,Non Bumi Lot,Unknown,Selangor
368000,1222.0,3.0,2.0,1.0,11,1,0,0,1,0,1,1,Condominium,Freehold,Non Bumi Lot,Unknown,Kuala Lumpur
290000,833.0,3.0,2.0,1.0,11,1,1,1,1,0,1,0,Apartment,Leasehold,Bumi Lot,High,Selangor
395000,1335.0,4.0,2.0,1.0,14,0,0,0,0,0,0,0,Condominium,Freehold,Non Bumi Lot,Medium,Kuala Lumpur
330000,750.0,3.0,2.0,1.0,9,0,0,0,0,0,0,0,Apartment,Freehold,Non Bumi Lot,High,Penang
760000,1254.0,3.0,2.0,2.0,9,0,0,0,0,0,0,0,Condominium,Freehold,Non Bumi Lot,High,Penang
825000,1254.0,3.0,2.0,2.0,7,0,0,0,0,0,0,0,Condominium,Freehold,Non Bumi Lot,Medium,Penang
410000,1000.0,3.0,2.0,2.0,3,0,0,0,0,0,0,0,Service Residence,Freehold,Non Bumi Lot,High,Penang
430000,592.0,1.0,1.0,1.0,6,0,0,0,0,0,0,0,Condominium,Freehold,Non Bumi Lot,Medium,Pahang
160000,789.0,3.0,2.0,1.0,2,1,0,0,0,1,0,0,Apartment,Freehold,Non Bumi Lot,Low,Selangor
425000,1259.0,3.0,2.0,1.0,6,0,0,0,0,0,0,1,Apartment,Freehold,Bumi Lot,High,Selangor
590000,1357.0,4.0,3.0,2.0,7,0,0,0,0,0,0,0,Condominium,Leasehold,Bumi Lot,Unknown,Selangor
193000,760.0,3.0,2.0,1.0,2,1,0,0,0,1,0,0,Apartment,Leasehold,Bumi Lot,Low,Selangor
547000,2293.0,5.0,4.0,2.0,14,0,0,0,0,0,0,0,Condominium,Freehold,Non Bumi Lot,High,Selangor
400000,541.0,1.0,1.0,1.0,8,0,0,0,0,0,0,0,Service Residence,Freehold,Non Bumi Lot,Unknown,Pahang
310000,1011.0,3.0,2.0,1.0,5,0,0,0,0,0,0,0,Apartment,Freehold,Non Bumi Lot,Low,Selangor
275000,700.0,3.0,2.0,1.0,3,0,0,0,0,0,0,0,Apartment,Freehold,Non Bumi Lot,High,Penang
255000,700.0,2.0,2.0,1.0,0,0,0,0,0,0,0,0,Apartment,Leasehold,Non Bumi Lot,Low,Penang
380000,800.0,3.0,2.0,2.0,3,0,0,0,0,0,0,0,Apartment,Leasehold,Non Bumi Lot,High,Penang
295000,700.0,3.0,2.0,1.0,3,0,0,0,0,0,0,0,Condominium,Freehold,Non Bumi Lot,Low,Penang
500000,900.0,3.0,2.0,1.0,5,0,0,0,0,0,0,0,Condominium,Freehold,Non Bumi Lot,High,Penang
360000,850.0,3.0,2.0,1.0,5,0,0,0,0,0,0,0,Condominium,Freehold,Non Bumi Lot,Low,Penang
159000,550.0,2.0,1.0,1.0,0,0,0,0,0,0,0,0,Flat,Leasehold,Non Bumi Lot,Low,Johor
160000,770.0,3.0,2.0,1.0,0,0,0,0,0,0,0,0,Apartment,Leasehold,Bumi Lot,Medium,Johor
295000,850.0,3.0,2.0,1.0,5,0,0,1,0,1,1,0,Apartment,Freehold,Non Bumi Lot,Unknown,Selangor
480000,887.0,3.0,2.0,2.0,10,0,0,0,0,0,0,0,Condominium,Freehold,Non Bumi Lot,Low,Penang
425000,1055.0,4.0,2.0,2.0,5,0,0,0,0,0,0,0,Apartment,Leasehold,Non Bumi Lot,High,Kuala Lumpur
288000,950.0,3.0,2.0,1.0,0,0,0,0,0,0,0,0,Apartment,Leasehold,Non Bumi Lot,High,Johor
420000,1065.0,3.0,2.0,1.0,0,0,0,0,0,0,0,0,Condominium,Freehold,Non Bumi Lot,Unknown,Selangor
390000,1050.0,4.0,2.0,1.0,6,1,1,1,0,0,0,0,Condominium,Leasehold,Non Bumi Lot,Unknown,Kuala Lumpur
240000,800.0,3.0,2.0,1.0,0,1,0,0,0,1,1,0,Apartment,Leasehold,Bumi Lot,Unknown,Kuala Lumpur
495000,1152.0,3.0,2.0,1.0,6,0,0,0,1,1,1,0,Condominium,Leasehold,Non Bumi Lot,Unknown,Kuala Lumpur
285000,915.0,3.0,2.0,1.0,0,1,1,1,0,0,1,0,Apartment,Leasehold,Bumi Lot,High,Selangor
355000,850.0,3.0,2.0,1.0,5,0,0,0,0,0,0,0,Apartment,Leasehold,Non Bumi Lot,High,Penang
360000,850.0,3.0,2.0,1.0,5,0,0,0,0,0,0,0,Condominium,Freehold,Non Bumi Lot,Medium,Penang
900000,1946.0,3.0,2.0,3.0,11,0,0,0,0,0,0,0,Condominium,Freehold,Non Bumi Lot,Low,Penang
531000,1200.0,3.0,3.0,1.0,3,1,0,0,1,1,1,0,Condominium,Freehold,Non Bumi Lot,Medium,Kuala Lumpur
532000,1200.0,3.0,3.0,3.0,2,1,0,0,1,1,1,0,Condominium,Freehold,Non Bumi Lot,High,Kuala Lumpur
250000,650.0,3.0,2.0,1.0,3,0,0,0,0,0,0,0,Apartment,Freehold,Non Bumi Lot,Medium,Penang
260000,700.0,3.0,2.0,1.0,3,0,0,0,0,0,0,0,Apartment,Freehold,Non Bumi Lot,Low,Penang
498000,939.0,3.0,2.0,3.0,14,0,0,0,0,0,0,0,Condominium,Freehold,Non Bumi Lot,High,Penang
410000,810.0,3.0,2.0,2.0,3,0,0,0,0,0,0,0,Apartment,Leasehold,Non Bumi Lot,High,Penang
530500,1200.0,3.0,3.0,3.0,3,1,0,0,1,1,1,0,Condominium,Freehold,Non Bumi Lot,Low,Kuala Lumpur
280000,850.0,3.0,2.0,1.0,0,1,1,0,1,0,1,0,Apartment,Leasehold,Bumi Lot,Medium,Selangor
405000,800.0,2.0,2.0,1.0,0,1,0,0,1,1,0,0,Service Residence,Freehold,Non Bumi Lot,Unknown,Kuala Lumpur
330000,1270.0,3.0,2.0,1.0,12,0,0,0,0,0,0,0,Condominium,Freehold,Non Bumi Lot,Unknown,Kuala Lumpur
160000,650.0,3.0,2.0,1.0,0,0,0,0,0,0,0,0,Apartment,Freehold,Bumi Lot,Medium,Selangor
750000,1300.0,3.0,2.0,2.0,5,0,0,0,1,0,1,0,Service Residence,Freehold,Non Bumi Lot,Medium,Kuala Lumpur
195000,650.0,3.0,2.0,1.0,5,1,0,0,0,1,1,0,Apartment,Freehold,Bumi Lot,Medium,Selangor
890000,1600.0,4.0,3.0,2.0,8,1,1,1,1,1,0,0,Service Residence,Leasehold,Non Bumi Lot,Unknown,Kuala Lumpur
230000,476.0,1.0,1.0,1.0,9,0,0,0,0,0,0,0,Apartment,Freehold,Non Bumi Lot,Medium,Johor
425000,1180.0,3.0,2.0,1.0,0,0,0,0,0,0,0,0,Apartment,Leasehold,Non Bumi Lot,Low,Johor
85000,571.0,3.0,2.0,1.0,1,0,0,0,0,0,0,0,Flat,Freehold,Non Bumi Lot,High,Johor
1700000,2874.0,4.0,4.0,6.0,14,1,1,0,1,1,1,0,Condominium,Leasehold,Non Bumi Lot,Medium,Kuala Lumpur
468000,650.0,2.0,1.0,1.0,5,0,0,0,0,0,0,0,Condominium,Freehold,Non Bumi Lot,Medium,Penang
480000,600.0,2.0,1.0,1.0,6,0,0,0,0,0,0,0,Service Residence,Freehold,Non Bumi Lot,High,Penang
250000,650.0,3.0,2.0,1.0,3,0,0,0,0,0,0,0,Apartment,Freehold,Non Bumi Lot,Medium,Penang
290000,650.0,3.0,2.0,1.0,3,0,0,0,0,0,0,0,Apartment,Freehold,Non Bumi Lot,High,Penang
185000,689.0,3.0,2.0,1.0,3,0,0,0,0,0,0,0,Apartment,Freehold,Non Bumi Lot,Medium,Selangor
359000,990.0,3.0,2.0,1.0,14,0,0,0,0,0,0,0,Apartment,Freehold,Non Bumi Lot,Medium,Johor
300000,619.0,1.0,1.0,1.0,4,1,1,0,1,0,1,0,Service Residence,Leasehold,Non Bumi Lot,High,Kuala Lumpur
600000,1250.0,3.0,2.0,2.0,0,0,0,0,0,0,0,0,Condominium,Freehold,Non Bumi Lot,High,Penang
330000,925.0,3.0,2.0,1.0,5,0,0,0,0,0,1,0,Apartment,Freehold,Non Bumi Lot,Unknown,Selangor
440000,917.0,3.0,2.0,1.0,9,1,1,0,1,1,1,1,Service Residence,Leasehold,Non Bumi Lot,Unknown,Kuala Lumpur
188000,814.0,3.0,2.0,1.0,2,0,0,0,0,0,0,0,Apartment,Freehold,Non Bumi Lot,Unknown,Selangor
280000,1052.0,3.0,2.0,1.0,0,0,0,0,0,0,0,0,Apartment,Freehold,Non Bumi Lot,Unknown,Selangor
275000,1050.0,3.0,2.0,1.0,1,0,0,0,0,0,0,0,Apartment,Leasehold,Non Bumi Lot,Unknown,Selangor
170000,850.0,3.0,2.0,1.0,3,1,0,0,0,0,1,0,Apartment,Leasehold,Non Bumi Lot,Unknown,Selangor
1312000,2333.0,4.0,3.0,2.0,10,0,0,0,0,0,0,0,Condominium,Freehold,Non Bumi Lot,High,Penang
570000,1000.0,3.0,2.0,2.0,0,0,0,0,0,0,0,0,Condominium,Freehold,Non Bumi Lot,Medium,Penang
580000,1100.0,3.0,2.0,2.0,9,0,0,0,0,0,0,0,Condominium,Freehold,Non Bumi Lot,High,Penang
340000,750.0,3.0,2.0,1.0,6,0,0,0,0,0,0,0,Apartment,Freehold,Non Bumi Lot,High,Penang
2200000,1636.0,3.0,4.0,2.0,6,0,0,0,0,0,0,0,Condominium,Freehold,Non Bumi Lot,Low,Penang
480000,1060.0,3.0,2.0,2.0,4,0,0,0,0,0,0,0,Condominium,Freehold,Non Bumi Lot,Medium,Penang
378000,800.0,3.0,2.0,1.0,3,0,0,0,0,0,0,0,Apartment,Freehold,Non Bumi Lot,High,Penang
368000,700.0,3.0,2.0,1.0,7,0,0,0,0,0,0,0,Apartment,Freehold,Non Bumi Lot,Low,Penang
280000,700.0,3.0,2.0,1.0,3,0,0,0,0,0,0,0,Apartment,Freehold,Non Bumi Lot,Medium,Penang
405000,800.0,2.0,2.0,1.0,10,0,0,0,0,0,0,0,Service Residence,Leasehold,Non Bumi Lot,Medium,Kuala Lumpur
300000,1023.0,3.0,2.0,2.0,6,0,0,0,0,0,0,0,Condominium,Freehold,Non Bumi Lot,Medium,Selangor
300000,1023.0,3.0,2.0,2.0,0,0,0,0,0,0,0,0,Condominium,Freehold,Non Bumi Lot,Medium,Selangor
320000,1068.0,3.0,2.0,1.0,7,0,0,0,0,0,0,0,Apartment,Freehold,Non Bumi Lot,Unknown,Selangor
340000,1221.0,3.0,2.0,1.0,5,0,0,0,0,0,0,0,Condominium,Freehold,Non Bumi Lot,Unknown,Selangor
210000,711.0,3.0,2.0,1.0,0,0,0,0,0,0,0,0,Apartment,Leasehold,Bumi Lot,Medium,Selangor
1540000,1066.0,2.0,2.0,2.0,14,0,0,0,0,0,0,0,Service Residence,Freehold,Non Bumi Lot,Low,Kedah
345000,800.0,3.0,2.0,1.0,10,1,1,0,0,1,1,1,Condominium,Freehold,Non Bumi Lot,Medium,Kuala Lumpur
345000,800.0,3.0,2.0,1.0,10,1,1,0,0,1,1,1,Condominium,Freehold,Non Bumi Lot,Medium,Kuala Lumpur
1580000,2400.0,4.0,3.0,2.0,0,0,0,0,0,0,0,0,Condominium,Freehold,Non Bumi Lot,Medium,Penang
1400000,2750.0,4.0,3.0,2.0,7,0,0,0,0,0,0,0,Condominium,Freehold,Non Bumi Lot,Low,Penang
230000,753.0,3.0,2.0,1.0,2,0,1,0,0,0,0,0,Apartment,Freehold,Non Bumi Lot,High,Selangor
120000,700.0,3.0,2.0,1.0,0,0,0,0,0,0,0,0,Flat,Freehold,Non Bumi Lot,Low,Penang
400000,1250.0,4.0,2.0,1.0,5,0,0,0,0,0,0,0,Service Residence,Leasehold,Non Bumi Lot,Medium,Johor
1050000,1600.0,3.0,2.0,2.0,9,0,0,0,0,0,0,0,Condominium,Freehold,Non Bumi Lot,Low,Penang
170000,550.0,2.0,1.0,1.0,0,0,0,0,0,0,0,0,Apartment,Freehold,Non Bumi Lot,Medium,Penang
480000,900.0,3.0,2.0,2.0,5,0,0,0,0,0,0,0,Condominium,Freehold,Non Bumi Lot,Low,Penang
780000,1500.0,4.0,2.0,2.0,7,0,0,0,0,0,0,0,Condominium,Freehold,Non Bumi Lot,High,Penang
498000,1195.0,3.0,2.0,1.0,8,0,0,0,0,0,0,0,Condominium,Freehold,Non Bumi Lot,High,Penang
400000,1000.0,4.0,2.0,2.0,5,0,0,0,0,0,0,0,Apartment,Leasehold,Bumi Lot,Unknown,Kuala Lumpur
380790,797.0,2.0,2.0,1.0,11,0,0,0,0,0,0,0,Condominium,Leasehold,Non Bumi Lot,Unknown,Johor
240000,295.0,1.0,1.0,1.0,10,0,0,0,0,0,0,0,Service Residence,Freehold,Non Bumi Lot,Unknown,Johor
230000,535.0,1.0,1.0,1.0,0,1,1,1,0,1,1,0,Service Residence,Leasehold,Bumi Lot,Unknown,Selangor
230000,700.0,3.0,2.0,1.0,3,1,0,0,0,0,1,0,Apartment,Leasehold,Bumi Lot,Unknown,Kuala Lumpur
265000,950.0,3.0,2.0,1.0,0,0,0,0,0,0,0,0,Apartment,Freehold,Non Bumi Lot,Unknown,Selangor
420000,908.0,3.0,2.0,1.0,9,1,1,1,1,1,1,0,Condominium,Leasehold,Bumi Lot,Unknown,Kuala Lumpur
370000,840.0,3.0,2.0,1.0,0,0,0,1,0,1,0,0,Apartment,Freehold,Non Bumi Lot,Unknown,Selangor
798000,1850.0,5.0,5.0,3.0,10,0,0,0,0,0,0,0,Condominium,Freehold,Non Bumi Lot,Low,Kuala Lumpur
570000,936.0,3.0,2.0,2.0,14,0,0,0,0,0,0,0,Condominium,Freehold,Non Bumi Lot,Medium,Penang
428000,826.0,3.0,2.0,1.0,5,0,0,0,0,0,0,0,Apartment,Freehold,Non Bumi Lot,Low,Penang
380000,850.0,3.0,2.0,1.0,5,0,0,0,0,0,0,0,Condominium,Freehold,Non Bumi Lot,Medium,Penang
495000,1000.0,3.0,2.0,2.0,5,0,0,0,0,0,0,0,Condominium,Freehold,Non Bumi Lot,Medium,Penang
400000,1300.0,3.0,2.0,1.0,3,0,0,0,0,0,0,0,Apartment,Freehold,Non Bumi Lot,Medium,Penang
380000,800.0,3.0,2.0,2.0,3,0,0,0,0,0,0,0,Apartment,Leasehold,Non Bumi Lot,High,Penang
520000,947.0,3.0,2.0,2.0,10,0,0,0,0,0,0,0,Condominium,Leasehold,Non Bumi Lot,Low,Penang
888000,1646.0,4.0,3.0,2.0,9,0,0,0,0,0,0,0,Condominium,Freehold,Non Bumi Lot,High,Penang
318000,938.0,3.0,2.0,1.0,9,0,0,0,0,0,0,0,Condominium,Freehold,Non Bumi Lot,High,Melaka
388000,665.0,3.0,1.0,1.0,6,0,0,0,0,0,0,0,Apartment,Freehold,Non Bumi Lot,High,Penang
800000,800.0,2.0,2.0,1.0,1,1,1,1,1,1,1,0,Service Residence,Freehold,Non Bumi Lot,High,Kuala Lumpur
380000,769.0,2.0,2.0,2.0,8,0,0,0,0,0,0,0,Condominium,Freehold,Non Bumi Lot,Medium,Johor
165000,850.0,3.0,2.0,1.0,6,0,0,0,0,0,0,0,Apartment,Freehold,Bumi Lot,Low,Negeri Sembilan
430000,850.0,3.0,2.0,2.0,12,0,0,0,0,0,0,0,Service Residence,Freehold,Non Bumi Lot,High,Kuala Lumpur
65000,650.0,3.0,2.0,1.0,1,1,0,0,0,1,0,0,Apartment,Leasehold,Bumi Lot,High,Selangor
319000,750.0,3.0,2.0,1.0,5,0,0,0,0,0,0,0,Apartment,Freehold,Non Bumi Lot,High,Penang
800000,1450.0,3.0,3.0,2.0,9,0,0,0,0,0,0,0,Condominium,Freehold,Non Bumi Lot,Low,Penang
700000,1450.0,4.0,3.0,2.0,9,0,0,0,0,0,0,0,Condominium,Freehold,Non Bumi Lot,Low,Penang
750000,1650.0,3.0,3.0,2.0,9,0,0,0,0,0,0,0,Condominium,Freehold,Non Bumi Lot,High,Penang
750000,1450.0,3.0,3.0,2.0,8,0,0,0,0,0,0,0,Condominium,Freehold,Non Bumi Lot,Medium,Penang
880000,1646.0,4.0,3.0,1.0,10,0,0,0,0,0,0,0,Condominium,Freehold,Non Bumi Lot,Medium,Penang
420000,1038.0,3.0,2.0,1.0,10,0,0,0,0,0,0,0,Apartment,Freehold,Non Bumi Lot,Medium,Johor
565000,1313.0,3.0,2.0,4.0,8,0,0,0,0,0,0,0,Service Residence,Freehold,Bumi Lot,Low,Selangor
360000,700.0,3.0,2.0,1.0,5,0,0,0,0,0,0,0,Apartment,Freehold,Non Bumi Lot,Low,Penang
750000,1650.0,4.0,3.0,2.0,9,0,0,0,0,0,0,0,Condominium,Freehold,Non Bumi Lot,Medium,Penang
185000,500.0,2.0,1.0,1.0,2,0,0,0,0,0,0,0,Apartment,Freehold,Non Bumi Lot,Medium,Penang
330000,700.0,3.0,2.0,1.0,3,0,0,0,0,0,0,0,Flat,Freehold,Non Bumi Lot,Low,Penang
640000,1100.0,3.0,2.0,1.0,3,0,0,0,0,0,0,0,Condominium,Freehold,Non Bumi Lot,Low,Penang
380000,1000.0,3.0,2.0,1.0,9,0,0,0,0,0,0,0,Condominium,Freehold,Non Bumi Lot,High,Penang
260000,700.0,3.0,2.0,1.0,3,0,0,0,0,0,0,0,Apartment,Freehold,Non Bumi Lot,Medium,Penang
420000,1062.0,4.0,2.0,1.0,8,1,1,0,1,1,1,0,Service Residence,Freehold,Non Bumi Lot,Low,Selangor
270000,700.0,3.0,2.0,1.0,8,0,0,0,0,0,0,0,Apartment,Freehold,Bumi Lot,Medium,Putrajaya
718000,1500.0,3.0,4.0,2.0,8,0,0,0,0,0,0,0,Condominium,Freehold,Non Bumi Lot,High,Penang
230000,974.0,3.0,2.0,1.0,3,0,0,0,0,0,0,0,Condominium,Leasehold,Non Bumi Lot,Unknown,Selangor
150000,650.0,3.0,2.0,1.0,4,1,0,0,1,1,1,0,Apartment,Leasehold,Bumi Lot,Unknown,Kuala Lumpur
150000,786.0,3.0,2.0,1.0,2,0,0,0,0,0,0,0,Apartment,Freehold,Bumi Lot,Unknown,Selangor
1680000,2304.0,5.0,4.0,3.0,10,0,0,0,0,0,0,0,Condominium,Freehold,Non Bumi Lot,High,Penang
600000,1130.0,3.0,3.0,2.0,14,0,0,0,0,0,0,0,Condominium,Freehold,Non Bumi Lot,Medium,Penang
340000,850.0,3.0,2.0,1.0,5,0,0,0,0,0,0,0,Condominium,Freehold,Non Bumi Lot,Low,Penang
1350000,2750.0,6.0,5.0,1.0,5,0,0,0,0,0,0,0,Condominium,Freehold,Non Bumi Lot,Medium,Johor
443000,404.0,1.0,1.0,1.0,10,0,0,0,0,0,0,0,Service Residence,Freehold,Non Bumi Lot,Medium,Penang
850000,1450.0,4.0,3.0,2.0,8,0,0,0,0,0,0,0,Condominium,Freehold,Non Bumi Lot,High,Penang
800000,1302.0,3.0,2.0,2.0,10,0,0,0,0,0,0,0,Condominium,Freehold,Non Bumi Lot,Medium,Penang
919000,1313.0,3.0,3.0,2.0,5,0,0,0,0,0,0,0,Condominium,Freehold,Non Bumi Lot,Low,Penang
453000,1250.0,3.0,2.0,1.0,12,1,1,0,0,1,1,0,Condominium,Freehold,Non Bumi Lot,Unknown,Kuala Lumpur
395000,1507.0,4.0,3.0,1.0,0,0,0,0,0,0,0,0,Condominium,Freehold,Bumi Lot,Unknown,Kuala Lumpur
360000,1170.0,3.0,2.0,1.0,10,1,1,0,0,1,1,0,Condominium,Freehold,Non Bumi Lot,High,Selangor
1050000,2200.0,4.0,4.0,4.0,2,0,0,0,0,0,0,0,Condominium,Freehold,Non Bumi Lot,High,Penang
580000,1180.0,3.0,2.0,2.0,6,0,0,0,0,0,0,0,Condominium,Freehold,Non Bumi Lot,High,Penang
380000,1097.0,3.0,2.0,1.0,7,0,0,0,0,0,0,0,Condominium,Freehold,Non Bumi Lot,Medium,Johor
610000,1598.0,3.0,3.0,2.0,9,0,0,0,0,0,0,0,Condominium,Freehold,Non Bumi Lot,Unknown,Penang
240000,906.0,3.0,2.0,1.0,6,0,0,0,0,0,0,0,Apartment,Leasehold,Non Bumi Lot,High,Johor
588000,1275.0,3.0,2.0,2.0,10,0,0,0,0,0,0,0,Condominium,Freehold,Non Bumi Lot,High,Penang
318000,1085.0,3.0,2.0,1.0,4,0,0,0,0,0,0,0,Apartment,Freehold,Non Bumi Lot,Medium,Selangor
520000,1250.0,3.0,2.0,2.0,8,0,0,0,0,0,0,0,Condominium,Freehold,Bumi Lot,High,Selangor
520000,900.0,3.0,2.0,2.0,10,0,0,0,0,0,0,0,Condominium,Freehold,Non Bumi Lot,Medium,Penang
490000,1182.0,3.0,2.0,2.0,10,0,0,0,0,0,0,0,Condominium,Freehold,Non Bumi Lot,Medium,Penang
525000,1295.0,3.0,2.0,2.0,13,0,0,0,0,0,0,0,Condominium,Freehold,Non Bumi Lot,Medium,Penang
500000,1000.0,3.0,2.0,2.0,14,0,0,0,0,0,0,0,Condominium,Freehold,Non Bumi Lot,Low,Penang
470000,1250.0,3.0,2.0,1.0,0,0,0,0,0,0,0,0,Condominium,Freehold,Bumi Lot,Unknown,Selangor
298000,810.0,2.0,2.0,1.0,8,0,0,0,0,0,0,0,Service Residence,Freehold,Non Bumi Lot,Unknown,Johor
538000,1304.0,3.0,2.0,2.0,13,0,0,0,0,0,0,0,Condominium,Freehold,Non Bumi Lot,High,Penang
1050000,2729.0,5.0,4.0,3.0,5,0,0,0,0,0,0,0,Condominium,Freehold,Non Bumi Lot,High,Penang
815000,1219.0,3.0,2.0,2.0,9,0,0,0,0,0,0,0,Condominium,Freehold,Non Bumi Lot,High,Penang
700000,1598.0,3.0,3.0,2.0,5,0,0,0,0,0,0,0,Condominium,Freehold,Non Bumi Lot,High,Penang
235000,750.0,3.0,2.0,1.0,2,0,0,0,0,0,0,0,Apartment,Leasehold,Non Bumi Lot,Medium,Penang
390000,890.0,3.0,2.0,1.0,4,0,0,0,0,0,0,0,Apartment,Leasehold,Non Bumi Lot,Low,Penang
750000,1905.0,8.0,3.0,2.0,11,0,0,1,0,0,0,0,Condominium,Freehold,Non Bumi Lot,Medium,Selangor
585000,1488.0,4.0,3.0,2.0,7,0,0,1,0,0,0,0,Condominium,Freehold,Non Bumi Lot,Medium,Selangor
160000,834.0,3.0,2.0,1.0,2,0,0,0,0,0,0,0,Apartment,Freehold,Bumi Lot,High,Selangor
149000,560.0,2.0,1.0,1.0,1,1,0,1,0,1,1,0,Flat,Leasehold,Non Bumi Lot,Medium,Kuala Lumpur
280000,850.0,3.0,2.0,1.0,2,1,0,0,0,0,1,0,Apartment,Freehold,Bumi Lot,Unknown,Selangor
250000,1000.0,3.0,2.0,1.0,3,0,0,0,0,0,0,0,Apartment,Freehold,Non Bumi Lot,Unknown,Selangor
349999,1056.0,3.0,2.0,1.0,6,1,1,0,0,1,1,0,Condominium,Leasehold,Non Bumi Lot,Unknown,Kuala Lumpur
380000,880.0,3.0,2.0,1.0,0,0,0,0,0,0,0,0,Apartment,Freehold,Non Bumi Lot,Unknown,Selangor
400000,1040.0,3.0,2.0,1.0,7,1,1,1,0,1,1,0,Service Residence,Leasehold,Non Bumi Lot,Unknown,Kuala Lumpur
360000,840.0,3.0,2.0,1.0,0,0,0,0,0,0,0,0,Service Residence,Freehold,Non Bumi Lot,Unknown,Selangor
398000,1210.0,3.0,3.0,2.0,9,0,0,0,0,0,0,0,Condominium,Leasehold,Non Bumi Lot,Unknown,Selangor
379000,1009.0,3.0,2.0,2.0,6,1,0,0,0,1,1,0,Service Residence,Leasehold,Non Bumi Lot,High,Kuala Lumpur
350000,700.0,3.0,2.0,1.0,6,0,0,0,0,0,0,0,Apartment,Freehold,Non Bumi Lot,High,Penang
680000,1155.0,3.0,2.0,2.0,5,0,0,0,0,0,0,0,Condominium,Leasehold,Non Bumi Lot,Medium,Penang
730000,517.0,1.0,1.0,2.0,5,0,0,0,0,0,0,0,Condominium,Freehold,Non Bumi Lot,Medium,Penang
498000,939.0,3.0,2.0,3.0,14,0,0,0,0,0,0,0,Condominium,Freehold,Non Bumi Lot,High,Penang
380000,850.0,3.0,2.0,2.0,9,0,0,0,0,0,0,0,Condominium,Freehold,Non Bumi Lot,Low,Penang
300000,700.0,2.0,1.0,1.0,2,0,0,0,0,0,0,0,Apartment,Freehold,Non Bumi Lot,Low,Penang
370000,700.0,3.0,2.0,1.0,9,0,0,0,0,0,0,0,Apartment,Freehold,Non Bumi Lot,Low,Penang
520000,1000.0,3.0,2.0,2.0,9,0,0,0,0,0,0,0,Apartment,Freehold,Non Bumi Lot,High,Penang
313000,700.0,3.0,2.0,1.0,3,0,0,0,0,0,0,0,Apartment,Freehold,Non Bumi Lot,Medium,Penang
820000,1345.0,3.0,2.0,3.0,10,0,0,0,0,0,0,0,Condominium,Freehold,Non Bumi Lot,Medium,Penang
760000,1254.0,3.0,2.0,2.0,9,0,0,0,0,0,0,0,Condominium,Freehold,Non Bumi Lot,High,Penang
498000,1410.0,4.0,3.0,1.0,8,0,0,0,0,0,0,0,Condominium,Freehold,Non Bumi Lot,Low,Selangor
880000,1487.0,4.0,2.0,1.0,6,0,0,0,0,0,0,0,Condominium,Freehold,Non Bumi Lot,Medium,Penang
380000,950.0,3.0,2.0,1.0,4,1,1,0,1,1,1,0,Service Residence,Freehold,Non Bumi Lot,Unknown,Kuala Lumpur
240000,818.0,3.0,2.0,1.0,6,0,0,0,0,0,0,0,Condominium,Leasehold,Non Bumi Lot,Unknown,Kuala Lumpur
280000,850.0,3.0,2.0,1.0,6,1,0,0,0,1,0,0,Condominium,Freehold,Bumi Lot,Unknown,Selangor
400000,1210.0,3.0,2.0,1.0,0,0,0,0,0,0,0,0,Condominium,Leasehold,Bumi Lot,Unknown,Selangor
360000,1106.0,4.0,2.0,2.0,12,0,0,0,0,0,0,0,Condominium,Freehold,Non Bumi Lot,Unknown,Selangor
720000,1186.0,3.0,3.0,1.0,10,0,0,0,0,0,0,0,Condominium,Freehold,Non Bumi Lot,Medium,Kuala Lumpur
1200000,1162.0,2.0,3.0,1.0,9,1,0,1,1,1,1,0,Condominium,Freehold,Non Bumi Lot,High,Kuala Lumpur
560000,872.0,2.0,2.0,1.0,6,1,1,0,1,1,1,0,Service Residence,Freehold,Non Bumi Lot,Medium,Kuala Lumpur
350000,1023.0,3.0,2.0,2.0,8,0,0,0,0,0,0,0,Condominium,Freehold,Non Bumi Lot,High,Selangor
125000,650.0,3.0,2.0,1.0,0,0,0,0,0,0,0,0,Flat,Leasehold,Bumi Lot,High,Johor
370000,867.0,2.0,2.0,1.0,11,1,1,1,1,0,1,1,Condominium,Freehold,Non Bumi Lot,High,Selangor
485000,1074.0,3.0,2.0,2.0,9,0,0,0,1,1,0,0,Condominium,Leasehold,Non Bumi Lot,Low,Kuala Lumpur
422888,871.0,2.0,2.0,1.0,9,0,0,0,0,0,0,0,Service Residence,Freehold,Non Bumi Lot,High,Johor
190000,710.0,3.0,2.0,1.0,0,0,0,0,0,0,0,0,Flat,Leasehold,Non Bumi Lot,Low,Johor
630000,1598.0,3.0,3.0,2.0,8,0,0,0,0,0,0,0,Condominium,Freehold,Non Bumi Lot,Medium,Penang
650000,1598.0,3.0,3.0,2.0,8,0,0,0,0,0,0,0,Condominium,Freehold,Non Bumi Lot,Medium,Penang
440000,776.0,2.0,2.0,2.0,5,0,0,0,0,0,0,0,Condominium,Freehold,Non Bumi Lot,High,Penang
450000,955.0,3.0,2.0,1.0,10,1,0,0,1,0,1,0,Apartment,Freehold,Non Bumi Lot,Low,Selangor
135000,650.0,3.0,2.0,1.0,0,1,0,0,0,0,1,0,Flat,Freehold,Non Bumi Lot,Medium,Selangor
550000,1041.0,3.0,2.0,2.0,3,0,0,0,0,0,0,0,Condominium,Freehold,Non Bumi Lot,Medium,Penang
600000,1150.0,3.0,2.0,1.0,5,0,0,0,0,0,0,0,Condominium,Freehold,Non Bumi Lot,Low,Penang
1400000,1458.0,3.0,2.0,2.0,8,0,0,0,0,0,0,0,Condominium,Freehold,Non Bumi Lot,High,Penang
505000,1000.0,3.0,2.0,2.0,5,0,0,0,0,0,0,0,Condominium,Freehold,Non Bumi Lot,Low,Penang
638000,1349.0,4.0,2.0,1.0,8,0,0,0,0,0,0,0,Condominium,Freehold,Non Bumi Lot,Low,Penang
380000,850.0,3.0,2.0,1.0,6,0,0,0,0,0,0,0,Condominium,Freehold,Non Bumi Lot,Medium,Penang
160000,700.0,3.0,2.0,1.0,4,0,0,0,0,0,0,0,Apartment,Leasehold,Non Bumi Lot,Medium,Selangor
480000,1161.0,3.0,2.0,2.0,9,0,1,0,0,0,0,0,Condominium,Freehold,Non Bumi Lot,Medium,Selangor
630000,1453.0,3.0,3.0,2.0,7,0,0,1,0,0,0,0,Condominium,Freehold,Non Bumi Lot,Medium,Selangor
265000,955.0,3.0,2.0,1.0,5,0,0,0,0,0,0,0,Apartment,Leasehold,Non Bumi Lot,Low,Kuala Lumpur
210000,958.0,3.0,2.0,1.0,4,1,0,0,0,0,1,0,Apartment,Leasehold,Non Bumi Lot,High,Selangor
330000,1012.0,3.0,2.0,1.0,8,0,0,0,0,0,0,0,Condominium,Freehold,Non Bumi Lot,Medium,Selangor
349000,654.0,3.0,2.0,1.0,4,0,0,0,0,0,0,0,Apartment,Freehold,Non Bumi Lot,Medium,Penang
565000,1115.0,3.0,2.0,2.0,7,0,0,0,0,0,0,0,Condominium,Freehold,Non Bumi Lot,High,Penang
600000,1115.0,3.0,2.0,2.0,8,0,0,0,0,0,0,0,Condominium,Freehold,Non Bumi Lot,Medium,Penang
290000,818.0,3.0,2.0,2.0,5,0,0,0,0,0,1,0,Apartment,Freehold,Bumi Lot,Medium,Selangor
700000,1100.0,3.0,2.0,2.0,9,0,0,0,0,0,0,0,Condominium,Freehold,Non Bumi Lot,Medium,Penang
300000,800.0,3.0,2.0,1.0,9,1,1,1,0,1,1,0,Apartment,Leasehold,Bumi Lot,Medium,Kuala Lumpur
665000,1250.0,3.0,2.0,2.0,9,0,0,0,0,0,0,0,Condominium,Freehold,Non Bumi Lot,Medium,Penang
600000,1250.0,3.0,2.0,2.0,9,0,0,0,0,0,0,0,Condominium,Freehold,Non Bumi Lot,High,Penang
508000,950.0,2.0,2.0,1.0,14,1,1,1,1,1,1,0,Condominium,Freehold,Non Bumi Lot,High,Kuala Lumpur
375000,982.0,3.0,2.0,1.0,5,1,0,0,1,0,1,0,Condominium,Freehold,Non Bumi Lot,Unknown,Kuala Lumpur
699999,886.0,2.0,2.0,1.0,0,1,0,0,0,1,1,0,Service Residence,Leasehold,Non Bumi Lot,Unknown,Kuala Lumpur
320000,956.0,3.0,2.0,1.0,12,0,0,0,0,0,0,0,Condominium,Freehold,Non Bumi Lot,Unknown,Selangor
450000,1100.0,3.0,2.0,1.0,14,0,0,0,0,0,0,0,Condominium,Leasehold,Non Bumi Lot,Unknown,Kuala Lumpur
420000,850.0,3.0,2.0,1.0,9,0,0,0,0,0,0,0,Condominium,Freehold,Non Bumi Lot,Medium,Penang
660000,1300.0,3.0,3.0,2.0,14,0,0,0,0,0,0,0,Condominium,Freehold,Non Bumi Lot,Low,Penang
800000,3350.0,6.0,5.0,4.0,1,0,0,0,0,0,0,0,Condominium,Freehold,Non Bumi Lot,High,Penang
485000,1087.0,4.0,2.0,1.0,5,0,0,0,0,0,0,0,Condominium,Freehold,Non Bumi Lot,Low,Penang
1100000,2330.0,5.0,4.0,3.0,8,0,0,0,0,0,0,0,Condominium,Freehold,Non Bumi Lot,Low,Penang
620000,1275.0,3.0,2.0,2.0,5,0,0,0,0,0,0,0,Condominium,Freehold,Non Bumi Lot,Low,Penang
350000,800.0,3.0,2.0,1.0,10,0,0,0,0,0,0,0,Apartment,Freehold,Non Bumi Lot,Medium,Penang
430000,856.0,3.0,2.0,2.0,3,0,0,0,0,0,0,0,Apartment,Freehold,Non Bumi Lot,Medium,Penang
320000,721.0,3.0,2.0,1.0,5,0,0,0,0,0,0,0,Condominium,Freehold,Non Bumi Lot,Medium,Penang
350000,700.0,3.0,2.0,1.0,7,0,0,0,0,0,0,0,Condominium,Freehold,Non Bumi Lot,Medium,Penang
1300000,1750.0,3.0,2.0,4.0,11,0,0,0,0,0,0,0,Condominium,Freehold,Non Bumi Lot,High,Penang
1100000,1424.0,3.0,2.0,3.0,11,0,0,0,0,0,0,0,Condominium,Freehold,Non Bumi Lot,High,Penang
360000,700.0,3.0,2.0,1.0,3,0,0,0,0,0,0,0,Apartment,Freehold,Non Bumi Lot,Low,Penang
1400000,2000.0,5.0,5.0,4.0,5,0,0,0,0,0,0,0,Condominium,Freehold,Non Bumi Lot,High,Penang
275000,811.0,3.0,2.0,1.0,3,0,0,0,0,0,1,0,Apartment,Freehold,Bumi Lot,Medium,Selangor
355000,1323.0,3.0,2.0,1.0,9,1,1,0,1,1,1,0,Condominium,Freehold,Non Bumi Lot,Unknown,Kuala Lumpur
445000,1001.0,3.0,2.0,1.0,0,1,0,0,0,1,0,0,Service Residence,Leasehold,Non Bumi Lot,Unknown,Selangor
293000,916.0,3.0,2.0,1.0,7,0,0,0,0,0,0,0,Condominium,Leasehold,Bumi Lot,Unknown,Selangor
378000,1022.0,3.0,2.0,2.0,10,0,0,0,0,0,0,0,Condominium,Freehold,Non Bumi Lot,Medium,Selangor
423000,1272.0,3.0,2.0,1.0,0,1,0,0,1,1,1,0,Condominium,Freehold,Non Bumi Lot,Unknown,Kuala Lumpur
335000,1010.0,3.0,2.0,1.0,7,0,1,1,0,0,0,0,Condominium,Freehold,Bumi Lot,Unknown,Selangor
175000,657.0,3.0,2.0,1.0,0,1,0,0,0,1,1,0,Flat,Leasehold,Non Bumi Lot,Medium,Selangor
358000,893.0,3.0,2.0,1.0,7,0,1,0,1,1,0,0,Condominium,Freehold,Non Bumi Lot,Unknown,Selangor
585000,500.0,1.0,1.0,1.0,5,0,0,0,0,0,0,0,Service Residence,Leasehold,Non Bumi Lot,High,Sabah
145000,572.0,2.0,1.0,1.0,1,0,0,0,0,1,0,0,Flat,Leasehold,Bumi Lot,High,Selangor
690000,1196.0,3.0,2.0,2.0,0,1,1,0,0,0,0,0,Condominium,Leasehold,Bumi Lot,Medium,Kuala Lumpur
698000,1020.0,3.0,2.0,1.0,13,0,0,0,0,0,0,0,Condominium,Freehold,Non Bumi Lot,Medium,Penang
600000,1590.0,4.0,3.0,3.0,4,0,0,0,0,0,0,0,Condominium,Freehold,Non Bumi Lot,Unknown,Penang
380000,916.0,3.0,2.0,1.0,7,0,0,0,0,0,0,0,Apartment,Leasehold,Non Bumi Lot,High,Johor
470000,1050.0,4.0,3.0,2.0,13,0,0,0,0,0,0,0,Condominium,Leasehold,Non Bumi Lot,Unknown,Kuala Lumpur
350000,811.0,3.0,2.0,1.0,5,0,0,1,0,1,0,0,Condominium,Freehold,Non Bumi Lot,Low,Selangor
400000,1616.0,3.0,2.0,1.0,9,0,0,0,0,0,0,0,Condominium,Leasehold,Non Bumi Lot,Medium,Johor
342000,950.0,3.0,2.0,2.0,9,0,0,1,0,0,0,0,Condominium,Freehold,Non Bumi Lot,Unknown,Selangor
650000,1598.0,3.0,3.0,2.0,5,0,0,0,0,0,0,0,Condominium,Freehold,Non Bumi Lot,Medium,Penang
368000,620.0,1.0,1.0,1.0,5,1,1,1,1,1,1,0,Service Residence,Freehold,Non Bumi Lot,Medium,Kuala Lumpur
245000,974.0,3.0,2.0,1.0,3,0,0,0,0,0,0,0,Condominium,Leasehold,Bumi Lot,Medium,Selangor
240000,570.0,2.0,1.0,1.0,2,1,0,1,1,1,0,0,Apartment,Leasehold,Bumi Lot,Medium,Kuala Lumpur
360000,1270.0,3.0,2.0,1.0,8,0,0,0,0,0,0,0,Condominium,Freehold,Bumi Lot,Medium,Kuala Lumpur
318000,618.0,1.0,1.0,2.0,12,0,0,0,0,0,1,0,Condominium,Leasehold,Non Bumi Lot,Medium,Kuala Lumpur
390000,1100.0,3.0,2.0,1.0,11,0,0,0,0,0,0,0,Condominium,Freehold,Non Bumi Lot,Medium,Selangor
445000,1087.0,3.0,2.0,2.0,8,0,0,0,0,0,0,0,Condominium,Freehold,Non Bumi Lot,High,Penang
1399000,1128.0,3.0,2.0,2.0,9,0,0,0,0,0,0,0,Condominium,Leasehold,Non Bumi Lot,High,Sabah
229000,1470.0,3.0,2.0,1.0,7,0,0,0,0,0,0,0,Condominium,Freehold,Non Bumi Lot,Low,Selangor
390000,891.0,3.0,2.0,1.0,8,1,0,0,0,1,1,0,Condominium,Leasehold,Bumi Lot,High,Kuala Lumpur
225000,820.0,3.0,2.0,1.0,1,0,0,0,0,0,0,0,Apartment,Freehold,Bumi Lot,High,Selangor
600000,1200.0,3.0,2.0,2.0,9,0,0,0,0,0,0,0,Condominium,Freehold,Non Bumi Lot,Medium,Penang
170000,626.0,3.0,2.0,1.0,3,0,0,0,0,0,0,0,Apartment,Leasehold,Non Bumi Lot,High,Penang
600000,1100.0,3.0,2.0,2.0,9,0,0,0,0,0,0,0,Condominium,Freehold,Non Bumi Lot,High,Penang
615000,1200.0,3.0,2.0,4.0,9,0,0,0,0,0,0,0,Condominium,Freehold,Non Bumi Lot,Medium,Penang
369000,950.0,3.0,2.0,1.0,5,0,0,0,0,0,0,0,Condominium,Freehold,Non Bumi Lot,Medium,Penang
230000,625.0,3.0,1.0,1.0,5,0,0,0,0,0,0,0,Flat,Freehold,Non Bumi Lot,High,Penang
387000,1041.0,3.0,2.0,2.0,8,1,1,0,0,1,1,0,Apartment,Leasehold,Non Bumi Lot,Low,Selangor
660000,1100.0,3.0,2.0,2.0,10,0,0,0,0,0,0,0,Condominium,Freehold,Non Bumi Lot,High,Penang
600000,1130.0,3.0,2.0,2.0,14,0,0,0,0,0,0,0,Condominium,Freehold,Non Bumi Lot,Medium,Penang
280000,700.0,3.0,2.0,1.0,0,0,0,0,0,0,0,0,Apartment,Leasehold,Non Bumi Lot,Medium,Penang
740000,1300.0,3.0,3.0,2.0,14,0,0,0,0,0,0,0,Condominium,Freehold,Non Bumi Lot,Medium,Penang
570000,1200.0,3.0,2.0,2.0,9,0,0,0,0,0,0,0,Condominium,Freehold,Non Bumi Lot,Low,Penang
660000,1200.0,3.0,2.0,2.0,7,0,0,0,0,0,0,0,Condominium,Freehold,Non Bumi Lot,High,Penang
150000,670.0,3.0,2.0,1.0,9,1,0,0,0,1,1,0,Apartment,Freehold,Non Bumi Lot,Unknown,Selangor
280000,810.0,3.0,2.0,1.0,0,0,0,0,0,0,0,0,Apartment,Freehold,Non Bumi Lot,Medium,Penang
620000,1195.0,3.0,2.0,2.0,14,0,0,0,0,0,0,0,Condominium,Freehold,Non Bumi Lot,Medium,Penang
1250000,1123.0,1.0,1.0,1.0,11,0,0,0,0,0,0,0,Condominium,Freehold,Non Bumi Lot,High,Penang
800000,1566.0,3.0,2.0,2.0,8,0,0,0,0,0,0,0,Condominium,Leasehold,Non Bumi Lot,Medium,Penang
320000,700.0,3.0,2.0,1.0,10,0,0,0,0,0,0,0,Apartment,Freehold,Non Bumi Lot,Medium,Penang
495000,1000.0,3.0,2.0,2.0,9,0,0,0,0,0,0,0,Apartment,Leasehold,Non Bumi Lot,High,Penang
420000,800.0,3.0,2.0,2.0,3,0,0,0,0,0,0,0,Apartment,Leasehold,Non Bumi Lot,High,Penang
418000,640.0,1.0,1.0,1.0,13,0,0,0,0,0,0,0,Condominium,Freehold,Non Bumi Lot,High,Johor
759000,1690.0,3.0,3.0,3.0,10,0,0,0,0,0,0,0,Condominium,Leasehold,Non Bumi Lot,Medium,Kuala Lumpur
290000,1050.0,3.0,2.0,1.0,0,0,0,0,0,0,0,0,Condominium,Freehold,Non Bumi Lot,Unknown,Selangor
849000,950.0,3.0,2.0,1.0,11,0,0,0,0,0,0,0,Service Residence,Leasehold,Bumi Lot,High,Kuala Lumpur
275000,1300.0,4.0,3.0,1.0,8,0,0,0,0,0,0,0,Condominium,Freehold,Non Bumi Lot,High,Selangor
365000,732.0,2.0,1.0,1.0,14,0,0,0,0,0,0,0,Service Residence,Freehold,Non Bumi Lot,Medium,Johor
295000,911.0,3.0,2.0,1.0,10,1,0,1,0,1,1,0,Condominium,Freehold,Non Bumi Lot,Unknown,Kuala Lumpur
395000,1080.0,3.0,2.0,1.0,0,0,0,0,0,0,0,0,Condominium,Freehold,Bumi Lot,Unknown,Kuala Lumpur
233000,753.0,3.0,2.0,1.0,2,0,0,0,1,0,1,0,Apartment,Freehold,Non Bumi Lot,Unknown,Kuala Lumpur
260000,733.0,2.0,2.0,1.0,8,0,0,0,0,0,0,0,Condominium,Leasehold,Bumi Lot,Medium,Selangor
318000,750.0,3.0,2.0,1.0,4,0,0,0,0,0,0,0,Apartment,Freehold,Non Bumi Lot,Medium,Penang
345000,920.0,3.0,2.0,1.0,7,1,0,0,1,1,1,0,Condominium,Leasehold,Non Bumi Lot,Unknown,Kuala Lumpur
535000,1207.0,4.0,2.0,1.0,6,1,0,0,0,1,1,0,Service Residence,Leasehold,Non Bumi Lot,Low,Kuala Lumpur
250000,778.0,3.0,2.0,1.0,5,0,0,0,0,0,0,0,Apartment,Leasehold,Bumi Lot,Low,Selangor
430000,541.0,1.0,1.0,1.0,8,0,0,0,0,0,0,0,Service Residence,Freehold,Bumi Lot,Medium,Pahang
215000,1055.0,3.0,2.0,1.0,2,1,0,0,0,1,0,0,Apartment,Leasehold,Bumi Lot,High,Selangor
360000,900.0,3.0,2.0,2.0,0,0,0,0,0,0,0,0,Condominium,Leasehold,Non Bumi Lot,Unknown,Penang
285000,1005.0,3.0,2.0,1.0,3,1,0,1,1,1,0,0,Condominium,Leasehold,Bumi Lot,Unknown,Kuala Lumpur
418000,1076.0,3.0,2.0,1.0,7,1,0,1,0,1,1,0,Condominium,Freehold,Non Bumi Lot,Medium,Selangor
175000,570.0,2.0,1.0,1.0,0,0,0,0,0,0,0,0,Flat,Freehold,Non Bumi Lot,Low,Johor
650000,1250.0,4.0,3.0,2.0,9,1,1,0,0,1,1,1,Condominium,Freehold,Bumi Lot,Medium,Kuala Lumpur
280001,646.0,3.0,1.0,1.0,3,0,0,0,0,0,0,0,Condominium,Leasehold,Non Bumi Lot,Medium,Penang
565000,925.0,3.0,2.0,2.0,10,0,0,0,0,0,0,0,Condominium,Leasehold,Non Bumi Lot,Medium,Penang
510000,890.0,3.0,2.0,1.0,7,1,0,0,0,0,0,0,Apartment,Freehold,Non Bumi Lot,High,Selangor
530000,774.0,3.0,2.0,1.0,14,0,0,0,1,0,1,0,Service Residence,Leasehold,Non Bumi Lot,Medium,Kuala Lumpur
252000,1069.0,3.0,2.0,1.0,5,0,0,0,0,0,0,0,Apartment,Freehold,Non Bumi Lot,Unknown,Selangor
258000,700.0,3.0,2.0,2.0,0,0,0,0,0,0,0,0,Apartment,Leasehold,Non Bumi Lot,Low,Penang
270000,721.0,3.0,2.0,1.0,5,0,0,0,0,0,0,0,Condominium,Freehold,Non Bumi Lot,Medium,Penang
338000,700.0,3.0,2.0,1.0,3,0,0,0,0,0,0,0,Condominium,Freehold,Non Bumi Lot,High,Penang
175000,570.0,2.0,1.0,1.0,0,0,0,0,0,0,0,0,Flat,Freehold,Non Bumi Lot,Low,Johor
550000,1188.0,2.0,2.0,2.0,9,1,0,0,0,0,1,0,Condominium,Leasehold,Bumi Lot,Medium,Selangor
100000,650.0,3.0,2.0,1.0,2,0,0,0,0,0,0,0,Flat,Leasehold,Bumi Lot,Medium,Selangor
200000,603.0,3.0,1.0,1.0,2,0,0,0,0,0,0,0,Apartment,Leasehold,Bumi Lot,Medium,Selangor
299000,852.0,3.0,2.0,1.0,10,1,0,0,0,1,1,0,Apartment,Leasehold,Non Bumi Lot,High,Selangor
400000,765.0,2.0,2.0,2.0,5,0,0,0,0,0,0,0,Condominium,Freehold,Non Bumi Lot,High,Penang
320000,565.0,2.0,2.0,2.0,7,1,1,0,0,1,0,0,Apartment,Freehold,Non Bumi Lot,High,Kuala Lumpur
250000,800.0,3.0,2.0,1.0,9,0,1,0,0,0,0,0,Apartment,Freehold,Non Bumi Lot,Unknown,Selangor
599999,1019.0,3.0,2.0,1.0,8,1,1,0,0,1,1,1,Condominium,Freehold,Non Bumi Lot,Unknown,Kuala Lumpur
499999,1363.0,3.0,2.0,1.0,0,0,0,0,0,0,0,0,Condominium,Leasehold,Non Bumi Lot,Unknown,Kuala Lumpur
238000,833.0,3.0,2.0,1.0,7,0,0,0,0,0,0,0,Apartment,Freehold,Non Bumi Lot,Medium,Johor
250000,830.0,3.0,2.0,1.0,9,1,0,1,0,1,1,0,Condominium,Leasehold,Non Bumi Lot,Medium,Kuala Lumpur
400000,800.0,3.0,2.0,1.0,11,1,0,0,0,1,0,0,Apartment,Leasehold,Non Bumi Lot,Medium,Kuala Lumpur
278000,730.0,3.0,2.0,1.0,3,0,0,0,0,0,0,0,Apartment,Leasehold,Non Bumi Lot,Low,Penang
750000,1036.0,3.0,2.0,2.0,11,0,0,0,0,0,0,0,Condominium,Freehold,Non Bumi Lot,Medium,Penang
739000,851.0,3.0,2.0,2.0,5,0,0,0,0,0,0,0,Condominium,Leasehold,Non Bumi Lot,Medium,Penang
385000,700.0,3.0,2.0,1.0,8,0,0,0,0,0,0,0,Apartment,Freehold,Non Bumi Lot,Medium,Penang
420000,800.0,3.0,2.0,1.0,3,0,0,0,0,0,0,0,Apartment,Leasehold,Non Bumi Lot,Medium,Penang
420000,800.0,3.0,2.0,2.0,3,0,0,0,0,0,0,0,Apartment,Leasehold,Non Bumi Lot,Medium,Penang
399000,700.0,3.0,2.0,1.0,7,0,0,0,0,0,0,0,Apartment,Freehold,Non Bumi Lot,Low,Penang
175000,624.0,2.0,1.0,1.0,0,1,1,1,1,0,0,0,Flat,Leasehold,Non Bumi Lot,Unknown,Kuala Lumpur
140000,628.0,3.0,2.0,1.0,4,1,0,0,0,0,1,0,Apartment,Leasehold,Bumi Lot,Medium,Selangor
360000,1049.0,3.0,2.0,1.0,8,0,0,0,0,0,0,0,Condominium,Leasehold,Bumi Lot,Medium,Selangor
420000,1050.0,4.0,2.0,1.0,6,1,1,1,0,0,0,0,Condominium,Leasehold,Bumi Lot,Unknown,Kuala Lumpur
375000,999.0,3.0,2.0,1.0,4,0,0,0,0,0,0,0,Condominium,Leasehold,Bumi Lot,Low,Selangor
529000,1328.0,4.0,2.0,2.0,10,1,1,1,0,1,1,0,Condominium,Leasehold,Non Bumi Lot,High,Kuala Lumpur
433094,1399.0,4.0,3.0,2.0,5,0,0,0,0,0,0,0,Condominium,Freehold,Non Bumi Lot,Medium,Putrajaya
120000,775.0,3.0,2.0,1.0,0,0,0,0,0,0,0,0,Apartment,Leasehold,Bumi Lot,Unknown,Selangor
485000,1035.0,3.0,2.0,1.0,0,0,0,0,0,0,0,0,Apartment,Freehold,Non Bumi Lot,Medium,Johor
350000,1090.0,3.0,2.0,1.0,0,0,0,0,1,0,0,0,Service Residence,Freehold,Non Bumi Lot,Unknown,Selangor
250000,815.0,3.0,2.0,1.0,1,1,1,1,1,1,0,1,Apartment,Leasehold,Bumi Lot,Unknown,Kuala Lumpur
510000,856.0,3.0,2.0,2.0,5,0,0,0,0,0,0,0,Condominium,Freehold,Non Bumi Lot,Medium,Penang
660000,1600.0,4.0,3.0,2.0,9,0,0,0,0,0,0,0,Condominium,Freehold,Non Bumi Lot,Medium,Penang
330000,700.0,3.0,2.0,1.0,5,0,0,0,0,0,0,0,Apartment,Freehold,Non Bumi Lot,Medium,Penang
340000,750.0,3.0,2.0,1.0,6,0,0,0,0,0,0,0,Apartment,Freehold,Non Bumi Lot,Low,Penang
690000,1353.0,3.0,2.0,2.0,5,0,0,0,0,0,0,0,Service Residence,Freehold,Non Bumi Lot,Medium,Penang
168000,465.0,1.0,1.0,1.0,8,0,0,0,0,0,0,0,Apartment,Leasehold,Non Bumi Lot,High,Selangor
535000,1207.0,4.0,2.0,1.0,6,1,0,0,0,1,1,0,Service Residence,Leasehold,Non Bumi Lot,Low,Kuala Lumpur
250000,1007.0,3.0,2.0,1.0,5,0,0,0,0,0,0,0,Apartment,Leasehold,Bumi Lot,Low,Sabah
1870000,1701.0,4.0,3.0,3.0,14,0,0,0,0,0,0,0,Condominium,Freehold,Non Bumi Lot,Unknown,Penang
823628,1002.0,2.0,2.0,2.0,5,1,1,0,1,1,1,1,Service Residence,Freehold,Non Bumi Lot,Medium,Kuala Lumpur
230000,750.0,3.0,2.0,1.0,0,0,0,0,0,0,0,0,Apartment,Freehold,Non Bumi Lot,Medium,Selangor
195000,650.0,3.0,2.0,1.0,4,1,0,0,0,1,1,0,Apartment,Freehold,Non Bumi Lot,Unknown,Selangor
230000,835.0,3.0,2.0,1.0,0,0,0,1,1,1,0,0,Apartment,Leasehold,Bumi Lot,Low,Selangor
2100000,2184.0,4.0,3.0,4.0,14,0,0,0,0,0,0,0,Condominium,Freehold,Non Bumi Lot,Unknown,Penang
920000,1302.0,4.0,3.0,2.0,14,0,0,0,0,0,0,0,Condominium,Freehold,Non Bumi Lot,High,Penang
340000,868.0,3.0,2.0,1.0,6,0,0,1,0,0,1,0,Apartment,Leasehold,Bumi Lot,Unknown,Selangor
325000,1016.0,3.0,2.0,1.0,3,1,0,1,1,1,0,0,Apartment,Leasehold,Non Bumi Lot,Unknown,Kuala Lumpur
258000,912.0,4.0,2.0,1.0,4,0,0,0,0,0,0,0,Apartment,Freehold,Non Bumi Lot,Low,Johor
260000,883.0,3.0,2.0,1.0,0,1,0,0,0,0,0,0,Apartment,Leasehold,Bumi Lot,Unknown,Kuala Lumpur
305000,950.0,3.0,2.0,1.0,7,0,0,0,0,0,0,0,Apartment,Leasehold,Non Bumi Lot,Unknown,Kuala Lumpur
405000,1018.0,3.0,2.0,1.0,0,1,0,0,0,1,1,0,Apartment,Leasehold,Non Bumi Lot,Unknown,Kuala Lumpur
443000,915.0,3.0,2.0,2.0,10,0,0,0,0,0,0,0,Service Residence,Freehold,Non Bumi Lot,Unknown,Selangor
660000,1270.0,3.0,2.0,2.0,0,0,0,0,0,0,0,0,Condominium,Freehold,Bumi Lot,Unknown,Penang
190000,614.0,3.0,1.0,1.0,0,0,0,0,0,0,0,0,Apartment,Freehold,Non Bumi Lot,Low,Penang
288888,818.0,2.0,2.0,1.0,7,0,0,0,0,0,0,0,Apartment,Leasehold,Non Bumi Lot,Medium,Johor
878720,1003.0,3.0,2.0,2.0,5,1,1,0,1,1,1,1,Service Residence,Freehold,Non Bumi Lot,Medium,Kuala Lumpur
576000,1346.0,3.0,2.0,2.0,0,0,0,0,0,0,0,0,Condominium,Leasehold,Non Bumi Lot,Medium,Sabah
140000,650.0,2.0,1.0,1.0,4,0,0,0,0,0,0,0,Apartment,Leasehold,Non Bumi Lot,High,Sarawak
562880,609.0,1.0,1.0,1.0,5,1,1,0,1,1,1,1,Service Residence,Freehold,Non Bumi Lot,Medium,Kuala Lumpur
674969,826.0,2.0,2.0,1.0,5,1,1,0,1,1,1,1,Service Residence,Freehold,Non Bumi Lot,Medium,Kuala Lumpur
200000,945.0,3.0,2.0,1.0,3,0,0,0,0,0,0,0,Apartment,Leasehold,Non Bumi Lot,Low,Kuala Lumpur
170000,756.0,3.0,2.0,1.0,0,0,0,0,1,0,0,0,Apartment,Freehold,Bumi Lot,Medium,Selangor
2700000,6000.0,5.0,5.0,3.0,3,0,0,0,0,0,0,0,Condominium,Leasehold,Non Bumi Lot,High,Sabah
199999,768.0,3.0,2.0,1.0,5,0,0,0,0,0,0,0,Apartment,Leasehold,Non Bumi Lot,Medium,Selangor
280000,753.0,3.0,2.0,1.0,6,0,0,0,0,0,0,0,Condominium,Freehold,Non Bumi Lot,Low,Kuala Lumpur
155000,650.0,3.0,2.0,1.0,2,1,0,0,0,1,1,0,Apartment,Leasehold,Non Bumi Lot,Medium,Selangor
330000,855.0,3.0,2.0,1.0,5,0,0,0,0,0,0,0,Service Residence,Freehold,Non Bumi Lot,Unknown,Selangor
279999,861.0,3.0,2.0,1.0,3,0,0,1,1,0,1,0,Apartment,Leasehold,Non Bumi Lot,Unknown,Kuala Lumpur
299999,1600.0,3.0,2.0,1.0,5,0,0,0,0,1,0,0,Condominium,Freehold,Bumi Lot,Unknown,Selangor
275000,833.0,3.0,2.0,1.0,0,1,1,1,1,0,1,0,Apartment,Leasehold,Non Bumi Lot,Unknown,Selangor
350000,927.0,3.0,2.0,1.0,3,1,0,0,1,1,1,0,Condominium,Leasehold,Bumi Lot,Unknown,Kuala Lumpur
215000,600.0,2.0,1.0,2.0,2,0,0,0,0,0,0,0,Flat,Leasehold,Non Bumi Lot,Low,Kuala Lumpur
460000,860.0,3.0,2.0,2.0,7,0,0,0,0,0,0,0,Condominium,Freehold,Non Bumi Lot,Unknown,Penang
450000,860.0,3.0,2.0,1.0,7,0,0,0,0,0,0,0,Condominium,Freehold,Non Bumi Lot,Unknown,Penang
450000,860.0,3.0,2.0,2.0,7,0,0,0,0,0,0,0,Condominium,Freehold,Non Bumi Lot,Unknown,Penang
420000,860.0,3.0,2.0,1.0,7,0,0,0,0,0,0,0,Condominium,Freehold,Non Bumi Lot,Unknown,Penang
380000,700.0,3.0,2.0,1.0,8,0,0,0,0,0,0,0,Apartment,Freehold,Non Bumi Lot,Medium,Penang
380000,700.0,3.0,2.0,1.0,3,0,0,0,0,0,0,0,Apartment,Freehold,Non Bumi Lot,Low,Penang
530000,1000.0,3.0,2.0,2.0,9,0,0,0,0,0,0,0,Apartment,Freehold,Non Bumi Lot,High,Penang
740000,1270.0,3.0,2.0,2.0,5,0,0,0,0,0,0,0,Condominium,Freehold,Non Bumi Lot,Medium,Penang
910000,1313.0,3.0,3.0,3.0,5,0,0,0,0,0,0,0,Condominium,Freehold,Non Bumi Lot,Medium,Penang
518000,947.0,3.0,2.0,2.0,10,0,0,0,0,0,0,0,Condominium,Leasehold,Non Bumi Lot,High,Penang
246000,697.0,2.0,2.0,1.0,1,1,1,0,1,1,1,0,Flat,Leasehold,Bumi Lot,Unknown,Kuala Lumpur
368000,954.0,3.0,2.0,1.0,9,0,0,0,0,0,0,0,Service Residence,Freehold,Non Bumi Lot,Medium,Johor
210000,750.0,3.0,2.0,1.0,3,1,0,0,0,0,0,0,Apartment,Leasehold,Bumi Lot,Low,Selangor
60000,454.0,1.0,1.0,1.0,3,0,0,0,0,0,0,0,Apartment,Freehold,Bumi Lot,Medium,Negeri Sembilan
2250000,2872.0,4.0,5.0,3.0,6,0,0,0,0,0,0,0,Duplex,Freehold,Malay Reserved,Low,Kuala Lumpur
315000,800.0,3.0,2.0,1.0,2,0,0,0,0,0,0,0,Apartment,Leasehold,Bumi Lot,Unknown,Selangor
600000,1244.0,3.0,2.0,2.0,10,0,0,0,0,0,0,0,Apartment,Freehold,Non Bumi Lot,Medium,Johor
550000,1041.0,3.0,2.0,2.0,4,0,0,0,0,0,0,0,Condominium,Freehold,Non Bumi Lot,Medium,Penang
550000,1650.0,4.0,2.0,2.0,5,0,0,0,0,0,0,0,Condominium,Freehold,Non Bumi Lot,High,Penang
780000,1036.0,3.0,2.0,2.0,11,0,0,0,0,0,0,0,Condominium,Freehold,Non Bumi Lot,High,Penang
165000,550.0,2.0,2.0,1.0,0,0,0,0,0,0,0,0,Flat,Freehold,Non Bumi Lot,Medium,Penang
543000,1050.0,3.0,2.0,2.0,6,0,0,0,0,0,0,0,Condominium,Freehold,Non Bumi Lot,High,Penang
1250000,1788.0,4.0,3.0,2.0,11,1,1,0,0,1,1,1,Condominium,Freehold,Non Bumi Lot,Unknown,Kuala Lumpur
729000,1590.0,4.0,2.0,2.0,13,1,0,0,0,1,1,0,Condominium,Freehold,Non Bumi Lot,High,Kuala Lumpur
193000,450.0,3.0,2.0,2.0,11,0,0,0,0,0,0,0,Service Residence,Freehold,Non Bumi Lot,Unknown,Selangor
470000,1240.0,2.0,2.0,2.0,10,0,0,0,0,0,0,0,Apartment,Freehold,Non Bumi Lot,Low,Kuala Lumpur
445000,940.0,3.0,2.0,1.0,0,0,0,0,0,0,0,0,Service Residence,Freehold,Bumi Lot,Unknown,Kuala Lumpur
388000,982.0,3.0,2.0,1.0,5,1,0,0,1,0,1,0,Condominium,Freehold,Non Bumi Lot,Unknown,Kuala Lumpur
250000,870.0,3.0,2.0,1.0,8,0,0,0,0,0,0,0,Apartment,Leasehold,Bumi Lot,Unknown,Selangor
120000,560.0,2.0,1.0,1.0,0,1,1,0,1,1,1,0,Flat,Freehold,Non Bumi Lot,High,Selangor
410000,1040.0,3.0,2.0,1.0,7,1,1,0,1,0,1,0,Apartment,Freehold,Non Bumi Lot,Unknown,Kuala Lumpur
109000,650.0,3.0,2.0,1.0,3,0,0,0,0,0,1,0,Flat,Leasehold,Bumi Lot,Medium,Selangor
490000,975.0,2.0,2.0,1.0,13,1,0,0,0,1,1,0,Condominium,Freehold,Non Bumi Lot,Medium,Kuala Lumpur
595000,1520.0,3.0,2.0,2.0,0,0,0,0,0,0,0,0,Apartment,Freehold,Non Bumi Lot,Medium,Sarawak
120000,542.0,2.0,1.0,1.0,0,0,0,0,0,0,0,0,Apartment,Freehold,Non Bumi Lot,Medium,Selangor
188000,450.0,3.0,2.0,2.0,11,0,0,0,0,0,0,0,Service Residence,Freehold,Non Bumi Lot,Unknown,Selangor
218000,818.0,3.0,2.0,1.0,7,0,0,0,0,0,0,0,Apartment,Freehold,Non Bumi Lot,Medium,Johor
425000,1417.0,3.0,2.0,1.0,0,0,0,0,0,0,0,0,Condominium,Leasehold,Non Bumi Lot,Unknown,Kuala Lumpur
155000,850.0,3.0,2.0,1.0,5,0,0,0,0,0,0,0,Flat,Freehold,Non Bumi Lot,High,Johor
270000,1023.0,3.0,2.0,1.0,9,0,1,1,0,0,0,0,Condominium,Leasehold,Non Bumi Lot,Unknown,Selangor
310000,1050.0,3.0,2.0,1.0,9,0,0,0,0,0,0,0,Condominium,Freehold,Non Bumi Lot,Low,Melaka
330000,618.0,1.0,1.0,1.0,9,0,0,0,0,0,1,0,Service Residence,Leasehold,Non Bumi Lot,Unknown,Kuala Lumpur
240000,650.0,2.0,1.0,1.0,2,0,0,0,0,0,0,0,Flat,Leasehold,Non Bumi Lot,Medium,Kuala Lumpur
225000,850.0,3.0,2.0,1.0,3,1,0,1,0,0,1,0,Apartment,Leasehold,Non Bumi Lot,Low,Selangor
410000,1262.0,4.0,2.0,2.0,6,0,0,0,0,0,0,1,Apartment,Freehold,Non Bumi Lot,Medium,Selangor
420000,893.0,3.0,2.0,1.0,8,0,0,0,0,0,0,0,Condominium,Freehold,Non Bumi Lot,High,Selangor
470000,890.0,3.0,3.0,2.0,14,0,0,0,0,0,0,0,Condominium,Freehold,Non Bumi Lot,Medium,Putrajaya
360000,1130.0,3.0,2.0,2.0,13,0,0,0,0,0,0,0,Apartment,Leasehold,Non Bumi Lot,Medium,Perak
620000,1130.0,3.0,2.0,1.0,0,0,0,0,0,0,0,0,Service Residence,Freehold,Non Bumi Lot,Unknown,Sarawak
120000,650.0,3.0,2.0,1.0,0,0,0,0,0,0,0,0,Flat,Freehold,Non Bumi Lot,Low,Penang
250000,926.0,3.0,2.0,1.0,8,0,0,0,0,0,0,0,Apartment,Leasehold,Non Bumi Lot,Unknown,Selangor
590000,1200.0,3.0,2.0,2.0,14,0,0,0,0,0,0,0,Condominium,Freehold,Non Bumi Lot,Medium,Putrajaya
130000,650.0,3.0,2.0,1.0,4,0,0,0,0,0,1,0,Apartment,Freehold,Non Bumi Lot,Unknown,Kuala Lumpur
489999,1365.0,3.0,2.0,1.0,0,0,0,0,0,0,0,0,Service Residence,Leasehold,Bumi Lot,Unknown,Selangor
400000,1100.0,3.0,2.0,1.0,7,1,0,0,0,1,1,0,Condominium,Leasehold,Non Bumi Lot,Unknown,Kuala Lumpur
300000,900.0,3.0,2.0,1.0,5,1,0,0,0,0,0,0,Apartment,Leasehold,Non Bumi Lot,Unknown,Selangor
200000,840.0,3.0,3.0,1.0,2,0,0,0,0,0,0,0,Apartment,Freehold,Non Bumi Lot,Unknown,Selangor
400000,1299.0,3.0,2.0,1.0,5,1,1,0,1,1,1,0,Condominium,Freehold,Non Bumi Lot,Unknown,Kuala Lumpur
190000,700.0,3.0,2.0,1.0,0,0,0,0,0,0,0,0,Flat,Leasehold,Bumi Lot,Unknown,Kuala Lumpur
380000,700.0,3.0,2.0,1.0,7,0,0,0,0,0,0,0,Apartment,Freehold,Non Bumi Lot,Medium,Penang
800000,1175.0,3.0,2.0,2.0,5,0,0,0,0,0,0,0,Condominium,Freehold,Non Bumi Lot,High,Penang
840000,1338.0,3.0,2.0,2.0,7,0,0,0,0,0,0,0,Condominium,Freehold,Non Bumi Lot,High,Penang
520000,1000.0,3.0,2.0,2.0,9,0,0,0,0,0,0,0,Apartment,Freehold,Non Bumi Lot,High,Penang
388000,700.0,3.0,2.0,1.0,7,0,0,0,0,0,0,0,Condominium,Freehold,Non Bumi Lot,Low,Penang
393000,700.0,3.0,2.0,1.0,8,0,0,0,0,0,0,0,Apartment,Freehold,Non Bumi Lot,High,Penang
313000,650.0,3.0,2.0,1.0,6,0,0,0,0,0,0,0,Apartment,Freehold,Non Bumi Lot,Low,Penang
220000,855.0,2.0,2.0,1.0,0,0,0,0,0,0,0,0,Condominium,Leasehold,Non Bumi Lot,High,Kuala Lumpur
105000,671.0,3.0,2.0,2.0,0,1,0,0,0,1,0,0,Apartment,Leasehold,Non Bumi Lot,Medium,Selangor
265000,700.0,3.0,2.0,1.0,0,0,0,0,0,0,0,0,Apartment,Leasehold,Non Bumi Lot,High,Penang
115000,700.0,3.0,2.0,2.0,0,0,0,0,0,0,0,0,Apartment,Leasehold,Non Bumi Lot,Low,Unknown
380000,1062.0,4.0,2.0,1.0,8,1,1,0,1,1,1,0,Service Residence,Freehold,Non Bumi Lot,Unknown,Selangor
445000,1068.0,3.0,2.0,1.0,10,0,0,0,0,0,0,0,Condominium,Leasehold,Non Bumi Lot,High,Johor
600000,1285.0,4.0,3.0,1.0,10,0,0,0,0,0,0,0,Condominium,Freehold,Non Bumi Lot,High,Penang
460000,856.0,3.0,2.0,1.0,5,0,0,0,0,0,0,0,Condominium,Freehold,Non Bumi Lot,Medium,Penang
530000,1091.0,3.0,2.0,1.0,10,0,0,0,0,0,0,0,Condominium,Freehold,Non Bumi Lot,Medium,Penang
350000,700.0,3.0,2.0,1.0,9,0,0,0,0,0,0,0,Apartment,Freehold,Non Bumi Lot,Medium,Penang
99000,560.0,2.0,1.0,2.0,2,0,0,0,0,0,0,0,Flat,Freehold,Non Bumi Lot,High,Johor
500000,887.0,3.0,2.0,1.0,10,0,0,0,0,0,0,0,Condominium,Freehold,Non Bumi Lot,High,Penang
430000,850.0,3.0,2.0,2.0,9,0,0,0,0,0,0,0,Condominium,Freehold,Non Bumi Lot,Medium,Penang
249000,663.0,2.0,2.0,1.0,14,0,0,0,0,0,0,0,Apartment,Freehold,Non Bumi Lot,Medium,Johor
1150000,2337.0,5.0,4.0,4.0,14,0,0,0,0,0,0,0,Condominium,Freehold,Non Bumi Lot,High,Penang
500000,1473.0,3.0,2.0,2.0,11,1,1,1,0,1,1,0,Condominium,Leasehold,Bumi Lot,High,Kuala Lumpur
538000,624.0,1.0,1.0,1.0,0,1,1,1,1,1,1,0,Service Residence,Freehold,Non Bumi Lot,Medium,Kuala Lumpur
245000,870.0,3.0,2.0,1.0,6,0,0,0,0,0,0,0,Apartment,Leasehold,Bumi Lot,Unknown,Selangor
420000,838.0,3.0,2.0,1.0,9,0,0,0,0,0,0,0,Condominium,Freehold,Non Bumi Lot,Unknown,Penang
600000,840.0,3.0,2.0,2.0,11,1,1,0,1,1,0,0,Service Residence,Freehold,Bumi Lot,Medium,Kuala Lumpur
375000,900.0,3.0,2.0,1.0,4,0,0,0,0,0,0,0,Condominium,Freehold,Non Bumi Lot,Unknown,Selangor
180000,850.0,3.0,2.0,1.0,5,0,0,0,0,0,0,0,Flat,Freehold,Non Bumi Lot,Low,Johor
225000,850.0,3.0,2.0,1.0,2,0,0,0,0,0,0,0,Apartment,Freehold,Non Bumi Lot,Medium,Johor
295000,742.0,3.0,1.0,1.0,4,1,1,0,0,1,1,1,Apartment,Freehold,Non Bumi Lot,Medium,Kuala Lumpur
380000,460.0,1.0,1.0,1.0,14,0,0,0,0,0,0,0,Service Residence,Freehold,Non Bumi Lot,Unknown,Pahang
420000,650.0,1.0,1.0,1.0,14,1,0,0,0,1,1,0,Service Residence,Freehold,Non Bumi Lot,Medium,Selangor
415000,1059.0,3.0,2.0,1.0,10,1,0,1,1,0,0,0,Condominium,Leasehold,Non Bumi Lot,Low,Selangor
339000,893.0,3.0,2.0,2.0,8,0,0,0,0,0,0,0,Service Residence,Freehold,Non Bumi Lot,High,Selangor
410000,1238.0,3.0,2.0,1.0,14,1,1,0,0,1,1,0,Condominium,Leasehold,Non Bumi Lot,Unknown,Kuala Lumpur
140000,650.0,3.0,2.0,1.0,2,0,0,0,0,0,0,0,Apartment,Freehold,Non Bumi Lot,Unknown,Kuala Lumpur
430000,1334.0,4.0,2.0,1.0,8,0,0,0,0,0,0,0,Condominium,Freehold,Non Bumi Lot,High,Penang
315000,1156.0,5.0,3.0,1.0,5,0,0,0,0,0,0,0,Condominium,Freehold,Bumi Lot,High,Selangor
310000,1100.0,3.0,2.0,1.0,6,1,1,1,1,1,0,0,Condominium,Freehold,Non Bumi Lot,Medium,Kuala Lumpur
520000,865.0,3.0,2.0,2.0,4,1,0,1,0,1,1,1,Service Residence,Freehold,Non Bumi Lot,Medium,Selangor
360000,954.0,3.0,2.0,1.0,4,0,0,0,0,0,0,0,Service Residence,Freehold,Non Bumi Lot,Medium,Johor
390000,1250.0,3.0,2.0,1.0,0,1,0,0,0,0,1,0,Condominium,Freehold,Non Bumi Lot,Unknown,Kuala Lumpur
318000,950.0,3.0,2.0,1.0,4,0,0,0,0,0,0,0,Apartment,Freehold,Non Bumi Lot,Unknown,Unknown
700000,980.0,2.0,2.0,1.0,5,0,0,0,0,0,0,0,Service Residence,Freehold,Non Bumi Lot,Unknown,Unknown
350000,1200.0,3.0,2.0,1.0,0,0,0,0,0,0,0,0,Condominium,Freehold,Non Bumi Lot,Unknown,Unknown
379888,665.0,3.0,2.0,1.0,8,0,0,0,0,0,0,0,Apartment,Freehold,Non Bumi Lot,Medium,Penang
228000,850.0,3.0,2.0,1.0,4,0,0,0,0,0,0,0,Apartment,Leasehold,Non Bumi Lot,Low,Johor
238000,850.0,3.0,2.0,1.0,4,0,0,0,0,0,0,0,Apartment,Leasehold,Non Bumi Lot,Medium,Johor
358000,997.0,3.0,2.0,1.0,8,1,0,0,0,1,1,1,Condominium,Freehold,Bumi Lot,Unknown,Kuala Lumpur
393000,1378.0,3.0,2.0,1.0,4,0,0,0,0,0,0,0,Condominium,Freehold,Bumi Lot,Unknown,Kuala Lumpur
320000,1141.0,3.0,2.0,1.0,8,0,1,0,1,0,0,0,Condominium,Leasehold,Bumi Lot,Unknown,Kuala Lumpur
425000,1200.0,3.0,2.0,1.0,10,1,0,0,0,1,1,0,Condominium,Freehold,Bumi Lot,Unknown,Kuala Lumpur
388000,972.0,2.0,2.0,1.0,4,0,0,0,0,0,0,0,Apartment,Freehold,Non Bumi Lot,Medium,Johor
220000,551.0,2.0,1.0,1.0,3,0,0,0,0,0,0,0,Flat,Leasehold,Non Bumi Lot,High,Kuala Lumpur
178000,550.0,2.0,1.0,1.0,1,1,1,0,1,0,1,0,Apartment,Freehold,Non Bumi Lot,Unknown,Kuala Lumpur
450000,650.0,1.0,1.0,1.0,14,1,1,0,1,1,1,0,Condominium,Freehold,Non Bumi Lot,Medium,Selangor
450000,950.0,3.0,2.0,2.0,11,0,0,0,0,0,0,0,Apartment,Leasehold,Non Bumi Lot,Unknown,Kuala Lumpur
289000,1159.0,3.0,2.0,1.0,7,0,0,0,0,0,0,0,Apartment,Leasehold,Non Bumi Lot,Unknown,Selangor
360000,700.0,3.0,2.0,1.0,6,0,0,0,0,0,0,0,Apartment,Freehold,Non Bumi Lot,Unknown,Penang
160000,853.0,3.0,2.0,1.0,1,0,0,1,0,0,0,0,Apartment,Freehold,Non Bumi Lot,Unknown,Selangor
448500,1110.0,3.0,2.0,2.0,7,0,0,0,0,0,0,0,Condominium,Freehold,Non Bumi Lot,Medium,Penang
228000,1045.0,3.0,2.0,1.0,4,0,0,0,0,0,0,0,Apartment,Leasehold,Non Bumi Lot,High,Selangor
228000,920.0,4.0,2.0,1.0,5,0,0,0,0,0,0,0,Apartment,Freehold,Non Bumi Lot,Medium,Johor
379000,1144.0,3.0,2.0,1.0,8,1,0,0,1,0,0,0,Condominium,Leasehold,Non Bumi Lot,Medium,Selangor
189000,600.0,2.0,1.0,1.0,1,0,0,0,0,0,0,0,Apartment,Leasehold,Non Bumi Lot,Medium,Penang
320000,1167.0,3.0,2.0,1.0,7,0,0,0,0,0,0,0,Condominium,Freehold,Non Bumi Lot,Unknown,Kuala Lumpur
350000,430.0,2.0,2.0,1.0,0,1,1,1,1,1,1,0,Service Residence,Leasehold,Non Bumi Lot,Unknown,Kuala Lumpur
570000,1044.0,3.0,2.0,2.0,14,1,0,0,0,1,1,0,Condominium,Leasehold,Non Bumi Lot,Medium,Kuala Lumpur
210000,650.0,3.0,2.0,1.0,2,0,0,0,0,0,0,0,Apartment,Leasehold,Non Bumi Lot,Unknown,Penang
245000,650.0,3.0,2.0,1.0,5,0,0,0,0,0,0,0,Apartment,Leasehold,Non Bumi Lot,Unknown,Penang
610000,1113.0,3.0,2.0,2.0,7,0,0,0,0,0,0,0,Condominium,Leasehold,Non Bumi Lot,Unknown,Penang
438000,972.0,2.0,2.0,1.0,5,0,0,0,0,0,0,0,Apartment,Freehold,Non Bumi Lot,Medium,Johor
260000,820.0,3.0,2.0,1.0,7,1,0,0,0,1,1,0,Apartment,Freehold,Non Bumi Lot,Medium,Selangor
365000,1012.0,3.0,2.0,1.0,5,0,0,0,0,0,0,0,Apartment,Freehold,Non Bumi Lot,Low,Selangor
198000,447.0,1.0,1.0,1.0,7,0,0,0,0,0,0,0,Condominium,Freehold,Non Bumi Lot,Unknown,Selangor
299999,1150.0,3.0,2.0,1.0,0,0,0,0,0,0,0,0,Apartment,Freehold,Non Bumi Lot,Unknown,Selangor
180000,852.0,3.0,2.0,1.0,4,1,1,0,1,1,1,0,Apartment,Leasehold,Non Bumi Lot,Unknown,Selangor
245000,815.0,3.0,2.0,1.0,0,0,0,0,0,0,0,0,Apartment,Freehold,Non Bumi Lot,Unknown,Selangor
210000,450.0,1.0,1.0,1.0,6,1,1,0,0,1,1,0,Condominium,Freehold,Non Bumi Lot,Unknown,Selangor
330000,714.0,2.0,2.0,1.0,6,0,0,0,0,0,0,0,Service Residence,Leasehold,Non Bumi Lot,Unknown,Selangor
263000,967.0,3.0,2.0,1.0,7,0,0,0,0,0,0,0,Apartment,Freehold,Non Bumi Lot,Medium,Selangor
330000,1010.0,3.0,2.0,1.0,7,1,1,1,1,0,1,0,Apartment,Leasehold,Non Bumi Lot,Unknown,Kuala Lumpur
448000,1001.0,3.0,2.0,2.0,9,1,0,0,0,1,0,0,Service Residence,Leasehold,Non Bumi Lot,High,Selangor
790000,1345.0,3.0,2.0,2.0,10,0,0,0,0,0,0,0,Condominium,Freehold,Non Bumi Lot,Medium,Penang
345000,680.0,3.0,2.0,1.0,9,0,0,0,0,0,0,0,Apartment,Freehold,Non Bumi Lot,High,Penang
675000,1012.0,3.0,2.0,2.0,8,0,0,0,0,0,0,0,Condominium,Leasehold,Non Bumi Lot,High,Penang
930000,1464.0,4.0,3.0,2.0,8,0,0,0,0,0,0,0,Condominium,Leasehold,Non Bumi Lot,Low,Penang
380000,915.0,3.0,2.0,1.0,8,0,0,0,0,0,0,0,Condominium,Freehold,Non Bumi Lot,High,Putrajaya
199990,750.0,3.0,2.0,1.0,3,1,0,0,0,0,0,0,Apartment,Leasehold,Bumi Lot,Low,Selangor
199900,850.0,3.0,2.0,1.0,4,0,0,0,0,0,0,0,Apartment,Freehold,Bumi Lot,Medium,Selangor
99000,624.0,3.0,2.0,1.0,0,0,0,0,0,0,0,0,Apartment,Freehold,Non Bumi Lot,Low,Penang
330000,920.0,3.0,2.0,2.0,7,1,0,0,1,1,1,0,Condominium,Leasehold,Non Bumi Lot,Medium,Kuala Lumpur
230000,581.0,2.0,2.0,1.0,6,0,0,0,0,0,0,0,Apartment,Leasehold,Non Bumi Lot,Medium,Penang
338000,750.0,3.0,2.0,1.0,3,0,0,0,0,0,0,0,Apartment,Freehold,Non Bumi Lot,Medium,Penang
145000,650.0,3.0,1.0,1.0,0,0,0,0,0,0,0,0,Apartment,Leasehold,Non Bumi Lot,Unknown,Kuala Lumpur
163000,790.0,3.0,2.0,1.0,0,1,0,0,0,1,0,0,Apartment,Freehold,Non Bumi Lot,Medium,Selangor
315000,890.0,3.0,2.0,1.0,0,0,0,0,0,0,0,0,Apartment,Leasehold,Non Bumi Lot,Medium,Johor
355000,700.0,3.0,2.0,1.0,6,0,0,0,0,0,0,0,Apartment,Freehold,Non Bumi Lot,High,Penang
698000,1271.0,4.0,2.0,2.0,5,0,0,0,0,0,0,0,Condominium,Freehold,Non Bumi Lot,High,Penang
480000,900.0,3.0,2.0,2.0,5,0,0,0,0,0,0,0,Condominium,Freehold,Non Bumi Lot,Low,Penang
510000,887.0,3.0,2.0,1.0,10,0,0,0,0,0,0,0,Condominium,Freehold,Non Bumi Lot,Medium,Penang
680000,1066.0,4.0,2.0,2.0,6,1,1,0,0,1,0,0,Condominium,Freehold,Non Bumi Lot,High,Selangor
345000,865.0,3.0,2.0,1.0,7,0,0,0,0,0,0,0,Apartment,Freehold,Non Bumi Lot,Medium,Selangor
295000,850.0,3.0,2.0,1.0,7,0,0,0,0,0,0,0,Apartment,Freehold,Non Bumi Lot,Medium,Johor
608000,1300.0,2.0,3.0,1.0,9,0,0,0,0,0,0,0,Condominium,Leasehold,Non Bumi Lot,Low,Sabah
390000,719.0,2.0,1.0,1.0,0,1,0,0,0,1,1,0,Apartment,Leasehold,Non Bumi Lot,Unknown,Kuala Lumpur
468000,1135.0,3.0,2.0,2.0,1,0,0,0,0,0,0,0,Condominium,Leasehold,Non Bumi Lot,Unknown,Unknown
3039000,1894.0,3.0,3.0,2.0,7,0,0,0,0,0,0,0,Condominium,Freehold,Non Bumi Lot,Unknown,Unknown
168000,753.0,3.0,2.0,2.0,6,0,0,0,0,0,0,0,Apartment,Freehold,Non Bumi Lot,Low,Selangor
380000,1009.0,3.0,2.0,2.0,11,1,0,0,0,1,1,0,Service Residence,Leasehold,Non Bumi Lot,Medium,Kuala Lumpur
450000,1142.0,4.0,2.0,1.0,8,0,0,0,0,0,0,0,Condominium,Leasehold,Bumi Lot,Medium,Kuala Lumpur
318000,973.0,3.0,2.0,1.0,9,0,0,0,0,0,0,0,Condominium,Leasehold,Non Bumi Lot,Medium,Johor
221000,700.0,3.0,2.0,1.0,2,0,0,0,0,0,0,0,Apartment,Freehold,Non Bumi Lot,Medium,Putrajaya
398000,720.0,1.0,1.0,1.0,7,1,1,1,1,1,1,0,Condominium,Freehold,Non Bumi Lot,Unknown,Kuala Lumpur
255000,870.0,3.0,2.0,1.0,8,0,0,0,0,0,0,0,Apartment,Leasehold,Bumi Lot,Medium,Selangor
738000,1281.0,4.0,3.0,2.0,10,0,0,0,0,0,0,0,Condominium,Leasehold,Non Bumi Lot,High,Penang
389000,1096.0,3.0,2.0,1.0,7,0,0,0,0,0,0,0,Condominium,Leasehold,Non Bumi Lot,Unknown,Selangor
200000,750.0,3.0,2.0,1.0,0,0,0,0,0,0,0,0,Condominium,Leasehold,Non Bumi Lot,Unknown,Kuala Lumpur
205000,850.0,3.0,2.0,1.0,4,1,1,0,0,1,1,0,Apartment,Leasehold,Non Bumi Lot,Unknown,Kuala Lumpur
400000,1050.0,3.0,2.0,1.0,8,1,0,0,0,1,1,0,Condominium,Freehold,Non Bumi Lot,Unknown,Kuala Lumpur
185000,750.0,3.0,2.0,1.0,3,0,0,0,0,0,0,0,Flat,Leasehold,Bumi Lot,Medium,Selangor
260000,1185.0,3.0,2.0,2.0,2,0,0,0,0,0,0,0,Apartment,Freehold,Non Bumi Lot,Unknown,Selangor
410000,698.0,2.0,1.0,1.0,5,1,0,0,1,1,1,0,Condominium,Leasehold,Non Bumi Lot,Medium,Kuala Lumpur
330000,1212.0,3.0,2.0,1.0,2,0,0,0,0,0,0,0,Apartment,Freehold,Non Bumi Lot,Unknown,Selangor
265000,800.0,3.0,2.0,1.0,4,0,0,0,0,0,0,0,Apartment,Leasehold,Bumi Lot,Unknown,Selangor
280000,810.0,2.0,2.0,1.0,0,0,0,0,0,0,0,0,Service Residence,Freehold,Non Bumi Lot,High,Johor
378000,1006.0,3.0,2.0,1.0,10,0,0,0,0,0,0,0,Condominium,Leasehold,Non Bumi Lot,High,Sarawak
448500,1100.0,3.0,2.0,2.0,4,0,0,0,0,0,0,0,Service Residence,Freehold,Non Bumi Lot,Medium,Penang
450000,1206.0,3.0,2.0,1.0,11,0,0,0,0,0,0,0,Condominium,Leasehold,Non Bumi Lot,High,Sarawak
650000,1259.0,3.0,2.0,1.0,9,0,0,0,0,0,0,0,Condominium,Leasehold,Non Bumi Lot,Medium,Sarawak
350000,1000.0,4.0,2.0,2.0,11,1,1,1,0,1,1,0,Service Residence,Leasehold,Non Bumi Lot,Medium,Kuala Lumpur
528000,1265.0,3.0,2.0,1.0,9,1,0,0,0,1,1,0,Condominium,Freehold,Non Bumi Lot,Medium,Kuala Lumpur
550000,1050.0,4.0,3.0,2.0,11,0,0,0,0,0,0,0,Service Residence,Freehold,Non Bumi Lot,High,Kuala Lumpur
280000,700.0,3.0,2.0,1.0,2,0,0,0,0,0,0,0,Apartment,Freehold,Non Bumi Lot,Low,Penang
530000,1200.0,3.0,3.0,2.0,9,0,0,0,0,0,0,0,Condominium,Freehold,Non Bumi Lot,Medium,Kuala Lumpur
495000,1115.0,3.0,2.0,1.0,7,0,0,0,0,0,0,0,Condominium,Leasehold,Non Bumi Lot,Unknown,Penang
600000,1116.0,3.0,2.0,2.0,7,0,0,0,0,0,0,0,Condominium,Leasehold,Non Bumi Lot,Unknown,Penang
350000,1091.0,3.0,2.0,1.0,8,0,0,0,1,0,1,0,Condominium,Freehold,Non Bumi Lot,Unknown,Kuala Lumpur
440000,847.0,2.0,2.0,1.0,0,0,0,0,0,0,0,0,Service Residence,Freehold,Non Bumi Lot,Unknown,Selangor
460000,1100.0,3.0,2.0,2.0,11,1,1,1,0,1,1,0,Condominium,Freehold,Bumi Lot,Low,Selangor
313000,855.0,3.0,2.0,2.0,10,0,0,0,0,0,0,0,Apartment,Freehold,Non Bumi Lot,High,Selangor
108000,800.0,3.0,2.0,1.0,0,0,0,0,0,0,0,0,Flat,Leasehold,Non Bumi Lot,Medium,Selangor
145000,648.0,3.0,2.0,1.0,5,0,0,0,0,0,0,0,Apartment,Freehold,Non Bumi Lot,Low,Selangor
290000,911.0,3.0,2.0,1.0,10,1,0,1,0,1,1,0,Condominium,Freehold,Non Bumi Lot,Unknown,Kuala Lumpur
200000,450.0,1.0,1.0,1.0,0,0,0,0,0,0,0,0,Condominium,Freehold,Non Bumi Lot,Unknown,Selangor
200000,500.0,1.0,1.0,1.0,7,0,0,0,0,0,0,0,Condominium,Freehold,Non Bumi Lot,Unknown,Selangor
160000,813.0,3.0,2.0,1.0,5,0,0,0,0,1,1,1,Apartment,Leasehold,Non Bumi Lot,Unknown,Selangor
240000,450.0,1.0,1.0,1.0,0,1,1,1,0,1,1,0,Condominium,Leasehold,Non Bumi Lot,Unknown,Selangor
270000,418.0,1.0,1.0,1.0,0,0,0,0,0,0,0,0,Service Residence,Freehold,Non Bumi Lot,Unknown,Selangor
235000,454.0,1.0,1.0,1.0,8,1,1,0,0,1,1,0,Service Residence,Leasehold,Non Bumi Lot,Unknown,Selangor
230000,280.0,1.0,1.0,1.0,13,1,1,1,1,1,1,0,Service Residence,Leasehold,Non Bumi Lot,Unknown,Kuala Lumpur
450000,1000.0,3.0,2.0,2.0,3,0,0,0,0,0,0,0,Service Residence,Freehold,Non Bumi Lot,High,Penang
750000,1036.0,3.0,2.0,2.0,11,0,0,0,0,0,0,0,Condominium,Freehold,Non Bumi Lot,Medium,Penang
378000,850.0,3.0,2.0,2.0,7,0,0,0,0,0,0,0,Apartment,Freehold,Non Bumi Lot,Medium,Penang
480000,1060.0,3.0,2.0,2.0,4,0,0,0,0,0,0,0,Condominium,Freehold,Non Bumi Lot,Medium,Penang
480000,887.0,3.0,2.0,2.0,10,0,0,0,0,0,0,0,Condominium,Freehold,Non Bumi Lot,Medium,Penang
255000,700.0,3.0,2.0,1.0,3,0,0,0,0,0,0,0,Apartment,Freehold,Bumi Lot,Low,Putrajaya
835000,1646.0,4.0,3.0,2.0,9,0,0,0,0,0,0,0,Condominium,Freehold,Non Bumi Lot,Medium,Penang
390000,826.0,3.0,2.0,1.0,5,0,0,0,0,0,0,0,Apartment,Freehold,Non Bumi Lot,Low,Penang
815000,1219.0,3.0,2.0,2.0,9,0,0,0,0,0,0,0,Condominium,Freehold,Non Bumi Lot,High,Penang
170000,513.0,2.0,1.0,1.0,3,0,0,0,0,0,0,0,Flat,Leasehold,Non Bumi Lot,Medium,Penang
780000,1036.0,3.0,2.0,2.0,11,0,0,0,0,0,0,0,Condominium,Freehold,Non Bumi Lot,High,Penang
825000,1254.0,3.0,2.0,2.0,9,0,0,0,0,0,0,0,Condominium,Freehold,Non Bumi Lot,Medium,Penang
415000,700.0,3.0,2.0,1.0,7,0,0,0,0,0,0,0,Apartment,Freehold,Non Bumi Lot,Medium,Penang
420000,800.0,3.0,2.0,1.0,7,0,0,0,0,0,0,0,Apartment,Freehold,Non Bumi Lot,Medium,Penang
360000,700.0,3.0,2.0,2.0,7,0,0,0,0,0,0,0,Condominium,Freehold,Non Bumi Lot,Low,Penang
310000,650.0,3.0,2.0,1.0,6,0,0,0,0,0,0,0,Apartment,Freehold,Non Bumi Lot,Low,Penang
305000,650.0,3.0,2.0,1.0,2,0,0,0,0,0,0,0,Apartment,Leasehold,Non Bumi Lot,Medium,Penang
580000,409.0,1.0,1.0,1.0,2,0,0,0,0,0,0,0,Service Residence,Leasehold,Non Bumi Lot,High,Sabah
164000,650.0,3.0,2.0,1.0,3,1,0,0,1,1,1,1,Flat,Leasehold,Bumi Lot,Low,Selangor
165000,600.0,3.0,2.0,1.0,4,1,0,1,1,0,0,0,Apartment,Leasehold,Bumi Lot,High,Selangor
360000,1012.0,3.0,2.0,1.0,9,1,0,0,0,1,1,0,Condominium,Freehold,Non Bumi Lot,Unknown,Kuala Lumpur
440000,1150.0,3.0,2.0,1.0,7,1,0,1,0,1,1,0,Condominium,Leasehold,Non Bumi Lot,Unknown,Kuala Lumpur
389000,915.0,3.0,2.0,1.0,10,1,0,0,0,1,0,0,Apartment,Leasehold,Non Bumi Lot,Medium,Selangor
488000,1143.0,4.0,2.0,2.0,13,0,0,0,0,0,0,0,Condominium,Leasehold,Non Bumi Lot,Low,Selangor
430000,990.0,3.0,2.0,1.0,10,1,1,1,1,0,1,1,Condominium,Leasehold,Non Bumi Lot,Unknown,Selangor
850000,1467.0,4.0,2.0,2.0,6,0,0,0,0,0,0,0,Condominium,Freehold,Non Bumi Lot,Medium,Penang
630000,1500.0,4.0,3.0,2.0,0,0,0,0,0,0,0,0,Condominium,Freehold,Non Bumi Lot,Medium,Penang
630000,1200.0,3.0,2.0,2.0,5,0,0,0,0,0,0,0,Condominium,Freehold,Non Bumi Lot,High,Penang
1177000,1646.0,4.0,3.0,2.0,9,0,0,0,0,0,0,0,Condominium,Freehold,Non Bumi Lot,High,Penang
170000,630.0,3.0,1.0,1.0,0,0,0,0,0,0,0,0,Apartment,Leasehold,Non Bumi Lot,Medium,Kuala Lumpur
550000,1069.0,3.0,2.0,1.0,8,0,0,0,0,0,0,0,Condominium,Leasehold,Non Bumi Lot,High,Sabah
218000,943.0,3.0,2.0,1.0,5,0,0,0,0,0,0,0,Apartment,Leasehold,Non Bumi Lot,Unknown,Kuala Lumpur
208000,935.0,3.0,2.0,1.0,8,0,0,0,0,0,0,0,Apartment,Freehold,Bumi Lot,High,Johor
430000,1050.0,3.0,2.0,1.0,5,0,0,0,0,0,0,0,Condominium,Freehold,Non Bumi Lot,Medium,Putrajaya
110000,1000.0,1.0,1.0,1.0,0,0,0,0,0,0,0,0,Flat,Freehold,Non Bumi Lot,Medium,Penang
1500000,1528.0,3.0,2.0,2.0,10,0,0,0,0,0,0,0,Condominium,Freehold,Non Bumi Lot,Unknown,Penang
450000,861.0,3.0,2.0,1.0,5,1,0,0,0,1,1,0,Service Residence,Freehold,Non Bumi Lot,Low,Selangor
79000,506.0,2.0,1.0,1.0,0,0,0,0,0,0,0,0,Flat,Leasehold,Non Bumi Lot,Medium,Johor
218000,850.0,3.0,2.0,1.0,4,0,0,0,0,0,0,0,Apartment,Freehold,Non Bumi Lot,High,Johor
880000,1513.0,4.0,3.0,2.0,9,1,0,0,1,0,1,1,Condominium,Freehold,Non Bumi Lot,Low,Kuala Lumpur
920000,1302.0,3.0,3.0,2.0,6,0,0,0,0,0,0,0,Condominium,Freehold,Non Bumi Lot,High,Penang
278000,838.0,3.0,2.0,1.0,0,0,0,0,0,0,0,0,Apartment,Leasehold,Non Bumi Lot,Unknown,Kuala Lumpur
248000,700.0,3.0,2.0,1.0,3,0,0,0,0,0,0,0,Apartment,Leasehold,Non Bumi Lot,Unknown,Penang
598000,2200.0,4.0,3.0,2.0,7,0,0,1,0,0,1,0,Condominium,Leasehold,Non Bumi Lot,Low,Selangor
480000,1445.0,4.0,3.0,1.0,8,0,0,1,0,0,1,0,Condominium,Leasehold,Non Bumi Lot,Unknown,Selangor
355000,1009.0,3.0,2.0,2.0,11,1,0,0,0,1,1,0,Service Residence,Leasehold,Non Bumi Lot,Low,Kuala Lumpur
350000,1009.0,3.0,2.0,2.0,11,1,0,0,0,1,1,0,Service Residence,Leasehold,Non Bumi Lot,Medium,Kuala Lumpur
365000,1004.0,3.0,2.0,1.0,6,1,0,0,1,0,1,0,Condominium,Leasehold,Non Bumi Lot,High,Kuala Lumpur
528000,1260.0,3.0,2.0,2.0,11,1,0,0,0,1,1,0,Service Residence,Leasehold,Non Bumi Lot,High,Kuala Lumpur
470000,1009.0,3.0,2.0,2.0,11,1,0,0,0,1,1,0,Service Residence,Leasehold,Non Bumi Lot,Low,Kuala Lumpur
150000,750.0,3.0,2.0,1.0,0,0,0,0,0,0,0,0,Apartment,Freehold,Bumi Lot,Medium,Selangor
285000,965.0,4.0,2.0,1.0,0,0,0,0,0,0,0,0,Condominium,Freehold,Non Bumi Lot,Unknown,Kuala Lumpur
240000,845.0,3.0,2.0,1.0,10,1,0,0,0,0,1,0,Condominium,Freehold,Non Bumi Lot,Unknown,Kuala Lumpur
550000,1389.0,4.0,2.0,1.0,11,0,0,0,0,0,0,0,Condominium,Leasehold,Bumi Lot,Medium,Kuala Lumpur
429000,1033.0,3.0,2.0,1.0,11,1,1,0,1,0,1,0,Condominium,Leasehold,Bumi Lot,Medium,Selangor
715000,1600.0,3.0,2.0,1.0,8,0,0,1,0,1,1,0,Service Residence,Freehold,Non Bumi Lot,Low,Kuala Lumpur
350000,1020.0,3.0,2.0,1.0,6,1,1,0,1,1,1,0,Condominium,Freehold,Non Bumi Lot,Unknown,Kuala Lumpur
340000,900.0,3.0,2.0,1.0,1,0,0,0,0,0,0,0,Apartment,Leasehold,Non Bumi Lot,Low,Sarawak
695000,850.0,3.0,2.0,2.0,2,0,0,0,0,0,0,0,Condominium,Leasehold,Non Bumi Lot,Unknown,Penang
98000,790.0,3.0,2.0,1.0,0,1,0,0,0,1,0,0,Apartment,Freehold,Non Bumi Lot,High,Selangor
330000,950.0,3.0,2.0,1.0,10,1,0,0,1,0,0,0,Condominium,Leasehold,Bumi Lot,Medium,Selangor
298000,1050.0,3.0,2.0,1.0,0,0,0,0,0,0,0,0,Apartment,Freehold,Non Bumi Lot,Unknown,Kuala Lumpur
480000,872.0,3.0,2.0,1.0,7,0,0,0,0,0,0,0,Apartment,Leasehold,Non Bumi Lot,Medium,Penang
495000,883.0,3.0,2.0,2.0,5,0,0,0,0,0,0,0,Condominium,Freehold,Non Bumi Lot,High,Penang
238000,600.0,3.0,2.0,1.0,5,0,0,0,0,0,0,0,Apartment,Leasehold,Non Bumi Lot,High,Unknown
588000,1100.0,3.0,2.0,1.0,5,0,0,0,0,0,0,0,Condominium,Freehold,Non Bumi Lot,Low,Unknown
410000,1012.0,3.0,2.0,1.0,9,1,0,0,0,0,1,0,Service Residence,Leasehold,Non Bumi Lot,Unknown,Selangor
300000,700.0,3.0,2.0,1.0,4,0,0,0,0,0,0,0,Condominium,Freehold,Non Bumi Lot,Low,Penang
326500,1029.0,3.0,2.0,1.0,4,0,0,0,0,0,0,0,Apartment,Leasehold,Bumi Lot,Medium,Sabah
450000,870.0,3.0,2.0,2.0,9,0,0,0,0,0,0,0,Service Residence,Leasehold,Non Bumi Lot,High,Sabah
390000,1000.0,3.0,2.0,2.0,0,0,0,0,0,0,0,0,Condominium,Freehold,Non Bumi Lot,Unknown,Penang
245000,700.0,3.0,2.0,1.0,5,0,0,0,0,0,0,0,Condominium,Freehold,Non Bumi Lot,High,Penang
235000,850.0,3.0,2.0,1.0,4,1,0,0,0,1,1,0,Apartment,Freehold,Non Bumi Lot,Medium,Selangor
245000,700.0,3.0,2.0,1.0,5,0,0,0,0,0,0,0,Condominium,Freehold,Non Bumi Lot,High,Penang
343999,1010.0,3.0,2.0,1.0,5,0,0,0,0,0,0,0,Apartment,Freehold,Non Bumi Lot,High,Selangor
515000,1160.0,3.0,2.0,1.0,9,1,1,1,1,1,1,0,Condominium,Freehold,Non Bumi Lot,Unknown,Kuala Lumpur
395000,1161.0,3.0,2.0,1.0,5,1,1,0,0,1,1,0,Condominium,Freehold,Non Bumi Lot,Low,Selangor
399000,770.0,3.0,2.0,1.0,5,1,0,0,0,1,0,0,Apartment,Leasehold,Non Bumi Lot,Low,Kuala Lumpur
580000,1463.0,3.0,2.0,2.0,6,0,0,0,0,0,0,0,Condominium,Leasehold,Non Bumi Lot,Unknown,Selangor
440000,1556.0,4.0,3.0,1.0,3,0,1,0,0,1,1,0,Apartment,Leasehold,Non Bumi Lot,Low,Selangor
293000,936.0,3.0,2.0,1.0,14,0,0,0,0,0,0,0,Condominium,Freehold,Non Bumi Lot,Medium,Selangor
230000,850.0,3.0,2.0,1.0,3,0,0,0,0,0,0,0,Condominium,Leasehold,Non Bumi Lot,Unknown,Selangor
440000,960.0,3.0,2.0,1.0,3,1,0,0,0,0,1,0,Apartment,Leasehold,Non Bumi Lot,Low,Kuala Lumpur
1100000,1500.0,4.0,3.0,1.0,7,1,1,1,1,1,1,0,Service Residence,Freehold,Non Bumi Lot,Medium,Kuala Lumpur
980000,950.0,2.0,2.0,2.0,0,0,0,0,0,0,0,0,Condominium,Freehold,Non Bumi Lot,Unknown,Penang
259000,850.0,3.0,2.0,1.0,3,0,0,0,0,0,0,0,Condominium,Leasehold,Bumi Lot,Medium,Selangor
490000,1100.0,3.0,2.0,1.0,7,0,0,0,0,0,0,0,Condominium,Leasehold,Non Bumi Lot,Unknown,Sabah
300000,853.0,3.0,2.0,1.0,3,0,0,0,0,0,0,0,Apartment,Freehold,Bumi Lot,Medium,Selangor
610000,522.0,2.0,1.0,1.0,5,0,0,0,0,0,0,0,Service Residence,Leasehold,Non Bumi Lot,High,Sabah
220000,860.0,3.0,2.0,2.0,0,0,1,0,0,0,0,0,Service Residence,Freehold,Non Bumi Lot,Unknown,Selangor
400000,838.0,3.0,2.0,1.0,9,0,0,0,0,0,0,0,Condominium,Freehold,Non Bumi Lot,Unknown,Penang
278000,1012.0,3.0,2.0,1.0,8,1,0,0,1,0,0,0,Service Residence,Freehold,Non Bumi Lot,Unknown,Selangor
660000,1600.0,4.0,3.0,2.0,9,0,0,0,0,0,0,0,Condominium,Freehold,Non Bumi Lot,Unknown,Penang
245000,830.0,3.0,3.0,1.0,8,1,1,0,0,1,1,0,Condominium,Leasehold,Non Bumi Lot,Unknown,Kuala Lumpur
300000,1105.0,3.0,2.0,1.0,4,1,0,0,1,1,1,0,Apartment,Freehold,Non Bumi Lot,Medium,Selangor
392000,800.0,3.0,2.0,1.0,4,0,0,0,0,0,0,0,Condominium,Freehold,Non Bumi Lot,Low,Penang
508000,1000.0,3.0,2.0,2.0,11,0,0,0,0,0,0,0,Condominium,Freehold,Non Bumi Lot,Low,Penang
380000,850.0,3.0,2.0,1.0,6,0,0,0,0,0,0,0,Apartment,Freehold,Non Bumi Lot,Medium,Penang
435000,1081.0,3.0,2.0,1.0,11,1,0,0,0,1,1,0,Condominium,Freehold,Non Bumi Lot,Unknown,Kuala Lumpur
500000,1396.0,4.0,2.0,2.0,14,0,0,0,0,0,0,0,Condominium,Freehold,Non Bumi Lot,Medium,Selangor
180000,680.0,2.0,2.0,1.0,3,0,0,0,0,0,0,0,Apartment,Leasehold,Bumi Lot,Low,Unknown
460000,925.0,3.0,2.0,1.0,0,0,0,0,0,0,0,0,Service Residence,Freehold,Non Bumi Lot,Unknown,Selangor
470000,1116.0,3.0,2.0,1.0,12,0,1,0,0,1,1,0,Condominium,Leasehold,Bumi Lot,Medium,Selangor
135000,650.0,3.0,2.0,1.0,0,0,0,0,0,0,0,0,Apartment,Freehold,Non Bumi Lot,Unknown,Johor
650000,689.0,2.0,1.0,1.0,7,0,0,0,0,0,0,0,Condominium,Freehold,Non Bumi Lot,Unknown,Kuala Lumpur
260000,798.0,3.0,2.0,1.0,7,1,1,0,1,0,1,0,Service Residence,Freehold,Non Bumi Lot,Unknown,Kuala Lumpur
470000,1283.0,4.0,2.0,1.0,10,1,1,1,0,0,1,1,Condominium,Freehold,Non Bumi Lot,Unknown,Selangor
460000,1313.0,4.0,2.0,1.0,7,0,0,0,0,0,0,0,Condominium,Freehold,Non Bumi Lot,Unknown,Kuala Lumpur
400000,1114.0,3.0,2.0,1.0,9,1,0,0,0,1,1,0,Apartment,Freehold,Non Bumi Lot,Unknown,Selangor
235000,1045.0,3.0,2.0,1.0,6,0,0,0,0,0,0,1,Apartment,Freehold,Non Bumi Lot,Unknown,Selangor
330000,1295.0,3.0,2.0,1.0,8,1,1,1,1,1,1,1,Condominium,Freehold,Non Bumi Lot,Unknown,Kuala Lumpur
249999,820.0,3.0,2.0,1.0,9,1,0,0,0,0,0,0,Condominium,Leasehold,Bumi Lot,Unknown,Selangor
290000,870.0,3.0,2.0,1.0,3,1,1,1,1,1,0,0,Apartment,Leasehold,Non Bumi Lot,Unknown,Kuala Lumpur
370000,1012.0,2.0,2.0,1.0,6,1,1,0,1,0,1,0,Condominium,Freehold,Non Bumi Lot,Unknown,Kuala Lumpur
468000,650.0,2.0,1.0,1.0,3,0,0,0,0,0,0,0,Condominium,Freehold,Non Bumi Lot,Medium,Penang
850000,1338.0,3.0,3.0,2.0,7,0,0,0,0,0,0,0,Condominium,Freehold,Non Bumi Lot,High,Penang
780000,1230.0,4.0,3.0,2.0,11,0,0,0,0,0,0,0,Condominium,Leasehold,Non Bumi Lot,Medium,Penang
730000,1270.0,3.0,2.0,2.0,3,0,0,0,0,0,0,0,Condominium,Freehold,Non Bumi Lot,Medium,Penang
420000,700.0,3.0,2.0,1.0,7,0,0,0,0,0,0,0,Apartment,Freehold,Non Bumi Lot,Medium,Penang
560000,700.0,2.0,1.0,1.0,3,0,0,0,0,0,0,0,Condominium,Freehold,Non Bumi Lot,Medium,Penang
360000,700.0,3.0,2.0,1.0,10,0,0,0,0,0,0,0,Apartment,Freehold,Non Bumi Lot,Medium,Penang
412000,700.0,3.0,2.0,1.0,3,0,0,0,0,0,0,0,Apartment,Freehold,Non Bumi Lot,Medium,Penang
378000,1153.0,3.0,2.0,1.0,13,1,0,0,0,1,1,1,Condominium,Freehold,Non Bumi Lot,High,Selangor
277000,850.0,3.0,2.0,3.0,10,0,0,0,0,0,0,0,Apartment,Freehold,Bumi Lot,Medium,Johor
396000,1010.0,3.0,2.0,1.0,0,0,0,0,0,0,0,0,Service Residence,Freehold,Non Bumi Lot,Unknown,Johor
330000,825.0,2.0,1.0,2.0,6,0,0,0,0,0,0,0,Condominium,Leasehold,Non Bumi Lot,Low,Johor
530000,1200.0,3.0,2.0,1.0,11,1,0,0,0,1,1,0,Condominium,Freehold,Non Bumi Lot,Medium,Kuala Lumpur
880000,578.0,2.0,2.0,1.0,9,1,1,1,1,1,1,0,Service Residence,Freehold,Non Bumi Lot,High,Kuala Lumpur
255000,833.0,3.0,2.0,1.0,7,1,1,1,1,0,1,0,Apartment,Leasehold,Bumi Lot,High,Selangor
468000,870.0,3.0,2.0,1.0,9,0,0,0,0,0,0,0,Service Residence,Leasehold,Non Bumi Lot,Medium,Sabah
428000,1039.0,3.0,3.0,1.0,14,0,0,0,0,0,0,0,Service Residence,Freehold,Non Bumi Lot,High,Johor
395000,1010.0,3.0,2.0,1.0,11,0,0,0,0,0,0,0,Service Residence,Freehold,Non Bumi Lot,Medium,Johor
200000,912.0,3.0,2.0,1.0,9,0,0,0,0,0,0,0,Apartment,Freehold,Non Bumi Lot,Medium,Johor
180000,850.0,3.0,2.0,1.0,13,0,0,0,0,0,0,0,Flat,Freehold,Non Bumi Lot,Low,Johor
280000,800.0,3.0,2.0,1.0,4,0,0,0,0,0,0,0,Apartment,Leasehold,Non Bumi Lot,Unknown,Penang
280000,866.0,3.0,2.0,1.0,4,0,0,0,0,0,0,0,Apartment,Leasehold,Non Bumi Lot,High,Sabah
400000,1009.0,3.0,2.0,2.0,7,1,1,1,1,1,1,0,Apartment,Freehold,Non Bumi Lot,High,Selangor
230000,650.0,2.0,1.0,1.0,3,1,1,1,0,1,1,0,Apartment,Freehold,Bumi Lot,High,Kuala Lumpur
270000,1040.0,3.0,2.0,1.0,0,0,0,0,0,0,0,0,Apartment,Freehold,Bumi Lot,Medium,Sabah
465000,1399.0,3.0,2.0,2.0,0,0,0,0,0,0,0,0,Condominium,Freehold,Non Bumi Lot,High,Penang
350000,1091.0,3.0,2.0,1.0,8,0,0,0,1,0,1,0,Condominium,Freehold,Non Bumi Lot,Unknown,Kuala Lumpur
380000,1010.0,3.0,2.0,1.0,8,0,1,1,0,0,0,0,Condominium,Freehold,Non Bumi Lot,Medium,Selangor
218000,484.0,1.0,1.0,1.0,14,0,0,0,0,0,0,0,Service Residence,Freehold,Non Bumi Lot,Unknown,Johor
430000,1680.0,4.0,2.0,1.0,1,0,0,0,0,0,0,0,Apartment,Leasehold,Non Bumi Lot,High,Sarawak
335000,1169.0,3.0,2.0,1.0,11,1,0,1,0,1,1,0,Condominium,Freehold,Non Bumi Lot,High,Kuala Lumpur
195000,650.0,3.0,2.0,1.0,6,1,0,0,0,1,1,0,Apartment,Freehold,Non Bumi Lot,Medium,Selangor
395000,1231.0,3.0,2.0,2.0,5,0,0,0,1,0,1,0,Condominium,Freehold,Non Bumi Lot,Medium,Kuala Lumpur
390000,947.0,3.0,2.0,1.0,3,1,0,0,0,1,1,0,Apartment,Leasehold,Non Bumi Lot,Low,Kuala Lumpur
440000,1001.0,3.0,2.0,1.0,3,0,0,0,0,0,0,0,Apartment,Leasehold,Bumi Lot,Low,Selangor
620000,1100.0,3.0,2.0,4.0,8,0,0,0,0,0,0,0,Condominium,Freehold,Non Bumi Lot,Unknown,Penang
465000,1224.0,3.0,2.0,1.0,5,0,0,0,0,0,0,0,Condominium,Freehold,Non Bumi Lot,Unknown,Kuala Lumpur
75000,700.0,3.0,2.0,1.0,0,0,0,0,0,0,0,0,Apartment,Leasehold,Non Bumi Lot,Unknown,Unknown
150000,700.0,3.0,2.0,1.0,1,0,0,0,0,0,0,0,Flat,Freehold,Non Bumi Lot,Low,Penang
499000,1037.0,3.0,2.0,2.0,8,0,1,1,1,0,1,0,Service Residence,Leasehold,Non Bumi Lot,Medium,Kuala Lumpur
510000,1050.0,3.0,2.0,1.0,5,0,0,0,0,0,0,0,Condominium,Freehold,Non Bumi Lot,Medium,Penang
310000,700.0,3.0,2.0,1.0,3,0,0,0,0,0,0,0,Apartment,Freehold,Non Bumi Lot,Medium,Penang
560000,1230.0,3.0,2.0,2.0,6,0,0,0,0,0,0,0,Condominium,Freehold,Non Bumi Lot,High,Penang
530000,1650.0,4.0,2.0,2.0,5,0,0,0,0,0,0,0,Condominium,Freehold,Non Bumi Lot,High,Penang
450000,1050.0,3.0,2.0,1.0,5,0,0,0,0,0,0,0,Condominium,Freehold,Non Bumi Lot,Low,Penang
318000,700.0,3.0,2.0,1.0,3,0,0,0,0,0,0,0,Apartment,Freehold,Non Bumi Lot,High,Penang
610000,1222.0,3.0,3.0,2.0,5,0,0,0,0,0,0,0,Condominium,Freehold,Non Bumi Lot,High,Unknown
480000,600.0,2.0,1.0,1.0,4,0,0,0,0,0,0,0,Service Residence,Freehold,Non Bumi Lot,High,Unknown
280000,700.0,3.0,2.0,1.0,4,0,0,0,0,0,0,0,Apartment,Leasehold,Non Bumi Lot,Medium,Penang
520000,856.0,3.0,2.0,1.0,10,0,0,0,0,0,0,0,Condominium,Freehold,Non Bumi Lot,High,Penang
700000,1288.0,3.0,3.0,1.0,10,0,0,0,0,0,0,0,Condominium,Freehold,Non Bumi Lot,High,Penang
550000,1650.0,4.0,2.0,1.0,5,0,0,0,0,0,0,0,Condominium,Freehold,Non Bumi Lot,Medium,Unknown
480000,1100.0,3.0,2.0,2.0,14,0,0,0,0,0,0,0,Condominium,Leasehold,Non Bumi Lot,High,Unknown
660000,1504.0,4.0,3.0,2.0,5,0,0,0,0,0,0,0,Condominium,Freehold,Non Bumi Lot,Low,Unknown
330000,700.0,3.0,2.0,1.0,6,0,0,0,0,0,0,0,Condominium,Freehold,Non Bumi Lot,Medium,Penang
535000,1650.0,4.0,2.0,2.0,5,0,0,0,0,0,0,0,Condominium,Freehold,Non Bumi Lot,High,Unknown
600000,1150.0,3.0,2.0,1.0,4,0,0,0,0,0,0,0,Condominium,Freehold,Non Bumi Lot,Medium,Unknown
620000,1173.0,3.0,2.0,2.0,14,0,0,0,0,0,0,0,Condominium,Freehold,Non Bumi Lot,High,Unknown
408000,710.0,3.0,2.0,1.0,1,0,0,0,0,0,0,0,Condominium,Freehold,Non Bumi Lot,Unknown,Penang
600000,1650.0,4.0,2.0,2.0,5,0,0,0,0,0,0,0,Condominium,Freehold,Non Bumi Lot,High,Unknown
600000,1315.0,3.0,2.0,2.0,8,0,0,0,0,0,0,0,Condominium,Freehold,Non Bumi Lot,High,Penang
1100000,2400.0,5.0,4.0,3.0,10,0,0,0,0,0,0,0,Condominium,Freehold,Non Bumi Lot,High,Unknown
450000,887.0,3.0,2.0,1.0,10,0,0,0,0,0,0,0,Condominium,Freehold,Non Bumi Lot,Medium,Penang
495000,887.0,3.0,2.0,2.0,10,0,0,0,0,0,0,0,Condominium,Freehold,Non Bumi Lot,High,Penang
780000,1384.0,5.0,4.0,2.0,10,0,0,0,0,0,0,0,Condominium,Freehold,Non Bumi Lot,High,Unknown
1258000,2304.0,4.0,4.0,2.0,10,0,0,0,0,0,0,0,Condominium,Freehold,Non Bumi Lot,High,Unknown
388000,850.0,3.0,2.0,1.0,9,0,0,0,0,0,0,0,Condominium,Freehold,Non Bumi Lot,Medium,Penang
395000,1300.0,3.0,2.0,1.0,12,1,0,0,0,0,0,0,Condominium,Leasehold,Bumi Lot,Medium,Selangor
598000,1292.0,4.0,2.0,3.0,8,0,1,1,1,0,1,0,Service Residence,Leasehold,Non Bumi Lot,Medium,Kuala Lumpur
399999,1010.0,3.0,2.0,1.0,7,1,1,1,1,0,1,0,Apartment,Leasehold,Non Bumi Lot,Medium,Kuala Lumpur
380000,1049.0,3.0,2.0,1.0,8,1,1,0,1,0,1,0,Apartment,Leasehold,Bumi Lot,Unknown,Selangor
260000,592.0,2.0,1.0,1.0,3,1,1,1,1,1,0,0,Apartment,Freehold,Bumi Lot,Low,Kuala Lumpur
345000,853.0,2.0,2.0,1.0,14,0,0,0,0,0,0,0,Service Residence,Leasehold,Non Bumi Lot,Unknown,Johor
229000,712.0,3.0,2.0,1.0,6,0,0,0,0,0,0,0,Service Residence,Leasehold,Non Bumi Lot,High,Selangor
378250,1180.0,3.0,2.0,1.0,8,0,0,0,0,0,0,0,Apartment,Leasehold,Bumi Lot,Low,Johor
735000,1250.0,4.0,2.0,2.0,8,0,0,0,0,0,0,0,Condominium,Freehold,Non Bumi Lot,High,Penang
350000,1010.0,3.0,2.0,1.0,8,0,1,1,0,0,0,0,Condominium,Freehold,Non Bumi Lot,Medium,Selangor
385000,700.0,3.0,2.0,1.0,9,0,0,0,0,0,0,0,Apartment,Freehold,Non Bumi Lot,Unknown,Penang
798000,2071.0,4.0,3.0,2.0,3,0,0,0,0,0,0,0,Condominium,Freehold,Non Bumi Lot,Medium,Penang
665000,1275.0,3.0,2.0,2.0,9,0,0,0,0,0,0,0,Condominium,Freehold,Non Bumi Lot,Medium,Penang
399000,807.0,3.0,2.0,1.0,0,0,0,0,0,0,0,0,Condominium,Freehold,Non Bumi Lot,Medium,Penang
399000,1020.0,3.0,2.0,1.0,0,0,0,0,0,0,0,0,Condominium,Leasehold,Non Bumi Lot,Low,Penang
170000,626.0,3.0,2.0,1.0,3,0,0,0,0,0,0,0,Apartment,Leasehold,Non Bumi Lot,High,Penang
295000,893.0,3.0,2.0,1.0,3,1,0,0,0,1,1,0,Apartment,Leasehold,Non Bumi Lot,Medium,Selangor
310000,700.0,3.0,2.0,1.0,9,0,0,0,0,0,0,0,Apartment,Freehold,Non Bumi Lot,Unknown,Penang
270000,736.0,3.0,2.0,1.0,0,0,0,0,0,1,0,1,Apartment,Freehold,Non Bumi Lot,Unknown,Selangor
290000,682.0,3.0,2.0,1.0,8,1,1,0,1,1,1,0,Service Residence,Freehold,Non Bumi Lot,Medium,Selangor
488000,891.0,3.0,2.0,2.0,5,0,0,0,0,0,1,0,Service Residence,Freehold,Non Bumi Lot,Unknown,Selangor
195000,750.0,3.0,2.0,1.0,0,0,0,0,0,0,0,0,Apartment,Leasehold,Bumi Lot,Low,Selangor
148000,550.0,2.0,1.0,1.0,0,0,0,0,0,0,0,0,Apartment,Leasehold,Non Bumi Lot,Unknown,Penang
220000,720.0,3.0,2.0,1.0,2,0,0,0,0,0,0,0,Apartment,Leasehold,Non Bumi Lot,Unknown,Penang
400000,1131.0,3.0,2.0,1.0,10,1,0,0,0,1,0,0,Condominium,Leasehold,Non Bumi Lot,Low,Kuala Lumpur
940000,1708.0,2.0,3.0,3.0,4,0,0,0,0,0,0,0,Service Residence,Freehold,Non Bumi Lot,Unknown,Penang
250000,700.0,3.0,2.0,1.0,3,0,0,0,0,0,0,0,Apartment,Leasehold,Non Bumi Lot,Unknown,Penang
138000,650.0,3.0,1.0,1.0,2,1,0,0,0,0,0,0,Apartment,Leasehold,Bumi Lot,Low,Selangor
350000,960.0,4.0,4.0,1.0,4,1,0,0,1,0,0,0,Apartment,Leasehold,Bumi Lot,Medium,Selangor
270000,847.0,4.0,2.0,1.0,7,0,0,0,0,0,0,0,Apartment,Leasehold,Bumi Lot,Medium,Selangor
405000,1204.0,3.0,2.0,1.0,8,0,0,0,0,0,0,0,Apartment,Leasehold,Non Bumi Lot,Unknown,Johor
650000,783.0,2.0,2.0,1.0,6,0,0,0,0,0,0,0,Service Residence,Freehold,Non Bumi Lot,High,Pahang
250000,550.0,2.0,1.0,1.0,0,1,1,1,1,0,0,0,Flat,Leasehold,Bumi Lot,Low,Kuala Lumpur
850000,727.0,1.0,1.0,1.0,9,1,1,0,0,0,1,0,Service Residence,Freehold,Non Bumi Lot,Unknown,Kuala Lumpur
439000,1082.0,3.0,2.0,2.0,7,0,1,1,0,1,1,0,Service Residence,Leasehold,Bumi Lot,Medium,Selangor
285000,926.0,3.0,2.0,1.0,9,0,0,0,0,0,0,0,Apartment,Leasehold,Bumi Lot,Medium,Selangor
330000,1288.0,3.0,2.0,1.0,7,0,0,0,0,0,0,0,Condominium,Freehold,Non Bumi Lot,Unknown,Selangor
280000,800.0,3.0,2.0,1.0,4,1,1,1,0,0,1,0,Condominium,Leasehold,Non Bumi Lot,Unknown,Kuala Lumpur
365000,816.0,2.0,2.0,2.0,7,1,0,0,0,1,0,0,Service Residence,Freehold,Non Bumi Lot,Unknown,Selangor
330000,1200.0,3.0,2.0,1.0,6,1,1,1,1,0,0,0,Condominium,Leasehold,Non Bumi Lot,Unknown,Kuala Lumpur
550000,883.0,3.0,2.0,1.0,9,1,1,0,1,1,1,0,Service Residence,Freehold,Non Bumi Lot,Unknown,Kuala Lumpur
290000,811.0,3.0,2.0,1.0,5,0,0,1,0,1,0,0,Condominium,Freehold,Non Bumi Lot,Unknown,Selangor
115000,800.0,3.0,2.0,1.0,2,0,0,0,0,0,0,0,Apartment,Freehold,Non Bumi Lot,High,Selangor
428000,1093.0,3.0,3.0,1.0,0,0,0,0,0,0,0,0,Service Residence,Freehold,Non Bumi Lot,Unknown,Johor
270000,782.0,3.0,2.0,1.0,9,0,0,1,1,0,1,0,Apartment,Leasehold,Non Bumi Lot,Low,Kuala Lumpur
360000,1068.0,3.0,2.0,1.0,11,0,0,0,0,0,0,0,Condominium,Freehold,Non Bumi Lot,High,Selangor
330000,1353.0,4.0,2.0,2.0,13,0,0,0,0,0,0,0,Apartment,Freehold,Bumi Lot,Medium,Johor
420000,1221.0,3.0,2.0,1.0,0,1,0,0,0,1,1,1,Condominium,Freehold,Non Bumi Lot,Unknown,Selangor
300000,1300.0,4.0,2.0,2.0,13,0,0,0,0,0,0,0,Apartment,Leasehold,Bumi Lot,Medium,Johor
340000,1353.0,4.0,2.0,2.0,13,0,0,0,0,0,0,0,Apartment,Freehold,Bumi Lot,Medium,Johor
340000,1353.0,4.0,2.0,2.0,13,0,0,0,0,0,0,0,Apartment,Freehold,Bumi Lot,Medium,Johor
288000,460.0,1.0,1.0,1.0,3,1,1,0,0,1,0,0,Service Residence,Freehold,Non Bumi Lot,Unknown,Selangor
318000,1100.0,3.0,2.0,1.0,6,1,0,0,1,1,1,0,Apartment,Freehold,Non Bumi Lot,Medium,Selangor
335000,1018.0,3.0,2.0,1.0,7,1,1,0,1,1,1,0,Condominium,Leasehold,Bumi Lot,Medium,Selangor
469000,880.0,3.0,2.0,1.0,7,0,0,0,0,0,0,0,Apartment,Leasehold,Non Bumi Lot,Low,Penang
520000,1265.0,3.0,2.0,2.0,6,1,0,0,0,1,1,0,Condominium,Freehold,Non Bumi Lot,Unknown,Kuala Lumpur
255000,850.0,3.0,2.0,1.0,2,0,0,0,1,1,0,0,Condominium,Leasehold,Non Bumi Lot,Low,Selangor
600000,2045.0,4.0,4.0,2.0,10,0,0,0,0,0,0,0,Condominium,Leasehold,Bumi Lot,Medium,Selangor
830000,958.0,2.0,2.0,1.0,5,0,0,0,0,0,0,0,Service Residence,Leasehold,Non Bumi Lot,Low,Unknown
433000,1103.0,3.0,2.0,2.0,8,0,0,0,0,0,0,0,Service Residence,Leasehold,Non Bumi Lot,Medium,Kuala Lumpur
179000,753.0,3.0,2.0,1.0,0,1,0,0,0,0,0,0,Apartment,Leasehold,Non Bumi Lot,Medium,Selangor
570000,1238.0,4.0,3.0,2.0,5,1,1,0,1,1,1,0,Condominium,Freehold,Non Bumi Lot,Unknown,Kuala Lumpur
420000,700.0,2.0,1.0,1.0,8,0,0,0,0,0,0,0,Apartment,Freehold,Non Bumi Lot,Medium,Unknown
235000,620.0,2.0,2.0,1.0,2,0,0,0,0,0,0,0,Apartment,Freehold,Non Bumi Lot,Low,Unknown
330000,700.0,3.0,2.0,1.0,5,0,0,0,0,0,0,0,Condominium,Freehold,Non Bumi Lot,Medium,Penang
260000,780.0,3.0,2.0,1.0,4,0,0,0,0,0,0,0,Apartment,Freehold,Non Bumi Lot,Low,Selangor
429000,1033.0,3.0,2.0,1.0,11,0,0,0,0,0,0,0,Condominium,Leasehold,Bumi Lot,Unknown,Unknown
248000,850.0,3.0,2.0,1.0,14,1,1,0,0,1,1,0,Apartment,Leasehold,Non Bumi Lot,Medium,Selangor
295000,770.0,3.0,2.0,1.0,14,0,0,0,0,0,0,0,Apartment,Freehold,Non Bumi Lot,Medium,Johor
290000,900.0,3.0,2.0,1.0,6,0,0,0,0,0,0,0,Apartment,Leasehold,Non Bumi Lot,High,Penang
260000,930.0,3.0,2.0,1.0,7,0,0,0,0,0,0,0,Apartment,Leasehold,Bumi Lot,Unknown,Kuala Lumpur
328000,622.0,3.0,1.0,1.0,0,0,0,0,0,0,0,0,Apartment,Freehold,Non Bumi Lot,Unknown,Penang
305000,806.0,3.0,2.0,1.0,5,1,0,0,0,0,1,0,Condominium,Freehold,Non Bumi Lot,Low,Kuala Lumpur
250000,956.0,3.0,2.0,1.0,5,0,0,0,0,0,0,0,Apartment,Freehold,Bumi Lot,Medium,Negeri Sembilan
220000,829.0,3.0,2.0,1.0,4,0,0,0,0,0,0,0,Apartment,Freehold,Non Bumi Lot,Medium,Selangor
560000,1205.0,3.0,2.0,2.0,8,0,0,0,0,0,0,0,Condominium,Freehold,Non Bumi Lot,Medium,Putrajaya
380000,1126.0,4.0,2.0,1.0,9,0,0,0,0,0,0,0,Condominium,Freehold,Non Bumi Lot,Medium,Putrajaya
565000,1450.0,3.0,2.0,2.0,10,0,0,0,0,0,0,0,Condominium,Leasehold,Non Bumi Lot,Unknown,Penang
250000,753.0,3.0,2.0,1.0,3,1,0,0,0,0,1,0,Apartment,Leasehold,Bumi Lot,High,Selangor
680000,1050.0,3.0,2.0,1.0,3,0,0,0,0,0,0,0,Apartment,Freehold,Non Bumi Lot,Unknown,Penang
450000,829.0,2.0,2.0,2.0,5,0,0,0,0,0,0,0,Condominium,Freehold,Non Bumi Lot,Unknown,Putrajaya
230000,645.0,3.0,2.0,1.0,2,0,0,0,0,0,0,0,Apartment,Leasehold,Bumi Lot,Unknown,Kuala Lumpur
255000,850.0,3.0,2.0,1.0,4,1,0,0,0,0,0,0,Apartment,Leasehold,Bumi Lot,Medium,Selangor
269000,700.0,3.0,2.0,2.0,5,0,0,0,0,0,0,0,Apartment,Leasehold,Non Bumi Lot,Unknown,Penang
270000,700.0,3.0,2.0,1.0,4,0,0,0,0,0,0,0,Apartment,Leasehold,Non Bumi Lot,Unknown,Penang
59000,650.0,3.0,1.0,1.0,1,0,0,0,0,0,0,0,Apartment,Leasehold,Bumi Lot,Medium,Selangor
260000,750.0,3.0,2.0,1.0,0,0,0,0,0,0,0,0,Apartment,Freehold,Non Bumi Lot,Medium,Selangor
325000,654.0,3.0,2.0,1.0,4,0,0,0,0,0,0,0,Apartment,Freehold,Non Bumi Lot,Medium,Penang
348000,710.0,3.0,2.0,1.0,2,0,0,0,0,0,0,0,Apartment,Freehold,Non Bumi Lot,Medium,Penang
315000,925.0,3.0,2.0,2.0,0,0,0,0,0,0,0,0,Apartment,Leasehold,Non Bumi Lot,High,Johor
345000,900.0,3.0,2.0,1.0,5,1,1,0,1,1,1,0,Apartment,Freehold,Non Bumi Lot,Unknown,Selangor
200000,992.0,3.0,2.0,1.0,4,0,0,0,0,0,0,0,Flat,Freehold,Bumi Lot,Medium,Selangor
280800,1001.0,3.0,2.0,1.0,9,0,0,0,0,0,0,0,Apartment,Leasehold,Non Bumi Lot,Low,Johor
355000,1100.0,3.0,2.0,2.0,11,0,0,0,0,0,0,0,Condominium,Freehold,Non Bumi Lot,Medium,Penang
1580000,3000.0,6.0,5.0,2.0,9,0,0,0,0,0,0,0,Condominium,Freehold,Non Bumi Lot,High,Penang
450000,1004.0,3.0,2.0,1.0,10,0,0,0,0,0,0,0,Condominium,Leasehold,Non Bumi Lot,Medium,Sarawak
518000,1119.0,3.0,2.0,1.0,7,0,0,0,0,0,0,0,Service Residence,Freehold,Non Bumi Lot,Medium,Melaka
275000,700.0,3.0,2.0,1.0,3,0,0,0,0,0,0,0,Apartment,Freehold,Non Bumi Lot,High,Unknown
320000,850.0,3.0,2.0,1.0,4,0,0,0,0,0,0,0,Apartment,Leasehold,Non Bumi Lot,Medium,Penang
1177000,1646.0,4.0,3.0,2.0,9,0,0,0,0,0,0,0,Condominium,Freehold,Non Bumi Lot,High,Penang
550000,1041.0,3.0,2.0,2.0,5,0,0,0,0,0,0,0,Condominium,Freehold,Non Bumi Lot,Medium,Unknown
470000,1100.0,3.0,2.0,1.0,6,0,0,0,0,0,0,0,Apartment,Freehold,Non Bumi Lot,High,Unknown
460000,650.0,2.0,1.0,1.0,3,0,0,0,0,0,0,0,Condominium,Freehold,Non Bumi Lot,Medium,Penang
950000,1302.0,3.0,3.0,2.0,5,0,0,0,0,0,0,0,Condominium,Freehold,Non Bumi Lot,High,Penang
480000,1000.0,3.0,2.0,1.0,0,0,0,0,0,0,0,0,Apartment,Freehold,Non Bumi Lot,Medium,Unknown
480000,600.0,2.0,1.0,1.0,6,0,0,0,0,0,0,0,Service Residence,Freehold,Non Bumi Lot,High,Unknown
400000,700.0,3.0,2.0,1.0,8,0,0,0,0,0,0,0,Apartment,Freehold,Non Bumi Lot,Low,Unknown
399000,970.0,3.0,2.0,1.0,3,0,0,0,0,0,0,0,Apartment,Leasehold,Non Bumi Lot,Low,Penang
568000,1195.0,3.0,3.0,2.0,0,0,0,0,0,0,0,0,Condominium,Freehold,Non Bumi Lot,Medium,Penang
415000,900.0,3.0,2.0,5.0,5,0,0,0,0,0,0,0,Condominium,Leasehold,Non Bumi Lot,Medium,Penang
480000,872.0,3.0,2.0,1.0,7,0,0,0,0,0,0,0,Apartment,Leasehold,Non Bumi Lot,Medium,Penang
1200000,1475.0,3.0,3.0,2.0,5,0,0,0,0,0,0,0,Condominium,Freehold,Non Bumi Lot,Medium,Penang
760000,1036.0,3.0,2.0,2.0,11,0,0,0,0,0,0,0,Condominium,Freehold,Non Bumi Lot,Medium,Penang
440000,750.0,3.0,2.0,1.0,11,0,0,0,0,0,0,0,Condominium,Freehold,Non Bumi Lot,Low,Penang
545000,700.0,2.0,2.0,2.0,3,0,0,0,0,0,0,0,Condominium,Freehold,Non Bumi Lot,Medium,Penang
1050000,1239.0,3.0,2.0,2.0,11,0,0,0,0,0,0,0,Condominium,Freehold,Non Bumi Lot,Low,Penang
345000,850.0,3.0,2.0,1.0,7,0,0,0,0,0,0,0,Apartment,Freehold,Non Bumi Lot,High,Penang
360000,1862.0,3.0,2.0,1.0,0,0,0,0,0,0,0,0,Condominium,Freehold,Non Bumi Lot,Low,Johor
535000,1300.0,4.0,3.0,3.0,12,0,0,0,0,0,0,0,Service Residence,Freehold,Non Bumi Lot,Medium,Kuala Lumpur
260000,860.0,3.0,2.0,1.0,7,0,1,0,0,0,0,0,Apartment,Freehold,Non Bumi Lot,Low,Selangor
