listing_id,price,property_size_sqft,bedroom,bathroom,parking_lot,facilities_count,has_school,has_mall,has_hospital,has_railway,has_bus_stop,has_park,has_highway,completion_year,property_age,number_of_floors,total_units,description_length,has_swimming_pool,has_security,has_lift,has_gym,has_playground,is_furnished,is_renovated,property_type,tenure_type,land_title,floor_range,state,building_name,developer,city
98187451,340000,1000.0,4.0,2.0,2.0,0,1,1,1,0,1,1,0,,,,,1723.0,0,0,0,0,0,0,0,Service Residence,Freehold,Non Bumi Lot,Unknown,Kuala Lumpur,Kenwingston Platz,Kenwingston Group,Kuala Lumpur
101683090,250000,980.0,3.0,2.0,1.0,6,0,0,0,0,0,0,0,,,,,1010.0,1,1,0,0,1,0,1,Apartment,Freehold,Non Bumi Lot,Low,Melaka,Kenanga (Park View Court),Unknown,Melaka City
103792905,230000,1000.0,3.0,2.0,1.0,7,0,0,0,0,0,0,1,2007.0,19.0,13.0,445.0,1452.0,0,1,1,0,1,0,0,Apartment,Freehold,Non Bumi Lot,Medium,Selangor,Sri Lavender Apartment,TLS Group,Kajang
103806240,158000,592.0,3.0,1.0,1.0,4,0,0,0,0,0,0,0,,,,,348.0,0,0,0,0,1,0,0,Flat,Leasehold,Non Bumi Lot,Unknown,Selangor,Flat Pandan Indah,Unknown,Ampang
103806234,305000,467.0,1.0,1.0,1.0,4,1,1,1,0,1,1,0,,,43.0,956.0,573.0,0,1,0,1,0,1,0,Studio,Freehold,Bumi Lot,Low,Selangor,i-Soho @ i-City,i-Berhad,Shah Alam
103739787,425000,1100.0,3.0,2.0,1.0,11,0,0,0,0,0,0,0,2010.0,16.0,19.0,706.0,160.0,1,1,1,1,1,0,0,Condominium,Freehold,Non Bumi Lot,Low,Penang,D'Piazza Condominium,X-Scan Penang Sdn Bhd,Bayan Baru
103690767,230000,780.0,3.0,2.0,1.0,4,0,0,0,0,0,0,0,,,5.0,281.0,828.0,0,1,0,0,1,0,0,Condominium,Freehold,Non Bumi Lot,Unknown,Selangor,Pangsapuri Sri Alpinia,IOI Properties Group Berhad,Puchong
103615852,200000,852.0,3.0,2.0,1.0,11,1,0,0,0,1,1,0,2000.0,26.0,12.0,,994.0,1,1,1,1,1,0,0,Apartment,Leasehold,Non Bumi Lot,Unknown,Selangor,Vista Lavender,Talam Transform Berhad,Puchong
103615849,275000,918.0,3.0,2.0,1.0,6,1,1,0,0,1,1,0,,,,,1041.0,0,1,1,0,1,0,0,Apartment,Leasehold,Bumi Lot,Unknown,Selangor,Pangsapuri Damai,Ikram Ikhlas,Shah Alam
102460346,300000,850.0,3.0,2.0,2.0,4,0,0,1,0,1,1,0,2010.0,16.0,,435.0,902.0,1,1,0,0,0,0,0,Apartment,Freehold,Bumi Lot,Unknown,Selangor,Alam Prima,Syarikat Perumahan Negara Berhad,Shah Alam
103806285,265000,660.0,3.0,2.0,1.0,3,0,0,0,0,0,0,0,2008.0,18.0,18.0,701.0,75.0,0,1,0,0,1,0,0,Apartment,Freehold,Non Bumi Lot,Medium,Penang,Sri Aman Block C (Sri Aman Block 1 & 3),Unknown,Bukit Jambul
103739661,790000,1246.0,3.0,2.0,2.0,9,0,0,0,0,0,0,0,2021.0,5.0,24.0,1235.0,255.0,1,1,1,1,1,0,0,Condominium,Freehold,Non Bumi Lot,Medium,Penang,QuayWest Residence,Asia Green Group,Batu Uban
103696451,230000,550.0,2.0,1.0,1.0,2,0,0,0,0,0,0,0,,,,,75.0,0,1,0,0,0,0,0,Flat,Freehold,Non Bumi Lot,Low,Penang,Taman Relau Jaya,Unknown,Sungai Ara
103580644,340000,1250.0,3.0,2.0,2.0,11,0,0,0,0,0,0,0,2016.0,10.0,,428.0,1090.0,1,1,1,1,1,0,0,Condominium,Freehold,Non Bumi Lot,Unknown,Selangor,Ameera Residence,TLS Group,Kajang
102452522,230000,1048.0,3.0,2.0,1.0,12,1,0,0,1,1,1,1,1990.0,36.0,10.0,,997.0,1,1,1,1,1,0,0,Apartment,Freehold,Non Bumi Lot,Unknown,Selangor,Intan Apartment (Puchong),Unknown,Puchong
103806203,430000,1150.0,3.0,2.0,1.0,12,0,0,0,0,0,0,0,1998.0,28.0,,428.0,2674.0,1,1,1,1,1,1,1,Condominium,Freehold,Non Bumi Lot,Low,Penang,Leader Garden,Unknown,Tanjung Bungah
103806202,155000,553.0,2.0,1.0,1.0,0,0,0,0,0,0,0,0,,,,,535.0,0,0,0,0,0,1,1,Flat,Leasehold,Bumi Lot,High,Kuala Lumpur,Seksyen 1 flat block c4,Unknown,Kuala Lumpur
103806192,500000,901.0,3.0,2.0,2.0,8,0,0,0,0,0,0,0,2020.0,6.0,33.0,490.0,484.0,1,1,1,1,0,1,1,Condominium,Freehold,Non Bumi Lot,High,Penang,Eco Bloom @ Eco Meadows,Eco World Development Group Berhad,Simpang Ampat
103246638,350000,452.0,1.0,1.0,1.0,8,1,1,0,0,1,0,0,2020.0,6.0,12.0,136.0,1501.0,1,1,1,1,0,1,1,Studio,Freehold,Bumi Lot,High,Selangor,Paramount Utropolis,Paramount Property,Shah Alam
103740356,620000,1016.0,2.0,2.0,2.0,8,0,0,0,0,0,0,0,2018.0,8.0,44.0,378.0,95.0,1,1,0,1,1,0,0,Condominium,Freehold,Non Bumi Lot,Medium,Penang,Grace Residence,Nova Mulia Development Sdn Bhd,Jelutong
103589322,310000,900.0,4.0,2.0,2.0,4,1,0,0,0,0,0,0,,,5.0,,1667.0,0,1,0,0,1,0,0,Apartment,Freehold,Bumi Lot,Low,Selangor,Sri Baiduri Apartment,Unknown,Ampang
103582335,240000,650.0,3.0,2.0,1.0,5,0,0,0,0,0,0,0,,,17.0,,654.0,0,1,1,0,1,0,0,Apartment,Leasehold,Bumi Lot,Low,Kuala Lumpur,Kasturi Apartment (Bdr Tasik Permaisuri),Unknown,Kuala Lumpur
103386504,500000,1182.0,3.0,2.0,2.0,9,0,0,0,0,0,0,0,2015.0,11.0,25.0,300.0,94.0,1,1,0,1,1,0,0,Condominium,Freehold,Non Bumi Lot,High,Penang,Sierra Residences,GSD Land (M) Sdn Bhd,Sungai Ara
103684680,341500,872.0,3.0,2.0,2.0,12,0,0,0,0,0,0,0,,,,,1215.0,1,1,1,1,1,0,0,Apartment,Freehold,Non Bumi Lot,Medium,Selangor,Kajang Service Apartment,Unknown,Kajang
103683568,230500,450.0,1.0,2.0,1.0,11,0,1,0,0,0,0,0,,,,,695.0,1,1,1,1,1,1,0,Condominium,Freehold,Non Bumi Lot,Medium,Selangor,Semenyih Service Residences,Unknown,Semenyih
103806074,515000,1005.0,2.0,2.0,1.0,12,0,0,0,0,0,0,0,2018.0,8.0,,1050.0,440.0,1,1,1,1,1,0,0,Condominium,Freehold,Non Bumi Lot,Unknown,Johor,Molek Regency,ALPHA ASTRAL REALTY SDN BHD,Johor Bahru
103805967,200000,430.0,1.0,1.0,1.0,8,0,0,0,0,0,0,0,2019.0,7.0,25.0,2003.0,416.0,1,1,1,1,1,0,0,Service Residence,Freehold,Non Bumi Lot,Low,Johor,Parc Regency Serviced Apartment,Malaysia Land Properties Sdn. Bhd.,Johor Bahru
103805963,298000,1050.0,3.0,2.0,1.0,0,0,0,0,0,0,0,0,,,4.0,,431.0,0,0,0,0,0,0,0,Service Residence,Freehold,Non Bumi Lot,Unknown,Johor,Prima Regency Service Apartment,Unknown,Johor Bahru
103805953,418000,986.0,3.0,2.0,2.0,13,0,0,0,0,0,0,0,2015.0,11.0,25.0,585.0,440.0,1,1,1,1,1,1,0,Apartment,Freehold,Non Bumi Lot,High,Johor,D'Inspire Residence @ Nusa Bestari,Khoo Soon Lee Realty Sdn. Bhd.,Iskandar Puteri
103615831,220000,950.0,3.0,2.0,1.0,3,0,1,0,1,0,0,1,,,,309.0,1052.0,0,1,1,0,0,0,0,Apartment,Freehold,Non Bumi Lot,Unknown,Selangor,Plaza Indah,TLS Group,Kajang
102461841,320000,1055.0,3.0,2.0,2.0,12,1,0,0,0,1,1,0,,,,,936.0,1,1,1,1,1,0,0,Condominium,Leasehold,Non Bumi Lot,Unknown,Selangor,Koi Prima,Masteron Group,Puchong
101979792,280000,1017.0,3.0,2.0,2.0,12,0,0,0,0,0,0,0,,,,,1043.0,1,1,1,1,1,0,0,Service Residence,Freehold,Non Bumi Lot,Unknown,Selangor,Savanna Executive Suites,Mah Sing Group Berhad,Bangi
103806053,1150000,1387.0,4.0,3.0,2.0,11,0,0,0,0,0,0,0,2018.0,8.0,35.0,3224.0,678.0,1,1,1,1,1,1,0,Service Residence,Freehold,Non Bumi Lot,High,Johor,R&F Princess Cove,R&F Development Sdn Bhd,Johor Bahru
103715477,320000,720.0,3.0,2.0,1.0,7,0,0,0,0,0,0,0,2018.0,8.0,,160.0,972.0,1,1,0,1,0,0,0,Condominium,Leasehold,Non Bumi Lot,Medium,Melaka,The Heights Residence @ Taman Muzaffar Heights,Scientex Berhad,Ayer Keroh
103805909,880000,1474.0,4.0,4.0,2.0,9,1,0,0,0,1,1,0,2020.0,6.0,35.0,212.0,1280.0,1,1,1,1,1,0,0,Condominium,Freehold,Non Bumi Lot,High,Kuala Lumpur,The Riyang @ Happy Garden,Suntrack Development Sdn Bhd,Kuala Lumpur
103805998,550000,788.0,2.0,1.0,1.0,0,0,0,0,0,0,0,0,,,,,977.0,0,0,0,0,0,0,0,Service Residence,Leasehold,Non Bumi Lot,High,Sarawak,TT3 Soho,Ibraco Berhad,Kuching
103292386,180000,517.0,2.0,1.0,1.0,1,0,0,0,0,0,0,0,,,,,206.0,0,0,1,0,0,0,0,Apartment,Freehold,Non Bumi Lot,Medium,Selangor,Taman Bukit Cheras,Titijaya Land Berhad,Cheras
103292345,200000,650.0,3.0,2.0,1.0,0,0,0,0,0,0,0,0,,,5.0,,423.0,0,0,0,0,0,0,0,Flat,Leasehold,Non Bumi Lot,Low,Selangor,Rumah Pangsa Impian (Saujana Putra),Unknown,Kuala Langat
103292300,300000,850.0,3.0,2.0,2.0,3,0,0,1,0,1,0,0,,,,536.0,530.0,0,1,0,0,1,0,0,Apartment,Freehold,Non Bumi Lot,Low,Selangor,Alam Budiman (Sri Budiman),SHL Consolidated Berhad,Setia Alam
101804692,438000,800.0,3.0,2.0,2.0,0,0,0,0,0,0,0,0,,,,,503.0,0,0,0,0,0,0,0,Apartment,Leasehold,Non Bumi Lot,Medium,Unknown,Unknown,Unknown,Unknown
100462242,700000,1432.0,3.0,2.0,2.0,10,0,0,0,0,0,0,0,,,,684.0,1021.0,1,1,1,1,1,0,0,Condominium,Leasehold,Non Bumi Lot,High,Sarawak,Tribeca,Unknown,Kuching
103703580,195000,527.0,2.0,1.0,1.0,2,1,0,1,1,1,0,0,,,,,477.0,0,0,1,0,1,0,0,Flat,Leasehold,Bumi Lot,Low,Kuala Lumpur,Perumahan Awam Sri Perak,Unknown,Kuala Lumpur
103640175,493000,1108.0,3.0,2.0,1.0,9,0,0,0,0,0,0,0,,,,,727.0,1,1,1,1,1,0,0,Condominium,Leasehold,Non Bumi Lot,High,Sarawak,SkyVilla Condominium (MJC),Mudajaya Group,Kuching
102709021,195000,860.0,3.0,2.0,1.0,4,0,0,0,0,0,0,0,,,,,569.0,1,1,0,0,1,0,0,Apartment,Leasehold,Bumi Lot,Unknown,Selangor,Pangsapuri Resak,Unknown,Shah Alam
103805884,420000,1011.0,3.0,2.0,1.0,12,0,0,0,0,0,0,0,2014.0,12.0,26.0,440.0,387.0,1,1,1,1,1,1,0,Apartment,Freehold,Non Bumi Lot,Unknown,Johor,Horizon Residence Luxury Apartment,Mahabuilders Berhad,Johor Bahru
103125815,255000,925.0,3.0,2.0,1.0,9,1,1,0,0,1,1,0,2002.0,24.0,,1188.0,876.0,1,1,0,1,1,0,0,Condominium,Freehold,Non Bumi Lot,Medium,Selangor,Cyberia SmartHomes,Paramoden (MK Land),Cyberjaya
103755519,240000,753.0,3.0,2.0,1.0,5,0,1,0,0,0,0,0,,,,,1114.0,0,0,0,0,1,0,1,Apartment,Freehold,Bumi Lot,High,Selangor,Pangsapuri Angsana,Unknown,Cheras
103690820,350000,1093.0,3.0,2.0,1.0,8,0,1,0,0,1,1,0,,,,634.0,588.0,1,1,0,1,1,0,0,Condominium,Leasehold,Bumi Lot,Medium,Selangor,East Lake Residence,Hongkong Land,Seri Kembangan
102135985,978000,1400.0,3.0,3.0,2.0,14,0,0,0,0,0,0,0,2015.0,11.0,29.0,260.0,699.0,1,1,1,1,1,0,1,Condominium,Freehold,Non Bumi Lot,Medium,Penang,Raffel Tower,BSG Property,Gelugor
103637327,260000,800.0,3.0,2.0,2.0,8,0,0,0,0,0,0,0,2014.0,12.0,4.0,75.0,512.0,1,1,1,1,1,0,0,Apartment,Freehold,Non Bumi Lot,Medium,Selangor,Karisma @ Eco Majestic,Eco World Development Group Berhad,Semenyih
103594449,263000,953.0,3.0,2.0,1.0,5,0,0,0,0,0,0,0,,,4.0,,443.0,0,1,0,0,1,1,1,Apartment,Freehold,Non Bumi Lot,Medium,Johor,Melana Apartment,Unknown,Skudai
103142753,168000,750.0,3.0,2.0,1.0,1,0,0,0,0,0,0,0,,,,,282.0,0,0,0,0,0,0,0,Apartment,Freehold,Non Bumi Lot,Low,Johor,Taman Pulai Utama @ Shop Apartment,Unknown,Skudai
103754290,530000,1152.0,3.0,2.0,1.0,10,0,0,0,0,1,1,1,2015.0,11.0,21.0,424.0,694.0,1,1,1,1,1,0,0,Others,Leasehold,Non Bumi Lot,Low,Selangor,Flexis @ One South,Hua Yang Berhad,Seri Kembangan
103805698,950000,1334.0,3.0,2.0,2.0,12,1,0,0,0,0,1,0,2019.0,7.0,30.0,1039.0,328.0,1,1,1,1,1,1,0,Condominium,Freehold,Non Bumi Lot,Medium,Selangor,Sky Condominium @ Bandar Puchong Jaya,IOI Properties Group,Puchong
103805692,375000,705.0,1.0,1.0,1.0,11,1,0,1,0,1,1,0,2015.0,11.0,41.0,1040.0,729.0,1,1,1,1,1,0,0,Service Residence,Freehold,Non Bumi Lot,Unknown,Kuala Lumpur,The Elements,Elite Forward Sdn Bhd (L&G / Mayland),Kuala Lumpur
102399058,200000,689.0,3.0,2.0,1.0,4,0,0,0,0,0,0,0,,,,,536.0,0,1,1,0,1,0,1,Apartment,Freehold,Non Bumi Lot,Medium,Penang,Sun Moon City,Unknown,Ayer Itam
102725008,580000,1700.0,3.0,2.0,1.0,0,0,0,0,0,0,0,0,,,,,694.0,0,0,0,0,0,0,0,Condominium,Leasehold,Non Bumi Lot,High,Sarawak,Village Grove Condominium,Unknown,Kuching
102664029,228000,958.0,3.0,2.0,1.0,6,0,0,0,0,0,0,0,,,17.0,,390.0,1,1,0,0,1,0,0,Apartment,Leasehold,Bumi Lot,High,Johor,Persiaran Tanjung Apartment,Unknown,Tampoi
103042046,368000,965.0,3.0,2.0,1.0,4,1,0,0,0,0,0,0,2015.0,11.0,16.0,228.0,953.0,1,0,0,1,1,0,0,Condominium,Leasehold,Bumi Lot,Unknown,Selangor,228 Selayang Condominium,Mahumas Sdn Bhd,Selayang
103805672,530000,1120.0,3.0,2.0,1.0,5,0,0,0,0,0,0,0,,,,,290.0,1,1,1,1,0,1,0,Apartment,Leasehold,Non Bumi Lot,Medium,Sarawak,Yarra Park,Unknown,Kuching
103805666,670000,1654.0,4.0,3.0,2.0,11,0,0,0,0,0,0,0,1998.0,28.0,15.0,198.0,630.0,1,1,1,1,1,1,1,Condominium,Freehold,Non Bumi Lot,Medium,Putrajaya,Puteri Palma Condominium,IOI Properties Group,Putrajaya
103805719,295000,1000.0,3.0,2.0,1.0,7,0,0,0,0,0,0,1,2007.0,19.0,13.0,445.0,894.0,0,1,1,0,1,1,0,Apartment,Freehold,Non Bumi Lot,Low,Selangor,Sri Lavender Apartment,TLS Group,Kajang
103805714,320000,700.0,3.0,2.0,1.0,6,0,0,0,0,0,0,0,1999.0,27.0,16.0,476.0,1678.0,1,1,1,0,1,1,1,Condominium,Freehold,Non Bumi Lot,Medium,Penang,Azuria,Unknown,Tanjung Bungah
103805712,410000,1400.0,3.0,2.0,2.0,3,1,0,0,0,0,1,0,,,,,763.0,0,0,0,0,1,1,0,Others,Leasehold,Non Bumi Lot,Unknown,Selangor,Lestari Perdana Apartment,Unknown,Seri Kembangan
102887743,100000,650.0,3.0,2.0,1.0,0,1,0,0,0,0,0,0,,,,,829.0,0,0,0,0,0,0,0,Apartment,Freehold,Non Bumi Lot,Low,Selangor,Palma Apartment (Bandar Country Homes),Unknown,Rawang
103120855,148000,560.0,2.0,1.0,3.0,3,1,0,0,1,1,1,0,,,,,1572.0,0,0,1,0,1,0,0,Flat,Leasehold,Bumi Lot,High,Kuala Lumpur,Sri Pangkor (Sentul),Unknown,Kuala Lumpur
103795255,380500,900.0,3.0,2.0,2.0,14,0,0,0,0,0,0,0,,,,,626.0,1,1,1,1,1,0,0,Service Residence,Leasehold,Non Bumi Lot,Unknown,Selangor,Damansara PJ New Condo,Unknown,SS2
103708653,620000,1598.0,3.0,2.0,2.0,7,0,0,0,0,0,0,0,2017.0,9.0,42.0,670.0,139.0,1,1,1,1,1,0,0,Condominium,Freehold,Non Bumi Lot,Medium,Penang,The Clovers,Asia Green Group,Sungai Ara
103795254,380000,900.0,3.0,2.0,2.0,14,0,0,0,0,0,0,0,,,,,626.0,1,1,1,1,1,0,0,Service Residence,Leasehold,Non Bumi Lot,Unknown,Selangor,Damansara PJ New Condo,Unknown,Bandar Utama
103795238,380300,900.0,3.0,2.0,2.0,14,0,0,0,0,0,0,0,,,,,626.0,1,1,1,1,1,0,0,Service Residence,Leasehold,Non Bumi Lot,Unknown,Selangor,Damansara PJ New Condo,Unknown,Damansara Jaya
103663119,280000,1001.0,3.0,2.0,2.0,5,0,0,0,0,0,0,0,2006.0,20.0,22.0,246.0,998.0,0,1,1,0,1,1,0,Apartment,Freehold,Non Bumi Lot,Medium,Selangor,Pangsapuri Saujana Permai 2,Majlis Perbandaran Kajang,Kajang
103537807,300000,850.0,3.0,2.0,1.0,0,0,0,0,0,0,0,0,,,15.0,,248.0,0,0,0,0,0,0,1,Apartment,Freehold,Non Bumi Lot,High,Johor,Indah Court Apartment (Bukit Indah),Unknown,Johor Bahru
101480721,298000,1180.0,4.0,2.0,1.0,8,0,0,0,0,0,0,0,,,,,369.0,1,1,0,1,1,0,1,Apartment,Freehold,Non Bumi Lot,Medium,Johor,Nusa Perdana Service Apartment,Unknown,Gelang Patah
103530633,469000,1385.0,4.0,2.0,1.0,5,0,0,0,0,0,0,0,,,,42.0,272.0,1,1,0,1,1,0,0,Apartment,Freehold,Non Bumi Lot,Low,Johor,Idaman Residence @ Nusa Idaman,UEM Sunrise Berhad,Skudai
103805563,270000,800.0,3.0,2.0,1.0,1,0,0,0,0,0,0,0,,,5.0,,719.0,0,1,0,0,0,0,0,Apartment,Freehold,Non Bumi Lot,Low,Selangor,Pangsapuri Lotus (Teratai),Unknown,Puchong
103805555,320000,983.0,3.0,2.0,1.0,8,0,0,0,0,0,0,0,,,23.0,,1043.0,1,1,0,1,1,0,1,Condominium,Freehold,Bumi Lot,Medium,Melaka,Langat Jaya,Unknown,Cheras
102631653,550000,1515.0,3.0,3.0,1.0,11,0,0,0,0,0,0,0,1998.0,28.0,15.0,198.0,554.0,1,1,1,1,1,1,0,Condominium,Freehold,Non Bumi Lot,Low,Putrajaya,Puteri Palma Condominium,IOI Properties Group,Putrajaya
102006980,470000,1711.0,3.0,3.0,1.0,0,0,0,0,0,0,0,0,,,,,717.0,0,0,0,0,0,0,0,Condominium,Leasehold,Non Bumi Lot,High,Sarawak,Village Grove Condominium,Unknown,Kuching
103805644,245000,850.0,3.0,2.0,1.0,2,0,0,0,0,0,0,0,2015.0,11.0,20.0,1440.0,949.0,0,1,0,0,0,0,0,Condominium,Leasehold,Non Bumi Lot,Medium,Selangor,Flora Damansara,MK Land Holdings,Damansara Perdana
103073792,580000,1667.0,3.0,3.0,1.0,0,0,0,0,0,0,0,0,,,,,704.0,0,0,0,0,0,0,0,Condominium,Leasehold,Non Bumi Lot,High,Sarawak,Village Grove Condominium,Unknown,Kuching
102725022,650000,2020.0,5.0,2.0,2.0,0,0,0,0,0,0,0,0,,,,,728.0,0,0,0,0,0,0,0,Condominium,Leasehold,Non Bumi Lot,High,Sarawak,Village Grove Condominium,Unknown,Kuching
102850930,369900,1012.0,3.0,2.0,3.0,10,1,0,0,1,0,0,0,2014.0,12.0,23.0,744.0,1231.0,1,1,1,1,1,0,1,Service Residence,Freehold,Non Bumi Lot,Medium,Selangor,Amara Service Residences,Jaya Megah Development Sdn Bhd,Batu Caves
103149030,320000,650.0,3.0,2.0,1.0,3,0,0,0,0,0,0,0,,,27.0,454.0,742.0,0,1,1,0,0,0,1,Apartment,Freehold,Non Bumi Lot,Medium,Penang,Mutiara Vista,Syarikat Perumahan Negara Berhad,Jelutong
103805620,220000,650.0,3.0,2.0,1.0,2,1,0,1,0,0,1,0,,,5.0,,1097.0,0,1,0,0,1,0,0,Apartment,Freehold,Bumi Lot,Medium,Selangor,Seroja Apartment,S P Setia Bhd,Setia Alam
103805611,220000,477.0,1.0,1.0,1.0,9,0,0,0,0,0,0,0,2017.0,9.0,23.0,763.0,804.0,1,1,1,1,1,0,1,Service Residence,Freehold,Non Bumi Lot,Low,Selangor,Kiara Plaza,SYF Development,Semenyih
103805539,320000,1117.0,3.0,2.0,1.0,6,0,0,0,0,0,0,0,,,,,709.0,1,1,1,1,1,0,0,Apartment,Freehold,Bumi Lot,Unknown,Perak,Casa Kayangan,Perbadanan Kemajuan Negeri Perak (PKNP),Ipoh
103581872,118000,516.0,2.0,1.0,1.0,0,0,0,0,0,0,0,0,,,,,640.0,0,0,0,0,0,1,1,Flat,Freehold,Non Bumi Lot,Unknown,Johor,Bandar Selesa Jaya,Unknown,Skudai
103563958,125000,494.0,2.0,1.0,1.0,0,0,0,0,0,0,0,0,,,,,602.0,0,0,0,0,0,1,1,Flat,Freehold,Non Bumi Lot,High,Johor,Flat Taman Ungku Tun Aminah,Tasek Maju Realty Sdn Bhd,Skudai
103443920,530000,1200.0,3.0,3.0,2.0,14,0,0,0,0,0,0,0,,,,,1047.0,1,1,1,1,1,1,0,Condominium,Freehold,Non Bumi Lot,Medium,Kuala Lumpur,Vista Harmoni,Unknown,Kuala Lumpur
103383454,518000,1300.0,4.0,3.0,3.0,14,0,0,0,0,0,0,0,2023.0,3.0,44.0,684.0,1052.0,1,1,1,1,1,1,0,Service Residence,Freehold,Non Bumi Lot,Medium,Kuala Lumpur,MiNest Residence,Mi Nest Development Sdn Bhd,Kuala Lumpur
103351715,110000,526.0,2.0,1.0,1.0,0,0,0,0,0,0,0,0,,,,,719.0,0,0,0,0,0,1,1,Flat,Freehold,Non Bumi Lot,Low,Johor,Selera Jaya flat,Unknown,Skudai
103323847,659900,1261.0,3.0,2.0,2.0,10,1,1,0,1,1,0,0,2019.0,7.0,26.0,344.0,802.0,1,1,1,1,1,1,0,Condominium,Freehold,Non Bumi Lot,High,Kuala Lumpur,Trinity Aquata,Trinity Group,Kuala Lumpur
103293875,738000,1690.0,3.0,3.0,2.0,10,0,0,0,0,0,0,0,2014.0,12.0,18.0,156.0,461.0,1,1,1,1,1,1,0,Condominium,Freehold,Bumi Lot,Low,Kuala Lumpur,8 Petaling,Petaling Garden Sdn Bhd (I & P Group),Kuala Lumpur
103199527,545000,1300.0,4.0,3.0,1.0,14,0,0,0,0,0,0,0,2023.0,3.0,44.0,684.0,1047.0,1,1,1,1,1,1,0,Service Residence,Freehold,Non Bumi Lot,Medium,Kuala Lumpur,MiNest Residence,Mi Nest Development Sdn Bhd,Kuala Lumpur
102738500,97999,675.0,3.0,2.0,1.0,2,0,0,0,0,0,0,0,,,5.0,,272.0,0,0,0,0,0,0,0,Apartment,Leasehold,Non Bumi Lot,High,Kuala Lumpur,Impiana Apartment,Palm Grove Homes / Kenmeiwood Construction & Engineering Works,Kuala Lumpur
102492658,128000,610.0,3.0,2.0,1.0,0,0,0,0,0,0,0,0,,,,,572.0,0,0,0,0,0,1,1,Flat,Leasehold,Non Bumi Lot,Low,Johor,Jasa,Unknown,Skudai
102343002,230000,850.0,3.0,2.0,1.0,0,0,0,0,0,0,0,0,,,,,663.0,0,0,0,0,0,1,1,Apartment,Freehold,Non Bumi Lot,Low,Johor,Sri Selera Court Apartment,Unknown,Johor Bahru
102223783,450000,1000.0,3.0,2.0,1.0,11,1,0,0,0,1,1,0,2023.0,3.0,38.0,900.0,429.0,1,1,1,1,1,0,0,Apartment,Leasehold,Non Bumi Lot,Medium,Kuala Lumpur,LSH Sentul,Lim Seong Hai Holdings Sdn Bhd,Kuala Lumpur
102211027,445000,1000.0,3.0,2.0,2.0,6,1,0,0,0,1,1,0,2023.0,3.0,38.0,900.0,1182.0,1,0,0,1,1,0,1,Apartment,Leasehold,Non Bumi Lot,Medium,Kuala Lumpur,LSH Sentul,Lim Seong Hai Holdings Sdn Bhd,Kuala Lumpur
100883751,205000,434.0,1.0,1.0,1.0,0,0,0,0,0,0,0,0,2019.0,7.0,25.0,2003.0,561.0,0,0,0,0,0,0,1,Service Residence,Freehold,Non Bumi Lot,High,Johor,Parc Regency Serviced Apartment,Malaysia Land Properties Sdn. Bhd.,Johor Bahru
99869405,135000,750.0,3.0,2.0,1.0,0,0,0,0,0,0,0,0,,,,,539.0,0,0,0,0,0,0,1,Flat,Freehold,Non Bumi Lot,Medium,Johor,Taman Plentong Utama,Unknown,Masai
103098770,120000,525.0,2.0,1.0,1.0,0,0,0,0,0,0,0,0,,,,,138.0,0,0,0,0,0,0,0,Flat,Freehold,Non Bumi Lot,Low,Johor,Taman Selesa Jaya,Unknown,Skudai
103805449,290000,929.0,3.0,2.0,2.0,7,0,0,0,0,0,0,0,,,,,1229.0,1,1,1,1,1,0,0,Apartment,Leasehold,Bumi Lot,Unknown,Negeri Sembilan,Kiara Court,Unknown,Nilai
102631668,550000,1515.0,3.0,3.0,1.0,13,0,0,0,0,0,0,0,1998.0,28.0,15.0,198.0,605.0,1,1,1,1,1,1,0,Condominium,Freehold,Non Bumi Lot,High,Putrajaya,Puteri Palma Condominium,IOI Properties Group,Putrajaya
103805522,548000,1350.0,3.0,2.0,2.0,9,0,0,0,0,0,0,0,2020.0,6.0,,809.0,28.0,1,1,1,1,1,0,0,Service Residence,Freehold,Non Bumi Lot,Medium,Melaka,Parkland Residence @ Sungai Melaka,Parkland Group,Bukit Baru
103805519,350000,1065.0,3.0,2.0,1.0,0,0,0,0,0,0,0,0,,,4.0,,216.0,0,0,0,0,0,1,1,Service Residence,Freehold,Non Bumi Lot,Medium,Johor,Prima Regency Service Apartment,Unknown,Johor Bahru
103805518,350000,876.0,2.0,2.0,1.0,0,0,0,0,0,0,0,0,,,,,585.0,0,0,0,0,0,0,0,Condominium,Leasehold,Non Bumi Lot,Unknown,Johor,One Medini Condominium,Unknown,Johor Bahru
103805514,560000,1066.0,3.0,2.0,2.0,7,1,0,0,0,0,0,0,,,,414.0,1038.0,1,1,0,0,1,1,0,Condominium,Freehold,Non Bumi Lot,Unknown,Selangor,Utropolis Serviced Apartment 1,Paramount Property,Glenmarie
103805511,245000,678.0,1.0,1.0,1.0,0,0,0,0,0,0,0,0,,,27.0,303.0,440.0,0,0,0,0,0,1,1,Condominium,Leasehold,Non Bumi Lot,Medium,Johor,Zennith Suites,Unknown,Johor Bahru
103805510,298000,850.0,3.0,2.0,1.0,7,0,0,0,0,0,0,0,,,12.0,1012.0,300.0,1,1,0,1,1,1,0,Apartment,Leasehold,Non Bumi Lot,Low,Sabah,Putatan Platinum Apartment,Syarikat Perumahan Negara Berhad,Penampang
103805502,650000,753.0,3.0,2.0,2.0,10,0,0,0,0,0,0,0,2020.0,6.0,42.0,150.0,223.0,1,1,0,1,1,1,0,Service Residence,Freehold,Non Bumi Lot,High,Penang,Urban Suites,Cosmopolitan Homes Sdn Bhd,Jelutong
103805427,1095000,2896.0,6.0,5.0,1.0,5,0,0,0,0,0,0,0,,,,,261.0,0,1,0,0,1,0,1,Others,Freehold,Non Bumi Lot,Low,Selangor,"lake point residence , landed ,cyerjaya",Unknown,Cyberjaya
103805422,200000,1001.0,3.0,2.0,1.0,1,0,0,0,0,0,0,0,,,,,351.0,0,0,0,0,0,1,0,Apartment,Freehold,Non Bumi Lot,High,Melaka,Apartment Kenanga Mewah,Unknown,Melaka City
102631678,437400,1654.0,3.0,3.0,2.0,11,0,0,0,0,0,0,0,1998.0,28.0,15.0,198.0,535.0,1,1,1,1,1,1,0,Condominium,Freehold,Non Bumi Lot,Low,Putrajaya,Puteri Palma Condominium,IOI Properties Group,Putrajaya
101602694,620000,1668.0,3.0,3.0,2.0,11,0,0,0,0,0,0,0,,,,,479.0,1,1,1,1,1,0,0,Condominium,Freehold,Non Bumi Lot,Low,Unknown,Unknown,Unknown,Unknown
103734716,290000,861.0,3.0,2.0,1.0,2,0,0,0,0,0,0,0,,,,,477.0,0,1,0,0,0,0,0,Apartment,Freehold,Bumi Lot,Medium,Johor,Kasturi (Johor Bahru),Unknown,Johor Bahru
102649103,225500,1053.0,3.0,2.0,2.0,5,0,0,0,0,0,0,0,2016.0,10.0,5.0,469.0,1205.0,0,1,0,0,1,0,0,Apartment,Freehold,Non Bumi Lot,Unknown,Selangor,Goodview Heights ( Villa Residence ),SHL Consolidated Berhad,Kajang
102790896,465500,1081.0,3.0,2.0,2.0,10,1,0,0,0,1,1,0,2011.0,15.0,23.0,284.0,525.0,1,1,1,1,1,0,0,Condominium,Freehold,Non Bumi Lot,Unknown,Kuala Lumpur,1 Sentul,Sentul Perdana Sdn. Bhd,Kuala Lumpur
103338849,250000,900.0,3.0,2.0,1.0,8,1,1,1,1,1,1,1,2003.0,23.0,20.0,290.0,972.0,1,1,1,0,1,0,0,Condominium,Freehold,Non Bumi Lot,Medium,Kuala Lumpur,Pelangi Indah,Syarikat Perumahan Negara Berhad,Kuala Lumpur
103805308,850000,1100.0,2.0,2.0,3.0,5,0,0,0,0,0,0,0,2013.0,13.0,30.0,,411.0,1,1,1,1,0,1,0,Service Residence,Freehold,Non Bumi Lot,Unknown,Penang,Southbay Plaza @ Southbay City,Mah Sing Group Berhad,Bayan Lepas
101224511,300000,1011.0,3.0,2.0,2.0,10,1,0,0,1,0,0,0,2014.0,12.0,23.0,744.0,715.0,1,1,1,1,1,0,0,Service Residence,Freehold,Non Bumi Lot,High,Selangor,Amara Service Residences,Jaya Megah Development Sdn Bhd,Batu Caves
103805444,488000,1190.0,3.0,2.0,1.0,8,0,0,0,0,0,0,0,2002.0,24.0,10.0,,85.0,1,1,1,0,1,0,1,Condominium,Freehold,Bumi Lot,Low,Selangor,Elaeis 2,Unknown,Shah Alam
103805439,335000,850.0,3.0,2.0,1.0,3,0,0,0,0,0,0,0,,,10.0,65.0,212.0,1,1,0,0,0,0,1,Service Residence,Leasehold,Non Bumi Lot,Low,Johor,SuriaMas Suites (Johor Bahru),IJM LAND BERHAD,Johor Bahru
103273883,368000,450.0,1.0,1.0,1.0,10,1,0,0,0,1,1,0,2022.0,4.0,26.0,319.0,775.0,1,1,1,1,1,1,0,Service Residence,Freehold,Non Bumi Lot,Medium,Selangor,Armani Soho,Golden Armani Sdn Bhd,Subang Jaya
103805409,340000,818.0,3.0,2.0,1.0,8,1,1,0,1,0,0,0,2021.0,5.0,44.0,2136.0,786.0,1,1,1,1,1,0,0,Service Residence,Leasehold,Non Bumi Lot,High,Kuala Lumpur,Majestic Maxim,Maxim Holdings,Kuala Lumpur
103805406,447000,850.0,3.0,2.0,1.0,13,0,0,0,0,0,0,0,1998.0,28.0,16.0,488.0,411.0,1,1,1,1,1,1,0,Condominium,Leasehold,Non Bumi Lot,Unknown,Penang,Villa Emas,Techware Enterprise Sdn Bhd,Bayan Lepas
103805404,450000,950.0,3.0,2.0,2.0,4,1,1,0,1,1,1,0,2015.0,11.0,31.0,4225.0,1439.0,1,1,0,0,1,0,1,Service Residence,Freehold,Non Bumi Lot,Medium,Kuala Lumpur,OUG Parklane,Akisama Group of companies,Kuala Lumpur
103805403,178000,776.0,3.0,2.0,1.0,6,0,0,0,0,0,0,0,,,18.0,,437.0,0,1,1,0,1,0,0,Apartment,Leasehold,Non Bumi Lot,Low,Selangor,Taman Seri Murni (Selayang),Unknown,Selayang
103805401,220000,650.0,3.0,1.0,1.0,3,1,0,1,0,0,1,0,,,5.0,,1055.0,0,1,0,0,1,0,0,Apartment,Freehold,Bumi Lot,Medium,Selangor,Seroja Apartment,S P Setia Bhd,Setia Alam
103805398,245000,850.0,3.0,2.0,1.0,1,0,0,0,0,0,0,0,2015.0,11.0,20.0,1440.0,896.0,0,0,1,0,0,0,0,Condominium,Leasehold,Non Bumi Lot,Medium,Selangor,Flora Damansara,MK Land Holdings,Damansara Perdana
103805396,300000,932.0,3.0,2.0,1.0,8,0,0,0,0,0,0,0,,,9.0,,963.0,1,1,1,0,1,0,1,Condominium,Freehold,Non Bumi Lot,Medium,Selangor,Sri Hijau,Unknown,Bandar Mahkota Cheras
103805390,230000,656.0,3.0,2.0,1.0,2,0,0,0,0,0,0,0,1993.0,33.0,8.0,23.0,695.0,0,1,0,0,0,0,1,Apartment,Leasehold,Non Bumi Lot,High,Penang,Sri Pinang (Georgetown),Unknown,George Town
94739862,630000,1340.0,4.0,2.0,1.0,7,1,1,1,1,1,0,0,2007.0,19.0,19.0,436.0,1011.0,1,1,1,1,1,1,0,Condominium,Leasehold,Bumi Lot,Low,Kuala Lumpur,Desa Putra (Wangsa Maju),Unknown,Kuala Lumpur
100922534,150000,688.0,3.0,2.0,1.0,1,0,0,0,0,1,0,0,,,,,648.0,0,0,0,0,0,0,0,Flat,Leasehold,Bumi Lot,Low,Selangor,Pangsapuri Seri Nilam,Unknown,Bandar Bukit Raja
103805375,235000,603.0,3.0,1.0,1.0,3,1,1,0,1,1,1,0,,,,,1110.0,0,0,1,0,0,0,0,Apartment,Leasehold,Bumi Lot,High,Kuala Lumpur,Putra Ria Apartment,Unknown,Kuala Lumpur
103805366,450000,1048.0,3.0,2.0,2.0,10,1,0,0,0,0,1,0,,,,,1267.0,0,1,1,1,1,0,1,Apartment,Leasehold,Bumi Lot,Low,Kuala Lumpur,Residensi Alam Damai (PR1MA @ Alam Damai),Unknown,Kuala Lumpur
102859087,345000,800.0,3.0,2.0,1.0,7,0,0,0,0,0,0,0,2008.0,18.0,29.0,,113.0,0,1,0,1,1,1,1,Apartment,Freehold,Non Bumi Lot,Unknown,Penang,Relau Vista,Alor Vista Sdn Bhd,Bayan Lepas
100049703,345000,750.0,3.0,2.0,1.0,7,0,0,0,0,0,0,0,2008.0,18.0,29.0,,95.0,0,1,0,1,1,1,1,Apartment,Freehold,Non Bumi Lot,Unknown,Penang,Relau Vista,Alor Vista Sdn Bhd,Bayan Lepas
103805244,276000,650.0,3.0,2.0,1.0,0,0,0,0,0,0,0,0,,,,,334.0,0,0,0,0,0,0,0,Apartment,Leasehold,Non Bumi Lot,Unknown,Penang,Idaman Seroja,Koperasi Tunas Muda,Sungai Ara
101557901,260000,700.0,3.0,2.0,1.0,2,0,0,0,0,0,0,0,1995.0,31.0,11.0,100.0,76.0,0,1,0,0,0,0,0,Apartment,Freehold,Non Bumi Lot,Medium,Penang,Desa Permata Ruby Block 17,Unknown,Ayer Itam
103705457,300000,970.0,3.0,2.0,1.0,6,0,0,0,0,0,0,0,1997.0,29.0,14.0,528.0,79.0,1,1,0,0,1,0,0,Apartment,Leasehold,Non Bumi Lot,Medium,Penang,Desa Permai Indah Apartment,Unknown,Sungai Dua
103705756,555000,1200.0,3.0,2.0,2.0,6,0,0,0,0,0,0,0,2016.0,10.0,20.0,771.0,94.0,1,1,0,1,1,0,0,Condominium,Freehold,Non Bumi Lot,Low,Penang,One Imperial,Ideal Property Group,Sungai Ara
103805331,290000,900.0,3.0,2.0,1.0,7,0,0,0,0,0,0,0,,,,,466.0,1,1,1,1,1,1,0,Apartment,Freehold,Non Bumi Lot,Medium,Melaka,Pangsapuri Bukit Beruang Bestari (University View),Unknown,Batu Berendam
103805321,339000,1021.0,3.0,2.0,1.0,2,1,1,0,0,1,1,0,,,14.0,,494.0,0,0,0,1,0,0,0,Condominium,Freehold,Non Bumi Lot,Medium,Kuala Lumpur,Vantage Point,Salak Park Development,Kuala Lumpur
102920513,288000,810.0,3.0,2.0,1.0,4,1,0,0,0,0,1,0,2007.0,19.0,20.0,1.0,889.0,1,1,0,0,0,0,0,Condominium,Freehold,Non Bumi Lot,Unknown,Kuala Lumpur,Puncak Banyan,Connaught Heights Sdn Bhd,Kuala Lumpur
103187350,220000,1046.0,3.0,2.0,1.0,7,0,0,0,0,0,0,0,,,,,651.0,1,1,1,0,1,0,0,Condominium,Leasehold,Non Bumi Lot,Medium,Selangor,South City Condominium,Unknown,Seri Kembangan
103805305,560000,1045.0,3.0,3.0,1.0,10,1,0,0,1,1,0,0,,,,,643.0,1,1,1,1,1,0,0,Condominium,Leasehold,Non Bumi Lot,Medium,Kuala Lumpur,Razak City Residences,Razak City Residences,Kuala Lumpur
103539418,380000,700.0,3.0,2.0,1.0,8,0,0,0,0,0,0,0,2012.0,14.0,30.0,500.0,529.0,1,1,0,1,1,1,1,Apartment,Freehold,Non Bumi Lot,Unknown,Penang,Melody Homes,Belleview Group,Ayer Itam
103050905,340000,700.0,3.0,2.0,1.0,8,0,0,0,0,0,0,0,2012.0,14.0,30.0,500.0,500.0,1,1,0,1,1,1,1,Apartment,Freehold,Non Bumi Lot,Unknown,Penang,Melody Homes,Belleview Group,Ayer Itam
103176156,400000,900.0,3.0,2.0,2.0,0,0,0,0,0,0,0,0,2019.0,7.0,42.0,2685.0,516.0,0,0,0,0,0,0,1,Condominium,Freehold,Non Bumi Lot,Unknown,Penang,One Foresta @ Bayan Lepas,Ideal Property Group,Bayan Lepas
103050937,350000,700.0,3.0,2.0,1.0,8,0,0,0,0,0,0,0,2012.0,14.0,30.0,500.0,502.0,1,1,0,1,1,1,1,Apartment,Freehold,Non Bumi Lot,Unknown,Penang,Melody Homes,Belleview Group,Ayer Itam
103805177,250000,750.0,3.0,2.0,1.0,6,0,0,0,0,0,0,0,1998.0,28.0,35.0,,334.0,0,1,1,0,1,0,0,Condominium,Freehold,Non Bumi Lot,Unknown,Penang,BJ Court Condominium,Unknown,Bayan Lepas
103805172,260000,650.0,3.0,2.0,1.0,0,0,0,0,0,0,0,0,,,,,458.0,0,0,0,0,0,0,0,Flat,Freehold,Non Bumi Lot,Unknown,Penang,Kejora,Unknown,Teluk Kumbar
102554797,399000,800.0,2.0,2.0,1.0,8,0,0,0,0,0,0,0,2020.0,6.0,33.0,490.0,506.0,1,1,1,1,0,1,0,Condominium,Freehold,Non Bumi Lot,Unknown,Penang,Eco Bloom @ Eco Meadows,Eco World Development Group Berhad,Simpang Ampat
101907204,329000,1082.0,3.0,3.0,1.0,10,0,0,0,0,0,0,0,2022.0,4.0,,552.0,1028.0,1,1,1,1,1,1,0,Condominium,Freehold,Non Bumi Lot,Low,Selangor,Residensi Adelia,Trans Loyal Development Sdn Bhd,Kajang
101830037,550000,1050.0,3.0,2.0,1.0,3,0,0,0,0,0,0,0,1999.0,27.0,9.0,36.0,704.0,0,1,0,0,0,0,1,Condominium,Freehold,Non Bumi Lot,Low,Penang,Sunshine Tower,Stallions,Jelutong
103805238,190000,750.0,3.0,2.0,1.0,0,0,0,0,0,0,0,0,,,,,491.0,0,0,0,0,0,0,0,Apartment,Leasehold,Non Bumi Lot,High,Penang,Widuri Apartment (Butterworth),Harta Intan,Butterworth
103805222,125000,500.0,2.0,1.0,1.0,0,0,0,0,0,0,0,0,,,,,85.0,0,0,0,0,0,0,0,Flat,Freehold,Bumi Lot,High,Penang,Taman Sungai Batu,Unknown,Teluk Kumbar
30964923,538000,1539.0,4.0,3.0,2.0,11,0,0,0,0,0,0,0,,,15.0,192.0,903.0,1,1,0,1,1,0,0,Condominium,Freehold,Non Bumi Lot,Medium,Selangor,La Vista Condominiums,IOI Properties Group,Puchong
103652447,320000,800.0,3.0,2.0,1.0,7,0,0,0,0,0,0,0,2008.0,18.0,29.0,,113.0,0,1,0,1,1,1,1,Apartment,Freehold,Non Bumi Lot,Unknown,Penang,Relau Vista,Alor Vista Sdn Bhd,Bayan Lepas
100049749,303000,800.0,3.0,2.0,1.0,7,0,0,0,0,0,0,0,2008.0,18.0,29.0,,102.0,0,1,0,1,1,1,0,Apartment,Freehold,Non Bumi Lot,Unknown,Penang,Relau Vista,Alor Vista Sdn Bhd,Bayan Lepas
103805089,320000,800.0,3.0,2.0,1.0,0,0,0,0,0,0,0,0,1998.0,28.0,21.0,406.0,465.0,0,0,0,0,0,0,0,Condominium,Freehold,Non Bumi Lot,Unknown,Penang,Kingfisher Series Condominium,Hunza Properties Berhad,George Town
103805118,150000,550.0,2.0,2.0,1.0,0,0,0,0,0,0,0,0,,,,,365.0,0,0,0,0,0,0,1,Apartment,Leasehold,Non Bumi Lot,Low,Johor,Flat Taman Perling,I&P Group,Perling
103805117,270000,904.0,3.0,2.0,1.0,6,0,0,0,0,0,0,0,,,,,466.0,0,1,1,1,1,0,0,Apartment,Leasehold,Non Bumi Lot,Unknown,Penang,Vista Perdana (Butterworth),Unknown,Butterworth
103805207,300000,1000.0,3.0,2.0,1.0,6,0,0,0,0,0,0,0,,,,,229.0,1,1,1,1,1,0,0,Condominium,Freehold,Bumi Lot,Low,Sabah,Puncak Gloxinia,Unknown,Papar
103792460,570000,622.0,1.0,1.0,1.0,5,1,0,1,0,1,1,0,2018.0,8.0,38.0,1163.0,1638.0,1,1,0,1,0,1,0,Service Residence,Leasehold,Non Bumi Lot,High,Kuala Lumpur,Arte Plus Jalan Ampang,Arte Corp,Kuala Lumpur
103487988,420000,800.0,3.0,2.0,1.0,6,0,0,0,0,0,0,0,2006.0,20.0,18.0,182.0,127.0,1,1,0,0,1,0,1,Apartment,Freehold,Non Bumi Lot,Unknown,Penang,Casa Impian,Unknown,Jelutong
103436550,348000,640.0,1.0,1.0,1.0,11,0,0,0,0,0,0,0,2018.0,8.0,,1050.0,331.0,1,1,0,1,1,1,1,Condominium,Freehold,Non Bumi Lot,High,Johor,Molek Regency,ALPHA ASTRAL REALTY SDN BHD,Johor Bahru
103805030,365000,922.0,3.0,2.0,1.0,8,0,0,0,0,0,0,0,,,14.0,,1125.0,1,1,1,1,1,0,0,Apartment,Freehold,Non Bumi Lot,High,Selangor,Pangsapuri Seri Pinang (Seri Kembangan),Unknown,Seri Kembangan
103434472,420000,1045.0,3.0,2.0,1.0,10,0,0,0,0,0,0,0,2014.0,12.0,,440.0,456.0,1,1,0,1,1,1,0,Apartment,Freehold,Non Bumi Lot,High,Johor,Horizon Residence (Dwi Mutiara),Unknown,Iskandar Puteri
103805026,547000,2293.0,5.0,4.0,2.0,14,0,0,0,0,0,0,0,1999.0,27.0,16.0,520.0,1016.0,1,1,1,1,1,1,0,Condominium,Freehold,Non Bumi Lot,Unknown,Selangor,Impian Heights,IOI Properties Group Berhad,Puchong
103610151,488000,1722.0,4.0,2.0,1.0,9,0,0,0,0,0,0,0,,,,,468.0,1,1,1,1,1,1,1,Condominium,Freehold,Non Bumi Lot,Low,Johor,Nusavilla,Unknown,Johor Bahru
100751667,170000,760.0,3.0,2.0,1.0,13,0,0,0,0,0,0,0,,,,,758.0,0,1,1,1,1,0,0,Apartment,Freehold,Non Bumi Lot,High,Selangor,Simfoni @ Eco Majestic,Unknown,Semenyih
103805021,530000,1000.0,3.0,2.0,1.0,0,0,0,0,0,0,0,0,2007.0,19.0,20.0,224.0,463.0,0,0,0,0,0,0,0,Condominium,Freehold,Non Bumi Lot,Unknown,Penang,Desa Airmas,Airmas Group,Gelugor
103694293,320000,1288.0,3.0,2.0,1.0,7,0,0,0,0,0,0,0,2015.0,11.0,21.0,455.0,199.0,1,1,0,1,1,0,0,Condominium,Freehold,Non Bumi Lot,Medium,Selangor,Ivory Residence,TLS Group,Kajang
103509966,443000,950.0,3.0,2.0,2.0,8,0,0,0,0,0,0,0,,,,,478.0,1,1,1,1,1,0,0,Service Residence,Freehold,Non Bumi Lot,Medium,Johor,Pandan Residence,Unknown,Tebrau
103804933,250000,852.0,3.0,2.0,1.0,11,1,0,0,0,1,1,0,2000.0,26.0,12.0,,299.0,1,1,1,1,1,0,0,Apartment,Leasehold,Non Bumi Lot,Medium,Selangor,Vista Lavender,Talam Transform Berhad,Puchong
103648844,1500000,1378.0,2.0,3.0,1.0,7,0,0,0,0,0,0,0,,,,,456.0,1,1,1,1,1,1,0,Condominium,Leasehold,Non Bumi Lot,Unknown,Sarawak,Lagenda,Unknown,Kuching
102467837,700000,1000.0,3.0,2.0,1.0,5,0,0,0,0,0,0,0,,,,,377.0,1,1,1,1,0,1,0,Apartment,Leasehold,Non Bumi Lot,Medium,Sarawak,Rex Apartment,Unknown,Kuching
103804857,480000,947.0,2.0,2.0,2.0,10,0,0,0,0,0,0,0,2020.0,6.0,34.0,462.0,365.0,1,1,1,1,1,1,0,Service Residence,Freehold,Non Bumi Lot,Unknown,Penang,Luminari,OSK Property Holdings Berhad,Butterworth
101776501,688000,1257.0,3.0,2.0,2.0,10,1,1,0,0,0,0,0,,,,,1072.0,1,1,1,1,1,1,0,Service Residence,Leasehold,Non Bumi Lot,High,Kuala Lumpur,Kaleidoscope,Kerjaya Prospek Group,Kuala Lumpur
101812252,300000,1038.0,3.0,2.0,2.0,8,1,0,0,1,0,0,0,2014.0,12.0,23.0,744.0,1566.0,1,1,0,1,1,0,0,Service Residence,Freehold,Non Bumi Lot,Medium,Selangor,Amara Service Residences,Jaya Megah Development Sdn Bhd,Batu Caves
101817399,1500000,1000.0,3.0,2.0,2.0,8,0,0,0,0,0,0,0,2015.0,11.0,32.0,71.0,163.0,1,1,0,1,1,0,1,Condominium,Freehold,Non Bumi Lot,Unknown,Penang,The Cantonment,Malton Berhad Group,Pulau Tikus
100780015,780000,1600.0,4.0,3.0,1.0,6,0,0,0,0,0,0,0,2006.0,20.0,26.0,104.0,112.0,1,1,0,1,1,1,1,Condominium,Freehold,Non Bumi Lot,Unknown,Penang,Straits Regency,Unknown,Batu Ferringhi
101709396,950000,1352.0,3.0,2.0,2.0,6,0,0,0,0,0,0,0,2016.0,10.0,32.0,322.0,125.0,1,1,0,1,1,0,0,Condominium,Freehold,Non Bumi Lot,Unknown,Penang,Mira Residence,BSG Property,Tanjung Bungah
102990565,532000,1171.0,3.0,2.0,1.0,11,0,0,1,0,0,1,0,2016.0,10.0,,180.0,1527.0,1,1,1,1,1,1,0,Condominium,Leasehold,Non Bumi Lot,Low,Kuala Lumpur,The Resident,Unknown,Kuala Lumpur
103804826,395000,1155.0,3.0,2.0,3.0,9,0,0,0,0,0,0,0,,,,,264.0,1,1,1,1,1,0,0,Condominium,Freehold,Non Bumi Lot,High,Penang,Ramah Pavilion,M Summit Group Sdn. Bhd.,Bayan Lepas
103804825,578000,1422.0,4.0,3.0,1.0,9,0,0,0,0,0,0,0,2013.0,13.0,20.0,899.0,441.0,1,1,1,1,1,1,0,Condominium,Leasehold,Non Bumi Lot,Unknown,Selangor,One Damansara,MK Land Holdings,Petaling Jaya
103493683,320000,1012.0,3.0,2.0,2.0,10,1,0,0,1,0,0,0,2014.0,12.0,23.0,744.0,747.0,1,1,1,1,1,0,1,Service Residence,Freehold,Non Bumi Lot,Medium,Selangor,Amara Service Residences,Jaya Megah Development Sdn Bhd,Batu Caves
103465493,750000,1432.0,3.0,2.0,2.0,7,0,0,0,0,0,0,0,,,,684.0,354.0,1,1,1,1,1,1,0,Condominium,Leasehold,Non Bumi Lot,High,Sarawak,Tribeca,Unknown,Kuching
103126986,600000,933.0,3.0,2.0,1.0,5,0,0,0,0,0,0,0,,,,,524.0,1,0,1,1,0,0,0,Service Residence,Leasehold,Non Bumi Lot,High,Sarawak,The Podium,Chen Ling Group,Kuching
101186465,575000,815.0,2.0,2.0,2.0,6,0,0,0,0,0,0,0,,,,,365.0,1,1,1,1,0,0,0,Condominium,Leasehold,Non Bumi Lot,High,Sarawak,Royal Richmond Gold,Kenbest Group,Kuching
100503785,495000,933.0,3.0,2.0,2.0,7,0,0,0,0,0,0,0,,,,,294.0,1,1,1,1,1,1,0,Service Residence,Leasehold,Non Bumi Lot,Medium,Sarawak,HK Square,Libing Sdn Bhd,Kuching
100338053,715000,1004.0,3.0,2.0,1.0,8,0,0,0,0,0,0,0,,,,,474.0,1,1,1,1,1,1,0,Condominium,Leasehold,Non Bumi Lot,High,Sarawak,Jazz Suites @ Vivacity,Unknown,Kuching
83622800,500000,590.0,2.0,1.0,1.0,0,0,0,0,0,0,0,0,2017.0,9.0,,139.0,260.0,0,0,0,0,0,1,0,Apartment,Leasehold,Non Bumi Lot,Unknown,Sarawak,De Lofts,Kenbest Properties Sdn Bhd,Kuching
103249540,299900,852.0,3.0,2.0,1.0,6,1,0,0,0,1,1,0,2000.0,26.0,12.0,,990.0,0,1,1,0,1,1,0,Apartment,Leasehold,Non Bumi Lot,High,Selangor,Vista Lavender,Talam Transform Berhad,Puchong
103804692,270000,800.0,3.0,2.0,1.0,2,0,0,0,0,0,0,0,,,,,789.0,0,1,0,0,0,0,0,Apartment,Freehold,Non Bumi Lot,Low,Selangor,Aprtment Lotus,Unknown,Puchong
100369189,510000,1000.0,3.0,2.0,1.0,0,0,0,0,0,0,0,0,1996.0,30.0,15.0,54.0,119.0,0,0,0,0,0,0,1,Condominium,Freehold,Non Bumi Lot,Unknown,Penang,Edgecumbe House,Unknown,George Town
102754019,65000,743.0,3.0,2.0,2.0,0,0,0,0,0,0,0,0,,,,,640.0,0,0,0,0,0,0,0,Flat,Freehold,Non Bumi Lot,High,Johor,Taman Orchard Heights,Unknown,Batu Pahat
96323999,930000,1464.0,4.0,3.0,2.0,7,0,0,0,0,0,0,0,2011.0,15.0,22.0,531.0,145.0,1,1,0,1,1,1,1,Condominium,Leasehold,Non Bumi Lot,Unknown,Penang,Summer Place,Jelutong Development Sdn. Bhd. (IJM Land),George Town
96324225,1030000,1400.0,3.0,3.0,2.0,0,0,0,0,0,0,0,0,2015.0,11.0,29.0,260.0,104.0,0,0,0,0,0,1,1,Condominium,Freehold,Non Bumi Lot,Unknown,Penang,Raffel Tower,BSG Property,Gelugor
95783518,470000,1936.0,3.0,2.0,3.0,1,1,0,0,1,0,0,0,,,,,1254.0,0,0,0,0,0,0,0,Apartment,Leasehold,Non Bumi Lot,Unknown,Selangor,Ria @ Amaniah Mulia,ARA ASA DEVELOPMENT SDN BHD,Batu Caves
102352239,2680000,2101.0,3.0,4.0,2.0,11,0,0,0,0,0,0,0,2017.0,9.0,25.0,298.0,1642.0,1,1,1,1,1,1,1,Condominium,Freehold,Non Bumi Lot,High,Penang,Andaman @ Quayside,Eastern & Oriental Berhad,Tanjong Tokong
96433542,220000,753.0,3.0,2.0,1.0,12,0,1,0,0,1,1,0,,,,419.0,374.0,1,1,1,1,1,0,0,Service Residence,Leasehold,Non Bumi Lot,Low,Selangor,The Academia @ South City Plaza,Andaman Group,Seri Kembangan
103804595,225000,712.0,2.0,1.0,1.0,5,0,0,0,0,0,0,0,,,,,162.0,1,1,0,0,1,0,0,Apartment,Leasehold,Non Bumi Lot,Medium,Sabah,Bandar Sierra Apartment,Unknown,Tuaran
103804591,368000,925.0,3.0,2.0,1.0,6,1,0,0,0,1,1,0,,,5.0,,791.0,0,1,0,0,1,0,1,Apartment,Freehold,Non Bumi Lot,Low,Selangor,Jasmine Court,Unknown,Puchong
103804585,550000,1200.0,3.0,3.0,2.0,5,1,1,0,1,1,1,0,,,6.0,116.0,1005.0,1,1,0,1,1,1,1,Condominium,Freehold,Non Bumi Lot,Unknown,Kuala Lumpur,Villa OUG,Kumpulan Hartanah,Kuala Lumpur
103804652,320000,850.0,3.0,2.0,1.0,3,0,0,0,0,0,0,0,,,5.0,,841.0,0,1,0,0,1,1,0,Apartment,Leasehold,Bumi Lot,Low,Selangor,Sri Wira Apartment,Unknown,Ampang
103791585,268000,1055.0,3.0,2.0,2.0,14,0,0,0,0,0,0,0,2017.0,9.0,,,842.0,1,1,1,1,1,0,0,Apartment,Freehold,Non Bumi Lot,High,Selangor,Pangsapuri Puncak Saujana,Unknown,Kajang
103739574,330000,900.0,3.0,2.0,1.0,13,0,0,0,0,0,0,0,,,,,775.0,0,1,1,1,1,0,0,Apartment,Freehold,Bumi Lot,Low,Selangor,Trifolia Apartment,Y&G Corporation Bhd,Klang
103644888,275000,750.0,3.0,2.0,1.0,14,1,0,0,0,0,1,0,,,,,923.0,1,1,1,1,1,0,0,Apartment,Freehold,Bumi Lot,High,Selangor,Seri Utama,Unknown,Puchong
103612129,300000,1023.0,3.0,2.0,2.0,14,0,0,0,0,0,0,0,2019.0,7.0,,1205.0,775.0,1,1,1,1,1,0,0,Condominium,Freehold,Bumi Lot,High,Selangor,Residensi Zamrud @ Kajang,Cheras Hong Soon Development Sdn. Bhd.,Kajang
103558767,266000,850.0,3.0,2.0,1.0,14,1,0,0,0,1,1,0,,,,,914.0,1,1,1,1,1,0,0,Apartment,Leasehold,Bumi Lot,High,Selangor,Asteria,Mah Sing Group Berhad,Klang
102514324,230000,883.0,3.0,2.0,1.0,4,1,0,0,0,0,1,0,,,5.0,,713.0,0,1,0,0,1,0,0,Apartment,Leasehold,Non Bumi Lot,Medium,Selangor,Riviera Apartment,Unknown,Ampang
103169491,168000,732.0,3.0,1.0,1.0,1,1,0,0,0,0,1,0,,,,,922.0,0,0,0,0,0,0,0,Apartment,Leasehold,Non Bumi Lot,Unknown,Selangor,Bandar Baru Ampang,Unknown,Ampang
103804567,300000,800.0,3.0,2.0,1.0,4,1,1,0,1,0,1,0,,,,,910.0,1,1,1,1,0,0,1,Condominium,Freehold,Non Bumi Lot,Medium,Selangor,The 19 Usj City Mall,Unknown,USJ
103804632,355000,1173.0,3.0,2.0,1.0,6,1,1,0,0,1,1,0,,,15.0,,901.0,1,1,1,0,1,0,0,Condominium,Leasehold,Bumi Lot,Medium,Selangor,Sri Mahligai,Unknown,Shah Alam
103224951,185000,650.0,3.0,1.0,1.0,3,1,0,0,0,1,1,0,,,12.0,216.0,537.0,0,1,1,0,1,0,0,Apartment,Freehold,Non Bumi Lot,Unknown,Kuala Lumpur,Teratai Mewah Apartment,Unknown,Kuala Lumpur
103804617,550000,1650.0,4.0,2.0,1.0,6,0,0,0,0,0,0,0,,,24.0,234.0,420.0,1,1,1,1,1,1,0,Condominium,Freehold,Non Bumi Lot,High,Penang,Shineville Park,Zantalite Enterprise (M) Sdn Bhd,Ayer Itam
102462695,430000,657.0,2.0,1.0,1.0,6,0,1,0,0,0,1,0,2022.0,4.0,,596.0,736.0,0,1,0,0,1,1,0,Service Residence,Leasehold,Non Bumi Lot,Unknown,Selangor,The Amber Residences,Gamuda Land Sdn Bhd,Kota Kemuning
103804483,390000,850.0,3.0,2.0,2.0,6,0,0,0,0,0,0,0,1997.0,29.0,,216.0,493.0,0,1,0,0,1,1,1,Apartment,Freehold,Non Bumi Lot,Low,Penang,Mutiara Perdana 1 (Lengkuk Kelicap),Unknown,Bayan Lepas
103804560,140000,652.0,3.0,2.0,1.0,0,0,0,0,0,0,0,0,,,5.0,,1012.0,0,0,0,0,0,0,0,Apartment,Freehold,Bumi Lot,Low,Selangor,Nuri Apartment,Unknown,Kajang
103804467,386000,946.0,3.0,2.0,1.0,9,0,0,0,0,0,0,0,2000.0,26.0,18.0,752.0,173.0,1,1,1,0,1,0,1,Condominium,Leasehold,Bumi Lot,Medium,Kuala Lumpur,Endah Ria,Soon Tiek Development & PJ Development,Kuala Lumpur
103804464,245000,600.0,1.0,1.0,1.0,6,1,1,0,1,0,1,0,2009.0,17.0,33.0,384.0,482.0,1,1,1,1,1,1,0,Service Residence,Leasehold,Non Bumi Lot,Unknown,Selangor,Axis Pandan,Reliable Capacity,Ampang
103804443,394000,1100.0,3.0,2.0,2.0,14,0,0,0,0,0,0,0,,,,,1291.0,1,1,1,1,1,0,0,Condominium,Freehold,Non Bumi Lot,Medium,Selangor,Selangor » Kajang,Unknown,Kajang
102900811,380000,1334.0,3.0,2.0,1.0,3,0,0,0,0,0,0,0,2017.0,9.0,11.0,147.0,148.0,1,0,0,0,1,0,0,Condominium,Freehold,Non Bumi Lot,Unknown,Penang,BM Residence,Tambun Indah Land Berhad,Bukit Mertajam
101602939,930000,2809.0,4.0,3.0,2.0,11,0,0,0,0,0,0,0,1998.0,28.0,15.0,198.0,637.0,1,1,1,1,1,1,1,Condominium,Freehold,Non Bumi Lot,High,Putrajaya,Puteri Palma Condominium,IOI Properties Group,Putrajaya
102493387,295000,700.0,3.0,2.0,1.0,5,0,0,0,0,0,0,0,,,5.0,,365.0,0,1,1,0,1,0,1,Apartment,Freehold,Non Bumi Lot,Unknown,Penang,Medan Mutiara,Unknown,Sungai Nibong
103804549,488000,1100.0,3.0,2.0,1.0,10,1,1,0,1,1,1,0,1999.0,27.0,18.0,,798.0,1,1,1,1,1,0,1,Condominium,Freehold,Non Bumi Lot,Medium,Kuala Lumpur,Villa Angsana,Mudajaya Group,Kuala Lumpur
103804544,530000,1100.0,3.0,2.0,2.0,0,0,0,0,0,0,0,0,2001.0,25.0,31.0,360.0,675.0,0,0,0,0,0,1,1,Condominium,Freehold,Non Bumi Lot,Low,Penang,Halaman Kristal,Unknown,Jelutong
103804540,200500,400.0,1.0,1.0,1.0,14,0,0,0,0,0,0,0,,,,,488.0,1,1,1,1,1,1,0,Studio,Leasehold,Non Bumi Lot,Unknown,Selangor,Damansara PJ New Condo,Unknown,Damansara Jaya
102917391,335000,680.0,3.0,2.0,1.0,3,0,0,0,0,0,0,0,2006.0,20.0,20.0,,145.0,0,1,1,0,0,0,0,Apartment,Freehold,Non Bumi Lot,Medium,Penang,Taman Kheng Tian,Belleview Group,Jelutong
102900939,350000,850.0,3.0,2.0,1.0,7,0,0,0,0,0,0,0,2008.0,18.0,29.0,,110.0,0,1,0,1,1,0,0,Apartment,Freehold,Non Bumi Lot,High,Penang,Relau Vista,Alor Vista Sdn Bhd,Bayan Lepas
102886250,370000,750.0,3.0,2.0,1.0,2,0,0,0,0,0,0,0,,,18.0,112.0,110.0,0,1,0,0,0,0,1,Apartment,Freehold,Non Bumi Lot,Unknown,Penang,Damai Vista Apartment,OHM Group,Jelutong
102885651,135000,600.0,3.0,1.0,1.0,2,0,0,0,0,0,0,0,2005.0,21.0,20.0,,103.0,0,0,1,0,0,0,0,Apartment,Freehold,Non Bumi Lot,Unknown,Penang,Pinang Emas Flat,Unknown,Batu Ferringhi
102464027,645000,1349.0,4.0,2.0,1.0,6,0,0,0,0,0,0,0,2008.0,18.0,28.0,134.0,356.0,0,1,0,1,1,0,0,Condominium,Freehold,Non Bumi Lot,Low,Penang,Palm Palladium,Harta Intan Construction Sdn. Bhd.,Gelugor
103804534,200200,400.0,1.0,1.0,1.0,14,0,0,0,0,0,0,0,,,,,488.0,1,1,1,1,1,1,0,Studio,Leasehold,Non Bumi Lot,Unknown,Selangor,Damansara PJ New Condo,Unknown,Bandar Utama
103278649,485000,1282.0,4.0,3.0,2.0,13,1,1,0,0,1,1,0,2012.0,14.0,18.0,453.0,1120.0,1,1,1,1,1,0,0,Condominium,Freehold,Non Bumi Lot,High,Selangor,Atmosfera,Villamas Group of Companies,Puchong
96102884,350000,430.0,2.0,2.0,1.0,0,1,1,1,1,1,1,0,2021.0,5.0,,1100.0,1021.0,0,0,0,0,0,0,0,Service Residence,Freehold,Non Bumi Lot,Unknown,Kuala Lumpur,3rdNvenue,Titijaya Land Berhad,Kuala Lumpur
103804489,200000,400.0,1.0,1.0,1.0,14,0,0,0,0,0,0,0,,,,,488.0,1,1,1,1,1,1,0,Studio,Leasehold,Non Bumi Lot,Unknown,Selangor,Damansara PJ New Condo,Unknown,SS2
101443504,505000,953.0,3.0,2.0,1.0,11,1,0,0,0,0,1,0,2020.0,6.0,,280.0,570.0,1,1,1,1,1,0,0,Condominium,Freehold,Non Bumi Lot,Unknown,Selangor,Amverton Greens,A&M Realty,Shah Alam
102462863,468000,657.0,2.0,1.0,1.0,6,0,1,0,0,0,1,0,2022.0,4.0,,596.0,685.0,0,1,0,0,1,1,0,Service Residence,Leasehold,Non Bumi Lot,Unknown,Selangor,The Amber Residences,Gamuda Land Sdn Bhd,Kota Kemuning
103402067,280000,1001.0,2.0,2.0,1.0,13,0,1,1,0,0,0,0,2010.0,16.0,22.0,1074.0,3081.0,1,1,1,1,1,0,0,Condominium,Leasehold,Non Bumi Lot,Low,Selangor,Magna Ville Condominium,Magna Park Sdn Bhd,Selayang
99617847,250000,957.0,3.0,2.0,1.0,5,0,0,0,0,0,0,1,2004.0,22.0,18.0,332.0,850.0,1,1,1,0,1,1,1,Apartment,Freehold,Bumi Lot,Low,Selangor,Sri Dahlia Apartment (Kajang),TLS Group,Kajang
102271412,360000,910.0,3.0,2.0,3.0,9,1,0,0,1,0,1,0,2006.0,20.0,17.0,702.0,618.0,1,1,1,1,1,1,0,Condominium,Leasehold,Non Bumi Lot,Unknown,Selangor,Ampang Prima,Demi-Prima Sdn Bhd,Ampang
103804319,390000,1100.0,3.0,2.0,2.0,14,0,0,0,0,0,0,0,,,,,1291.0,1,1,1,1,1,0,0,Condominium,Freehold,Non Bumi Lot,Medium,Selangor,Selangor » Kajang,Unknown,Kajang
103804318,324000,775.0,3.0,2.0,1.0,6,1,0,0,0,1,0,0,2017.0,9.0,34.0,1502.0,619.0,1,1,0,1,1,0,0,Apartment,Leasehold,Non Bumi Lot,High,Kuala Lumpur,Seasons Garden Residences @ Wangsa Maju,SCP Group,Kuala Lumpur
103804387,325000,850.0,3.0,2.0,2.0,9,0,0,0,0,0,0,0,2020.0,6.0,17.0,299.0,871.0,1,1,1,1,1,0,0,Condominium,Freehold,Non Bumi Lot,Medium,Selangor,Residensi Aman,Top Home Builder Development,Semenyih
103804295,365000,925.0,3.0,2.0,1.0,8,0,0,0,0,0,0,0,2017.0,9.0,16.0,412.0,546.0,1,1,1,1,1,0,0,Service Residence,Leasehold,Bumi Lot,Medium,Kuala Lumpur,M3 Residency,Mega Planner Jaya Sdn. Bhd.,Kuala Lumpur
103804357,229999,1000.0,3.0,2.0,1.0,3,0,0,0,0,0,0,0,,,,,775.0,1,0,1,0,1,0,1,Apartment,Leasehold,Bumi Lot,Medium,Johor,Apartment Bukit Saujana,Unknown,Johor Bahru
103804345,360000,1049.0,3.0,2.0,1.0,6,0,0,0,0,0,0,0,2006.0,20.0,12.0,260.0,790.0,1,1,1,0,0,0,0,Condominium,Leasehold,Bumi Lot,High,Selangor,Kondominium Kristal,Worldwide Holdings,Shah Alam
102156206,355000,1173.0,3.0,2.0,1.0,8,1,1,0,0,1,1,0,,,15.0,,1160.0,1,1,1,1,1,0,0,Condominium,Leasehold,Bumi Lot,Medium,Selangor,Sri Mahligai,Unknown,Shah Alam
103804258,340000,700.0,3.0,2.0,1.0,10,0,0,0,0,0,0,0,1997.0,29.0,28.0,422.0,216.0,1,1,1,1,1,0,0,Condominium,Freehold,Non Bumi Lot,Medium,Penang,U-Garden,Unknown,Gelugor
103804237,489000,1144.0,3.0,2.0,1.0,7,0,0,0,0,0,0,0,,,,243.0,968.0,1,1,0,0,1,1,1,Service Residence,Leasehold,Non Bumi Lot,High,Johor,Impian Senibong Residences,TRC Synergy Berhad,Masai
102624302,99000,700.0,3.0,2.0,2.0,0,0,0,0,0,0,0,0,,,,,227.0,0,0,0,0,0,0,0,Apartment,Leasehold,Bumi Lot,Medium,Selangor,Apartment cempaka bukit beruntung,Unknown,Bukit Beruntung
102967909,175000,650.0,3.0,2.0,1.0,4,0,0,0,0,0,0,0,,,,,320.0,0,1,1,0,0,0,1,Flat,Leasehold,Non Bumi Lot,Unknown,Penang,FARLIM 4A FLAT,Unknown,Ayer Itam
103580930,380790,797.0,2.0,2.0,1.0,6,0,0,0,0,0,0,0,,,,,1139.0,1,1,1,1,1,0,0,Condominium,Leasehold,Non Bumi Lot,High,Johor,KSL Residence 2 @ Kangkar Tebrau,KSL Holdings Berhad,Johor Bahru
102799732,170000,750.0,3.0,2.0,1.0,6,0,0,0,0,0,0,0,,,,,317.0,0,1,0,0,1,0,0,Apartment,Freehold,Non Bumi Lot,Low,Selangor,GROUND FLOOR APARTMENT LAS PALMAS RAWANG BLOCK NIPAH,Unknown,Rawang
102862641,295000,950.0,3.0,2.0,1.0,6,0,0,0,0,0,0,0,1989.0,37.0,17.0,592.0,336.0,0,1,1,0,1,0,1,Apartment,Leasehold,Non Bumi Lot,Unknown,Penang,Taman Seri Damai,Unknown,Jelutong
103804124,499000,1250.0,3.0,2.0,2.0,8,0,0,0,0,0,0,0,2018.0,8.0,,461.0,1664.0,1,1,1,1,1,0,0,Condominium,Freehold,Non Bumi Lot,High,Selangor,Oasis 1 @ Mutiara Heights,TLS Group,Kajang
103644314,610000,881.0,3.0,2.0,2.0,9,1,0,0,1,1,0,0,,,,,1744.0,1,1,1,1,1,1,0,Service Residence,Freehold,Bumi Lot,Medium,Kuala Lumpur,Lexa Residence @ The Quartz WM,Beverly Group Sdn Bhd,Kuala Lumpur
103804112,1059888,1557.0,3.0,3.0,2.0,7,0,0,0,0,0,0,0,,,,,283.0,1,1,1,1,1,0,0,Condominium,Leasehold,Non Bumi Lot,Medium,Sabah,SkyVue Residence,Eng Han Property Sdn Bhd,Kota Kinabalu
103804107,549000,1335.0,3.0,2.0,2.0,10,0,0,0,0,0,0,0,,,,,1308.0,1,1,1,1,1,0,0,Condominium,Freehold,Non Bumi Lot,Medium,Selangor,E Park Residence,Unknown,Sungai Buloh
103804101,285000,811.0,3.0,2.0,1.0,5,0,0,1,0,1,0,0,1996.0,30.0,4.0,368.0,715.0,0,1,0,0,1,0,1,Condominium,Freehold,Non Bumi Lot,Medium,Selangor,SD Apartments,Land & General Berhad,Bandar Sri Damansara
103804090,456000,926.0,3.0,2.0,2.0,9,0,0,0,0,0,0,0,,,,,850.0,1,1,1,1,1,1,0,Service Residence,Freehold,Non Bumi Lot,Low,Selangor,Raintree Residence,Unknown,Klang
103804083,520000,1073.0,3.0,2.0,2.0,14,1,1,0,1,0,1,0,2020.0,6.0,40.0,1052.0,787.0,1,1,1,1,1,1,0,Condominium,Leasehold,Non Bumi Lot,Unknown,Kuala Lumpur,The Havre @ Bukit Jalil,Aset Kayamas Sdn Bhd,Kuala Lumpur
103804213,400000,997.0,3.0,2.0,1.0,13,0,0,0,0,0,0,0,,,5.0,400.0,107.0,1,1,1,1,1,0,1,Condominium,Freehold,Non Bumi Lot,Low,Kuala Lumpur,Teratai Mewah Condominium,Unknown,Kuala Lumpur
96434057,1480000,1200.0,3.0,2.0,2.0,12,0,0,0,0,0,0,0,2022.0,4.0,,450.0,359.0,1,1,1,1,1,1,1,Condominium,Freehold,Non Bumi Lot,High,Penang,Queens Residences @ Queens Waterfront,Ideal Property Group,Bayan Lepas
103804189,1450000,1200.0,3.0,2.0,2.0,10,0,0,0,0,0,0,0,2022.0,4.0,,450.0,196.0,1,1,1,1,1,0,0,Condominium,Freehold,Non Bumi Lot,Medium,Penang,Queens Residences @ Queens Waterfront,Ideal Property Group,Bayan Lepas
103804025,379000,900.0,3.0,2.0,1.0,5,1,1,0,1,1,1,0,1997.0,29.0,5.0,,1301.0,0,1,0,0,1,0,0,Apartment,Freehold,Bumi Lot,Low,Selangor,Goodyear Court 10,Unknown,Subang Jaya
103804022,1338000,1850.0,4.0,4.0,2.0,8,0,0,0,0,0,0,0,,,,82.0,320.0,1,1,1,1,1,1,0,Condominium,Leasehold,Non Bumi Lot,Medium,Sabah,The Bay Residences,Unknown,Likas
103804173,360000,1002.0,3.0,2.0,1.0,0,0,0,0,0,0,0,0,2020.0,6.0,14.0,780.0,1123.0,0,0,0,0,0,1,0,Apartment,Freehold,Non Bumi Lot,Low,Penang,The Park @ Mak Mandin,Silver Channel Sdn. Bhd. (Tamarins Group),Butterworth
103655077,380000,820.0,2.0,2.0,1.0,9,0,0,0,0,0,0,0,2014.0,12.0,,561.0,500.0,1,1,0,1,1,1,1,Apartment,Freehold,Non Bumi Lot,Medium,Johor,Greenfield Regency,Alpha Astral,Johor Bahru
103655467,210000,1001.0,3.0,2.0,1.0,0,0,0,0,0,0,0,0,,,4.0,,445.0,0,0,0,0,0,1,1,Apartment,Leasehold,Non Bumi Lot,High,Johor,Lily & Jasmine,Unknown,Johor Bahru
101555323,520000,2124.0,3.0,4.0,1.0,10,0,0,0,0,0,0,0,,,14.0,319.0,479.0,1,1,0,1,1,1,1,Apartment,Freehold,Non Bumi Lot,High,Johor,Danga View Apartment,Ekovest Berhad,Skudai
103804159,772090,798.0,2.0,2.0,1.0,13,0,0,0,0,0,0,0,2018.0,8.0,35.0,3224.0,3021.0,1,1,1,1,1,1,0,Service Residence,Freehold,Non Bumi Lot,High,Johor,R&F Princess Cove,R&F Development Sdn Bhd,Johor Bahru
90290816,950000,2214.0,4.0,3.0,4.0,11,1,1,0,0,1,1,0,2018.0,8.0,22.0,576.0,1000.0,1,1,0,1,1,1,0,Service Residence,Freehold,Non Bumi Lot,High,Selangor,Maple Residences,KSL Holdings Berhad,Klang
103312515,515000,982.0,3.0,2.0,2.0,10,0,0,0,0,0,0,0,2017.0,9.0,,,187.0,1,1,1,1,1,1,0,Condominium,Leasehold,Non Bumi Lot,Medium,Sabah,The Gardens (Penampang),SC Land Group,Penampang
102775997,408000,1000.0,3.0,2.0,1.0,9,0,0,0,0,0,0,0,,,,109.0,287.0,1,1,1,1,1,0,0,Condominium,Leasehold,Non Bumi Lot,Medium,Sabah,One Sulaman,Unknown,Kota Kinabalu
103804145,620000,1165.0,3.0,2.0,2.0,10,0,0,0,0,0,0,0,2021.0,5.0,,406.0,580.0,1,1,1,1,1,1,1,Condominium,Freehold,Non Bumi Lot,Unknown,Penang,The Golden Triangle,GSV Development Sdn Bhd,Relau
103804135,300000,800.0,3.0,2.0,1.0,11,1,1,1,0,1,1,0,2026.0,0.0,,3600.0,1362.0,1,1,1,1,1,0,0,Service Residence,Leasehold,Non Bumi Lot,Medium,Kuala Lumpur,J.Satine,Gandingan Jakel,Kuala Lumpur
103804132,380000,1000.0,3.0,2.0,1.0,6,0,0,0,0,0,0,0,,,,,768.0,0,0,0,0,0,1,0,Condominium,Leasehold,Non Bumi Lot,Low,Kuala Lumpur,"{Lakefield KL} Fully Furnished MRT Condo Monthly RM1,600",Unknown,Kuala Lumpur
102851956,259999,755.0,3.0,2.0,1.0,8,0,0,0,0,0,0,0,2010.0,16.0,14.0,336.0,1281.0,1,1,1,1,1,1,0,Condominium,Freehold,Non Bumi Lot,Medium,Kuala Lumpur,Ketumbar Heights,Mahajaya Berhad,Kuala Lumpur
103372239,240000,1080.0,3.0,2.0,1.0,0,0,0,0,0,0,0,0,,,4.0,1.0,330.0,0,0,0,0,0,0,1,Apartment,Freehold,Non Bumi Lot,Medium,Selangor,Taman Megah Cheras Apartment,Unknown,Cheras
103532846,360000,1049.0,3.0,2.0,1.0,0,1,0,0,0,1,1,0,,,,,908.0,0,0,0,0,0,0,0,Condominium,Leasehold,Bumi Lot,High,Selangor,Kristal View,PKNS,Shah Alam
103804063,250000,883.0,3.0,2.0,1.0,9,0,0,0,0,0,0,0,2001.0,25.0,14.0,704.0,171.0,1,1,1,1,1,0,0,Condominium,Leasehold,Non Bumi Lot,Low,Selangor,Garden Park,SHL Consolidated Berhad,Bandar Sungai Long
103496074,350000,703.0,2.0,2.0,1.0,11,0,0,0,0,0,0,0,,,,,488.0,1,1,1,1,1,0,0,Condominium,Freehold,Non Bumi Lot,Medium,Penang,Batu Kawan New Condominium,Unknown,Batu Kawan
98991063,142000,519.0,2.0,1.0,1.0,3,1,1,1,1,0,1,0,,,,,1188.0,0,0,0,0,1,0,0,Flat,Leasehold,Bumi Lot,High,Selangor,Flat Dato Ahmad Razali,Unknown,Ampang
103125797,410000,1000.0,3.0,2.0,2.0,9,0,0,0,0,0,0,0,,,,,510.0,1,1,1,1,1,0,0,Condominium,Freehold,Non Bumi Lot,Medium,Penang,"Luxury Condo at Bayan Lepas, Near to Airport, FTZ",Unknown,Bayan Lepas
103125858,415000,1000.0,3.0,2.0,2.0,9,0,0,0,0,0,0,0,,,,,510.0,1,1,1,1,1,0,0,Condominium,Freehold,Non Bumi Lot,Medium,Penang,Bayan Lepas New Condominium Near to Airport,Unknown,Bayan Lepas
103784481,230000,950.0,3.0,2.0,1.0,4,1,0,0,0,1,1,0,,,5.0,,596.0,0,1,0,0,1,1,0,Apartment,Leasehold,Non Bumi Lot,Low,Selangor,Cempaka Apartment,Unknown,Bandar Kinrara
103804037,280000,820.0,3.0,2.0,2.0,3,1,0,0,0,0,1,0,,,,,656.0,0,1,0,0,1,0,0,Apartment,Freehold,Bumi Lot,Low,Selangor,Pangsapuri Seri Pegaga,Unknown,Shah Alam
99300583,260000,573.0,1.0,1.0,1.0,0,0,0,0,0,0,0,0,,,,,196.0,0,0,0,0,0,1,0,Condominium,Freehold,Non Bumi Lot,Unknown,Johor,Nusa Heights,Unknown,Iskandar Puteri
103803987,180000,650.0,3.0,1.0,1.0,1,1,0,0,0,0,0,0,,,,,644.0,0,0,0,0,0,0,0,Apartment,Leasehold,Bumi Lot,Low,Selangor,Pangsapuri Laksamana,Oscartech Development / Zacklim Properties,Batu Caves
103803848,365000,925.0,3.0,2.0,1.0,9,0,0,0,0,0,0,0,2017.0,9.0,16.0,412.0,499.0,1,1,1,1,1,0,0,Service Residence,Leasehold,Bumi Lot,High,Kuala Lumpur,M3 Residency,Mega Planner Jaya Sdn. Bhd.,Kuala Lumpur
103803843,300000,860.0,3.0,2.0,1.0,0,0,0,0,0,0,0,0,,,,,892.0,0,0,0,0,0,1,1,Apartment,Freehold,Non Bumi Lot,Medium,Penang,Taman Paya Terubong,Unknown,Paya Terubong
100329236,170000,650.0,3.0,2.0,1.0,0,1,0,1,0,1,0,0,,,,,296.0,0,0,0,0,0,0,0,Flat,Leasehold,Non Bumi Lot,Unknown,Kuala Lumpur,PPR Desa Rejang,Unknown,Kuala Lumpur
101547589,338000,1184.0,3.0,2.0,1.0,0,0,0,0,0,0,0,0,,,,,195.0,0,0,0,0,0,1,0,Apartment,Freehold,Non Bumi Lot,Unknown,Johor,Desa Skudai Apartment,Unknown,Skudai
101538341,330000,1184.0,3.0,2.0,1.0,0,0,0,0,0,0,0,0,,,,,193.0,0,0,0,0,0,1,0,Apartment,Freehold,Non Bumi Lot,Unknown,Johor,Desa Skudai Apartment,Unknown,Skudai
103533247,366000,541.0,1.0,1.0,2.0,14,0,0,0,0,0,0,0,,,,,309.0,1,1,1,1,1,0,0,Service Residence,Leasehold,Non Bumi Lot,Medium,Johor,Sunway GRID Residence,Unknown,Iskandar Puteri
102709083,338000,1184.0,3.0,2.0,1.0,0,0,0,0,0,0,0,0,,,,,230.0,0,0,0,0,0,0,1,Apartment,Freehold,Non Bumi Lot,Unknown,Johor,Desa Skudai Apartment,Unknown,Skudai
103803972,394000,1050.0,3.0,2.0,2.0,14,0,0,0,0,0,0,0,,,,,1291.0,1,1,1,1,1,0,0,Condominium,Freehold,Non Bumi Lot,Medium,Selangor,Selangor » Kajang,Unknown,Kajang
103730519,399000,1300.0,3.0,3.0,2.0,4,0,0,0,0,0,0,0,2020.0,6.0,55.0,360.0,632.0,0,1,0,0,1,0,0,Condominium,Freehold,Non Bumi Lot,High,Johor,TriTower Residence @ Johor Bahru Sentral,MB Group,Johor Bahru
103268614,209000,463.0,1.0,1.0,1.0,14,0,0,0,0,0,0,0,,,,,246.0,1,1,1,1,1,0,0,Condominium,Leasehold,Non Bumi Lot,High,Johor,KSL Residence 2 @ Kangkar Tebrau,KSL Holdings Berhad,Johor Bahru
103803960,288000,955.0,3.0,2.0,1.0,0,1,0,1,0,0,0,0,,,,,581.0,0,0,0,0,0,0,0,Apartment,Freehold,Non Bumi Lot,Low,Selangor,Pangsapuri Perdana Villa,Unknown,Klang
103803959,450000,950.0,3.0,2.0,2.0,12,1,0,0,0,1,1,0,2023.0,3.0,38.0,900.0,484.0,1,1,1,1,1,0,0,Apartment,Leasehold,Non Bumi Lot,Medium,Kuala Lumpur,LSH Sentul,Lim Seong Hai Holdings Sdn Bhd,Kuala Lumpur
103803955,450000,950.0,3.0,2.0,2.0,12,1,0,0,0,1,1,0,2023.0,3.0,38.0,900.0,1127.0,1,1,1,1,1,1,0,Apartment,Leasehold,Non Bumi Lot,Medium,Kuala Lumpur,LSH Sentul,Lim Seong Hai Holdings Sdn Bhd,Kuala Lumpur
102035044,1200000,950.0,2.0,2.0,2.0,10,0,0,0,0,0,0,0,2022.0,4.0,,450.0,208.0,1,1,1,1,1,1,1,Condominium,Freehold,Non Bumi Lot,Medium,Penang,Queens Residences @ Queens Waterfront,Ideal Property Group,Bayan Lepas
97263588,990000,950.0,2.0,3.0,2.0,12,0,0,0,0,0,0,0,2022.0,4.0,,450.0,243.0,1,1,1,1,1,1,1,Condominium,Freehold,Non Bumi Lot,High,Penang,Queens Residences @ Queens Waterfront,Ideal Property Group,Bayan Lepas
103803942,318000,850.0,3.0,2.0,1.0,0,1,0,0,0,0,1,0,2017.0,9.0,5.0,400.0,628.0,0,0,0,0,0,0,0,Apartment,Freehold,Non Bumi Lot,Low,Selangor,"Orchis Apartment, Bandar Parklands",WCT Holding Berhad,Klang
103803941,275000,850.0,3.0,2.0,1.0,2,1,0,0,0,1,1,0,,,,,554.0,0,0,1,0,0,0,0,Apartment,Freehold,Non Bumi Lot,Unknown,Selangor,Asteria,Mah Sing Group Berhad,Klang
103803936,228000,850.0,3.0,2.0,1.0,0,0,0,0,0,0,1,0,,,,,519.0,0,0,0,0,0,0,0,Apartment,Freehold,Non Bumi Lot,Low,Selangor,Villa Sentosa,Unknown,Klang
103803935,660000,1277.0,3.0,3.0,3.0,7,0,0,0,0,0,0,0,2016.0,10.0,15.0,138.0,957.0,1,1,1,1,1,0,0,Condominium,Leasehold,Bumi Lot,Medium,Selangor,Opal Residensi,PKNS,Shah Alam
103803933,245000,1065.0,3.0,2.0,1.0,0,1,0,1,0,0,1,0,,,9.0,,614.0,0,0,0,0,0,0,0,Apartment,Freehold,Non Bumi Lot,Unknown,Selangor,Perdana Villa (Klang),Unknown,Klang
96241155,930000,950.0,2.0,2.0,2.0,4,0,0,0,0,0,0,0,2022.0,4.0,,450.0,207.0,0,1,0,1,0,1,1,Condominium,Freehold,Non Bumi Lot,Medium,Penang,Queens Residences @ Queens Waterfront,Ideal Property Group,Bayan Lepas
95654067,388000,906.0,2.0,2.0,2.0,8,0,0,0,0,0,0,0,2014.0,12.0,21.0,460.0,436.0,1,1,0,1,1,0,0,Service Residence,Freehold,Non Bumi Lot,Medium,Johor,Austin Suites,Mah Sing Group Berhad,Johor Bahru
103803919,270000,754.0,3.0,2.0,1.0,0,0,0,0,0,0,0,0,,,,,797.0,0,0,0,0,0,0,0,Apartment,Leasehold,Bumi Lot,Low,Selangor,Low Cost Apartment Seksyen 7 Shah Alam,Unknown,Shah Alam
103803819,330000,900.0,3.0,2.0,1.0,4,0,0,0,0,0,0,0,,,5.0,,924.0,0,1,1,0,0,1,1,Apartment,Freehold,Non Bumi Lot,Low,Penang,Taman Seri Setia,Unknown,Tanjung Bungah
101655915,345000,900.0,3.0,2.0,2.0,7,1,0,0,0,0,0,0,2023.0,3.0,25.0,1168.0,1504.0,1,1,0,1,1,0,0,Apartment,Freehold,Bumi Lot,Medium,Selangor,Aspire Residence,Syarikat Perumahan Negara Berhad,Cyberjaya
102776186,451000,1100.0,3.0,2.0,1.0,9,0,0,0,0,0,0,0,,,,109.0,81.0,1,1,1,1,1,0,0,Condominium,Leasehold,Non Bumi Lot,Medium,Sabah,One Sulaman,Unknown,Kota Kinabalu
96660735,528000,1000.0,3.0,2.0,1.0,5,0,0,0,0,0,0,0,2015.0,11.0,,,124.0,1,1,0,1,1,0,0,Condominium,Freehold,Non Bumi Lot,Low,Sabah,Lido Four Seasons Residence,Unknown,Kota Kinabalu
98359134,607000,884.0,1.0,2.0,2.0,9,0,0,0,0,0,0,0,,,,,1181.0,1,1,1,1,1,0,0,Others,Leasehold,Non Bumi Lot,Medium,Sabah,LikasVue,Unknown,Kota Kinabalu
100180638,215000,650.0,3.0,2.0,1.0,5,0,0,0,0,0,0,0,2014.0,12.0,,,326.0,0,1,1,0,1,0,0,Apartment,Freehold,Non Bumi Lot,Unknown,Penang,I-Park Apartment,Ideal Property Group,Sungai Ara
102994144,680000,914.0,2.0,2.0,2.0,6,1,0,0,1,1,1,0,2021.0,5.0,,,517.0,1,1,1,1,1,0,0,Service Residence,Freehold,Non Bumi Lot,Unknown,Selangor,"Paisley @ Tropicana Metropark, Subang Jaya",Tropicana Corporation Berhad,Shah Alam
102264994,520000,1346.0,4.0,3.0,2.0,6,1,0,0,0,1,1,0,2008.0,18.0,19.0,448.0,383.0,1,1,1,1,1,0,0,Condominium,Leasehold,Bumi Lot,Unknown,Selangor,USJ One Avenue,USJ One Avenue Sdn Bhd,Subang Jaya
102812723,298000,700.0,3.0,2.0,1.0,1,0,0,0,0,0,0,0,1997.0,29.0,22.0,1008.0,370.0,0,0,1,0,0,0,1,Apartment,Freehold,Non Bumi Lot,Unknown,Penang,Desa Green Apartment (Jelutong),Unknown,Jelutong
103318297,395000,1400.0,3.0,2.0,1.0,5,1,0,0,1,1,0,1,,,18.0,288.0,652.0,1,1,1,0,0,1,1,Condominium,Leasehold,Non Bumi Lot,Medium,Kuala Lumpur,Seri Mas (Cheras),Amber Resources,Kuala Lumpur
103803795,530000,1050.0,3.0,2.0,2.0,7,1,1,0,1,0,1,0,2017.0,9.0,34.0,542.0,806.0,1,1,1,1,1,0,0,Service Residence,Leasehold,Non Bumi Lot,Medium,Kuala Lumpur,Maxim Residences,Meridian Maxim Sdn Bhd,Kuala Lumpur
103803788,480000,715.0,2.0,2.0,1.0,10,1,0,0,0,1,0,0,2016.0,10.0,,1388.0,1638.0,1,1,1,1,1,0,1,Service Residence,Freehold,Non Bumi Lot,High,Kuala Lumpur,Desa Green Serviced Apartment,UOA Group,Kuala Lumpur
103803620,470000,1030.0,3.0,2.0,2.0,14,0,0,0,0,0,0,0,,,,,477.0,1,1,1,1,1,1,0,Condominium,Freehold,Non Bumi Lot,Low,Kuala Lumpur,Melawati Condo,Unknown,Kuala Lumpur
103803600,770000,1382.0,3.0,2.0,2.0,11,1,1,1,1,1,0,0,2016.0,10.0,,396.0,497.0,1,1,0,1,1,0,0,Condominium,Leasehold,Non Bumi Lot,Low,Kuala Lumpur,Seri Riana Residence,IJM LAND BERHAD,Kuala Lumpur
103803776,470000,1300.0,3.0,2.0,3.0,10,0,0,0,0,0,0,0,2012.0,14.0,,350.0,63.0,1,1,1,1,1,0,0,Condominium,Freehold,Non Bumi Lot,Medium,Selangor,Cristal Serin Residence,Unknown,Cyberjaya
103803747,99000,500.0,2.0,1.0,1.0,0,0,0,0,0,0,0,0,,,,,64.0,0,0,0,0,0,0,1,Others,Leasehold,Non Bumi Lot,Unknown,Unknown,Unknown,Unknown,Unknown
103803736,328000,700.0,3.0,2.0,1.0,2,0,0,0,0,0,0,0,1999.0,27.0,9.0,155.0,411.0,0,1,0,0,0,0,1,Apartment,Freehold,Non Bumi Lot,Low,Penang,Century Park,Unknown,Gelugor
103803723,128000,600.0,3.0,1.0,1.0,3,0,0,0,0,0,0,0,,,,,211.0,0,0,0,0,1,0,0,Flat,Leasehold,Non Bumi Lot,High,Selangor,Taman Pinggiran Batu Caves Flat,Unknown,Batu Caves
103803564,450000,1010.0,3.0,2.0,2.0,8,1,0,0,0,0,1,0,2017.0,9.0,42.0,1932.0,1172.0,1,1,1,0,1,0,0,Condominium,Leasehold,Bumi Lot,Medium,Selangor,LakeFront Residence,MCT Berhad,Cyberjaya
103803546,195000,689.0,3.0,2.0,1.0,5,1,0,0,0,1,1,1,,,,,1102.0,0,1,0,0,1,0,0,Apartment,Freehold,Bumi Lot,Unknown,Selangor,Pangsapuri Seri Kayan,Unknown,Subang Jaya
103803536,410000,928.0,5.0,2.0,2.0,0,1,0,1,0,1,1,0,,,,,386.0,0,0,0,0,0,0,0,Service Residence,Freehold,Non Bumi Lot,High,Kuala Lumpur,Residensi Platinum Teratai,Platinum Victory Group Sdn. Bhd.,Kuala Lumpur
103774002,280000,850.0,3.0,2.0,1.0,5,0,0,0,0,0,0,0,,,,960.0,1263.0,0,1,1,0,1,0,0,Apartment,Freehold,Bumi Lot,Medium,Selangor,Masreca n19eteen (Masreca-19),Sterling Group,Cyberjaya
103803711,245000,850.0,3.0,2.0,1.0,5,0,0,0,0,0,0,0,,,20.0,,658.0,0,1,1,0,1,1,1,Apartment,Leasehold,Non Bumi Lot,Medium,Selangor,Flora Damansara Flat,Saujana Triangle,Damansara Perdana
102162371,548000,1349.0,3.0,2.0,2.0,7,0,0,0,0,0,0,0,2015.0,11.0,,128.0,153.0,1,1,1,1,1,0,0,Condominium,Leasehold,Non Bumi Lot,High,Sabah,The Suritz,Casa Sara (SCland),Kota Kinabalu
100454337,420000,900.0,3.0,2.0,1.0,0,0,0,0,0,0,0,0,,,,,73.0,0,0,0,0,0,0,0,Condominium,Leasehold,Non Bumi Lot,Medium,Sabah,Hartamas Height,Unknown,Penampang
103803693,318000,753.0,2.0,1.0,1.0,6,0,0,0,0,0,0,0,2014.0,12.0,,,274.0,1,1,1,1,1,0,0,Apartment,Freehold,Non Bumi Lot,Low,Johor,Akademik Suites @ Austin Heights,AUSTIN HEIGHTS SDN BHD,Johor Bahru
103109120,200000,1000.0,3.0,2.0,1.0,0,0,0,0,0,0,0,0,,,,,932.0,0,0,0,0,0,0,0,Apartment,Leasehold,Non Bumi Lot,Medium,Melaka,Residensi Klebang 2,Unknown,Melaka City
103462482,450000,1177.0,3.0,3.0,1.0,5,1,1,0,0,1,1,0,,,15.0,,1133.0,1,1,0,0,1,1,0,Condominium,Leasehold,Bumi Lot,Low,Selangor,Sri Mahligai,Unknown,Shah Alam
103162725,299000,980.0,3.0,2.0,1.0,14,0,0,0,0,0,0,0,,,,,944.0,1,1,1,1,1,0,0,Condominium,Freehold,Non Bumi Lot,Medium,Selangor,DENGKIL SEPANG INVESTMENT KONDO TEPI KOLEJ JANJI UNTUNG,Unknown,Dengkil
102257653,319000,945.0,3.0,2.0,2.0,14,0,0,0,0,0,0,0,,,,,984.0,1,1,1,1,1,0,0,Condominium,Freehold,Non Bumi Lot,Medium,Selangor,Freehold 3 & 4 Room @ Kota Warisan Sepang【Super Cheap】100% Earn,Unknown,Salak Tinggi
103162722,320000,1000.0,4.0,3.0,2.0,14,0,0,0,0,0,0,0,,,,,944.0,1,1,1,1,1,0,0,Condominium,Freehold,Non Bumi Lot,Medium,Selangor,KOTA WARISAN SEPANG FREEHOLD KONDO 3-4 BILIK,Unknown,Sepang
102240958,210000,807.0,3.0,2.0,1.0,2,0,0,0,0,0,0,0,,,,,101.0,0,0,1,0,0,0,1,Apartment,Freehold,Non Bumi Lot,Medium,Penang,Pangsapuri Perai Utama,Unknown,Perai
101629542,270000,818.0,2.0,2.0,1.0,14,1,0,0,0,0,1,0,2014.0,12.0,33.0,1002.0,1030.0,1,1,1,1,1,0,0,Service Residence,Leasehold,Non Bumi Lot,High,Selangor,The Wharf Residence,Bolton Berhad,Puchong
100763945,258000,1458.0,4.0,3.0,1.0,13,1,1,0,0,1,1,0,2002.0,24.0,,1188.0,822.0,1,1,0,1,1,0,1,Condominium,Freehold,Non Bumi Lot,High,Selangor,Cyberia SmartHomes,Paramoden (MK Land),Cyberjaya
90406231,220000,865.0,3.0,2.0,1.0,6,1,0,0,0,0,1,0,,,15.0,,1266.0,0,1,0,0,1,0,0,Apartment,Leasehold,Bumi Lot,High,Selangor,Desaminium Flora,Unknown,Seri Kembangan
101798229,300000,850.0,3.0,2.0,1.0,6,1,0,0,0,1,0,0,2013.0,13.0,15.0,,1628.0,1,1,0,1,0,1,0,Condominium,Freehold,Bumi Lot,Medium,Selangor,Residensi Bistaria,Unknown,Ampang
103803570,500000,1087.0,3.0,2.0,1.0,8,1,1,0,1,1,0,0,,,6.0,,658.0,1,1,1,0,1,0,0,Condominium,Freehold,Non Bumi Lot,Unknown,Kuala Lumpur,The Palladium,Unknown,Kuala Lumpur
102622871,360000,920.0,3.0,2.0,2.0,10,0,0,0,0,0,0,0,,,,,276.0,1,1,1,1,1,0,0,Apartment,Freehold,Non Bumi Lot,Medium,Johor,Tuas 2ND LINK Apartment （ FULL LOAN ),Unknown,Skudai
102642827,430000,1040.0,3.0,2.0,2.0,7,1,1,1,0,1,1,0,2016.0,10.0,28.0,700.0,486.0,1,1,0,1,1,1,0,Service Residence,Leasehold,Non Bumi Lot,High,Kuala Lumpur,Platinum Lake PV 21,Platinum Victory Development Sdn Bhd,Kuala Lumpur
103803521,480000,1272.0,4.0,2.0,2.0,12,1,1,1,0,1,1,0,2008.0,18.0,22.0,800.0,479.0,1,1,0,1,1,1,0,Condominium,Leasehold,Non Bumi Lot,Medium,Kuala Lumpur,PV 10 Platinum Lake Condominium,Platinum Victory Sdn. Bhd.,Kuala Lumpur
100929943,479000,1411.0,3.0,2.0,2.0,9,1,0,0,0,1,1,0,2011.0,15.0,21.0,286.0,744.0,1,1,0,1,1,1,1,Condominium,Leasehold,Bumi Lot,Medium,Selangor,Zen Residence,SENTRAL CITY (M) SDN BHD,Puchong
100303196,250000,736.0,3.0,2.0,2.0,4,0,0,0,0,1,0,1,2010.0,16.0,,596.0,1808.0,0,1,1,0,1,0,0,Apartment,Freehold,Non Bumi Lot,Unknown,Selangor,Kemuning Aman,Paramount Property Development,Shah Alam
99305459,240000,860.0,3.0,2.0,1.0,4,1,0,0,0,0,0,0,,,,,770.0,1,1,0,0,1,1,1,Apartment,Freehold,Non Bumi Lot,Unknown,Selangor,Amazing Heights,Unknown,Klang
103803482,790000,2509.0,5.0,4.0,2.0,11,0,0,0,0,0,0,0,2008.0,18.0,,,634.0,1,1,1,1,1,0,1,Condominium,Freehold,Non Bumi Lot,High,Penang,Cassia Resort Condominium,Unknown,Butterworth
102776483,535000,1124.0,3.0,3.0,2.0,11,0,1,1,1,1,1,0,2016.0,10.0,22.0,616.0,921.0,1,1,1,1,1,1,1,Service Residence,Freehold,Non Bumi Lot,Low,Selangor,V-Residensi 2,B&G Property,Shah Alam
103803464,410000,1272.0,4.0,2.0,2.0,6,0,0,0,0,0,0,0,2013.0,13.0,17.0,475.0,265.0,1,1,0,1,1,0,1,Condominium,Freehold,Non Bumi Lot,Medium,Kuala Lumpur,Platinum Hill PV 3,Platinum Victory Development Sdn Bhd,Kuala Lumpur
103803456,835000,1250.0,3.0,3.0,2.0,13,0,0,0,0,0,0,0,2022.0,4.0,,630.0,583.0,1,1,1,1,1,0,0,Service Residence,Leasehold,Non Bumi Lot,High,Sabah,K Avenue Residential,Megacity Avenue sdn bhd,Kota Kinabalu
103803437,350000,750.0,2.0,2.0,2.0,3,0,0,0,0,0,0,0,,,,,521.0,1,1,1,0,0,1,1,Condominium,Freehold,Non Bumi Lot,Medium,Johor,Nusa Heights,Unknown,Iskandar Puteri
103207867,199000,450.0,1.0,1.0,1.0,9,0,0,0,0,0,0,0,,,,,2463.0,1,1,1,1,1,1,0,Studio,Freehold,Non Bumi Lot,High,Selangor,THE VYBE SOHO,Unknown,Cyberjaya
103349480,596957,1227.0,3.0,2.0,2.0,7,0,0,0,0,0,0,0,2020.0,6.0,17.0,676.0,2188.0,1,1,1,1,1,0,0,Condominium,Freehold,Non Bumi Lot,High,Putrajaya,Flora Rosa,Putrajaya Holdings Sdn Bhd,Putrajaya
93765460,355000,984.0,3.0,2.0,2.0,0,0,0,0,0,0,0,0,2020.0,6.0,26.0,420.0,779.0,0,0,0,0,0,1,1,Apartment,Freehold,Non Bumi Lot,Unknown,Selangor,Residensi Setia Impian @ Kajang,Trans Loyal Development Sdn Bhd,Kajang
103803423,800000,450.0,1.0,1.0,1.0,4,1,1,1,1,1,1,0,,,,,332.0,1,1,1,1,0,0,1,Service Residence,Leasehold,Non Bumi Lot,Medium,Kuala Lumpur,Scarletz,Unknown,Kuala Lumpur
102226188,315000,680.0,3.0,2.0,2.0,3,0,0,0,0,0,0,0,,,,,335.0,0,1,1,0,0,1,1,Apartment,Freehold,Non Bumi Lot,Medium,Penang,Sri Aman Apartment,Chong Company Sdn. Bhd.,Relau
98533078,165000,500.0,2.0,1.0,1.0,4,0,0,0,0,0,0,0,,,,,239.0,0,1,1,0,1,1,1,Apartment,Freehold,Non Bumi Lot,Low,Penang,Taman Paya Terubong,Unknown,Paya Terubong
103640552,400000,1378.0,3.0,2.0,1.0,4,0,0,0,0,0,0,0,2017.0,9.0,15.0,368.0,968.0,1,1,0,0,1,0,0,Condominium,Leasehold,Bumi Lot,Unknown,Kuala Lumpur,The Chancellor Condominium,Unknown,Kuala Lumpur
103803277,220000,731.0,3.0,2.0,1.0,2,1,0,0,0,0,0,0,,,,,701.0,0,0,0,0,1,0,0,Apartment,Freehold,Non Bumi Lot,Medium,Selangor,Ceria,Unknown,Kapar
103803252,229000,786.0,3.0,2.0,1.0,5,0,0,0,0,0,0,0,,,,,762.0,0,0,1,0,1,0,0,Apartment,Leasehold,Bumi Lot,Low,Selangor,Jelutong Apartment @ Selayang Heights,Unknown,Gombak
103803250,358000,407.0,1.0,1.0,1.0,14,0,0,0,0,0,0,0,2017.0,9.0,,,774.0,1,1,1,1,1,1,0,Condominium,Freehold,Non Bumi Lot,Medium,Johor,Lovell @ Country Garden Danga Bay,Country Garden Danga Bay Sdn. Bhd.,Johor Bahru
103239470,175000,560.0,2.0,1.0,1.0,0,1,0,1,0,1,1,0,,,,,453.0,0,0,0,0,0,1,1,Flat,Leasehold,Non Bumi Lot,Unknown,Kuala Lumpur,Prima Setapak Flat,Unknown,Kuala Lumpur
102731169,500000,1001.0,3.0,2.0,1.0,7,0,0,0,0,0,0,0,2020.0,6.0,44.0,1400.0,400.0,1,1,0,1,1,0,0,Condominium,Freehold,Non Bumi Lot,Unknown,Kuala Lumpur,Sentul Point Suite Apartment,UOA Group,Kuala Lumpur
103803090,350000,700.0,3.0,2.0,1.0,6,0,0,0,0,0,0,0,2006.0,20.0,20.0,,446.0,0,1,0,1,1,0,0,Apartment,Freehold,Non Bumi Lot,Unknown,Penang,Taman Kheng Tian,Belleview Group,Jelutong
103803067,270000,800.0,3.0,2.0,1.0,1,0,0,0,0,0,0,0,,,5.0,,557.0,0,0,0,0,1,0,0,Apartment,Freehold,Bumi Lot,Low,Selangor,Pangsapuri Lotus (Teratai),Unknown,Puchong
103803062,410000,700.0,3.0,2.0,1.0,6,0,0,0,0,0,0,0,2006.0,20.0,18.0,182.0,340.0,1,1,0,0,1,0,1,Apartment,Freehold,Non Bumi Lot,Unknown,Penang,Casa Impian,Unknown,Jelutong
103803221,1150000,2200.0,5.0,4.0,2.0,1,0,0,0,0,0,0,0,,,,,261.0,0,0,0,0,0,0,0,Others,Freehold,Non Bumi Lot,Unknown,Kuala Lumpur,"Double Storey, Damai Puri, Kepong, Aman Puri",Unknown,Kuala Lumpur
103695244,2080000,2600.0,2.0,3.0,1.0,0,0,0,0,0,0,0,0,,,,,543.0,0,0,0,0,0,1,0,Service Residence,Freehold,Non Bumi Lot,Unknown,Penang,The Suites @ Waterside (Straits Quay),Eastern & Oriental Berhad,George Town
102288304,350000,538.0,1.0,1.0,1.0,7,0,0,0,0,0,0,0,,,,316.0,387.0,1,1,1,1,1,1,0,Service Residence,Freehold,Non Bumi Lot,High,Johor,Sky View,Setia Promenade Sdn Bhd (SP Setia),Iskandar Puteri
103273543,108000,530.0,2.0,1.0,5.0,1,0,0,0,0,0,0,0,,,,,443.0,0,0,0,0,0,0,0,Flat,Freehold,Non Bumi Lot,High,Johor,Jentayu,Unknown,Skudai
102383514,570000,1044.0,3.0,2.0,2.0,12,1,0,0,0,1,1,0,2024.0,2.0,11.0,628.0,702.0,1,1,1,1,1,1,0,Condominium,Leasehold,Non Bumi Lot,Medium,Kuala Lumpur,d'Brightton,GSD Group,Kuala Lumpur
103803186,570000,1110.0,3.0,2.0,2.0,9,0,0,0,0,0,0,0,2008.0,18.0,,410.0,197.0,1,1,0,1,1,0,0,Condominium,Freehold,Non Bumi Lot,Medium,Kuala Lumpur,Casa Desa Condominium,Faber Group,Kuala Lumpur
103803179,490000,900.0,3.0,2.0,2.0,9,0,0,0,0,0,0,0,2020.0,6.0,33.0,490.0,663.0,1,1,1,1,1,1,0,Condominium,Freehold,Non Bumi Lot,High,Penang,Eco Bloom @ Eco Meadows,Eco World Development Group Berhad,Simpang Ampat
102865764,290000,1200.0,4.0,3.0,2.0,0,0,0,0,0,0,0,0,,,,,227.0,0,0,0,0,0,0,0,Condominium,Freehold,Non Bumi Lot,Unknown,Selangor,Bangi,Unknown,Bangi
100430829,290000,1100.0,3.0,2.0,1.0,2,1,0,0,1,1,1,0,,,5.0,,485.0,0,1,0,0,0,0,0,Apartment,Freehold,Non Bumi Lot,Unknown,Kuala Lumpur,Apartment Sentul,Unknown,Kuala Lumpur
103802984,385000,1250.0,3.0,2.0,2.0,14,0,0,0,0,0,0,0,,,,,1291.0,1,1,1,1,1,0,0,Condominium,Freehold,Non Bumi Lot,Medium,Selangor,Selangor » Serdang,Unknown,Serdang
103802979,352000,904.0,3.0,2.0,2.0,8,0,0,0,0,0,0,0,2025.0,1.0,,406.0,1276.0,1,1,1,1,1,0,0,Service Residence,Freehold,Non Bumi Lot,High,Selangor,Arena Residence @ Warisan Puteri,IOI Properties Group Berhad,Sepang
103802963,690000,750.0,1.0,1.0,1.0,1,0,0,0,0,0,0,0,,,,,434.0,0,1,0,0,0,1,1,Service Residence,Freehold,Non Bumi Lot,Unknown,Penang,The Landmark,BSG Property,Tanjong Tokong
103802960,1009000,1766.0,4.0,3.0,2.0,9,0,0,0,0,0,0,0,2022.0,4.0,25.0,89.0,686.0,1,1,1,1,1,0,0,Condominium,Freehold,Non Bumi Lot,Unknown,Penang,Celesta Residency,TGB Group Of Companies,Bayan Lepas
103802953,399000,1000.0,3.0,2.0,2.0,14,0,0,0,0,0,0,0,,,,,1299.0,1,1,1,1,1,0,0,Condominium,Freehold,Non Bumi Lot,Medium,Putrajaya,Putrajaya » Putrajaya,Unknown,Putrajaya
103802937,100000,700.0,3.0,2.0,1.0,0,0,0,0,0,0,0,0,,,,,657.0,0,0,0,0,0,0,0,Flat,Freehold,Bumi Lot,High,Selangor,Pangsapuri Baiduri Bandar Tasik Kesuma,Unknown,Semenyih
103802919,195000,547.0,2.0,1.0,1.0,2,1,1,0,0,0,0,0,,,,,992.0,0,1,0,0,0,1,0,Flat,Leasehold,Bumi Lot,Unknown,Kuala Lumpur,Kelumpuk Pinang,Unknown,Kuala Lumpur
101749735,840000,1338.0,4.0,3.0,2.0,11,0,0,0,0,0,0,0,2020.0,6.0,,803.0,279.0,1,1,1,1,1,1,1,Condominium,Freehold,Non Bumi Lot,Medium,Penang,Sandilands @ Jelutong,BHL Group of Companies,Jelutong
99710009,800000,1219.0,3.0,2.0,2.0,10,0,0,0,0,0,0,0,2021.0,5.0,24.0,1235.0,299.0,1,1,1,1,1,0,0,Condominium,Freehold,Non Bumi Lot,High,Penang,QuayWest Residence,Asia Green Group,Batu Uban
101827169,258000,1130.0,3.0,2.0,1.0,0,0,0,0,0,0,0,0,,,5.0,,588.0,0,0,0,0,0,0,0,Apartment,Freehold,Non Bumi Lot,High,Johor,Sri Awana Townhouse,Unknown,Johor Bahru
103609830,788000,318.0,1.0,1.0,1.0,14,0,0,0,0,0,0,0,,,,,650.0,1,1,1,1,1,1,0,Service Residence,Freehold,Non Bumi Lot,Low,Kuala Lumpur,Revo Aurora Place Bukit Jalil,Unknown,Kuala Lumpur
103803144,298000,860.0,3.0,2.0,1.0,0,0,0,0,0,0,0,0,,,,,1004.0,0,0,0,0,0,0,0,Apartment,Freehold,Non Bumi Lot,Medium,Penang,Casa Prima (Perai),Unknown,Perai
103803131,200000,828.0,3.0,2.0,1.0,4,0,0,0,0,0,0,0,,,12.0,,369.0,0,0,1,0,1,0,0,Apartment,Freehold,Non Bumi Lot,Medium,Penang,Pangsapuri Seri Pinang (Sungai Puyu),JKP Sdn. Bhd.,Butterworth
103326916,220000,656.0,3.0,1.0,1.0,1,0,0,0,0,0,0,0,,,,,929.0,0,0,0,0,0,0,0,Flat,Freehold,Bumi Lot,Low,Penang,Taman Sungai Batu,Unknown,Teluk Kumbar
103704397,105000,500.0,2.0,1.0,1.0,0,0,0,0,0,0,0,0,,,,,258.0,0,0,0,0,0,0,0,Flat,Leasehold,Non Bumi Lot,Medium,Penang,Taman Terubong Jaya,Unknown,George Town
101856614,275000,850.0,3.0,2.0,1.0,6,1,0,0,0,1,0,0,2013.0,13.0,15.0,,1240.0,1,1,0,1,0,0,0,Condominium,Freehold,Bumi Lot,Unknown,Selangor,Residensi Bistaria,Unknown,Ampang
103632408,375000,1000.0,3.0,2.0,1.0,0,0,0,0,0,0,0,0,1994.0,32.0,22.0,504.0,98.0,0,0,0,0,0,0,1,Condominium,Freehold,Non Bumi Lot,Medium,Penang,Sunny Ville Condominium,Unknown,Gelugor
103803066,360000,750.0,3.0,2.0,1.0,4,0,0,0,0,0,0,0,,,20.0,608.0,297.0,0,1,1,0,1,0,0,Apartment,Freehold,Non Bumi Lot,Low,Penang,Idaman Lavender 3,Sri Tunas Sdn Bhd,Bayan Lepas
103803053,715000,800.0,3.0,2.0,1.0,9,0,0,0,0,0,0,0,,,,,381.0,1,1,1,1,1,1,0,Others,Freehold,Bumi Lot,Unknown,Unknown,Unknown,Unknown,Unknown
103462919,325000,904.0,3.0,2.0,1.0,9,1,0,1,0,1,1,0,,,12.0,,610.0,1,1,1,1,1,1,0,Condominium,Freehold,Non Bumi Lot,Unknown,Selangor,Saraka Apartment,Unknown,Puchong
102562785,350000,1159.0,3.0,2.0,1.0,5,0,0,0,0,0,0,0,,,,,225.0,0,1,1,0,1,1,0,Apartment,Freehold,Non Bumi Lot,Medium,Penang,Seri Emas Apartment,Unknown,Bukit Mertajam
103698129,232000,815.0,3.0,2.0,1.0,7,0,1,0,0,1,1,0,2004.0,22.0,20.0,998.0,1342.0,1,1,0,1,1,0,0,Apartment,Leasehold,Non Bumi Lot,Medium,Selangor,Vista Pinggiran,LBS Bina Group Berhad,Seri Kembangan
101963666,223880,560.0,2.0,1.0,1.0,3,0,0,0,0,0,0,0,,,,,1149.0,0,1,0,0,1,1,0,Condominium,Freehold,Non Bumi Lot,Medium,Selangor,Cyber Residency,Country Heights Holdings Berhad,Cyberjaya
86810806,400000,1043.0,3.0,2.0,2.0,14,0,0,0,0,0,0,0,,,,,1185.0,1,1,1,1,1,1,0,Condominium,Freehold,Non Bumi Lot,Low,Selangor,Lakefront Condo,Unknown,Puchong
97077831,348000,1002.0,3.0,2.0,2.0,0,1,0,0,0,0,1,0,2017.0,9.0,42.0,1932.0,1295.0,0,0,0,0,0,1,0,Condominium,Leasehold,Non Bumi Lot,Low,Selangor,LakeFront Residence,MCT Berhad,Cyberjaya
103517969,315000,929.0,3.0,2.0,2.0,9,0,0,0,0,0,0,0,,,,,1308.0,1,1,1,1,1,1,0,Apartment,Freehold,Bumi Lot,Medium,Negeri Sembilan,Kiara Court,Unknown,Nilai
103802910,380000,700.0,3.0,2.0,1.0,2,0,0,0,0,0,0,0,,,18.0,112.0,342.0,0,1,0,0,0,0,1,Apartment,Freehold,Non Bumi Lot,Unknown,Penang,Damai Vista Apartment,OHM Group,Jelutong
103802802,160000,650.0,3.0,2.0,1.0,12,1,0,1,1,0,0,0,,,5.0,,1014.0,1,1,1,1,0,0,0,Flat,Leasehold,Bumi Lot,High,Selangor,Gugusan Seroja,Perbadanan Kemajuan Negeri Selangor (PKNS),Kota Damansara
103802797,630000,913.0,2.0,2.0,2.0,8,1,1,1,0,1,1,0,2008.0,18.0,35.0,302.0,354.0,1,1,0,1,1,1,0,Condominium,Freehold,Non Bumi Lot,Unknown,Kuala Lumpur,i-Zen @ Kiara 1,Ireka Development,Kuala Lumpur
103802908,190000,871.0,3.0,2.0,1.0,0,0,0,0,0,0,0,0,,,,,614.0,0,0,0,0,0,0,1,Apartment,Freehold,Non Bumi Lot,Low,Selangor,Chendana,Unknown,Puchong
103802899,548000,2293.0,5.0,4.0,2.0,14,0,0,0,0,0,0,0,1999.0,27.0,16.0,520.0,943.0,1,1,1,1,1,1,0,Condominium,Freehold,Non Bumi Lot,High,Selangor,Impian Heights,IOI Properties Group Berhad,Puchong
103802897,198000,850.0,3.0,2.0,1.0,4,0,0,0,0,0,0,0,,,,,575.0,1,1,0,0,1,1,0,Flat,Freehold,Non Bumi Lot,High,Johor,Bandar Baru Permas Jaya,Unknown,Permas Jaya
101615471,505000,969.0,3.0,2.0,2.0,11,0,0,0,1,0,0,0,2019.0,7.0,,1196.0,897.0,1,1,1,1,1,0,0,Apartment,Freehold,Non Bumi Lot,Medium,Selangor,The Netizen @ Bandar Tun Hussein Onn,KEB Group,Cheras
103802890,500000,700.0,2.0,2.0,1.0,9,0,0,0,0,0,0,0,2018.0,8.0,49.0,480.0,241.0,1,1,1,1,1,1,0,Service Residence,Freehold,Non Bumi Lot,High,Penang,Arte S,Arte Corp,Gelugor
103354046,218000,675.0,3.0,2.0,1.0,4,0,0,0,0,0,0,0,,,,,656.0,0,0,1,0,1,0,0,Flat,Leasehold,Non Bumi Lot,Medium,Selangor,Apartment Tanjung Merdeka Villa,Unknown,Ampang
103802735,390000,1080.0,3.0,2.0,2.0,14,0,0,0,0,0,0,0,,,,,1291.0,1,1,1,1,1,0,0,Condominium,Freehold,Non Bumi Lot,Medium,Selangor,Selangor » Seri Kembangan,Unknown,Seri Kembangan
103802723,428000,875.0,2.0,2.0,1.0,9,0,0,0,0,0,0,0,,,,,1348.0,0,1,1,0,1,1,0,Apartment,Leasehold,Non Bumi Lot,Medium,Sarawak,Zen 66 Apartment,Tecktonic & Sons Holdings Sdn Bhd,Kuching
103751681,79000,678.0,3.0,2.0,1.0,2,0,0,0,0,0,0,0,,,,,739.0,0,0,0,0,1,0,0,Flat,Freehold,Bumi Lot,Medium,Negeri Sembilan,Rumah Pangsa Gentam,Unknown,Kuala Pilah
103751333,180000,818.0,3.0,2.0,1.0,8,1,0,1,0,0,1,0,,,15.0,,1619.0,1,1,1,1,1,0,1,Apartment,Freehold,Non Bumi Lot,High,Selangor,Golden Villa,Unknown,Klang
103750172,268000,686.0,2.0,2.0,1.0,6,0,0,0,0,0,0,0,,,,,266.0,1,1,0,0,1,0,0,Apartment,Leasehold,Non Bumi Lot,Medium,Sabah,Country Heights,The W Property Collection,Kota Kinabalu
97225270,318000,900.0,2.0,2.0,1.0,0,0,0,0,0,0,0,0,,,,,100.0,0,0,0,0,0,1,0,Condominium,Leasehold,Non Bumi Lot,Low,Sabah,One Borneo,Unknown,Kota Kinabalu
103753407,560000,950.0,2.0,2.0,1.0,4,0,0,0,0,0,0,0,,,,,789.0,1,1,0,0,1,1,0,Condominium,Leasehold,Non Bumi Lot,Medium,Sabah,Grace Garden,Unknown,Kota Kinabalu
103748128,700000,1035.0,3.0,2.0,3.0,8,1,1,1,0,0,0,0,2018.0,8.0,38.0,528.0,689.0,1,1,1,1,1,0,0,Service Residence,Freehold,Non Bumi Lot,High,Kuala Lumpur,Serini Melawati,Sime Darby Property Berhad,Kuala Lumpur
103746480,128000,650.0,3.0,2.0,1.0,4,0,0,0,0,0,0,0,,,5.0,,318.0,0,0,0,0,1,0,0,Apartment,Leasehold,Non Bumi Lot,Medium,Selangor,Pangsapuri Laksamana (Batu Caves),Unknown,Batu Caves
103489349,295000,715.0,3.0,2.0,1.0,0,0,0,0,0,0,0,0,,,5.0,,294.0,0,0,0,0,0,0,0,Apartment,Freehold,Non Bumi Lot,Low,Selangor,Pangsapuri Randa,Unknown,Shah Alam
103751057,365000,1054.0,3.0,2.0,1.0,8,0,0,0,0,0,0,0,,,20.0,,540.0,1,1,1,1,1,0,0,Apartment,Freehold,Bumi Lot,Medium,Selangor,Presint 11 Apartment,Unknown,Jalan Presint P11
103753480,830000,1403.0,4.0,3.0,1.0,4,0,0,0,0,0,0,0,,,,,787.0,1,1,0,0,1,1,0,Condominium,Leasehold,Non Bumi Lot,High,Sabah,Grace Garden,Unknown,Kota Kinabalu
103746056,275000,930.0,3.0,2.0,2.0,6,0,0,0,0,0,0,0,2022.0,4.0,,460.0,981.0,0,1,1,0,1,1,0,Apartment,Freehold,Non Bumi Lot,Medium,Negeri Sembilan,Tunas Residensi @ Nada Bidara,Seri Pajam Development Sdn Bhd,Nilai
103746579,600000,1550.0,3.0,2.0,1.0,8,0,0,0,0,0,0,0,,,,,419.0,1,1,1,1,1,1,0,Condominium,Leasehold,Non Bumi Lot,Medium,Sarawak,Riverine Emerald,Unknown,Kuching
103434871,460000,800.0,2.0,2.0,1.0,8,1,1,1,0,1,1,0,,,43.0,956.0,597.0,1,1,1,1,1,1,0,Apartment,Freehold,Non Bumi Lot,Medium,Selangor,i-Soho @ i-City,i-Berhad,Shah Alam
103651492,99000,1098.0,3.0,2.0,1.0,7,1,1,0,0,1,1,0,,,,,2779.0,0,1,0,1,1,0,0,Apartment,Leasehold,Non Bumi Lot,High,Selangor,Taman Pinggiran Putra,LBS Bina Group Berhad,Seri Kembangan
103748406,95000,642.0,3.0,2.0,1.0,0,0,0,0,0,0,0,0,,,,,92.0,0,0,0,0,0,0,0,Flat,Leasehold,Non Bumi Lot,Unknown,Negeri Sembilan,Dahlia (Seremban),Unknown,Seremban
103678414,270000,615.0,2.0,1.0,1.0,0,0,0,0,0,0,0,0,,,,,545.0,0,0,0,0,0,0,0,Apartment,Freehold,Non Bumi Lot,Low,Sabah,Regency Park,Unknown,Penampang
103633056,450000,500.0,1.0,1.0,1.0,10,0,0,0,0,0,0,0,2014.0,12.0,,177.0,848.0,1,1,1,1,1,1,0,Condominium,Freehold,Non Bumi Lot,High,Pahang,"Swiss-Garden Resort Residences, Kuantan",Swiss Garden Group,Kuantan
103632775,660000,1271.0,4.0,2.0,2.0,0,0,0,0,0,0,0,0,2017.0,9.0,30.0,410.0,110.0,0,0,0,0,0,1,1,Condominium,Freehold,Non Bumi Lot,Medium,Penang,Skycube Residence,GSD Land (M) Sdn Bhd,Sungai Ara
103748878,488888,1010.0,3.0,2.0,1.0,11,1,1,1,1,1,1,1,2014.0,12.0,,,296.0,1,1,1,1,1,0,0,Service Residence,Freehold,Bumi Lot,Medium,Kuala Lumpur,Boulevard Serviced Apartment,Unknown,Kuala Lumpur
102236931,3499999,4500.0,10.0,3.0,2.0,0,0,0,0,0,0,0,0,2007.0,19.0,13.0,104.0,818.0,0,0,0,0,0,1,0,Condominium,Freehold,Non Bumi Lot,Medium,Kuala Lumpur,1 Desa Residence,UOA Group,Kuala Lumpur
103743397,98000,550.0,2.0,2.0,1.0,4,0,0,0,0,0,0,0,,,,,190.0,0,1,1,0,0,0,0,Apartment,Freehold,Bumi Lot,Low,Negeri Sembilan,PD Tiara Bay,Unknown,Pasir Panjang
103747070,558000,1200.0,2.0,3.0,1.0,8,0,0,0,0,0,0,0,,,,,420.0,1,1,1,1,1,1,0,Condominium,Freehold,Non Bumi Lot,Medium,Selangor,E Park Residence,Unknown,Sungai Buloh
103743867,150000,676.0,3.0,1.0,1.0,3,0,0,0,0,0,0,0,,,,,49.0,0,0,0,0,1,0,0,Flat,Freehold,Non Bumi Lot,High,Selangor,Taman Bukit Ria (Kajang),Unknown,Kajang
103744256,460000,950.0,3.0,2.0,2.0,8,0,0,0,0,0,0,0,2017.0,9.0,25.0,452.0,31.0,1,1,1,1,1,0,0,Apartment,Freehold,Non Bumi Lot,High,Putrajaya,Dwiputra Residences,Setia Promenade Sdn Bhd (SP Setia),Putrajaya
103521973,250000,700.0,3.0,2.0,1.0,2,0,0,0,0,0,0,0,,,,,291.0,0,0,0,0,1,0,0,Flat,Freehold,Non Bumi Lot,Low,Penang,Taman Segar Indah,Unknown,Butterworth
103677492,155000,650.0,2.0,2.0,1.0,6,0,0,0,0,0,0,0,1999.0,27.0,19.0,1632.0,144.0,0,1,1,0,1,0,0,Apartment,Leasehold,Bumi Lot,High,Penang,Desa Mawar,Unknown,Ayer Itam
103508663,175000,600.0,3.0,2.0,1.0,0,0,0,0,0,0,0,0,,,,,171.0,0,0,0,0,0,0,0,Flat,Leasehold,Non Bumi Lot,Medium,Sabah,Taman Pasir Putih Phase 3C,Unknown,Penampang
103084402,550000,1002.0,3.0,2.0,2.0,10,0,0,0,0,0,0,0,2019.0,7.0,31.0,718.0,393.0,1,1,1,1,1,0,0,Service Residence,Freehold,Non Bumi Lot,Medium,Kuala Lumpur,OHako,Marimo Land Sdn Bhd,Kuala Lumpur
102442625,270000,750.0,3.0,2.0,1.0,8,0,0,0,0,0,0,0,,,,,602.0,1,1,0,0,1,0,0,Apartment,Leasehold,Non Bumi Lot,Medium,Selangor,Apartment Saujana Damansara Damai,Unknown,Damansara Damai
103745573,365000,715.0,2.0,2.0,1.0,9,0,0,0,0,0,0,0,,,,,97.0,1,1,1,1,1,0,0,Service Residence,Leasehold,Non Bumi Lot,High,Melaka,Amber Cove,Unknown,Melaka City
103743473,245000,800.0,3.0,2.0,1.0,3,0,0,0,0,0,0,0,,,,,638.0,0,1,1,0,0,0,0,Flat,Leasehold,Non Bumi Lot,Low,Selangor,Taman Tun Teja,Unknown,Rawang
101514080,198000,750.0,3.0,2.0,1.0,7,0,0,0,0,0,0,0,,,,,200.0,0,1,1,0,1,1,0,Apartment,Freehold,Non Bumi Lot,High,Selangor,Simfoni @ Eco Majestic,Unknown,Semenyih
103607666,425000,1151.0,3.0,2.0,2.0,10,0,0,0,0,0,0,0,2014.0,12.0,30.0,600.0,371.0,1,1,1,1,1,0,0,Condominium,Freehold,Non Bumi Lot,Medium,Selangor,Serin Residency,Trientel Land (Villamas Group),Cyberjaya
103520534,140000,455.0,2.0,1.0,1.0,5,0,0,0,0,0,0,0,,,,,141.0,1,1,0,0,1,0,0,Apartment,Leasehold,Bumi Lot,Medium,Sabah,Country Heights,The W Property Collection,Kota Kinabalu
100482067,470000,1936.0,3.0,2.0,3.0,7,1,0,0,1,0,0,0,,,,,1254.0,1,1,1,1,1,0,0,Apartment,Leasehold,Non Bumi Lot,Unknown,Selangor,Ria @ Amaniah Mulia,ARA ASA DEVELOPMENT SDN BHD,Batu Caves
101856001,396000,1010.0,2.0,2.0,2.0,14,0,0,0,0,0,0,0,2019.0,7.0,25.0,2003.0,653.0,1,1,1,1,1,1,1,Service Residence,Freehold,Non Bumi Lot,High,Johor,Parc Regency Serviced Apartment,Malaysia Land Properties Sdn. Bhd.,Johor Bahru
102706714,260000,850.0,4.0,2.0,1.0,8,1,0,0,0,1,0,0,2013.0,13.0,15.0,,1256.0,1,1,1,1,1,0,0,Condominium,Freehold,Bumi Lot,Unknown,Selangor,Residensi Bistaria,Unknown,Ampang
96130266,230000,754.0,3.0,2.0,1.0,5,0,0,0,0,0,0,0,2011.0,15.0,12.0,1000.0,858.0,0,1,0,1,1,0,0,Service Residence,Leasehold,Bumi Lot,High,Selangor,Spring Ville,Talam Transform Berhad,Ampang
103730893,260000,800.0,3.0,2.0,1.0,8,1,0,0,1,1,1,0,2006.0,20.0,18.0,200.0,1090.0,1,1,1,0,1,0,1,Apartment,Leasehold,Non Bumi Lot,High,Selangor,Mentari Court,Mentari Group,Petaling Jaya
101910541,315000,860.0,3.0,2.0,1.0,7,1,0,0,0,0,1,0,,,11.0,,715.0,1,1,1,0,1,0,0,Apartment,Freehold,Non Bumi Lot,Low,Kuala Lumpur,Aliran Damai Apartments,Unknown,Kuala Lumpur
103632498,185000,750.0,3.0,2.0,1.0,1,0,0,0,0,0,0,0,,,,,350.0,0,0,0,0,0,0,0,Flat,Freehold,Non Bumi Lot,Medium,Johor,Flat Bukit Indah,Unknown,Iskandar Puteri
103802709,1520000,2723.0,5.0,6.0,2.0,9,1,1,1,0,1,1,1,2008.0,18.0,28.0,182.0,334.0,1,1,0,1,1,0,0,Condominium,Freehold,Non Bumi Lot,High,Kuala Lumpur,Kiara 1888,Prisma Melody,Kuala Lumpur
103421703,600000,1200.0,3.0,2.0,2.0,2,0,0,0,0,0,0,0,2016.0,10.0,,,1051.0,0,1,0,0,0,1,0,Condominium,Freehold,Non Bumi Lot,Unknown,Putrajaya,Tamara,Putrajaya Holdings,Putrajaya
103802510,660000,1200.0,3.0,2.0,1.0,11,1,1,0,1,1,1,0,2017.0,9.0,60.0,1516.0,885.0,1,1,1,1,1,0,0,Service Residence,Freehold,Non Bumi Lot,Medium,Kuala Lumpur,EkoCheras Service Apartment,Ekovest Berhad,Kuala Lumpur
103802487,120000,660.0,3.0,2.0,1.0,2,0,0,0,0,0,0,0,,,,,669.0,0,0,0,0,0,0,0,Apartment,Freehold,Bumi Lot,Medium,Negeri Sembilan,Kesturi Apartment (Taman Tasik Jaya),Unknown,Paroi
103802482,390000,1050.0,3.0,2.0,2.0,14,0,0,0,0,0,0,0,,,,,1291.0,1,1,1,1,1,0,0,Condominium,Freehold,Non Bumi Lot,Medium,Selangor,Selangor » Seri Kembangan,Unknown,Seri Kembangan
103802658,285000,650.0,3.0,2.0,1.0,3,0,0,0,0,0,0,0,,,17.0,,252.0,0,1,1,0,0,0,0,Apartment,Freehold,Non Bumi Lot,High,Penang,Permai Jaya Apartment,Unknown,Tanjung Bungah
103802652,395000,1100.0,3.0,2.0,2.0,14,0,0,0,0,0,0,0,,,,,1291.0,1,1,1,1,1,0,0,Condominium,Freehold,Non Bumi Lot,Medium,Selangor,Selangor » Seri Kembangan,Unknown,Seri Kembangan
103128842,420000,950.0,3.0,2.0,2.0,5,0,0,0,0,0,0,0,2017.0,9.0,25.0,452.0,1497.0,1,0,1,1,1,1,0,Condominium,Freehold,Bumi Lot,Unknown,Putrajaya,Dwiputra Residences,Setia Promenade Sdn Bhd (SP Setia),Putrajaya
103734876,582000,1080.0,3.0,2.0,2.0,7,0,1,1,0,1,1,0,,,17.0,444.0,1661.0,1,1,1,1,1,0,0,Service Residence,Leasehold,Non Bumi Lot,Unknown,Selangor,Alami Residensi,Worlwide Holdings,Shah Alam
103802645,355000,740.0,2.0,2.0,1.0,7,0,0,0,0,0,0,0,2016.0,10.0,20.0,426.0,531.0,1,1,1,1,1,0,1,Service Residence,Freehold,Non Bumi Lot,Medium,Johor,One Sentral Serviced Residence Nusajaya,Country View Berhad,Iskandar Puteri
103418149,220000,1063.0,3.0,2.0,1.0,5,0,0,0,0,0,0,0,,,,,1201.0,0,1,0,1,1,0,0,Apartment,Freehold,Non Bumi Lot,Medium,Selangor,Taman Anggerik Villa,Unknown,Kajang
103566171,248000,700.0,3.0,2.0,1.0,4,0,0,0,0,0,0,0,,,5.0,50.0,513.0,0,1,0,0,0,0,0,Apartment,Freehold,Non Bumi Lot,Medium,Penang,Julita Apartment,Unknown,Ayer Itam
103566334,328000,800.0,3.0,2.0,1.0,7,0,0,0,0,0,0,0,2005.0,21.0,29.0,525.0,503.0,1,1,0,1,1,0,1,Apartment,Leasehold,Non Bumi Lot,High,Penang,Mutiara Heights,Unknown,Jelutong
101267413,680000,1493.0,3.0,3.0,2.0,9,0,0,0,0,0,0,0,2016.0,10.0,,229.0,519.0,1,1,0,0,1,0,0,Condominium,Freehold,Non Bumi Lot,Unknown,Kuala Lumpur,Damansara Foresta,Land & General Berhad,Kuala Lumpur
102843643,199000,450.0,1.0,1.0,1.0,14,0,0,0,0,0,0,0,2016.0,10.0,40.0,946.0,876.0,1,1,1,1,1,0,1,Condominium,Freehold,Bumi Lot,Medium,Selangor,Solstice @ Pan'gaea,OSK Property Holdings Berhad,Cyberjaya
103735534,380000,940.0,3.0,2.0,2.0,14,0,0,0,0,0,0,0,,,13.0,240.0,834.0,1,1,1,1,1,0,0,Condominium,Freehold,Non Bumi Lot,Medium,Kuala Lumpur,Perdana Puri,KIP Group,Kuala Lumpur
102551061,265000,850.0,3.0,2.0,1.0,8,0,0,0,0,0,0,0,,,12.0,1012.0,79.0,1,1,1,1,1,0,0,Apartment,Leasehold,Non Bumi Lot,High,Sabah,Putatan Platinum Apartment,Syarikat Perumahan Negara Berhad,Penampang
102079764,460000,1080.0,3.0,2.0,2.0,3,0,1,1,0,1,1,0,,,17.0,444.0,1545.0,1,1,0,0,0,1,0,Condominium,Leasehold,Bumi Lot,Unknown,Selangor,Alami Residensi,Worlwide Holdings,Shah Alam
103204105,396000,1010.0,2.0,2.0,2.0,14,0,0,0,0,0,0,0,2019.0,7.0,25.0,2003.0,653.0,1,1,1,1,1,1,1,Service Residence,Freehold,Non Bumi Lot,High,Johor,Parc Regency Serviced Apartment,Malaysia Land Properties Sdn. Bhd.,Johor Bahru
103299358,420000,870.0,3.0,2.0,1.0,9,0,0,0,0,0,0,0,2016.0,10.0,29.0,391.0,245.0,1,1,1,1,1,0,0,Service Residence,Leasehold,Non Bumi Lot,Medium,Sabah,Ashton Tower,SCP Group,Kota Kinabalu
99232624,400000,1001.0,3.0,2.0,1.0,6,0,0,0,0,0,0,0,,,,,752.0,1,1,0,0,1,0,1,Condominium,Leasehold,Bumi Lot,Medium,Unknown,Unknown,Unknown,Unknown
103802411,360000,700.0,3.0,2.0,1.0,6,0,0,0,0,0,0,0,2006.0,20.0,20.0,,443.0,0,1,0,1,1,1,1,Apartment,Freehold,Non Bumi Lot,High,Penang,Taman Kheng Tian,Belleview Group,Jelutong
102850108,4000000,5619.0,4.0,5.0,4.0,13,0,0,0,0,0,0,0,2017.0,9.0,6.0,98.0,381.0,1,1,1,1,1,0,0,Condominium,Freehold,Non Bumi Lot,High,Penang,The Light Collection IV,IJM LAND BERHAD,Gelugor
103802298,470000,1168.0,3.0,2.0,1.0,14,0,0,0,0,0,0,0,2013.0,13.0,25.0,364.0,543.0,1,1,1,1,1,1,0,Service Residence,Freehold,Non Bumi Lot,Medium,Johor,The Sky Executive Suites @ Bukit Indah,Setia Promenade Sdn Bhd (SP Setia),Johor Bahru
99220843,3100000,3735.0,4.0,5.0,3.0,13,0,0,0,0,0,0,0,2015.0,11.0,11.0,190.0,257.0,1,1,1,1,1,0,0,Condominium,Freehold,Non Bumi Lot,Unknown,Penang,The Light Collection III,IJM LAND BERHAD,Gelugor
99042447,900000,812.0,2.0,2.0,2.0,14,1,0,0,0,1,1,0,,,,,726.0,1,1,1,1,1,1,1,Service Residence,Freehold,Non Bumi Lot,High,Kuala Lumpur,Arte Mont Kiara,Arte Corp,Kuala Lumpur
103432627,280000,513.0,1.0,1.0,1.0,13,0,0,0,0,0,0,0,,,21.0,780.0,487.0,1,1,1,1,1,1,1,Service Residence,Freehold,Non Bumi Lot,High,Johor,D'Ambience,IJM LAND BERHAD,Johor Bahru
103802386,240000,484.0,1.0,1.0,1.0,9,0,0,0,0,0,0,0,2013.0,13.0,,1160.0,420.0,1,1,0,1,1,0,0,Studio,Freehold,Non Bumi Lot,Medium,Johor,Palazio,Malaysia Land Properties Sdn. Bhd.,Johor Bahru
103650199,158000,494.0,2.0,1.0,1.0,2,0,0,0,0,0,0,0,,,,,696.0,0,0,0,0,1,0,1,Apartment,Freehold,Non Bumi Lot,Low,Johor,Flat Taman Ungku Tun Aminah,Tasek Maju Realty Sdn Bhd,Skudai
103421269,500000,1200.0,4.0,3.0,2.0,5,0,0,0,0,0,0,0,2017.0,9.0,25.0,452.0,978.0,1,0,1,1,1,1,1,Condominium,Freehold,Non Bumi Lot,Unknown,Putrajaya,Dwiputra Residences,Setia Promenade Sdn Bhd (SP Setia),Putrajaya
103802380,210000,864.0,4.0,2.0,1.0,3,0,1,0,0,1,1,0,,,5.0,,622.0,0,1,0,0,1,0,0,Apartment,Leasehold,Bumi Lot,Medium,Selangor,Putra Indah Apartment,Unknown,Seri Kembangan
103057333,410000,950.0,3.0,2.0,2.0,5,0,0,0,0,0,0,0,2017.0,9.0,25.0,452.0,1327.0,1,0,1,1,1,1,0,Condominium,Freehold,Bumi Lot,Unknown,Putrajaya,Dwiputra Residences,Setia Promenade Sdn Bhd (SP Setia),Putrajaya
103199162,467000,914.0,3.0,2.0,1.0,8,0,0,0,0,0,0,0,,,30.0,294.0,1416.0,1,1,1,1,1,0,0,Condominium,Leasehold,Bumi Lot,Low,Sabah,Sky88 Residences,North Borneo Properties (S) Sdn. Bhd.,Kota Kinabalu
103137354,368000,1098.0,3.0,2.0,1.0,0,0,0,0,0,0,0,0,2013.0,13.0,,512.0,724.0,0,0,0,0,0,0,1,Service Residence,Freehold,Non Bumi Lot,Medium,Johor,Jentayu Residency,Achwell Property Sdn Bhd,Johor Bahru
102632820,410000,950.0,2.0,3.0,2.0,5,0,0,0,0,0,0,0,2017.0,9.0,25.0,452.0,1180.0,1,0,1,1,1,0,1,Condominium,Freehold,Non Bumi Lot,Unknown,Putrajaya,Dwiputra Residences,Setia Promenade Sdn Bhd (SP Setia),Putrajaya
103376889,160000,650.0,3.0,2.0,1.0,3,0,0,0,0,0,0,0,,,5.0,90.0,924.0,0,1,0,0,1,0,1,Apartment,Leasehold,Non Bumi Lot,Low,Selangor,Mutiara Court,Unknown,Ampang
103697124,280000,860.0,3.0,2.0,1.0,5,0,0,0,0,0,0,0,,,10.0,,1124.0,1,1,1,0,0,0,1,Apartment,Leasehold,Bumi Lot,Medium,Selangor,Bangi Idaman Apartment,Unknown,Bangi
103498037,320000,1148.0,3.0,2.0,1.0,5,0,0,0,0,0,0,0,,,12.0,,1428.0,0,1,1,0,1,1,0,Apartment,Freehold,Non Bumi Lot,Low,Selangor,Anggerik Villa 2 Apartment,Unknown,Kajang
97083199,370000,430.0,2.0,2.0,1.0,1,1,1,1,1,1,1,0,2021.0,5.0,,,996.0,0,0,0,0,0,0,0,Service Residence,Freehold,Non Bumi Lot,Medium,Kuala Lumpur,Neu Suites,Titijaya Land Berhad,Kuala Lumpur
100774316,320000,1097.0,3.0,2.0,1.0,4,0,0,0,0,0,0,0,,,,,713.0,0,1,0,0,1,0,0,Apartment,Leasehold,Non Bumi Lot,Low,Sarawak,Lite View Park,Unknown,Miri
103697292,560000,1069.0,3.0,2.0,1.0,8,0,0,0,0,0,0,0,2010.0,16.0,38.0,,104.0,1,1,1,1,1,0,0,Condominium,Leasehold,Non Bumi Lot,Unknown,Penang,The Oasis,Arte Corp,Gelugor
103751168,550000,1116.0,3.0,2.0,1.0,7,0,0,0,0,0,0,0,2010.0,16.0,38.0,,106.0,1,1,1,1,0,0,0,Condominium,Leasehold,Non Bumi Lot,Unknown,Penang,The Oasis,Arte Corp,Gelugor
103372124,560000,1052.0,3.0,2.0,1.0,7,0,0,0,0,0,0,0,2010.0,16.0,38.0,,110.0,1,1,1,1,0,0,0,Condominium,Leasehold,Non Bumi Lot,Unknown,Penang,The Oasis,Arte Corp,Gelugor
103653485,600000,1349.0,4.0,2.0,1.0,6,0,0,0,0,0,0,0,,,,,118.0,1,1,1,1,1,0,0,Condominium,Leasehold,Non Bumi Lot,Low,Sabah,Pearl Tower,Unknown,Kota Kinabalu
102596275,255000,850.0,3.0,2.0,1.0,8,0,0,0,0,0,0,0,,,12.0,1012.0,100.0,1,1,1,1,1,0,0,Apartment,Leasehold,Non Bumi Lot,Low,Sabah,Putatan Platinum Apartment,Syarikat Perumahan Negara Berhad,Penampang
103541448,510000,1100.0,3.0,2.0,2.0,0,0,0,0,0,0,0,0,2001.0,25.0,31.0,360.0,140.0,0,0,0,0,0,0,0,Apartment,Freehold,Non Bumi Lot,Unknown,Penang,Halaman Kristal,Unknown,Jelutong
103671095,288000,1000.0,3.0,2.0,1.0,0,0,0,0,0,0,0,0,,,,,510.0,0,0,0,0,0,0,1,Apartment,Freehold,Non Bumi Lot,Medium,Johor,Molek Ria,Berinda Properties Sdn Bhd,Johor Bahru
99511162,1750000,1830.0,5.0,4.0,2.0,14,0,0,0,0,0,0,0,2017.0,9.0,31.0,621.0,604.0,1,1,1,1,1,1,1,Condominium,Freehold,Non Bumi Lot,High,Kuala Lumpur,Pavilion Hilltop @ Mont Kiara,Permata Cermat Sdn Bhd,Kuala Lumpur
102468043,1850000,1830.0,5.0,4.0,2.0,14,0,0,0,0,0,0,0,2017.0,9.0,31.0,621.0,581.0,1,1,1,1,1,1,1,Condominium,Freehold,Non Bumi Lot,Low,Kuala Lumpur,Pavilion Hilltop @ Mont Kiara,Permata Cermat Sdn Bhd,Kuala Lumpur
103462826,265000,730.0,3.0,2.0,1.0,3,0,0,0,0,0,0,0,1992.0,34.0,17.0,3.0,106.0,0,1,1,0,0,0,0,Apartment,Leasehold,Non Bumi Lot,Unknown,Penang,Desa Delima,Unknown,Ayer Itam
102731755,270000,700.0,3.0,2.0,1.0,3,0,0,0,0,0,0,0,1995.0,31.0,11.0,100.0,112.0,0,1,1,0,0,0,0,Apartment,Freehold,Non Bumi Lot,Unknown,Penang,Desa Permata Ruby Block 17,Unknown,Ayer Itam
102463250,280000,700.0,3.0,2.0,1.0,3,0,0,0,0,0,0,0,1995.0,31.0,12.0,192.0,129.0,0,1,1,0,0,0,0,Apartment,Freehold,Non Bumi Lot,Unknown,Penang,Desa Permata Amethyst Block 11,Unknown,Ayer Itam
103093439,190000,650.0,3.0,1.0,1.0,2,1,0,1,0,1,0,0,,,,,802.0,0,0,0,0,1,1,0,Flat,Leasehold,Bumi Lot,High,Selangor,Taman Subang Perdana Flat,Bumimas Usaha Sdn Bhd / State Secretary Selangor,Shah Alam
102912557,530000,855.0,2.0,2.0,1.0,9,1,0,0,0,0,1,0,2018.0,8.0,,403.0,489.0,1,1,1,1,1,0,0,Service Residence,Freehold,Non Bumi Lot,Medium,Selangor,Impiria Residensi Bukit Tinggi Klang,WCT Holding Berhad,Klang
101881260,299000,1300.0,4.0,3.0,2.0,12,1,1,1,0,1,1,0,2021.0,5.0,29.0,550.0,844.0,1,1,1,1,1,0,0,Condominium,Freehold,Non Bumi Lot,Medium,Selangor,LPR Freehold @ Cyberjaya,YanJian Group,Cyberjaya
101881017,299000,1300.0,4.0,3.0,2.0,14,0,0,0,0,0,0,0,,,,,610.0,1,1,1,1,1,0,0,Condominium,Freehold,Non Bumi Lot,Medium,Selangor,Cyber Residency,Country Heights Holdings Berhad,Cyberjaya
103174215,375000,1100.0,3.0,2.0,1.0,10,1,0,0,0,1,1,0,2004.0,22.0,25.0,1220.0,606.0,1,1,1,1,1,1,0,Condominium,Freehold,Non Bumi Lot,Low,Kuala Lumpur,Sri Putramas,Mayland,Kuala Lumpur
103674063,708000,1300.0,3.0,2.0,1.0,14,1,1,1,0,1,1,1,1994.0,32.0,27.0,299.0,772.0,1,1,1,1,1,0,0,Condominium,Freehold,Non Bumi Lot,High,Kuala Lumpur,Mont Kiara Pelangi,Sunrise,Kuala Lumpur
103461736,515000,1195.0,3.0,2.0,1.0,14,1,1,0,1,1,1,0,,,15.0,348.0,1079.0,1,1,1,1,1,1,0,Condominium,Freehold,Non Bumi Lot,High,Kuala Lumpur,Awana Puri Condominiums,NATWEST DEVELOPMENT SDN. BHD,Kuala Lumpur
103203509,250000,755.0,3.0,2.0,1.0,14,0,0,0,0,0,0,0,2010.0,16.0,14.0,336.0,632.0,1,1,1,1,1,0,0,Condominium,Freehold,Non Bumi Lot,Medium,Kuala Lumpur,Ketumbar Heights,Mahajaya Berhad,Kuala Lumpur
103210555,220000,700.0,3.0,2.0,1.0,4,1,1,0,1,1,1,0,,,5.0,,1086.0,0,0,0,0,1,0,0,Apartment,Freehold,Bumi Lot,Medium,Selangor,Pangsapuri Orchid,Unknown,Puchong
102676149,910000,1050.0,2.0,3.0,1.0,8,1,0,1,1,1,1,0,2011.0,15.0,40.0,811.0,974.0,1,1,0,1,1,0,1,Condominium,Freehold,Non Bumi Lot,High,Kuala Lumpur,Setia SKY Residences,SP Setia,Kuala Lumpur
103749593,458000,850.0,3.0,2.0,2.0,11,0,0,0,0,0,0,0,,,,,1565.0,1,1,1,1,1,1,0,Service Residence,Freehold,Non Bumi Lot,Unknown,Putrajaya,The Clio 2 Residences,IOI Properties Group Berhad,Putrajaya
103802052,392000,1100.0,3.0,2.0,2.0,14,0,0,0,0,0,0,0,,,,,1291.0,1,1,1,1,1,0,0,Condominium,Freehold,Non Bumi Lot,Medium,Selangor,Selangor » Serdang,Unknown,Serdang
102464106,150000,760.0,3.0,2.0,1.0,3,0,0,0,0,1,0,0,,,,,1613.0,0,1,0,0,1,0,0,Apartment,Leasehold,Bumi Lot,High,Selangor,Astana Alam,Unknown,Puncak Alam
103802084,360000,1005.0,3.0,2.0,1.0,3,1,0,1,1,1,0,0,,,23.0,,864.0,0,1,0,0,0,0,1,Condominium,Leasehold,Bumi Lot,Medium,Kuala Lumpur,Pangsapuri Mawar (Sentul),Unknown,Kuala Lumpur
102912556,210000,762.0,3.0,2.0,1.0,0,1,0,0,0,0,1,0,,,,,557.0,0,0,0,0,0,0,0,Apartment,Freehold,Non Bumi Lot,Medium,Selangor,Pangsapuri Seri Proton,Unknown,Klang
103802196,630000,1200.0,3.0,2.0,2.0,10,0,0,0,0,0,0,0,,,,,448.0,1,1,1,1,1,0,0,Condominium,Freehold,Non Bumi Lot,Medium,Kuala Lumpur,Le Vista Residence,Unknown,Kuala Lumpur
103802184,708000,1300.0,3.0,2.0,1.0,14,1,1,1,0,1,1,1,1994.0,32.0,27.0,299.0,716.0,1,1,1,1,1,0,0,Condominium,Freehold,Non Bumi Lot,Medium,Kuala Lumpur,Mont Kiara Pelangi,Sunrise,Kuala Lumpur
102862598,150000,581.0,2.0,1.0,1.0,2,0,0,0,0,0,0,0,,,,,1411.0,0,0,0,0,1,0,0,Flat,Leasehold,Bumi Lot,Low,Johor,Bbu Susur Barli Flat,Unknown,Tampoi
103656676,210000,646.0,3.0,1.0,1.0,0,0,0,0,0,0,0,0,,,,,390.0,0,0,0,0,0,0,0,Apartment,Leasehold,Bumi Lot,Medium,Kuala Lumpur,Pangsapuri Sri Inai,Unknown,Kuala Lumpur
103313935,550000,982.0,3.0,2.0,2.0,7,0,0,0,0,0,0,0,2017.0,9.0,,,170.0,1,1,1,1,1,1,0,Condominium,Leasehold,Non Bumi Lot,High,Sabah,The Gardens (Penampang),SC Land Group,Penampang
103214213,598000,517.0,1.0,1.0,1.0,6,0,0,0,0,0,0,0,,,,,100.0,1,1,1,0,1,0,0,Service Residence,Leasehold,Non Bumi Lot,Medium,Sabah,The Shore (Kota Kinabalu),Unknown,Kota Kinabalu
100951974,140000,700.0,2.0,2.0,1.0,2,0,0,0,0,0,0,0,,,,,1324.0,0,0,0,0,1,0,0,Apartment,Leasehold,Bumi Lot,High,Johor,Flat Taman Perling,I&P Group,Perling
92691295,930000,1470.0,4.0,2.0,2.0,11,0,0,0,0,0,0,0,2021.0,5.0,24.0,1235.0,833.0,1,1,1,1,1,0,0,Condominium,Freehold,Non Bumi Lot,Medium,Penang,QuayWest Residence,Asia Green Group,Batu Uban
102010291,175000,520.0,2.0,1.0,1.0,2,0,0,0,0,0,0,0,,,,,1665.0,0,0,0,0,1,0,0,Flat,Leasehold,Bumi Lot,Medium,Johor,Bandar Baru Uda (Johor Bahru),Unknown,Johor Bahru
102770089,365000,1017.0,3.0,2.0,2.0,12,0,0,0,0,0,0,0,,,,,131.0,1,1,1,1,1,0,0,Service Residence,Freehold,Non Bumi Lot,Medium,Selangor,Savanna Executive Suites,Mah Sing Group Berhad,Bangi
102574262,360000,1044.0,3.0,2.0,1.0,7,0,0,0,0,0,0,0,2005.0,21.0,,698.0,1615.0,1,1,1,1,1,0,1,Apartment,Leasehold,Bumi Lot,Low,Johor,Sri Akasia,Unknown,Johor Bahru
103113103,685000,1364.0,4.0,4.0,2.0,11,1,1,0,1,1,1,0,2013.0,13.0,23.0,308.0,453.0,1,1,1,1,1,0,0,Condominium,Freehold,Non Bumi Lot,High,Kuala Lumpur,Residence 8,Ong Chong Realty,Kuala Lumpur
102606195,310000,883.0,3.0,2.0,1.0,5,0,0,0,0,0,0,0,,,,,830.0,0,1,1,0,1,0,1,Apartment,Leasehold,Bumi Lot,High,Putrajaya,APARTMENT PR1MA PRESINT 11 (Apartment PR1MA),Unknown,Putrajaya
103482702,210000,550.0,2.0,1.0,1.0,1,0,0,0,0,0,0,0,,,,,684.0,0,0,1,0,0,1,1,Flat,Leasehold,Non Bumi Lot,Unknown,Penang,Macallum Street Ghaut PDC Flat,The Penang Development Corporation,George Town
103801819,390000,1000.0,3.0,2.0,2.0,14,0,0,0,0,0,0,0,,,,,1311.0,1,1,1,1,1,0,0,Condominium,Freehold,Non Bumi Lot,Medium,Selangor,Selangor » Serdang,Unknown,Serdang
102897721,279000,750.0,2.0,1.0,1.0,4,1,1,0,0,1,1,1,,,,,876.0,0,1,1,0,1,0,1,Apartment,Freehold,Non Bumi Lot,Medium,Kuala Lumpur,Plaza Sinar Apartment,Unknown,Kuala Lumpur
103801783,225000,657.0,3.0,1.0,1.0,0,0,0,0,0,0,0,0,,,5.0,,400.0,0,0,0,0,0,0,0,Apartment,Freehold,Bumi Lot,High,Selangor,Pangsapuri Seroja @ Setia Alam,Unknown,Shah Alam
103801751,230000,861.0,3.0,2.0,1.0,4,0,0,0,0,0,0,0,2009.0,17.0,13.0,,1375.0,0,1,0,0,1,0,0,Apartment,Leasehold,Bumi Lot,Medium,Johor,Larkin Idaman Apartment,Unknown,Johor Bahru
101823729,298000,936.0,2.0,1.0,1.0,9,0,0,0,0,0,0,0,,,,,408.0,0,1,1,1,1,0,1,Apartment,Leasehold,Non Bumi Lot,High,Penang,Vista Perdana (Butterworth),Unknown,Butterworth
103801927,1300000,1800.0,4.0,3.0,2.0,11,0,0,0,0,0,0,0,1993.0,33.0,23.0,91.0,689.0,1,1,1,1,1,1,0,Condominium,Freehold,Non Bumi Lot,Medium,Penang,Olive Tree Residences,Harta Intan Construction Sdn. Bhd.,Bayan Baru
102513812,465000,1100.0,3.0,2.0,1.0,11,0,0,0,1,0,0,0,2012.0,14.0,,342.0,618.0,1,1,1,1,1,0,0,Condominium,Leasehold,Non Bumi Lot,High,Selangor,Penaga @ Taman Raintree,Impiana Land & Development Sdn Bhd,Batu Caves
103801912,85000,800.0,3.0,2.0,1.0,0,0,0,1,0,0,0,0,,,4.0,,679.0,0,0,0,0,0,0,0,Flat,Freehold,Non Bumi Lot,High,Selangor,Taman Sentosa Perdana,Poh & Chen Development,Klang
99640511,1100000,1968.0,4.0,5.0,2.0,11,0,0,0,0,0,0,0,2020.0,6.0,,803.0,611.0,1,1,1,1,1,1,1,Condominium,Freehold,Non Bumi Lot,High,Penang,Sandilands @ Jelutong,BHL Group of Companies,Jelutong
93374145,650000,1050.0,3.0,2.0,3.0,10,0,0,0,0,0,0,0,2023.0,3.0,46.0,730.0,393.0,1,1,1,1,1,0,0,Condominium,Freehold,Non Bumi Lot,Medium,Penang,Zen 6,Asia Green Group,Gelugor
97710120,710000,1492.0,3.0,2.0,2.0,10,0,0,0,0,0,0,0,2017.0,9.0,37.0,299.0,370.0,1,1,1,1,1,0,0,Condominium,Freehold,Non Bumi Lot,Medium,Penang,Iconic Skies,Iconic Group of Companies,Relau
102150503,338000,900.0,2.0,2.0,1.0,5,0,0,0,0,0,0,0,,,,,128.0,1,1,1,1,0,0,0,Condominium,Leasehold,Non Bumi Lot,Medium,Unknown,Unknown,Unknown,Unknown
101804740,700000,1522.0,3.0,2.0,1.0,6,0,0,0,0,0,0,0,,,,,107.0,1,1,1,1,1,1,0,Condominium,Leasehold,Non Bumi Lot,Low,Sabah,Kristal,Unknown,Kota Kinabalu
100414528,448000,1000.0,3.0,2.0,1.0,6,0,0,0,0,0,0,0,,,,109.0,88.0,1,1,1,0,0,1,0,Condominium,Leasehold,Non Bumi Lot,Medium,Sabah,One Sulaman,Unknown,Kota Kinabalu
101462457,430000,1000.0,3.0,2.0,1.0,11,0,0,0,0,0,0,0,2020.0,6.0,,,252.0,1,1,1,1,1,0,0,Apartment,Freehold,Non Bumi Lot,Medium,Penang,The Rise Collection 3,Zubicon Sdn. Bhd.,George Town
103342242,318000,700.0,3.0,2.0,1.0,7,0,0,0,0,0,0,0,1999.0,27.0,21.0,520.0,340.0,1,1,1,1,1,0,0,Apartment,Freehold,Non Bumi Lot,High,Penang,Taman Kristal,Unknown,Tanjong Tokong
103536838,280000,750.0,3.0,2.0,1.0,5,0,0,0,0,0,0,0,1999.0,27.0,21.0,520.0,338.0,1,1,1,0,1,0,0,Apartment,Freehold,Non Bumi Lot,Unknown,Penang,Taman Kristal,Unknown,Tanjong Tokong
103551604,285000,654.0,3.0,2.0,1.0,3,0,0,0,0,0,0,0,2014.0,12.0,38.0,554.0,425.0,0,1,1,0,0,1,0,Apartment,Freehold,Non Bumi Lot,Unknown,Penang,Taman Bukit Erskine,Ivory Properties Group Sdn Bhd,Tanjong Tokong
97710489,310000,955.0,3.0,2.0,1.0,0,1,0,1,0,0,1,0,,,9.0,,807.0,0,0,0,0,0,1,1,Apartment,Freehold,Non Bumi Lot,Low,Selangor,Perdana Villa (Klang),Unknown,Klang
103801802,225000,575.0,1.0,2.0,1.0,8,0,1,0,0,1,0,0,2009.0,17.0,,272.0,271.0,1,1,1,1,1,0,0,Service Residence,Freehold,Non Bumi Lot,Medium,Selangor,The Domain @ NeoCyber,Laketown Sdn Bhd (EMKAY Group),Cyberjaya
102745079,490000,1313.0,4.0,2.0,3.0,9,1,1,1,0,1,1,0,,,,,712.0,1,1,0,1,1,1,1,Condominium,Leasehold,Non Bumi Lot,High,Kuala Lumpur,Platinum Lake PV 13,Platinum Victory Group Sdn. Bhd.,Kuala Lumpur
103472459,2100000,2185.0,3.0,4.0,4.0,13,0,0,0,0,0,0,0,2017.0,9.0,6.0,98.0,193.0,1,1,1,1,1,0,1,Condominium,Freehold,Non Bumi Lot,Unknown,Penang,The Light Collection IV,IJM LAND BERHAD,Gelugor
103572842,1990000,1884.0,3.0,5.0,3.0,13,0,0,0,0,0,0,0,2015.0,11.0,11.0,190.0,215.0,1,1,1,1,1,0,0,Condominium,Freehold,Non Bumi Lot,High,Penang,The Light Collection III,IJM LAND BERHAD,Gelugor
103801746,105000,645.0,3.0,2.0,1.0,1,0,0,0,0,0,0,0,,,,,376.0,0,0,0,0,0,0,0,Flat,Freehold,Non Bumi Lot,Medium,Penang,Taman Kota Permai,Unknown,Bukit Mertajam
102137074,95000,484.0,2.0,1.0,1.0,4,0,0,0,0,0,0,1,,,,,1092.0,0,0,0,0,1,0,0,Apartment,Freehold,Bumi Lot,Low,Selangor,Taman Asa Jaya,Unknown,Kajang
103801734,460000,969.0,3.0,2.0,2.0,14,0,0,0,0,0,0,0,,,,,1241.0,1,1,1,1,1,0,0,Condominium,Freehold,Bumi Lot,High,Putrajaya,Putrajaya » Putrajaya,Unknown,Putrajaya
103801632,498000,900.0,3.0,2.0,1.0,10,0,0,0,0,0,0,0,,,,,838.0,1,1,1,1,1,0,0,Condominium,Freehold,Malay Reserved,Medium,Selangor,Residensi Armani @ Bukit Lanjan,Unknown,Damansara Perdana
103801585,295000,1100.0,3.0,2.0,1.0,0,0,0,0,0,0,0,0,,,,,282.0,0,0,0,0,0,1,0,Apartment,Leasehold,Non Bumi Lot,Medium,Johor,The Pines Residence,Unknown,Gelang Patah
102925183,598000,1268.0,2.0,2.0,1.0,11,0,0,0,0,0,0,0,,,,,94.0,1,1,1,1,1,0,0,Condominium,Leasehold,Non Bumi Lot,Low,Sabah,Waikiki Condominium,Unknown,Kota Kinabalu
102924519,480000,1365.0,4.0,2.0,1.0,8,0,0,0,0,0,0,0,,,,105.0,207.0,1,1,1,1,1,0,0,Condominium,Leasehold,Non Bumi Lot,Medium,Sabah,Fairway Mansions,Unknown,Kota Kinabalu
102335995,450000,2303.0,3.0,2.0,1.0,7,0,0,0,0,0,0,0,,,,,950.0,1,1,0,1,1,0,1,Townhouse Condo,Freehold,Non Bumi Lot,Low,Johor,Taman D' Utama Baru,Unknown,Johor Bahru
103801733,1850000,1701.0,3.0,3.0,3.0,13,0,0,0,0,0,0,0,2014.0,12.0,7.0,297.0,232.0,1,1,1,1,1,1,1,Condominium,Freehold,Non Bumi Lot,Medium,Penang,The LIGHT COLLECTION II,IJM LAND BERHAD,Gelugor
103801716,530000,1050.0,2.0,2.0,2.0,8,0,0,0,0,0,0,0,2014.0,12.0,13.0,666.0,923.0,1,1,1,1,1,0,0,Service Residence,Freehold,Non Bumi Lot,Low,Selangor,Suria Jelutong,Sunsuria Berhad,Shah Alam
102487841,399000,829.0,2.0,2.0,2.0,0,0,0,0,0,0,0,0,,,,,2443.0,0,0,0,0,0,0,0,Condominium,Freehold,Non Bumi Lot,Medium,Putrajaya,Brand New Condominium,Unknown,Putrajaya
103801575,190000,450.0,1.0,1.0,1.0,14,0,0,0,0,0,0,0,2017.0,9.0,38.0,1424.0,810.0,1,1,1,1,1,1,0,Service Residence,Freehold,Non Bumi Lot,Medium,Selangor,CyberSquare SOHO,Binastra Land Sdn. Bhd.,Cyberjaya
103801557,489000,1144.0,3.0,2.0,1.0,7,0,0,0,0,0,0,0,,,,243.0,335.0,1,1,0,0,1,1,1,Service Residence,Leasehold,Non Bumi Lot,High,Johor,Impian Senibong Residences,TRC Synergy Berhad,Masai
103478023,130000,646.0,2.0,1.0,1.0,0,0,0,0,0,0,0,0,,,,,749.0,0,0,0,0,0,1,0,Apartment,Leasehold,Non Bumi Lot,Unknown,Sarawak,MJC SOHO,Unknown,Kuching
103801681,408000,1118.0,3.0,2.0,2.0,5,0,0,0,0,0,0,1,2017.0,9.0,20.0,424.0,1367.0,1,1,0,0,0,0,0,Condominium,Freehold,Non Bumi Lot,Low,Selangor,Sutera Pines,Smart Niche Sdn Bhd (Joint Venture between Rivertree Group and Imaxland Sdn Bhd),Kajang
99988688,528000,1508.0,3.0,2.0,1.0,0,0,0,0,0,0,0,0,,,,,104.0,0,0,0,0,0,0,0,Condominium,Leasehold,Non Bumi Lot,Low,Sabah,Radiant Maisonette,Unknown,Penampang
89964581,980000,2250.0,4.0,3.0,1.0,9,0,0,0,0,0,0,0,,,,,113.0,1,1,0,1,1,1,0,Condominium,Leasehold,Non Bumi Lot,Medium,Sabah,Waikiki Condominium,Unknown,Kota Kinabalu
103801679,600000,850.0,2.0,2.0,1.0,4,1,1,1,0,1,1,0,2017.0,9.0,36.0,498.0,473.0,1,0,0,0,1,0,0,Service Residence,Freehold,Non Bumi Lot,Medium,Selangor,i-Suite @ i-City,i-Berhad,I-City
103801676,62000,750.0,2.0,1.0,1.0,1,0,0,0,0,0,0,0,,,,,53.0,0,0,0,0,0,0,0,Flat,Freehold,Non Bumi Lot,Low,Sabah,Hsiang Garden Flat,Unknown,Sandakan
103801669,340000,750.0,3.0,2.0,1.0,11,0,0,0,0,0,0,0,1997.0,29.0,28.0,422.0,105.0,1,1,1,1,1,0,0,Condominium,Freehold,Non Bumi Lot,Medium,Penang,U Garden Resort Condominium,U Garden Resort Condominium,Gelugor
103694761,230000,800.0,3.0,2.0,2.0,14,0,0,0,0,0,0,0,,,,,524.0,1,1,1,1,1,0,0,Condominium,Leasehold,Non Bumi Lot,Medium,Kuala Lumpur,"4km to KLCC Studio & Duplex, High ROI, Next to LRT&Mall",Unknown,Kuala Lumpur
103673952,420000,1050.0,3.0,3.0,2.0,14,0,0,0,0,0,0,0,,,,,342.0,1,1,1,1,1,1,0,Condominium,Leasehold,Non Bumi Lot,Low,Kuala Lumpur,Pintasan Segambut,Unknown,Kuala Lumpur
103801651,335000,657.0,2.0,1.0,1.0,9,0,0,1,0,0,1,0,,,,,1330.0,1,1,1,1,1,1,1,Studio,Leasehold,Non Bumi Lot,High,Selangor,3 Elements,Titijaya Land Berhad,Seri Kembangan
99241319,438000,1121.0,3.0,2.0,1.0,6,1,0,0,0,0,0,0,2018.0,8.0,25.0,486.0,253.0,1,0,0,1,1,0,0,Service Residence,Freehold,Non Bumi Lot,Unknown,Selangor,Suria Putra,Suria Land Development Sdn Bhd,Sungai Buloh
103801609,110000,802.0,2.0,2.0,3.0,2,0,0,0,0,0,0,0,,,,,297.0,0,0,0,0,0,0,0,Flat,Freehold,Non Bumi Lot,High,Sabah,Taman Yeng seng,Unknown,Sandakan
103723393,240000,750.0,3.0,2.0,1.0,6,1,1,1,0,1,1,0,,,5.0,,735.0,0,1,1,0,1,0,0,Flat,Leasehold,Non Bumi Lot,Low,Selangor,Flat PKNS Seksyen 7 Shah Alam,Perbadanan Kemajuan Negeri Selangor (PKNS),Shah Alam
103199016,225000,484.0,1.0,1.0,1.0,9,0,0,0,0,0,0,0,2013.0,13.0,,1160.0,272.0,1,1,0,1,1,1,0,Service Residence,Freehold,Non Bumi Lot,Low,Johor,Palazio,Malaysia Land Properties Sdn. Bhd.,Johor Bahru
103801567,570000,1254.0,3.0,2.0,2.0,8,0,0,0,0,0,0,0,2017.0,9.0,21.0,256.0,505.0,1,1,1,1,1,0,1,Condominium,Freehold,Non Bumi Lot,High,Penang,Sierra East,Chong Company Sdn. Bhd.,Bukit Jambul
103151143,175000,550.0,3.0,2.0,1.0,0,0,0,0,0,0,0,0,,,,,567.0,0,0,0,0,0,1,1,Flat,Leasehold,Non Bumi Lot,High,Kuala Lumpur,Seksyen 2 Wangsa Maju Flat,Unknown,Kuala Lumpur
103150184,175000,550.0,3.0,2.0,1.0,0,0,0,0,0,0,0,0,,,,,567.0,0,0,0,0,0,1,1,Flat,Leasehold,Non Bumi Lot,High,Kuala Lumpur,Seksyen 2 Wangsa Maju Flat,Unknown,Kuala Lumpur
99482072,415000,948.0,3.0,2.0,1.0,10,0,0,0,0,0,0,0,2017.0,9.0,26.0,462.0,566.0,0,1,1,1,1,1,1,Service Residence,Freehold,Non Bumi Lot,Medium,Kuala Lumpur,Sentul Village Mercury Service Apartment,UOA Group,Kuala Lumpur
100419415,300000,1012.0,3.0,2.0,1.0,10,1,0,0,1,0,0,0,2014.0,12.0,23.0,744.0,1984.0,1,1,1,1,1,0,0,Service Residence,Freehold,Non Bumi Lot,Medium,Selangor,Amara Service Residences,Jaya Megah Development Sdn Bhd,Batu Caves
103465462,446400,815.0,3.0,2.0,1.0,0,0,0,0,0,0,0,0,,,,,340.0,0,0,0,0,0,0,0,Condominium,Leasehold,Non Bumi Lot,Unknown,Sarawak,Metrocity Condominium,Unknown,Kuching
103479229,280000,771.0,3.0,2.0,2.0,0,0,0,0,0,0,0,0,,,4.0,496.0,481.0,0,0,0,0,0,0,0,Apartment,Leasehold,Non Bumi Lot,Unknown,Sarawak,Sienna Residence,Unknown,Kuching
103801398,270000,750.0,3.0,2.0,1.0,0,0,0,0,0,0,0,0,,,,,927.0,0,0,0,0,0,0,0,Apartment,Freehold,Bumi Lot,Unknown,Selangor,De Cendana,Unknown,Setia Alam
101957025,498000,1088.0,3.0,2.0,1.0,9,0,0,0,0,0,0,0,2020.0,6.0,,809.0,1117.0,1,1,1,1,1,0,1,Service Residence,Freehold,Non Bumi Lot,Unknown,Melaka,Parkland Residence @ Sungai Melaka,Parkland Group,Bukit Baru
103185276,269000,1044.0,3.0,2.0,1.0,0,0,0,0,0,0,0,0,2005.0,21.0,,698.0,853.0,0,0,0,0,0,0,0,Apartment,Leasehold,Bumi Lot,Medium,Johor,Sri Akasia,Unknown,Johor Bahru
103801497,320000,1000.0,3.0,2.0,1.0,5,0,0,0,0,0,0,0,,,,,790.0,0,1,0,0,1,1,1,Condominium,Freehold,Non Bumi Lot,Low,Pahang,Desa Anthurium,Unknown,Cameron Highlands
103613681,465000,1000.0,3.0,2.0,1.0,9,0,0,0,0,0,0,0,2015.0,11.0,,,158.0,1,1,1,1,1,1,0,Condominium,Freehold,Non Bumi Lot,Low,Sabah,Lido Four Seasons Residence,Unknown,Kota Kinabalu
102692697,270000,850.0,3.0,2.0,1.0,11,0,0,0,0,0,0,0,,,,,110.0,1,1,1,1,1,0,0,Apartment,Leasehold,Non Bumi Lot,Low,Sabah,Angkasa Apartment,Bina Puri Holdings Bhd,Kota Kinabalu
103425796,690000,552.0,1.0,1.0,1.0,12,0,0,0,0,0,0,0,,,,,297.0,1,1,1,1,1,1,1,Service Residence,Leasehold,Non Bumi Lot,High,Sabah,The Shore (Kota Kinabalu),Unknown,Kota Kinabalu
103685803,440000,850.0,3.0,2.0,2.0,7,0,0,0,0,0,0,0,1998.0,28.0,16.0,488.0,286.0,1,1,0,1,1,1,0,Condominium,Leasehold,Non Bumi Lot,Low,Penang,Villa Emas,Techware Enterprise Sdn Bhd,Bayan Lepas
101370721,280000,900.0,3.0,2.0,2.0,9,1,0,0,0,0,0,0,2023.0,3.0,25.0,1168.0,2003.0,1,1,1,1,1,0,0,Apartment,Freehold,Non Bumi Lot,Unknown,Selangor,Aspire Residence,Syarikat Perumahan Negara Berhad,Cyberjaya
97406224,245000,800.0,3.0,2.0,1.0,2,0,1,0,1,0,0,1,,,,309.0,746.0,0,1,0,0,0,0,1,Apartment,Freehold,Non Bumi Lot,Medium,Selangor,Plaza Indah,TLS Group,Kajang
102487756,371000,828.0,3.0,2.0,1.0,0,0,0,0,0,0,0,0,,,,,2411.0,0,0,0,0,0,0,0,Apartment,Freehold,Non Bumi Lot,Medium,Putrajaya,New Apartment At Precinct 11,Unknown,Putrajaya
103801368,100000,710.0,3.0,2.0,1.0,2,0,0,0,0,0,0,0,,,,,1371.0,0,0,0,0,1,0,0,Flat,Leasehold,Bumi Lot,High,Johor,Taman Desa Rakyat Perdana,Unknown,Pasir Gudang
103801360,235000,786.0,3.0,2.0,1.0,4,1,0,0,0,1,1,1,,,18.0,,1165.0,0,1,0,0,1,0,0,Apartment,Freehold,Non Bumi Lot,Unknown,Selangor,Ilham Apartment,MK Land Holdings Berhad,Shah Alam
103210722,220000,732.0,3.0,2.0,1.0,0,0,0,0,0,0,0,0,,,,,848.0,0,0,0,0,0,0,1,Apartment,Leasehold,Non Bumi Lot,Medium,Selangor,Pangsapuri Mawar (Bandar Kinrara),Unknown,Bandar Kinrara
103305154,211000,527.0,1.0,1.0,1.0,11,0,0,0,0,0,0,0,2018.0,8.0,35.0,849.0,584.0,1,1,1,1,1,0,0,Service Residence,Freehold,Bumi Lot,Medium,Johor,D'Summit Residences,Wealthy Growth Sdn Bhd (IOI Properties),Johor Bahru
103178152,320000,850.0,3.0,2.0,2.0,11,0,0,0,0,0,0,0,2025.0,1.0,,,505.0,1,1,1,1,1,0,0,Apartment,Freehold,Non Bumi Lot,Low,Johor,Aliff Heights,Unknown,Johor Bahru
103463637,155000,650.0,3.0,2.0,1.0,0,0,0,0,0,0,0,1,,,,,866.0,0,0,0,0,0,0,1,Flat,Freehold,Non Bumi Lot,High,Selangor,Taman Bukit Kenangan,Unknown,Kajang
102469434,340000,650.0,2.0,2.0,1.0,11,1,1,0,1,0,0,0,2021.0,5.0,44.0,2136.0,970.0,1,1,1,1,1,0,0,Service Residence,Leasehold,Non Bumi Lot,Low,Kuala Lumpur,Majestic Maxim,Maxim Holdings,Kuala Lumpur
103721323,350000,864.0,3.0,2.0,2.0,0,0,0,0,0,0,0,0,2015.0,11.0,25.0,600.0,269.0,0,0,0,0,0,0,0,Condominium,Freehold,Non Bumi Lot,Unknown,Selangor,Alam Sanjung @ Subang West,CB Land Sdn Bhd (Crest Builder Holdings Berhad),Shah Alam
103739549,330000,1302.0,3.0,2.0,1.0,5,0,0,0,0,0,0,0,2010.0,16.0,4.0,199.0,597.0,1,1,0,1,1,0,1,Apartment,Leasehold,Bumi Lot,Medium,Selangor,Gardenville Townvilla,Dergahayu Sdn Bhd,Selayang
103302118,380000,640.0,1.0,1.0,1.0,11,0,0,0,0,0,0,0,2018.0,8.0,,1050.0,621.0,1,1,0,1,1,1,0,Condominium,Freehold,Non Bumi Lot,High,Johor,Molek Regency,ALPHA ASTRAL REALTY SDN BHD,Johor Bahru
103381053,369000,1043.0,3.0,2.0,1.0,6,0,0,0,0,0,1,0,2009.0,17.0,,326.0,898.0,1,1,0,1,0,1,0,Condominium,Freehold,Bumi Lot,Medium,Selangor,Villa Pavilion,VILLAMAS GROUP OF COMPANIES,Seri Kembangan
103801242,410000,802.0,2.0,2.0,1.0,8,0,0,0,0,0,0,0,2020.0,6.0,33.0,490.0,1346.0,1,1,1,1,0,1,1,Condominium,Freehold,Non Bumi Lot,High,Penang,Eco Bloom @ Eco Meadows,Eco World Development Group Berhad,Simpang Ampat
103746354,265000,678.0,3.0,1.0,1.0,4,0,0,0,0,0,0,0,,,,,552.0,0,0,0,0,1,0,0,Apartment,Leasehold,Non Bumi Lot,High,Kuala Lumpur,Flat Pandan Jaya,Unknown,Kuala Lumpur
102744896,510000,1100.0,3.0,2.0,1.0,7,1,0,1,0,1,1,0,2017.0,9.0,28.0,650.0,669.0,1,1,0,1,0,0,1,Condominium,Leasehold,Non Bumi Lot,Unknown,Kuala Lumpur,Ascenda Residences @ SkyArena Setapak,SkyWorld Development Sdn Bhd,Kuala Lumpur
102744856,420000,908.0,3.0,2.0,1.0,7,1,0,1,0,1,1,0,2017.0,9.0,28.0,650.0,657.0,1,1,0,1,0,0,1,Condominium,Leasehold,Non Bumi Lot,Unknown,Kuala Lumpur,Ascenda Residences @ SkyArena Setapak,SkyWorld Development Sdn Bhd,Kuala Lumpur
100274940,408000,1105.0,3.0,2.0,1.0,4,1,0,0,1,1,1,0,,,5.0,,1063.0,1,1,0,0,1,0,0,Apartment,Freehold,Non Bumi Lot,Low,Selangor,Sri Mekar Apartment,Unknown,Puchong
103465492,398000,687.0,1.0,1.0,1.0,0,0,0,0,0,0,0,0,,,,,359.0,0,0,0,0,0,0,0,Apartment,Leasehold,Non Bumi Lot,Medium,Sarawak,Stutong Tiarra,Jyrah Realty Sdn Bhd,Kuching
103801208,265000,907.0,3.0,2.0,1.0,4,0,0,0,0,0,1,0,2015.0,11.0,,156.0,304.0,0,1,1,0,1,0,0,Service Residence,Leasehold,Non Bumi Lot,Medium,Selangor,Calisa Residences,Masteron Sdn Bhd,Puchong
103801203,280000,750.0,3.0,2.0,1.0,4,0,0,0,0,1,0,0,,,5.0,112.0,747.0,0,0,0,0,1,0,0,Apartment,Leasehold,Non Bumi Lot,Low,Selangor,Apartment Indah,Unknown,Damansara Damai
102879777,285000,700.0,3.0,1.0,1.0,3,0,0,0,0,0,0,0,2008.0,18.0,18.0,701.0,557.0,0,1,0,0,1,0,1,Apartment,Freehold,Non Bumi Lot,High,Penang,Sri Aman Block C (Sri Aman Block 1 & 3),Unknown,Bukit Jambul
102335990,260000,990.0,3.0,2.0,1.0,7,0,0,0,0,0,0,0,,,4.0,,931.0,0,1,1,0,1,1,0,Apartment,Freehold,Non Bumi Lot,High,Johor,Melana Apartment,Unknown,Skudai
101471270,475000,883.0,2.0,2.0,2.0,10,1,0,0,0,1,0,0,2021.0,5.0,33.0,746.0,875.0,1,1,1,1,1,1,1,Condominium,Leasehold,Bumi Lot,Medium,Selangor,LBS Skylake Residence,LBS Bina Group Berhad,Puchong
103801312,380000,960.0,3.0,2.0,1.0,8,0,0,0,0,0,0,0,2008.0,18.0,12.0,196.0,275.0,1,1,1,1,1,1,1,Condominium,Leasehold,Bumi Lot,Medium,Selangor,KiPark Selayang,KIP Group,Selayang
103801192,485000,1010.0,3.0,2.0,1.0,8,1,1,1,1,1,1,1,2014.0,12.0,,,1240.0,1,1,1,1,1,1,0,Service Residence,Freehold,Bumi Lot,Medium,Kuala Lumpur,Boulevard Serviced Apartment,Unknown,Kuala Lumpur
103801180,340000,845.0,3.0,2.0,1.0,0,1,0,0,1,1,0,0,,,,,645.0,0,0,0,0,0,0,0,Service Residence,Freehold,Non Bumi Lot,Unknown,Kuala Lumpur,Razak City Residences,Razak City Residences,Kuala Lumpur
103801159,290000,904.0,3.0,2.0,1.0,3,0,0,0,0,0,0,0,,,,,437.0,0,1,1,0,0,0,0,Apartment,Leasehold,Non Bumi Lot,Unknown,Penang,Vista Perdana (Butterworth),Unknown,Butterworth
103801156,130000,650.0,3.0,1.0,1.0,0,0,0,0,0,1,0,0,,,,,532.0,0,0,0,0,0,0,0,Condominium,Freehold,Bumi Lot,High,Selangor,Pangsapuri Teratai (Shah Alam),Unknown,Shah Alam
103801153,170000,650.0,3.0,2.0,1.0,2,0,0,0,0,0,0,0,,,,,865.0,0,0,0,0,1,1,0,Apartment,Leasehold,Bumi Lot,Low,Selangor,Apartment Harmoni,Unknown,Damansara Damai
103466174,240000,800.0,3.0,2.0,1.0,6,0,0,0,0,0,0,0,,,,,946.0,1,1,1,0,1,0,0,Apartment,Leasehold,Bumi Lot,Low,Selangor,Apartment Seroja (Puchong),Unknown,Puchong
103435595,390000,944.0,3.0,2.0,1.0,4,1,0,0,1,0,1,0,,,,,1041.0,0,1,0,0,1,0,1,Apartment,Freehold,Non Bumi Lot,Medium,Selangor,Lily & Rose,Unknown,Petaling Jaya
97087241,345000,1004.0,3.0,2.0,1.0,9,0,0,0,0,0,0,0,2007.0,19.0,14.0,702.0,559.0,1,1,1,1,1,0,1,Apartment,Freehold,Non Bumi Lot,High,Selangor,Desa Impiana,Mitrajaya,Puchong
103801266,380000,604.0,2.0,2.0,2.0,10,0,0,0,0,0,0,0,2022.0,4.0,31.0,382.0,375.0,1,1,1,1,1,0,1,Service Residence,Leasehold,Non Bumi Lot,High,Selangor,Traders Garden @ Cheras Selatan,SCP Group,Cheras
102308940,440000,1238.0,4.0,2.0,2.0,9,1,0,0,0,0,1,0,2008.0,18.0,27.0,798.0,890.0,1,1,0,1,1,0,1,Condominium,Freehold,Non Bumi Lot,Low,Selangor,Aman Heights,Premier Consortium,Seri Kembangan
101811990,120000,734.0,3.0,1.0,1.0,1,1,0,0,0,0,1,0,,,,,442.0,0,0,0,0,0,0,0,Apartment,Freehold,Non Bumi Lot,Low,Kuala Lumpur,Taman Desa Cheras,Unknown,Kuala Lumpur
103607946,350000,753.0,1.0,1.0,2.0,14,0,0,0,0,0,0,0,2017.0,9.0,16.0,128.0,1491.0,1,1,1,1,1,0,0,Condominium,Freehold,Non Bumi Lot,High,Selangor,Sawtelle Suites Cyberjaya,COUNTRY HEIGHTS HOLDINGS BERHAD,Cyberjaya
103037509,210000,856.0,3.0,2.0,1.0,6,0,0,0,0,0,0,0,,,9.0,,400.0,1,1,0,0,1,0,0,Condominium,Freehold,Non Bumi Lot,Unknown,Selangor,Sri Hijau,Unknown,Bandar Mahkota Cheras
103037377,320000,950.0,3.0,2.0,1.0,4,1,1,0,1,0,0,0,2012.0,14.0,18.0,385.0,864.0,1,1,0,0,1,0,0,Apartment,Leasehold,Non Bumi Lot,High,Kuala Lumpur,Connaught Avenue,Akisama Group,Kuala Lumpur
101761357,530000,1500.0,3.0,2.0,4.0,7,1,0,0,0,1,1,1,,,,144.0,1122.0,1,1,1,1,1,0,0,Service Residence,Freehold,Non Bumi Lot,High,Selangor,Suria Residence,Unknown,Bukit Jelutong
100635823,269000,868.0,3.0,2.0,1.0,6,0,1,0,1,0,0,1,2007.0,19.0,15.0,,1213.0,0,1,1,0,1,0,0,Apartment,Freehold,Bumi Lot,Medium,Selangor,Sri Ria Apartments,TLS Group,Kajang
103666072,1200000,2907.0,4.0,5.0,2.0,7,0,0,0,0,0,0,0,,,4.0,128.0,145.0,1,1,0,1,1,0,0,Condominium,Leasehold,Non Bumi Lot,High,Sarawak,The Tropics Condominium (Kuching),Regal Group,Kuching
103666982,440000,1000.0,4.0,2.0,2.0,9,0,0,0,0,0,0,0,,,,,1123.0,1,1,1,1,1,1,0,Condominium,Freehold,Non Bumi Lot,Medium,Selangor,BK JH,Unknown,Kajang
95763369,349000,1100.0,3.0,2.0,1.0,7,1,0,0,1,0,0,0,,,,684.0,361.0,1,0,0,1,1,0,0,Condominium,Leasehold,Non Bumi Lot,Unknown,Selangor,Semarak & Penaga Condominium,Impiana Land & Development Sdn Bhd,Batu Caves
95149506,373000,1206.0,4.0,2.0,1.0,7,1,0,0,1,0,0,0,,,,684.0,361.0,1,0,0,1,1,0,0,Condominium,Leasehold,Non Bumi Lot,Unknown,Selangor,Semarak & Penaga Condominium,Impiana Land & Development Sdn Bhd,Batu Caves
101847016,340000,1100.0,3.0,2.0,1.0,14,1,0,0,0,1,1,0,1996.0,30.0,19.0,,923.0,1,1,1,1,1,0,0,Condominium,Leasehold,Non Bumi Lot,High,Kuala Lumpur,Bam Villa,Unknown,Kuala Lumpur
102566624,360000,740.0,2.0,2.0,1.0,9,0,0,0,0,0,0,0,,,,,606.0,1,1,1,1,1,1,0,Service Residence,Freehold,Non Bumi Lot,Medium,Johor,one sentral,Unknown,Johor Bahru
103550482,335000,646.0,1.0,1.0,1.0,2,0,0,0,0,0,0,0,,,20.0,306.0,602.0,0,1,0,0,0,1,0,Service Residence,Freehold,Non Bumi Lot,Medium,Johor,Manhattan @ Austin Heights,Detik Hartamas (Austin Height Group),Johor Bahru
80258486,250000,800.0,3.0,2.0,2.0,6,0,0,0,0,0,0,0,2014.0,12.0,4.0,75.0,1222.0,1,0,1,0,1,0,0,Apartment,Freehold,Non Bumi Lot,Unknown,Selangor,Karisma @ Eco Majestic,Eco World Development Group Berhad,Semenyih
103746381,330000,721.0,2.0,2.0,1.0,7,0,0,0,0,0,0,0,,,24.0,,258.0,1,1,0,1,0,1,0,Service Residence,Freehold,Non Bumi Lot,Medium,Johor,The Embassy Suites (Duta Impian),Unknown,Skudai
103744742,290000,810.0,2.0,2.0,1.0,10,0,0,0,0,0,0,0,2019.0,7.0,25.0,2003.0,447.0,1,1,1,1,1,1,0,Service Residence,Freehold,Non Bumi Lot,Medium,Johor,Parc Regency Serviced Apartment,Malaysia Land Properties Sdn. Bhd.,Johor Bahru
103761635,138000,692.0,3.0,2.0,1.0,3,0,0,0,0,0,0,0,,,,,292.0,0,0,0,0,1,0,0,Flat,Freehold,Non Bumi Lot,Medium,Johor,Taman Cempaka (Johor Bahru),Unknown,Johor Bahru
97315482,460000,990.0,3.0,2.0,2.0,9,0,0,0,0,0,0,0,2020.0,6.0,23.0,241.0,586.0,1,1,1,1,1,0,0,Service Residence,Leasehold,Non Bumi Lot,Low,Selangor,Zentro Residences,IOI Properties Group,Puchong
103244628,168000,689.0,3.0,2.0,1.0,9,1,0,0,0,1,1,0,2004.0,22.0,18.0,332.0,293.0,1,1,0,1,1,1,0,Apartment,Freehold,Non Bumi Lot,Low,Selangor,Sri Dahlia Apartment,TLS Group,Puchong
103745112,130000,880.0,3.0,2.0,1.0,0,0,0,0,0,0,0,0,,,,,217.0,0,0,0,0,0,0,0,Apartment,Freehold,Non Bumi Lot,Low,Selangor,Sentosa Dato Dagang 23 Shop Apartment,Unknown,Klang
103801145,150000,650.0,3.0,1.0,1.0,3,0,0,0,0,0,0,0,,,5.0,,930.0,0,1,0,0,0,0,0,Apartment,Leasehold,Bumi Lot,High,Selangor,Pangsapuri Sri Ayu,Unknown,Klang
103800952,423000,1055.0,3.0,2.0,1.0,7,1,1,0,0,1,0,0,2015.0,11.0,27.0,526.0,568.0,1,1,0,1,1,0,0,Apartment,Freehold,Non Bumi Lot,Unknown,Kuala Lumpur,Central Residence @ Sg Besi,Yuk Tung Group,Kuala Lumpur
103800951,470000,1168.0,3.0,2.0,1.0,14,0,0,0,0,0,0,0,2013.0,13.0,25.0,364.0,540.0,1,1,1,1,1,1,0,Service Residence,Freehold,Non Bumi Lot,Unknown,Johor,The Sky Executive Suites @ Bukit Indah,Setia Promenade Sdn Bhd (SP Setia),Johor Bahru
103800943,324400,775.0,3.0,2.0,1.0,6,1,0,0,0,1,0,0,2017.0,9.0,34.0,1502.0,571.0,1,1,0,1,1,0,0,Apartment,Leasehold,Non Bumi Lot,Unknown,Kuala Lumpur,Seasons Garden Residences @ Wangsa Maju,SCP Group,Kuala Lumpur
103800941,165000,650.0,2.0,1.0,1.0,0,0,0,0,0,0,0,0,,,,,89.0,0,0,0,0,0,0,1,Apartment,Leasehold,Non Bumi Lot,Unknown,Penang,Taman Alor Vista,Unknown,Relau
102905309,900000,2000.0,5.0,3.0,2.0,7,0,0,0,0,0,0,0,1997.0,29.0,14.0,528.0,235.0,1,1,1,0,1,0,0,Others,Leasehold,Non Bumi Lot,Medium,Penang,Desa Permai Indah Apartment,Unknown,Sungai Dua
101682885,340200,818.0,3.0,2.0,1.0,8,1,1,0,1,0,0,0,2021.0,5.0,44.0,2136.0,675.0,1,1,1,1,1,0,0,Service Residence,Leasehold,Non Bumi Lot,Unknown,Kuala Lumpur,Majestic Maxim,Maxim Holdings,Kuala Lumpur
102310065,780000,893.0,1.0,2.0,1.0,10,0,0,0,0,0,0,0,2010.0,16.0,7.0,160.0,257.0,1,1,1,1,1,1,1,Service Residence,Freehold,Non Bumi Lot,High,Penang,Straits Quay,Eastern & Oriental Berhad,Tanjong Tokong
101720817,420000,1055.0,3.0,2.0,1.0,10,0,0,0,0,0,0,0,1998.0,28.0,15.0,336.0,583.0,1,1,0,1,1,1,1,Condominium,Freehold,Non Bumi Lot,High,Penang,Pearl Garden,Unknown,Sungai Ara
82005054,420000,800.0,3.0,2.0,1.0,10,0,0,0,0,0,0,0,2012.0,14.0,30.0,249.0,230.0,1,1,1,1,1,0,1,Apartment,Leasehold,Non Bumi Lot,Unknown,Penang,Pulse,Arte Corp,Gelugor
102841289,320000,1077.0,3.0,2.0,1.0,0,0,0,0,0,0,0,0,,,,,86.0,0,0,0,0,0,1,1,Apartment,Freehold,Non Bumi Lot,Low,Penang,Pangsapuri Seri Pelangi,Unknown,Bukit Mertajam
103801066,218000,798.0,3.0,2.0,1.0,5,0,0,0,0,0,0,0,,,,,1043.0,1,1,0,0,1,0,0,Apartment,Leasehold,Bumi Lot,Low,Perak,Pangsapuri Seri Iskandar,Unknown,Seri Iskandar
103800986,355000,1173.0,3.0,2.0,1.0,6,1,1,0,0,1,1,0,,,15.0,,916.0,1,1,1,0,1,0,0,Condominium,Leasehold,Bumi Lot,Low,Selangor,Sri Mahligai,Unknown,Shah Alam
103800985,360000,1005.0,3.0,2.0,1.0,5,1,0,1,1,1,0,0,,,23.0,,1346.0,0,1,1,0,1,0,1,Condominium,Leasehold,Bumi Lot,Low,Kuala Lumpur,Pangsapuri Mawar (Sentul),Unknown,Kuala Lumpur
100391017,310000,1164.0,2.0,2.0,1.0,9,0,0,0,0,0,0,0,,,,,763.0,1,1,1,1,1,1,0,Condominium,Freehold,Bumi Lot,Medium,Perak,Allamanda (Ipoh),Kuala Lumpur Kepong Berhad,Ipoh
103800973,280000,750.0,3.0,2.0,1.0,5,0,0,0,0,0,0,0,,,5.0,40.0,661.0,1,1,0,0,1,0,0,Apartment,Leasehold,Non Bumi Lot,Medium,Selangor,Apartment Bayu,Unknown,Petaling Jaya
102793564,310000,1023.0,3.0,2.0,2.0,12,0,0,0,0,0,0,0,2019.0,7.0,,1200.0,1494.0,1,1,1,1,1,0,0,Condominium,Freehold,Non Bumi Lot,Medium,Selangor,Residensi Zamrud,Cheras Hong Soon Development Sdn. Bhd.,Kajang
102833432,900000,1421.0,3.0,2.0,2.0,9,0,0,0,0,0,0,0,2008.0,18.0,,256.0,234.0,1,1,1,1,1,1,1,Condominium,Freehold,Non Bumi Lot,Medium,Penang,Alila Horizon,Hunza Properties Berhad,Tanjung Bungah
103763130,770000,1485.0,4.0,3.0,2.0,10,1,0,0,0,0,1,0,2014.0,12.0,36.0,236.0,497.0,1,1,0,1,1,1,1,Condominium,Leasehold,Non Bumi Lot,Unknown,Kuala Lumpur,Altitude 236,IJM LAND BERHAD,Kuala Lumpur
102984848,390000,1419.0,4.0,3.0,2.0,0,1,1,1,0,0,1,0,2014.0,12.0,16.0,96.0,228.0,0,0,0,0,0,0,0,Condominium,Leasehold,Non Bumi Lot,Unknown,Selangor,North Point @ One Ampang Avenue,Perdana ParkCity Sdn Bhd,Ampang
102660370,220000,856.0,3.0,2.0,1.0,6,0,0,0,0,0,0,0,,,9.0,,197.0,1,1,0,0,1,0,0,Condominium,Freehold,Non Bumi Lot,Unknown,Selangor,Sri Hijau,Unknown,Bandar Mahkota Cheras
101812258,228000,416.0,1.0,1.0,1.0,4,1,1,0,1,1,1,1,,,22.0,176.0,532.0,1,1,0,1,0,0,0,Service Residence,Leasehold,Non Bumi Lot,Medium,Kuala Lumpur,Seri Cempaka,Unknown,Kuala Lumpur
103586006,380000,700.0,3.0,2.0,1.0,7,0,0,0,0,0,0,0,2009.0,17.0,23.0,,702.0,0,1,0,1,1,0,1,Apartment,Freehold,Non Bumi Lot,Unknown,Penang,Harmony View,Belleview Group,Jelutong
102505649,115000,710.0,3.0,2.0,1.0,0,0,0,0,0,0,0,0,,,,,164.0,0,0,0,0,0,0,0,Apartment,Leasehold,Non Bumi Lot,Unknown,Melaka,Pangsapuri Taman Tasik Utama,Unknown,Ayer Keroh
100405524,750000,1350.0,3.0,2.0,2.0,13,0,0,0,0,0,0,0,2010.0,16.0,4.0,227.0,987.0,1,1,1,1,1,0,0,Condominium,Leasehold,Bumi Lot,Low,Kuala Lumpur,Andalucia,YTL Land,Kuala Lumpur
103486779,218700,883.0,3.0,2.0,1.0,9,1,0,0,0,1,0,0,2021.0,5.0,33.0,746.0,660.0,1,1,1,1,1,0,0,Service Residence,Leasehold,Non Bumi Lot,Unknown,Selangor,LBS Skylake Residence,LBS Bina Group Berhad,Puchong
103688286,138000,550.0,2.0,1.0,1.0,2,0,0,0,0,0,0,0,,,,,533.0,0,0,0,0,0,0,0,Flat,Leasehold,Non Bumi Lot,Medium,Penang,Taman Terubong Jaya,Unknown,George Town
103001368,360000,800.0,3.0,2.0,1.0,14,0,0,0,0,0,0,0,2016.0,10.0,,1900.0,465.0,1,1,1,1,1,0,0,Apartment,Leasehold,Non Bumi Lot,Unknown,Penang,The Rise Collection 2,Zubicon Sdn. Bhd.,George Town
101736332,345000,547.0,1.0,1.0,1.0,11,0,0,0,1,0,0,0,,,,,919.0,1,1,1,1,1,0,0,Condominium,Freehold,Non Bumi Lot,Medium,Selangor,Cheras Perdana,Unknown,Cheras
103731402,433094,1184.0,3.0,2.0,2.0,10,0,0,0,0,0,0,0,2020.0,6.0,17.0,676.0,1545.0,1,1,1,1,1,0,0,Condominium,Freehold,Non Bumi Lot,Medium,Putrajaya,Flora Rosa,Putrajaya Holdings Sdn Bhd,Putrajaya
103462974,395000,800.0,2.0,2.0,1.0,10,1,0,0,1,1,0,0,,,,,643.0,1,1,1,1,1,0,0,Service Residence,Freehold,Non Bumi Lot,Medium,Kuala Lumpur,Razak City Residences,Razak City Residences,Kuala Lumpur
102375382,270000,750.0,3.0,2.0,1.0,7,0,0,0,0,0,0,0,1999.0,27.0,21.0,838.0,216.0,1,1,0,0,1,0,0,Condominium,Freehold,Non Bumi Lot,High,Penang,Taman Desa Relau 2,Unknown,Relau
103800877,278000,1100.0,3.0,2.0,1.0,7,1,1,1,0,1,1,0,,,17.0,,584.0,1,1,1,0,1,0,0,Condominium,Leasehold,Non Bumi Lot,Medium,Selangor,BBK Condominium,Unknown,Klang
100867056,260000,800.0,3.0,2.0,1.0,0,0,0,0,0,0,0,0,,,,,1115.0,0,0,0,0,0,0,0,Apartment,Leasehold,Bumi Lot,Medium,Selangor,Pusat Komersial Seksyen 7 Shop Apartment,Unknown,Shah Alam
88255852,420000,1148.0,4.0,2.0,1.0,11,1,1,1,1,0,1,1,,,5.0,625.0,1219.0,1,1,0,1,1,0,1,Condominium,Leasehold,Non Bumi Lot,Low,Selangor,Kelana D'Putera,Unknown,Petaling Jaya
103195587,330000,1200.0,3.0,2.0,2.0,10,1,0,0,1,0,0,0,2014.0,12.0,23.0,744.0,898.0,1,1,1,1,1,0,0,Service Residence,Freehold,Non Bumi Lot,Low,Selangor,Amara Service Residences,Jaya Megah Development Sdn Bhd,Batu Caves
103800860,380000,918.0,3.0,2.0,1.0,10,1,1,0,0,1,1,0,1997.0,29.0,15.0,450.0,875.0,1,1,1,1,1,1,1,Condominium,Leasehold,Non Bumi Lot,Medium,Kuala Lumpur,Danau Impian,Faber Development Holdings,Kuala Lumpur
99679030,1480000,4370.0,5.0,7.0,1.0,14,0,0,0,0,0,0,0,2015.0,11.0,6.0,280.0,1091.0,1,1,1,1,1,0,0,Condominium,Leasehold,Non Bumi Lot,High,Selangor,280 Park Homes @ Puchong Prima,Mitrajaya Holdings Berhad,Puchong
103798060,900000,2240.0,5.0,4.0,1.0,10,0,0,0,0,0,0,0,,,,,303.0,0,1,0,1,1,1,1,Others,Leasehold,Bumi Lot,Unknown,Johor,Setia Tropika,SP Setia Berhad,Skudai
102964022,510000,658.0,1.0,1.0,1.0,5,0,0,0,0,0,0,0,2014.0,12.0,31.0,336.0,210.0,1,1,0,1,1,0,0,Condominium,Freehold,Non Bumi Lot,Unknown,Penang,Mansion One,Magna Putih,George Town
102285078,460000,980.0,3.0,2.0,1.0,10,1,1,1,1,0,1,1,2013.0,13.0,21.0,358.0,1070.0,1,1,0,1,1,0,1,Condominium,Leasehold,Non Bumi Lot,High,Selangor,Zenith Residences,South Malaysia Industries (SMI),Petaling Jaya
103725019,490000,900.0,3.0,2.0,1.0,8,1,1,1,1,1,1,0,2016.0,10.0,,472.0,1066.0,1,1,1,0,1,0,1,Condominium,Leasehold,Bumi Lot,High,Kuala Lumpur,Residensi Kerinchi,Suez Capital Sdn Bhd,Kuala Lumpur
103800828,196000,650.0,3.0,1.0,1.0,2,0,0,0,0,0,0,0,,,,,522.0,0,0,0,0,1,1,0,Flat,Leasehold,Non Bumi Lot,Low,Johor,Taman Seri Orkid,Unknown,Skudai
103639616,280000,717.0,1.0,1.0,1.0,9,1,0,1,1,1,1,0,,,11.0,,635.0,1,1,0,1,1,0,0,Condominium,Freehold,Non Bumi Lot,Unknown,Kuala Lumpur,Prisma Cheras,Unknown,Kuala Lumpur
103086296,150000,527.0,2.0,1.0,1.0,1,0,0,0,0,0,0,0,,,5.0,,194.0,0,0,0,0,0,0,0,Apartment,Leasehold,Non Bumi Lot,Unknown,Selangor,Kemboja Apartment,Unknown,Ampang
102986746,255000,755.0,3.0,2.0,1.0,0,0,0,0,0,0,0,0,2010.0,16.0,14.0,336.0,554.0,0,0,0,0,0,0,0,Condominium,Freehold,Non Bumi Lot,Unknown,Kuala Lumpur,Ketumbar Heights,Mahajaya Berhad,Kuala Lumpur
90492002,240000,907.0,3.0,2.0,1.0,7,1,0,0,0,0,1,0,2005.0,21.0,20.0,606.0,1201.0,1,1,0,1,1,0,0,Condominium,Leasehold,Non Bumi Lot,Medium,Selangor,Juta Mines,Galian Juta Property,Seri Kembangan
102928282,368000,1238.0,3.0,2.0,1.0,10,0,0,0,0,0,0,0,,,14.0,319.0,312.0,1,1,0,1,1,0,0,Apartment,Freehold,Non Bumi Lot,Medium,Johor,Danga View Apartment,Ekovest Berhad,Skudai
102661858,345000,636.0,1.0,1.0,1.0,9,0,0,0,0,0,0,0,,,,,404.0,0,0,0,1,0,1,0,Condominium,Freehold,Non Bumi Lot,Low,Selangor,Shaftsbury Residence,Shaftsbury Capital Sdn Bhd,Cyberjaya
99095036,500000,1453.0,3.0,3.0,4.0,0,0,0,0,0,0,0,0,,,,,760.0,0,0,0,0,0,1,0,Condominium,Freehold,Non Bumi Lot,Medium,Penang,Metropol,Ramana Property Sdn Bhd,Bukit Mertajam
103745367,365000,1152.0,3.0,2.0,1.0,6,1,1,0,1,1,1,0,2005.0,21.0,19.0,292.0,1107.0,1,1,0,0,1,0,1,Apartment,Leasehold,Non Bumi Lot,Medium,Kuala Lumpur,Zamrud Apartment,TPPT Sdn. Bhd.,Kuala Lumpur
102285256,310000,900.0,3.0,2.0,1.0,5,1,0,1,0,1,1,0,,,12.0,,971.0,1,1,0,1,1,0,1,Condominium,Freehold,Non Bumi Lot,Low,Selangor,Saraka Apartment,Unknown,Puchong
101747814,449000,1207.0,4.0,2.0,1.0,10,1,0,0,0,1,1,0,2013.0,13.0,18.0,250.0,331.0,1,1,1,1,1,0,0,Service Residence,Leasehold,Non Bumi Lot,Medium,Kuala Lumpur,Astana Lumayan,Danau Lumayan Sdn Bhd,Kuala Lumpur
103800507,420000,650.0,2.0,2.0,1.0,11,1,1,1,0,1,1,0,,,,,1339.0,1,1,1,1,1,1,1,Service Residence,Freehold,Non Bumi Lot,Unknown,Kuala Lumpur,Kenwingston Platz,Kenwingston Group,Kuala Lumpur
103800505,185000,678.0,3.0,2.0,1.0,3,0,0,0,0,0,1,0,,,,,551.0,0,1,0,0,1,0,0,Apartment,Freehold,Bumi Lot,Low,Selangor,Pangsapuri Tun Teja 1 @ Alam Impian,Unknown,Shah Alam
103456869,125000,645.0,3.0,1.0,1.0,0,0,0,0,0,0,0,0,,,,,582.0,0,0,0,0,0,0,0,Flat,Leasehold,Non Bumi Lot,Unknown,Sarawak,Taman Suria Jaya (Kuching),Unknown,Kuching
103287676,168000,667.0,3.0,1.0,1.0,0,0,0,0,0,0,0,0,,,,,486.0,0,0,0,0,0,0,0,Apartment,Leasehold,Non Bumi Lot,Unknown,Sarawak,Synergy Square,Unknown,Kuching
103473355,450000,550.0,1.0,1.0,1.0,12,0,0,0,0,0,0,0,2016.0,10.0,35.0,,356.0,1,1,1,1,1,1,0,Service Residence,Freehold,Non Bumi Lot,High,Selangor,YOU Vista @ YOU City Cheras,PJD Group,Cheras
103288790,188000,861.0,3.0,1.0,1.0,0,0,0,0,0,0,0,0,,,,,530.0,0,0,0,0,0,0,0,Apartment,Leasehold,Non Bumi Lot,Unknown,Sarawak,Synergy Square,Unknown,Kuching
103800697,38000,689.0,1.0,1.0,1.0,5,0,0,0,0,0,0,0,,,,,971.0,1,1,1,0,0,1,0,Service Residence,Leasehold,Non Bumi Lot,Medium,Perak,Suria Apartment (Bukit Merah Laketown),Segi Objektif (M) Sdn. Bhd.,Semanggol
103800664,249000,801.0,3.0,2.0,1.0,9,0,0,0,0,0,1,0,,,,,1262.0,1,1,1,0,1,0,0,Apartment,Leasehold,Bumi Lot,Medium,Selangor,Taman Mas Sepang,Unknown,Puchong
103800445,285000,853.0,3.0,2.0,1.0,4,0,0,0,0,0,0,0,2016.0,10.0,,,1377.0,0,1,0,0,1,1,0,Apartment,Freehold,Non Bumi Lot,Low,Selangor,Casa Dahlia,Oriental Interest Bhd,Sepang
103800426,317000,450.0,1.0,1.0,1.0,10,0,1,1,0,0,0,0,2016.0,10.0,32.0,704.0,500.0,1,1,1,1,1,1,0,Service Residence,Leasehold,Non Bumi Lot,High,Selangor,Evo SOHO Suites @ Bandar Baru Bangi,Perbadanan Kemajuan Negeri Selangor (PKNS),Bangi
102881549,240000,953.0,3.0,2.0,1.0,5,0,0,0,0,0,0,0,,,,,549.0,1,1,0,0,0,1,1,Apartment,Freehold,Bumi Lot,Medium,Selangor,Vistana Mahkota,Unknown,Bandar Mahkota Cheras
103800596,470000,1207.0,4.0,2.0,1.0,11,1,0,0,0,1,1,0,2013.0,13.0,18.0,250.0,655.0,1,1,1,1,1,0,1,Service Residence,Leasehold,Non Bumi Lot,Unknown,Kuala Lumpur,Astana Lumayan,Danau Lumayan Sdn Bhd,Kuala Lumpur
103769629,470000,1366.0,4.0,2.0,1.0,7,1,0,0,0,0,1,0,2017.0,9.0,27.0,162.0,702.0,1,1,0,1,1,0,0,Condominium,Leasehold,Bumi Lot,Unknown,Selangor,Elevia Residences,Prima Nova Harta Development,Puchong
100686203,400000,915.0,2.0,2.0,1.0,2,1,1,0,1,1,1,0,1991.0,35.0,4.0,,688.0,0,1,0,0,0,1,0,Condominium,Freehold,Non Bumi Lot,High,Selangor,Lafite Apartment (Subang Jaya),Sime Darby Property Berhad,Subang Jaya
102247309,270000,850.0,3.0,2.0,1.0,10,1,0,0,1,1,1,0,2006.0,20.0,18.0,200.0,1297.0,1,1,1,0,1,1,0,Apartment,Leasehold,Non Bumi Lot,Unknown,Selangor,Mentari Court,Mentari Group,Petaling Jaya
97542049,285000,813.0,3.0,2.0,2.0,10,0,0,0,0,0,0,0,,,,,1367.0,1,1,1,1,1,1,1,Apartment,Freehold,Non Bumi Lot,Unknown,Selangor,Seri Jati Apartment (Shah Alam),SP Setia,Shah Alam
103800557,365000,759.0,2.0,2.0,1.0,12,0,0,0,0,0,0,0,2014.0,12.0,16.0,512.0,1662.0,1,1,1,1,1,0,0,Service Residence,Leasehold,Bumi Lot,Medium,Selangor,Vista Alam Serviced Apartment,Tahap Warisan Sdn Bhd,Shah Alam
103782847,360000,816.0,2.0,2.0,1.0,6,0,1,1,1,1,1,0,2016.0,10.0,22.0,616.0,891.0,1,1,0,1,1,1,0,Service Residence,Freehold,Bumi Lot,Medium,Selangor,V-Residensi 2,B&G Property,Shah Alam
101773854,120000,650.0,3.0,2.0,1.0,5,0,0,0,0,0,0,0,,,,,1221.0,0,1,0,0,1,0,0,Apartment,Leasehold,Non Bumi Lot,Low,Selangor,Seri Pulai,Unknown,Seri Kembangan
103800315,290000,466.0,1.0,1.0,1.0,10,1,1,1,0,1,1,0,,,43.0,956.0,694.0,1,1,1,1,1,1,0,Studio,Freehold,Non Bumi Lot,Medium,Selangor,i-Soho @ i-City,i-Berhad,Shah Alam
96945854,200000,850.0,3.0,2.0,1.0,9,0,1,1,0,1,1,1,2021.0,5.0,,359.0,1082.0,1,1,1,1,1,0,0,Apartment,Leasehold,Non Bumi Lot,Unknown,Selangor,Lagoon Perdana,Wonderful Insights Sdn Bhd,Petaling Jaya
103800495,210000,700.0,3.0,2.0,1.0,7,0,0,0,0,0,0,0,,,,,193.0,1,1,0,0,1,0,0,Apartment,Leasehold,Bumi Lot,High,Selangor,saujana apartment,Unknown,Damansara Damai
96994776,165000,650.0,3.0,2.0,1.0,5,0,0,0,0,0,0,0,,,,,631.0,1,1,1,0,1,0,0,Apartment,Freehold,Non Bumi Lot,Unknown,Kuala Lumpur,Desa Satu,Unknown,Kuala Lumpur
102612263,230000,900.0,3.0,2.0,2.0,7,0,0,0,0,0,0,0,2009.0,17.0,13.0,,77.0,0,1,1,0,1,0,0,Apartment,Leasehold,Bumi Lot,Low,Johor,Larkin Idaman Apartment,Unknown,Johor Bahru
103800488,170000,795.0,3.0,2.0,1.0,4,1,0,0,0,1,0,0,,,5.0,,806.0,0,1,0,0,1,0,0,Apartment,Leasehold,Non Bumi Lot,High,Selangor,Kekwa Apartment,Unknown,Puchong
103556569,280000,904.0,3.0,2.0,1.0,4,0,0,0,0,0,0,0,2007.0,19.0,14.0,454.0,287.0,0,1,0,0,1,1,0,Apartment,Leasehold,Bumi Lot,High,Johor,Bayu Puteri 2,Iskandar Waterfront City Bhd,Johor Bahru
101607682,461000,700.0,3.0,2.0,1.0,8,0,0,0,0,0,0,0,2006.0,20.0,20.0,,1004.0,0,1,1,1,1,0,1,Apartment,Freehold,Non Bumi Lot,High,Penang,Taman Kheng Tian,Belleview Group,Jelutong
103800444,200000,675.0,3.0,2.0,1.0,5,0,0,0,1,1,0,1,,,5.0,912.0,373.0,0,1,0,1,1,0,0,Apartment,Leasehold,Bumi Lot,Unknown,Selangor,Apartment Permai (Damansara Damai),Unknown,Damansara Damai
103800415,198000,850.0,3.0,2.0,1.0,4,0,0,0,0,0,0,0,,,,,285.0,1,1,0,0,1,1,0,Flat,Freehold,Non Bumi Lot,Medium,Johor,Bandar Baru Permas Jaya,Unknown,Permas Jaya
103694256,530000,765.0,2.0,1.0,2.0,13,0,0,0,0,0,0,0,2017.0,9.0,22.0,1343.0,615.0,1,1,1,1,1,0,0,Condominium,Freehold,Non Bumi Lot,Unknown,Penang,Tropicana Bay Residences @ PWC,Tropicana Ivory Sdn. Bhd.,Bayan Lepas
103800277,1350000,2766.0,4.0,3.0,1.0,1,0,0,0,0,0,0,0,,,,,1238.0,0,0,0,0,1,0,0,Duplex,Leasehold,Malay Reserved,Low,Selangor,"Taman Desaria Indah, Batu Caves",Unknown,Batu Caves
103800269,370000,857.0,2.0,2.0,2.0,2,0,1,0,0,0,0,0,2017.0,9.0,27.0,608.0,269.0,0,1,1,0,0,1,1,Service Residence,Freehold,Non Bumi Lot,Unknown,Selangor,Amerin Residence,One Amerin Residence Sdn Bhd,Kajang
100170696,210000,800.0,3.0,2.0,1.0,4,0,0,0,0,0,0,0,,,,,793.0,0,1,0,0,1,0,1,Apartment,Leasehold,Bumi Lot,Low,Unknown,Unknown,Unknown,Unknown
99703737,420000,554.0,2.0,1.0,1.0,3,0,0,0,0,0,0,0,,,,,770.0,0,1,1,0,0,0,1,Service Residence,Freehold,Non Bumi Lot,High,Unknown,Unknown,Unknown,Unknown
99703732,1200000,2400.0,5.0,4.0,2.0,6,0,0,0,0,0,0,0,2015.0,11.0,33.0,540.0,759.0,1,1,0,0,1,0,1,Condominium,Freehold,Non Bumi Lot,High,Selangor,Windows on The Park,Selangor Dredging Berhad,Cheras
98005496,290000,1200.0,3.0,2.0,1.0,5,0,0,0,0,0,0,0,,,,228.0,544.0,1,1,0,1,1,0,1,Service Residence,Leasehold,Bumi Lot,Medium,Selangor,Mutiara Residence,Unknown,Seri Kembangan
103800393,220000,657.0,3.0,1.0,1.0,3,0,0,0,0,0,0,0,,,,,959.0,0,0,1,0,1,0,0,Apartment,Freehold,Bumi Lot,Low,Kuala Lumpur,Desa Satu,Unknown,Kuala Lumpur
103800376,330000,1006.0,3.0,2.0,1.0,4,0,0,0,0,0,0,0,2009.0,17.0,13.0,,1030.0,0,1,0,0,1,0,1,Apartment,Leasehold,Non Bumi Lot,Medium,Johor,Larkin Idaman Apartment,Unknown,Johor Bahru
103797239,355000,1173.0,3.0,2.0,1.0,8,1,1,0,0,1,1,0,,,15.0,,1003.0,1,1,0,1,1,0,0,Condominium,Leasehold,Bumi Lot,Low,Selangor,Sri Mahligai,Unknown,Shah Alam
103800219,140000,613.0,3.0,2.0,1.0,0,0,0,0,0,0,0,0,,,,,882.0,0,0,0,0,0,0,0,Apartment,Leasehold,Bumi Lot,Low,Johor,Pangsapuri Jasa,Boustead Holdings Berhad,Johor Bahru
102495242,380000,1200.0,4.0,2.0,1.0,14,0,1,0,0,1,1,1,,,,,610.0,1,1,1,1,1,0,1,Apartment,Leasehold,Non Bumi Lot,Unknown,Selangor,Fortune Park,Dijaya Corporation,Seri Kembangan
102566897,330000,960.0,3.0,2.0,1.0,14,0,1,0,0,1,1,1,,,,,399.0,1,1,1,1,1,0,1,Apartment,Leasehold,Bumi Lot,Unknown,Selangor,Fortune Park,Dijaya Corporation,Seri Kembangan
103619791,143000,657.0,3.0,2.0,1.0,0,1,0,0,0,0,1,0,,,,,935.0,0,0,0,0,0,0,1,Flat,Leasehold,Bumi Lot,Low,Selangor,Taman Permai Indah Flat,Unknown,Pandamaran
103638395,580000,1270.0,3.0,2.0,2.0,8,0,0,0,0,0,0,0,2017.0,9.0,31.0,476.0,304.0,1,1,0,1,1,1,1,Condominium,Freehold,Non Bumi Lot,High,Penang,Gardens Ville,GSD Land (M) Sdn Bhd,Sungai Ara
103336484,460000,1328.0,3.0,2.0,2.0,14,0,0,0,0,0,0,0,,,13.0,,695.0,1,1,1,1,1,1,0,Condominium,Freehold,Non Bumi Lot,Unknown,Penang,Quayside @ Clear Water Bay Butterworth,Welcome Properties Sdn. Bhd.,Butterworth
101813586,395000,1206.0,4.0,2.0,1.0,0,0,0,1,0,1,1,0,,,16.0,384.0,380.0,0,0,0,0,0,0,0,Condominium,Freehold,Non Bumi Lot,Medium,Kuala Lumpur,Ketumbar Hill,Mahajaya Berhad,Kuala Lumpur
103326771,350000,1161.0,3.0,2.0,2.0,9,1,1,0,0,1,1,0,2007.0,19.0,10.0,396.0,786.0,1,1,0,1,1,1,0,Condominium,Freehold,Bumi Lot,Medium,Selangor,Pelangi Heights,Brem Holding Berhad,Klang
102723810,520000,1399.0,3.0,2.0,1.0,5,1,0,0,1,1,1,0,2008.0,18.0,20.0,1400.0,1114.0,1,1,0,1,1,0,0,Condominium,Freehold,Bumi Lot,High,Kuala Lumpur,Seri Maya,Tan & Tan Developments Berhad,Kuala Lumpur
100944653,230000,810.0,3.0,2.0,1.0,2,1,0,0,0,1,1,0,,,5.0,,997.0,0,1,0,0,0,0,1,Apartment,Freehold,Non Bumi Lot,Unknown,Selangor,Sri Cempaka (Bandar Puchong Jaya),Unknown,Puchong
102075617,220000,780.0,3.0,2.0,1.0,6,0,0,0,0,0,1,0,2012.0,14.0,9.0,344.0,844.0,0,1,0,0,1,0,1,Condominium,Leasehold,Non Bumi Lot,Unknown,Selangor,Penaga Mas,Masteron Sdn Bhd,Puchong
103387063,310000,900.0,3.0,2.0,2.0,10,1,0,0,0,0,1,0,2020.0,6.0,,723.0,604.0,1,1,1,1,1,0,0,Apartment,Freehold,Bumi Lot,Medium,Selangor,De Bayu Apartment,Setia Promenade Sdn Bhd (SP Setia),Setia Alam
101843227,260000,800.0,3.0,2.0,1.0,6,1,0,0,1,1,1,0,2006.0,20.0,18.0,200.0,963.0,1,1,0,0,1,0,0,Apartment,Leasehold,Bumi Lot,High,Selangor,Mentari Court,Mentari Group,Petaling Jaya
103800086,145000,650.0,3.0,1.0,1.0,0,0,0,0,0,1,0,0,,,,,382.0,0,0,0,0,0,0,1,Condominium,Freehold,Bumi Lot,High,Selangor,Pangsapuri Teratai (Shah Alam),Unknown,Shah Alam
101177389,728000,1626.0,4.0,3.0,1.0,11,1,0,1,1,1,1,0,2006.0,20.0,36.0,202.0,935.0,1,1,1,1,1,1,1,Condominium,Freehold,Non Bumi Lot,Medium,Kuala Lumpur,The Orion,Swasta Setia Holdings,Kuala Lumpur
103637380,420000,1080.0,3.0,2.0,2.0,3,0,1,1,0,1,1,0,,,17.0,444.0,1450.0,1,1,0,0,0,0,1,Condominium,Leasehold,Bumi Lot,Unknown,Selangor,Alami Residensi,Worlwide Holdings,Shah Alam
103340846,135000,1010.0,3.0,2.0,1.0,0,0,0,0,0,0,0,0,,,,,533.0,0,0,0,0,0,0,0,Apartment,Leasehold,Non Bumi Lot,Low,Sarawak,Synergy Square,Unknown,Kuching
102890567,148000,1101.0,3.0,2.0,1.0,0,0,0,0,0,0,0,0,,,,,533.0,0,0,0,0,0,0,0,Flat,Leasehold,Non Bumi Lot,Unknown,Sarawak,Matang Jaya,Unknown,Kuching
103356373,165000,548.0,1.0,1.0,1.0,0,0,0,0,0,0,0,0,,,,,556.0,0,0,0,0,0,0,0,Service Residence,Leasehold,Non Bumi Lot,Unknown,Sarawak,Papillon Street Mall,MJC City Development Sdn Bhd,Kuching
102624135,295000,856.0,3.0,2.0,1.0,2,0,0,0,0,0,0,0,,,4.0,40.0,818.0,1,1,0,0,0,1,0,Apartment,Freehold,Non Bumi Lot,Medium,Kuala Lumpur,Pesona Villa (Taman Melawati),Unknown,Kuala Lumpur
101979448,250000,633.0,3.0,2.0,1.0,2,0,0,0,0,0,0,0,,,4.0,,378.0,0,1,0,0,0,0,0,Apartment,Leasehold,Non Bumi Lot,Unknown,Sarawak,Samajaya Apartment,Unknown,Kuching
103800186,355000,1173.0,3.0,2.0,1.0,5,1,1,0,0,1,1,0,,,15.0,,1058.0,1,1,0,0,1,0,0,Condominium,Leasehold,Bumi Lot,Low,Selangor,Sri Mahligai,Unknown,Shah Alam
102470557,1450000,1200.0,3.0,2.0,2.0,7,0,0,0,0,0,0,0,2022.0,4.0,,450.0,404.0,1,1,1,1,1,0,0,Condominium,Freehold,Non Bumi Lot,Medium,Penang,Queens Residences @ Queens Waterfront,Ideal Property Group,Bayan Lepas
101058327,345000,786.0,3.0,2.0,1.0,8,0,0,0,0,0,0,0,2007.0,19.0,22.0,816.0,510.0,1,1,0,1,1,0,1,Condominium,Freehold,Non Bumi Lot,High,Penang,Asia Heights,Asia Green Group,Ayer Itam
102858673,288000,654.0,3.0,1.0,1.0,0,0,0,0,0,0,0,0,2014.0,12.0,38.0,554.0,573.0,0,0,0,0,0,1,0,Apartment,Freehold,Non Bumi Lot,High,Penang,Taman Bukit Erskine,Ivory Properties Group Sdn Bhd,Tanjong Tokong
103171068,328000,1442.0,4.0,3.0,1.0,0,0,0,0,0,0,0,0,,,,,598.0,0,0,0,0,0,0,0,Condominium,Freehold,Non Bumi Lot,Unknown,Perak,Crystal Creek Resort,AM-EL Group,Taiping
101620117,150000,667.0,3.0,1.0,1.0,0,0,0,0,0,0,0,0,,,,,677.0,0,0,0,0,0,0,0,Apartment,Freehold,Bumi Lot,Unknown,Selangor,Pangsapuri Seri Jati,Unknown,Puchong
99466790,160000,670.0,3.0,2.0,1.0,1,0,0,0,0,0,0,0,,,5.0,950.0,770.0,0,1,0,0,0,0,1,Flat,Freehold,Non Bumi Lot,Unknown,Selangor,Sri Begonia,Unknown,Puchong
103800023,530000,1207.0,3.0,2.0,1.0,8,1,0,0,0,1,1,0,2013.0,13.0,18.0,250.0,996.0,1,1,1,0,1,1,0,Service Residence,Leasehold,Bumi Lot,Medium,Kuala Lumpur,Astana Lumayan,Danau Lumayan Sdn Bhd,Kuala Lumpur
101051045,750000,1173.0,3.0,2.0,2.0,9,1,1,0,1,0,1,0,2022.0,4.0,26.0,727.0,1055.0,1,1,1,1,1,1,0,Condominium,Leasehold,Non Bumi Lot,Medium,Selangor,AraTre' Residences,Puncakdana Development Sdn Bhd,Petaling Jaya
103133327,230000,680.0,3.0,1.0,1.0,3,0,0,0,0,0,0,0,,,,,377.0,0,0,1,0,1,0,1,Apartment,Freehold,Non Bumi Lot,Unknown,Penang,Dafe Court,Unknown,Bukit Jambul
103427084,400000,1386.0,4.0,3.0,2.0,12,0,0,0,0,0,0,0,2013.0,13.0,20.0,899.0,923.0,1,1,1,1,1,1,1,Condominium,Leasehold,Non Bumi Lot,Unknown,Selangor,One Damansara,MK Land Holdings,Petaling Jaya
103604739,250000,882.0,3.0,2.0,1.0,7,0,0,0,0,0,0,0,1996.0,30.0,31.0,360.0,412.0,1,1,1,1,1,0,1,Condominium,Freehold,Non Bumi Lot,Low,Penang,Bukit Awana Condominium,Unknown,Ayer Itam
103345702,1818000,2300.0,4.0,4.0,2.0,9,0,0,0,0,0,0,0,1999.0,27.0,22.0,79.0,384.0,1,1,1,1,1,0,0,Condominium,Freehold,Non Bumi Lot,Low,Penang,Sri Golden Bay,giant resorts (tanjung) sdn bhd,Tanjung Bungah
93105447,319000,850.0,3.0,2.0,2.0,3,0,0,0,0,0,0,0,,,,960.0,2125.0,0,1,0,0,0,1,0,Apartment,Freehold,Bumi Lot,High,Selangor,Masreca n19eteen (Masreca-19),Sterling Group,Cyberjaya
102732863,275000,850.0,3.0,2.0,1.0,0,0,0,0,0,0,0,0,2008.0,18.0,16.0,196.0,926.0,0,0,0,0,0,0,0,Apartment,Leasehold,Bumi Lot,Medium,Johor,Kipark,KIP Group,Johor Bahru
101691323,340000,989.0,3.0,2.0,1.0,2,0,0,0,0,0,0,0,2017.0,9.0,2.0,669.0,1168.0,0,0,0,0,0,1,0,Service Residence,Freehold,Non Bumi Lot,Medium,Selangor,Almyra Residences,IOI Properties Group Berhad,Bangi
92444547,140000,810.0,3.0,2.0,1.0,0,0,0,0,0,0,0,0,,,,,334.0,0,0,0,0,0,0,1,Flat,Leasehold,Bumi Lot,Medium,Selangor,Taman Impian Warisan Flat,Unknown,Hulu Langat
102892183,399000,708.0,2.0,2.0,1.0,7,0,0,0,0,0,0,0,2014.0,12.0,,177.0,98.0,1,1,0,1,1,0,0,Condominium,Freehold,Non Bumi Lot,Medium,Pahang,"Swiss-Garden Resort Residences, Kuantan",Swiss Garden Group,Kuantan
102866510,275000,799.0,2.0,2.0,1.0,0,0,0,0,0,0,0,0,,,,,113.0,0,0,0,0,0,0,0,Apartment,Freehold,Non Bumi Lot,Medium,Terengganu,Baiduri Apartment (Kijal),Unknown,Kijal
102834051,270000,768.0,1.0,1.0,1.0,10,0,0,0,0,0,0,0,,,,,155.0,1,1,1,1,1,0,0,Apartment,Leasehold,Non Bumi Lot,Low,Pahang,Kuantan Tembeling Resort,Unknown,Kuantan
103800047,263000,600.0,3.0,1.0,2.0,4,1,1,0,0,0,0,0,,,,,707.0,0,0,0,0,1,0,1,Apartment,Leasehold,Bumi Lot,Medium,Kuala Lumpur,Kelumpuk Melati,Unknown,Kuala Lumpur
102490710,272000,777.0,1.0,1.0,2.0,12,0,0,0,0,0,0,0,2016.0,10.0,21.0,336.0,2493.0,1,1,1,1,1,0,0,Condominium,Leasehold,Non Bumi Lot,Medium,Selangor,Simfoni 1,SSH Group,Semenyih
101998454,520000,1258.0,3.0,2.0,1.0,7,0,0,0,0,0,0,0,2007.0,19.0,16.0,529.0,548.0,1,1,1,1,1,1,1,Condominium,Freehold,Non Bumi Lot,Low,Penang,Regency Heights Condo,Palmex Industries Sdn Bhd (IOI Group),Sungai Ara
100891027,300000,610.0,1.0,1.0,1.0,10,1,0,0,1,1,1,1,2009.0,17.0,19.0,312.0,859.0,1,1,1,1,1,1,0,Condominium,Leasehold,Non Bumi Lot,Unknown,Kuala Lumpur,Pertama Residency,Evolusi Bina (a subsidiary of SM Land Group),Kuala Lumpur
103799861,225000,657.0,3.0,1.0,1.0,0,0,0,0,0,0,0,0,,,5.0,,313.0,0,0,0,0,0,0,0,Apartment,Freehold,Bumi Lot,Low,Selangor,Pangsapuri Seroja @ Setia Alam,Unknown,Shah Alam
103799972,400000,792.0,2.0,2.0,1.0,11,0,0,0,0,0,1,0,2018.0,8.0,,280.0,708.0,1,1,1,1,1,1,0,Service Residence,Freehold,Non Bumi Lot,Unknown,Selangor,Gravit8,Mitraland Group,Port Klang
103799949,239000,603.0,3.0,1.0,1.0,3,1,1,0,1,1,1,0,,,,,652.0,0,0,1,0,0,0,0,Apartment,Leasehold,Non Bumi Lot,High,Kuala Lumpur,Putra Ria Apartment,Unknown,Kuala Lumpur
103799934,268000,906.0,3.0,2.0,1.0,8,0,0,0,0,0,0,0,2006.0,20.0,21.0,565.0,778.0,1,1,0,1,1,1,0,Apartment,Leasehold,Non Bumi Lot,Medium,Johor,Bayu Puteri 3,Must Ehsan Development Sdn Bhd,Johor Bahru
103647935,168000,700.0,2.0,1.0,1.0,0,1,0,0,0,0,1,0,,,,,245.0,0,0,0,0,0,0,0,Apartment,Freehold,Non Bumi Lot,Low,Kuala Lumpur,Taman Desa Cheras,Unknown,Kuala Lumpur
102523624,288000,464.0,1.0,1.0,1.0,8,1,1,1,0,1,1,0,,,43.0,956.0,1199.0,1,1,1,1,1,1,0,Condominium,Freehold,Non Bumi Lot,Medium,Selangor,i-Soho @ i-City,i-Berhad,Shah Alam
96037286,350000,1009.0,3.0,2.0,2.0,11,1,0,0,0,1,1,0,2017.0,9.0,36.0,1338.0,796.0,1,1,1,1,1,0,0,Service Residence,Leasehold,Non Bumi Lot,High,Kuala Lumpur,Maxim Citilights,Meridian Maxim Sdn Bhd,Kuala Lumpur
103743921,190000,656.0,3.0,2.0,1.0,4,0,0,0,0,0,0,0,,,,,473.0,0,0,0,0,1,0,0,Apartment,Freehold,Non Bumi Lot,High,Selangor,Pangsapuri Palma Botanik,Unknown,Klang
103799785,290000,850.0,3.0,2.0,1.0,4,1,0,0,0,0,0,0,2005.0,21.0,7.0,120.0,1268.0,0,1,0,0,1,0,0,Apartment,Leasehold,Non Bumi Lot,Medium,Selangor,Seri Galaksi Apartment,Unknown,Shah Alam
103799775,900000,1432.0,3.0,2.0,1.0,10,0,0,0,0,0,0,0,,,,684.0,375.0,1,1,1,1,1,0,0,Condominium,Freehold,Non Bumi Lot,High,Sarawak,Tribeca,Unknown,Kuching
103138503,350000,1080.0,3.0,2.0,2.0,6,0,0,0,0,0,0,0,,,12.0,,512.0,1,1,1,0,1,0,1,Apartment,Freehold,Non Bumi Lot,Medium,Penang,Taman Kumbar Permai,Unknown,Teluk Kumbar
103799888,355000,614.0,1.0,1.0,1.0,7,0,0,0,0,0,0,0,2015.0,11.0,11.0,488.0,335.0,1,1,1,1,1,0,1,Condominium,Freehold,Non Bumi Lot,Low,Johor,Impiana @ East Ledang,UEM Sunrise Berhad,Iskandar Puteri
102636168,395000,810.0,2.0,2.0,1.0,10,0,0,0,0,0,0,0,2004.0,22.0,27.0,,413.0,1,1,1,1,1,0,1,Condominium,Freehold,Non Bumi Lot,Unknown,Penang,Coastal Tower,Taman Ratu Sdn Bhd,Tanjung Bungah
102912123,400000,422.0,1.0,1.0,2.0,5,0,0,0,0,0,0,0,2018.0,8.0,,,168.0,1,1,1,1,0,0,0,Service Residence,Leasehold,Non Bumi Lot,Medium,Pahang,Kuantan Waterfront Resort City,Bina Puri Holdings Bhd,Kuantan
102090875,198000,743.0,3.0,2.0,1.0,3,0,0,0,0,0,0,0,2009.0,17.0,13.0,,769.0,0,1,0,0,1,0,0,Apartment,Leasehold,Bumi Lot,Medium,Johor,Larkin Idaman Apartment,Unknown,Johor Bahru
96926980,345000,430.0,2.0,2.0,1.0,1,1,1,1,1,1,1,0,2021.0,5.0,,,855.0,0,0,0,0,0,0,0,Service Residence,Freehold,Non Bumi Lot,Unknown,Kuala Lumpur,Neu Suites,Titijaya Land Berhad,Kuala Lumpur
94156074,400000,979.0,3.0,2.0,2.0,7,1,1,0,1,1,1,0,2015.0,11.0,24.0,675.0,742.0,1,1,0,1,1,1,0,Service Residence,Leasehold,Non Bumi Lot,Unknown,Selangor,Univ 360 Place,F3 Capital,Seri Kembangan
103605804,207000,1022.0,3.0,2.0,1.0,0,0,0,0,0,0,0,0,,,,,366.0,0,0,0,0,0,0,0,Condominium,Freehold,Non Bumi Lot,Unknown,Selangor,Idaman Abadi Tropicana Heights,Unknown,Kajang
95804478,580000,1349.0,3.0,1.0,1.0,8,0,0,0,0,0,0,0,,,,,579.0,1,1,1,1,1,1,0,Condominium,Freehold,Non Bumi Lot,Unknown,Unknown,Unknown,Unknown,Unknown
99993197,485000,1100.0,3.0,2.0,1.0,9,0,0,0,0,0,0,0,,,,109.0,585.0,1,1,1,1,1,0,0,Condominium,Leasehold,Non Bumi Lot,Medium,Sabah,One Sulaman,Unknown,Kota Kinabalu
100997471,295000,738.0,3.0,2.0,1.0,5,0,0,0,0,0,0,0,,,,,585.0,1,1,0,0,1,1,0,Apartment,Leasehold,Non Bumi Lot,Low,Sabah,Millennium Residency,Unknown,Kota Kinabalu
101332667,170000,810.0,3.0,2.0,1.0,2,0,0,0,0,0,0,0,,,,,320.0,0,0,0,0,1,0,0,Flat,Leasehold,Bumi Lot,Medium,Selangor,Taman Impian Warisan Flat,Unknown,Hulu Langat
103571765,205000,786.0,3.0,2.0,1.0,0,1,0,0,0,0,1,0,,,,,939.0,0,0,0,0,0,0,0,Apartment,Freehold,Non Bumi Lot,Medium,Selangor,Seri Palma,Unknown,Shah Alam
103179658,128000,657.0,3.0,2.0,1.0,0,1,0,1,0,0,1,0,,,5.0,,1064.0,0,0,0,0,0,0,0,Flat,Freehold,Non Bumi Lot,Low,Selangor,Sri Angkasa Apartment (Klang),Unknown,Klang
103169616,115000,657.0,3.0,2.0,1.0,0,1,0,1,0,0,1,0,,,5.0,,1034.0,0,0,0,0,0,0,0,Flat,Freehold,Non Bumi Lot,Medium,Selangor,Sri Angkasa Apartment (Klang),Unknown,Klang
98421954,270000,850.0,3.0,2.0,1.0,7,0,0,0,0,0,0,0,,,,,761.0,0,1,1,0,1,0,0,Apartment,Freehold,Bumi Lot,Low,Selangor,Vista Seri Putra Apartments,UMLand,Bangi
103690827,499000,1200.0,3.0,3.0,2.0,14,0,0,0,0,0,0,0,,,,,592.0,1,1,1,1,1,1,0,Condominium,Freehold,Non Bumi Lot,High,Putrajaya,Putrajaya,Unknown,Putrajaya
103799666,318000,973.0,3.0,2.0,1.0,5,0,0,0,0,0,0,0,2015.0,11.0,,352.0,481.0,1,1,0,1,1,1,0,Condominium,Leasehold,Non Bumi Lot,Medium,Johor,Scott Towers @ Larkin JB,Andaman Group,Johor Bahru
99994813,450000,870.0,3.0,2.0,2.0,9,0,0,0,0,0,0,0,2016.0,10.0,29.0,391.0,583.0,1,1,1,1,1,1,0,Service Residence,Leasehold,Non Bumi Lot,Medium,Sabah,Ashton Tower,SCP Group,Kota Kinabalu
102919558,500000,1066.0,2.0,2.0,1.0,0,0,0,0,0,0,0,0,,,,,520.0,0,0,0,0,0,1,0,Service Residence,Leasehold,Non Bumi Lot,Medium,Sabah,Elemen Utara KK,Unknown,Kota Kinabalu
103721778,260000,732.0,1.0,1.0,1.0,8,0,0,0,0,0,0,0,2000.0,26.0,18.0,752.0,269.0,1,1,1,1,1,0,0,Condominium,Freehold,Non Bumi Lot,Medium,Kuala Lumpur,Endah Ria,Soon Tiek Development & PJ Development,Kuala Lumpur
103799725,340000,850.0,3.0,2.0,2.0,5,1,0,0,0,1,0,0,,,15.0,,1087.0,0,1,1,0,1,1,0,Apartment,Leasehold,Non Bumi Lot,Medium,Selangor,Seri Atria,Worldwide Holdings,Shah Alam
103799624,119000,650.0,3.0,2.0,1.0,5,0,0,0,0,0,0,0,,,,,642.0,0,1,0,0,1,0,0,Flat,Leasehold,Bumi Lot,High,Selangor,Flat Pangsa Impian,Unknown,Bandar Saujana Putra
103799634,370000,858.0,3.0,2.0,1.0,6,1,1,1,1,0,1,0,2007.0,19.0,24.0,299.0,1241.0,1,1,0,0,1,1,1,Apartment,Leasehold,Non Bumi Lot,Medium,Selangor,Permai Puteri,Permai Syukur Sdn. Bhd.,Ampang
103799710,430000,1039.0,3.0,2.0,1.0,4,1,1,0,1,1,1,0,,,5.0,,1171.0,0,1,0,0,1,0,0,Apartment,Freehold,Non Bumi Lot,Low,Selangor,Goodyear Court 8,Bina Goodyear Group,Subang Jaya
103476754,250000,750.0,3.0,2.0,1.0,0,0,0,0,0,0,0,0,,,5.0,,313.0,0,0,0,0,0,0,1,Apartment,Freehold,Non Bumi Lot,High,Selangor,Pangsapuri Sri Kemuning,Unknown,Shah Alam
103729670,260000,750.0,3.0,2.0,1.0,0,0,0,0,0,0,0,0,,,5.0,,312.0,0,0,0,0,0,0,1,Apartment,Freehold,Non Bumi Lot,Low,Selangor,Pangsapuri Sri Kemuning,Unknown,Shah Alam
103435998,175000,750.0,3.0,2.0,1.0,0,0,0,0,0,0,0,0,,,5.0,,298.0,0,0,0,0,0,0,0,Apartment,Freehold,Non Bumi Lot,High,Selangor,Pangsapuri Sri Kemuning,Unknown,Shah Alam
102131418,210000,816.0,3.0,2.0,1.0,3,0,0,0,0,0,0,0,,,,,660.0,0,0,1,0,1,0,0,Apartment,Leasehold,Bumi Lot,Medium,Selangor,Taman Tun Teja,Unknown,Rawang
94769062,206500,688.0,2.0,1.0,1.0,0,0,0,0,0,0,0,0,,,,,747.0,0,0,0,0,0,0,0,Service Residence,Freehold,Non Bumi Lot,Medium,Melaka,Ambience Residence,Unknown,Klebang
103715387,218000,650.0,3.0,2.0,1.0,3,0,0,0,0,0,0,0,,,,,373.0,0,1,1,0,0,1,0,Apartment,Leasehold,Non Bumi Lot,Unknown,Penang,Idaman Seroja,Koperasi Tunas Muda,Sungai Ara
103248527,770000,1345.0,4.0,2.0,2.0,12,0,0,0,0,0,0,0,2016.0,10.0,17.0,91.0,261.0,1,1,1,1,1,0,0,Condominium,Freehold,Non Bumi Lot,Unknown,Penang,Straits Garden Residence @ Jelutong,Tambun Indah Land Berhad,Jelutong
103622587,220000,590.0,2.0,1.0,1.0,3,0,0,0,0,0,0,0,,,,,359.0,0,0,0,0,0,0,1,Flat,Freehold,Non Bumi Lot,Unknown,Penang,Taman Lip Sin Block 33 & 35,Unknown,Bayan Lepas
98061891,235000,450.0,2.0,1.0,1.0,11,0,0,0,0,0,0,0,,,,,405.0,1,1,1,1,1,0,0,Condominium,Leasehold,Non Bumi Lot,Medium,Unknown,Unknown,Unknown,Unknown
102605802,477100,600.0,2.0,1.0,1.0,14,1,0,0,0,1,1,0,2009.0,17.0,22.0,800.0,519.0,1,1,1,1,1,0,0,Studio,Leasehold,Non Bumi Lot,Medium,Kuala Lumpur,Solaris Dutamas,UEM Sunrise Berhad,Kuala Lumpur
102992622,790000,1800.0,4.0,3.0,3.0,14,0,0,0,0,0,0,0,,,,,345.0,1,1,1,1,1,0,0,Duplex,Leasehold,Non Bumi Lot,Medium,Kuala Lumpur,Solaris Duplex Suites KL Mont Kiara,Unknown,Kuala Lumpur
101332733,180000,810.0,3.0,2.0,1.0,3,0,0,0,0,0,0,0,,,,,319.0,0,0,0,0,1,0,0,Flat,Leasehold,Bumi Lot,Low,Selangor,Taman Impian Warisan Flat,Unknown,Hulu Langat
99829674,250000,853.0,3.0,2.0,2.0,5,0,0,0,0,0,0,0,2016.0,10.0,,,705.0,0,1,1,0,1,0,0,Apartment,Freehold,Bumi Lot,High,Selangor,Casa Dahlia,Oriental Interest Bhd,Sepang
103677020,135000,678.0,3.0,2.0,1.0,0,0,0,0,0,0,0,0,,,,,707.0,0,0,0,0,0,0,1,Flat,Freehold,Bumi Lot,Medium,Selangor,Bandar Teknologi Kajang Flat,Unknown,Semenyih
101332527,275000,853.0,3.0,2.0,2.0,6,0,0,0,0,0,0,0,2016.0,10.0,,,394.0,0,1,1,0,1,0,1,Apartment,Freehold,Bumi Lot,Medium,Selangor,Casa Dahlia,Oriental Interest Bhd,Sepang
102134644,165000,650.0,3.0,1.0,1.0,1,0,0,1,1,0,1,0,,,5.0,,711.0,0,0,0,0,1,0,0,Flat,Leasehold,Non Bumi Lot,High,Selangor,Pandan Indah Flat (Rumah Pangsa 610),Unknown,Ampang
102891064,390000,905.0,3.0,2.0,1.0,2,0,0,0,0,0,0,0,1999.0,27.0,5.0,20.0,399.0,0,0,1,0,0,1,0,Apartment,Freehold,Non Bumi Lot,Medium,Penang,Jambul Court,Unknown,Bukit Jambul
103799520,235000,966.0,3.0,2.0,1.0,0,0,0,0,0,0,0,0,,,,,526.0,0,0,0,0,0,1,0,Apartment,Leasehold,Non Bumi Lot,Low,Johor,Taman Desa Kempas,Unknown,Tampoi
102860101,380000,956.0,3.0,2.0,1.0,14,0,0,0,0,0,0,0,,,19.0,392.0,1102.0,1,1,1,1,1,0,1,Condominium,Freehold,Bumi Lot,High,Selangor,Villa Park,VILLAMAS GROUP OF COMPANIES,Seri Kembangan
103799518,420000,700.0,3.0,2.0,1.0,5,0,0,0,0,0,0,0,2000.0,26.0,12.0,,117.0,0,1,1,0,1,1,1,Apartment,Freehold,Non Bumi Lot,Medium,Penang,Taman Lembah Hijau Block 3,Unknown,George Town
103799498,450000,850.0,2.0,2.0,1.0,9,0,0,0,0,0,0,0,,,,,200.0,1,1,1,1,1,0,0,Apartment,Freehold,Bumi Lot,Medium,Johor,D’lagoon Luxury apartment by The Lake,Unknown,Tebrau
103799494,420000,975.0,3.0,2.0,2.0,10,0,0,0,0,0,0,0,2013.0,13.0,29.0,372.0,306.0,1,1,1,1,1,0,0,Condominium,Freehold,Non Bumi Lot,Medium,Selangor,Mutiara Ville @ Cyberjaya,Seri Mutiara Development Sdn Bhd,Cyberjaya
98058544,160000,606.0,3.0,1.0,1.0,2,0,0,0,0,0,0,0,,,,,18.0,0,1,0,0,0,0,0,Apartment,Leasehold,Bumi Lot,High,Selangor,Rista Villa Apartment,Unknown,Puchong
102033548,215000,657.0,3.0,2.0,1.0,1,1,0,0,1,1,1,0,,,,,649.0,0,0,0,0,1,0,0,Flat,Leasehold,Non Bumi Lot,Medium,Kuala Lumpur,Bandar Tasik Selatan (Low Cost),Unknown,Kuala Lumpur
103799441,250000,860.0,3.0,2.0,1.0,3,0,0,0,0,1,1,0,,,5.0,,602.0,0,1,0,0,1,0,0,Condominium,Freehold,Non Bumi Lot,High,Selangor,Pangsapuri Cendana,Unknown,Shah Alam
103799200,295000,1000.0,4.0,2.0,1.0,6,0,0,0,0,0,0,0,,,,,1358.0,1,1,1,0,1,1,0,Apartment,Freehold,Non Bumi Lot,Low,Johor,Nusa Perdana Service Apartment,Unknown,Gelang Patah
103799199,520000,1165.0,3.0,2.0,2.0,10,0,0,0,0,0,0,0,2021.0,5.0,,406.0,718.0,1,1,1,1,1,1,1,Condominium,Freehold,Non Bumi Lot,Unknown,Penang,The Golden Triangle,GSV Development Sdn Bhd,Relau
103799194,125000,775.0,3.0,2.0,1.0,1,0,0,0,0,0,0,0,,,,,538.0,0,1,0,0,0,0,0,Flat,Leasehold,Bumi Lot,Medium,Selangor,Pangsapuri Kajang Perdana,Unknown,Kajang
103799413,350000,1000.0,3.0,2.0,2.0,4,1,0,0,0,0,0,0,,,16.0,,644.0,1,1,0,0,0,0,1,Apartment,Freehold,Bumi Lot,Medium,Selangor,Pangsapuri Seruling,Sime Darby Property Bhd,Bandar Bukit Raja
103799391,200000,721.0,3.0,1.0,1.0,4,0,0,0,0,0,0,0,,,,,521.0,0,0,1,0,1,1,0,Apartment,Freehold,Bumi Lot,Medium,Negeri Sembilan,Desa Jati Apartment,Unknown,Nilai
103799389,180000,775.0,3.0,2.0,1.0,4,0,0,0,0,0,0,0,,,7.0,,194.0,1,1,1,0,0,0,0,Apartment,Leasehold,Non Bumi Lot,Medium,Melaka,Kiara Apartment,Unknown,Bukit Baru
103799170,470000,975.0,3.0,2.0,2.0,8,1,0,0,0,0,0,0,2018.0,8.0,42.0,916.0,464.0,1,1,1,1,1,0,0,Service Residence,Leasehold,Non Bumi Lot,Unknown,Selangor,LakePark Residence @ KL North,JL99 Group,Selayang
103799168,663000,1382.0,3.0,2.0,3.0,8,0,0,0,0,0,0,0,2018.0,8.0,,224.0,593.0,1,1,1,1,1,1,0,Duplex,Freehold,Non Bumi Lot,Unknown,Selangor,Amanja Semi-D Suites,Engtex Properties Sdn Bhd,Bandar Sri Damansara
103799162,928000,1508.0,4.0,3.0,2.0,0,0,0,0,0,0,0,0,,,,,350.0,0,0,0,0,0,1,0,Condominium,Freehold,Non Bumi Lot,Unknown,Kuala Lumpur,KM 1 West,Unknown,Kuala Lumpur
103799160,560000,958.0,3.0,2.0,2.0,0,1,1,0,0,1,1,1,2019.0,7.0,45.0,2509.0,773.0,0,0,0,0,0,1,0,Service Residence,Freehold,Non Bumi Lot,Unknown,Kuala Lumpur,United Point Residence @ North Kiara,UOA Group,Kuala Lumpur
103799156,320000,1133.0,3.0,2.0,1.0,7,0,0,0,0,0,0,0,2006.0,20.0,5.0,414.0,472.0,1,1,1,1,1,0,1,Apartment,Leasehold,Non Bumi Lot,Unknown,Selangor,Andari Townvilla,Dergahayu Sdn Bhd,Gombak
103799362,200000,850.0,3.0,2.0,1.0,3,0,0,0,0,0,0,0,,,,,43.0,0,1,1,0,0,0,0,Apartment,Leasehold,Non Bumi Lot,High,Sabah,Taman Permata Apartment (Blok A),Unknown,Sandakan
103799357,580000,1695.0,4.0,3.0,3.0,7,1,1,0,1,0,1,0,2000.0,26.0,11.0,1240.0,782.0,0,1,1,0,1,0,0,Condominium,Freehold,Non Bumi Lot,High,Kuala Lumpur,Arena Green,Berjaya Land,Kuala Lumpur
103799354,330000,850.0,3.0,2.0,2.0,13,0,0,0,0,0,0,0,,,,,687.0,1,1,1,1,1,1,0,Apartment,Freehold,Non Bumi Lot,Medium,Negeri Sembilan,Glory Beach Resort Apartment,Unknown,Port Dickson
103799353,260000,750.0,3.0,2.0,1.0,0,0,0,0,0,0,0,0,,,,,383.0,0,0,0,0,0,0,0,Apartment,Freehold,Non Bumi Lot,Medium,Selangor,De Cendana,Unknown,Setia Alam
101156289,105000,660.0,3.0,2.0,1.0,0,0,0,0,0,0,0,0,,,,,742.0,0,0,0,0,0,0,0,Apartment,Leasehold,Bumi Lot,Unknown,Selangor,Ghazal,Unknown,Balakong
103799341,480000,1000.0,3.0,2.0,2.0,12,0,0,0,0,0,0,0,2020.0,6.0,,,873.0,1,1,1,1,1,0,0,Apartment,Freehold,Non Bumi Lot,Low,Penang,The Rise Collection 3,Zubicon Sdn. Bhd.,George Town
103799336,460000,1181.0,4.0,2.0,2.0,9,1,1,0,1,1,1,0,2010.0,16.0,18.0,608.0,596.0,1,1,1,1,1,0,0,Condominium,Leasehold,Bumi Lot,Low,Kuala Lumpur,Casa Idaman,Billion Horizon Sdn Bhd,Kuala Lumpur
100094465,490000,1300.0,3.0,2.0,1.0,5,1,0,0,1,1,1,0,2008.0,18.0,20.0,1400.0,1067.0,1,1,0,1,1,1,0,Condominium,Freehold,Non Bumi Lot,Unknown,Kuala Lumpur,Seri Maya,Tan & Tan Developments Berhad,Kuala Lumpur
103153518,565000,1095.0,3.0,2.0,1.0,7,0,0,0,0,0,0,0,2016.0,10.0,38.0,434.0,595.0,1,1,0,1,1,1,1,Condominium,Freehold,Non Bumi Lot,Medium,Penang,Setia Pinnacle,Setia Promenade Sdn Bhd (SP Setia),Sungai Ara
103799292,525000,1050.0,2.0,2.0,2.0,11,0,0,0,0,0,0,0,2017.0,9.0,40.0,1360.0,18.0,1,1,1,1,1,0,0,Service Residence,Leasehold,Non Bumi Lot,High,Melaka,Atlantis Residences,Telandan Setia Sdn Bhd,Melaka Tengah
103799289,525000,1050.0,2.0,2.0,2.0,11,0,0,0,0,0,0,0,2017.0,9.0,40.0,1360.0,39.0,1,1,1,1,1,0,0,Service Residence,Leasehold,Non Bumi Lot,High,Melaka,Atlantis Residences,Telandan Setia Sdn Bhd,Melaka Tengah
103406924,650000,1091.0,4.0,3.0,2.0,10,0,0,0,0,0,0,0,2013.0,13.0,30.0,808.0,246.0,1,1,1,1,1,0,0,Condominium,Freehold,Non Bumi Lot,High,Penang,All Seasons Park,Belleview Group,Ayer Itam
102126408,230000,635.0,3.0,1.0,1.0,0,0,0,0,0,0,0,0,2001.0,25.0,5.0,59.0,207.0,0,0,0,0,0,0,0,Flat,Freehold,Non Bumi Lot,Unknown,Penang,Desa Dynaview,Heng Lee Group,Bayan Lepas
71561496,1200000,2883.0,4.0,4.0,2.0,1,0,0,0,0,0,0,0,,,,,2354.0,0,0,0,0,0,0,0,Apartment,Freehold,Non Bumi Lot,Unknown,Kelantan,D'Perdana Apartment,Unknown,Kota Bharu
103084524,180000,751.0,3.0,2.0,1.0,4,1,0,0,0,0,0,0,2003.0,23.0,5.0,,1211.0,0,1,0,0,1,0,0,Apartment,Leasehold,Bumi Lot,High,Selangor,Desa Temenggung,Pembangunan Hasil Makmur Sdn Bhd,Batu Caves
103184119,50000,650.0,3.0,2.0,1.0,0,1,0,0,0,0,0,0,,,,,1306.0,0,0,0,0,0,0,0,Apartment,Freehold,Non Bumi Lot,Low,Selangor,Palma Apartment (Bandar Country Homes),Unknown,Rawang
101525743,370000,1366.0,3.0,2.0,1.0,9,0,0,1,0,0,0,0,2006.0,20.0,20.0,480.0,577.0,1,1,0,1,1,0,0,Condominium,Freehold,Non Bumi Lot,Unknown,Selangor,Greenview Residence,SHL Consolidated Berhad,Kajang
98459491,640000,1100.0,3.0,2.0,2.0,7,0,0,0,0,0,0,0,2021.0,5.0,,410.0,254.0,1,0,0,0,1,1,1,Condominium,Freehold,Non Bumi Lot,Low,Penang,The Amarene @ Ideal Vision Park,Ideal Property Group,Bayan Lepas
98803609,680000,1200.0,3.0,2.0,2.0,7,0,0,0,0,0,0,0,2021.0,5.0,,410.0,249.0,1,0,0,0,1,1,1,Condominium,Freehold,Non Bumi Lot,High,Penang,The Amarene @ Ideal Vision Park,Ideal Property Group,Bayan Lepas
103799117,230000,807.0,3.0,2.0,1.0,0,0,0,0,0,0,0,0,,,,,697.0,0,0,0,0,0,0,0,Apartment,Leasehold,Bumi Lot,Low,Selangor,Pangsapuri Sri Puteri,Unknown,Ampang
103799104,452000,947.0,3.0,2.0,2.0,14,0,0,0,0,0,0,0,,,,,1241.0,1,1,1,1,1,0,0,Condominium,Freehold,Bumi Lot,High,Putrajaya,Putrajaya » Putrajaya,Unknown,Putrajaya
103799096,720000,1155.0,3.0,2.0,2.0,10,0,0,0,0,0,0,0,,,,,555.0,1,1,1,1,1,0,0,Condominium,Freehold,Non Bumi Lot,Unknown,Penang,Novus,Unknown,Bayan Lepas
103798957,220000,992.0,3.0,2.0,1.0,6,0,1,1,0,1,1,1,2021.0,5.0,,359.0,465.0,1,1,1,0,1,0,0,Apartment,Leasehold,Bumi Lot,High,Selangor,Lagoon Perdana,Wonderful Insights Sdn Bhd,Petaling Jaya
103798925,230000,882.0,3.0,2.0,1.0,3,0,0,0,0,0,0,0,,,,,536.0,0,1,1,0,0,0,0,Apartment,Freehold,Non Bumi Lot,Medium,Penang,Pangsapuri Widuri,Unknown,Butterworth
102925263,340000,920.0,3.0,2.0,1.0,7,1,0,0,1,1,1,0,1999.0,27.0,15.0,690.0,653.0,1,1,0,1,1,0,0,Condominium,Leasehold,Bumi Lot,Unknown,Kuala Lumpur,Bayu Tasik 1,PPC Glomac Sdn. Bhd.,Kuala Lumpur
103445026,235000,870.0,3.0,2.0,1.0,4,0,0,0,0,0,0,0,,,5.0,,763.0,0,1,0,0,1,0,0,Apartment,Leasehold,Bumi Lot,High,Selangor,Pangsapuri Subang Impian,Unknown,Shah Alam
103799072,530000,1276.0,3.0,2.0,2.0,14,0,0,0,0,0,0,0,2016.0,10.0,35.0,,700.0,1,1,1,1,1,1,0,Service Residence,Freehold,Non Bumi Lot,Medium,Selangor,YOU Vista @ YOU City Cheras,PJD Group,Cheras
103799060,295000,533.0,1.0,1.0,2.0,11,0,0,0,0,0,0,0,2016.0,10.0,35.0,,679.0,1,1,1,1,1,1,0,Service Residence,Freehold,Non Bumi Lot,High,Selangor,YOU Vista @ YOU City Cheras,PJD Group,Cheras
103799059,542888,1276.0,3.0,2.0,2.0,10,0,0,0,0,0,0,0,2016.0,10.0,35.0,,725.0,1,1,1,1,1,1,1,Service Residence,Freehold,Non Bumi Lot,Medium,Selangor,YOU Vista @ YOU City Cheras,PJD Group,Cheras
70858867,328000,1130.0,3.0,2.0,1.0,0,1,1,0,1,1,0,0,,,24.0,384.0,831.0,0,0,0,0,0,0,0,Condominium,Freehold,Non Bumi Lot,High,Kuala Lumpur,Bukit Pandan 2,Brisdale Resources,Kuala Lumpur
102185888,350000,1212.0,3.0,2.0,2.0,7,0,0,0,0,0,0,0,,,,538.0,1251.0,0,1,1,0,1,0,0,Apartment,Freehold,Non Bumi Lot,Medium,Selangor,Green Suria Apartment,Suria Land Development Sdn Bhd,Cheras
101214539,340000,557.0,3.0,2.0,2.0,8,1,0,0,0,1,0,0,2018.0,8.0,33.0,553.0,803.0,1,1,1,1,1,1,0,Service Residence,Freehold,Bumi Lot,Low,Selangor,Ayuman Suites,TALENT TEAM SDN BHD,Gombak
58037863,336000,1212.0,3.0,2.0,2.0,7,0,0,0,0,0,0,0,,,,538.0,1688.0,0,1,1,0,1,0,0,Apartment,Freehold,Non Bumi Lot,Medium,Selangor,Green Suria Apartment,Suria Land Development Sdn Bhd,Cheras
103711597,550000,958.0,3.0,2.0,1.0,11,0,0,0,0,0,0,0,2005.0,21.0,,1013.0,352.0,1,1,1,1,1,0,1,Condominium,Leasehold,Non Bumi Lot,High,Selangor,Perdana Exclusive Condo,MK Land Holdings,Damansara Perdana
103705024,595000,1174.0,3.0,2.0,1.0,13,0,0,0,0,0,0,0,2005.0,21.0,24.0,312.0,1660.0,1,1,1,1,1,1,0,Apartment,Leasehold,Bumi Lot,Low,Selangor,Ehsan Ria,Unknown,Petaling Jaya
103044804,338000,850.0,3.0,2.0,1.0,5,0,0,0,0,0,0,0,,,,,675.0,1,1,1,0,1,0,1,Apartment,Freehold,Non Bumi Lot,Low,Selangor,Serdang Villa Apartment,Unknown,Seri Kembangan
102922342,425000,1034.0,3.0,2.0,2.0,8,0,0,0,0,0,0,0,,,,505.0,696.0,1,1,1,1,1,0,0,Apartment,Freehold,Non Bumi Lot,Unknown,Selangor,Apartment Putra 1,Bangi Heights Development Sdn Bhd (UMLand Bhd),Kajang
103798754,180000,732.0,4.0,1.0,1.0,1,1,0,0,0,0,1,0,,,,,305.0,0,0,0,0,0,0,0,Apartment,Leasehold,Non Bumi Lot,Unknown,Selangor,Bandar Baru Ampang,Unknown,Ampang
103798744,185000,700.0,3.0,1.0,1.0,0,1,0,0,0,1,1,0,,,,,1049.0,0,0,0,0,0,0,0,Apartment,Leasehold,Bumi Lot,Medium,Selangor,Taman Sri Manja,Cheong Hin Holdings Sdn Bhd,Petaling Jaya
103798739,85000,650.0,3.0,1.0,1.0,0,1,0,0,0,1,0,0,,,,,908.0,0,0,0,0,0,0,0,Flat,Leasehold,Non Bumi Lot,Medium,Selangor,Sandalwood Court,Unknown,Rawang
102884985,328000,2524.0,4.0,3.0,2.0,0,0,0,0,0,0,0,0,,,,,379.0,0,0,0,0,0,0,0,Apartment,Freehold,Non Bumi Lot,High,Penang,Pangsapuri Prima Perai,Unknown,Perai
95866282,255000,615.0,2.0,1.0,1.0,10,0,0,0,0,0,0,0,2008.0,18.0,20.0,1036.0,1038.0,1,1,1,1,1,1,0,Apartment,Freehold,Non Bumi Lot,Medium,Selangor,Rhythm Avenue USJ19,Sanjung Utama Sdn Bhd,Subang Jaya
103798866,378000,916.0,3.0,2.0,2.0,6,0,0,0,0,0,0,0,2016.0,10.0,22.0,328.0,236.0,1,1,0,1,1,1,0,Apartment,Leasehold,Non Bumi Lot,Unknown,Johor,Larkin Heights Apartment,Mahabuilders Berhad,Johor Bahru
103798865,380000,635.0,2.0,1.0,1.0,9,0,0,0,0,0,1,0,2018.0,8.0,,280.0,421.0,1,1,1,1,1,1,0,Service Residence,Freehold,Non Bumi Lot,High,Selangor,Gravit8,Mitraland Group,Port Klang
103601823,270000,660.0,2.0,1.0,1.0,0,0,0,0,0,0,0,0,,,,,203.0,0,0,0,0,0,1,0,Apartment,Leasehold,Non Bumi Lot,Medium,Sabah,Beverly Hills 3,Unknown,Kota Kinabalu
103749580,225000,850.0,3.0,2.0,1.0,12,1,0,0,0,1,1,0,2000.0,26.0,12.0,,338.0,1,1,1,1,1,0,1,Apartment,Leasehold,Non Bumi Lot,Medium,Selangor,Vista Lavender,Talam Transform Berhad,Puchong
103516434,250000,700.0,2.0,2.0,1.0,6,0,0,0,0,0,0,0,,,,,323.0,1,1,0,0,0,1,0,Apartment,Leasehold,Non Bumi Lot,Low,Sabah,Taman Suria Shop Apartment,Unknown,Kota Kinabalu
103683179,213000,650.0,3.0,2.0,1.0,6,0,0,0,0,0,0,0,2014.0,12.0,,,328.0,0,1,1,0,1,0,1,Apartment,Freehold,Non Bumi Lot,Low,Penang,I-Park Apartment,Ideal Property Group,Sungai Ara
103798808,480000,1294.0,3.0,2.0,2.0,13,1,0,0,0,1,1,0,2011.0,15.0,21.0,286.0,497.0,1,1,1,1,1,1,1,Condominium,Leasehold,Non Bumi Lot,Medium,Selangor,Zen Residence,SENTRAL CITY (M) SDN BHD,Puchong
103773086,268000,950.0,3.0,2.0,1.0,0,0,0,0,0,0,0,0,,,,,419.0,0,0,0,0,0,0,0,Apartment,Leasehold,Non Bumi Lot,Unknown,Johor,The Pines Residence,Unknown,Gelang Patah
103798585,425000,947.0,3.0,2.0,2.0,6,1,0,0,1,1,1,0,,,,,789.0,1,1,1,1,1,0,0,Condominium,Leasehold,Non Bumi Lot,High,Kuala Lumpur,The Hamstead,Unknown,Kuala Lumpur
102753020,460000,1055.0,2.0,2.0,5.0,9,0,0,0,0,0,0,0,2017.0,9.0,40.0,1360.0,1469.0,1,1,1,1,1,0,0,Service Residence,Leasehold,Non Bumi Lot,High,Melaka,Atlantis Residences,Telandan Setia Sdn Bhd,Melaka Tengah
101986221,295000,689.0,1.0,1.0,5.0,13,0,0,0,0,0,0,0,2017.0,9.0,40.0,1360.0,2188.0,1,1,1,1,1,0,0,Service Residence,Leasehold,Non Bumi Lot,Medium,Melaka,Atlantis Residences,Telandan Setia Sdn Bhd,Melaka Tengah
101955659,460000,710.0,2.0,2.0,1.0,9,0,0,0,0,0,0,0,,,,,2238.0,1,1,1,1,1,1,0,Service Residence,Leasehold,Non Bumi Lot,High,Melaka,Amber Cove,Unknown,Melaka City
101514257,568000,1088.0,3.0,2.0,2.0,4,0,0,0,0,0,0,0,2020.0,6.0,,809.0,1899.0,1,0,0,1,1,0,0,Service Residence,Freehold,Non Bumi Lot,Medium,Melaka,Parkland Residence @ Sungai Melaka,Parkland Group,Bukit Baru
100953366,500000,1088.0,3.0,2.0,1.0,4,0,0,0,0,0,0,0,2020.0,6.0,,809.0,1899.0,1,0,0,1,1,0,0,Service Residence,Freehold,Non Bumi Lot,Medium,Melaka,Parkland Residence @ Sungai Melaka,Parkland Group,Bukit Baru
103798690,620000,1050.0,3.0,2.0,2.0,5,0,0,0,0,0,0,0,,,,,749.0,1,1,0,1,1,0,0,Apartment,Leasehold,Non Bumi Lot,Medium,Sarawak,Nu Ryegates,Unknown,Kuching
103798536,215000,753.0,3.0,2.0,1.0,4,0,0,0,0,0,0,0,,,,,870.0,0,1,1,0,1,0,1,Apartment,Freehold,Non Bumi Lot,Medium,Selangor,Simfoni @ Eco Majestic,Unknown,Semenyih
101998659,148000,1101.0,2.0,1.0,1.0,0,0,0,0,0,0,0,0,,,,,514.0,0,0,0,0,0,0,0,Apartment,Leasehold,Non Bumi Lot,Medium,Sarawak,Synergy Square,Unknown,Kuching
102625173,460000,958.0,3.0,2.0,1.0,14,0,0,0,0,0,0,0,,,,,829.0,1,1,1,1,1,0,0,Service Residence,Freehold,Non Bumi Lot,Unknown,Johor,Wave Marina Cove (Pangsapuri Tepian Bayu),IOI Properties Group Berhad,Johor Bahru
103798680,180000,720.0,3.0,2.0,1.0,9,1,0,0,0,0,1,0,,,9.0,900.0,432.0,1,1,1,0,1,0,0,Apartment,Leasehold,Bumi Lot,High,Kuala Lumpur,Aman Putra Apartment,Unknown,Kuala Lumpur
103798675,90000,750.0,3.0,1.0,1.0,0,0,0,0,0,0,0,0,,,,,499.0,0,0,0,0,0,0,0,Apartment,Freehold,Non Bumi Lot,Unknown,Melaka,Bertam Malim,Unknown,Bertam Malim
102043076,140000,904.0,2.0,2.0,1.0,7,0,0,0,0,0,0,0,,,8.0,,979.0,1,1,1,0,1,1,0,Condominium,Freehold,Non Bumi Lot,Low,Negeri Sembilan,Cocobay Resort Condominium,Rumpun Jadi Sdn Bhd,Port Dickson
102633724,265000,750.0,3.0,2.0,1.0,0,1,0,0,1,1,1,0,2006.0,20.0,18.0,200.0,1277.0,0,0,0,0,0,0,0,Apartment,Leasehold,Bumi Lot,Unknown,Selangor,Mentari Court,Mentari Group,Petaling Jaya
99442730,315000,929.0,3.0,2.0,2.0,10,0,0,0,0,0,0,0,,,,,1265.0,1,1,1,1,1,0,0,Apartment,Freehold,Non Bumi Lot,Low,Negeri Sembilan,Kiara Court,Unknown,Nilai
102920898,428000,819.0,3.0,2.0,1.0,7,1,1,0,1,0,0,0,2021.0,5.0,44.0,2136.0,408.0,1,1,1,1,1,0,0,Service Residence,Leasehold,Non Bumi Lot,Unknown,Kuala Lumpur,Majestic Maxim,Maxim Holdings,Kuala Lumpur
99886818,209999,830.0,3.0,2.0,1.0,5,0,0,0,0,0,0,0,2004.0,22.0,21.0,,1229.0,1,1,0,0,1,0,0,Condominium,Leasehold,Non Bumi Lot,Medium,Selangor,Vista Impiana,LBS Bina Group Berhad,Seri Kembangan
99886862,249999,1260.0,4.0,2.0,1.0,5,1,0,0,0,0,1,0,,,5.0,,1576.0,1,1,0,0,1,0,0,Apartment,Freehold,Non Bumi Lot,Medium,Selangor,Excelsa Apartment,SHL Consolidated Bhd,Seri Kembangan
102919361,325000,920.0,4.0,2.0,1.0,2,1,0,0,1,0,0,0,,,10.0,372.0,801.0,0,0,0,0,1,0,1,Apartment,Freehold,Bumi Lot,Medium,Selangor,Sri Astana,Unknown,Batu Caves
103707832,868000,701.0,2.0,2.0,1.0,5,0,0,0,0,0,0,0,2020.0,6.0,26.0,324.0,1263.0,1,1,1,0,0,1,0,Service Residence,Leasehold,Non Bumi Lot,Medium,Sabah,Jesselton Quay Citypads,SBC Corporation Berhad,Kota Kinabalu
103767907,708000,552.0,1.0,1.0,1.0,7,0,0,0,0,0,0,0,,,,,780.0,1,1,1,1,1,0,0,Service Residence,Leasehold,Non Bumi Lot,Medium,Sabah,The Shore (Kota Kinabalu),Unknown,Kota Kinabalu
101056110,369000,900.0,2.0,2.0,1.0,12,0,0,0,0,0,0,0,,,,109.0,2307.0,1,1,1,1,1,1,0,Condominium,Leasehold,Non Bumi Lot,High,Sabah,One Sulaman,Unknown,Kota Kinabalu
103726707,290000,990.0,3.0,2.0,1.0,14,0,0,0,0,0,0,0,,,,,423.0,1,1,1,1,1,0,0,Apartment,Leasehold,Bumi Lot,Low,Johor,Kasturi (Johor Bahru),Unknown,Johor Bahru
103424893,259000,680.0,1.0,1.0,1.0,14,0,0,0,0,0,0,0,,,,,169.0,1,1,1,1,1,0,0,Service Residence,Freehold,Non Bumi Lot,Medium,Johor,Pandan Residence 2,Unknown,Tebrau
103798472,1150000,1661.0,4.0,3.0,2.0,7,1,1,1,0,1,1,1,2011.0,15.0,41.0,192.0,729.0,1,1,1,1,1,0,1,Condominium,Freehold,Non Bumi Lot,Medium,Kuala Lumpur,Kiara 9,Kina-Bijak Sdn Bhd,Kuala Lumpur
103798459,335000,1050.0,3.0,2.0,1.0,0,0,0,0,0,0,0,0,,,4.0,,773.0,0,0,0,0,0,1,1,Service Residence,Freehold,Non Bumi Lot,Medium,Johor,Prima Regency Service Apartment,Unknown,Johor Bahru
103798458,280000,1100.0,3.0,2.0,1.0,5,1,0,1,0,0,1,0,,,9.0,,774.0,1,1,1,0,1,0,1,Apartment,Freehold,Non Bumi Lot,Medium,Selangor,Perdana Villa (Klang),Unknown,Klang
103798444,340000,926.0,3.0,2.0,1.0,0,0,0,0,0,0,1,0,,,,,499.0,0,0,0,0,0,0,1,Apartment,Leasehold,Non Bumi Lot,Low,Selangor,Seri Baiduri (Setia Alam),S P Setia Bhd,Setia Alam
103429359,270000,842.0,3.0,2.0,1.0,8,1,0,0,0,1,0,0,2018.0,8.0,19.0,408.0,619.0,1,1,1,1,1,1,0,Service Residence,Leasehold,Bumi Lot,Medium,Selangor,Sentrovue,villa avenue housing development sdn bhd,Puncak Alam
103362112,381000,1238.0,4.0,3.0,2.0,11,0,0,0,0,0,0,0,2018.0,8.0,35.0,849.0,629.0,1,1,1,1,1,0,0,Service Residence,Freehold,Bumi Lot,Medium,Johor,D'Summit Residences,Wealthy Growth Sdn Bhd (IOI Properties),Johor Bahru
103798266,390000,998.0,3.0,2.0,1.0,9,0,0,0,0,0,0,0,2005.0,21.0,8.0,400.0,471.0,1,1,1,1,1,0,0,Condominium,Leasehold,Bumi Lot,Medium,Selangor,De Rozelle,Perbadanan Kemajuan Negeri Selangor (PKNS),Kota Damansara
103798255,250000,945.0,3.0,2.0,1.0,4,0,0,0,0,0,0,0,,,5.0,,768.0,1,1,0,0,1,0,0,Apartment,Leasehold,Bumi Lot,Low,Kuala Lumpur,Bukit Mas Apartment,Unknown,Kuala Lumpur
102924038,275000,1128.0,3.0,2.0,1.0,3,0,0,0,0,0,0,1,,,8.0,,1554.0,0,1,1,0,0,0,1,Apartment,Freehold,Non Bumi Lot,Medium,Selangor,Kenangan View,Unknown,Kajang
102923906,309000,960.0,3.0,2.0,1.0,6,1,0,1,0,0,1,0,,,8.0,,1624.0,1,1,1,1,1,1,1,Condominium,Freehold,Non Bumi Lot,Low,Selangor,Vista Bayu (Klang),Unknown,Klang
103470374,250000,990.0,3.0,2.0,1.0,14,0,0,0,0,0,0,0,2007.0,19.0,14.0,454.0,357.0,1,1,1,1,1,0,0,Condominium,Leasehold,Non Bumi Lot,Medium,Johor,Bayu Puteri 2,Iskandar Waterfront City Bhd,Johor Bahru
103444549,320000,1012.0,3.0,2.0,2.0,10,1,0,0,1,0,0,0,2014.0,12.0,23.0,744.0,828.0,1,1,1,1,1,0,1,Service Residence,Freehold,Non Bumi Lot,Medium,Selangor,Amara Service Residences,Jaya Megah Development Sdn Bhd,Batu Caves
103689187,135000,527.0,2.0,2.0,1.0,0,0,0,0,0,0,0,0,,,,,449.0,0,0,0,0,0,0,1,Flat,Leasehold,Bumi Lot,High,Selangor,Taman Kosas Flat (Jalan Kosas 3),Metroplex Project Management,Ampang
101337563,160000,720.0,3.0,2.0,1.0,2,1,0,0,0,1,0,0,,,,,636.0,0,0,0,0,1,0,0,Apartment,Leasehold,Bumi Lot,High,Selangor,Apartment Dewi,Unknown,Puncak Alam
103532021,300000,753.0,3.0,2.0,1.0,6,1,1,0,1,1,0,1,,,,,667.0,1,1,0,1,0,0,0,Condominium,Leasehold,Bumi Lot,Low,Kuala Lumpur,Putra Suria Residence,Amber Resource,Kuala Lumpur
102543953,110000,650.0,3.0,2.0,1.0,5,0,0,0,0,0,0,0,,,5.0,,573.0,1,1,1,0,0,0,0,Flat,Leasehold,Bumi Lot,High,Selangor,Taman Sri Tanjung (Semenyih) Flat,Unknown,Semenyih
101062046,380000,1450.0,3.0,2.0,1.0,4,0,0,0,0,0,0,0,1987.0,39.0,15.0,200.0,1081.0,1,1,0,0,0,1,0,Condominium,Freehold,Non Bumi Lot,High,Selangor,Kyoto Gardens Condominium,Unknown,Ampang
101060006,210000,850.0,3.0,2.0,1.0,3,1,0,0,0,0,0,0,,,,,1667.0,0,1,1,0,0,0,0,Apartment,Freehold,Bumi Lot,Low,Selangor,Villamas (Klang),Villamas Sdn Bhd,Klang
101062183,340000,991.0,3.0,2.0,1.0,9,1,0,0,0,1,0,0,2010.0,16.0,,704.0,1682.0,1,1,1,1,1,0,0,Condominium,Leasehold,Bumi Lot,Low,Selangor,Banjaria Court,Perbadanan Kemajuan Negeri Selangor (PKNS),Batu Caves
103691024,345000,900.0,3.0,2.0,2.0,13,0,0,0,0,0,0,0,,,,,1716.0,1,1,1,1,1,0,0,Apartment,Freehold,Non Bumi Lot,Unknown,Selangor,Cyberjaya Residence,Unknown,Cyberjaya
103797273,355000,1173.0,3.0,2.0,1.0,6,1,1,0,0,1,1,0,,,15.0,,434.0,1,1,1,0,1,0,0,Condominium,Leasehold,Bumi Lot,Low,Selangor,Sri Mahligai,Unknown,Shah Alam
103798151,265000,750.0,3.0,2.0,1.0,6,0,0,0,0,0,0,0,,,,,636.0,0,1,0,0,1,0,0,Apartment,Leasehold,Bumi Lot,Low,Selangor,Pangsapuri Seri Bintang,Unknown,Shah Alam
103798111,180000,753.0,3.0,2.0,1.0,2,0,0,0,0,0,0,0,,,,,760.0,0,0,0,0,1,0,0,Flat,Leasehold,Non Bumi Lot,Medium,Selangor,Apartment Indah Damansara Damai,Unknown,Damansara Damai
103798101,710000,1547.0,4.0,3.0,1.0,5,1,0,1,0,1,1,0,,,14.0,,366.0,1,1,0,0,1,0,1,Condominium,Freehold,Non Bumi Lot,Low,Selangor,Sri Bayu (Subang Jaya),Unknown,Subang Jaya
103450483,380000,1200.0,3.0,2.0,1.0,5,0,0,0,0,0,0,0,,,,,487.0,1,1,1,0,1,1,1,Condominium,Freehold,Non Bumi Lot,High,Johor,Pelita Indah Condominium,Symphony Life Berhad,Johor Bahru
102288419,250000,1001.0,4.0,2.0,1.0,0,0,0,0,0,0,0,0,,,4.0,,450.0,0,0,0,0,0,1,1,Apartment,Leasehold,Non Bumi Lot,Low,Johor,Lily & Jasmine,Unknown,Johor Bahru
101370530,155000,850.0,3.0,2.0,1.0,1,0,0,0,0,0,0,0,2014.0,12.0,4.0,348.0,638.0,0,1,0,0,0,1,1,Flat,Freehold,Non Bumi Lot,Medium,Johor,Sri Intan (Bandar Seri Alam),S P Setia Berhad,Pasir Gudang
100611579,79000,700.0,3.0,2.0,1.0,0,0,0,0,0,0,0,0,,,,,466.0,0,0,0,0,0,1,1,Flat,Freehold,Non Bumi Lot,High,Johor,Flat Temenggong,Unknown,Kulai
103729705,360000,1431.0,3.0,2.0,1.0,11,0,0,0,0,0,0,0,1987.0,39.0,15.0,200.0,1831.0,1,1,1,1,1,0,1,Condominium,Freehold,Non Bumi Lot,Unknown,Selangor,Kyoto Gardens Condominium,Unknown,Ampang
103519002,260000,850.0,3.0,2.0,1.0,9,0,0,0,0,0,0,0,2000.0,26.0,8.0,,1823.0,1,1,0,1,1,0,0,Condominium,Leasehold,Bumi Lot,High,Selangor,Oakleaf Park,OSK Property Holdings Berhad,Ampang
103278535,175000,667.0,3.0,2.0,1.0,4,0,0,0,0,0,0,0,,,,,2405.0,0,0,1,0,1,0,0,Apartment,Leasehold,Bumi Lot,Medium,Selangor,Pangsapuri Damai @ Tropicana,Unknown,Petaling Jaya
102650548,715000,1711.0,3.0,3.0,2.0,11,0,0,0,0,0,0,0,2007.0,19.0,30.0,384.0,1887.0,1,1,1,1,1,0,1,Condominium,Leasehold,Non Bumi Lot,High,Selangor,The Boulevard (Subang),EMKO Properties,Subang Jaya
102882864,410000,1003.0,3.0,2.0,1.0,5,1,0,0,0,1,1,0,2006.0,20.0,15.0,,658.0,1,1,1,0,1,0,0,Condominium,Leasehold,Bumi Lot,Medium,Selangor,Kristal Heights (Shah Alam),Perbadanan Kemajuan Negeri Selangor (PKNS),Shah Alam
101274185,470000,1300.0,3.0,3.0,1.0,11,0,0,0,0,0,0,0,2010.0,16.0,19.0,706.0,424.0,1,1,1,1,1,0,0,Condominium,Freehold,Non Bumi Lot,Medium,Penang,D'Piazza Condominium,X-Scan Penang Sdn Bhd,Bayan Baru
102128490,390000,1210.0,3.0,2.0,2.0,9,0,0,0,0,0,0,0,2016.0,10.0,21.0,482.0,798.0,1,1,1,1,1,0,0,Condominium,Leasehold,Non Bumi Lot,Medium,Selangor,V-Residensi,Avaland Berhad,Selayang
102465358,260000,910.0,3.0,2.0,1.0,2,1,0,0,0,1,1,0,,,,,600.0,0,1,0,0,0,0,0,Apartment,Leasehold,Bumi Lot,High,Selangor,Sri Manja Square Petaling Jaya,Unknown,Petaling Jaya
103126109,213000,750.0,3.0,2.0,1.0,7,1,1,1,0,1,1,0,,,5.0,,954.0,0,0,0,0,1,0,0,Flat,Leasehold,Bumi Lot,Medium,Selangor,Flat PKNS Seksyen 7 Shah Alam,Perbadanan Kemajuan Negeri Selangor (PKNS),Shah Alam
103685246,240000,753.0,3.0,2.0,1.0,3,0,1,0,0,0,0,0,,,,,1084.0,0,1,1,0,0,0,1,Apartment,Freehold,Non Bumi Lot,High,Selangor,Angsana Apartment (Cheras),Unknown,Cheras
103638186,295000,1054.0,3.0,2.0,2.0,12,0,0,0,0,0,0,0,2013.0,13.0,,300.0,1042.0,1,1,1,1,1,0,0,Condominium,Freehold,Non Bumi Lot,Medium,Selangor,Tiara ParkHomes,Kueen Lai Villa,Kajang
101863081,888000,1411.0,2.0,2.0,1.0,9,1,1,0,1,1,1,0,2013.0,13.0,27.0,176.0,373.0,1,1,1,1,1,0,0,Condominium,Freehold,Non Bumi Lot,Medium,Kuala Lumpur,6 CapSquare,Bandar Raya Development Sdn Bhd,Kuala Lumpur
102845950,265000,856.0,3.0,2.0,1.0,9,0,0,0,0,1,0,0,,,5.0,,806.0,1,1,1,0,1,0,0,Apartment,Leasehold,Bumi Lot,Medium,Selangor,Sri Pelangi Apartment,Unknown,Shah Alam
97089343,190000,700.0,3.0,2.0,1.0,1,1,1,1,1,1,1,0,,,,,547.0,0,0,0,0,0,0,0,Apartment,Leasehold,Bumi Lot,Medium,Selangor,Pusat Bandar Puchong,Unknown,Puchong
103601544,258000,912.0,3.0,2.0,1.0,1,0,0,0,0,0,0,0,2004.0,22.0,38.0,1112.0,525.0,0,1,0,0,0,1,1,Apartment,Freehold,Non Bumi Lot,Low,Johor,Vista Seri Alam,Unknown,Pasir Gudang
103797942,249000,842.0,3.0,2.0,1.0,7,1,0,0,0,1,0,0,2018.0,8.0,19.0,408.0,479.0,1,1,0,1,1,0,0,Service Residence,Leasehold,Bumi Lot,High,Selangor,Sentrovue,villa avenue housing development sdn bhd,Puncak Alam
103797911,2300000,1853.0,4.0,6.0,2.0,11,0,0,0,0,0,0,0,2013.0,13.0,36.0,245.0,1978.0,1,1,1,1,1,1,1,Condominium,Freehold,Non Bumi Lot,High,Kuala Lumpur,Quadro Residences,Monoland Corp Sdn Bhd,Kuala Lumpur
103797909,220000,791.0,3.0,2.0,1.0,4,0,0,0,0,0,0,1,,,,,1545.0,0,1,0,0,1,0,1,Apartment,Freehold,Bumi Lot,High,Selangor,Teratai Apartment @ Taman Sutera,Modal Ehsan Sdn Bhd,Kajang
103797908,500000,1055.0,2.0,2.0,1.0,9,0,0,0,0,0,0,0,2017.0,9.0,40.0,1360.0,595.0,1,1,1,1,1,1,1,Service Residence,Leasehold,Non Bumi Lot,High,Melaka,Atlantis Residences,Telandan Setia Sdn Bhd,Melaka Tengah
102847746,205000,778.0,3.0,2.0,1.0,6,0,0,0,0,0,0,0,2005.0,21.0,7.0,1274.0,553.0,0,1,1,0,1,0,0,Apartment,Leasehold,Bumi Lot,Medium,Selangor,Pangsapuri Subang Suria,Agmal Development Sdn Bhd,Shah Alam
103504570,358000,1023.0,3.0,2.0,1.0,0,0,0,0,0,0,0,0,,,,,452.0,0,0,0,0,0,1,1,Apartment,Freehold,Non Bumi Lot,Low,Johor,Permas Ville Apartments,Unknown,Johor Bahru
102193111,250000,950.0,3.0,2.0,1.0,9,0,0,0,0,0,0,0,,,,,459.0,1,1,1,1,1,1,1,Condominium,Freehold,Non Bumi Lot,Low,Johor,Putri Ria,Unknown,Pasir Gudang
102013146,255000,750.0,3.0,2.0,1.0,5,0,0,0,0,0,0,0,,,,,346.0,0,1,0,0,1,1,0,Apartment,Leasehold,Bumi Lot,Medium,Selangor,Pangsapuri Seri Bintang,Unknown,Shah Alam
102905329,230000,410.0,2.0,1.0,1.0,1,0,0,0,0,0,0,0,,,,,621.0,0,0,0,0,0,0,1,Apartment,Leasehold,Non Bumi Lot,Low,Sabah,Beverly Hills 1,Unknown,Kota Kinabalu
103460024,220000,818.0,3.0,2.0,1.0,7,0,0,0,0,0,0,0,,,11.0,708.0,497.0,1,1,0,1,1,1,0,Apartment,Leasehold,Non Bumi Lot,Medium,Johor,Idaman Senibong Apartment,Unknown,Masai
103338655,210000,1001.0,3.0,2.0,1.0,0,0,0,0,0,0,0,0,,,4.0,,491.0,0,0,0,0,0,1,1,Apartment,Leasehold,Non Bumi Lot,High,Johor,Lily & Jasmine,Unknown,Johor Bahru
102800930,350000,947.0,3.0,2.0,1.0,4,0,0,0,0,0,0,0,,,,,516.0,1,1,1,0,0,1,1,Service Residence,Leasehold,Non Bumi Lot,Medium,Johor,The Aliff Residences,MB Group,Johor Bahru
103354971,250000,560.0,2.0,1.0,1.0,0,0,0,0,0,0,0,0,,,,,970.0,0,0,0,0,0,0,0,Studio,Freehold,Non Bumi Lot,Medium,Selangor,Luxury Studio at Puchong South,Unknown,Puchong
103797717,135000,650.0,3.0,1.0,1.0,2,1,1,1,0,0,1,0,,,,,808.0,0,0,1,0,0,0,0,Flat,Leasehold,Non Bumi Lot,Medium,Selangor,Cempaka Mawar,Unknown,Kapar
102622690,125000,624.0,2.0,1.0,1.0,0,0,0,0,0,0,0,0,,,,,487.0,0,0,0,0,0,0,0,Apartment,Leasehold,Non Bumi Lot,Unknown,Sarawak,Taman Desa Ilmu,Unknown,Kota Samarahan
99846072,340000,841.0,2.0,2.0,1.0,2,0,0,0,0,0,0,0,,,4.0,99.0,524.0,0,1,0,0,0,0,0,Apartment,Freehold,Non Bumi Lot,Unknown,Sarawak,Stutong Heights Apartment 2,Ibraco Berhad,Kuching
98243947,350000,841.0,2.0,2.0,1.0,2,0,0,0,0,0,0,0,,,4.0,99.0,614.0,0,1,0,0,0,0,0,Apartment,Freehold,Non Bumi Lot,Unknown,Sarawak,Stutong Heights Apartment 2,Ibraco Berhad,Kuching
103148750,138000,624.0,2.0,1.0,1.0,0,0,0,0,0,0,0,0,,,,,516.0,0,0,0,0,0,0,0,Apartment,Leasehold,Non Bumi Lot,Unknown,Sarawak,Taman Desa Ilmu,Unknown,Kota Samarahan
103124140,390000,921.0,2.0,2.0,1.0,0,0,0,0,0,0,0,0,,,,,676.0,0,0,0,0,0,0,0,Apartment,Leasehold,Non Bumi Lot,Unknown,Sarawak,Stutong Heights Apartment 1,Ibraco Berhad,Kuching
103082575,290000,640.0,2.0,2.0,1.0,3,0,0,0,0,0,0,0,,,,,522.0,0,1,1,0,0,0,0,Apartment,Leasehold,Bumi Lot,Unknown,Sarawak,Stutong Heights Apartment 1,Ibraco Berhad,Kuching
102785237,700000,1475.0,3.0,2.0,2.0,8,0,0,0,0,0,0,0,,,,,593.0,1,1,1,1,1,0,0,Condominium,Leasehold,Non Bumi Lot,Unknown,Sarawak,Vermont Suites,Unknown,Kuching
101458301,580000,1077.0,2.0,2.0,2.0,10,0,0,0,0,0,0,0,,,8.0,89.0,964.0,1,1,1,1,1,1,0,Apartment,Leasehold,Non Bumi Lot,Unknown,Sarawak,The Echelon,Unknown,Kuching
101261486,600000,1077.0,2.0,2.0,2.0,10,0,0,0,0,0,0,0,,,8.0,89.0,1101.0,1,1,1,1,1,1,0,Apartment,Leasehold,Non Bumi Lot,Unknown,Sarawak,The Echelon,Unknown,Kuching
101250730,688000,948.0,2.0,2.0,1.0,5,0,0,0,0,0,0,0,,,,,460.0,1,1,1,1,0,0,0,Condominium,Leasehold,Non Bumi Lot,Unknown,Sarawak,Rivervale Condominium,CMS Property Development Sdn Bhd,Kuching
103324351,380000,1316.0,3.0,2.0,1.0,6,0,0,0,0,0,0,0,,,,,557.0,1,1,0,0,1,0,0,Condominium,Leasehold,Non Bumi Lot,Unknown,Sarawak,Eden Heights,Unknown,Kuching
103014507,220000,1085.0,3.0,2.0,1.0,2,0,0,0,0,0,0,0,,,,,540.0,0,1,0,0,0,0,0,Apartment,Leasehold,Non Bumi Lot,Unknown,Sarawak,Lee Ling Villa,Unknown,Kuching
103124171,168000,660.0,2.0,1.0,1.0,0,0,0,0,0,0,0,0,,,,,507.0,0,0,0,0,0,0,0,Apartment,Leasehold,Non Bumi Lot,Unknown,Sarawak,Yoshi Square Commercial Centre,Unknown,Kuching
102943996,275000,818.0,3.0,2.0,1.0,0,0,0,0,0,0,0,0,,,,,556.0,0,0,0,0,0,0,0,Apartment,Leasehold,Non Bumi Lot,Unknown,Sarawak,MJC Courtyard Sanctuary,Unknown,Kuching
102706580,325000,802.0,3.0,2.0,1.0,0,0,0,0,0,0,0,0,,,,,558.0,0,0,0,0,0,0,0,Apartment,Leasehold,Non Bumi Lot,Unknown,Sarawak,MJC Courtyard Sanctuary,Unknown,Kuching
102537454,300000,806.0,3.0,2.0,1.0,0,0,0,0,0,0,0,0,,,,,519.0,0,0,0,0,0,0,0,Apartment,Leasehold,Non Bumi Lot,Unknown,Sarawak,MJC Courtyard Sanctuary,Unknown,Kuching
102505214,550000,1087.0,3.0,3.0,2.0,6,0,0,0,0,0,0,0,,,12.0,200.0,627.0,0,1,0,0,1,1,0,Apartment,Leasehold,Non Bumi Lot,Unknown,Sarawak,Liberty Grove,Elica Sdn Bhd,Kuching
102280872,188000,929.0,3.0,2.0,1.0,0,0,0,0,0,0,0,0,,,,,520.0,0,0,0,0,0,0,0,Apartment,Leasehold,Non Bumi Lot,Unknown,Sarawak,Lee Ling Villa,Unknown,Kuching
101337232,540000,1300.0,3.0,2.0,2.0,5,0,0,0,0,0,0,0,,,4.0,,505.0,0,1,1,1,0,0,0,Apartment,Leasehold,Non Bumi Lot,Medium,Sarawak,Urbaneeze Apartment,Unknown,Kuching
100758841,480000,1399.0,3.0,2.0,1.0,1,0,0,0,0,0,0,0,,,,,575.0,0,1,0,0,0,0,0,Apartment,Leasehold,Non Bumi Lot,Low,Sarawak,Green Heights Villa,Unknown,Kuching
100208765,78000,450.0,2.0,1.0,1.0,0,0,0,0,0,0,0,0,,,,,534.0,0,0,0,0,0,0,0,Flat,Leasehold,Non Bumi Lot,Unknown,Sarawak,Malihah,Unknown,Kuching
99139799,280000,806.0,3.0,2.0,1.0,0,0,0,0,0,0,0,0,,,,,575.0,0,0,0,0,0,1,0,Apartment,Leasehold,Non Bumi Lot,Unknown,Sarawak,MJC Courtyard Sanctuary,Unknown,Kuching
101109810,220000,657.0,3.0,2.0,1.0,5,1,1,1,1,0,1,0,,,,,1006.0,0,0,1,0,1,0,0,Flat,Leasehold,Bumi Lot,High,Selangor,Permai Court 1,Unknown,Ampang
103781037,430000,1680.0,3.0,2.0,1.0,1,0,0,0,0,0,0,0,,,,,544.0,0,1,0,0,0,0,0,Apartment,Leasehold,Non Bumi Lot,Unknown,Sarawak,Tabuan Stutong Apartment,Usaha Cendara Sdn Bhd,Kuching
103222248,188000,700.0,3.0,2.0,1.0,0,0,0,0,0,0,0,0,,,,,544.0,0,0,0,0,0,0,0,Apartment,Leasehold,Non Bumi Lot,Unknown,Sarawak,Taman Indah Jaya,Unknown,Kuching
102898854,600000,1257.0,4.0,3.0,2.0,12,0,0,0,0,0,0,0,,,12.0,200.0,627.0,1,1,1,1,1,1,0,Apartment,Leasehold,Non Bumi Lot,Unknown,Sarawak,Liberty Grove,Elica Sdn Bhd,Kuching
99139783,270000,806.0,3.0,2.0,1.0,0,0,0,0,0,0,0,0,,,,,555.0,0,0,0,0,0,0,0,Apartment,Leasehold,Non Bumi Lot,Unknown,Sarawak,MJC Courtyard Sanctuary,Unknown,Kuching
102281172,390000,1226.0,2.0,1.0,1.0,0,0,0,0,0,0,0,0,,,,,365.0,0,0,0,0,0,0,0,Service Residence,Leasehold,Non Bumi Lot,Medium,Sarawak,HK Square,Libing Sdn Bhd,Kuching
100894957,158000,660.0,2.0,1.0,1.0,0,0,0,0,0,0,0,0,,,,,507.0,0,0,0,0,0,0,0,Apartment,Leasehold,Non Bumi Lot,Unknown,Sarawak,Yoshi Square Commercial Centre,Unknown,Kuching
103797546,950000,2400.0,3.0,3.0,2.0,8,0,0,0,0,0,0,0,1994.0,32.0,26.0,156.0,1864.0,1,1,0,1,0,0,0,Condominium,Freehold,Non Bumi Lot,High,Penang,Diamond Villa,Unknown,Tanjung Bungah
102757875,365000,1195.0,3.0,2.0,1.0,7,0,0,0,0,0,0,0,1996.0,30.0,18.0,500.0,893.0,0,1,1,0,1,0,0,Condominium,Freehold,Non Bumi Lot,Medium,Kuala Lumpur,Sri Suajaya Condominiums,Unknown,Kuala Lumpur
101305880,330000,909.0,3.0,2.0,1.0,8,1,1,1,1,1,1,1,2005.0,21.0,17.0,1128.0,980.0,1,1,1,1,1,0,0,Condominium,Leasehold,Bumi Lot,Medium,Kuala Lumpur,Warisan City View,Brunsfield International Group,Kuala Lumpur
101737458,350000,1288.0,3.0,2.0,1.0,0,0,0,0,0,0,0,0,,,,,559.0,0,0,0,0,0,0,0,Apartment,Leasehold,Non Bumi Lot,Unknown,Sarawak,Gardenia Court (Kuching),Unknown,Kuching
103606404,330000,830.0,3.0,2.0,1.0,6,1,0,1,0,1,1,0,,,,,653.0,1,1,1,0,1,0,0,Apartment,Leasehold,Bumi Lot,High,Kuala Lumpur,The Lumayan Apartment,Danau Lumayan Sdn Bhd,Kuala Lumpur
102097198,185000,530.0,2.0,1.0,1.0,3,1,1,1,1,0,0,0,,,,,1217.0,0,0,0,0,1,0,1,Flat,Leasehold,Bumi Lot,High,Kuala Lumpur,Seksyen 10 Wangsa Maju,Unknown,Kuala Lumpur
102073582,240000,850.0,3.0,2.0,1.0,5,0,0,0,0,0,0,0,,,,,604.0,0,1,1,0,1,0,0,Apartment,Leasehold,Bumi Lot,Low,Selangor,Desa Mas (Rawang),Unknown,Rawang
103797537,1100000,1646.0,3.0,2.0,2.0,7,0,0,0,0,0,0,0,2018.0,8.0,44.0,378.0,559.0,1,1,0,1,1,0,1,Condominium,Freehold,Non Bumi Lot,High,Penang,Grace Residence,Nova Mulia Development Sdn Bhd,Jelutong
99310438,310000,1288.0,3.0,2.0,1.0,0,0,0,0,0,0,0,0,,,,,580.0,0,0,0,0,0,1,0,Apartment,Leasehold,Non Bumi Lot,Unknown,Sarawak,Gardenia Court (Kuching),Unknown,Kuching
101080943,170000,650.0,3.0,2.0,1.0,3,1,0,1,0,0,1,0,,,5.0,,1299.0,0,1,0,0,1,0,0,Apartment,Freehold,Non Bumi Lot,Medium,Selangor,Seroja Apartment,S P Setia Bhd,Setia Alam
100804825,430000,1142.0,4.0,2.0,1.0,5,0,0,0,0,0,0,0,2015.0,11.0,24.0,900.0,1157.0,0,1,0,1,1,0,0,Condominium,Leasehold,Non Bumi Lot,Medium,Kuala Lumpur,Suasana Lumayan,Danau Lumayan Sdn Bhd,Kuala Lumpur
99466291,165000,548.0,1.0,1.0,1.0,0,0,0,0,0,0,0,0,,,,,501.0,0,0,0,0,0,0,0,Service Residence,Leasehold,Non Bumi Lot,Medium,Sarawak,Papillon Street Mall,MJC City Development Sdn Bhd,Kuching
103388443,298000,810.0,2.0,2.0,1.0,0,0,0,0,0,0,0,0,2019.0,7.0,25.0,2003.0,440.0,0,0,0,0,0,0,0,Service Residence,Freehold,Non Bumi Lot,Medium,Johor,Parc Regency Serviced Apartment,Malaysia Land Properties Sdn. Bhd.,Johor Bahru
101380358,480000,1600.0,3.0,2.0,1.0,4,0,0,0,0,0,0,0,,,,,510.0,0,1,0,1,0,0,0,Apartment,Leasehold,Non Bumi Lot,Medium,Sarawak,Hills 68,Unknown,Kuching
100288529,250000,632.0,3.0,2.0,1.0,2,0,0,0,0,0,0,0,,,4.0,,504.0,0,1,0,0,0,0,0,Apartment,Leasehold,Non Bumi Lot,High,Sarawak,Samajaya Apartment,Unknown,Kuching
103797453,270000,726.0,2.0,2.0,1.0,4,1,1,0,1,0,1,0,2000.0,26.0,11.0,1240.0,1006.0,0,1,0,0,1,0,0,Condominium,Freehold,Bumi Lot,Medium,Kuala Lumpur,Arena Green,Berjaya Land,Kuala Lumpur
101325438,500000,1600.0,3.0,2.0,1.0,2,0,0,0,0,0,0,0,,,,,407.0,0,1,0,0,0,0,0,Apartment,Leasehold,Non Bumi Lot,Medium,Sarawak,Hills 68,Unknown,Kuching
102889847,690000,850.0,3.0,2.0,2.0,9,0,0,0,0,0,0,0,2022.0,4.0,,478.0,329.0,1,1,1,1,1,1,0,Condominium,Leasehold,Non Bumi Lot,Unknown,Penang,3 Residence,IJM LAND BERHAD,Jelutong
103797431,380000,1055.0,3.0,2.0,1.0,3,1,1,1,0,0,0,0,,,5.0,,861.0,1,1,0,0,1,0,1,Apartment,Leasehold,Bumi Lot,Medium,Kuala Lumpur,Waizuri 1,Unknown,Kuala Lumpur
103416057,400000,915.0,3.0,2.0,1.0,4,1,1,0,1,1,1,0,1991.0,35.0,4.0,,704.0,0,1,0,1,1,1,0,Condominium,Freehold,Non Bumi Lot,Unknown,Selangor,Lafite Apartment (Subang Jaya),Sime Darby Property Berhad,Subang Jaya
103797428,250000,941.0,3.0,2.0,1.0,5,0,0,0,0,0,0,0,,,8.0,,249.0,1,1,0,0,1,0,0,Apartment,Leasehold,Bumi Lot,Low,Kuala Lumpur,Ixora Apartment (Kepong),Unknown,Kuala Lumpur
103797396,185000,500.0,1.0,1.0,1.0,14,0,0,0,0,0,0,0,2014.0,12.0,20.0,259.0,775.0,1,1,1,1,1,0,0,Condominium,Freehold,Bumi Lot,High,Selangor,The Place @ Cyberjaya,MCT Berhad,Cyberjaya
103292117,230000,720.0,3.0,2.0,1.0,0,0,0,0,0,0,0,0,1991.0,35.0,,,545.0,0,0,0,0,0,0,0,Apartment,Freehold,Non Bumi Lot,Low,Selangor,Villa Impian (Kota Warisan Sepang),Unknown,Sepang
103797371,198000,850.0,3.0,2.0,1.0,4,0,0,0,0,0,0,0,,,,,455.0,0,1,1,0,1,0,1,Apartment,Leasehold,Bumi Lot,High,Selangor,Laguna Biru 1,Unknown,Rawang
103797361,280000,830.0,3.0,2.0,1.0,4,1,1,1,1,0,1,0,,,10.0,,1017.0,0,1,1,0,1,0,0,Apartment,Leasehold,Non Bumi Lot,Medium,Selangor,Pangsapuri Dahlia Court,Unknown,Ampang
103797376,370000,893.0,3.0,2.0,1.0,3,0,0,0,0,0,0,0,,,,,1187.0,0,1,1,0,0,0,0,Apartment,Leasehold,Non Bumi Lot,Unknown,Sarawak,Ensyn Avenue,Unknown,Kuching
103797375,255000,855.0,2.0,2.0,1.0,8,0,0,0,0,0,0,0,2005.0,21.0,9.0,672.0,1108.0,1,1,1,1,1,1,0,Condominium,Leasehold,Non Bumi Lot,Medium,Kuala Lumpur,Petaling Indah Condominiums,Unknown,Kuala Lumpur
103797332,220000,800.0,3.0,2.0,2.0,8,0,0,0,0,0,0,0,2014.0,12.0,4.0,75.0,416.0,1,1,1,1,1,0,0,Apartment,Freehold,Non Bumi Lot,Medium,Selangor,Karisma @ Eco Majestic,Eco World Development Group Berhad,Semenyih
103752244,188000,678.0,3.0,1.0,1.0,0,0,0,0,0,0,0,0,,,,,191.0,0,0,0,0,0,0,0,Flat,Freehold,Non Bumi Lot,Low,Johor,Stulang Laut,Unknown,Johor Bahru
103797322,285000,965.0,4.0,2.0,2.0,0,0,0,0,0,0,0,0,2010.0,16.0,14.0,336.0,495.0,0,0,0,0,0,0,0,Condominium,Freehold,Non Bumi Lot,Unknown,Kuala Lumpur,Ketumbar Heights,Mahajaya Berhad,Kuala Lumpur
103797254,420000,1550.0,5.0,3.0,1.0,14,1,0,0,0,1,1,0,2015.0,11.0,,122.0,470.0,1,1,1,1,1,0,1,Condominium,Leasehold,Non Bumi Lot,Medium,Selangor,Koi Legian,Masteron Sdn Bhd,Puchong
103023927,230000,1000.0,3.0,2.0,1.0,0,0,0,0,0,0,0,0,,,,,504.0,0,0,0,0,0,0,0,Apartment,Leasehold,Non Bumi Lot,Low,Sarawak,Lee Ling Villa,Unknown,Kuching
103797277,390000,1043.0,3.0,2.0,1.0,7,1,1,0,1,0,1,0,1998.0,28.0,15.0,900.0,837.0,1,1,0,1,1,0,1,Apartment,Freehold,Non Bumi Lot,Unknown,Kuala Lumpur,Jalil Damai,Bukit Jalil Development,Kuala Lumpur
103797251,330000,920.0,3.0,2.0,2.0,8,1,0,0,1,1,1,0,1999.0,27.0,15.0,690.0,1431.0,1,1,1,1,1,0,0,Condominium,Leasehold,Non Bumi Lot,Unknown,Kuala Lumpur,Bayu Tasik 1,PPC Glomac Sdn. Bhd.,Kuala Lumpur
101872448,1028000,2987.0,5.0,4.0,2.0,14,0,0,0,0,0,0,0,2008.0,18.0,18.0,522.0,581.0,1,1,1,1,1,1,1,Condominium,Leasehold,Non Bumi Lot,Medium,Selangor,Armanee Terrace I,MK Land Holdings,Petaling Jaya
103797271,600000,1038.0,3.0,3.0,1.0,14,0,0,0,0,0,0,0,2022.0,4.0,,630.0,622.0,1,1,1,1,1,0,0,Service Residence,Leasehold,Non Bumi Lot,Low,Sabah,K Avenue Residential,Megacity Avenue sdn bhd,Kota Kinabalu
103797270,225000,750.0,3.0,2.0,1.0,1,1,1,1,0,1,1,0,,,5.0,,848.0,0,0,0,0,0,0,0,Flat,Leasehold,Bumi Lot,High,Selangor,Flat PKNS Seksyen 7 Shah Alam,Perbadanan Kemajuan Negeri Selangor (PKNS),Shah Alam
102843782,199000,950.0,3.0,2.0,1.0,3,0,0,0,0,0,0,0,,,,,266.0,0,1,0,0,0,0,1,Apartment,Freehold,Non Bumi Lot,Low,Selangor,Valencia Apartment,Unknown,Shah Alam
103443462,650000,1281.0,3.0,4.0,1.0,7,1,1,1,0,1,1,0,2014.0,12.0,22.0,470.0,1296.0,1,1,0,1,0,1,1,Condominium,Leasehold,Bumi Lot,Medium,Kuala Lumpur,The Loft @ ZetaPark,ZetaPark Development,Kuala Lumpur
97834253,868000,1540.0,3.0,2.0,2.0,9,0,0,0,0,0,0,0,,,16.0,,1709.0,1,1,1,1,1,0,0,Condominium,Leasehold,Non Bumi Lot,Unknown,Selangor,Palmville Resort Condominium @ Sunway City,Sunway Property,Bandar Sunway
97834129,580000,1300.0,3.0,2.0,1.0,3,1,1,0,0,1,1,0,,,12.0,,1861.0,0,1,0,0,1,0,0,Condominium,Leasehold,Non Bumi Lot,Unknown,Kuala Lumpur,Pertiwi Indah,Unknown,Kuala Lumpur
97832489,1080000,1828.0,3.0,2.0,2.0,8,1,1,1,0,1,1,1,2010.0,16.0,28.0,238.0,1761.0,1,1,0,1,1,0,0,Condominium,Freehold,Non Bumi Lot,Unknown,Kuala Lumpur,Ceriaan Kiara,Kar Sin (a subsidiary of YNH Property),Kuala Lumpur
101722900,78000,495.0,2.0,1.0,1.0,0,0,0,0,0,0,0,0,,,,,449.0,0,0,0,0,0,0,0,Flat,Leasehold,Non Bumi Lot,Low,Sarawak,Malihah,Unknown,Kuching
100543512,350000,1288.0,3.0,2.0,1.0,0,0,0,0,0,0,0,0,,,,,516.0,0,0,0,0,0,0,0,Apartment,Leasehold,Non Bumi Lot,Medium,Sarawak,Gardenia Court (Kuching),Unknown,Kuching
102184341,220000,703.0,3.0,2.0,1.0,2,0,0,0,0,0,0,0,,,4.0,,468.0,0,1,0,0,0,0,0,Apartment,Leasehold,Non Bumi Lot,High,Sarawak,Samajaya Apartment,Unknown,Kuching
103797217,479000,904.0,3.0,2.0,2.0,13,0,0,0,0,0,0,0,,,,,1241.0,1,1,1,1,1,0,0,Condominium,Freehold,Bumi Lot,High,Putrajaya,The Clio 2 Residences,IOI Properties Group Berhad,Putrajaya
103797164,430000,1075.0,3.0,2.0,1.0,9,0,0,0,0,0,0,0,2007.0,19.0,16.0,416.0,743.0,1,1,1,1,1,1,0,Condominium,Freehold,Non Bumi Lot,Medium,Kuala Lumpur,Putra Villa,Haluan Mulia Sdn Bhd,Kuala Lumpur
103797157,490000,947.0,2.0,2.0,1.0,6,0,0,0,0,0,0,0,2020.0,6.0,34.0,462.0,449.0,1,1,0,1,0,1,1,Condominium,Freehold,Non Bumi Lot,Unknown,Penang,Luminari,OSK Property Holdings Berhad,Butterworth
102036014,688000,1009.0,3.0,2.0,2.0,12,0,0,0,0,0,0,0,2021.0,5.0,38.0,960.0,558.0,1,1,1,1,1,0,0,Service Residence,Leasehold,Non Bumi Lot,Low,Selangor,Aster Residence Cheras,Amber Homes Sdn Bhd,Cheras
95219758,445300,1110.0,3.0,2.0,2.0,0,0,0,0,0,0,0,0,,,,,488.0,0,0,0,0,0,0,1,Condominium,Freehold,Non Bumi Lot,Medium,Unknown,Unknown,Unknown,Unknown
101128566,448000,1183.0,3.0,2.0,2.0,1,0,0,0,0,0,0,0,,,,,384.0,0,0,0,0,0,0,0,Condominium,Freehold,Non Bumi Lot,Medium,Penang,Emerald Residence,TPPT Sdn. Bhd.,Bayan Lepas
103585248,620000,1300.0,3.0,2.0,2.0,10,0,0,0,0,0,0,0,2010.0,16.0,19.0,706.0,509.0,1,1,1,1,1,1,1,Condominium,Freehold,Non Bumi Lot,Unknown,Penang,D'Piazza Condominium,X-Scan Penang Sdn Bhd,Bayan Baru
103479600,268000,850.0,3.0,2.0,1.0,9,0,0,0,0,0,0,0,,,21.0,,242.0,1,1,0,1,1,0,0,Apartment,Freehold,Non Bumi Lot,Medium,Johor,Austin Perdana,Mah Sing Group Berhad,Johor Bahru
103402025,288000,925.0,3.0,2.0,1.0,4,0,0,0,0,0,0,0,,,21.0,,555.0,0,1,0,0,1,0,1,Apartment,Leasehold,Non Bumi Lot,Medium,Johor,Sri Impian Apartment (Larkin Perdana),Unknown,Johor Bahru
103740042,700000,1280.0,3.0,2.0,2.0,10,1,1,1,0,1,1,0,2014.0,12.0,22.0,470.0,1279.0,1,1,1,1,1,1,0,Condominium,Leasehold,Non Bumi Lot,Medium,Kuala Lumpur,The Loft @ ZetaPark,ZetaPark Development,Kuala Lumpur
103742048,270000,550.0,1.0,1.0,1.0,12,0,0,0,0,0,0,0,,,,,1328.0,1,1,1,1,1,0,0,Condominium,Freehold,Non Bumi Lot,Unknown,Selangor,Hot New Condo next to MRT,Unknown,Kajang
100785324,450000,878.0,3.0,2.0,2.0,0,0,0,0,0,0,0,0,,,,,883.0,0,0,0,0,0,1,0,Service Residence,Freehold,Non Bumi Lot,Unknown,Kuala Lumpur,Sentul 2023 Ready Move In Freehold Condo 0%DP Free All Legal,Unknown,Kuala Lumpur
98720154,300000,810.0,3.0,2.0,1.0,0,0,0,0,0,0,0,0,,,,,662.0,0,0,0,0,0,0,0,Service Residence,Leasehold,Non Bumi Lot,Unknown,Kuala Lumpur,Setapak 300k Full Loan Free Legal Condo,Unknown,Kuala Lumpur
98739542,380000,1062.0,3.0,3.0,1.0,0,0,0,0,0,0,0,0,,,,,1728.0,0,0,0,0,0,1,0,Condominium,Leasehold,Bumi Lot,Unknown,Unknown,Unknown,Unknown,Unknown
103374766,520000,1400.0,4.0,2.0,1.0,0,0,0,0,0,0,0,0,,,,,554.0,0,0,0,0,0,0,0,Condominium,Leasehold,Non Bumi Lot,Unknown,Sarawak,Kenyalang Court,Unknown,Kuching
103797103,400000,1141.0,3.0,2.0,4.0,0,0,0,0,0,0,0,0,2021.0,5.0,21.0,613.0,646.0,0,0,0,0,0,1,1,Condominium,Leasehold,Non Bumi Lot,High,Johor,The Garden Residences,Scientex (Skudai),Skudai
103797097,550000,633.0,1.0,1.0,1.0,10,1,1,0,1,1,1,0,2014.0,12.0,21.0,720.0,950.0,1,1,1,1,1,1,0,Service Residence,Leasehold,Non Bumi Lot,Low,Kuala Lumpur,Camellia Serviced Suites,Eastern & Oriental Berhad,Kuala Lumpur
103797146,165000,670.0,3.0,2.0,1.0,2,0,0,0,0,0,0,0,,,,,1279.0,1,0,0,0,0,0,1,Apartment,Leasehold,Non Bumi Lot,Medium,Selangor,Selayang Mulia Apartment Mawar & Teratai,Unknown,Gombak
100916446,448000,1114.0,3.0,2.0,2.0,1,0,0,0,0,0,0,0,,,,,531.0,0,0,0,0,0,0,1,Condominium,Freehold,Non Bumi Lot,Medium,Penang,Emerald Residence,TPPT Sdn. Bhd.,Bayan Lepas
97482842,447500,1114.0,3.0,2.0,2.0,0,0,0,0,0,0,0,0,,,,,488.0,0,0,0,0,0,0,1,Condominium,Freehold,Non Bumi Lot,Medium,Unknown,Unknown,Unknown,Unknown
103705048,448000,1114.0,3.0,2.0,2.0,8,0,0,0,0,0,0,0,,,,,630.0,1,1,1,1,1,0,1,Condominium,Freehold,Non Bumi Lot,Medium,Penang,BAYAN LEPAS MOST WORTH UNIT 1114SF ONLY 448K PER FLOR ONLY 6 UNIT,Unknown,Bayan Lepas
103714808,385000,592.0,3.0,2.0,1.0,0,0,0,0,0,0,0,0,,,,,376.0,0,0,0,0,0,0,0,Others,Freehold,Non Bumi Lot,Unknown,Kuala Lumpur,"Desa Setapak, Wangsa Maju,",Unknown,Kuala Lumpur
95892312,447500,1112.0,3.0,2.0,2.0,0,0,0,0,0,0,0,0,,,,,568.0,0,0,0,0,0,0,1,Condominium,Freehold,Non Bumi Lot,Medium,Penang,near sungai ara,Unknown,Sungai Ara
101049834,560000,1005.0,2.0,2.0,1.0,11,0,0,0,0,0,0,0,2018.0,8.0,,1050.0,411.0,1,1,0,1,1,0,0,Condominium,Freehold,Non Bumi Lot,Medium,Johor,Molek Regency,ALPHA ASTRAL REALTY SDN BHD,Johor Bahru
103797128,330000,742.0,3.0,2.0,1.0,8,1,1,0,1,1,1,0,,,5.0,,477.0,1,1,1,0,1,0,0,Apartment,Freehold,Non Bumi Lot,Low,Selangor,Goodyear Court 8,Bina Goodyear Group,Subang Jaya
103797126,260000,850.0,3.0,2.0,1.0,1,0,0,0,0,0,0,0,,,5.0,,561.0,0,0,0,0,0,0,0,Duplex,Leasehold,Non Bumi Lot,Medium,Sabah,Vista Minintod,Syarikat Perumahan Negara Berhad,Penampang
103797125,250000,992.0,3.0,2.0,1.0,0,0,0,0,0,0,0,0,,,5.0,,359.0,0,0,0,0,0,0,0,Apartment,Freehold,Bumi Lot,Medium,Selangor,Sutera Apartment (Kajang),Unknown,Kajang
92162624,135000,687.0,3.0,2.0,1.0,2,1,0,0,0,0,0,0,,,,,1424.0,0,1,0,0,1,0,0,Apartment,Leasehold,Bumi Lot,High,Selangor,Rosana Villa Apartment,Unknown,Puchong
103684332,520000,1165.0,3.0,2.0,2.0,10,0,0,0,0,0,0,0,2021.0,5.0,,406.0,586.0,1,1,1,1,1,1,1,Condominium,Freehold,Non Bumi Lot,Unknown,Penang,The Golden Triangle,GSV Development Sdn Bhd,Relau
103714989,600000,1315.0,3.0,2.0,2.0,10,0,0,0,0,0,0,0,2021.0,5.0,,406.0,599.0,1,1,1,1,1,0,0,Condominium,Freehold,Non Bumi Lot,Unknown,Penang,The Golden Triangle,GSV Development Sdn Bhd,Relau
103717623,500000,1165.0,3.0,2.0,2.0,11,0,0,0,0,0,0,0,2021.0,5.0,,406.0,576.0,1,1,1,1,1,0,1,Condominium,Freehold,Non Bumi Lot,Unknown,Penang,The Golden Triangle,GSV Development Sdn Bhd,Relau
76183205,2500000,5000.0,5.0,5.0,3.0,13,1,1,1,1,1,0,0,2012.0,14.0,,391.0,1057.0,1,1,1,1,1,1,1,Condominium,Leasehold,Bumi Lot,Unknown,Kuala Lumpur,Riana Green East,IJM LAND BERHAD,Kuala Lumpur
90371478,620000,1450.0,3.0,2.0,1.0,10,1,1,1,1,1,0,0,2007.0,19.0,19.0,436.0,847.0,1,1,1,1,1,1,0,Condominium,Leasehold,Bumi Lot,Low,Kuala Lumpur,Desa Putra (Wangsa Maju),Unknown,Kuala Lumpur
102439373,650000,1382.0,3.0,2.0,2.0,14,1,1,1,1,1,0,0,2016.0,10.0,,396.0,1372.0,1,1,1,1,1,1,0,Condominium,Leasehold,Bumi Lot,Medium,Kuala Lumpur,Seri Riana Residence,IJM LAND BERHAD,Kuala Lumpur
103445774,155000,494.0,2.0,1.0,1.0,0,0,0,0,0,0,0,0,,,,,576.0,0,0,0,0,0,1,1,Flat,Freehold,Non Bumi Lot,Medium,Johor,Flat Taman Ungku Tun Aminah,Tasek Maju Realty Sdn Bhd,Skudai
103419095,188000,753.0,3.0,2.0,2.0,0,0,0,0,0,0,0,0,,,,,279.0,0,0,0,0,0,0,1,Flat,Freehold,Non Bumi Lot,High,Johor,Flat Bukit Indah,Unknown,Iskandar Puteri
102894978,170000,850.0,3.0,2.0,1.0,0,0,0,0,0,0,0,0,,,5.0,,928.0,0,0,0,0,0,0,0,Apartment,Freehold,Bumi Lot,Low,Negeri Sembilan,Seremban Putra Apartments,Syarikat Perumahan Negara Berhad,Seremban
103797076,385000,1274.0,3.0,2.0,2.0,5,0,0,0,0,0,0,0,2019.0,7.0,,215.0,296.0,0,1,1,0,1,0,1,Apartment,Freehold,Non Bumi Lot,Medium,Selangor,Pangsapuri Setia Impian @ Kajang,Trans Loyal Development Sdn Bhd,Seri Kembangan
103796970,300000,829.0,3.0,2.0,1.0,6,0,0,0,0,0,0,0,,,,,600.0,1,1,0,1,1,0,0,Apartment,Freehold,Non Bumi Lot,Medium,Kuala Lumpur,Rumawip Residensi Serina,Unknown,Kuala Lumpur
103796987,450000,1246.0,3.0,3.0,1.0,6,1,0,0,1,0,0,0,2011.0,15.0,29.0,1709.0,904.0,0,1,1,0,1,0,0,Condominium,Leasehold,Non Bumi Lot,Medium,Selangor,Symphony Heights (Simfoni Heights),Daya Niaga,Batu Caves
103436990,538000,1579.0,4.0,3.0,2.0,14,0,0,0,0,0,0,0,2012.0,14.0,,350.0,1461.0,1,1,1,1,1,1,1,Condominium,Freehold,Non Bumi Lot,Medium,Selangor,Cristal Serin Residence,Unknown,Cyberjaya
100288687,380000,1316.0,3.0,2.0,1.0,5,0,0,0,0,0,0,0,,,,,481.0,1,1,0,0,1,0,0,Condominium,Leasehold,Non Bumi Lot,Low,Sarawak,Eden Heights,Unknown,Kuching
99466343,570000,2526.0,3.0,4.0,1.0,0,0,0,0,0,0,0,0,,,,,479.0,0,0,0,0,0,0,0,Others,Leasehold,Non Bumi Lot,Low,Sarawak,Academia Lane,Unknown,Kuching
103797057,400000,1004.0,3.0,2.0,3.0,14,0,0,0,0,0,0,0,,,,,318.0,1,1,1,1,1,1,0,Condominium,Freehold,Non Bumi Lot,Medium,Kuala Lumpur,Bandar Sri Permaisuri Freehold [Free Furniture][Monthly 1400],Unknown,Kuala Lumpur
103797056,338000,1000.0,3.0,2.0,1.0,5,0,0,0,0,0,0,0,2020.0,6.0,14.0,780.0,715.0,1,1,1,0,1,0,0,Apartment,Leasehold,Non Bumi Lot,Low,Penang,The Park @ Mak Mandin,Silver Channel Sdn. Bhd. (Tamarins Group),Butterworth
101019426,338000,991.0,3.0,2.0,1.0,6,0,0,0,0,0,0,0,,,,,434.0,1,1,1,1,1,0,1,Condominium,Freehold,Non Bumi Lot,High,Melaka,Selat Horizon,Unknown,Melaka City
103797048,370000,1050.0,3.0,2.0,3.0,14,0,0,0,0,0,0,0,,,,,318.0,1,1,1,1,1,1,0,Condominium,Freehold,Non Bumi Lot,Medium,Kuala Lumpur,Cheras Super Low Density Furnished Condo [Monthly 1500],Unknown,Kuala Lumpur
103797047,380000,807.0,3.0,2.0,2.0,12,0,0,0,0,0,0,0,2022.0,4.0,,1255.0,989.0,1,1,1,1,1,1,1,Service Residence,Freehold,Non Bumi Lot,Medium,Selangor,Alanis @ Warisan Puteri,Pilihan Teraju Sdn Bhd,Sepang
101990539,148000,660.0,3.0,1.0,1.0,0,0,0,0,0,0,0,0,,,,,393.0,0,0,0,0,0,0,1,Flat,Leasehold,Non Bumi Lot,Low,Melaka,Taman Malim Jaya,Unknown,Bachang
103796947,170000,650.0,3.0,2.0,1.0,0,0,0,0,0,0,0,0,,,14.0,2296.0,717.0,0,0,0,0,0,0,0,Apartment,Leasehold,Non Bumi Lot,Unknown,Selangor,Apartment Lestari (Damansara Damai),Unknown,Damansara Damai
103796936,930000,1710.0,4.0,4.0,2.0,12,1,0,0,0,1,1,0,2014.0,12.0,,670.0,458.0,1,1,1,1,1,0,1,Condominium,Freehold,Non Bumi Lot,Low,Kuala Lumpur,Le Yuan Residence,UOA Group,Kuala Lumpur
103796931,628000,1463.0,3.0,2.0,1.0,8,0,0,0,0,0,0,0,2020.0,6.0,33.0,490.0,273.0,1,1,1,1,0,1,1,Condominium,Freehold,Non Bumi Lot,Medium,Penang,Eco Bloom @ Eco Meadows,Eco World Development Group Berhad,Simpang Ampat
103423738,348000,991.0,2.0,2.0,2.0,8,0,0,0,0,0,0,0,2015.0,11.0,11.0,120.0,1442.0,1,1,0,1,1,1,0,Condominium,Freehold,Bumi Lot,Medium,Selangor,LakeView Residency @ Cyber Heights Villa,Country Heights Holdings Berhad,Cyberjaya
103549671,190000,720.0,3.0,2.0,1.0,2,0,0,0,0,0,0,0,,,,,781.0,0,1,1,0,0,0,0,Apartment,Freehold,Non Bumi Lot,Medium,Penang,Pangsapuri Indah Teluk Air Tawar Blok 1A & 1B (Pangsapuri Indah Teluk Air Tawar),Unknown,Butterworth
103797008,675000,800.0,2.0,2.0,1.0,13,0,0,0,0,0,0,0,2017.0,9.0,22.0,1343.0,312.0,1,1,1,1,1,1,1,Condominium,Freehold,Non Bumi Lot,Medium,Penang,Tropicana Bay Residences @ PWC,Tropicana Ivory Sdn. Bhd.,Bayan Lepas
103450284,450000,882.0,3.0,2.0,2.0,11,1,1,0,0,1,1,0,2018.0,8.0,22.0,576.0,819.0,1,1,0,1,1,1,1,Service Residence,Freehold,Non Bumi Lot,Low,Selangor,Maple Residences,KSL Holdings Berhad,Klang
103477237,500000,1059.0,4.0,2.0,1.0,10,0,0,0,0,0,0,0,2019.0,7.0,38.0,2647.0,508.0,1,1,1,1,1,0,0,Service Residence,Freehold,Non Bumi Lot,Low,Kuala Lumpur,KL Traders Square Residences,SCP Group,Kuala Lumpur
103470205,168000,710.0,3.0,2.0,1.0,1,0,0,0,0,0,0,0,,,3.0,,252.0,0,0,0,0,0,0,0,Apartment,Leasehold,Non Bumi Lot,Low,Johor,Park Avenue (Tampoi Indah),Unknown,Johor Bahru
102172274,1300000,2300.0,5.0,3.0,3.0,13,0,0,0,0,0,0,0,2008.0,18.0,18.0,522.0,1063.0,1,1,1,1,1,1,1,Condominium,Leasehold,Bumi Lot,Low,Selangor,Armanee Terrace I,MK Land Holdings,Petaling Jaya
94213853,750000,1828.0,4.0,3.0,2.0,13,1,1,1,1,1,0,0,2012.0,14.0,,391.0,897.0,1,1,1,1,1,1,1,Condominium,Leasehold,Non Bumi Lot,Medium,Kuala Lumpur,Riana Green East,IJM LAND BERHAD,Kuala Lumpur
100025500,487000,1000.0,3.0,2.0,2.0,9,0,0,0,0,0,0,0,,,,,485.0,1,1,1,1,1,0,0,Condominium,Freehold,Non Bumi Lot,Unknown,Penang,ForestVille,Ideal Property Group,Bayan Lepas
103336579,358000,1200.0,3.0,2.0,2.0,10,0,0,0,0,0,0,0,2005.0,21.0,,698.0,329.0,1,1,1,1,1,0,0,Apartment,Leasehold,Non Bumi Lot,Medium,Johor,Sri Akasia,Unknown,Johor Bahru
101557980,235000,700.0,3.0,2.0,1.0,0,0,0,0,0,0,0,0,1992.0,34.0,17.0,3.0,84.0,0,0,0,0,0,0,0,Apartment,Leasehold,Non Bumi Lot,Medium,Penang,Desa Delima,Unknown,Ayer Itam
103715204,220000,550.0,2.0,2.0,1.0,0,0,0,0,0,0,0,0,1999.0,27.0,19.0,1632.0,82.0,0,0,0,0,0,0,0,Apartment,Leasehold,Non Bumi Lot,Low,Penang,Desa Mawar,Unknown,Ayer Itam
98377340,255000,1000.0,3.0,2.0,1.0,5,0,0,0,0,0,0,0,,,,,566.0,0,1,1,0,1,0,0,Apartment,Freehold,Non Bumi Lot,Low,Melaka,Kesidang Apartment,Unknown,Melaka City
97940583,420000,1044.0,3.0,2.0,2.0,11,0,0,0,1,0,0,0,2016.0,10.0,30.0,551.0,649.0,1,1,1,1,1,0,0,Service Residence,Freehold,Non Bumi Lot,Unknown,Selangor,Silk Sky,Cheras Hong Soon Development Sdn. Bhd.,Balakong
95823750,280000,875.0,3.0,2.0,2.0,5,1,0,0,0,1,1,0,,,10.0,,636.0,1,1,1,0,1,0,0,Apartment,Freehold,Non Bumi Lot,Unknown,Selangor,Pangsapuri Bayu,Unknown,Serdang
103796815,325000,850.0,3.0,2.0,2.0,7,0,0,0,0,0,0,0,2020.0,6.0,17.0,299.0,810.0,1,1,1,1,1,0,0,Condominium,Freehold,Non Bumi Lot,Unknown,Selangor,Residensi Aman,Top Home Builder Development,Semenyih
102283762,440000,1100.0,3.0,2.0,1.0,9,0,0,0,0,0,0,0,1995.0,31.0,32.0,,431.0,1,1,1,1,1,1,0,Condominium,Freehold,Bumi Lot,High,Kuala Lumpur,Villa Puteri,Land & General Berhad,Kuala Lumpur
100815948,300000,1141.0,3.0,2.0,1.0,0,0,0,0,0,0,0,0,,,,,409.0,0,0,0,0,0,1,1,Condominium,Freehold,Non Bumi Lot,Low,Unknown,Unknown,Unknown,Unknown
100253281,650000,2233.0,4.0,4.0,1.0,0,0,0,0,0,0,0,0,,,,,436.0,0,0,0,0,0,0,0,Condominium,Leasehold,Non Bumi Lot,High,Sarawak,Kasuma Resort,Unknown,Kuching
103796877,449000,2080.0,5.0,4.0,1.0,0,0,0,0,0,0,0,0,2005.0,21.0,,698.0,575.0,0,0,0,0,0,0,1,Apartment,Leasehold,Non Bumi Lot,Unknown,Johor,Sri Akasia,Unknown,Johor Bahru
103796871,600000,1025.0,3.0,2.0,1.0,7,1,0,0,0,1,1,0,2020.0,6.0,32.0,228.0,1792.0,1,1,0,1,1,1,1,Condominium,Freehold,Non Bumi Lot,Low,Kuala Lumpur,Berlian Residence @ Setapak,Platinum Victory Development Sdn Bhd,Kuala Lumpur
101941512,160000,513.0,2.0,1.0,1.0,0,0,0,0,0,0,0,0,,,,,480.0,0,0,0,0,0,1,0,Flat,Freehold,Non Bumi Lot,Unknown,Penang,Sakura,Unknown,Ayer Itam
103796796,350000,872.0,2.0,2.0,1.0,0,0,0,0,0,0,0,0,,,,,455.0,0,0,0,0,0,0,0,Condominium,Leasehold,Non Bumi Lot,Unknown,Johor,One Medini Condominium,Unknown,Johor Bahru
103796803,230000,700.0,3.0,2.0,1.0,2,0,0,0,0,0,0,0,1998.0,28.0,21.0,596.0,543.0,0,1,1,0,0,0,0,Apartment,Freehold,Non Bumi Lot,Medium,Penang,Saujana Heights,Unknown,Teluk Kumbar
103282247,540000,1005.0,2.0,2.0,1.0,12,0,0,0,0,0,0,0,2018.0,8.0,,1050.0,420.0,1,1,1,1,1,1,0,Condominium,Freehold,Non Bumi Lot,Unknown,Johor,Molek Regency,ALPHA ASTRAL REALTY SDN BHD,Johor Bahru
103419115,118000,517.0,2.0,1.0,1.0,0,0,0,0,0,0,0,0,,,,,373.0,0,0,0,0,0,0,1,Flat,Freehold,Non Bumi Lot,Medium,Johor,Taman Cendana,Unknown,Pasir Gudang
103425319,520000,918.0,4.0,2.0,2.0,11,0,0,0,0,0,0,0,2019.0,7.0,38.0,2647.0,698.0,1,1,1,1,1,1,0,Service Residence,Freehold,Non Bumi Lot,High,Kuala Lumpur,KL Traders Square Residences,SCP Group,Kuala Lumpur
98409917,200000,807.0,3.0,2.0,1.0,4,0,0,0,0,0,0,0,,,,,707.0,0,1,1,0,1,0,0,Apartment,Leasehold,Non Bumi Lot,Medium,Unknown,Unknown,Unknown,Unknown
101279647,99000,645.0,3.0,2.0,1.0,2,1,0,0,0,0,0,0,,,,,720.0,0,0,0,0,1,0,0,Apartment,Freehold,Non Bumi Lot,Medium,Selangor,Palma Apartment (Bandar Country Homes),Unknown,Rawang
101382844,108000,790.0,3.0,2.0,1.0,3,1,0,0,0,1,0,0,2014.0,12.0,,,691.0,0,1,0,0,1,0,0,Apartment,Freehold,Non Bumi Lot,Medium,Selangor,Apartment Seri Teluki,Unknown,Rawang
103760421,528000,1035.0,3.0,2.0,1.0,9,0,0,0,0,0,0,0,2018.0,8.0,25.0,1255.0,484.0,1,1,1,1,1,1,1,Apartment,Freehold,Non Bumi Lot,Medium,Johor,8scape Residences @ Sutera,Unknown,Johor Bahru
103761088,98000,520.0,2.0,1.0,1.0,0,0,0,0,0,0,0,0,,,,,755.0,0,0,0,0,0,0,0,Flat,Freehold,Bumi Lot,Low,Johor,Bandar Selesa Jaya,Unknown,Skudai
103235193,188000,624.0,2.0,1.0,1.0,0,0,0,0,0,0,0,0,,,,,373.0,0,0,0,0,0,0,0,Flat,Leasehold,Non Bumi Lot,High,Kuala Lumpur,Seksyen 2 Wangsa Maju Flat,Unknown,Kuala Lumpur
101065984,600000,934.0,3.0,2.0,2.0,6,1,0,1,1,1,1,0,2019.0,7.0,35.0,311.0,686.0,1,1,0,1,1,0,0,Service Residence,Freehold,Non Bumi Lot,High,Kuala Lumpur,Court 28 @ KL City,HR Group,Kuala Lumpur
99044462,560000,1085.0,3.0,2.0,2.0,11,1,0,1,1,1,0,0,2009.0,17.0,24.0,467.0,448.0,1,1,0,1,1,1,0,Service Residence,Freehold,Non Bumi Lot,Medium,Kuala Lumpur,The Saffron,YTL Land & Development,Kuala Lumpur
98233164,770000,1234.0,3.0,2.0,2.0,9,0,0,0,0,0,0,0,2017.0,9.0,42.0,1571.0,284.0,1,1,1,1,1,1,0,Condominium,Leasehold,Non Bumi Lot,High,Kuala Lumpur,Lakeville Residence,Mah Sing Group Berhad,Kuala Lumpur
103796721,350000,635.0,1.0,1.0,1.0,7,0,0,0,0,0,1,0,2018.0,8.0,,280.0,311.0,1,1,1,1,1,1,0,Service Residence,Freehold,Non Bumi Lot,Unknown,Selangor,Gravit8,Mitraland Group,Port Klang
103796707,488000,818.0,2.0,2.0,1.0,8,0,0,0,0,0,0,0,2017.0,9.0,,,353.0,1,1,1,1,1,0,0,Condominium,Freehold,Non Bumi Lot,High,Johor,Lovell @ Country Garden Danga Bay,Country Garden Danga Bay Sdn. Bhd.,Johor Bahru
103796697,488000,818.0,2.0,2.0,1.0,5,0,0,0,0,0,0,0,2017.0,9.0,,,353.0,1,1,1,0,0,0,0,Condominium,Freehold,Non Bumi Lot,High,Johor,Lovell @ Country Garden Danga Bay,Country Garden Danga Bay Sdn. Bhd.,Johor Bahru
103796684,488000,818.0,2.0,2.0,1.0,4,0,0,0,0,0,0,0,2017.0,9.0,,,353.0,0,1,1,0,0,0,0,Condominium,Freehold,Non Bumi Lot,High,Johor,Lovell @ Country Garden Danga Bay,Country Garden Danga Bay Sdn. Bhd.,Johor Bahru
103796787,265000,608.0,2.0,1.0,1.0,2,0,0,0,0,0,0,0,,,,,313.0,0,1,0,0,1,0,0,Apartment,Leasehold,Bumi Lot,Low,Sabah,Beverly Hills 1,Unknown,Kota Kinabalu
103796785,485000,815.0,3.0,2.0,2.0,14,1,0,0,0,1,0,0,2020.0,6.0,35.0,912.0,1169.0,1,1,1,1,1,0,1,Service Residence,Freehold,Non Bumi Lot,Low,Selangor,Kenwingston Square Garden,Kenwingston Seven Up Sdn Bhd,Cyberjaya
103669945,330000,837.0,3.0,2.0,1.0,8,0,0,0,0,0,0,0,2007.0,19.0,22.0,816.0,350.0,1,1,0,1,1,0,0,Condominium,Freehold,Non Bumi Lot,Low,Penang,Asia Heights,Asia Green Group,Ayer Itam
103421446,650000,1010.0,4.0,2.0,2.0,10,1,1,1,0,1,1,0,,,,,869.0,1,1,1,1,1,0,0,Service Residence,Freehold,Non Bumi Lot,Medium,Kuala Lumpur,Kenwingston Platz,Kenwingston Group,Kuala Lumpur
103640101,175000,750.0,3.0,2.0,1.0,0,0,0,0,0,0,0,0,,,,,382.0,0,0,0,0,0,0,0,Apartment,Freehold,Non Bumi Lot,Medium,Sarawak,Vista Ilmu Apartment,Unknown,Kuching
103527484,130000,646.0,2.0,1.0,1.0,0,0,0,0,0,0,0,0,,,,,443.0,0,0,0,0,0,0,0,Apartment,Leasehold,Non Bumi Lot,Medium,Sarawak,MJC SOHO,Unknown,Kuching
103072253,290000,640.0,2.0,2.0,1.0,3,0,0,0,0,0,0,0,,,,,336.0,0,1,1,0,0,0,0,Apartment,Leasehold,Bumi Lot,High,Sarawak,Stutong Heights Apartment 1,Ibraco Berhad,Kuching
103465855,590000,1111.0,3.0,2.0,2.0,6,0,0,0,0,0,0,0,2010.0,16.0,38.0,,93.0,1,1,0,1,0,0,0,Condominium,Leasehold,Non Bumi Lot,Medium,Penang,The Oasis,Arte Corp,Gelugor
103796778,430000,800.0,3.0,2.0,1.0,2,0,0,0,0,0,0,0,1994.0,32.0,6.0,672.0,63.0,0,1,0,0,0,0,0,Apartment,Leasehold,Non Bumi Lot,Low,Penang,Tanjung Court,Unknown,Ayer Itam
103796773,990000,1463.0,3.0,2.0,2.0,11,0,0,0,0,0,0,0,2018.0,8.0,49.0,480.0,414.0,1,1,1,1,1,0,0,Service Residence,Freehold,Non Bumi Lot,High,Penang,Arte S,Arte Corp,Gelugor
102126519,349000,1169.0,3.0,2.0,1.0,8,1,0,1,0,1,1,0,1994.0,32.0,24.0,576.0,602.0,1,1,1,1,1,0,0,Condominium,Freehold,Non Bumi Lot,High,Kuala Lumpur,Setapak Ria Condominium,AM-EL Group,Kuala Lumpur
103796767,730000,1300.0,3.0,2.0,2.0,14,0,0,0,0,0,0,0,2015.0,11.0,19.0,114.0,679.0,1,1,1,1,1,1,1,Condominium,Freehold,Non Bumi Lot,High,Penang,Arena Residence @ The Arena,Golden Virtue,Bayan Baru
103796665,196000,650.0,3.0,1.0,1.0,3,0,0,0,0,0,0,0,,,,,462.0,0,0,0,0,1,0,1,Flat,Leasehold,Non Bumi Lot,Low,Johor,Taman Seri Orkid,Unknown,Skudai
103796664,478000,887.0,3.0,2.0,1.0,10,0,0,0,0,0,0,0,2013.0,13.0,30.0,808.0,80.0,1,1,1,1,1,1,1,Condominium,Freehold,Non Bumi Lot,Medium,Penang,All Seasons Park,Belleview Group,Ayer Itam
103796660,1650000,2800.0,4.0,5.0,2.0,11,1,1,1,1,1,0,0,2005.0,21.0,36.0,180.0,1104.0,1,1,0,1,1,0,1,Condominium,Freehold,Non Bumi Lot,Unknown,Kuala Lumpur,The Capsquare Residences,BRDB,Kuala Lumpur
103796743,200000,614.0,3.0,2.0,1.0,3,1,0,1,1,0,0,0,,,,,1002.0,0,0,0,0,1,0,0,Apartment,Leasehold,Non Bumi Lot,Medium,Selangor,Gugusan Tanjung,Unknown,Petaling Jaya
103673812,530000,1059.0,4.0,2.0,2.0,9,0,0,0,0,0,0,0,2019.0,7.0,38.0,2647.0,550.0,1,1,1,1,1,0,0,Service Residence,Freehold,Non Bumi Lot,High,Kuala Lumpur,KL Traders Square Residences,SCP Group,Kuala Lumpur
100849422,400000,1020.0,3.0,2.0,1.0,8,0,0,0,0,1,1,1,,,,,1847.0,1,1,1,1,1,0,1,Service Residence,Leasehold,Bumi Lot,Medium,Selangor,Gardenz @ One South,Hua Yang Berhad,Seri Kembangan
102485274,377000,1023.0,3.0,2.0,1.0,6,1,0,0,1,1,1,0,2001.0,25.0,5.0,208.0,973.0,1,1,1,0,1,0,0,Condominium,Leasehold,Non Bumi Lot,High,Kuala Lumpur,Cengal Condominium,PPC Glomac Sdn. Bhd,Kuala Lumpur
103699105,375000,818.0,3.0,2.0,1.0,5,0,0,0,0,0,0,0,,,5.0,,1016.0,1,1,1,0,1,1,0,Apartment,Freehold,Bumi Lot,Low,Selangor,Akasia Apartment (Puchong),Unknown,Puchong
103559688,460000,940.0,4.0,2.0,2.0,10,0,0,0,0,0,0,0,2019.0,7.0,38.0,2647.0,547.0,1,1,1,1,1,0,0,Service Residence,Freehold,Non Bumi Lot,Low,Kuala Lumpur,KL Traders Square Residences,SCP Group,Kuala Lumpur
102107757,300000,800.0,3.0,2.0,1.0,0,0,0,0,0,0,0,0,,,,,1178.0,0,0,0,0,0,0,0,Apartment,Leasehold,Non Bumi Lot,Medium,Kuala Lumpur,RUMAWIP SUNGAI BESI,Unknown,Kuala Lumpur
103538432,480000,940.0,4.0,2.0,2.0,10,0,0,0,0,0,0,0,2019.0,7.0,38.0,2647.0,538.0,1,1,1,1,1,1,1,Service Residence,Freehold,Non Bumi Lot,Medium,Kuala Lumpur,KL Traders Square Residences,SCP Group,Kuala Lumpur
103494812,450000,1150.0,3.0,2.0,1.0,11,0,0,0,0,0,0,0,2004.0,22.0,23.0,173.0,353.0,1,1,1,1,1,1,1,Condominium,Leasehold,Non Bumi Lot,Medium,Penang,Alpine Tower,IJM LAND BERHAD,Bukit Jambul
103446079,350000,1179.0,4.0,2.0,1.0,8,0,0,0,0,0,0,0,,,,300.0,438.0,1,1,1,1,1,1,0,Apartment,Freehold,Non Bumi Lot,Unknown,Johor,"East Bay (Seri Bayan), Masai",Unknown,Masai
103690877,315000,1024.0,3.0,2.0,1.0,10,0,0,0,0,0,0,0,2005.0,21.0,,698.0,327.0,1,1,1,1,1,1,0,Apartment,Leasehold,Non Bumi Lot,Medium,Johor,Sri Akasia,Unknown,Johor Bahru
103223072,168000,710.0,3.0,2.0,1.0,1,0,0,0,0,0,0,0,,,3.0,,252.0,0,0,0,0,0,0,0,Apartment,Leasehold,Non Bumi Lot,Low,Johor,Park Avenue (Tampoi Indah),Unknown,Johor Bahru
103470201,358000,1200.0,3.0,2.0,2.0,10,0,0,0,0,0,0,0,2005.0,21.0,,698.0,329.0,1,1,1,1,1,0,0,Apartment,Leasehold,Non Bumi Lot,Medium,Johor,Sri Akasia,Unknown,Johor Bahru
103796653,850000,1488.0,3.0,3.0,1.0,12,0,0,0,0,0,0,0,,,15.0,,109.0,1,1,1,1,1,0,0,Condominium,Leasehold,Non Bumi Lot,High,Sabah,Bayshore Condominium,Unknown,Kota Kinabalu
100309020,340000,1000.0,3.0,2.0,1.0,9,1,0,0,0,1,1,0,,,5.0,,398.0,1,1,0,0,1,1,0,Condominium,Freehold,Non Bumi Lot,Medium,Kuala Lumpur,La Villas Condominium,Unknown,Kuala Lumpur
102434884,530000,950.0,2.0,1.0,1.0,8,1,0,1,0,1,1,0,2015.0,11.0,41.0,1040.0,261.0,1,1,0,1,1,1,1,Service Residence,Freehold,Non Bumi Lot,High,Kuala Lumpur,The Elements,Elite Forward Sdn Bhd (L&G / Mayland),Kuala Lumpur
103727257,188000,1059.0,4.0,1.0,1.0,0,0,0,0,0,0,0,0,,,,,558.0,0,0,0,0,0,0,1,Flat,Freehold,Non Bumi Lot,Medium,Melaka,Siantan,Unknown,Melaka City
103796542,229000,969.0,3.0,2.0,1.0,2,0,0,0,0,0,0,1,2004.0,22.0,18.0,332.0,1467.0,1,1,0,0,0,0,0,Apartment,Freehold,Non Bumi Lot,Medium,Selangor,Sri Dahlia Apartment (Kajang),TLS Group,Kajang
103796565,245000,700.0,3.0,2.0,1.0,7,0,0,0,0,0,0,0,,,19.0,180.0,991.0,1,1,1,0,1,0,0,Condominium,Freehold,Non Bumi Lot,Medium,Penang,Kondominium Mutiara (Bandar Perda),Unknown,Bukit Mertajam
103389817,250000,434.0,1.0,1.0,1.0,5,0,0,0,0,0,0,0,,,,,317.0,1,1,1,0,1,1,0,Apartment,Freehold,Non Bumi Lot,Medium,Johor,Pulai Spring Resort,Unknown,Skudai
103260845,200000,750.0,3.0,2.0,1.0,9,0,0,0,0,0,0,0,,,,,468.0,0,1,1,1,1,0,0,Apartment,Freehold,Non Bumi Lot,Medium,Putrajaya,Residensi Prihatin Putrajaya,Unknown,Putrajaya
103767080,360000,804.0,3.0,2.0,2.0,10,1,0,1,0,0,0,0,,,,,548.0,1,1,1,1,1,0,0,Service Residence,Freehold,Non Bumi Lot,Medium,Selangor,Edusentral,HCK Capital Group,Setia Alam
103764720,335000,1288.0,3.0,2.0,2.0,9,0,0,0,0,0,0,0,2015.0,11.0,21.0,455.0,493.0,1,1,1,1,1,0,0,Condominium,Freehold,Non Bumi Lot,Low,Selangor,Ivory Residence,TLS Group,Kajang
102267563,290000,934.0,3.0,2.0,1.0,11,0,0,0,0,0,0,0,2013.0,13.0,,300.0,845.0,1,1,0,1,1,0,0,Condominium,Freehold,Non Bumi Lot,Low,Selangor,Tiara ParkHomes,Kueen Lai Villa,Kajang
103796418,860000,1421.0,4.0,3.0,2.0,14,1,1,0,1,0,1,0,2007.0,19.0,,376.0,2293.0,1,1,1,1,1,1,1,Condominium,Freehold,Non Bumi Lot,High,Selangor,Surian Condominium,Boustead Holdings,Petaling Jaya
102873781,1000000,1567.0,4.0,5.0,3.0,8,1,0,1,1,1,0,0,,,40.0,,650.0,1,1,0,1,1,0,0,Service Residence,Freehold,Non Bumi Lot,High,Kuala Lumpur,The Capers,YTL Land & Development,Kuala Lumpur
102841105,180000,854.0,3.0,2.0,1.0,3,0,0,0,0,0,0,0,,,,,826.0,1,1,0,0,0,0,0,Apartment,Freehold,Bumi Lot,Medium,Selangor,Sri Ros Apartment,TLS Group,Kajang
102989220,145000,500.0,2.0,1.0,1.0,2,0,0,0,0,0,0,0,,,,,323.0,0,0,0,0,1,0,1,Flat,Freehold,Non Bumi Lot,Medium,Johor,Perling Apartment,Unknown,Johor Bahru
102097200,160000,650.0,3.0,2.0,1.0,2,1,0,0,1,1,1,1,2007.0,19.0,,,529.0,0,0,1,0,0,0,0,Apartment,Freehold,Bumi Lot,Low,Selangor,Seri Mutiara (Putra Heights),S P Setia Bhd,Putra Heights
100692333,150000,700.0,3.0,1.0,1.0,0,0,0,0,0,0,0,0,,,,,561.0,0,0,0,0,0,0,0,Flat,Freehold,Non Bumi Lot,Unknown,Melaka,Taman Sri Bayan,Unknown,Durian Tunggal
102272734,310000,1288.0,3.0,2.0,1.0,0,0,0,0,0,0,0,0,,,,,466.0,0,0,0,0,0,0,0,Apartment,Leasehold,Non Bumi Lot,Medium,Sarawak,Gardenia Court (Kuching),Unknown,Kuching
100184788,168000,660.0,2.0,1.0,1.0,0,0,0,0,0,0,0,0,,,,,409.0,0,0,0,0,0,0,0,Apartment,Leasehold,Non Bumi Lot,High,Sarawak,Yoshi Square Commercial Centre,Unknown,Kuching
103796402,150000,550.0,2.0,2.0,1.0,2,0,0,0,0,0,0,0,,,,,303.0,0,0,1,0,0,1,1,Flat,Leasehold,Non Bumi Lot,Medium,Penang,Medan Angsana (Farlim 2),Unknown,Ayer Itam
103796444,245000,914.0,3.0,2.0,1.0,0,0,0,0,0,0,0,0,,,,,512.0,0,0,0,0,0,0,0,Apartment,Freehold,Non Bumi Lot,Low,Melaka,Kesidang Apartment,Unknown,Melaka City
103685134,458000,1018.0,3.0,2.0,2.0,11,1,0,1,0,1,1,0,,,,,234.0,1,1,1,1,1,0,0,Condominium,Leasehold,Non Bumi Lot,Medium,Kuala Lumpur,The Holmes,Aset Kayamas,Kuala Lumpur
103705936,480000,1399.0,3.0,2.0,1.0,7,1,0,1,0,0,1,0,2004.0,22.0,8.0,,713.0,1,1,0,1,1,0,0,Condominium,Leasehold,Non Bumi Lot,Unknown,Selangor,Sri Alam,Unknown,Shah Alam
101536156,295000,715.0,2.0,1.0,1.0,14,0,0,0,0,0,0,0,,,,392.0,530.0,1,1,1,1,1,1,0,Apartment,Freehold,Non Bumi Lot,Medium,Johor,The Senai Garden,KCC Development (M) Sdn Bhd,Senai
103796353,195000,600.0,3.0,2.0,1.0,3,0,0,0,0,0,0,0,,,4.0,352.0,250.0,0,1,0,0,1,0,0,Apartment,Leasehold,Bumi Lot,Low,Sabah,Taman Pasir Putih Fasa 3B Apartment,Unknown,Penampang
103796349,450000,1068.0,3.0,2.0,2.0,11,0,0,0,0,0,0,0,2016.0,10.0,30.0,311.0,554.0,1,1,0,1,1,1,1,Condominium,Freehold,Non Bumi Lot,Medium,Johor,The Raffles Suites,BMAH Properties,Johor Bahru
103127725,135000,580.0,2.0,1.0,1.0,0,1,0,0,0,1,1,0,,,,,461.0,0,0,0,0,0,0,0,Apartment,Leasehold,Bumi Lot,Unknown,Selangor,Flat Taman Alam Megah,Unknown,Shah Alam
103025400,185000,580.0,2.0,1.0,1.0,0,1,0,0,0,1,1,0,,,,,494.0,0,0,0,0,0,0,0,Apartment,Leasehold,Bumi Lot,Unknown,Selangor,Flat Taman Alam Megah,Unknown,Shah Alam
102198088,320000,835.0,3.0,2.0,1.0,2,1,0,0,0,1,0,0,,,15.0,,1026.0,0,1,0,0,0,0,0,Apartment,Leasehold,Bumi Lot,Unknown,Selangor,Seri Atria,Worldwide Holdings,Shah Alam
101325789,138000,624.0,2.0,1.0,1.0,0,0,0,0,0,0,0,0,,,,,474.0,0,0,0,0,0,0,0,Apartment,Leasehold,Non Bumi Lot,Medium,Sarawak,Taman Desa Ilmu,Unknown,Kota Samarahan
103643157,178000,750.0,3.0,2.0,1.0,0,0,0,0,0,0,0,0,,,,,373.0,0,0,0,0,0,0,0,Apartment,Freehold,Non Bumi Lot,Medium,Sarawak,Vista Ilmu,Unknown,Kuching
103796395,185000,720.0,3.0,2.0,1.0,9,1,0,0,0,0,1,0,,,9.0,900.0,420.0,1,1,1,0,1,0,0,Apartment,Leasehold,Bumi Lot,Medium,Kuala Lumpur,Aman Putra Apartment,Unknown,Kuala Lumpur
102808479,298000,750.0,3.0,2.0,1.0,0,0,0,0,0,0,0,0,,,,,672.0,0,0,0,0,0,0,0,Condominium,Freehold,Non Bumi Lot,Medium,Penang,E Garden,VST Group,Tanjong Tokong
102510692,270000,891.0,3.0,2.0,1.0,0,1,0,0,0,1,1,0,,,,,1039.0,0,0,0,0,0,0,0,Apartment,Freehold,Non Bumi Lot,Unknown,Selangor,Suria Avenue Apartment,Unknown,Shah Alam
100499344,230000,680.0,3.0,2.0,1.0,3,0,0,0,0,0,0,0,2009.0,17.0,22.0,900.0,214.0,0,1,0,0,1,1,0,Apartment,Leasehold,Non Bumi Lot,Unknown,Penang,Desa Pinang 2,IJM LAND BERHAD,Jelutong
102614705,165000,580.0,2.0,1.0,1.0,0,1,0,0,0,1,1,0,,,,,464.0,0,0,0,0,0,0,0,Apartment,Leasehold,Bumi Lot,Unknown,Selangor,Flat Taman Alam Megah,Unknown,Shah Alam
103796380,998000,864.0,3.0,2.0,1.0,5,1,1,1,1,1,1,1,2021.0,5.0,,1200.0,1222.0,1,1,0,1,0,1,1,Service Residence,Freehold,Non Bumi Lot,Unknown,Kuala Lumpur,Lavile,Orando Holdings Sdn Bhd,Kuala Lumpur
103050834,240000,646.0,3.0,1.0,1.0,6,0,0,0,0,0,0,0,2009.0,17.0,23.0,2208.0,652.0,0,1,1,0,1,0,0,Apartment,Leasehold,Bumi Lot,Low,Penang,Sri Saujana (Georgetown),PLB Land Sdn Bhd,George Town
103570806,210000,600.0,2.0,1.0,2.0,4,1,1,1,1,1,0,0,,,4.0,192.0,539.0,0,1,0,0,1,0,0,Apartment,Freehold,Non Bumi Lot,Unknown,Kuala Lumpur,Rampai Court,Unknown,Kuala Lumpur
103520779,250000,850.0,3.0,2.0,1.0,0,0,0,0,0,0,0,0,,,5.0,,404.0,0,0,0,0,0,0,0,Apartment,Leasehold,Non Bumi Lot,High,Sabah,Vista Minintod,Syarikat Perumahan Negara Berhad,Penampang
99968757,85000,540.0,2.0,1.0,1.0,2,0,0,1,0,0,0,0,,,,,954.0,0,0,0,0,0,0,0,Flat,Freehold,Non Bumi Lot,Medium,Selangor,Taman Bukit Mewah (Kajang),Unknown,Kajang
103014181,560000,1200.0,3.0,2.0,1.0,10,1,0,0,1,1,1,0,2008.0,18.0,20.0,1400.0,1540.0,1,1,1,1,1,1,1,Condominium,Freehold,Non Bumi Lot,Low,Kuala Lumpur,Seri Maya,Tan & Tan Developments Berhad,Kuala Lumpur
100249876,250000,632.0,3.0,2.0,1.0,2,0,0,0,0,0,0,0,,,4.0,,499.0,0,1,0,0,0,0,0,Apartment,Leasehold,Non Bumi Lot,High,Sarawak,Samajaya Apartment,Unknown,Kuching
98560819,188000,700.0,3.0,2.0,1.0,0,0,0,0,0,0,0,0,,,,,563.0,0,0,0,0,0,0,0,Apartment,Leasehold,Non Bumi Lot,Medium,Unknown,Unknown,Unknown,Unknown
97025172,275000,800.0,3.0,2.0,1.0,2,0,0,0,0,0,0,0,,,,,387.0,0,1,0,0,0,0,0,Apartment,Leasehold,Non Bumi Lot,High,Sarawak,MJC Courtyard Sanctuary,Unknown,Kuching
103796223,360000,1259.0,3.0,2.0,1.0,8,0,1,1,0,0,0,0,2010.0,16.0,22.0,1074.0,1097.0,1,1,1,1,1,0,0,Condominium,Leasehold,Bumi Lot,Unknown,Selangor,Magna Ville Condominium,Magna Park Sdn Bhd,Selayang
103796197,350000,946.0,3.0,2.0,1.0,7,1,1,1,0,0,1,0,2008.0,18.0,17.0,616.0,510.0,1,1,0,1,1,0,0,Condominium,Leasehold,Bumi Lot,High,Selangor,Ampang Boulevard,Suditasia,Ampang
103536109,179000,650.0,3.0,1.0,1.0,0,0,0,1,0,0,1,0,,,,,970.0,0,0,0,0,0,0,0,Flat,Leasehold,Bumi Lot,Medium,Selangor,Putra,Unknown,Seri Kembangan
103796315,432000,646.0,2.0,1.0,1.0,11,1,1,0,0,1,1,0,2021.0,5.0,63.0,956.0,4381.0,1,1,1,1,1,1,0,Service Residence,Freehold,Non Bumi Lot,Unknown,Kuala Lumpur,The Era,JKG Land Berhad,Kuala Lumpur
102874865,780000,1155.0,3.0,2.0,1.0,8,0,0,0,0,0,0,0,2021.0,5.0,,998.0,357.0,1,1,1,1,1,0,0,Service Residence,Freehold,Non Bumi Lot,Medium,Selangor,Akasa Cheras South,HAP SENG LAND SDN BHD,Seri Kembangan
103105437,460000,847.0,2.0,2.0,2.0,9,0,0,0,0,0,0,0,2016.0,10.0,35.0,,566.0,1,1,1,1,1,0,0,Service Residence,Freehold,Non Bumi Lot,Unknown,Selangor,YOU Vista @ YOU City Cheras,PJD Group,Cheras
103796311,520000,2124.0,4.0,5.0,2.0,8,0,0,0,0,0,0,0,,,14.0,319.0,405.0,1,1,1,1,1,1,1,Apartment,Freehold,Non Bumi Lot,High,Johor,Danga View Apartment,Ekovest Berhad,Skudai
103796162,456000,926.0,3.0,2.0,2.0,9,0,0,0,0,0,0,0,,,,,850.0,1,1,1,1,1,1,0,Service Residence,Freehold,Non Bumi Lot,Low,Selangor,Raintree Residence,Unknown,Klang
103796304,500000,960.0,3.0,2.0,1.0,3,0,0,0,0,0,0,0,1989.0,37.0,3.0,186.0,988.0,0,1,0,0,0,0,0,Apartment,Freehold,Non Bumi Lot,Low,Penang,Mutiara Court (Penang),Unknown,Gelugor
103796303,155000,656.0,3.0,2.0,1.0,0,1,0,0,1,0,0,0,,,,,648.0,0,0,0,0,0,0,0,Apartment,Leasehold,Bumi Lot,Medium,Selangor,Laksamana Jaya,Oscartech Development,Batu Caves
103438937,260000,845.0,3.0,2.0,1.0,10,1,0,0,0,0,1,0,2002.0,24.0,21.0,744.0,508.0,1,1,0,1,1,0,1,Condominium,Freehold,Non Bumi Lot,Unknown,Kuala Lumpur,Idaman Sutera,Medan Idaman,Kuala Lumpur
103796293,750000,1283.0,3.0,2.0,1.0,9,0,0,0,0,0,0,0,,,35.0,547.0,1175.0,1,1,1,1,1,1,1,Condominium,Freehold,Non Bumi Lot,Medium,Penang,Starhill Luxury Residences,Aroma Development Sdn. Bhd.,Gelugor
103001429,270000,904.0,3.0,2.0,1.0,6,1,1,1,1,1,1,1,,,,,778.0,1,1,1,0,1,0,0,Condominium,Freehold,Non Bumi Lot,High,Kuala Lumpur,Sri Intan 1,Crystal Aim (a subsidiary of Siah Brothers Construction),Kuala Lumpur
103605382,360000,1069.0,3.0,2.0,2.0,0,0,0,0,0,0,0,0,,,,,815.0,0,0,0,0,0,0,0,Apartment,Leasehold,Non Bumi Lot,Medium,Melaka,Admiral Residences,Tanjung Ratna Sdn Bhd,Melaka City
100543136,580000,1160.0,3.0,2.0,1.0,7,0,0,0,0,0,0,0,,,,,470.0,1,1,1,1,1,0,0,Apartment,Leasehold,Non Bumi Lot,Medium,Sarawak,Forest Hill (Kuching),Tecktonic & Sons Holdings Sdn Bhd,Kuching
103796024,308000,860.0,3.0,2.0,1.0,3,1,0,0,1,1,0,0,,,,,368.0,0,1,1,0,0,0,0,Apartment,Leasehold,Non Bumi Lot,Medium,Kuala Lumpur,Pangsapuri Jati Selatan,Unknown,Kuala Lumpur
103796139,340000,850.0,3.0,2.0,1.0,3,0,0,0,0,0,0,0,,,10.0,65.0,682.0,1,1,0,0,0,1,1,Service Residence,Leasehold,Non Bumi Lot,Medium,Johor,SuriaMas Suites (Johor Bahru),IJM LAND BERHAD,Johor Bahru
103796014,350000,1433.0,4.0,3.0,2.0,8,0,0,0,0,0,0,0,2010.0,16.0,20.0,300.0,800.0,1,1,0,1,1,0,0,Condominium,Freehold,Non Bumi Lot,Unknown,Selangor,Casa Suria,Unknown,Cheras
103686605,415000,1222.0,3.0,2.0,2.0,4,0,0,0,0,0,0,0,,,8.0,67.0,913.0,0,1,0,0,1,0,0,Apartment,Freehold,Non Bumi Lot,Low,Selangor,Mahkota Residence Apartment,Cheras Hong Soon Development Sdn. Bhd.,Cheras
103750149,210000,802.0,3.0,2.0,2.0,1,1,0,1,0,1,1,0,1995.0,31.0,14.0,1008.0,433.0,0,0,0,0,0,0,1,Condominium,Leasehold,Non Bumi Lot,Unknown,Kuala Lumpur,Genting Court Condominium,Immetec Sdn Bhd,Kuala Lumpur
102482545,360000,1093.0,3.0,2.0,1.0,8,0,1,0,0,1,1,0,,,,634.0,567.0,1,1,0,1,1,1,0,Condominium,Leasehold,Non Bumi Lot,Unknown,Selangor,East Lake Residence,Hongkong Land,Seri Kembangan
103796092,238000,590.0,3.0,1.0,1.0,0,0,0,0,0,0,0,0,,,,,138.0,0,0,0,0,0,0,0,Flat,Leasehold,Non Bumi Lot,Low,Selangor,Taman Pinggiran Batu Caves Flat,Unknown,Batu Caves
94760102,165000,678.0,2.0,1.0,1.0,5,0,0,0,0,0,0,0,,,,,593.0,1,1,0,0,1,0,1,Apartment,Leasehold,Bumi Lot,Medium,Selangor,Apartment Saujana Gombak,Unknown,Gombak
100727490,235000,735.0,3.0,2.0,1.0,1,1,1,0,1,1,1,0,2017.0,9.0,14.0,560.0,1017.0,0,0,0,0,1,0,0,Apartment,Leasehold,Non Bumi Lot,Medium,Kuala Lumpur,Delima Apartment,Unknown,Kuala Lumpur
101981935,140000,650.0,3.0,2.0,1.0,3,0,0,0,0,0,0,1,,,,,798.0,0,1,1,0,0,0,0,Apartment,Leasehold,Bumi Lot,High,Selangor,Pangsapuri Teratai (Anggerik Perdana),Getaris Sdn. Bhd.,Kajang
102091178,140000,650.0,3.0,2.0,1.0,7,0,0,0,0,0,0,0,2011.0,15.0,,,711.0,1,1,0,1,1,0,0,Flat,Freehold,Bumi Lot,High,Selangor,Bandar Sunway Semenyih,Sunway City Bhd,Semenyih
99704979,450000,1116.0,3.0,2.0,1.0,8,0,0,0,0,0,0,0,,,,,385.0,1,1,1,1,1,0,0,Condominium,Leasehold,Non Bumi Lot,Unknown,Sarawak,P' Residence Kuching,Tenaga Seri Wangsa (TSW Properties),Kuching
102654288,460000,1190.0,3.0,2.0,2.0,0,0,0,0,0,0,0,0,,,,,493.0,0,0,0,0,0,1,0,Condominium,Leasehold,Non Bumi Lot,Unknown,Sarawak,P' Residence Kuching,Tenaga Seri Wangsa (TSW Properties),Kuching
103795950,430000,1680.0,4.0,2.0,1.0,2,0,0,0,0,0,0,0,,,,,449.0,0,1,0,0,0,0,0,Apartment,Freehold,Non Bumi Lot,High,Sarawak,Tabuan Stutong Apartment,Usaha Cendara Sdn Bhd,Kuching
103308799,410000,802.0,2.0,2.0,1.0,10,0,0,0,0,0,0,0,2020.0,6.0,33.0,490.0,1061.0,1,1,1,1,1,1,1,Condominium,Freehold,Non Bumi Lot,High,Penang,Eco Bloom @ Eco Meadows,Eco World Development Group Berhad,Simpang Ampat
103795930,245000,850.0,3.0,2.0,1.0,5,0,0,0,0,0,0,0,2015.0,11.0,20.0,1440.0,980.0,0,1,1,0,1,0,1,Condominium,Leasehold,Non Bumi Lot,Low,Selangor,Flora Damansara,MK Land Holdings,Damansara Perdana
103245620,380000,1076.0,3.0,2.0,1.0,6,0,0,0,0,0,0,0,,,,,505.0,1,0,0,1,1,0,0,Apartment,Freehold,Non Bumi Lot,Medium,Penang,Palm Garden @ Pearl City,TAMBUN INDAH LAND,Simpang Ampat
101972175,400000,735.0,2.0,2.0,1.0,0,0,0,0,0,0,0,0,,,,,439.0,0,0,0,0,0,0,0,Apartment,Leasehold,Non Bumi Lot,Medium,Sarawak,The Roxy,Tecktonic & Sons Holdings Sdn Bhd,Kuching
102907672,600000,1257.0,4.0,3.0,2.0,7,0,0,0,0,0,0,0,,,12.0,200.0,434.0,1,1,1,1,1,0,0,Apartment,Leasehold,Non Bumi Lot,Medium,Sarawak,Liberty Grove,Elica Sdn Bhd,Kuching
103442297,260000,950.0,3.0,2.0,1.0,8,0,0,0,0,0,0,0,,,5.0,,951.0,1,1,0,0,1,0,0,Apartment,Freehold,Non Bumi Lot,Low,Selangor,Cemara Apartment (Kajang Utama),MRCB Land,Kajang
103795891,480000,1399.0,3.0,2.0,1.0,3,0,0,0,0,0,0,0,,,,,88.0,0,1,0,0,1,0,0,Condominium,Freehold,Non Bumi Lot,Low,Sarawak,Green Heights Condominiums,Unknown,Kuching
101629550,230000,850.0,3.0,2.0,2.0,14,0,1,0,0,0,0,0,2019.0,7.0,,635.0,871.0,1,1,1,1,1,0,0,Apartment,Freehold,Non Bumi Lot,High,Selangor,D'Cassia Apartment,SP Setia Berhad,Semenyih
103339072,290000,818.0,2.0,2.0,1.0,8,1,1,0,1,0,1,0,,,22.0,500.0,617.0,1,1,1,1,1,0,0,Service Residence,Freehold,Non Bumi Lot,High,Kuala Lumpur,Plaza Medan Putra,Sri Melinger,Kuala Lumpur
103795815,500000,940.0,2.0,2.0,1.0,10,0,0,0,0,0,0,0,2020.0,6.0,34.0,462.0,99.0,1,1,1,1,1,1,0,Service Residence,Freehold,Non Bumi Lot,High,Penang,Luminari,OSK Property Holdings Berhad,Butterworth
103795802,229000,844.0,4.0,2.0,1.0,5,0,0,0,0,0,0,0,,,,,877.0,1,1,0,0,1,0,0,Apartment,Leasehold,Bumi Lot,Medium,Selangor,Intana Ria,Unknown,Bangi
103698354,310000,1100.0,3.0,2.0,1.0,8,1,0,0,1,1,1,0,2010.0,16.0,20.0,300.0,813.0,1,1,1,1,1,0,0,Condominium,Leasehold,Non Bumi Lot,Medium,Kuala Lumpur,Casa Ria (Cheras),Syarikat Maluri Sdn Bhd,Kuala Lumpur
95706905,670000,1223.0,3.0,2.0,1.0,8,0,0,0,0,0,0,0,,,,,736.0,1,1,1,1,1,1,0,Condominium,Leasehold,Non Bumi Lot,Medium,Unknown,Unknown,Unknown,Unknown
103795799,200000,750.0,3.0,2.0,1.0,2,1,0,0,0,1,1,0,,,5.0,300.0,277.0,0,1,0,0,0,0,0,Apartment,Leasehold,Non Bumi Lot,Medium,Selangor,Pangsapuri Orkid (Bukit Serdang),Unknown,Seri Kembangan
98860442,480000,870.0,3.0,2.0,1.0,6,0,0,0,0,0,0,0,2016.0,10.0,29.0,391.0,87.0,1,1,1,1,1,1,0,Condominium,Leasehold,Non Bumi Lot,Medium,Sabah,Ashton Tower,SCP Group,Kota Kinabalu
103252600,320000,1106.0,3.0,2.0,1.0,4,0,0,0,0,0,0,0,,,,,744.0,0,1,1,0,1,0,1,Apartment,Freehold,Bumi Lot,Low,Selangor,Cheras Perdana Ria Apartment,Unknown,Cheras
103795699,320000,926.0,3.0,2.0,1.0,11,0,1,1,0,0,0,0,2010.0,16.0,22.0,1074.0,1406.0,1,1,1,1,1,0,0,Condominium,Leasehold,Bumi Lot,Medium,Selangor,Magna Ville Condominium,Magna Park Sdn Bhd,Selayang
103795697,658000,1184.0,3.0,2.0,2.0,9,1,1,1,0,1,1,1,,,,144.0,720.0,1,1,1,1,0,0,1,Condominium,Leasehold,Non Bumi Lot,Medium,Kuala Lumpur,Royalle Condominium,Wisdom Realty Sdn. Bhd.,Kuala Lumpur
103449900,250000,755.0,3.0,2.0,1.0,5,0,0,0,0,0,0,0,2010.0,16.0,14.0,336.0,383.0,1,1,1,0,1,0,0,Condominium,Freehold,Bumi Lot,High,Kuala Lumpur,Ketumbar Heights,Mahajaya Berhad,Kuala Lumpur
103359755,370000,1052.0,3.0,2.0,2.0,9,0,0,0,0,0,0,0,,,,,1255.0,1,1,1,1,1,0,0,Condominium,Freehold,Bumi Lot,High,Selangor,Residensi Anggerik Wira,Unknown,Hulu Langat
103795669,490000,1272.0,4.0,2.0,1.0,11,1,1,1,0,1,1,0,,,,,1389.0,1,1,0,1,1,0,0,Condominium,Leasehold,Non Bumi Lot,High,Kuala Lumpur,Platinum Lake PV10,Platinum Victory Group Sdn. Bhd.,Kuala Lumpur
103456523,260000,770.0,3.0,2.0,1.0,0,1,0,0,1,1,1,0,2006.0,20.0,18.0,200.0,1423.0,0,0,0,0,0,0,1,Apartment,Leasehold,Non Bumi Lot,Medium,Selangor,Mentari Court,Mentari Group,Petaling Jaya
100414970,229999,901.0,3.0,2.0,1.0,7,1,0,0,0,0,1,0,2005.0,21.0,20.0,606.0,1341.0,1,1,0,1,1,0,0,Condominium,Leasehold,Non Bumi Lot,Medium,Selangor,Juta Mines,Galian Juta Property,Seri Kembangan
103795631,182000,615.0,2.0,2.0,1.0,0,1,0,0,0,0,1,0,,,,,1293.0,0,0,0,0,0,0,1,Flat,Freehold,Non Bumi Lot,Low,Selangor,Tembikai Court,Unknown,Seri Kembangan
102424719,630000,1642.0,4.0,3.0,2.0,10,0,0,0,0,0,0,0,2015.0,11.0,,222.0,251.0,1,1,1,1,1,1,0,Condominium,Freehold,Non Bumi Lot,Unknown,Penang,Pine Residence,Lone Pine Group,Paya Terubong
102424761,390000,800.0,3.0,2.0,1.0,6,0,0,0,0,0,0,0,1998.0,28.0,24.0,342.0,267.0,1,1,1,0,1,1,1,Condominium,Freehold,Non Bumi Lot,Unknown,Penang,Jay Series,Unknown,Jelutong
103601526,230000,901.0,3.0,2.0,1.0,13,1,0,0,0,0,1,0,2005.0,21.0,20.0,606.0,409.0,1,1,1,1,1,0,0,Condominium,Leasehold,Non Bumi Lot,High,Selangor,Juta Mines,Galian Juta Property,Seri Kembangan
103501945,220000,850.0,3.0,2.0,1.0,12,1,1,0,0,1,1,0,,,9.0,,456.0,1,1,1,1,1,0,0,Apartment,Leasehold,Non Bumi Lot,Medium,Kuala Lumpur,PangsaRia,Salak Park Development,Kuala Lumpur
103795578,290000,685.0,1.0,1.0,1.0,7,0,0,0,0,0,0,0,,,,,292.0,1,1,1,1,1,0,1,Service Residence,Leasehold,Non Bumi Lot,High,Johor,Seasons Amara Larkin,Unknown,Johor Bahru
103795519,398000,800.0,2.0,2.0,1.0,13,1,0,0,1,1,0,0,,,,,887.0,1,1,1,1,1,0,0,Service Residence,Freehold,Non Bumi Lot,Medium,Kuala Lumpur,Razak City Residences,Razak City Residences,Kuala Lumpur
103795515,499000,720.0,3.0,2.0,2.0,12,0,0,0,0,0,0,0,2003.0,23.0,20.0,480.0,223.0,1,1,1,1,1,1,0,Condominium,Freehold,Non Bumi Lot,Medium,Penang,Symphony Park (Jelutong),Belleview Group,Jelutong
103795393,155000,650.0,3.0,1.0,1.0,0,1,0,0,0,0,1,0,,,2.0,,764.0,0,0,0,0,0,0,0,Apartment,Freehold,Non Bumi Lot,High,Selangor,Pangsapuri Arista,WCT Holding Berhad,Klang
102084307,1500000,1185.0,3.0,2.0,1.0,0,0,0,0,0,0,0,0,2019.0,7.0,38.0,572.0,1079.0,0,0,0,0,0,1,1,Service Residence,Freehold,Non Bumi Lot,Unknown,Penang,City Of Dreams Penang,Ewein Zenith Sdn Bhd,Tanjong Tokong
102083191,270000,850.0,3.0,2.0,1.0,3,0,0,0,0,0,0,0,,,17.0,,318.0,1,0,0,0,0,0,0,Flat,Freehold,Bumi Lot,Medium,Putrajaya,Pangsapuri Putra Damai,Putrajaya Homes Sdn Bhd,Putrajaya
102860545,480000,1150.0,3.0,2.0,1.0,3,0,0,0,0,0,0,0,,,,,426.0,0,1,1,0,0,0,1,Apartment,Leasehold,Non Bumi Lot,High,Melaka,PR1ma Residensi Rumpun Bahagia Melaka,Unknown,Bachang
103795460,200000,650.0,2.0,1.0,1.0,0,0,0,0,0,0,0,0,,,,,1111.0,0,0,0,0,0,0,0,Apartment,Leasehold,Bumi Lot,High,Kuala Lumpur,ppr desa tun razak,Unknown,Kuala Lumpur
103795436,498000,852.0,3.0,2.0,1.0,11,0,0,0,0,0,0,0,2014.0,12.0,17.0,403.0,1675.0,1,1,1,1,1,0,1,Condominium,Freehold,Non Bumi Lot,Medium,Kuala Lumpur,Tiara Mutiara,Mutiara Johan Group,Kuala Lumpur
103795360,308000,715.0,1.0,1.0,1.0,12,0,0,0,0,0,0,0,2019.0,7.0,12.0,392.0,411.0,1,1,1,1,1,0,0,Apartment,Freehold,Non Bumi Lot,Low,Johor,Senai Garden Apartment,KCC Development (M) Sdn Bhd,Senai
103795356,308000,715.0,1.0,1.0,1.0,14,0,0,0,0,0,0,0,,,,392.0,411.0,1,1,1,1,1,0,0,Apartment,Freehold,Non Bumi Lot,Low,Johor,The Senai Garden,KCC Development (M) Sdn Bhd,Senai
102530014,180000,700.0,3.0,1.0,1.0,0,1,0,1,0,1,1,0,,,,,756.0,0,0,0,0,0,0,1,Apartment,Leasehold,Bumi Lot,Unknown,Kuala Lumpur,Flat Danau Kota,Unknown,Kuala Lumpur
103795432,200000,650.0,1.0,1.0,1.0,6,0,0,0,0,0,0,0,,,20.0,,404.0,0,1,1,0,0,1,0,Apartment,Freehold,Non Bumi Lot,Medium,Pahang,Amber Court Apartment,Unknown,Genting Highlands
103795413,175000,550.0,2.0,1.0,1.0,3,0,0,0,0,0,0,0,,,,,229.0,0,0,0,0,1,0,0,Flat,Freehold,Non Bumi Lot,Low,Selangor,Bandar Baru Selayang Fasa 2A,Unknown,Selayang
103729182,125000,750.0,3.0,2.0,1.0,0,0,0,0,0,0,0,0,,,,,489.0,0,0,0,0,0,0,0,Apartment,Freehold,Bumi Lot,Low,Johor,Pangsapuri Sri Delima,Unknown,Masai
101705724,228000,1588.0,4.0,2.0,1.0,0,1,0,0,0,0,0,0,,,4.0,,1969.0,0,0,0,0,0,0,0,Apartment,Leasehold,Bumi Lot,Medium,Selangor,Taman Kosas Shop Apartment,Unknown,Ampang
103795227,530000,1600.0,3.0,2.0,1.0,0,0,0,0,0,0,0,0,,,,,328.0,0,0,0,0,0,0,0,Condominium,Leasehold,Non Bumi Lot,Medium,Sarawak,Village Grove Condominium,Unknown,Kuching
102082460,1420000,1185.0,3.0,2.0,1.0,0,0,0,0,0,0,0,0,2019.0,7.0,38.0,572.0,1075.0,0,0,0,0,0,1,1,Service Residence,Freehold,Non Bumi Lot,Unknown,Penang,City Of Dreams Penang,Ewein Zenith Sdn Bhd,Tanjong Tokong
103795288,308000,715.0,1.0,1.0,1.0,12,0,0,0,0,0,0,0,2019.0,7.0,12.0,392.0,411.0,1,1,1,1,1,0,0,Apartment,Freehold,Non Bumi Lot,Low,Johor,Senai Garden Apartment,KCC Development (M) Sdn Bhd,Senai
103567545,290000,700.0,3.0,2.0,1.0,2,0,0,0,0,0,0,0,,,,,678.0,0,1,0,0,0,0,1,Apartment,Freehold,Non Bumi Lot,Medium,Penang,Mutiara Indah,I&P Group,Gelugor
103795203,238000,849.0,3.0,2.0,1.0,14,0,0,0,0,0,0,0,,,,,564.0,1,1,1,1,1,0,0,Apartment,Freehold,Bumi Lot,Unknown,Selangor,Mediterranean Apartment,Unknown,Shah Alam
103795185,490000,1097.0,3.0,2.0,1.0,0,0,0,0,0,0,0,0,2008.0,18.0,22.0,188.0,967.0,0,0,0,0,0,0,0,Apartment,Freehold,Non Bumi Lot,High,Johor,Sri Samudera Seaview Residence Suites,Unknown,Johor Bahru
103795266,788000,1251.0,3.0,3.0,2.0,11,0,0,0,0,0,0,0,2018.0,8.0,26.0,1326.0,1981.0,1,1,1,1,1,0,1,Service Residence,Freehold,Non Bumi Lot,Medium,Putrajaya,Conezion Residences,Mayang Development Sdn Bhd,Putrajaya
100985420,1000000,2306.0,5.0,5.0,2.0,5,0,0,0,0,0,0,0,,,5.0,,1342.0,1,1,1,1,0,1,1,Condominium,Freehold,Non Bumi Lot,High,Penang,Bukit Dumbar Permai,Unknown,Gelugor
103350530,210000,1001.0,3.0,2.0,1.0,0,0,0,0,0,0,0,0,,,4.0,,540.0,0,0,0,0,0,1,1,Apartment,Leasehold,Non Bumi Lot,High,Johor,Lily & Jasmine,Unknown,Johor Bahru
103187946,560000,990.0,3.0,2.0,1.0,7,1,0,0,1,1,0,0,2021.0,5.0,35.0,284.0,810.0,1,1,0,0,1,1,0,Condominium,Leasehold,Non Bumi Lot,High,Kuala Lumpur,Rumbia Residence @ Ari Permaisuri,Dwitasik Sdn Bhd,Kuala Lumpur
103089105,670000,1900.0,4.0,3.0,2.0,6,1,1,1,0,1,1,0,2017.0,9.0,,350.0,2119.0,1,1,0,1,1,0,1,Condominium,Freehold,Bumi Lot,Low,Selangor,Ceria Residence,SETIA HARUMAN SDN BHD,Cyberjaya
101517371,380000,1200.0,3.0,2.0,1.0,3,0,0,0,0,0,0,0,,,10.0,,360.0,0,1,1,0,0,0,0,Condominium,Freehold,Non Bumi Lot,Medium,Penang,Centro View,Unknown,Butterworth
103795120,530000,1207.0,3.0,2.0,2.0,8,1,0,0,0,1,1,0,2013.0,13.0,18.0,250.0,734.0,1,1,1,0,1,1,0,Service Residence,Leasehold,Bumi Lot,Medium,Kuala Lumpur,Astana Lumayan,Danau Lumayan Sdn Bhd,Kuala Lumpur
103795110,130000,600.0,2.0,1.0,1.0,14,0,0,0,0,0,0,0,,,,,106.0,1,1,1,1,1,0,0,Flat,Leasehold,Non Bumi Lot,Medium,Johor,Bandar Baru Uda (Johor Bahru),Unknown,Johor Bahru
103795107,360000,903.0,3.0,2.0,1.0,7,0,0,0,0,0,0,0,,,11.0,,771.0,1,1,1,0,1,1,0,Condominium,Freehold,Bumi Lot,High,Selangor,Elaeis 1,Unknown,Shah Alam
103795176,738000,1020.0,3.0,2.0,1.0,14,0,0,0,0,0,0,0,2017.0,9.0,22.0,1343.0,249.0,1,1,1,1,1,0,1,Condominium,Freehold,Non Bumi Lot,High,Penang,Tropicana Bay Residences @ PWC,Tropicana Ivory Sdn. Bhd.,Bayan Lepas
103795096,330000,850.0,3.0,2.0,1.0,4,0,0,0,0,0,0,0,2008.0,18.0,16.0,196.0,458.0,1,1,1,0,0,0,0,Apartment,Leasehold,Bumi Lot,Medium,Johor,Kipark,KIP Group,Johor Bahru
101672290,160000,646.0,3.0,2.0,1.0,0,1,0,0,0,0,0,0,,,,,999.0,0,0,0,0,0,0,0,Flat,Leasehold,Non Bumi Lot,Medium,Selangor,Pangsapuri Intan (Ampang),Unknown,Ampang
101670291,180000,820.0,3.0,2.0,1.0,3,0,0,0,0,0,0,0,,,5.0,,653.0,0,1,0,0,1,0,0,Apartment,Freehold,Non Bumi Lot,High,Selangor,Seri Permai Apartment,Sunrise Bhd,Cheras
102882471,525000,1645.0,4.0,3.0,2.0,13,0,0,0,0,0,0,0,2006.0,20.0,10.0,733.0,1607.0,1,1,1,1,1,1,0,Condominium,Leasehold,Bumi Lot,Low,Selangor,Armanee,MK Land Holdings,Damansara Damai
103795148,206000,710.0,3.0,2.0,1.0,3,0,0,0,0,0,0,0,,,3.0,,1408.0,0,0,0,0,1,0,0,Apartment,Leasehold,Bumi Lot,Low,Johor,Park Avenue (Tampoi Indah),Unknown,Johor Bahru
103795146,98000,650.0,3.0,2.0,1.0,10,0,0,0,1,1,0,1,,,5.0,1100.0,481.0,1,1,1,1,1,0,0,Apartment,Leasehold,Bumi Lot,Low,Selangor,Harmoni Apartment,Unknown,Damansara Damai
103511282,350000,850.0,3.0,2.0,2.0,13,0,0,0,0,0,0,0,2019.0,7.0,35.0,1843.0,823.0,1,1,0,1,1,0,0,Service Residence,Freehold,Non Bumi Lot,High,Johor,Arc @ Austin Hills,Andaman Group,Johor Bahru
102621739,270000,1055.0,3.0,2.0,1.0,6,0,0,0,0,0,0,0,,,,,587.0,1,1,1,1,1,0,0,Apartment,Freehold,Non Bumi Lot,Unknown,Selangor,Puncak Saujana,Unknown,Kajang
103794979,420000,700.0,3.0,2.0,1.0,4,0,0,0,0,0,0,0,2006.0,20.0,18.0,182.0,174.0,0,1,1,0,1,1,1,Apartment,Freehold,Non Bumi Lot,Medium,Penang,Casa Impian,Unknown,Jelutong
103794972,200000,580.0,3.0,2.0,1.0,4,0,0,0,0,0,0,0,2009.0,17.0,23.0,2208.0,751.0,0,0,1,0,0,0,0,Apartment,Leasehold,Non Bumi Lot,High,Penang,Sri Saujana (Georgetown),PLB Land Sdn Bhd,George Town
103794936,178000,800.0,3.0,2.0,1.0,0,0,0,0,1,0,1,0,,,,,755.0,0,0,0,0,0,0,1,Apartment,Leasehold,Non Bumi Lot,Low,Kuala Lumpur,Mutiara Fadason,Unknown,Kuala Lumpur
103794908,360000,700.0,3.0,2.0,1.0,4,0,0,0,0,0,0,0,2006.0,20.0,18.0,182.0,170.0,0,1,1,0,1,1,1,Apartment,Freehold,Non Bumi Lot,Medium,Penang,Casa Impian,Unknown,Jelutong
102916819,299000,660.0,1.0,1.0,1.0,10,1,0,0,0,1,1,0,2007.0,19.0,20.0,196.0,839.0,1,1,0,1,1,1,0,Condominium,Freehold,Non Bumi Lot,Medium,Kuala Lumpur,Diamond Regency,Renown Inspiration,Kuala Lumpur
102916783,495000,920.0,3.0,2.0,1.0,0,0,1,0,1,1,0,0,,,,,828.0,0,0,0,0,0,1,0,Condominium,Freehold,Non Bumi Lot,Unknown,Selangor,Menara D'Sara,Unknown,Bandar Sri Damansara
103795068,215000,812.0,3.0,2.0,1.0,1,1,0,1,0,1,1,0,1995.0,31.0,14.0,1008.0,527.0,0,0,0,0,0,0,1,Condominium,Leasehold,Non Bumi Lot,Unknown,Kuala Lumpur,Genting Court Condominium,Immetec Sdn Bhd,Kuala Lumpur
97151327,270000,1100.0,3.0,2.0,1.0,0,0,0,0,0,0,0,0,,,,,691.0,0,0,0,0,0,1,0,Condominium,Freehold,Non Bumi Lot,Medium,Negeri Sembilan,Tasik Mewah Condominium,Unknown,Seremban
103538515,700000,845.0,3.0,2.0,2.0,2,0,0,0,0,0,0,0,2022.0,4.0,,478.0,727.0,0,0,0,0,1,1,1,Condominium,Leasehold,Non Bumi Lot,Unknown,Penang,3 Residence,IJM LAND BERHAD,Jelutong
103794883,246000,936.0,3.0,2.0,1.0,4,0,0,0,0,0,0,0,,,21.0,,1405.0,0,1,0,0,1,0,0,Apartment,Leasehold,Bumi Lot,Medium,Johor,Sri Impian Apartment (Larkin Perdana),Unknown,Johor Bahru
103794878,75000,750.0,3.0,1.0,1.0,0,0,0,0,0,0,0,0,,,,,417.0,0,0,0,0,0,0,0,Apartment,Freehold,Non Bumi Lot,Unknown,Selangor,Hulubalang Shop Apartment,Unknown,Klang
102905110,97000,645.0,3.0,2.0,1.0,0,1,0,0,0,0,0,0,,,,,425.0,0,0,0,0,0,0,0,Apartment,Freehold,Non Bumi Lot,Low,Selangor,Palma Apartment (Bandar Country Homes),Unknown,Rawang
102905091,115000,700.0,3.0,2.0,1.0,0,1,0,0,0,1,0,0,,,5.0,,467.0,0,0,0,0,0,0,0,Apartment,Leasehold,Non Bumi Lot,Low,Selangor,Anggerik Apartment (Taman Bunga Raya),Medan Prestasi Sdn Bhd,Bukit Beruntung
102889785,500000,1849.0,4.0,3.0,2.0,6,0,0,0,0,0,0,0,,,7.0,,184.0,1,1,1,0,1,0,0,Condominium,Leasehold,Non Bumi Lot,High,Selangor,Templer Impian,Unknown,Rawang
102889632,69000,720.0,3.0,1.0,1.0,0,1,0,1,1,0,0,0,,,,,358.0,0,0,0,0,0,0,0,Apartment,Freehold,Non Bumi Lot,High,Selangor,Taman Sri Hijau,Unknown,Rawang
102889068,63000,650.0,3.0,1.0,1.0,0,0,0,0,0,0,0,0,,,,,171.0,0,0,0,0,0,0,0,Flat,Freehold,Non Bumi Lot,Medium,Selangor,Apartment Seri Seroja,Unknown,Rawang
102889006,65000,581.0,3.0,1.0,1.0,0,0,0,0,0,0,0,0,,,,,153.0,0,0,0,0,0,0,0,Flat,Freehold,Bumi Lot,Medium,Selangor,Rumah Pangsa Seri Ros,Talam Industries Sdn BHd,Rawang
103795029,285000,700.0,3.0,2.0,1.0,0,0,0,0,0,0,0,0,1992.0,34.0,17.0,3.0,364.0,0,0,0,0,0,0,1,Apartment,Leasehold,Non Bumi Lot,Unknown,Penang,Desa Delima,Unknown,Ayer Itam
103795016,260000,650.0,3.0,2.0,1.0,3,0,0,0,0,0,0,0,,,,405.0,358.0,0,1,0,0,0,0,0,Apartment,Freehold,Non Bumi Lot,Unknown,Penang,Puncak Terubong,Lone Pine Group,Ayer Itam
103795013,220000,750.0,3.0,2.0,1.0,6,0,0,0,0,0,1,0,,,5.0,,492.0,0,1,0,0,1,0,0,Apartment,Freehold,Non Bumi Lot,High,Selangor,Pangsapuri Akasia (Bandar Botanic),Unknown,Klang
101837463,300000,800.0,3.0,2.0,1.0,9,1,1,1,0,1,1,0,2026.0,0.0,,3600.0,1284.0,1,1,1,1,1,0,0,Service Residence,Leasehold,Non Bumi Lot,Unknown,Kuala Lumpur,J.Satine,Gandingan Jakel,Kuala Lumpur
103040014,420000,951.0,3.0,2.0,1.0,10,0,1,0,0,0,0,0,2018.0,8.0,42.0,1675.0,694.0,1,1,1,1,1,0,1,Service Residence,Freehold,Non Bumi Lot,High,Selangor,Symphony Tower,Mitraland Group,Balakong
102843087,310000,1087.0,3.0,3.0,2.0,10,0,0,0,0,0,0,0,2022.0,4.0,,552.0,647.0,1,1,1,1,1,0,0,Condominium,Freehold,Non Bumi Lot,Unknown,Selangor,Residensi Adelia,Trans Loyal Development Sdn Bhd,Kajang
103794729,450000,900.0,3.0,2.0,2.0,14,0,0,0,0,0,0,0,,,,,1237.0,1,1,1,1,1,0,0,Condominium,Freehold,Bumi Lot,High,Putrajaya,Putrajaya » Putrajaya,Unknown,Putrajaya
103794705,515000,850.0,3.0,2.0,2.0,0,0,0,0,0,0,0,0,2016.0,10.0,49.0,2155.0,362.0,0,0,0,0,0,0,1,Condominium,Leasehold,Non Bumi Lot,Unknown,Penang,I-Santorini,Ideal Property Group,Tanjong Tokong
103794834,600000,850.0,3.0,2.0,2.0,0,0,0,0,0,0,0,0,2016.0,10.0,49.0,2155.0,355.0,0,0,0,0,0,0,1,Condominium,Leasehold,Non Bumi Lot,Unknown,Penang,I-Santorini,Ideal Property Group,Tanjong Tokong
103794832,379888,668.0,2.0,2.0,1.0,11,1,1,0,1,0,0,0,2021.0,5.0,44.0,2136.0,1629.0,1,1,1,1,1,0,0,Service Residence,Leasehold,Non Bumi Lot,Unknown,Kuala Lumpur,Majestic Maxim,Maxim Holdings,Kuala Lumpur
103794818,300000,745.0,3.0,2.0,1.0,4,0,0,0,0,0,0,0,,,5.0,,207.0,0,1,0,0,1,0,0,Apartment,Freehold,Non Bumi Lot,Low,Selangor,Sri Cempaka (Puchong),Unknown,Puchong
92387411,740000,1450.0,3.0,3.0,2.0,10,0,0,0,0,0,0,0,2019.0,7.0,40.0,486.0,314.0,1,1,1,1,1,0,0,Condominium,Freehold,Non Bumi Lot,Medium,Penang,Skyridge Garden @ Tanjung Tokong,OHM Group,Tanjong Tokong
103794803,850000,1098.0,3.0,2.0,2.0,1,0,0,0,0,0,0,0,,,,846.0,336.0,0,0,1,0,0,0,0,Condominium,Freehold,Non Bumi Lot,Unknown,Penang,Muze @ PICC,Hunza Properties Berhad,Bayan Lepas
103794786,129000,650.0,3.0,2.0,1.0,0,0,0,0,0,0,0,0,,,,,874.0,0,0,0,0,0,0,0,Flat,Leasehold,Bumi Lot,Unknown,Selangor,Rumah Pangsa Impian,Unknown,Bandar Saujana Putra
102297326,530000,850.0,3.0,2.0,1.0,0,0,0,0,0,0,0,0,2016.0,10.0,49.0,2155.0,345.0,0,0,0,0,0,0,1,Condominium,Leasehold,Non Bumi Lot,Unknown,Penang,I-Santorini,Ideal Property Group,Tanjong Tokong
103740282,305000,1028.0,3.0,2.0,1.0,2,0,0,0,0,0,0,0,2005.0,21.0,,698.0,540.0,1,1,0,0,0,0,1,Apartment,Leasehold,Non Bumi Lot,Unknown,Johor,Sri Akasia,Unknown,Johor Bahru
103599839,288000,914.0,3.0,2.0,1.0,8,0,0,0,0,0,0,0,2006.0,20.0,21.0,565.0,498.0,1,1,0,1,1,0,0,Apartment,Leasehold,Non Bumi Lot,Unknown,Johor,Bayu Puteri 3,Must Ehsan Development Sdn Bhd,Johor Bahru
103794505,170000,783.0,3.0,2.0,1.0,4,1,0,0,0,1,0,0,,,,,1437.0,0,1,0,0,1,1,0,Apartment,Leasehold,Bumi Lot,High,Selangor,Birchwood Court,Unknown,Rawang
103794501,280000,736.0,3.0,2.0,1.0,0,0,0,0,0,1,0,1,2010.0,16.0,,596.0,552.0,0,0,0,0,0,1,1,Apartment,Freehold,Non Bumi Lot,Low,Selangor,Kemuning Aman,Paramount Property Development,Shah Alam
97828616,980000,969.0,2.0,2.0,2.0,0,0,0,0,0,0,0,0,2018.0,8.0,44.0,276.0,119.0,0,0,0,0,0,0,0,Condominium,Freehold,Non Bumi Lot,High,Selangor,The Hub SS2,Selangor Dredging Berhad,Petaling Jaya
103794477,480000,848.0,3.0,2.0,2.0,10,0,0,0,0,0,0,0,2017.0,9.0,,,627.0,1,1,1,1,1,1,0,Condominium,Leasehold,Non Bumi Lot,Medium,Sabah,The Gardens (Penampang),SC Land Group,Penampang
103794465,298000,1141.0,3.0,2.0,1.0,9,0,0,0,0,0,0,0,,,18.0,240.0,491.0,1,1,1,0,1,0,0,Condominium,Leasehold,Non Bumi Lot,High,Kuala Lumpur,Glen View Villa,DRB-HICOM,Kuala Lumpur
103794442,300000,748.0,3.0,2.0,1.0,6,1,1,0,1,1,0,1,,,,,564.0,1,1,0,1,0,1,0,Condominium,Leasehold,Bumi Lot,Low,Kuala Lumpur,Putra Suria Residence,Amber Resource,Kuala Lumpur
101448663,738000,1550.0,3.0,2.0,1.0,11,1,1,0,0,1,0,0,1998.0,28.0,39.0,,1200.0,1,1,0,1,1,0,0,Condominium,Freehold,Non Bumi Lot,Unknown,Kuala Lumpur,Angkupuri,Homestead Development,Kuala Lumpur
103794493,155000,657.0,3.0,2.0,9.0,0,0,0,0,0,0,0,0,,,,,380.0,0,0,0,0,0,0,0,Apartment,Freehold,Non Bumi Lot,Low,Selangor,Pangsapuri Pendamar A (Klang),Unknown,Klang
103794636,230000,750.0,3.0,2.0,1.0,4,0,0,0,0,0,0,0,,,,,295.0,0,1,1,0,0,1,0,Apartment,Freehold,Non Bumi Lot,High,Selangor,Simfoni @ Eco Majestic,Unknown,Semenyih
103794620,410000,720.0,2.0,2.0,1.0,10,0,0,0,0,0,0,0,2016.0,10.0,,,1270.0,1,1,1,1,1,1,0,Service Residence,Freehold,Non Bumi Lot,Medium,Negeri Sembilan,Mesahill,Green Target Group,Nilai
103794616,380000,835.0,3.0,2.0,1.0,8,0,0,0,0,0,0,0,2007.0,19.0,22.0,816.0,443.0,1,1,0,1,1,1,1,Condominium,Freehold,Non Bumi Lot,Unknown,Penang,Asia Heights,Asia Green Group,Ayer Itam
101970117,390000,1148.0,3.0,2.0,1.0,10,0,0,0,0,0,0,0,,,17.0,,663.0,1,1,1,1,1,1,0,Condominium,Freehold,Non Bumi Lot,High,Kuala Lumpur,Seri Puri,Unknown,Kuala Lumpur
103794402,300000,760.0,3.0,2.0,1.0,2,0,0,1,0,1,0,0,,,5.0,480.0,329.0,0,1,0,0,0,0,0,Apartment,Freehold,Non Bumi Lot,High,Selangor,SD Apartment II,Land & General Berhad,Bandar Sri Damansara
103794426,550000,1001.0,3.0,2.0,2.0,8,0,0,0,0,0,0,0,2020.0,6.0,44.0,1400.0,213.0,1,1,1,1,1,0,0,Apartment,Freehold,Non Bumi Lot,Medium,Kuala Lumpur,Sentul Point Suite Apartment,UOA Group,Kuala Lumpur
96105459,170000,864.0,4.0,2.0,1.0,0,0,0,0,0,0,0,0,,,,,185.0,0,0,0,0,0,0,0,Flat,Leasehold,Non Bumi Lot,Low,Labuan,Taman Mutiara (Bebuloh),Unknown,Labuan
103401180,265000,815.0,3.0,2.0,2.0,7,0,1,0,0,1,1,0,2004.0,22.0,20.0,998.0,738.0,1,1,0,1,1,0,0,Apartment,Leasehold,Non Bumi Lot,Unknown,Selangor,Vista Pinggiran,LBS Bina Group Berhad,Seri Kembangan
103719422,199000,868.0,3.0,2.0,1.0,4,0,0,0,0,0,0,0,,,5.0,,716.0,0,1,0,0,1,0,0,Apartment,Freehold,Bumi Lot,Low,Selangor,Pangsapuri Taman Bukit Rawang Putra,Unknown,Rawang
103420274,240000,963.0,3.0,2.0,1.0,0,0,0,0,0,0,0,0,2013.0,13.0,4.0,1.0,519.0,0,0,0,0,0,1,0,Apartment,Freehold,Non Bumi Lot,Unknown,Johor,Daya View Apartment,Unknown,Johor Bahru
103653183,150000,550.0,2.0,1.0,1.0,0,0,0,0,0,0,0,0,,,,,420.0,0,0,0,0,0,1,1,Flat,Leasehold,Non Bumi Lot,Unknown,Penang,Medan Angsana (Farlim 2),Unknown,Ayer Itam
103653397,350000,800.0,3.0,2.0,1.0,7,0,0,0,0,0,0,0,1998.0,28.0,21.0,406.0,105.0,1,1,1,0,1,0,0,Condominium,Freehold,Non Bumi Lot,Unknown,Penang,Kingfisher Series Condominium,Hunza Properties Berhad,George Town
103653399,380000,800.0,3.0,2.0,1.0,5,0,0,0,0,0,0,0,1998.0,28.0,21.0,406.0,105.0,1,1,1,0,0,0,0,Condominium,Freehold,Non Bumi Lot,Unknown,Penang,Kingfisher Series Condominium,Hunza Properties Berhad,George Town
103653413,368000,800.0,3.0,2.0,1.0,6,0,0,0,0,0,0,0,1998.0,28.0,21.0,406.0,122.0,1,1,1,0,1,0,1,Condominium,Freehold,Non Bumi Lot,Unknown,Penang,Kingfisher Series Condominium,Hunza Properties Berhad,George Town
103794387,1300000,1766.0,3.0,3.0,2.0,0,0,0,0,0,0,0,0,2012.0,14.0,17.0,328.0,461.0,0,0,0,0,0,1,0,Condominium,Freehold,Non Bumi Lot,Unknown,Penang,The Light Linear @ The Light Waterfront,IJM LAND BERHAD,Gelugor
103794219,128000,800.0,3.0,2.0,1.0,2,0,0,0,0,0,0,0,,,,,744.0,0,0,0,0,1,0,0,Apartment,Leasehold,Non Bumi Lot,Unknown,Johor,Pangsapuri Seri Mengkuang,Unknown,Gelang Patah
102762016,450000,1060.0,3.0,2.0,1.0,8,0,0,0,0,0,0,0,1996.0,30.0,25.0,237.0,111.0,1,1,1,1,1,0,0,Condominium,Freehold,Non Bumi Lot,Unknown,Penang,Menara Greenview,Unknown,Jelutong
103727115,568000,860.0,2.0,2.0,2.0,9,0,0,0,0,0,0,0,2026.0,0.0,48.0,1332.0,1152.0,1,1,1,1,1,0,0,Condominium,Leasehold,Non Bumi Lot,Medium,Kuala Lumpur,River Park,Malton Berhad,Kuala Lumpur
103073311,920000,1600.0,4.0,3.0,2.0,8,1,1,1,1,1,0,0,2024.0,2.0,58.0,1300.0,1412.0,1,1,0,1,1,0,0,Service Residence,Leasehold,Non Bumi Lot,Unknown,Kuala Lumpur,Duta Park Residences,Malton Berhad Group,Kuala Lumpur
103031827,578000,990.0,3.0,2.0,2.0,8,1,1,1,1,1,0,0,2024.0,2.0,58.0,1300.0,1377.0,1,1,0,1,1,0,0,Service Residence,Leasehold,Non Bumi Lot,Unknown,Kuala Lumpur,Duta Park Residences,Malton Berhad Group,Kuala Lumpur
103794347,330000,1151.0,3.0,2.0,2.0,0,0,0,0,0,0,0,0,,,,,355.0,0,0,0,0,0,0,1,Townhouse Condo,Freehold,Non Bumi Lot,Low,Penang,Single Storey Terrace House Taman Sri Kijang,Unknown,Bukit Mertajam
97835915,388000,871.0,3.0,2.0,1.0,5,1,0,1,0,1,1,0,,,5.0,,1569.0,1,1,0,0,1,0,0,Apartment,Freehold,Non Bumi Lot,Low,Selangor,Desa Tanjung (Puchong),Unknown,Puchong
97833112,300000,850.0,3.0,2.0,1.0,5,1,0,1,0,1,1,0,,,5.0,,2083.0,1,1,0,0,1,0,0,Apartment,Freehold,Non Bumi Lot,High,Selangor,Desa Tanjung (Puchong),Unknown,Puchong
103794328,490000,1195.0,2.0,2.0,1.0,6,0,0,0,0,0,0,0,,,,,215.0,1,1,1,1,1,0,0,Condominium,Freehold,Non Bumi Lot,Medium,Johor,Molek Pine 2,Unknown,Johor Bahru
97831618,590000,1000.0,3.0,2.0,2.0,0,0,0,0,0,0,0,0,2012.0,14.0,18.0,348.0,1947.0,0,0,0,0,0,0,0,Service Residence,Leasehold,Non Bumi Lot,Medium,Selangor,I Residence @ Kota Damansara,KLIA Consultancy Services,Kota Damansara
101833545,288888,854.0,3.0,2.0,1.0,3,1,0,0,1,1,1,0,,,9.0,8.0,716.0,0,1,1,0,0,0,0,Apartment,Leasehold,Non Bumi Lot,Low,Selangor,Tasik Heights Apartment,Unknown,Cheras
102820417,580000,1200.0,3.0,2.0,2.0,1,0,0,0,0,0,0,0,,,19.0,142.0,201.0,0,0,0,0,0,1,1,Condominium,Freehold,Non Bumi Lot,Unknown,Penang,Mutiara Place,Unknown,Gelugor
100498095,380000,866.0,3.0,2.0,1.0,0,0,0,0,0,0,0,0,,,,,470.0,0,0,0,0,0,0,0,Condominium,Leasehold,Bumi Lot,Low,Sabah,Greenfield Residence (Kota Kinabalu),Unknown,Kota Kinabalu
102820433,390000,830.0,3.0,2.0,2.0,0,0,0,0,0,0,0,0,,,17.0,,231.0,0,0,0,0,0,1,1,Apartment,Freehold,Non Bumi Lot,High,Penang,Taman Hui Aun,Unknown,Ayer Itam
102820395,680000,1642.0,3.0,3.0,2.0,9,0,0,0,0,0,0,0,2015.0,11.0,,222.0,170.0,1,1,1,1,1,1,1,Condominium,Freehold,Non Bumi Lot,High,Penang,Pine Residence,Lone Pine Group,Paya Terubong
102820397,270000,700.0,3.0,2.0,1.0,2,0,0,0,0,0,0,0,1995.0,31.0,11.0,100.0,198.0,0,1,0,0,0,0,1,Apartment,Freehold,Non Bumi Lot,High,Penang,Desa Permata Ruby Block 17,Unknown,Ayer Itam
95161540,1680000,6000.0,5.0,5.0,3.0,10,1,1,1,1,1,0,0,2012.0,14.0,,391.0,928.0,1,1,0,1,1,0,0,Condominium,Leasehold,Non Bumi Lot,High,Kuala Lumpur,Riana Green East,IJM LAND BERHAD,Kuala Lumpur
103464980,350000,1100.0,3.0,2.0,1.0,7,1,0,1,0,0,1,0,,,,760.0,457.0,1,1,0,0,1,0,0,Apartment,Freehold,Non Bumi Lot,Low,Selangor,Bayu Villa,Unknown,Klang
102827644,288888,650.0,1.0,1.0,1.0,6,0,0,0,0,0,0,0,2014.0,12.0,,410.0,386.0,1,1,1,1,1,0,0,Condominium,Freehold,Non Bumi Lot,Medium,Penang,Wellesley Residences @ Harbour Place,PJD Group,Butterworth
103653187,395000,1080.0,3.0,2.0,1.0,0,0,0,0,0,0,0,0,2007.0,19.0,16.0,416.0,519.0,0,0,0,0,0,0,0,Condominium,Freehold,Non Bumi Lot,Unknown,Kuala Lumpur,Putra Villa,Haluan Mulia Sdn Bhd,Kuala Lumpur
101624781,235000,495.0,1.0,1.0,1.0,9,0,0,0,0,0,0,0,,,27.0,303.0,693.0,1,1,1,1,1,1,0,Condominium,Leasehold,Non Bumi Lot,Medium,Johor,Zennith Suites,Unknown,Johor Bahru
102850319,130000,521.0,2.0,1.0,1.0,0,0,0,0,0,0,0,0,,,13.0,1020.0,352.0,0,0,0,0,0,1,0,Apartment,Freehold,Non Bumi Lot,Medium,Penang,Desa Intan,Unknown,Ayer Itam
102507531,300000,854.0,3.0,2.0,1.0,6,0,0,0,0,0,0,0,,,,,591.0,1,1,1,0,1,0,0,Apartment,Leasehold,Non Bumi Lot,Medium,Kuala Lumpur,Tasik Height Apartment Bandar Tasik Selatan,Unknown,Kuala Lumpur
103188233,580000,1270.0,4.0,2.0,2.0,8,0,0,0,0,0,0,0,2017.0,9.0,31.0,476.0,140.0,1,1,0,1,1,0,1,Condominium,Freehold,Non Bumi Lot,High,Penang,Gardens Ville,GSD Land (M) Sdn Bhd,Sungai Ara
102883481,328000,2524.0,4.0,2.0,2.0,0,0,0,0,0,0,0,0,,,,,348.0,0,0,0,0,0,0,0,Others,Freehold,Non Bumi Lot,Unknown,Penang,Pangsapuri Prima Prai,Unknown,Perai
103073088,628000,1642.0,4.0,2.0,2.0,0,0,0,0,0,0,0,0,2015.0,11.0,,222.0,73.0,0,0,0,0,0,0,1,Condominium,Freehold,Non Bumi Lot,Medium,Penang,Pine Residence,Lone Pine Group,Paya Terubong
103204071,450000,1060.0,3.0,2.0,1.0,6,0,0,0,0,0,0,0,1996.0,30.0,25.0,237.0,101.0,1,1,1,1,1,0,0,Condominium,Freehold,Non Bumi Lot,Unknown,Penang,Menara Greenview,Unknown,Jelutong
103793977,380000,769.0,2.0,2.0,1.0,0,0,0,0,0,0,0,0,2021.0,5.0,21.0,613.0,290.0,0,0,0,0,0,0,0,Condominium,Leasehold,Non Bumi Lot,Medium,Johor,The Garden Residences,Scientex (Skudai),Skudai
102059971,280000,645.0,3.0,2.0,1.0,4,0,0,0,0,0,0,0,,,27.0,454.0,599.0,0,1,1,0,0,0,0,Apartment,Freehold,Non Bumi Lot,High,Penang,Mutiara Vista,Syarikat Perumahan Negara Berhad,Jelutong
101823513,270000,1050.0,3.0,2.0,1.0,12,0,0,0,0,0,0,0,,,,,803.0,0,1,0,1,1,0,0,Flat,Freehold,Bumi Lot,High,Selangor,Mutiara (Semenyih),Unknown,Semenyih
103794049,88000,646.0,3.0,3.0,1.0,0,1,0,0,0,0,0,0,,,4.0,,420.0,0,0,0,0,0,0,0,Flat,Freehold,Non Bumi Lot,Low,Selangor,Taman Sentosa,Classic Perspective Sdn Bhd,Klang
103793928,145000,650.0,2.0,1.0,1.0,0,1,1,0,1,1,1,1,,,,,2429.0,0,0,0,0,0,0,1,Flat,Leasehold,Bumi Lot,Medium,Kuala Lumpur,Taman Batu Permai,Unknown,Kuala Lumpur
103793924,338000,853.0,2.0,2.0,1.0,11,0,0,0,0,0,0,0,,,,,545.0,1,1,1,1,1,0,0,Service Residence,Leasehold,Non Bumi Lot,Low,Johor,Seasons Amara Larkin,Unknown,Johor Bahru
98072812,890000,836.0,2.0,2.0,1.0,7,0,0,0,0,0,0,0,2020.0,6.0,,510.0,110.0,1,1,1,1,1,0,0,Condominium,Freehold,Non Bumi Lot,Unknown,Kuala Lumpur,Continew Condominium,Ibraco Berhad,Kuala Lumpur
103793938,280000,750.0,3.0,2.0,1.0,6,0,0,0,0,0,1,0,,,5.0,,489.0,0,1,0,0,1,0,0,Apartment,Freehold,Non Bumi Lot,Low,Selangor,Pangsapuri Akasia (Bandar Botanic),Unknown,Klang
103793936,690000,1316.0,3.0,2.0,2.0,10,1,0,1,0,0,1,0,,,18.0,248.0,633.0,1,1,1,1,0,1,0,Condominium,Freehold,Non Bumi Lot,Medium,Kuala Lumpur,Menjalara 18,Radiant Symphony,Kuala Lumpur
102820446,899000,2200.0,3.0,2.0,2.0,8,0,0,0,0,0,0,0,,,19.0,168.0,198.0,1,1,1,1,0,1,1,Apartment,Freehold,Non Bumi Lot,High,Penang,BL Avenue,Reka Indah Development Sdn Bhd,Ayer Itam
102820176,800000,1800.0,4.0,3.0,2.0,4,0,0,0,0,0,0,0,,,14.0,,193.0,1,1,1,0,0,1,1,Condominium,Freehold,Non Bumi Lot,Low,Penang,Greenlane Heights,Hunza Properties Berhad,Greenlane
102820169,420000,860.0,3.0,2.0,1.0,7,0,0,0,0,0,0,0,2005.0,21.0,27.0,,185.0,1,1,1,1,1,1,1,Condominium,Freehold,Non Bumi Lot,Unknown,Penang,Greenlane Park,Unknown,Greenlane
102820476,430000,860.0,3.0,2.0,1.0,7,0,0,0,0,0,0,0,2005.0,21.0,27.0,,176.0,1,1,1,1,1,1,1,Condominium,Freehold,Non Bumi Lot,Unknown,Penang,Greenlane Park,Unknown,Greenlane
102820448,428000,860.0,3.0,2.0,1.0,7,0,0,0,0,0,0,0,2005.0,21.0,27.0,,183.0,1,1,1,1,1,1,1,Condominium,Freehold,Non Bumi Lot,Unknown,Penang,Greenlane Park,Unknown,Greenlane
100511965,350000,775.0,2.0,2.0,1.0,6,0,0,0,0,0,0,0,,,17.0,312.0,558.0,1,1,0,1,1,1,1,Service Residence,Freehold,Non Bumi Lot,Unknown,Penang,Avenue Garden,Tambun Indah Land Berhad,Simpang Ampat
103432147,299000,900.0,3.0,2.0,2.0,10,0,0,0,0,0,0,0,2019.0,7.0,,635.0,916.0,1,1,1,1,1,0,0,Apartment,Freehold,Non Bumi Lot,High,Selangor,D'Cerrum Apartment,SP Setia Berhad,Semenyih
103794018,590000,926.0,3.0,2.0,1.0,7,1,0,0,0,1,1,0,2020.0,6.0,32.0,2000.0,332.0,1,1,1,1,1,1,0,Condominium,Leasehold,Non Bumi Lot,High,Kuala Lumpur,Platinum Splendor Residensi Semarak,Platinum Victory Development Sdn Bhd,Kuala Lumpur
103219662,1150000,2335.0,5.0,3.0,4.0,14,0,0,0,0,0,0,0,2011.0,15.0,38.0,420.0,484.0,1,1,1,1,1,0,0,Condominium,Freehold,Non Bumi Lot,High,Penang,Boulevard Condominium (BLVD),Reka Indah Development Sdn Bhd,Ayer Itam
103066708,580000,936.0,3.0,2.0,2.0,14,0,0,0,0,0,0,0,2011.0,15.0,38.0,420.0,489.0,1,1,1,1,1,1,1,Condominium,Freehold,Non Bumi Lot,Medium,Penang,Boulevard Condominium (BLVD),Reka Indah Development Sdn Bhd,Ayer Itam
95697568,1700000,3735.0,4.0,5.0,2.0,4,0,0,0,0,0,0,0,,,12.0,150.0,1568.0,1,1,0,0,1,1,1,Condominium,Freehold,Non Bumi Lot,High,Selangor,Impiana (Ampang),Unknown,Ampang
103081545,650000,1023.0,3.0,2.0,2.0,9,1,1,0,0,1,1,0,2021.0,5.0,63.0,956.0,1324.0,1,1,1,1,1,0,0,Service Residence,Freehold,Non Bumi Lot,Unknown,Kuala Lumpur,The Era,JKG Land Berhad,Kuala Lumpur
103200597,60000,726.0,3.0,1.0,1.0,0,0,0,0,0,0,0,0,,,,,556.0,0,0,0,0,0,0,0,Apartment,Leasehold,Non Bumi Lot,Medium,Selangor,Pangsapuri BBK Bandar Baru Kundang,Nilai Idaman Sdn Bhd,Rawang
101624824,399000,1097.0,3.0,3.0,1.0,10,0,0,0,0,0,0,0,,,,,550.0,1,1,1,1,1,1,1,Service Residence,Freehold,Non Bumi Lot,Unknown,Johor,KSL Residences @ Daya,KSL Holdings Bhd,Johor Bahru
101624705,428000,1050.0,3.0,3.0,1.0,10,0,0,0,0,0,0,0,,,,,550.0,1,1,1,1,1,1,1,Service Residence,Freehold,Non Bumi Lot,Low,Johor,KSL Residences @ Daya,KSL Holdings Bhd,Johor Bahru
103448748,310000,956.0,3.0,2.0,1.0,13,0,0,0,0,0,0,0,,,19.0,392.0,599.0,1,1,1,1,1,0,0,Condominium,Freehold,Bumi Lot,High,Selangor,Villa Park,VILLAMAS GROUP OF COMPANIES,Seri Kembangan
103793700,530000,800.0,3.0,2.0,2.0,9,0,0,0,0,0,0,0,2018.0,8.0,45.0,1168.0,413.0,1,1,1,1,1,1,1,Condominium,Freehold,Non Bumi Lot,High,Penang,TRI PINNACLE,Aspen Group,Tanjong Tokong
103793763,213000,950.0,3.0,2.0,1.0,14,1,1,0,0,1,1,0,2002.0,24.0,,1188.0,1089.0,1,1,1,1,1,1,0,Condominium,Freehold,Non Bumi Lot,Medium,Selangor,Cyberia SmartHomes,Paramoden (MK Land),Cyberjaya
103793762,680000,1316.0,4.0,2.0,1.0,10,1,0,1,0,0,1,0,,,18.0,248.0,630.0,1,1,1,1,0,1,0,Condominium,Freehold,Non Bumi Lot,Low,Kuala Lumpur,Menjalara 18,Radiant Symphony,Kuala Lumpur
103793742,285000,736.0,3.0,2.0,1.0,4,0,0,0,0,1,0,1,2010.0,16.0,,596.0,863.0,0,1,1,0,1,0,1,Apartment,Freehold,Bumi Lot,Medium,Selangor,Kemuning Aman,Paramount Property Development,Shah Alam
101673194,620000,1100.0,3.0,2.0,1.0,4,0,0,0,0,0,0,0,1997.0,29.0,14.0,96.0,116.0,1,1,1,0,0,0,0,Condominium,Freehold,Non Bumi Lot,Unknown,Penang,Flamingo Series,Unknown,Jelutong
102464025,580000,1100.0,3.0,2.0,1.0,4,0,0,0,0,0,0,0,1997.0,29.0,14.0,96.0,138.0,1,1,1,0,0,0,0,Condominium,Freehold,Non Bumi Lot,Unknown,Penang,Flamingo Series,Unknown,Jelutong
103356717,578000,1100.0,3.0,2.0,1.0,4,0,0,0,0,0,0,0,1997.0,29.0,14.0,96.0,140.0,1,1,1,0,0,0,0,Condominium,Freehold,Non Bumi Lot,Unknown,Penang,Flamingo Series,Unknown,Jelutong
102464037,590000,1100.0,3.0,2.0,1.0,4,0,0,0,0,0,0,0,1997.0,29.0,14.0,96.0,119.0,1,1,1,0,0,0,0,Condominium,Freehold,Non Bumi Lot,Unknown,Penang,Flamingo Series,Unknown,Jelutong
103282764,740000,1226.0,3.0,2.0,2.0,8,0,0,0,0,0,0,0,2018.0,8.0,38.0,473.0,339.0,1,1,0,1,1,1,1,Condominium,Freehold,Non Bumi Lot,Unknown,Penang,Mont Residence @ Penang,Visentak Capital Sdn Bhd,Tanjong Tokong
102881026,1700000,2314.0,3.0,4.0,2.0,7,0,0,0,0,0,0,0,2010.0,16.0,,228.0,195.0,1,1,1,1,0,1,1,Condominium,Freehold,Non Bumi Lot,High,Penang,Platino,IJM Land Berhad,Gelugor
101960777,270000,700.0,3.0,2.0,1.0,3,0,0,0,0,0,0,0,,,14.0,,207.0,0,1,1,0,0,0,1,Apartment,Freehold,Non Bumi Lot,Unknown,Penang,Greenlane Heights,Hunza Properties Berhad,Greenlane
102880636,330000,700.0,3.0,2.0,1.0,9,0,0,0,0,0,0,0,2012.0,14.0,30.0,500.0,186.0,1,1,1,1,1,0,0,Apartment,Freehold,Non Bumi Lot,Unknown,Penang,Melody Homes,Belleview Group,Ayer Itam
102881017,1600000,2476.0,4.0,5.0,2.0,9,0,0,0,0,0,0,0,2010.0,16.0,,228.0,197.0,1,1,1,1,1,1,1,Condominium,Freehold,Non Bumi Lot,Unknown,Penang,Platino,IJM Land Berhad,Gelugor
101960781,950000,1646.0,3.0,3.0,2.0,9,0,0,0,0,0,0,0,2018.0,8.0,44.0,378.0,179.0,1,1,1,1,1,0,0,Condominium,Freehold,Non Bumi Lot,High,Penang,Grace Residence,Nova Mulia Development Sdn Bhd,Jelutong
102882132,498000,887.0,3.0,2.0,2.0,10,0,0,0,0,0,0,0,2013.0,13.0,30.0,808.0,173.0,1,1,1,1,1,1,1,Condominium,Freehold,Non Bumi Lot,High,Penang,All Seasons Park,Belleview Group,Ayer Itam
102892430,325000,700.0,3.0,2.0,1.0,5,0,0,0,0,0,0,0,1997.0,29.0,20.0,205.0,174.0,0,1,1,0,0,0,1,Condominium,Freehold,Non Bumi Lot,High,Penang,Taman Seri Perak,Unknown,George Town
102892432,1300000,1819.0,3.0,3.0,2.0,8,0,0,0,0,0,0,0,2010.0,16.0,,228.0,152.0,1,1,1,1,1,1,1,Condominium,Freehold,Non Bumi Lot,High,Penang,Platino,IJM Land Berhad,Gelugor
103551285,590000,1110.0,3.0,2.0,2.0,7,0,0,0,0,0,0,0,2010.0,16.0,38.0,,338.0,1,1,1,1,0,0,0,Condominium,Leasehold,Non Bumi Lot,Unknown,Penang,The Oasis,Arte Corp,Gelugor
102894373,270000,700.0,3.0,2.0,1.0,3,0,0,0,0,0,0,0,1995.0,31.0,11.0,100.0,142.0,0,1,1,0,0,0,0,Apartment,Freehold,Non Bumi Lot,Unknown,Penang,Desa Permata Ruby Block 17,Unknown,Ayer Itam
102882136,590000,1091.0,3.0,3.0,1.0,10,0,0,0,0,0,0,0,2013.0,13.0,30.0,808.0,205.0,1,1,1,1,1,1,1,Condominium,Freehold,Non Bumi Lot,Unknown,Penang,All Seasons Park,Belleview Group,Ayer Itam
102894376,320000,700.0,3.0,2.0,1.0,6,0,0,0,0,0,0,0,1995.0,31.0,17.0,224.0,187.0,1,1,1,0,1,1,0,Apartment,Freehold,Non Bumi Lot,Unknown,Penang,Taman Lone Pine (Medium Low Cost),Unknown,Paya Terubong
102882138,630000,1222.0,3.0,3.0,2.0,10,0,0,0,0,0,0,0,2013.0,13.0,30.0,808.0,216.0,1,1,1,1,1,1,1,Condominium,Freehold,Non Bumi Lot,Unknown,Penang,All Seasons Park,Belleview Group,Ayer Itam
102881313,350000,800.0,3.0,2.0,1.0,7,0,0,0,0,0,0,0,1998.0,28.0,21.0,406.0,166.0,1,1,1,0,1,0,1,Condominium,Freehold,Non Bumi Lot,Low,Penang,Kingfisher Series Condominium,Hunza Properties Berhad,George Town
101960423,198000,550.0,2.0,1.0,2.0,14,0,0,0,0,0,0,0,,,,,688.0,1,1,1,1,1,1,0,Condominium,Freehold,Bumi Lot,High,Selangor,Selangor » Cyberjaya,Unknown,Cyberjaya
102820450,598000,1270.0,4.0,2.0,2.0,7,0,0,0,0,0,0,0,2005.0,21.0,27.0,,215.0,1,1,1,1,1,1,1,Condominium,Freehold,Non Bumi Lot,Unknown,Penang,Greenlane Park,Unknown,Greenlane
102820649,570000,1055.0,3.0,2.0,2.0,8,0,0,0,0,0,0,0,2007.0,19.0,16.0,122.0,180.0,1,1,0,1,1,1,1,Condominium,Freehold,Non Bumi Lot,High,Penang,Penhill Perdana Condominium,Unknown,Ayer Itam
103793824,450000,442.0,1.0,2.0,1.0,14,1,0,0,0,1,1,0,,,,,717.0,1,1,1,1,1,1,1,Service Residence,Freehold,Non Bumi Lot,Low,Kuala Lumpur,Arte Mont Kiara,Arte Corp,Kuala Lumpur
102159640,380000,1076.0,3.0,2.0,1.0,6,0,0,0,0,0,0,0,,,,,169.0,1,0,0,1,1,0,0,Apartment,Freehold,Non Bumi Lot,Unknown,Penang,Palm Garden @ Pearl City,TAMBUN INDAH LAND,Simpang Ampat
102468626,270000,700.0,2.0,2.0,1.0,6,0,0,0,0,0,0,0,,,17.0,,848.0,1,0,1,0,1,0,1,Flat,Freehold,Bumi Lot,Medium,Putrajaya,Pangsapuri Putra Damai,Putrajaya Homes Sdn Bhd,Putrajaya
103624230,335000,939.0,3.0,2.0,1.0,0,0,0,0,0,0,0,0,2015.0,11.0,25.0,636.0,302.0,0,0,0,0,0,0,0,Apartment,Freehold,Non Bumi Lot,Medium,Selangor,Seri Mutiara Apartment @ Setia Alam,Setia Precast Sdn Bhd,Setia Alam
102893089,300000,1152.0,3.0,2.0,1.0,7,0,0,0,0,0,0,0,,,,,493.0,1,1,1,1,1,1,1,Apartment,Freehold,Non Bumi Lot,High,Johor,Desa Skudai Apartment,Unknown,Skudai
102199142,79000,506.0,2.0,1.0,1.0,0,0,0,0,0,0,0,0,,,,,553.0,0,0,0,0,0,1,1,Flat,Leasehold,Non Bumi Lot,Unknown,Johor,pangsapuri merak kangkar pulai,Unknown,Johor Bahru
101499810,555000,936.0,2.0,2.0,2.0,14,0,0,0,0,0,0,0,2011.0,15.0,38.0,420.0,550.0,1,1,1,1,1,1,0,Condominium,Freehold,Non Bumi Lot,Medium,Penang,Boulevard Condominium (BLVD),Reka Indah Development Sdn Bhd,Ayer Itam
103714789,498000,936.0,3.0,2.0,3.0,14,0,0,0,0,0,0,0,2011.0,15.0,38.0,420.0,166.0,1,1,1,1,1,0,1,Condominium,Freehold,Non Bumi Lot,Medium,Penang,Boulevard Condominium (BLVD),Reka Indah Development Sdn Bhd,Ayer Itam
103356674,598000,1087.0,3.0,2.0,2.0,14,0,0,0,0,0,0,0,2011.0,15.0,38.0,420.0,496.0,1,1,1,1,1,1,1,Condominium,Freehold,Non Bumi Lot,Medium,Penang,Boulevard Condominium (BLVD),Reka Indah Development Sdn Bhd,Ayer Itam
103301164,530000,936.0,3.0,2.0,2.0,14,0,0,0,0,0,0,0,2011.0,15.0,38.0,420.0,473.0,1,1,1,1,1,1,1,Condominium,Freehold,Non Bumi Lot,High,Penang,Boulevard Condominium (BLVD),Reka Indah Development Sdn Bhd,Ayer Itam
103390061,368000,900.0,2.0,2.0,1.0,0,0,0,0,0,0,0,0,1994.0,32.0,22.0,504.0,589.0,0,0,0,0,0,1,0,Condominium,Freehold,Non Bumi Lot,Medium,Penang,Sunny Ville Condominium,Unknown,Gelugor
101624732,368000,749.0,2.0,2.0,1.0,9,0,0,0,0,0,0,0,2018.0,8.0,27.0,712.0,500.0,1,1,1,1,1,0,1,Service Residence,Leasehold,Non Bumi Lot,Low,Johor,Twin Danga Residence,SKS Group,Johor Bahru
102889904,408000,1100.0,4.0,2.0,2.0,14,0,0,0,0,0,0,0,,,,,800.0,1,1,1,1,1,0,0,Condominium,Freehold,Non Bumi Lot,Low,Selangor,Mahkota Cheras Condominium,Unknown,Bandar Mahkota Cheras
103793643,378000,916.0,3.0,2.0,2.0,6,0,0,0,0,0,0,0,2016.0,10.0,22.0,328.0,302.0,1,1,0,1,1,0,0,Apartment,Leasehold,Non Bumi Lot,Medium,Johor,Larkin Heights Apartment,Mahabuilders Berhad,Johor Bahru
103793473,370000,1140.0,3.0,2.0,2.0,11,0,0,0,0,0,0,0,2017.0,9.0,14.0,608.0,517.0,1,1,1,1,1,0,0,Condominium,Freehold,Non Bumi Lot,Low,Penang,Royale Infinity,Taman Jadi Group,Simpang Ampat
103793506,295000,900.0,3.0,2.0,1.0,2,0,0,0,0,0,0,0,,,4.0,,353.0,0,1,0,0,0,0,0,Apartment,Freehold,Non Bumi Lot,High,Kuala Lumpur,Kenari Apartment (Taman Melati),Unknown,Kuala Lumpur
103793496,200000,720.0,3.0,2.0,1.0,3,0,0,0,0,0,0,0,,,,,483.0,0,1,1,0,0,0,0,Apartment,Freehold,Non Bumi Lot,Low,Penang,Pangsapuri Indah Teluk Air Tawar Blok 1A & 1B (Pangsapuri Indah Teluk Air Tawar),Unknown,Butterworth
102904007,198000,550.0,2.0,1.0,2.0,14,0,0,0,0,0,0,0,,,,,688.0,1,1,1,1,1,1,0,Condominium,Freehold,Bumi Lot,High,Selangor,Selangor » Cyberjaya,Unknown,Cyberjaya
102889893,580000,1280.0,4.0,3.0,3.0,14,0,0,0,0,0,0,0,,,,,924.0,1,1,1,1,1,0,0,Condominium,Freehold,Non Bumi Lot,Medium,Kuala Lumpur,Jalil Residence,Unknown,Kuala Lumpur
103489956,710000,1463.0,3.0,3.0,1.0,8,1,1,0,1,0,1,1,,,,,950.0,1,1,0,0,1,0,0,Condominium,Leasehold,Bumi Lot,Low,Selangor,Casa Indah 1,Dijaya Group Corporation,Petaling Jaya
103435132,598000,1270.0,4.0,2.0,2.0,7,0,0,0,0,0,0,0,2005.0,21.0,27.0,,110.0,1,1,1,1,1,0,0,Condominium,Freehold,Non Bumi Lot,Unknown,Penang,Greenlane Park,Unknown,Greenlane
102741031,340000,830.0,3.0,2.0,1.0,6,1,0,1,0,1,1,0,,,,,1098.0,1,1,0,0,1,0,1,Apartment,Leasehold,Bumi Lot,Medium,Kuala Lumpur,The Lumayan Apartment,Danau Lumayan Sdn Bhd,Kuala Lumpur
102889874,490000,850.0,3.0,2.0,2.0,14,1,1,0,1,1,1,1,2023.0,3.0,50.0,3600.0,872.0,1,1,1,1,1,1,0,Condominium,Freehold,Non Bumi Lot,Low,Kuala Lumpur,M Vertica,Mah Sing Group Berhad,Kuala Lumpur
101763640,350000,700.0,3.0,2.0,1.0,9,0,0,0,0,0,0,0,2012.0,14.0,30.0,500.0,106.0,1,1,1,1,1,0,0,Apartment,Freehold,Non Bumi Lot,Unknown,Penang,Melody Homes,Belleview Group,Ayer Itam
102718298,360000,700.0,3.0,2.0,1.0,9,0,0,0,0,0,0,0,2012.0,14.0,30.0,500.0,122.0,1,1,1,1,1,0,1,Apartment,Freehold,Non Bumi Lot,Unknown,Penang,Melody Homes,Belleview Group,Ayer Itam
102717845,330000,700.0,3.0,2.0,1.0,9,0,0,0,0,0,0,0,2012.0,14.0,30.0,500.0,106.0,1,1,1,1,1,0,0,Apartment,Freehold,Non Bumi Lot,Unknown,Penang,Melody Homes,Belleview Group,Ayer Itam
103793587,250000,550.0,1.0,1.0,1.0,8,0,0,0,0,0,0,0,,,,,669.0,1,1,0,1,1,0,0,Apartment,Leasehold,Non Bumi Lot,Medium,Johor,Aliff Avenue (Dwi Alif),Unknown,Skudai
101989957,380000,1405.0,4.0,3.0,1.0,14,0,0,0,0,0,0,0,,,15.0,192.0,1282.0,1,1,1,1,1,1,0,Condominium,Freehold,Non Bumi Lot,Low,Selangor,La Vista Condominiums,IOI Properties Group,Puchong
103793534,520000,800.0,3.0,2.0,2.0,9,0,0,0,0,0,0,0,2018.0,8.0,45.0,1168.0,379.0,1,1,1,1,1,1,1,Condominium,Freehold,Non Bumi Lot,High,Penang,TRI PINNACLE,Aspen Group,Tanjong Tokong
103113863,1050000,1582.0,3.0,2.0,1.0,7,1,1,1,1,1,1,0,2012.0,14.0,34.0,310.0,441.0,1,1,1,1,0,1,0,Service Residence,Freehold,Non Bumi Lot,High,Kuala Lumpur,Suasana Bukit Ceylon,UMLand,Kuala Lumpur
103793455,400000,1065.0,3.0,2.0,2.0,8,0,0,0,0,0,0,0,2014.0,12.0,23.0,418.0,62.0,1,1,1,1,1,0,0,Service Residence,Leasehold,Non Bumi Lot,Medium,Selangor,Park @ One South,Hua Yang Berhad,Seri Kembangan
102906295,350000,998.0,3.0,2.0,1.0,5,0,0,0,0,0,0,0,1990.0,36.0,10.0,,1052.0,1,1,0,0,1,0,0,Condominium,Leasehold,Bumi Lot,Low,Selangor,Mutiara Condominium (Ampang),Mutiara Condominium Sdn Bhd,Ampang
103793234,400000,1141.0,3.0,2.0,1.0,0,0,0,0,0,0,0,0,2021.0,5.0,21.0,613.0,386.0,0,0,0,0,0,1,1,Apartment,Leasehold,Non Bumi Lot,Medium,Johor,The Garden Residences,Scientex (Skudai),Skudai
103793184,535000,1237.0,3.0,2.0,4.0,8,0,0,0,0,0,0,0,2014.0,12.0,13.0,666.0,1454.0,1,1,1,1,1,1,0,Service Residence,Freehold,Non Bumi Lot,High,Selangor,Suria Jelutong,Sunsuria Berhad,Shah Alam
102906287,340000,920.0,3.0,2.0,1.0,7,1,0,0,1,1,1,0,1999.0,27.0,15.0,690.0,746.0,1,1,0,1,1,0,0,Condominium,Leasehold,Bumi Lot,Medium,Kuala Lumpur,Bayu Tasik 1,PPC Glomac Sdn. Bhd.,Kuala Lumpur
102400730,390000,1222.0,3.0,2.0,2.0,3,0,0,0,0,0,0,0,,,8.0,67.0,584.0,0,1,1,0,0,0,0,Apartment,Freehold,Non Bumi Lot,Low,Selangor,Mahkota Residence Apartment,Cheras Hong Soon Development Sdn. Bhd.,Cheras
103793204,160000,1272.0,2.0,2.0,2.0,7,0,0,0,0,0,0,0,,,,,259.0,1,1,1,0,1,0,0,Condominium,Leasehold,Non Bumi Lot,Medium,Melaka,Riviera Bay Resort Condominium,Unknown,Tanjong Kling
103793389,330000,1131.0,2.0,2.0,2.0,14,1,0,0,1,0,0,0,2021.0,5.0,,443.0,827.0,1,1,1,1,1,1,0,Condominium,Freehold,Non Bumi Lot,Medium,Kuala Lumpur,Damai Residence @ Sungai Besi,Choon Tian Sdn Bhd,Kuala Lumpur
103793385,290000,667.0,1.0,1.0,1.0,10,1,1,1,0,1,1,0,2014.0,12.0,22.0,470.0,724.0,1,1,1,1,1,0,0,Service Residence,Leasehold,Non Bumi Lot,High,Kuala Lumpur,The Loft @ ZetaPark,ZetaPark Development,Kuala Lumpur
103573434,268000,883.0,3.0,2.0,1.0,14,0,0,0,0,0,0,0,,,24.0,,606.0,1,1,1,1,1,1,0,Condominium,Freehold,Non Bumi Lot,High,Penang,Park View Tower @ Harbour Place,PJD Group,Butterworth
103793364,240000,780.0,2.0,2.0,2.0,4,0,0,0,0,0,0,0,,,,,166.0,0,1,1,0,1,0,1,Apartment,Freehold,Non Bumi Lot,High,Penang,Jade Tower (Ria),Unknown,Butterworth
103793360,690000,1991.0,4.0,3.0,2.0,9,1,1,1,1,0,1,0,,,8.0,825.0,611.0,1,1,1,1,1,0,0,Condominium,Leasehold,Non Bumi Lot,High,Kuala Lumpur,Fortune Avenue,Asian Pac Holdings Berhad,Kuala Lumpur
102501000,355000,838.0,3.0,2.0,1.0,9,0,0,0,0,0,0,0,2007.0,19.0,22.0,816.0,107.0,1,1,1,1,1,0,0,Condominium,Freehold,Non Bumi Lot,Unknown,Penang,Asia Heights,Asia Green Group,Ayer Itam
103485603,385000,838.0,3.0,2.0,2.0,9,0,0,0,0,0,0,0,2007.0,19.0,22.0,816.0,108.0,1,1,1,1,1,0,0,Condominium,Freehold,Non Bumi Lot,Unknown,Penang,Asia Heights,Asia Green Group,Ayer Itam
102593827,380000,838.0,3.0,2.0,1.0,9,0,0,0,0,0,0,0,2007.0,19.0,22.0,816.0,107.0,1,1,1,1,1,0,0,Condominium,Freehold,Non Bumi Lot,Unknown,Penang,Asia Heights,Asia Green Group,Ayer Itam
102500912,380000,838.0,3.0,2.0,1.0,9,0,0,0,0,0,0,0,2007.0,19.0,22.0,816.0,108.0,1,1,1,1,1,0,0,Condominium,Freehold,Non Bumi Lot,Unknown,Penang,Asia Heights,Asia Green Group,Ayer Itam
101881452,299000,1300.0,4.0,3.0,2.0,14,0,0,0,0,0,0,0,,,,,578.0,1,1,1,1,1,0,0,Condominium,Freehold,Non Bumi Lot,Medium,Putrajaya,Putrajaya P8 Apartment,Unknown,Putrajaya
103793112,460000,1333.0,4.0,2.0,2.0,8,1,1,1,0,1,1,0,2014.0,12.0,25.0,800.0,397.0,1,1,1,1,1,0,1,Condominium,Leasehold,Non Bumi Lot,Unknown,Kuala Lumpur,Platinum Lake PV 20,Platinum Victory Group Sdn. Bhd.,Kuala Lumpur
103793109,400000,750.0,2.0,2.0,1.0,12,0,0,0,0,0,0,0,2017.0,9.0,40.0,420.0,341.0,1,1,1,1,1,1,0,Service Residence,Freehold,Non Bumi Lot,Medium,Penang,Woodsbury Suites @ Harbour Place,PJD Group,Butterworth
102887335,380000,700.0,3.0,2.0,1.0,6,0,0,0,0,0,0,0,1998.0,28.0,21.0,406.0,857.0,1,1,1,0,1,1,0,Condominium,Freehold,Non Bumi Lot,Medium,Penang,Kingfisher Series Condominium,Hunza Properties Berhad,George Town
102878384,299000,1100.0,4.0,2.0,2.0,14,0,0,0,0,0,0,0,,,,,496.0,1,1,1,1,1,0,0,Condominium,Freehold,Non Bumi Lot,Medium,Putrajaya,"Apartment Presint 17, Putrajaya",Unknown,Putrajaya
103793327,330000,825.0,2.0,1.0,2.0,0,0,0,0,0,0,0,0,2021.0,5.0,21.0,613.0,577.0,0,0,0,0,0,1,1,Condominium,Leasehold,Non Bumi Lot,Medium,Johor,The Garden Residences,Scientex (Skudai),Skudai
100582129,265000,949.0,3.0,2.0,2.0,7,0,0,0,0,0,0,0,2019.0,7.0,,635.0,621.0,1,1,1,0,1,0,0,Apartment,Freehold,Non Bumi Lot,Medium,Selangor,D'Cerrum Apartment,SP Setia Berhad,Semenyih
103793317,483000,1742.0,3.0,2.0,2.0,9,0,0,0,0,0,0,0,2014.0,12.0,30.0,600.0,1313.0,1,1,1,1,1,0,1,Condominium,Freehold,Non Bumi Lot,Medium,Selangor,Serin Residency,Trientel Land (Villamas Group),Cyberjaya
103793316,245000,850.0,3.0,2.0,1.0,5,0,0,0,0,0,0,0,2015.0,11.0,20.0,1440.0,595.0,0,1,1,0,1,0,0,Apartment,Leasehold,Non Bumi Lot,Medium,Selangor,Flora Damansara,MK Land Holdings,Damansara Perdana
103793311,448000,1477.0,4.0,3.0,2.0,12,0,0,0,0,0,0,0,2015.0,11.0,22.0,229.0,334.0,1,1,1,1,1,0,0,Condominium,Freehold,Non Bumi Lot,Unknown,Selangor,Imperial Residence Cheras,Beverly Group Sdn Bhd,Cheras
100481760,300000,1300.0,4.0,3.0,2.0,14,0,0,0,0,0,0,0,,,,,585.0,1,1,1,1,1,0,0,Condominium,Freehold,Non Bumi Lot,Medium,Putrajaya,"Apartment Presint 17, Putrajaya",Unknown,Putrajaya
102886577,85000,743.0,3.0,2.0,1.0,0,0,0,0,0,0,0,0,,,,,277.0,0,0,0,0,0,0,1,Apartment,Leasehold,Non Bumi Lot,High,Melaka,Kota Laksamana Utama Apartment,Unknown,Melaka City
103793285,290000,750.0,3.0,2.0,2.0,14,0,0,0,0,0,1,0,,,,460.0,221.0,1,1,1,1,1,1,0,Apartment,Freehold,Non Bumi Lot,High,Selangor,Suria Ixora,Sunsuria Berhad,Shah Alam
103793281,460000,1000.0,3.0,2.0,1.0,4,0,0,0,0,0,0,0,,,5.0,108.0,397.0,1,1,0,1,0,0,0,Condominium,Freehold,Non Bumi Lot,Low,Penang,Bukit Dumbar Indah,Unknown,Bukit Dumbar
103626074,99000,613.0,3.0,2.0,1.0,0,0,0,0,0,0,0,0,,,,,452.0,0,0,0,0,0,0,0,Flat,Leasehold,Non Bumi Lot,Medium,Johor,Jasa,Unknown,Skudai
102878299,299000,1100.0,4.0,2.0,2.0,14,0,0,0,0,0,0,0,2021.0,5.0,42.0,1311.0,478.0,1,1,1,1,1,0,0,Condominium,Freehold,Non Bumi Lot,Medium,Selangor,Lakefront Homes @ Cyberjaya,LakeFront Residence Sdn Bhd,Cyberjaya
103652137,138000,800.0,3.0,2.0,1.0,0,0,0,0,0,0,0,0,,,,,619.0,0,0,0,0,0,0,0,Apartment,Leasehold,Non Bumi Lot,Medium,Johor,Seri Mengkuang,Unknown,Gelang Patah
102776037,180000,650.0,3.0,2.0,1.0,4,0,0,0,0,0,0,0,,,,,298.0,0,0,1,0,1,0,0,Apartment,Leasehold,Bumi Lot,High,Kuala Lumpur,PPR Taman Wahyu 2,Unknown,Kuala Lumpur
101890860,299000,1300.0,4.0,3.0,2.0,14,0,0,0,0,0,0,0,2017.0,9.0,16.0,128.0,667.0,1,1,1,1,1,0,0,Condominium,Freehold,Non Bumi Lot,Medium,Selangor,Sawtelle Suites Cyberjaya,COUNTRY HEIGHTS HOLDINGS BERHAD,Cyberjaya
97543894,245000,850.0,3.0,2.0,1.0,5,1,0,1,0,0,1,0,2000.0,26.0,10.0,20.0,1483.0,1,1,1,0,1,0,0,Apartment,Leasehold,Bumi Lot,Low,Selangor,Pangsapuri Perdana (Seksyen 13),Unknown,Shah Alam
103752445,385000,897.0,3.0,2.0,1.0,10,1,0,0,0,1,0,0,2010.0,16.0,,704.0,1948.0,1,1,1,1,1,1,1,Condominium,Leasehold,Bumi Lot,Low,Selangor,Banjaria Court,Perbadanan Kemajuan Negeri Selangor (PKNS),Batu Caves
96426992,635000,1345.0,4.0,3.0,2.0,0,0,0,0,0,0,0,0,2014.0,12.0,,600.0,1959.0,0,0,0,0,0,1,0,Condominium,Leasehold,Non Bumi Lot,High,Selangor,The Regina,Regina Development Sdn Bhd,USJ
103452020,530000,1091.0,3.0,3.0,1.0,10,0,0,0,0,0,0,0,2013.0,13.0,30.0,808.0,524.0,1,1,1,1,1,0,0,Condominium,Freehold,Non Bumi Lot,Unknown,Penang,All Seasons Park,Belleview Group,Ayer Itam
103452025,600000,1285.0,3.0,3.0,1.0,10,0,0,0,0,0,0,0,2013.0,13.0,30.0,808.0,546.0,1,1,1,1,1,0,1,Condominium,Freehold,Non Bumi Lot,Unknown,Penang,All Seasons Park,Belleview Group,Ayer Itam
103452017,495000,887.0,3.0,2.0,2.0,10,0,0,0,0,0,0,0,2013.0,13.0,30.0,808.0,521.0,1,1,1,1,1,0,0,Condominium,Freehold,Non Bumi Lot,Unknown,Penang,All Seasons Park,Belleview Group,Ayer Itam
103452015,450000,887.0,3.0,2.0,1.0,10,0,0,0,0,0,0,0,2013.0,13.0,30.0,808.0,545.0,1,1,1,1,1,0,1,Condominium,Freehold,Non Bumi Lot,Unknown,Penang,All Seasons Park,Belleview Group,Ayer Itam
98227923,450000,1009.0,3.0,2.0,2.0,0,0,0,0,0,0,0,0,,,,,623.0,0,0,0,0,0,0,0,Condominium,Leasehold,Non Bumi Lot,Medium,Sabah,Kingfisher @ Putatan,Unknown,Penampang
102903842,778000,1550.0,4.0,3.0,2.0,12,1,0,0,0,0,1,0,2016.0,10.0,,474.0,487.0,1,1,1,1,1,0,1,Condominium,Freehold,Non Bumi Lot,Unknown,Kuala Lumpur,Vina Versatile Homes,Mitraland Group,Kuala Lumpur
102916673,820000,1227.0,3.0,2.0,2.0,14,1,0,0,1,0,1,0,2018.0,8.0,41.0,1115.0,448.0,1,1,1,1,1,1,1,Service Residence,Freehold,Non Bumi Lot,Medium,Kuala Lumpur,Eco Sky,Eco Sky Development Sdn Bhd,Kuala Lumpur
101880348,299000,1300.0,4.0,3.0,2.0,14,0,1,0,0,0,0,0,,,,52.0,776.0,1,1,1,1,1,0,0,Condominium,Freehold,Non Bumi Lot,Medium,Selangor,Cyberview Garden Villas,Cyberview Lodge Resorts & Spa,Cyberjaya
103793098,468000,1285.0,3.0,2.0,1.0,11,1,1,1,1,0,1,0,,,16.0,96.0,760.0,1,1,1,1,1,1,0,Condominium,Leasehold,Non Bumi Lot,Low,Selangor,Eastside @ One Ampang Avenue,Perdana Parkcity sdn bhd,Ampang
103792881,650000,1202.0,4.0,3.0,2.0,9,0,0,0,0,0,0,0,2021.0,5.0,,363.0,674.0,1,1,1,1,1,0,1,Condominium,Freehold,Non Bumi Lot,Low,Putrajaya,Setia Seraya Residence,Setia Promenade Sdn Bhd (SP Setia),Putrajaya
103792843,1150000,1661.0,4.0,3.0,2.0,5,1,1,1,0,1,1,1,2011.0,15.0,41.0,192.0,529.0,1,0,0,1,1,1,0,Condominium,Freehold,Non Bumi Lot,Medium,Kuala Lumpur,Kiara 9,Kina-Bijak Sdn Bhd,Kuala Lumpur
103462548,410000,1100.0,3.0,2.0,1.0,3,1,1,0,0,1,1,0,,,12.0,,578.0,0,1,0,0,1,0,0,Condominium,Leasehold,Non Bumi Lot,High,Kuala Lumpur,Pertiwi Indah,Unknown,Kuala Lumpur
103551709,340000,1100.0,3.0,2.0,1.0,7,1,0,0,0,1,1,0,1996.0,30.0,19.0,,588.0,1,1,0,1,1,0,1,Condominium,Leasehold,Non Bumi Lot,Unknown,Kuala Lumpur,Bam Villa,Unknown,Kuala Lumpur
103793061,350000,1311.0,2.0,2.0,2.0,14,1,1,0,1,1,1,0,2007.0,19.0,30.0,151.0,776.0,1,1,1,1,1,1,0,Condominium,Freehold,Non Bumi Lot,Medium,Kuala Lumpur,The Gardens (Mid Valley City),IGB Corporation Berhad,Kuala Lumpur
102020919,120000,480.0,2.0,1.0,1.0,2,0,0,0,0,0,0,1,,,,,1524.0,0,0,0,0,1,0,0,Flat,Freehold,Non Bumi Lot,Low,Selangor,Taman Asa Jaya,Unknown,Kajang
103485601,380000,838.0,3.0,2.0,2.0,9,0,0,0,0,0,0,0,2007.0,19.0,22.0,816.0,108.0,1,1,1,1,1,0,0,Condominium,Freehold,Non Bumi Lot,Unknown,Penang,Asia Heights,Asia Green Group,Ayer Itam
103793045,450000,994.0,2.0,2.0,1.0,6,1,1,0,1,0,1,0,,,18.0,600.0,454.0,0,1,0,0,1,0,0,Condominium,Freehold,Non Bumi Lot,Low,Kuala Lumpur,Anjung Hijau,BERJAYA GROUP,Kuala Lumpur
103248462,240000,720.0,3.0,2.0,1.0,3,0,0,0,0,0,0,0,1992.0,34.0,17.0,3.0,106.0,0,1,1,0,0,0,0,Apartment,Leasehold,Non Bumi Lot,Unknown,Penang,Desa Delima,Unknown,Ayer Itam
103766881,250000,720.0,3.0,2.0,1.0,3,0,0,0,0,0,0,0,1992.0,34.0,17.0,3.0,106.0,0,1,1,0,0,0,0,Apartment,Leasehold,Non Bumi Lot,Unknown,Penang,Desa Delima,Unknown,Ayer Itam
100264116,785000,2415.0,5.0,5.0,1.0,14,0,0,0,0,0,0,0,2020.0,6.0,24.0,670.0,994.0,1,1,1,1,1,0,0,Condominium,Leasehold,Non Bumi Lot,Medium,Selangor,Tasik Residency,Metrogen Sdn Bhd,Puchong
103792792,340000,1213.0,4.0,2.0,1.0,10,0,0,0,0,0,0,0,2004.0,22.0,40.0,500.0,518.0,1,1,1,1,1,1,0,Condominium,Freehold,Non Bumi Lot,High,Johor,Skudai Villa,Unknown,Johor Bahru
103792790,678000,1168.0,3.0,2.0,2.0,10,1,0,0,0,1,1,0,2013.0,13.0,24.0,467.0,688.0,1,1,1,1,1,0,0,Condominium,Freehold,Non Bumi Lot,Medium,Kuala Lumpur,Gembira Residen (G Residence),Kelang Lama Sdn Bhd (Chin Hin Group),Kuala Lumpur
103792781,1050000,2400.0,4.0,3.0,2.0,2,0,0,0,0,0,0,0,,,,,408.0,0,0,1,0,0,0,1,Condominium,Freehold,Non Bumi Lot,High,Penang,Villamas (Georgetown),Unknown,George Town
103792754,135000,700.0,3.0,2.0,1.0,3,0,0,0,0,0,0,0,2003.0,23.0,23.0,2115.0,117.0,0,0,1,0,0,0,0,Flat,Freehold,Non Bumi Lot,Unknown,Penang,Taman Terubong Indah (Majestic Heights),Unknown,Ayer Itam
102473857,168000,818.0,3.0,3.0,1.0,0,0,0,0,0,0,0,0,,,,,803.0,0,0,0,0,0,0,1,Flat,Leasehold,Non Bumi Lot,Unknown,Melaka,Bakti,Unknown,Melaka City
103792765,5000000,9800.0,6.0,5.0,3.0,7,0,0,0,0,0,0,0,,,5.0,20.0,619.0,1,1,0,1,1,1,1,Condominium,Freehold,Non Bumi Lot,Low,Penang,Moonlight Bay Condovilla,Ivory Properties Group Sdn Bhd,Batu Ferringhi
103793005,490000,1273.0,3.0,2.0,2.0,6,0,0,0,0,0,0,0,,,,,426.0,1,1,1,1,1,1,0,Condominium,Freehold,Non Bumi Lot,Unknown,Penang,Elements Garden,Oriental Max Sdn Bhd,Butterworth
102234050,400000,1206.0,4.0,2.0,1.0,7,1,0,0,0,1,0,0,,,,,701.0,1,1,1,0,1,0,0,Condominium,Leasehold,Bumi Lot,Medium,Kuala Lumpur,Sri Kinabalu,Unknown,Kuala Lumpur
103792979,620000,1225.0,3.0,3.0,1.0,5,0,0,0,0,0,0,0,2017.0,9.0,,,155.0,1,0,1,0,1,0,0,Condominium,Freehold,Non Bumi Lot,Medium,Johor,AmberSide @ Country Garden Danga Bay,Country Garden Danga Bay Sdn. Bhd.,Johor Bahru
103792969,150000,650.0,3.0,2.0,1.0,0,1,0,0,0,0,1,0,2015.0,11.0,3.0,,574.0,0,0,0,0,0,0,0,Apartment,Freehold,Non Bumi Lot,High,Selangor,Pangsapuri Palma (Bandar Botanic),Unknown,Klang
103792968,155000,657.0,3.0,2.0,1.0,0,0,0,0,0,0,0,0,,,,,436.0,0,0,0,0,0,0,0,Apartment,Freehold,Non Bumi Lot,Medium,Selangor,Pangsapuri Pendamar A (Klang),Unknown,Klang
103792946,355000,750.0,3.0,2.0,1.0,1,0,0,0,0,0,1,0,,,5.0,,461.0,0,0,0,0,0,0,0,Apartment,Freehold,Non Bumi Lot,Low,Selangor,Pangsapuri Akasia (Bandar Botanic),Unknown,Klang
103720640,298000,947.0,3.0,2.0,1.0,5,0,0,0,0,0,1,0,,,14.0,248.0,1116.0,1,1,0,1,1,1,0,Condominium,Freehold,Bumi Lot,Medium,Selangor,Belimbing Heights,Unknown,Seri Kembangan
101890669,620000,800.0,3.0,2.0,2.0,13,0,0,0,0,0,0,0,2017.0,9.0,22.0,1343.0,800.0,1,1,1,1,1,1,1,Condominium,Freehold,Non Bumi Lot,Unknown,Penang,Tropicana Bay Residences @ PWC,Tropicana Ivory Sdn. Bhd.,Bayan Lepas
103792865,308000,500.0,1.0,1.0,2.0,11,0,0,0,1,0,0,0,2016.0,10.0,30.0,551.0,824.0,1,1,1,1,1,0,0,Service Residence,Freehold,Non Bumi Lot,High,Selangor,Silk Sky,Cheras Hong Soon Development Sdn. Bhd.,Balakong
94945757,349999,883.0,3.0,2.0,1.0,8,1,0,0,1,1,1,0,,,10.0,,1514.0,1,1,1,1,1,1,0,Apartment,Freehold,Non Bumi Lot,Medium,Selangor,Kelana Impian,Unknown,Petaling Jaya
102800814,212000,957.0,3.0,2.0,1.0,3,0,0,0,0,0,0,0,,,,,424.0,0,1,0,0,0,0,0,Apartment,Freehold,Non Bumi Lot,Medium,Selangor,Selesa I-Resort Apartment,Unknown,Kajang
87127308,395000,1052.0,3.0,2.0,2.0,10,0,0,0,0,0,0,0,2020.0,6.0,14.0,244.0,526.0,1,1,1,1,1,1,0,Condominium,Freehold,Non Bumi Lot,Medium,Selangor,Camellia Residences,WIRA CHERAS DEVELOPMENT SDN. BHD.,Kajang
102052469,260000,830.0,3.0,2.0,1.0,9,0,0,0,0,0,0,0,2004.0,22.0,21.0,,632.0,1,1,1,1,1,0,1,Condominium,Leasehold,Non Bumi Lot,Medium,Selangor,Vista Impiana,LBS Bina Group Berhad,Seri Kembangan
99627275,288000,830.0,3.0,2.0,1.0,10,0,0,0,0,0,0,0,2004.0,22.0,21.0,,630.0,1,1,1,1,1,0,1,Condominium,Leasehold,Non Bumi Lot,Medium,Selangor,Vista Impiana,LBS Bina Group Berhad,Seri Kembangan
101697554,285000,864.0,4.0,2.0,1.0,4,0,1,0,0,1,1,0,,,5.0,,750.0,0,1,0,0,1,0,1,Apartment,Leasehold,Non Bumi Lot,Low,Selangor,Putra Indah Apartment,Unknown,Seri Kembangan
103789690,1150000,1100.0,2.0,2.0,1.0,8,0,0,0,0,0,0,0,2014.0,12.0,9.0,631.0,495.0,1,1,1,1,1,0,0,Service Residence,Leasehold,Non Bumi Lot,Low,Sabah,The Loft Residence,Syarikat Kapasi (Asian Pac),Kota Kinabalu
103792718,238000,760.0,3.0,2.0,1.0,1,1,1,1,1,1,1,1,,,3.0,,1362.0,0,0,0,0,0,1,1,Apartment,Freehold,Non Bumi Lot,Low,Kuala Lumpur,Taman Sri Kuching,Unknown,Kuala Lumpur
101969625,1700000,1991.0,3.0,4.0,3.0,7,0,0,0,0,0,0,0,2017.0,9.0,6.0,98.0,835.0,1,0,0,1,1,1,1,Condominium,Freehold,Non Bumi Lot,Unknown,Penang,The Light Collection IV,IJM LAND BERHAD,Gelugor
101938509,1150000,1750.0,3.0,2.0,2.0,13,0,0,0,0,0,0,0,2017.0,9.0,22.0,1343.0,736.0,1,1,1,1,1,1,1,Condominium,Freehold,Non Bumi Lot,Unknown,Penang,Tropicana Bay Residences @ PWC,Tropicana Ivory Sdn. Bhd.,Bayan Lepas
103792508,960000,1400.0,3.0,3.0,2.0,9,1,1,0,1,0,1,0,2013.0,13.0,135.0,,426.0,1,1,0,1,1,0,0,Condominium,Freehold,Non Bumi Lot,Low,Kuala Lumpur,The Treez,Jalilmax Development,Kuala Lumpur
103792452,229000,844.0,4.0,2.0,1.0,5,0,0,0,0,0,0,0,,,,,757.0,1,1,0,0,1,0,0,Apartment,Leasehold,Bumi Lot,Medium,Selangor,Intana Ria,Unknown,Bangi
102911472,622000,800.0,3.0,2.0,2.0,13,0,0,0,0,0,0,0,2017.0,9.0,22.0,1343.0,803.0,1,1,1,1,1,0,0,Condominium,Freehold,Non Bumi Lot,Unknown,Penang,Tropicana Bay Residences @ PWC,Tropicana Ivory Sdn. Bhd.,Bayan Lepas
102903095,1230000,2600.0,4.0,4.0,2.0,8,0,0,0,0,0,0,0,2010.0,16.0,25.0,,680.0,1,1,0,1,1,1,1,Condominium,Freehold,Non Bumi Lot,Unknown,Penang,Delima Palace,Arah Objektif (M) Sdn Bhd,Greenlane
102903047,1350000,1539.0,3.0,3.0,2.0,0,0,0,0,0,0,0,0,2012.0,14.0,17.0,328.0,696.0,0,0,0,0,0,1,1,Condominium,Freehold,Non Bumi Lot,Unknown,Penang,The Light Linear @ The Light Waterfront,IJM LAND BERHAD,Gelugor
102903014,1200000,1539.0,3.0,3.0,2.0,0,0,0,0,0,0,0,0,2012.0,14.0,17.0,328.0,677.0,0,0,0,0,0,1,1,Condominium,Freehold,Non Bumi Lot,Unknown,Penang,The Light Linear @ The Light Waterfront,IJM LAND BERHAD,Gelugor
101894208,660000,872.0,3.0,2.0,1.0,13,0,0,0,0,0,0,0,,,,,804.0,1,1,1,1,1,0,0,Condominium,Freehold,Non Bumi Lot,Unknown,Unknown,Unknown,Unknown,Unknown
103792474,165000,650.0,2.0,1.0,1.0,4,0,0,0,0,0,0,0,,,,,275.0,0,1,1,0,0,1,1,Flat,Freehold,Non Bumi Lot,Medium,Penang,Taman Alor Vista,Unknown,Relau
103792466,580000,955.0,3.0,2.0,1.0,8,0,0,0,0,0,0,0,,,,,497.0,1,1,1,1,1,0,0,Condominium,Leasehold,Non Bumi Lot,Medium,Sabah,Riverside Residence,Unknown,Penampang
102903141,1450000,2600.0,5.0,4.0,3.0,8,0,0,0,0,0,0,0,2010.0,16.0,25.0,,713.0,1,1,0,1,1,1,1,Condominium,Freehold,Non Bumi Lot,Unknown,Penang,Delima Palace,Arah Objektif (M) Sdn Bhd,Greenlane
102452948,430000,1043.0,3.0,2.0,1.0,6,0,0,0,0,0,0,0,,,,226.0,1194.0,1,1,1,1,1,0,0,Condominium,Freehold,Non Bumi Lot,High,Putrajaya,Saujana Aster,Peremba Jaya Holdings Sdn Bhd,Putrajaya
103792686,295000,715.0,1.0,1.0,1.0,14,0,0,0,0,0,0,0,,,,392.0,365.0,1,1,1,1,1,1,0,Apartment,Freehold,Non Bumi Lot,Medium,Johor,The Senai Garden,KCC Development (M) Sdn Bhd,Senai
100896364,230000,830.0,3.0,2.0,2.0,9,0,1,0,0,0,0,0,2019.0,7.0,,635.0,750.0,1,1,1,1,1,0,0,Apartment,Freehold,Non Bumi Lot,Low,Selangor,D'Cassia Apartment,SP Setia Berhad,Semenyih
100271479,199000,810.0,3.0,2.0,1.0,3,0,1,0,0,0,0,0,,,,,689.0,0,1,1,0,1,0,0,Apartment,Freehold,Non Bumi Lot,Medium,Selangor,D'Kristal,Unknown,Semenyih
103792653,275000,1410.0,3.0,2.0,2.0,9,0,0,0,0,0,0,0,2013.0,13.0,27.0,569.0,365.0,1,1,1,1,1,0,0,Condominium,Leasehold,Non Bumi Lot,Medium,Selangor,Menara U,Kenari Sukma Sdn Bhd,Shah Alam
103792649,265000,700.0,3.0,1.0,1.0,2,0,0,0,0,0,0,0,1997.0,29.0,22.0,1008.0,169.0,0,0,1,0,0,0,0,Apartment,Freehold,Non Bumi Lot,Medium,Penang,Desa Green Apartment (Jelutong),Unknown,Jelutong
101895409,928000,1320.0,4.0,3.0,2.0,13,0,0,0,0,0,0,0,,,,,742.0,1,1,1,1,1,1,1,Condominium,Freehold,Non Bumi Lot,Unknown,Unknown,Unknown,Unknown,Unknown
103792631,250000,900.0,3.0,2.0,2.0,8,0,0,0,0,0,0,0,,,,,390.0,1,1,0,1,1,0,1,Condominium,Freehold,Non Bumi Lot,Medium,Johor,Putri Ria,Unknown,Pasir Gudang
101969583,1700000,1862.0,4.0,4.0,3.0,13,0,0,0,0,0,0,0,,,,,732.0,1,1,1,1,1,1,1,Condominium,Freehold,Non Bumi Lot,Unknown,Unknown,Unknown,Unknown,Unknown
101997138,920000,1646.0,4.0,3.0,2.0,7,0,0,0,0,0,0,0,2018.0,8.0,44.0,378.0,788.0,1,1,0,1,1,0,0,Condominium,Freehold,Non Bumi Lot,Unknown,Penang,Grace Residence,Nova Mulia Development Sdn Bhd,Jelutong
98859046,1250000,1469.0,4.0,2.0,1.0,7,0,0,0,0,0,0,0,2021.0,5.0,24.0,1235.0,598.0,1,1,0,1,1,0,0,Condominium,Freehold,Non Bumi Lot,Unknown,Penang,QuayWest Residence,Asia Green Group,Batu Uban
100502825,110000,700.0,3.0,2.0,1.0,2,0,1,0,0,0,0,0,,,5.0,7810.0,472.0,0,0,0,0,1,0,0,Apartment,Freehold,Non Bumi Lot,Low,Selangor,Pangsapuri Baiduri (Bandar Tasik Kesuma),Unknown,Beranang
102856895,345000,700.0,3.0,2.0,1.0,6,0,0,0,0,0,0,0,,,30.0,,104.0,1,1,1,1,0,0,0,Apartment,Freehold,Non Bumi Lot,Unknown,Penang,BL Garden,Unknown,Ayer Itam
102856891,350000,700.0,2.0,2.0,2.0,6,0,0,0,0,0,0,0,,,30.0,,106.0,1,1,1,1,0,0,0,Apartment,Freehold,Non Bumi Lot,Unknown,Penang,BL Garden,Unknown,Ayer Itam
102883748,318000,700.0,3.0,2.0,1.0,4,0,0,0,0,0,0,0,,,24.0,234.0,112.0,0,1,1,0,1,0,0,Apartment,Freehold,Non Bumi Lot,Unknown,Penang,Shineville Garden,Zantalite Enterprise (M) Sdn Bhd,Ayer Itam
103792599,145000,750.0,3.0,2.0,1.0,0,0,0,0,0,0,0,0,,,,,376.0,0,0,0,0,0,0,0,Flat,Freehold,Non Bumi Lot,High,Johor,Flat Sri Lanang (Desa Tebrau),Unknown,Johor Bahru
103792570,255000,800.0,3.0,2.0,1.0,4,0,0,0,0,0,0,0,,,,242.0,219.0,1,1,1,0,0,1,0,Apartment,Freehold,Non Bumi Lot,High,Penang,Ria Apartment (Butterworth),Thong Sin Group,Butterworth
103792559,225000,680.0,3.0,2.0,1.0,6,0,0,0,0,0,0,0,,,22.0,714.0,290.0,0,1,1,0,1,0,1,Apartment,Leasehold,Non Bumi Lot,Low,Penang,Halaman Kenanga,The Penang Development Corporation,Gelugor
100924995,240000,850.0,3.0,2.0,2.0,9,0,1,0,0,0,0,0,2019.0,7.0,,635.0,713.0,1,1,1,1,1,0,0,Apartment,Freehold,Non Bumi Lot,Medium,Selangor,D'Cassia Apartment,SP Setia Berhad,Semenyih
95208072,550000,550.0,2.0,1.0,1.0,13,0,0,0,0,0,0,0,2017.0,9.0,22.0,1343.0,1299.0,1,1,1,1,1,1,1,Condominium,Freehold,Non Bumi Lot,Unknown,Penang,Tropicana Bay Residences @ PWC,Tropicana Ivory Sdn. Bhd.,Bayan Lepas
103041062,550000,615.0,2.0,1.0,1.0,13,0,0,0,0,0,0,0,2017.0,9.0,22.0,1343.0,777.0,1,1,1,1,1,1,1,Condominium,Freehold,Non Bumi Lot,Unknown,Penang,Tropicana Bay Residences @ PWC,Tropicana Ivory Sdn. Bhd.,Bayan Lepas
101762518,595000,872.0,3.0,2.0,1.0,13,0,0,0,0,0,0,0,2017.0,9.0,22.0,1343.0,775.0,1,1,1,1,1,1,1,Condominium,Freehold,Non Bumi Lot,Unknown,Penang,Tropicana Bay Residences @ PWC,Tropicana Ivory Sdn. Bhd.,Bayan Lepas
103637604,445000,951.0,3.0,2.0,1.0,12,0,1,0,0,0,0,0,2018.0,8.0,42.0,1675.0,1486.0,1,1,1,1,1,0,0,Service Residence,Freehold,Non Bumi Lot,Medium,Selangor,Symphony Tower,Mitraland Group,Balakong
103470225,169999,650.0,3.0,2.0,1.0,4,1,0,0,0,1,1,0,,,,,1308.0,0,0,1,0,1,0,0,Apartment,Leasehold,Non Bumi Lot,Medium,Selangor,Pangsapuri Desa Sepakat,Unknown,Petaling Jaya
103658209,305000,807.0,3.0,2.0,1.0,5,0,0,0,0,0,0,0,2005.0,21.0,6.0,,1174.0,0,1,1,0,1,0,0,Condominium,Leasehold,Non Bumi Lot,Medium,Selangor,Pangsapuri Salvia,Unknown,Kota Damansara
103667423,400000,1000.0,4.0,2.0,2.0,9,0,0,0,0,0,0,0,,,,,1210.0,1,1,1,1,1,1,0,Condominium,Freehold,Non Bumi Lot,Medium,Selangor,Kajang New 1000sqft,Unknown,Kajang
102314068,430000,1333.0,4.0,2.0,2.0,7,0,0,0,0,0,0,0,2016.0,10.0,15.0,139.0,692.0,1,1,0,1,0,1,0,Condominium,Freehold,Non Bumi Lot,Unknown,Penang,"Orange 3 Condo, Bagan Ajam",Tah Wah Group,Butterworth
103106401,235000,850.0,4.0,2.0,1.0,1,0,0,0,0,0,0,0,,,5.0,,1112.0,0,0,0,0,1,0,0,Apartment,Leasehold,Bumi Lot,Low,Johor,Pangsapuri Taman Seri Setanggi,Syarikat Perumahan Negara Berhad,Johor Bahru
100481029,440000,1243.0,3.0,3.0,2.0,7,0,1,1,0,0,0,0,2021.0,5.0,24.0,240.0,798.0,1,1,1,1,1,0,0,Service Residence,Leasehold,Non Bumi Lot,Unknown,Selangor,V-Residensi 5,B&G Supreme Property Sdn Bhd,Batu Caves
102747048,400000,1213.0,3.0,3.0,2.0,9,0,0,0,0,0,0,0,2016.0,10.0,21.0,482.0,872.0,1,1,1,1,1,0,0,Condominium,Leasehold,Non Bumi Lot,Unknown,Selangor,V-Residensi,Avaland Berhad,Selayang
103610495,1239000,1700.0,4.0,2.0,2.0,5,0,0,0,0,0,0,0,1993.0,33.0,17.0,,599.0,1,1,1,0,1,0,0,Condominium,Freehold,Non Bumi Lot,High,Kuala Lumpur,Kiara Park,Unknown,Kuala Lumpur
103763228,239000,1008.0,3.0,2.0,1.0,6,0,0,0,0,0,0,0,2015.0,11.0,12.0,306.0,1428.0,1,1,1,0,1,0,0,Condominium,Freehold,Non Bumi Lot,Medium,Selangor,Kristal Villa,Unknown,Kajang
103792395,850000,1234.0,3.0,3.0,2.0,14,1,1,0,1,1,1,0,2019.0,7.0,36.0,618.0,502.0,1,1,1,1,1,1,1,Condominium,Freehold,Non Bumi Lot,High,Kuala Lumpur,The Nest Residences,Nagano Development Sdn Bhd,Kuala Lumpur
99797644,310000,1400.0,3.0,2.0,1.0,10,0,0,0,0,0,0,0,,,,,411.0,1,1,1,0,1,0,0,Condominium,Freehold,Non Bumi Lot,Medium,Johor,Frinza Court,Unknown,Johor Bahru
103792198,482000,969.0,3.0,2.0,2.0,14,0,0,0,0,0,0,0,,,,,1386.0,1,1,1,1,1,0,0,Service Residence,Freehold,Non Bumi Lot,Medium,Putrajaya,The Clio 2 Residences,IOI Properties Group Berhad,Putrajaya
103792181,155000,728.0,3.0,2.0,1.0,4,0,0,0,0,0,0,0,,,,,522.0,0,1,1,0,1,1,0,Condominium,Freehold,Non Bumi Lot,Medium,Negeri Sembilan,Desa Palma (Nilai),Unknown,Nilai
103792173,158000,753.0,2.0,2.0,1.0,0,0,0,0,0,0,0,0,,,,,352.0,0,0,0,0,0,0,1,Flat,Freehold,Non Bumi Lot,High,Johor,Taman Plentong Utama,Unknown,Masai
102879544,320000,973.0,3.0,2.0,1.0,0,0,0,0,0,0,0,0,2015.0,11.0,,352.0,533.0,0,0,0,0,0,1,1,Condominium,Leasehold,Non Bumi Lot,Medium,Johor,Scott Towers @ Larkin JB,Andaman Group,Johor Bahru
101933895,270000,888.0,3.0,1.0,1.0,0,0,0,0,0,0,0,0,,,,,611.0,0,0,0,0,0,0,1,Apartment,Freehold,Non Bumi Lot,Low,Kuala Lumpur,Mewah Court Cheras (Cheras Mewah),Unknown,Kuala Lumpur
103792366,240000,700.0,3.0,2.0,1.0,5,0,0,0,0,0,0,0,,,25.0,,104.0,0,1,1,0,1,0,0,Apartment,Leasehold,Non Bumi Lot,Unknown,Penang,Sri Ivory (Sri Ivori) Apartment,Unknown,Ayer Itam
101005689,145000,650.0,3.0,2.0,1.0,0,1,0,0,0,0,1,0,,,2.0,,512.0,0,0,0,0,0,0,0,Apartment,Freehold,Non Bumi Lot,Medium,Selangor,Pangsapuri Arista,WCT Holding Berhad,Klang
103792363,380000,700.0,3.0,2.0,1.0,9,0,0,0,0,0,0,0,2012.0,14.0,30.0,500.0,124.0,1,1,1,1,1,0,0,Apartment,Freehold,Non Bumi Lot,Unknown,Penang,Melody Homes,Belleview Group,Ayer Itam
103792331,473000,703.0,2.0,2.0,1.0,14,1,0,1,1,1,1,0,2019.0,7.0,35.0,311.0,574.0,1,1,1,1,1,0,0,Service Residence,Freehold,Non Bumi Lot,High,Kuala Lumpur,Court 28 @ KL City,HR Group,Kuala Lumpur
103792329,378000,916.0,3.0,2.0,2.0,7,0,0,0,0,0,0,0,2016.0,10.0,22.0,328.0,446.0,1,1,1,1,1,0,1,Apartment,Leasehold,Non Bumi Lot,Medium,Johor,Larkin Heights Apartment,Mahabuilders Berhad,Johor Bahru
103665308,385000,961.0,3.0,2.0,1.0,9,0,0,0,0,0,0,0,2014.0,12.0,,561.0,439.0,1,1,0,1,1,1,0,Apartment,Freehold,Non Bumi Lot,Medium,Johor,Greenfield Regency,Alpha Astral,Johor Bahru
102760831,398000,850.0,3.0,2.0,1.0,13,0,0,0,0,0,0,0,2019.0,7.0,35.0,1843.0,488.0,1,1,0,1,1,1,1,Service Residence,Freehold,Non Bumi Lot,Medium,Johor,Arc @ Austin Hills,Andaman Group,Johor Bahru
103173165,350000,903.0,3.0,2.0,1.0,6,0,0,0,0,0,0,0,2016.0,10.0,5.0,469.0,578.0,0,1,1,0,1,0,1,Apartment,Freehold,Non Bumi Lot,Low,Selangor,Goodview Heights ( Villa Residence ),SHL Consolidated Berhad,Kajang
103792298,190000,700.0,3.0,2.0,1.0,4,0,0,0,0,0,0,0,,,5.0,,435.0,0,1,0,0,1,0,0,Apartment,Freehold,Non Bumi Lot,Medium,Selangor,Sentosa Apartment @ Setia Alam,Bandar Setia Alam Sdn Bhd,Shah Alam
97315489,450000,969.0,3.0,2.0,2.0,9,0,0,0,0,0,0,0,2020.0,6.0,23.0,241.0,573.0,1,1,1,1,1,0,0,Service Residence,Leasehold,Non Bumi Lot,Low,Selangor,Zentro Residences,IOI Properties Group,Puchong
103315726,260000,700.0,3.0,2.0,1.0,4,0,0,0,0,0,0,0,,,24.0,234.0,112.0,0,1,1,0,1,0,0,Apartment,Freehold,Non Bumi Lot,Unknown,Penang,Shineville Garden,Zantalite Enterprise (M) Sdn Bhd,Ayer Itam
103289990,300000,700.0,3.0,2.0,1.0,4,0,0,0,0,0,0,0,,,24.0,234.0,112.0,0,1,1,0,1,0,0,Apartment,Freehold,Non Bumi Lot,Unknown,Penang,Shineville Garden,Zantalite Enterprise (M) Sdn Bhd,Ayer Itam
103748225,315000,700.0,3.0,2.0,1.0,4,0,0,0,0,0,0,0,,,24.0,234.0,111.0,0,1,1,0,1,0,0,Apartment,Freehold,Non Bumi Lot,Unknown,Penang,Shineville Garden,Zantalite Enterprise (M) Sdn Bhd,Ayer Itam
103190909,288000,800.0,3.0,2.0,1.0,7,0,0,0,0,0,0,0,1994.0,32.0,6.0,672.0,108.0,1,1,1,1,1,0,0,Apartment,Leasehold,Non Bumi Lot,Unknown,Penang,Tanjung Court,Unknown,Ayer Itam
103738015,88000,648.0,1.0,1.0,10.0,6,0,0,0,0,0,0,0,,,,,139.0,1,1,1,0,1,0,0,Condominium,Leasehold,Non Bumi Lot,Medium,Melaka,Everly Resort Hotel (Riviera Bay),Unknown,Tanjong Kling
103792147,470000,829.0,3.0,2.0,2.0,14,0,0,0,0,0,0,0,,,,,1386.0,1,1,1,1,1,0,0,Service Residence,Freehold,Non Bumi Lot,Medium,Putrajaya,The Clio 2 Residences,IOI Properties Group Berhad,Putrajaya
103792141,600000,933.0,3.0,2.0,1.0,8,0,0,0,0,0,0,0,,,,,566.0,1,1,1,1,1,0,0,Service Residence,Leasehold,Non Bumi Lot,Unknown,Sarawak,The Podium,Chen Ling Group,Kuching
103792137,385000,897.0,3.0,2.0,1.0,8,1,0,0,0,1,0,0,2010.0,16.0,,704.0,1919.0,1,1,0,1,1,0,1,Condominium,Leasehold,Bumi Lot,Medium,Selangor,Banjaria Court,Perbadanan Kemajuan Negeri Selangor (PKNS),Batu Caves
103792169,350000,1311.0,2.0,2.0,2.0,14,1,0,0,1,0,1,0,,,13.0,,743.0,1,1,1,1,1,1,0,Condominium,Freehold,Non Bumi Lot,Low,Kuala Lumpur,Apartment Desa Tasik Fasa 1A,Unknown,Kuala Lumpur
103792167,900000,1400.0,4.0,2.0,2.0,5,1,0,0,1,1,1,0,2016.0,10.0,,,315.0,0,0,0,1,1,0,0,Condominium,Leasehold,Non Bumi Lot,Low,Kuala Lumpur,Kiara East - DEX Suites,Kiara East Property Sdn Bhd,Kuala Lumpur
103738707,458000,700.0,3.0,2.0,1.0,5,0,0,0,0,0,0,0,2008.0,18.0,22.0,754.0,203.0,1,1,1,0,0,1,1,Condominium,Leasehold,Non Bumi Lot,Medium,Penang,Serina Bay,PLB Land Sdn Bhd,Jelutong
103732912,300000,850.0,3.0,2.0,1.0,10,0,0,0,0,0,0,0,,,12.0,1012.0,324.0,1,1,1,1,1,1,0,Apartment,Leasehold,Non Bumi Lot,Unknown,Sabah,Putatan Platinum Apartment,Syarikat Perumahan Negara Berhad,Penampang
103737795,299000,655.0,1.0,1.0,1.0,14,0,0,0,0,0,0,0,2014.0,12.0,10.0,84.0,144.0,1,1,1,1,1,1,0,Condominium,Freehold,Non Bumi Lot,Low,Selangor,591 Damansara,Nexus Development Sdn Bhd,Shah Alam
103792293,133000,550.0,2.0,2.0,1.0,6,0,0,0,0,0,0,0,,,26.0,,1564.0,1,1,1,0,1,0,1,Apartment,Freehold,Non Bumi Lot,Medium,Penang,Green Garden,Unknown,Paya Terubong
103729534,298000,914.0,3.0,1.0,2.0,8,0,0,0,0,0,0,0,,,,,51.0,1,1,1,0,1,0,0,Apartment,Freehold,Non Bumi Lot,Medium,Johor,Wisma 2020 Muar,Unknown,Muar
103669851,476000,900.0,3.0,2.0,1.0,10,0,0,0,0,0,0,0,2008.0,18.0,22.0,754.0,479.0,1,1,1,1,1,0,0,Condominium,Leasehold,Non Bumi Lot,Medium,Penang,Serina Bay,PLB Land Sdn Bhd,Jelutong
103735897,450000,1960.0,4.0,3.0,1.0,10,0,0,0,0,0,0,0,,,,,370.0,1,1,1,0,1,0,0,Condominium,Leasehold,Non Bumi Lot,Medium,Melaka,Riviera Bay Resort Condominium,Unknown,Tanjong Kling
103637655,285000,750.0,3.0,2.0,1.0,10,0,0,0,0,0,0,0,,,,,171.0,0,1,1,1,1,1,1,Condominium,Freehold,Non Bumi Lot,Medium,Penang,Desa Medura,AM-EL Group,Bayan Lepas
103728442,220000,391.0,1.0,1.0,1.0,7,0,0,0,0,0,0,0,,,,,105.0,1,1,0,1,1,0,0,Condominium,Leasehold,Non Bumi Lot,Medium,Sabah,University Utama Condominium,The W Property Collection,Kota Kinabalu
103352777,630000,560.0,1.0,1.0,2.0,14,1,0,1,0,1,1,0,2020.0,6.0,46.0,1012.0,1641.0,1,1,1,1,1,1,0,Service Residence,Leasehold,Non Bumi Lot,High,Selangor,Astoria Ampang,Xtreme Meridian Sdn. Bhd.,Ampang
103239594,420000,1050.0,3.0,2.0,1.0,11,0,0,0,0,0,0,0,1998.0,28.0,,428.0,230.0,1,1,0,1,1,0,0,Condominium,Freehold,Non Bumi Lot,High,Penang,Leader Garden,Unknown,Tanjung Bungah
102428144,600000,1056.0,3.0,2.0,1.0,11,0,0,0,0,0,0,0,,,,,358.0,1,1,1,1,1,1,0,Apartment,Leasehold,Non Bumi Lot,Low,Pahang,Apartment Aranda Nova Suite,Unknown,Cameron Highlands
103792274,440000,1465.0,4.0,2.0,1.0,11,1,0,0,1,0,1,1,1996.0,30.0,16.0,,531.0,1,1,1,1,1,0,0,Condominium,Freehold,Non Bumi Lot,Low,Kuala Lumpur,Bukit OUG Condominium,BERJAYA GROUP,Kuala Lumpur
102559387,390000,660.0,2.0,2.0,1.0,11,0,0,0,0,0,0,0,,,,,548.0,1,1,1,1,1,0,0,Service Residence,Leasehold,Bumi Lot,Medium,Kuala Lumpur,Platinum Arena (Jalan Klang Lama),Unknown,Kuala Lumpur
103732345,470000,1003.0,3.0,2.0,2.0,4,0,0,0,0,0,0,0,2006.0,20.0,12.0,260.0,139.0,0,1,1,0,0,1,0,Condominium,Leasehold,Non Bumi Lot,Low,Selangor,Kondominium Kristal,Worldwide Holdings,Shah Alam
103518842,170000,600.0,2.0,1.0,1.0,0,1,1,0,1,1,1,0,,,,,735.0,0,0,0,0,0,0,0,Flat,Leasehold,Bumi Lot,Medium,Selangor,PKNS Seri Kembangan,Unknown,Seri Kembangan
103730142,850000,1213.0,2.0,2.0,2.0,8,1,1,0,1,1,1,0,2016.0,10.0,24.0,403.0,508.0,1,1,0,1,1,1,0,Condominium,Leasehold,Non Bumi Lot,Medium,Kuala Lumpur,Pearl Suria,Aikbee Timbers Sdn. Bhd.,Kuala Lumpur
103730518,350000,945.0,3.0,2.0,2.0,8,0,0,0,0,0,0,0,2017.0,9.0,2.0,669.0,156.0,1,1,1,1,1,1,0,Service Residence,Freehold,Bumi Lot,Medium,Selangor,Almyra Residences,IOI Properties Group Berhad,Bangi
103730003,265000,850.0,3.0,2.0,1.0,8,0,0,0,0,0,0,0,,,,,145.0,1,1,1,1,1,1,0,Apartment,Leasehold,Bumi Lot,Medium,Sabah,Angkasa Apartment,Bina Puri Holdings Bhd,Kota Kinabalu
103734787,158000,1540.0,3.0,2.0,1.0,10,0,0,0,0,0,0,0,,,,,317.0,1,1,1,1,1,1,1,Condominium,Leasehold,Non Bumi Lot,Medium,Melaka,A'Famosa Villa Beverly Hills,Unknown,Alor Gajah
103519551,115000,606.0,3.0,2.0,1.0,3,0,0,0,0,0,0,0,,,,,150.0,0,1,0,0,1,0,0,Apartment,Leasehold,Non Bumi Lot,Low,Selangor,Rista Villa Apartment,Unknown,Puchong
103502119,389000,812.0,3.0,2.0,2.0,9,1,0,0,0,0,1,0,2014.0,12.0,33.0,1002.0,280.0,1,1,1,1,1,0,0,Service Residence,Leasehold,Non Bumi Lot,Medium,Selangor,The Wharf Residence,Bolton Berhad,Puchong
103727934,78000,1480.0,2.0,2.0,10.0,8,0,0,0,0,0,0,0,,,,,238.0,1,1,1,0,1,0,0,Condominium,Leasehold,Non Bumi Lot,Medium,Melaka,Everly Resort Hotel (Riviera Bay),Unknown,Tanjong Kling
103792252,370000,960.0,3.0,2.0,1.0,5,0,0,1,1,0,1,0,,,9.0,,1165.0,1,1,0,0,1,1,0,Condominium,Leasehold,Non Bumi Lot,High,Kuala Lumpur,Le Jardine,Unknown,Kuala Lumpur
103700639,550000,1100.0,3.0,2.0,2.0,10,1,1,0,1,1,1,0,,,19.0,,917.0,1,1,1,1,1,1,0,Condominium,Freehold,Non Bumi Lot,High,Kuala Lumpur,Palm Court (Brickfields),Seal Incorporated Berhad,Kuala Lumpur
95070175,289999,1084.0,3.0,2.0,1.0,9,1,0,0,0,1,1,0,,,10.0,160.0,1385.0,1,1,1,1,1,1,0,Condominium,Freehold,Non Bumi Lot,Medium,Kuala Lumpur,Sri Desa,Unknown,Kuala Lumpur
103707767,600000,1398.0,3.0,3.0,1.0,12,1,0,0,0,0,1,0,1998.0,28.0,18.0,,265.0,1,1,1,1,1,1,0,Condominium,Freehold,Non Bumi Lot,Medium,Selangor,Mutiara Oriental,CapitaLand Financial Limited,Petaling Jaya
103792241,550000,1100.0,3.0,2.0,2.0,6,0,0,0,0,0,0,0,,,,,531.0,1,1,1,1,1,0,1,Condominium,Leasehold,Non Bumi Lot,Low,Sarawak,SkyVilla Condominium (MJC),Mudajaya Group,Kuching
103728312,165000,963.0,3.0,2.0,1.0,2,0,0,0,0,0,0,0,,,,,346.0,0,1,0,0,0,0,0,Apartment,Freehold,Bumi Lot,Medium,Melaka,Dimensi,Unknown,Sungei Petai
103792238,500000,1216.0,3.0,2.0,2.0,14,0,0,0,0,0,0,0,,,,,1386.0,1,1,1,1,1,0,0,Service Residence,Freehold,Non Bumi Lot,Medium,Putrajaya,The Clio 2 Residences,IOI Properties Group Berhad,Putrajaya
103564933,380000,1023.0,3.0,2.0,1.0,8,1,1,0,1,1,1,0,2004.0,22.0,5.0,200.0,1145.0,1,1,1,0,1,1,0,Apartment,Leasehold,Non Bumi Lot,Low,Selangor,Pangsapuri Kayangan,Suncity Bhd,Bandar Sunway
103652972,230000,850.0,3.0,2.0,1.0,3,0,0,0,0,0,0,0,,,,,884.0,0,1,1,0,0,0,0,Apartment,Freehold,Non Bumi Lot,Low,Penang,Taman Bagan Lalang,BSG PROPERTY,Butterworth
103141584,235000,1000.0,3.0,2.0,2.0,7,0,0,0,0,0,0,0,,,16.0,576.0,118.0,1,1,1,0,0,0,0,Flat,Leasehold,Bumi Lot,Medium,Johor,Pangsapuri Persiaran Tanjung,Unknown,Johor Bahru
103658514,255000,856.0,3.0,2.0,1.0,8,0,0,0,0,0,0,0,2015.0,11.0,13.0,682.0,1241.0,1,1,1,0,1,0,0,Apartment,Leasehold,Non Bumi Lot,Medium,Selangor,Pangsapuri Damai (Subang Bestari),Unknown,Subang Bestari
101025143,240000,650.0,3.0,2.0,1.0,5,1,1,0,1,1,1,0,,,,,1442.0,0,1,1,0,1,0,0,Apartment,Leasehold,Non Bumi Lot,Medium,Kuala Lumpur,Putra Ria Apartment,Unknown,Kuala Lumpur
103490096,99999,650.0,3.0,2.0,1.0,3,0,0,0,0,0,0,0,,,,,1166.0,0,0,0,0,1,0,0,Apartment,Leasehold,Non Bumi Lot,Medium,Selangor,Apartment Harmoni,Unknown,Damansara Damai
103500625,255000,907.0,3.0,2.0,1.0,7,0,0,0,0,0,0,0,,,12.0,,1287.0,1,1,1,1,1,1,0,Condominium,Leasehold,Non Bumi Lot,Medium,Selangor,Brunsfield Riverview,Brunsfield International Group,Shah Alam
99312797,850000,1670.0,3.0,2.0,3.0,11,0,1,0,1,0,1,1,2015.0,11.0,14.0,539.0,398.0,1,1,0,1,1,0,0,Condominium,Freehold,Non Bumi Lot,Low,Selangor,Hijauan Saujana,Esquire Corner Sdn Bhd,Shah Alam
103792131,530000,800.0,3.0,2.0,1.0,5,0,0,0,0,0,0,0,2018.0,8.0,45.0,1168.0,402.0,0,1,0,1,1,0,1,Condominium,Freehold,Non Bumi Lot,High,Penang,TRI PINNACLE,Aspen Group,Tanjong Tokong
103791973,410000,950.0,3.0,2.0,1.0,4,1,1,0,1,1,1,0,2015.0,11.0,31.0,4225.0,1005.0,1,1,0,0,1,0,0,Service Residence,Freehold,Non Bumi Lot,Unknown,Kuala Lumpur,OUG Parklane,Akisama Group of companies,Kuala Lumpur
103792009,420000,960.0,3.0,2.0,1.0,4,1,1,0,1,1,1,0,2015.0,11.0,31.0,4225.0,993.0,1,1,0,0,1,0,0,Service Residence,Freehold,Non Bumi Lot,Unknown,Kuala Lumpur,OUG Parklane,Akisama Group of companies,Kuala Lumpur
103792002,400000,1019.0,2.0,2.0,1.0,8,0,0,0,0,0,0,0,2015.0,11.0,,644.0,391.0,1,1,0,1,1,1,0,Condominium,Leasehold,Non Bumi Lot,Medium,Johor,One Medini,One Medini Sdn Bhd,Iskandar Puteri
97952413,490000,861.0,3.0,2.0,1.0,9,1,1,0,1,1,1,0,,,26.0,,1485.0,1,1,0,1,1,0,0,Condominium,Freehold,Non Bumi Lot,Medium,Kuala Lumpur,Kenanga Point,Mahajaya Berhad,Kuala Lumpur
103792126,450000,850.0,3.0,2.0,1.0,0,0,0,0,0,0,0,0,,,,,550.0,0,0,0,0,0,0,0,Condominium,Leasehold,Non Bumi Lot,Unknown,Kuala Lumpur,Kepong New Project,Unknown,Kuala Lumpur
101150862,350000,956.0,4.0,2.0,2.0,10,0,0,0,0,0,0,0,,,,,415.0,1,1,1,1,1,0,0,Service Residence,Freehold,Bumi Lot,Medium,Selangor,Savanna Executive Suites,Mah Sing Group Berhad,Bangi
103792109,100000,579.0,1.0,1.0,1.0,0,0,0,0,0,0,0,0,,,,,184.0,0,0,0,0,0,0,0,Condominium,Freehold,Non Bumi Lot,Low,Kedah,Sri Legenda Apartment,Unknown,Langkawi
103792101,730000,850.0,2.0,2.0,2.0,9,1,1,0,1,0,0,0,2020.0,6.0,24.0,508.0,334.0,1,1,1,1,1,0,0,Service Residence,Freehold,Bumi Lot,Medium,Kuala Lumpur,The Ridge @ KL East,Sime Darby Property Berhad,Kuala Lumpur
103792095,110000,950.0,3.0,2.0,1.0,3,0,0,0,0,0,0,0,,,,,133.0,0,0,0,0,1,0,0,Flat,Freehold,Non Bumi Lot,High,Melaka,Langkawi,Unknown,Melaka Tengah
102038314,90000,1141.0,3.0,2.0,2.0,2,0,0,0,0,0,0,0,,,,,435.0,0,1,0,0,0,0,0,Apartment,Leasehold,Non Bumi Lot,Low,Perak,Bukit Merah Laketown,Unknown,Semanggol
103792086,368000,818.0,3.0,2.0,2.0,8,0,0,0,0,0,0,0,,,20.0,300.0,94.0,1,1,1,1,1,1,0,Apartment,Freehold,Bumi Lot,Low,Johor,"Camellia Residence, Seri Austin",Dynasty View Sdn Bhd (UM Land),Johor Bahru
101978840,350000,1300.0,3.0,2.0,2.0,9,0,0,0,0,0,0,0,2015.0,11.0,21.0,455.0,1212.0,1,1,1,1,1,0,0,Condominium,Freehold,Non Bumi Lot,High,Selangor,Ivory Residence,TLS Group,Kajang
103792075,728888,1520.0,3.0,2.0,1.0,13,0,0,0,0,0,0,0,,,,,1249.0,1,1,1,1,1,0,0,Condominium,Leasehold,Non Bumi Lot,High,Sarawak,Serene Heights (Miri),Unknown,Miri
103792072,470000,904.0,3.0,2.0,2.0,14,0,0,0,0,0,0,0,,,,,1386.0,1,1,1,1,1,0,0,Service Residence,Freehold,Non Bumi Lot,Medium,Putrajaya,The Clio 2 Residences,IOI Properties Group Berhad,Putrajaya
103457730,215000,893.0,4.0,2.0,1.0,7,0,0,0,0,0,0,0,2017.0,9.0,20.0,,744.0,1,1,0,0,1,0,1,Apartment,Freehold,Bumi Lot,Unknown,Johor,Villa Krystal,Orando Holdings Sdn Bhd,Johor Bahru
103791961,150000,520.0,2.0,2.0,1.0,2,0,0,0,0,0,0,0,,,,,289.0,0,0,1,0,0,1,1,Flat,Leasehold,Non Bumi Lot,Low,Penang,Medan Angsana (Farlim 2),Unknown,Ayer Itam
103791948,170000,710.0,3.0,2.0,1.0,2,0,0,0,0,0,0,0,,,,,1387.0,0,1,0,0,0,0,0,Condominium,Freehold,Non Bumi Lot,Medium,Negeri Sembilan,Desa Palma (Nilai),Unknown,Nilai
103792067,230000,1000.0,3.0,2.0,1.0,6,0,0,0,0,0,0,1,2007.0,19.0,13.0,445.0,761.0,0,1,0,0,1,0,0,Apartment,Freehold,Non Bumi Lot,Low,Selangor,Sri Lavender Apartment,TLS Group,Kajang
100913483,618000,1036.0,3.0,2.0,1.0,6,1,1,0,0,1,1,1,2013.0,13.0,24.0,406.0,399.0,1,0,1,0,1,1,0,Service Residence,Leasehold,Non Bumi Lot,Medium,Selangor,DK Senza,DK-MY Properties Sdn Bhd,Bandar Sunway
103369412,365000,1230.0,3.0,2.0,1.0,8,1,0,0,0,0,0,0,,,15.0,,889.0,1,1,1,0,1,0,0,Condominium,Leasehold,Bumi Lot,High,Selangor,Emerald Hill,Unknown,Ampang
103173867,290000,800.0,3.0,2.0,1.0,7,0,0,0,0,0,0,0,1994.0,32.0,6.0,672.0,126.0,1,1,1,0,1,0,0,Apartment,Leasehold,Non Bumi Lot,Unknown,Penang,Tanjung Court,Unknown,Ayer Itam
103479235,330000,800.0,3.0,2.0,1.0,7,0,0,0,0,0,0,0,1994.0,32.0,6.0,672.0,108.0,1,1,1,0,1,0,0,Apartment,Leasehold,Non Bumi Lot,Unknown,Penang,Tanjung Court,Unknown,Ayer Itam
103388580,300000,800.0,3.0,2.0,2.0,5,0,0,0,0,0,0,0,1994.0,32.0,6.0,672.0,109.0,1,1,1,0,1,0,0,Apartment,Leasehold,Non Bumi Lot,Unknown,Penang,Tanjung Court,Unknown,Ayer Itam
102449529,295000,800.0,3.0,2.0,2.0,5,0,0,0,0,0,0,0,1994.0,32.0,6.0,672.0,128.0,1,1,1,0,0,0,0,Apartment,Leasehold,Non Bumi Lot,Unknown,Penang,Tanjung Court,Unknown,Ayer Itam
103792053,438000,960.0,3.0,2.0,1.0,4,1,1,0,1,1,1,0,2015.0,11.0,31.0,4225.0,987.0,1,1,0,0,1,0,0,Service Residence,Freehold,Non Bumi Lot,Unknown,Kuala Lumpur,OUG Parklane,Akisama Group of companies,Kuala Lumpur
102291499,420000,1021.0,3.0,2.0,5.0,11,0,0,0,0,0,0,0,2013.0,13.0,20.0,899.0,876.0,1,1,1,1,1,0,1,Condominium,Leasehold,Non Bumi Lot,Low,Selangor,One Damansara,MK Land Holdings,Petaling Jaya
103792046,268000,906.0,3.0,2.0,1.0,9,0,0,0,0,0,0,0,2006.0,20.0,21.0,565.0,397.0,1,1,1,1,1,1,0,Apartment,Leasehold,Non Bumi Lot,High,Johor,Bayu Puteri 3,Must Ehsan Development Sdn Bhd,Johor Bahru
103792038,300000,1131.0,3.0,2.0,1.0,8,0,0,0,0,0,0,0,,,,266.0,412.0,1,1,0,1,1,0,0,Apartment,Leasehold,Non Bumi Lot,High,Johor,Bayu Puteri 1,Iskandar Waterfront City Berhad,Johor Bahru
100931742,124999,650.0,3.0,2.0,1.0,0,1,0,0,0,0,1,0,2015.0,11.0,3.0,,514.0,0,0,0,0,0,0,0,Apartment,Freehold,Non Bumi Lot,Unknown,Selangor,Pangsapuri Palma (Bandar Botanic),Unknown,Klang
103792030,475000,947.0,3.0,2.0,2.0,14,0,0,0,0,0,0,0,,,,,1386.0,1,1,1,1,1,0,0,Service Residence,Freehold,Non Bumi Lot,Medium,Putrajaya,The Clio 2 Residences,IOI Properties Group Berhad,Putrajaya
103123118,445000,969.0,3.0,2.0,2.0,11,0,0,0,1,0,0,0,2019.0,7.0,,1196.0,870.0,1,1,1,1,1,0,0,Apartment,Freehold,Non Bumi Lot,Medium,Selangor,The Netizen @ Bandar Tun Hussein Onn,KEB Group,Cheras
102333874,199000,850.0,3.0,2.0,1.0,0,0,0,0,0,0,0,0,,,,,641.0,0,0,0,0,0,0,0,Apartment,Freehold,Non Bumi Lot,Unknown,Selangor,Taman Bukit Mutiara Apartment,Unknown,Kajang
102588405,350000,907.0,3.0,2.0,1.0,8,1,0,0,0,1,1,0,2009.0,17.0,,256.0,1220.0,1,1,0,1,1,0,0,Condominium,Freehold,Non Bumi Lot,Unknown,Selangor,Sierra Residency,Pembinaan Sierra Mal Sdn Bhd,Puchong
103485585,280000,700.0,3.0,2.0,1.0,6,0,0,0,0,0,0,0,,,25.0,,104.0,0,1,1,0,1,0,0,Apartment,Leasehold,Non Bumi Lot,Unknown,Penang,Sri Ivory (Sri Ivori) Apartment,Unknown,Ayer Itam
102079455,270000,800.0,3.0,2.0,1.0,5,0,0,0,0,0,0,0,2005.0,21.0,22.0,,105.0,0,1,1,0,1,0,0,Apartment,Leasehold,Non Bumi Lot,Unknown,Penang,Sri Impian Apartment,Unknown,Ayer Itam
103695799,250000,800.0,3.0,2.0,1.0,4,0,0,0,0,0,0,0,2005.0,21.0,22.0,,105.0,0,1,1,0,1,0,0,Apartment,Leasehold,Non Bumi Lot,Unknown,Penang,Sri Impian (Penang),Unknown,Ayer Itam
103464729,300000,800.0,3.0,2.0,1.0,4,0,0,0,0,0,0,0,2005.0,21.0,22.0,,105.0,0,1,1,0,1,0,0,Apartment,Leasehold,Non Bumi Lot,Unknown,Penang,Sri Impian (Penang),Unknown,Ayer Itam
100445237,290000,1100.0,3.0,2.0,2.0,8,1,1,1,1,1,1,0,2016.0,10.0,38.0,787.0,505.0,1,1,0,1,1,0,0,Condominium,Leasehold,Non Bumi Lot,Unknown,Selangor,Pinnacle (Petaling Jaya),Pinnacle Homes Sdn Bhd,Petaling Jaya
102822588,290000,1200.0,4.0,2.0,2.0,12,0,0,0,0,0,0,0,,,,,228.0,1,1,1,1,1,0,0,Condominium,Freehold,Non Bumi Lot,Unknown,Selangor,Cheras,Unknown,Cheras
103791797,295000,750.0,2.0,2.0,1.0,0,0,0,0,0,0,0,0,,,,,828.0,0,0,0,0,0,1,1,Condominium,Freehold,Non Bumi Lot,Unknown,Penang,Desa Medura,AM-EL Group,Bayan Lepas
103412167,310000,1200.0,3.0,2.0,1.0,0,1,0,0,0,0,1,0,,,5.0,,455.0,0,0,0,0,0,0,0,Apartment,Freehold,Non Bumi Lot,Low,Selangor,Bandar Bukit Tinggi 1 Apartment,WCT Land Sdn Bhd,Klang
103791934,456000,926.0,3.0,2.0,2.0,9,0,0,0,0,0,0,0,,,,,818.0,1,1,1,1,1,1,0,Service Residence,Freehold,Non Bumi Lot,Low,Selangor,Raintree Residence,Unknown,Klang
92713426,168000,650.0,3.0,2.0,1.0,3,1,0,0,0,1,1,0,,,5.0,,411.0,0,0,0,0,1,0,0,Apartment,Freehold,Non Bumi Lot,Medium,Selangor,Pangsapuri Seri Pulai,Unknown,Puchong
103791779,450000,1068.0,3.0,2.0,2.0,9,0,0,0,0,0,0,0,2016.0,10.0,30.0,311.0,423.0,1,1,0,1,1,1,1,Condominium,Freehold,Non Bumi Lot,High,Johor,The Raffles Suites,BMAH Properties,Johor Bahru
103791777,350000,700.0,3.0,2.0,1.0,8,0,0,0,0,0,0,0,1995.0,31.0,17.0,224.0,388.0,1,1,1,0,1,0,1,Apartment,Freehold,Non Bumi Lot,Unknown,Penang,Taman Lone Pine (Medium Low Cost),Unknown,Paya Terubong
103791776,350000,775.0,2.0,2.0,2.0,6,0,0,0,0,0,0,0,,,17.0,312.0,889.0,1,1,0,1,1,1,1,Service Residence,Freehold,Non Bumi Lot,Unknown,Penang,Avenue Garden,Tambun Indah Land Berhad,Simpang Ampat
103791765,299000,700.0,3.0,2.0,1.0,4,0,0,0,0,0,0,0,1997.0,29.0,20.0,205.0,815.0,0,1,0,0,0,1,1,Condominium,Freehold,Non Bumi Lot,Unknown,Penang,Taman Seri Perak,Unknown,George Town
103791750,300000,1000.0,3.0,2.0,1.0,1,0,0,0,0,0,0,0,,,,,267.0,0,0,0,0,0,0,0,Apartment,Leasehold,Non Bumi Lot,Medium,Sabah,Taman Penampang Apartment,Unknown,Penampang
102893752,165000,1033.0,3.0,2.0,1.0,2,0,0,0,0,0,0,0,,,,,498.0,0,0,1,0,0,0,0,Apartment,Freehold,Non Bumi Lot,Medium,Melaka,Pangsapuri Jayamuda,Unknown,Melaka City
103791793,228000,860.0,3.0,2.0,1.0,6,0,0,0,0,0,0,0,,,,,380.0,0,1,1,0,1,1,1,Apartment,Leasehold,Non Bumi Lot,Unknown,Penang,Taman Terubong Jaya,Unknown,George Town
103461517,370000,1300.0,3.0,2.0,1.0,5,0,0,0,0,0,0,0,2017.0,9.0,15.0,368.0,538.0,1,1,1,0,1,0,0,Condominium,Freehold,Bumi Lot,Medium,Kuala Lumpur,The Chancellor Condominium,Unknown,Kuala Lumpur
95030334,105000,650.0,3.0,2.0,1.0,0,0,0,0,0,0,0,0,,,,,129.0,0,0,0,0,0,0,0,Apartment,Leasehold,Non Bumi Lot,High,Unknown,Unknown,Unknown,Unknown
85487683,128000,700.0,3.0,2.0,1.0,4,1,0,0,1,1,1,0,,,5.0,,550.0,0,1,1,0,1,0,0,Apartment,Leasehold,Non Bumi Lot,High,Selangor,Anggerik Apartment (Seri Kembangan),Unknown,Seri Kembangan
103628532,290000,657.0,4.0,2.0,1.0,4,0,0,0,0,0,0,0,,,,,283.0,0,1,1,0,1,1,1,Apartment,Freehold,Non Bumi Lot,Medium,Penang,Sri Wangsa,Unknown,Jelutong
103791874,438000,700.0,3.0,2.0,1.0,9,0,0,0,0,0,0,0,2003.0,23.0,20.0,480.0,556.0,1,1,1,1,1,0,0,Condominium,Freehold,Non Bumi Lot,High,Penang,Symphony Park (Jelutong),Belleview Group,Jelutong
92003273,440000,894.0,2.0,2.0,1.0,6,1,0,0,0,1,1,0,2013.0,13.0,,654.0,551.0,1,0,0,1,1,0,0,Condominium,Freehold,Non Bumi Lot,Medium,Kuala Lumpur,Royal Regent (Sri Putramas 3),Malaysia Land Properties Sdn Bhd (Mayland),Kuala Lumpur
103791709,250000,484.0,1.0,1.0,1.0,9,0,0,0,0,0,0,0,2013.0,13.0,,1160.0,310.0,1,1,0,1,1,0,0,Service Residence,Freehold,Non Bumi Lot,Medium,Johor,Palazio,Malaysia Land Properties Sdn. Bhd.,Johor Bahru
103791707,460000,1232.0,3.0,2.0,1.0,10,0,0,0,0,0,0,0,,,22.0,768.0,824.0,1,1,1,1,1,0,0,Condominium,Leasehold,Non Bumi Lot,Medium,Kuala Lumpur,Prima Setapak,Unknown,Kuala Lumpur
103791734,450000,1400.0,3.0,2.0,1.0,4,0,0,0,0,0,0,0,,,19.0,,253.0,0,1,0,0,0,1,1,Service Residence,Leasehold,Non Bumi Lot,Medium,Johor,Lagenda Tasek Luxurious Suites,Unknown,Johor Bahru
103791869,365000,1150.0,3.0,2.0,1.0,8,1,1,1,1,0,0,0,2005.0,21.0,,,504.0,1,1,1,1,1,0,0,Condominium,Freehold,Non Bumi Lot,High,Kuala Lumpur,Wangsa Metroview,Peluang Mutiara,Kuala Lumpur
103740800,265000,800.0,3.0,2.0,1.0,8,0,0,0,0,0,0,0,,,,,269.0,1,1,1,0,1,0,0,Apartment,Leasehold,Non Bumi Lot,Low,Selangor,Mentari Apartment,Mentari Properties Sdn Bhd,Shah Alam
103791864,280000,654.0,3.0,1.0,1.0,4,0,0,0,0,0,0,0,,,7.0,36.0,209.0,0,1,1,0,0,1,0,Apartment,Freehold,Non Bumi Lot,High,Penang,Taman Erskine,Unknown,George Town
103791854,360000,795.0,3.0,2.0,1.0,1,0,0,0,0,0,0,0,,,7.0,150.0,837.0,0,0,0,0,0,1,1,Flat,Freehold,Non Bumi Lot,Unknown,Penang,Taman Sri Penawar,Unknown,Jelutong
103791845,275000,1410.0,3.0,2.0,2.0,0,1,1,1,1,1,1,0,,,,,591.0,0,0,0,0,0,0,0,Apartment,Leasehold,Non Bumi Lot,Low,Selangor,Persanda 3 Apartment,HR United,Shah Alam
102754696,268000,1206.0,3.0,2.0,1.0,5,1,1,1,1,1,1,1,2003.0,23.0,20.0,290.0,487.0,1,1,0,0,1,0,0,Condominium,Freehold,Non Bumi Lot,Medium,Kuala Lumpur,Pelangi Indah,Syarikat Perumahan Negara Berhad,Kuala Lumpur
103791818,421000,900.0,3.0,2.0,1.0,0,0,0,0,0,0,0,0,,,,,842.0,0,0,0,0,0,1,1,Apartment,Freehold,Non Bumi Lot,Unknown,Penang,Bayu Tiara,Unknown,Bayan Lepas
103347573,238000,606.0,3.0,2.0,1.0,4,1,0,0,1,1,1,0,2008.0,18.0,17.0,144.0,1087.0,0,1,0,1,1,0,0,Apartment,Leasehold,Non Bumi Lot,Unknown,Kuala Lumpur,Cendana Apartment,Tan & Tan Developments Berhad,Kuala Lumpur
102588406,155000,608.0,3.0,1.0,1.0,0,0,0,1,1,0,1,0,,,5.0,,1446.0,0,0,0,0,0,0,1,Apartment,Leasehold,Non Bumi Lot,Unknown,Selangor,Pandan Indah Flat (Rumah Pangsa 610),Unknown,Ampang
101652348,195000,760.0,3.0,2.0,1.0,0,1,1,0,1,0,1,0,,,,,1008.0,0,0,0,0,0,0,0,Apartment,Leasehold,Non Bumi Lot,Unknown,Kuala Lumpur,Taman Segar,Unknown,Kuala Lumpur
103791808,350000,1100.0,3.0,2.0,1.0,3,0,0,0,0,0,0,0,,,,,269.0,1,1,0,0,0,0,0,Condominium,Freehold,Non Bumi Lot,Medium,Melaka,Klebang 8,Unknown,Melaka City
103621456,300000,1216.0,4.0,3.0,2.0,12,0,0,0,0,0,0,0,,,,,514.0,1,1,0,1,1,1,0,Apartment,Freehold,Non Bumi Lot,Medium,Johor,Mewah View Luxurious Apartments,Unknown,Johor Bahru
103791562,480000,1092.0,3.0,2.0,2.0,10,1,0,0,0,1,1,0,2014.0,12.0,17.0,435.0,1456.0,1,1,1,1,1,0,0,Condominium,Freehold,Non Bumi Lot,Low,Kuala Lumpur,Panorama Residences (Sentul),ECS Mutiara Sdn Bhd,Kuala Lumpur
102968238,750000,3200.0,4.0,3.0,3.0,6,1,0,0,1,0,1,0,2006.0,20.0,17.0,702.0,911.0,1,1,1,0,1,1,1,Condominium,Leasehold,Non Bumi Lot,High,Selangor,Ampang Prima,Demi-Prima Sdn Bhd,Ampang
103634450,315000,914.0,3.0,2.0,1.0,9,1,1,1,1,1,1,0,2006.0,20.0,15.0,464.0,780.0,1,1,1,1,1,0,0,Apartment,Freehold,Non Bumi Lot,Low,Selangor,Puri Aiyu,Crosshill Sdn Bhd,Shah Alam
101975367,270000,1055.0,3.0,2.0,1.0,9,0,1,1,0,0,0,0,2010.0,16.0,22.0,1074.0,1832.0,1,1,1,1,1,0,0,Condominium,Leasehold,Non Bumi Lot,High,Selangor,Magna Ville Condominium,Magna Park Sdn Bhd,Selayang
103791691,295000,850.0,3.0,2.0,1.0,5,1,0,1,0,0,1,0,,,,,441.0,0,0,1,0,1,0,0,Apartment,Freehold,Non Bumi Lot,High,Selangor,Pangsapuri Seroja (Shah Alam),Unknown,Shah Alam
97456389,365000,900.0,3.0,2.0,1.0,0,0,0,0,0,0,0,0,,,,,621.0,0,0,0,0,0,0,0,Apartment,Freehold,Bumi Lot,High,Penang,Bayu Tiara,Unknown,Bayan Lepas
103791681,499000,1021.0,3.0,2.0,1.0,14,1,1,1,0,1,1,0,,,,,1097.0,1,1,1,1,1,1,0,Service Residence,Leasehold,Non Bumi Lot,High,Kuala Lumpur,Vista Langkawi @ PV18,Platinum Victory Group Sdn. Bhd.,Kuala Lumpur
102835208,505000,1198.0,3.0,2.0,1.0,0,0,0,0,1,1,0,0,2016.0,10.0,,537.0,728.0,0,0,0,0,0,0,1,Condominium,Leasehold,Bumi Lot,Medium,Selangor,Sphere Damansara,SENTRAL CITY (M) SDN BHD,Damansara Damai
100723840,990000,2253.0,5.0,3.0,4.0,8,1,0,0,1,0,1,0,2015.0,11.0,18.0,252.0,1003.0,1,1,1,1,1,0,0,Condominium,Leasehold,Non Bumi Lot,Medium,Kuala Lumpur,D'Suria Condominium,SSF Group,Kuala Lumpur
99785850,529000,1162.0,4.0,2.0,2.0,9,0,1,1,1,0,1,0,2016.0,10.0,25.0,576.0,428.0,1,1,0,1,1,0,0,Service Residence,Leasehold,Non Bumi Lot,Medium,Kuala Lumpur,Fortune Perdana Lakeside,Asian Pac Holdings Berhad,Kuala Lumpur
102383904,168000,800.0,3.0,2.0,1.0,1,1,1,1,1,0,1,0,,,,,363.0,0,0,0,0,0,0,0,Apartment,Leasehold,Non Bumi Lot,Medium,Kuala Lumpur,Amber (Kepong),Perbadanan Kemajuan Negeri Selangor (PKNS),Kuala Lumpur
102906044,270000,936.0,3.0,2.0,1.0,9,0,0,0,0,0,0,0,,,23.0,,1226.0,1,1,1,1,1,0,1,Condominium,Freehold,Bumi Lot,Unknown,Melaka,Langat Jaya,Unknown,Cheras
103791668,170000,494.0,2.0,1.0,1.0,0,0,0,0,0,0,0,0,,,,,371.0,0,0,0,0,0,0,1,Apartment,Freehold,Non Bumi Lot,Low,Johor,Flat Taman Ungku Tun Aminah,Tasek Maju Realty Sdn Bhd,Skudai
103791666,350000,750.0,3.0,2.0,1.0,10,0,0,0,0,0,0,0,1997.0,29.0,32.0,988.0,352.0,1,1,1,1,1,1,1,Condominium,Freehold,Non Bumi Lot,High,Penang,N-Park Condominium,Unknown,Gelugor
101830324,498000,900.0,3.0,2.0,2.0,9,0,0,0,0,0,0,0,2024.0,2.0,33.0,149.0,1193.0,1,1,1,1,1,0,0,Condominium,Freehold,Malay Reserved,Unknown,Kuala Lumpur,Armani Residence Bukit Lanjan,Golden Armani Sdn Bhd,Kuala Lumpur
103791661,160000,789.0,3.0,2.0,1.0,0,0,0,0,0,0,0,0,,,,,1031.0,0,0,0,0,0,0,0,Apartment,Freehold,Non Bumi Lot,Low,Selangor,Pangsapuri Seri Inai,Unknown,Bukit Beruntung
103791654,180000,753.0,3.0,2.0,1.0,2,0,0,0,0,1,0,0,,,5.0,112.0,959.0,0,0,0,0,1,0,0,Apartment,Leasehold,Non Bumi Lot,Medium,Selangor,Apartment Indah,Unknown,Damansara Damai
103071710,312800,828.0,3.0,2.0,1.0,6,1,1,0,1,0,1,0,2000.0,26.0,11.0,1240.0,815.0,0,1,1,0,1,0,0,Condominium,Freehold,Non Bumi Lot,Medium,Kuala Lumpur,Arena Green,Berjaya Land,Kuala Lumpur
103791652,230000,680.0,3.0,1.0,1.0,1,0,0,0,0,0,0,0,,,,,204.0,0,0,1,0,0,0,0,Apartment,Freehold,Non Bumi Lot,High,Penang,Dafe Court,Unknown,Bukit Jambul
101278339,355000,549.0,1.0,1.0,1.0,12,0,0,0,0,0,0,0,2016.0,10.0,25.0,528.0,353.0,1,1,1,1,1,0,0,Apartment,Leasehold,Non Bumi Lot,High,Johor,Epic Residences,IJM LAND BERHAD,Johor Bahru
103791635,1250000,1333.0,3.0,2.0,2.0,10,1,1,1,0,1,1,1,2019.0,7.0,35.0,245.0,648.0,1,1,1,1,1,0,0,Condominium,Freehold,Non Bumi Lot,High,Kuala Lumpur,Residensi Sefina Mont Kiara,UEM Sunrise Berhad,Kuala Lumpur
103694365,388000,1288.0,3.0,2.0,1.0,7,0,0,0,0,0,0,0,2015.0,11.0,21.0,455.0,199.0,1,1,0,1,1,0,0,Condominium,Freehold,Non Bumi Lot,Medium,Selangor,Ivory Residence,TLS Group,Kajang
103791396,900000,1008.0,1.0,1.0,1.0,0,0,0,0,0,0,0,0,,,,,904.0,0,0,0,0,0,1,1,Service Residence,Freehold,Non Bumi Lot,Unknown,Penang,The Suites @ Waterside (Straits Quay),Eastern & Oriental Berhad,George Town
103791624,125000,520.0,2.0,1.0,1.0,0,0,0,0,0,0,0,0,,,13.0,1020.0,273.0,0,0,0,0,0,0,1,Apartment,Leasehold,Non Bumi Lot,High,Penang,Desa Intan,Unknown,Ayer Itam
86318472,220000,755.0,3.0,2.0,1.0,0,0,0,0,0,0,0,0,,,5.0,,713.0,0,0,0,0,0,0,0,Apartment,Freehold,Non Bumi Lot,Unknown,Selangor,Pangsapuri Sri Kemuning,Unknown,Shah Alam
103538407,298000,1100.0,4.0,3.0,2.0,14,0,0,0,0,0,0,0,,,,,675.0,1,1,1,1,1,0,0,Condominium,Freehold,Non Bumi Lot,Medium,Selangor,Freehold Condo,Unknown,PUTRAJAYA CYBERJAYA KOTA WARISAN SEPANG SELANGOR
102681253,300000,973.0,3.0,2.0,1.0,7,0,0,0,0,0,0,0,2015.0,11.0,,352.0,343.0,1,1,1,1,1,0,0,Condominium,Leasehold,Non Bumi Lot,Low,Johor,Scott Towers @ Larkin JB,Andaman Group,Johor Bahru
103068119,388000,1109.0,3.0,2.0,1.0,0,0,0,0,0,0,0,0,,,,,331.0,0,0,0,0,0,0,1,Condominium,Freehold,Non Bumi Lot,Medium,Johor,Perling height apartment,Unknown,Johor Bahru
103791594,105000,650.0,3.0,2.0,1.0,1,0,0,0,0,0,0,0,,,,,1181.0,0,0,0,0,0,0,0,Flat,Freehold,Non Bumi Lot,Unknown,Selangor,Pangsapuri Seri Angsana,Unknown,Seri Kembangan
103791592,1059888,1557.0,4.0,3.0,2.0,14,0,0,0,0,0,0,0,,,,,444.0,1,1,1,1,1,0,0,Condominium,Leasehold,Non Bumi Lot,High,Sabah,SkyVue Residence,Eng Han Property Sdn Bhd,Kota Kinabalu
102587559,165000,850.0,3.0,2.0,1.0,4,0,0,0,0,0,0,0,,,5.0,,747.0,0,0,0,0,1,0,0,Apartment,Leasehold,Non Bumi Lot,Unknown,Selangor,Taman Setia Balakong,Unknown,Balakong
102302792,168000,950.0,3.0,2.0,1.0,4,0,0,0,0,0,0,0,,,5.0,,611.0,0,1,0,0,1,0,0,Apartment,Freehold,Non Bumi Lot,Unknown,Selangor,Seraya Apartments,Unknown,Kajang
103427019,560000,909.0,3.0,2.0,2.0,6,1,1,0,1,1,1,0,2017.0,9.0,29.0,412.0,775.0,1,1,0,1,1,1,0,Condominium,Freehold,Non Bumi Lot,Unknown,Kuala Lumpur,Residency V,Kerjaya Prospek Group Berhad,Kuala Lumpur
103713277,1200000,1830.0,3.0,3.0,2.0,8,0,0,0,0,0,0,0,,,,,964.0,1,1,1,1,1,1,0,Condominium,Leasehold,Non Bumi Lot,High,Sabah,Kristal,Unknown,Kota Kinabalu
102164246,168000,830.0,3.0,2.0,1.0,3,1,1,1,1,0,1,0,,,,,441.0,0,0,0,0,1,0,0,Apartment,Leasehold,Non Bumi Lot,Medium,Kuala Lumpur,Taman Indah Perdana,Unknown,Kuala Lumpur
102958432,390000,2670.0,3.0,2.0,2.0,1,0,0,0,0,0,0,0,,,,,581.0,0,0,0,0,0,0,0,Others,Leasehold,Non Bumi Lot,Medium,Sabah,Taman King Fook,Unknown,Tawau
103770527,200000,750.0,3.0,2.0,1.0,0,0,0,0,0,0,0,0,,,5.0,,313.0,0,0,0,0,0,0,1,Apartment,Freehold,Non Bumi Lot,High,Selangor,Pangsapuri Sri Kemuning,Unknown,Shah Alam
99320652,278000,918.0,3.0,2.0,2.0,6,0,0,0,0,0,0,0,,,17.0,595.0,178.0,1,1,1,0,1,0,0,Apartment,Leasehold,Non Bumi Lot,Medium,Kuala Lumpur,Vista Saujana,Unknown,Kuala Lumpur
101888749,1150000,1309.0,3.0,2.0,1.0,8,0,0,0,0,0,0,0,,,26.0,286.0,800.0,1,1,1,1,1,1,0,Condominium,Leasehold,Non Bumi Lot,High,Sabah,Bay 21,Unknown,Kota Kinabalu
92817548,355000,1288.0,3.0,2.0,2.0,9,0,0,0,0,0,0,0,2015.0,11.0,21.0,455.0,564.0,1,1,1,1,1,1,0,Condominium,Freehold,Non Bumi Lot,Unknown,Selangor,Ivory Residence,TLS Group,Kajang
101889227,280000,850.0,3.0,2.0,2.0,5,0,0,0,0,0,0,0,,,,,252.0,1,1,0,0,1,0,0,Apartment,Leasehold,Non Bumi Lot,Medium,Sabah,Angkasa Apartment,Bina Puri Holdings Bhd,Kota Kinabalu
103214657,170000,770.0,3.0,2.0,1.0,6,0,0,0,0,0,0,0,,,8.0,76.0,814.0,0,1,0,0,1,0,0,Apartment,Freehold,Non Bumi Lot,Low,Johor,P'residen @ Permas Jaya,The Private Residence Sdn Bhd,Masai
103791374,550000,1001.0,4.0,2.0,2.0,8,0,0,0,0,0,0,0,2021.0,5.0,47.0,1413.0,371.0,1,1,1,0,1,1,0,Apartment,Freehold,Non Bumi Lot,Low,Kuala Lumpur,M Centura,Mah Sing Group Berhad,Kuala Lumpur
103689427,735000,1668.0,3.0,2.0,2.0,13,1,0,0,1,1,0,0,,,14.0,224.0,2155.0,1,1,1,1,1,0,0,Condominium,Freehold,Non Bumi Lot,High,Selangor,Cameron Towers,Gasing Heights Sdn Bhd,Petaling Jaya
101187396,570000,936.0,3.0,2.0,2.0,11,0,0,0,0,0,0,0,,,,,1650.0,1,1,1,1,1,1,0,Condominium,Freehold,Non Bumi Lot,High,Selangor,Temasya Kasih,Unknown,Shah Alam
103791353,539000,1023.0,3.0,2.0,2.0,14,1,1,0,1,0,1,0,2020.0,6.0,40.0,1052.0,748.0,1,1,1,1,1,0,0,Condominium,Leasehold,Non Bumi Lot,Medium,Kuala Lumpur,The Havre @ Bukit Jalil,Aset Kayamas Sdn Bhd,Kuala Lumpur
103791198,298000,950.0,3.0,2.0,1.0,8,1,0,0,1,0,0,0,2011.0,15.0,29.0,1709.0,789.0,1,1,1,1,1,0,1,Condominium,Leasehold,Bumi Lot,High,Selangor,Symphony Heights (Simfoni Heights),Daya Niaga,Batu Caves
102348665,530000,848.0,3.0,2.0,2.0,6,0,0,0,0,0,0,0,2017.0,9.0,,,288.0,1,1,0,1,1,1,0,Condominium,Leasehold,Non Bumi Lot,High,Sabah,The Gardens (Penampang),SC Land Group,Penampang
103791217,102000,603.0,2.0,2.0,1.0,3,1,0,0,0,1,0,0,,,,,663.0,0,0,0,0,1,0,0,Flat,Leasehold,Non Bumi Lot,Medium,Selangor,Flat Taman Samudra,Unknown,Batu Caves
103791338,110000,550.0,2.0,1.0,1.0,0,0,0,0,0,0,0,0,,,,,313.0,0,0,0,0,0,0,1,Flat,Freehold,Non Bumi Lot,High,Penang,Desa Pilihan,Unknown,Sungai Ara
103150150,404800,1149.0,4.0,2.0,2.0,10,1,0,1,1,1,1,0,,,,464.0,1387.0,1,1,1,1,1,0,0,Condominium,Freehold,Non Bumi Lot,High,Selangor,Indah Alam,Shanghai Realty (M) Sdn Bhd,Shah Alam
102988049,338800,850.0,3.0,2.0,1.0,4,1,1,0,1,0,1,1,2000.0,26.0,8.0,,783.0,1,1,0,0,1,0,0,Apartment,Freehold,Non Bumi Lot,Medium,Selangor,Fairville,Sime Darby Property Berhad,Subang Jaya
101987861,299000,850.0,4.0,2.0,1.0,5,1,0,0,0,0,1,0,2017.0,9.0,5.0,400.0,1756.0,0,1,1,0,1,1,1,Apartment,Freehold,Non Bumi Lot,Low,Selangor,"Orchis Apartment, Bandar Parklands",WCT Holding Berhad,Klang
103791160,400000,1019.0,2.0,2.0,1.0,8,0,0,0,0,0,0,0,2015.0,11.0,,644.0,391.0,1,1,0,1,1,1,0,Condominium,Leasehold,Non Bumi Lot,Medium,Johor,One Medini,One Medini Sdn Bhd,Iskandar Puteri
103791154,250000,750.0,3.0,2.0,1.0,6,1,0,0,1,1,1,0,2002.0,24.0,11.0,792.0,509.0,1,1,1,0,1,0,0,Apartment,Leasehold,Bumi Lot,High,Kuala Lumpur,Pangsapuri Cemara (Cheras),Unknown,Kuala Lumpur
103791129,340000,1091.0,3.0,2.0,1.0,8,0,0,0,1,0,1,0,2010.0,16.0,18.0,569.0,450.0,1,1,1,1,1,0,0,Condominium,Freehold,Non Bumi Lot,High,Kuala Lumpur,Kinrara Mas Condominium,HR Utama Sdn Bhd,Kuala Lumpur
102768584,950000,1338.0,3.0,2.0,2.0,5,0,0,0,0,0,0,0,,,,,349.0,1,1,1,1,0,1,0,Condominium,Leasehold,Non Bumi Lot,High,Sabah,Lido Avenue,Mega City Avenue Sdn. Bhd.,Kota Kinabalu
102568234,438000,870.0,3.0,2.0,1.0,9,0,0,0,0,0,0,0,2016.0,10.0,29.0,391.0,142.0,1,1,1,1,1,1,0,Service Residence,Leasehold,Non Bumi Lot,Medium,Sabah,Ashton Tower,SCP Group,Kota Kinabalu
103791297,530000,890.0,2.0,2.0,1.0,9,1,0,0,0,0,0,0,,,,414.0,667.0,1,1,1,1,1,1,0,Apartment,Freehold,Non Bumi Lot,Medium,Selangor,Utropolis Serviced Apartment 1,Paramount Property,Glenmarie
103791296,360000,1431.0,3.0,2.0,1.0,4,0,0,0,0,0,0,0,1987.0,39.0,15.0,200.0,1130.0,1,1,0,0,0,0,1,Condominium,Freehold,Non Bumi Lot,Medium,Selangor,Kyoto Gardens Condominium,Unknown,Ampang
103791288,630000,1400.0,3.0,2.0,1.0,11,0,0,0,0,0,0,0,2010.0,16.0,16.0,246.0,376.0,1,1,1,1,1,0,0,Condominium,Freehold,Malay Reserved,Medium,Kuala Lumpur,Mas Kiara Residences,Intan Permata Properties,Kuala Lumpur
103791287,330000,820.0,3.0,2.0,1.0,2,0,0,0,0,0,0,0,,,5.0,,833.0,0,1,0,0,0,1,1,Apartment,Freehold,Non Bumi Lot,Unknown,Penang,Taman Tanjong,Unknown,Tanjung Bungah
102900624,190000,700.0,3.0,2.0,1.0,5,0,0,0,0,0,0,0,,,,,500.0,1,1,0,0,1,0,0,Apartment,Leasehold,Non Bumi Lot,Unknown,Selangor,saujana apartment,Unknown,Damansara Damai
102900042,249000,710.0,3.0,2.0,1.0,4,0,0,0,0,0,0,0,,,5.0,40.0,442.0,1,1,0,0,0,1,0,Apartment,Leasehold,Non Bumi Lot,Unknown,Selangor,Apartment Bayu,Unknown,Petaling Jaya
102900034,299000,710.0,3.0,2.0,1.0,5,0,0,0,0,0,0,0,,,5.0,40.0,442.0,1,1,0,0,1,1,0,Apartment,Leasehold,Non Bumi Lot,Unknown,Selangor,Apartment Bayu,Unknown,Petaling Jaya
101531112,305000,862.0,2.0,2.0,1.0,0,0,0,0,0,0,0,0,,,,,291.0,0,0,0,0,0,1,0,Service Residence,Freehold,Non Bumi Lot,Unknown,Johor,KSL Avery Park,Unknown,Masai
103791271,488000,770.0,2.0,2.0,1.0,9,0,0,0,0,0,0,0,2014.0,12.0,21.0,780.0,317.0,1,1,0,1,1,0,0,Service Residence,Freehold,Non Bumi Lot,Medium,Johor,D' Ambience,IJM LAND BERHAD,Johor Bahru
101513680,364000,1036.0,3.0,2.0,2.0,0,0,0,0,0,0,0,0,,,,,292.0,0,0,0,0,0,1,0,Service Residence,Freehold,Non Bumi Lot,Unknown,Johor,KSL Avery Park,Unknown,Masai
103253282,505000,953.0,2.0,2.0,1.0,6,0,0,0,0,0,0,0,2019.0,7.0,36.0,1148.0,117.0,1,1,0,1,1,1,0,Apartment,Freehold,Non Bumi Lot,Unknown,Johor,Havona,Sunray Development,Johor Bahru
103331391,275000,850.0,3.0,2.0,1.0,7,0,0,0,0,0,0,0,,,12.0,1012.0,264.0,1,1,0,1,1,1,0,Apartment,Leasehold,Non Bumi Lot,Low,Sabah,Putatan Platinum Apartment,Syarikat Perumahan Negara Berhad,Penampang
103791254,1150000,993.0,3.0,2.0,2.0,9,0,0,0,0,0,0,0,2018.0,8.0,33.0,299.0,449.0,1,1,1,1,1,1,1,Condominium,Freehold,Non Bumi Lot,Medium,Penang,Tropicana 218 Macalister,Tropicana Corporation Berhad,George Town
99060601,219999,850.0,3.0,2.0,1.0,3,0,0,0,0,0,0,0,,,4.0,,518.0,0,1,0,0,1,0,0,Apartment,Freehold,Non Bumi Lot,Medium,Selangor,"Cheras Perdana Apartment Block A, B, C",Unknown,Cheras
103302624,470000,878.0,3.0,2.0,1.0,0,0,0,0,0,0,0,0,2022.0,4.0,55.0,1598.0,1232.0,0,0,0,0,0,1,0,Service Residence,Freehold,Non Bumi Lot,Unknown,Kuala Lumpur,M Arisa,Mah Sing Group Bhd,Kuala Lumpur
99062291,960000,1710.0,4.0,3.0,1.0,0,1,0,0,0,0,1,0,2022.0,4.0,,1342.0,1651.0,0,0,0,0,0,0,0,Condominium,Leasehold,Non Bumi Lot,Unknown,Kuala Lumpur,Residensi Bintang Bukit Jalil,LBS Bina Group Berhad,Kuala Lumpur
101645655,215000,700.0,3.0,2.0,1.0,4,0,0,0,0,0,0,0,,,,,1295.0,1,1,0,0,0,1,0,Apartment,Leasehold,Non Bumi Lot,Low,Unknown,Unknown,Unknown,Unknown
101645678,239000,700.0,3.0,2.0,1.0,4,0,0,0,0,0,0,0,,,,,418.0,1,1,0,0,0,0,0,Apartment,Leasehold,Non Bumi Lot,Unknown,Unknown,Unknown,Unknown,Unknown
101848068,235000,700.0,3.0,2.0,1.0,4,0,0,0,0,0,0,0,,,,,512.0,1,1,0,0,0,0,0,Apartment,Leasehold,Non Bumi Lot,Unknown,Unknown,Unknown,Unknown,Unknown
101645434,239000,700.0,3.0,2.0,1.0,4,0,0,0,0,0,0,0,,,,,440.0,1,1,0,0,0,0,0,Apartment,Leasehold,Non Bumi Lot,Unknown,Unknown,Unknown,Unknown,Unknown
101984721,190000,700.0,3.0,2.0,1.0,4,0,0,0,0,0,0,0,,,,,512.0,1,1,0,0,0,0,0,Apartment,Leasehold,Non Bumi Lot,Unknown,Selangor,saujana apartment,Unknown,Damansara Damai
101984712,180000,700.0,3.0,2.0,1.0,4,0,0,0,0,0,0,0,,,,,440.0,1,1,0,0,0,0,0,Apartment,Leasehold,Non Bumi Lot,Unknown,Selangor,saujana apartment,Unknown,Damansara Damai
100701657,130000,650.0,3.0,2.0,1.0,1,0,0,0,0,0,0,0,,,,,421.0,0,0,0,0,0,0,0,Apartment,Leasehold,Non Bumi Lot,Unknown,Unknown,Unknown,Unknown,Unknown
101816977,210000,700.0,3.0,2.0,1.0,4,0,0,0,0,0,0,0,,,,,451.0,1,1,0,0,1,1,0,Apartment,Leasehold,Non Bumi Lot,Unknown,Unknown,Unknown,Unknown,Unknown
101984714,234000,850.0,3.0,2.0,1.0,4,0,0,0,0,0,0,0,,,,,978.0,1,1,0,0,0,0,0,Apartment,Leasehold,Non Bumi Lot,Unknown,Selangor,saujana apartment,Unknown,Damansara Damai
101862249,287000,850.0,3.0,1.0,1.0,0,0,0,0,0,0,0,0,,,,,986.0,0,0,0,0,0,0,0,Apartment,Leasehold,Non Bumi Lot,Unknown,Unknown,Unknown,Unknown,Unknown
101862370,184000,710.0,3.0,2.0,1.0,0,0,0,0,0,0,0,0,,,,,982.0,0,0,0,0,0,1,0,Apartment,Leasehold,Non Bumi Lot,Unknown,Unknown,Unknown,Unknown,Unknown
103354341,330000,1058.0,3.0,2.0,1.0,8,0,0,0,0,0,0,0,,,16.0,260.0,396.0,1,1,1,1,1,0,0,Apartment,Freehold,Non Bumi Lot,High,Selangor,Villamas Apartment,VILLAMAS,Puchong
102186273,260000,811.0,3.0,2.0,2.0,0,0,0,0,0,0,0,0,,,,,236.0,0,0,0,0,0,0,0,Apartment,Freehold,Non Bumi Lot,Medium,Selangor,Pangsapuri Akasia,Unknown,Setia Alam
103638368,140000,687.0,3.0,2.0,1.0,2,1,0,0,0,0,0,0,,,,,1255.0,0,1,0,0,1,0,0,Apartment,Leasehold,Bumi Lot,Unknown,Selangor,Rosana Villa Apartment,Unknown,Puchong
103638367,430000,1175.0,3.0,2.0,1.0,7,0,0,0,0,0,0,0,1995.0,31.0,32.0,,1114.0,1,1,1,1,1,0,0,Condominium,Freehold,Bumi Lot,Unknown,Kuala Lumpur,Villa Puteri,Land & General Berhad,Kuala Lumpur
103436724,490000,1396.0,4.0,3.0,2.0,14,0,0,0,0,0,0,0,2013.0,13.0,20.0,899.0,586.0,1,1,1,1,1,1,1,Condominium,Leasehold,Non Bumi Lot,Medium,Selangor,One Damansara,MK Land Holdings,Petaling Jaya
103790822,180000,391.0,1.0,1.0,1.0,6,0,0,0,0,0,0,0,,,,,512.0,1,1,0,1,1,0,0,Condominium,Leasehold,Non Bumi Lot,Low,Sabah,University Utama Condominium,The W Property Collection,Kota Kinabalu
103790789,660000,841.0,3.0,2.0,2.0,9,0,0,0,0,0,0,0,2021.0,5.0,23.0,237.0,823.0,1,1,1,1,1,1,1,Condominium,Freehold,Non Bumi Lot,High,Penang,M Vista,Vienna View Development (Mah Sing Group),Bayan Lepas
103791025,415000,1162.0,3.0,3.0,1.0,6,0,1,1,1,1,1,0,2016.0,10.0,22.0,616.0,1239.0,1,1,0,1,1,1,0,Service Residence,Freehold,Non Bumi Lot,Medium,Selangor,V-Residensi 2,B&G Property,Shah Alam
103790673,308000,661.0,1.0,1.0,1.0,8,0,0,0,0,0,0,0,2015.0,11.0,13.0,420.0,743.0,1,1,1,1,1,0,0,Service Residence,Freehold,Non Bumi Lot,High,Johor,Seri Austin Residence Luxury Apartment,Dynasty View Sdn Bhd (UM Land),Johor Bahru
103790703,398000,1000.0,3.0,2.0,1.0,4,0,0,0,0,0,0,0,,,,,495.0,0,1,1,0,1,1,0,Condominium,Leasehold,Non Bumi Lot,Medium,Sabah,Eco Park,Unknown,Kota Kinabalu
103790693,950000,1058.0,2.0,2.0,1.0,11,0,0,0,0,0,0,0,2014.0,12.0,9.0,631.0,434.0,1,1,1,1,1,1,0,Service Residence,Leasehold,Non Bumi Lot,Medium,Sabah,The Loft @ KK Times Square,Syarikat Kapasi (Asian Pac),Kota Kinabalu
103790692,700000,1213.0,2.0,2.0,2.0,9,1,1,0,1,1,1,0,2016.0,10.0,24.0,403.0,1046.0,1,1,1,1,1,0,0,Condominium,Leasehold,Non Bumi Lot,Medium,Kuala Lumpur,Pearl Suria,Aikbee Timbers Sdn. Bhd.,Kuala Lumpur
103372856,235000,773.0,3.0,2.0,1.0,3,1,0,0,0,0,1,1,,,,400.0,729.0,0,1,0,0,1,0,0,Apartment,Freehold,Non Bumi Lot,Unknown,Selangor,Baiduri Courts (Bukit Puchong),Bukit Hitam Development Sdn Bhd,Puchong
102783369,400000,1200.0,3.0,2.0,2.0,12,0,0,0,0,1,1,1,,,,,1122.0,1,1,1,1,1,0,0,Condominium,Leasehold,Non Bumi Lot,Medium,Selangor,Gardenz @ One South,Hua Yang Berhad,Seri Kembangan
103790933,400000,780.0,2.0,2.0,2.0,11,0,0,0,0,0,0,0,2019.0,7.0,,961.0,357.0,1,1,1,1,1,1,0,Condominium,Leasehold,Non Bumi Lot,Medium,Johor,The Elysia Park Residence @ Medini,BCB Berhad,Iskandar Puteri
100598613,790000,1711.0,4.0,3.0,1.0,13,1,1,0,0,1,1,0,2012.0,14.0,10.0,210.0,1777.0,1,1,0,1,1,1,1,Condominium,Freehold,Bumi Lot,High,Selangor,Gardenview Residence,SETIA HARUMAN SDN BHD,Cyberjaya
103316101,455000,1100.0,3.0,2.0,1.0,11,1,0,0,0,1,1,0,2013.0,13.0,28.0,222.0,1612.0,1,1,0,1,1,0,0,Condominium,Freehold,Non Bumi Lot,Medium,Kuala Lumpur,222 Residency,Kerjaya Prospek Group Berhad,Kuala Lumpur
103314204,398000,1100.0,3.0,2.0,1.0,9,1,0,0,0,1,0,0,,,6.0,180.0,1537.0,1,1,1,1,1,0,0,Condominium,Leasehold,Bumi Lot,Medium,Kuala Lumpur,Sri Jelatek,Unknown,Kuala Lumpur
102987584,390000,1331.0,4.0,2.0,1.0,7,0,0,0,0,0,0,0,2013.0,13.0,17.0,475.0,947.0,1,1,0,1,1,1,0,Condominium,Freehold,Non Bumi Lot,Medium,Kuala Lumpur,Platinum Hill PV 3,Platinum Victory Development Sdn Bhd,Kuala Lumpur
103399608,385000,1400.0,3.0,2.0,2.0,10,1,0,0,1,1,0,1,,,18.0,288.0,1577.0,1,1,1,1,1,0,0,Condominium,Leasehold,Non Bumi Lot,Medium,Kuala Lumpur,Seri Mas (Cheras),Amber Resources,Kuala Lumpur
103628756,450000,1200.0,3.0,2.0,2.0,14,0,0,0,0,0,0,0,,,,,770.0,1,1,1,1,1,1,0,Condominium,Freehold,Non Bumi Lot,Medium,Putrajaya,Putrajaya » Putrajaya,Unknown,Putrajaya
99053367,600000,850.0,3.0,2.0,2.0,3,1,0,0,1,1,1,0,2023.0,3.0,31.0,836.0,2024.0,0,0,0,0,1,1,0,Service Residence,Freehold,Non Bumi Lot,Unknown,Selangor,Alira Metropark Subang,MCT Berhad,Subang Jaya
103470204,303000,1024.0,3.0,2.0,1.0,2,0,0,0,0,0,0,0,,,4.0,,334.0,0,1,0,0,0,0,0,Apartment,Leasehold,Non Bumi Lot,Low,Johor,Lily & Jasmine,Unknown,Johor Bahru
103245262,1300000,1409.0,3.0,3.0,2.0,7,0,0,0,0,0,0,0,2019.0,7.0,26.0,220.0,241.0,1,1,0,1,1,0,0,Condominium,Freehold,Non Bumi Lot,Unknown,Penang,Middleton @ Minden Heights,BSG Property,Gelugor
103245254,1300000,1409.0,3.0,3.0,2.0,7,0,0,0,0,0,0,0,2019.0,7.0,26.0,220.0,241.0,1,1,0,1,1,0,0,Condominium,Freehold,Non Bumi Lot,Unknown,Penang,Middleton @ Minden Heights,BSG Property,Gelugor
102285926,244000,1008.0,3.0,2.0,1.0,5,0,0,0,0,0,0,0,2015.0,11.0,12.0,306.0,1417.0,1,1,1,0,1,0,0,Condominium,Freehold,Non Bumi Lot,Unknown,Selangor,Kristal Villa,Unknown,Kajang
103790238,450000,1000.0,3.0,2.0,1.0,7,0,0,0,0,0,0,0,,,,109.0,533.0,1,1,0,1,1,1,1,Condominium,Leasehold,Non Bumi Lot,Medium,Sabah,One Sulaman,Unknown,Kota Kinabalu
103790324,230000,512.0,2.0,1.0,1.0,6,0,0,0,0,0,0,0,,,,,631.0,1,1,0,1,1,1,0,Condominium,Leasehold,Non Bumi Lot,Low,Sabah,University Utama Condominium,The W Property Collection,Kota Kinabalu
103790302,600000,409.0,2.0,1.0,1.0,5,0,0,0,0,0,0,0,,,,,485.0,1,1,1,0,1,0,0,Service Residence,Leasehold,Non Bumi Lot,High,Sabah,The Shore (Kota Kinabalu),Unknown,Kota Kinabalu
102549734,350000,970.0,3.0,2.0,1.0,9,1,1,0,1,1,1,0,,,16.0,1000.0,977.0,1,1,1,1,1,0,0,Condominium,Leasehold,Non Bumi Lot,Medium,Selangor,Vista Millennium Condominiums,Millennium Land Sdn Bhd,Puchong
103790563,589000,935.0,3.0,2.0,1.0,11,1,0,0,0,1,0,0,1997.0,29.0,22.0,1008.0,361.0,1,1,1,1,1,0,0,Service Residence,Freehold,Non Bumi Lot,Medium,Kuala Lumpur,Desa Green,Seri Tiara Development Sdn Bhd,Kuala Lumpur
103790558,310000,850.0,3.0,2.0,1.0,4,0,0,0,0,0,0,0,,,,,1142.0,1,1,0,0,1,1,1,Apartment,Leasehold,Non Bumi Lot,Medium,Sabah,Angkasa Apartment,Bina Puri Holdings Bhd,Kota Kinabalu
103758671,499000,1200.0,3.0,3.0,2.0,14,0,0,0,0,0,0,0,,,,,592.0,1,1,1,1,1,1,0,Condominium,Freehold,Non Bumi Lot,High,Selangor,Seri Kembangan,Unknown,Seri Kembangan
103790549,289000,850.0,3.0,2.0,1.0,3,1,0,1,0,0,1,0,,,5.0,,493.0,1,0,0,0,1,0,0,Condominium,Freehold,Non Bumi Lot,Unknown,Selangor,Vista Indah Putra,KLS Properties Sdn Bhd,Klang
103790546,299000,467.0,1.0,1.0,1.0,4,1,1,1,0,1,1,0,,,43.0,956.0,526.0,0,1,0,1,0,0,0,Studio,Freehold,Non Bumi Lot,Unknown,Selangor,i-Soho @ i-City,i-Berhad,Shah Alam
102894595,400000,526.0,1.0,1.0,1.0,0,0,0,0,0,0,0,0,,,,,568.0,0,0,0,0,0,1,1,Service Residence,Freehold,Non Bumi Lot,High,Johor,Wave Marina Cove (Pangsapuri Tepian Bayu),IOI Properties Group Berhad,Johor Bahru
103790522,420000,987.0,3.0,2.0,1.0,7,0,0,0,0,0,0,0,2017.0,9.0,5.0,80.0,558.0,1,1,1,0,1,1,0,Apartment,Leasehold,Non Bumi Lot,High,Sabah,80 Residence,Unknown,Penampang
103790119,450000,1000.0,3.0,2.0,1.0,6,0,0,0,0,0,0,0,,,,109.0,533.0,1,1,0,0,1,1,1,Condominium,Leasehold,Non Bumi Lot,Medium,Sabah,One Sulaman,Unknown,Kota Kinabalu
99371865,810000,1130.0,3.0,2.0,2.0,10,0,0,0,0,0,0,0,,,,,583.0,1,1,1,1,1,0,0,Condominium,Freehold,Non Bumi Lot,High,Penang,Triuni Residences @ The Sanctuary,Runnymede Group,Gelugor
101589350,170000,689.0,3.0,2.0,1.0,0,1,0,0,0,1,1,1,,,,,687.0,0,0,0,0,0,0,0,Apartment,Freehold,Non Bumi Lot,Unknown,Selangor,Pangsapuri Seri Kayan,Unknown,Subang Jaya
102669171,90000,728.0,3.0,2.0,1.0,0,1,0,0,0,1,0,0,,,,,614.0,0,0,0,0,0,0,0,Flat,Leasehold,Non Bumi Lot,Unknown,Selangor,Maplewood Court,Unknown,Rawang
102483884,110000,650.0,3.0,2.0,1.0,1,0,0,0,0,0,0,0,,,,,461.0,0,0,0,0,0,0,0,Flat,Freehold,Non Bumi Lot,Unknown,Selangor,Pangsapuri Seri Angsana,Unknown,Seri Kembangan
101812621,80000,728.0,3.0,2.0,1.0,0,1,0,0,0,1,0,0,,,,,811.0,0,0,0,0,0,0,0,Flat,Leasehold,Bumi Lot,Unknown,Selangor,Azalea Court,Unknown,Rawang
103471564,460000,1100.0,3.0,2.0,2.0,14,1,0,1,0,1,1,0,,,,,493.0,1,1,1,1,1,0,0,Condominium,Leasehold,Non Bumi Lot,High,Kuala Lumpur,The Holmes,Aset Kayamas,Kuala Lumpur
103583113,140000,900.0,3.0,2.0,1.0,2,0,0,0,0,0,0,0,,,5.0,,514.0,0,1,0,0,0,0,0,Apartment,Freehold,Bumi Lot,High,Selangor,Pangsapuri Seri Melati,UMLand,Bangi
103075737,269000,1538.0,3.0,2.0,1.0,8,0,0,0,0,0,0,0,2000.0,26.0,14.0,1339.0,565.0,1,1,1,1,1,0,0,Condominium,Freehold,Non Bumi Lot,Unknown,Selangor,Venice Hill,Li Foong Group,Cheras
103790452,360000,886.0,2.0,2.0,1.0,0,0,0,0,0,0,0,0,,,,,314.0,0,0,0,0,0,0,0,Apartment,Leasehold,Non Bumi Lot,Low,Sabah,Taman Suria Shop Apartment,Unknown,Kota Kinabalu
103790400,212000,945.0,3.0,2.0,2.0,2,1,0,0,1,1,1,0,,,4.0,,567.0,0,0,0,0,0,0,0,Apartment,Leasehold,Non Bumi Lot,Low,Kuala Lumpur,Taman Pusat Kepong Shop Apartment,Unknown,Kuala Lumpur
103655710,599900,1490.0,3.0,2.0,2.0,14,0,0,0,0,0,0,0,,,,,481.0,1,1,1,1,1,0,1,Condominium,Leasehold,Non Bumi Lot,Low,Kuala Lumpur,Residence Bukit Jalil 1,Unknown,Kuala Lumpur
100892637,209000,650.0,3.0,2.0,1.0,0,0,0,0,0,0,0,0,,,,,274.0,0,0,0,0,0,0,0,Apartment,Freehold,Non Bumi Lot,Medium,Penang,Idaman Seroja,Koperasi Tunas Muda,Sungai Ara
103789800,158000,657.0,3.0,1.0,1.0,4,0,0,0,0,0,0,0,,,,,670.0,0,0,1,0,1,0,1,Flat,Leasehold,Non Bumi Lot,Medium,Selangor,PPR Selayang Mulia,Unknown,Selayang
103789773,500000,1198.0,3.0,2.0,2.0,6,0,0,0,0,0,0,0,2021.0,5.0,,406.0,358.0,1,1,0,1,1,0,1,Condominium,Freehold,Non Bumi Lot,Medium,Penang,The Golden Triangle,GSV Development Sdn Bhd,Relau
103245282,1050000,1750.0,4.0,3.0,3.0,0,0,0,0,0,0,0,0,2013.0,13.0,38.0,203.0,239.0,0,0,0,0,0,1,1,Condominium,Freehold,Non Bumi Lot,High,Penang,The Peak Residences,Ivory Properties Group Sdn Bhd,Tanjong Tokong
92973147,340000,960.0,3.0,2.0,1.0,11,0,0,1,0,0,0,0,2000.0,26.0,12.0,480.0,829.0,1,1,1,1,1,0,1,Condominium,Freehold,Non Bumi Lot,Medium,Selangor,Forest Green,SHL Consolidated Berhad,Kajang
103790073,890000,1160.0,3.0,2.0,2.0,7,0,0,0,0,0,0,0,1996.0,30.0,18.0,68.0,209.0,1,1,1,1,0,1,1,Apartment,Freehold,Non Bumi Lot,Medium,Penang,Gurney Villa,Unknown,George Town
103789731,480000,1399.0,3.0,2.0,1.0,4,0,0,0,0,0,0,0,,,,,767.0,0,1,0,0,1,1,0,Condominium,Leasehold,Non Bumi Lot,Medium,Sarawak,Green Heights Condominiums,Unknown,Kuching
103789713,317000,805.0,3.0,2.0,1.0,4,0,0,0,0,0,0,0,2005.0,21.0,6.0,,519.0,0,1,1,0,0,0,0,Condominium,Leasehold,Bumi Lot,Low,Selangor,Pangsapuri Salvia,Unknown,Kota Damansara
103790053,490000,1153.0,3.0,2.0,1.0,13,0,0,0,0,0,0,0,,,,,626.0,1,1,1,1,1,1,0,Condominium,Leasehold,Non Bumi Lot,Unknown,Sarawak,P' Residence Kuching,Tenaga Seri Wangsa (TSW Properties),Kuching
103790048,700000,1474.0,4.0,2.0,1.0,8,0,0,0,0,0,0,0,2004.0,22.0,23.0,173.0,825.0,1,1,0,1,1,1,1,Condominium,Leasehold,Non Bumi Lot,Unknown,Penang,Alpine Tower,IJM LAND BERHAD,Bukit Jambul
103763890,639000,1523.0,3.0,2.0,1.0,14,0,0,0,0,0,0,0,,,,,679.0,1,1,1,1,1,0,1,Condominium,Leasehold,Non Bumi Lot,Medium,Kuala Lumpur,Bukit Jalil Residence 1,Unknown,Kuala Lumpur
103596327,230000,650.0,3.0,1.0,1.0,5,0,0,0,0,0,0,0,,,,,814.0,0,0,1,0,1,0,1,Flat,Leasehold,Bumi Lot,Medium,Kuala Lumpur,PPR Hiliran Ampang,Unknown,Kuala Lumpur
103553140,600000,1520.0,3.0,2.0,1.0,0,0,0,0,0,0,0,0,,,,,468.0,0,0,0,0,0,1,0,Apartment,Freehold,Non Bumi Lot,Unknown,Sarawak,McKenzie Avenue,Unknown,Kuching
103790037,370000,969.0,3.0,2.0,1.0,5,0,0,0,0,0,0,0,2006.0,20.0,12.0,260.0,1273.0,1,1,0,0,0,0,1,Condominium,Leasehold,Bumi Lot,Medium,Selangor,Kondominium Kristal,Worldwide Holdings,Shah Alam
103790035,113400,665.0,3.0,2.0,1.0,0,0,0,0,0,0,0,0,,,,,734.0,0,0,0,0,0,0,0,Apartment,Leasehold,Non Bumi Lot,Medium,Sabah,Melinsung Summer Bay Resort Apartments,Unknown,Papar
103790031,530000,774.0,3.0,2.0,1.0,9,0,0,0,1,0,1,0,2016.0,10.0,36.0,630.0,388.0,1,1,0,1,1,1,1,Service Residence,Leasehold,Non Bumi Lot,Medium,Kuala Lumpur,Shamelin Star,Landmark Zone Sdn. Bhd.,Kuala Lumpur
103790007,270000,700.0,3.0,2.0,1.0,5,1,0,1,0,0,1,1,,,10.0,360.0,676.0,1,1,0,0,1,0,0,Apartment,Freehold,Non Bumi Lot,High,Selangor,Suria Rafflesia,Sunsuria Berhad,Setia Alam
96882028,220000,850.0,3.0,2.0,2.0,1,0,0,0,0,0,0,0,,,5.0,,857.0,0,0,0,0,1,0,1,Apartment,Leasehold,Bumi Lot,High,Johor,Pangsapuri Taman Seri Setanggi,Syarikat Perumahan Negara Berhad,Johor Bahru
102385914,155000,680.0,3.0,2.0,1.0,0,0,0,0,0,0,0,0,,,5.0,,207.0,0,0,0,0,0,0,0,Apartment,Freehold,Bumi Lot,High,Selangor,Pangsapuri Seroja @ Setia Alam,Unknown,Shah Alam
103758407,499000,1200.0,3.0,3.0,2.0,14,0,0,0,0,0,0,0,,,,,592.0,1,1,1,1,1,1,0,Condominium,Freehold,Non Bumi Lot,High,Selangor,Seri Kembangan,Unknown,Seri Kembangan
103758389,499000,1200.0,3.0,3.0,2.0,14,0,0,0,0,0,0,0,,,,,592.0,1,1,1,1,1,1,0,Condominium,Freehold,Non Bumi Lot,High,Selangor,Seri Kembangan,Unknown,Seri Kembangan
103789952,195000,700.0,3.0,2.0,1.0,2,0,0,0,0,1,0,0,,,5.0,750.0,602.0,0,1,0,0,1,0,0,Apartment,Freehold,Bumi Lot,Medium,Selangor,Apartmen Impian (Damansara Damai),Unknown,Damansara Damai
103150689,290000,1300.0,4.0,3.0,2.0,14,0,0,0,0,0,0,0,,,,,688.0,1,1,1,1,1,1,0,Condominium,Freehold,Bumi Lot,High,Negeri Sembilan,Negeri Sembilan » Nilai,Unknown,Nilai
103168254,170000,825.0,3.0,2.0,1.0,6,0,1,1,0,1,1,1,2021.0,5.0,,359.0,589.0,1,1,1,1,1,0,0,Apartment,Leasehold,Non Bumi Lot,Unknown,Selangor,Lagoon Perdana,Wonderful Insights Sdn Bhd,Petaling Jaya
103727540,245000,786.0,3.0,2.0,1.0,3,1,0,1,1,1,1,0,,,,,689.0,0,1,0,0,0,0,0,Apartment,Freehold,Non Bumi Lot,Unknown,Selangor,Goodyear Court 5,Bina Goodyear Group,Subang Jaya
101949261,185000,803.0,3.0,2.0,1.0,6,0,0,0,0,0,0,0,2021.0,5.0,,203.0,579.0,1,1,0,1,1,0,0,Apartment,Leasehold,Non Bumi Lot,Unknown,Selangor,Perdana Park,Low Yat Group,Rawang
103789538,133650,750.0,3.0,2.0,1.0,4,0,0,0,0,0,0,0,,,,,788.0,0,1,0,0,1,0,0,Apartment,Leasehold,Non Bumi Lot,Medium,Sabah,Apartment Tuaran Impian,Syarikat Perumahan Negara Berhad,Tuaran
103789652,350000,1197.0,3.0,2.0,1.0,7,0,0,0,0,0,0,0,,,,300.0,173.0,1,1,0,1,1,1,0,Apartment,Freehold,Non Bumi Lot,Medium,Johor,"East Bay (Seri Bayan), Masai",Unknown,Masai
103789637,728888,1528.0,3.0,2.0,1.0,8,0,0,0,0,0,0,0,,,,,1057.0,1,1,0,1,1,0,0,Condominium,Leasehold,Non Bumi Lot,Medium,Sarawak,Serene Heights (Miri),Unknown,Miri
103758821,240000,1050.0,3.0,2.0,1.0,11,0,0,0,0,0,0,0,2007.0,19.0,10.0,102.0,461.0,1,1,1,1,1,0,0,Condominium,Freehold,Non Bumi Lot,Unknown,Selangor,Cyberia Crescent 2,Paramoden (MK Land),Cyberjaya
103432650,220000,1079.0,3.0,2.0,1.0,9,1,1,0,0,1,1,0,2002.0,24.0,,1188.0,619.0,1,1,0,1,1,0,0,Condominium,Freehold,Non Bumi Lot,Unknown,Selangor,Cyberia SmartHomes,Paramoden (MK Land),Cyberjaya
103789831,252000,452.0,1.0,1.0,1.0,8,1,1,0,0,1,1,0,2016.0,10.0,18.0,504.0,971.0,1,1,1,1,1,0,0,Service Residence,Leasehold,Non Bumi Lot,Medium,Selangor,Galleria Equine Park,Global Oriental Berhad,Seri Kembangan
103789826,275000,850.0,3.0,2.0,1.0,4,1,0,0,0,0,0,0,,,,,1096.0,0,1,1,0,1,0,0,Apartment,Leasehold,Bumi Lot,Low,Selangor,Residensi Laguna Biru 2,Unknown,Rawang
89599240,350000,932.0,3.0,2.0,1.0,7,1,1,1,1,1,1,0,2006.0,20.0,15.0,464.0,2092.0,1,1,0,1,1,1,0,Apartment,Freehold,Non Bumi Lot,Medium,Selangor,Puri Aiyu,Crosshill Sdn Bhd,Shah Alam
103538513,359999,1098.0,3.0,2.0,1.0,7,1,0,0,1,0,0,0,,,,684.0,904.0,1,0,0,1,1,0,1,Condominium,Leasehold,Non Bumi Lot,Medium,Selangor,Semarak & Penaga Condominium,Impiana Land & Development Sdn Bhd,Batu Caves
103539417,339999,1062.0,3.0,2.0,1.0,8,0,0,0,0,0,0,0,2006.0,20.0,21.0,800.0,550.0,1,1,1,1,1,0,0,Apartment,Leasehold,Non Bumi Lot,Medium,Kuala Lumpur,Pangsapuri Melur (Sentul),Kejuruteraan Bintai Kindenko Sdn Bhd (89776-P),Kuala Lumpur
103245243,1150000,1409.0,3.0,3.0,2.0,7,0,0,0,0,0,0,0,2019.0,7.0,26.0,220.0,242.0,1,1,0,1,1,0,0,Condominium,Freehold,Non Bumi Lot,Unknown,Penang,Middleton @ Minden Heights,BSG Property,Gelugor
101035073,330000,915.0,3.0,2.0,1.0,3,0,0,0,0,0,0,0,,,5.0,,863.0,0,0,0,0,1,1,1,Apartment,Freehold,Non Bumi Lot,Low,Selangor,Taman Impian Indah Apartment (Balakong),Unknown,Balakong
100415483,520000,581.0,2.0,1.0,1.0,8,1,1,0,1,1,1,0,2021.0,5.0,36.0,816.0,1159.0,1,1,1,1,1,0,0,Service Residence,Leasehold,Non Bumi Lot,High,Selangor,"Greenfield Residence, Bandar Sunway",CICET Asia Development,Bandar Sunway
103789152,339000,806.0,2.0,2.0,1.0,0,0,0,0,0,0,0,0,,,,,869.0,0,0,0,0,0,1,1,Apartment,Leasehold,Non Bumi Lot,Unknown,Sarawak,MJC Courtyard Sanctuary,Unknown,Kuching
103789147,262000,1045.0,3.0,3.0,2.0,8,0,0,0,0,0,0,0,,,,,668.0,1,1,1,0,1,1,0,Condominium,Freehold,Non Bumi Lot,High,Selangor,Rumah Selangorku Bangi,Unknown,Bangi
103789209,190000,770.0,3.0,2.0,1.0,4,0,0,0,0,0,0,0,,,,,372.0,1,1,0,0,1,1,0,Flat,Freehold,Non Bumi Lot,High,Johor,Bandar Baru Permas Jaya,Unknown,Permas Jaya
103789186,390000,1139.0,4.0,2.0,1.0,6,0,0,0,0,0,0,0,2008.0,18.0,12.0,196.0,196.0,1,1,0,1,1,1,0,Condominium,Freehold,Non Bumi Lot,Unknown,Selangor,KiPark Selayang,KIP Group,Selayang
103789206,198000,700.0,3.0,2.0,1.0,3,0,0,0,0,0,0,0,1985.0,41.0,17.0,1296.0,476.0,0,0,0,0,1,0,0,Apartment,Leasehold,Non Bumi Lot,Medium,Penang,Taman Bukit Jambul,Unknown,Bayan Lepas
103464196,635000,1550.0,4.0,2.0,2.0,7,1,1,0,1,0,0,0,2010.0,16.0,,600.0,1233.0,1,1,0,1,1,0,1,Condominium,Freehold,Bumi Lot,High,Kuala Lumpur,Platinum Hill PV 8,Platinum Victory Development Sdn Bhd,Kuala Lumpur
102767028,180000,650.0,3.0,2.0,1.0,4,0,0,0,0,0,0,0,,,14.0,90.0,815.0,0,1,0,0,1,0,1,Apartment,Freehold,Bumi Lot,High,Kuala Lumpur,Seri Nilam (Ampang),Sri Tunas Sdn Bhd,Kuala Lumpur
103789461,180000,679.0,3.0,1.0,1.0,1,0,0,0,0,0,0,0,,,,,122.0,0,0,0,0,0,0,0,Apartment,Freehold,Non Bumi Lot,Medium,Selangor,Taman Orkid Shop Apartment Batu 9 Cheras,Unknown,Cheras
103789458,430000,1200.0,3.0,2.0,2.0,14,0,0,0,0,0,0,0,,,,,803.0,1,1,1,1,1,1,0,Condominium,Leasehold,Non Bumi Lot,Low,Kuala Lumpur,"Kepong Freehold, Ready Move In, Furnished, 0%Downpayment",Unknown,Kuala Lumpur
103789445,310000,950.0,3.0,2.0,1.0,7,1,0,0,1,0,0,0,2011.0,15.0,29.0,1709.0,807.0,1,1,1,0,1,1,1,Condominium,Leasehold,Non Bumi Lot,Medium,Selangor,Symphony Heights (Simfoni Heights),Daya Niaga,Batu Caves
101709577,1250000,2044.0,3.0,4.0,2.0,2,0,0,0,0,0,0,0,2014.0,12.0,,135.0,2677.0,0,1,0,1,0,0,0,Condominium,Leasehold,Non Bumi Lot,Low,Sabah,Jade Residence,Unknown,Kota Kinabalu
102652094,250000,712.0,2.0,1.0,1.0,4,0,0,0,0,0,0,0,,,,,938.0,1,1,0,0,1,0,0,Apartment,Leasehold,Non Bumi Lot,Medium,Sabah,Bandar Sierra Apartment,Unknown,Tuaran
103650886,368000,700.0,3.0,2.0,1.0,5,0,0,0,0,0,0,0,,,,,382.0,0,1,1,0,1,1,1,Apartment,Freehold,Non Bumi Lot,Unknown,Penang,"Taman Lip Sin Block 1, 3 & 5",Unknown,Bayan Lepas
102652195,250000,712.0,2.0,1.0,1.0,4,0,0,0,0,0,0,0,,,,,916.0,1,1,0,0,1,0,0,Apartment,Leasehold,Non Bumi Lot,Medium,Sabah,Bandar Sierra Apartment,Unknown,Tuaran
102703970,360000,902.0,3.0,2.0,1.0,3,0,0,0,0,0,0,0,,,4.0,,1490.0,0,1,0,0,1,0,0,Apartment,Leasehold,Non Bumi Lot,High,Sabah,Sri Kepayan Apartment,Unknown,Kota Kinabalu
103650466,328000,700.0,3.0,2.0,1.0,4,0,0,0,0,0,0,0,,,,,346.0,0,1,1,0,0,0,1,Apartment,Freehold,Non Bumi Lot,Unknown,Penang,"Taman Lip Sin Block 1, 3 & 5",Unknown,Bayan Lepas
103607257,379999,1206.0,4.0,2.0,2.0,9,1,0,0,1,0,0,0,,,,684.0,777.0,1,1,1,1,1,0,1,Condominium,Leasehold,Non Bumi Lot,Medium,Selangor,Semarak & Penaga Condominium,Impiana Land & Development Sdn Bhd,Batu Caves
103789368,270000,863.0,3.0,2.0,1.0,3,1,0,0,0,1,0,0,,,,,1012.0,0,1,0,0,1,0,0,Apartment,Leasehold,Bumi Lot,Medium,Selangor,Residensi Warnasari 2,Unknown,Puncak Alam
103789133,1150000,1646.0,4.0,3.0,2.0,7,0,0,0,0,0,0,0,2018.0,8.0,44.0,378.0,365.0,1,1,0,1,1,0,1,Condominium,Freehold,Non Bumi Lot,High,Penang,Grace Residence,Nova Mulia Development Sdn Bhd,Jelutong
103789131,225000,820.0,3.0,2.0,1.0,6,0,0,0,0,0,0,0,,,5.0,480.0,1296.0,0,1,0,0,1,0,0,Apartment,Freehold,Non Bumi Lot,Low,Selangor,Pangsapuri Waja,Unknown,Cheras
103789126,295000,1164.0,5.0,2.0,1.0,6,0,0,0,0,0,0,0,,,5.0,,172.0,1,1,0,0,1,0,0,Apartment,Freehold,Non Bumi Lot,Medium,Johor,Melawis Apartment,Unknown,Skudai
103789081,680000,1033.0,3.0,2.0,2.0,7,0,0,0,0,0,0,0,2014.0,12.0,18.0,96.0,497.0,0,1,0,1,1,0,1,Condominium,Freehold,Non Bumi Lot,Medium,Penang,86 Avenue Residence,Yuan Seng Building Trading,George Town
102017052,160000,712.0,3.0,2.0,1.0,6,0,0,0,0,0,0,0,2010.0,16.0,,,449.0,1,1,0,0,1,0,0,Service Residence,Leasehold,Non Bumi Lot,Unknown,Selangor,Suria Kinrara,IJM LAND BERHAD,Bandar Kinrara
103563900,190000,800.0,3.0,2.0,1.0,3,0,0,0,0,0,0,0,,,10.0,,380.0,0,1,1,0,0,0,0,Apartment,Leasehold,Non Bumi Lot,Unknown,Selangor,Pangsapuri Mayang (Puncak Jalil),Unknown,Seri Kembangan
103789354,190000,900.0,3.0,2.0,1.0,0,0,0,0,0,0,0,0,,,,,224.0,0,0,0,0,0,0,0,Flat,Freehold,Non Bumi Lot,Low,Johor,Flat Bukit Indah,Unknown,Iskandar Puteri
103238106,170000,850.0,3.0,2.0,1.0,3,1,0,0,0,0,0,0,,,,,575.0,0,1,1,0,0,0,0,Apartment,Freehold,Non Bumi Lot,Unknown,Selangor,Villamas (Klang),Villamas Sdn Bhd,Klang
103284346,300000,928.0,3.0,2.0,2.0,3,1,1,1,1,1,1,0,,,,,729.0,0,1,1,0,0,0,0,Apartment,Leasehold,Non Bumi Lot,Unknown,Selangor,Persanda 3 Apartment,HR United,Shah Alam
103676953,270000,705.0,3.0,1.0,1.0,2,1,0,0,0,1,1,0,,,,,407.0,0,1,0,0,0,0,1,Flat,Leasehold,Bumi Lot,Unknown,Selangor,Flat PKNS Seksyen 8,Unknown,Shah Alam
103789305,480000,1399.0,3.0,2.0,1.0,0,0,0,0,0,0,0,0,,,,,277.0,0,0,0,0,0,1,0,Apartment,Leasehold,Non Bumi Lot,Medium,Sarawak,Green Heights Villa,Unknown,Kuching
101939273,1500000,1986.0,4.0,4.0,1.0,6,0,0,0,0,0,0,0,,,,82.0,714.0,1,1,0,1,1,0,0,Condominium,Leasehold,Non Bumi Lot,Low,Sabah,The Bay Residences,Unknown,Likas
102195277,456000,915.0,3.0,2.0,2.0,0,0,0,0,0,0,0,0,,,,,99.0,0,0,0,0,0,0,0,Apartment,Freehold,Non Bumi Lot,Medium,Johor,skudai apartment,Unknown,Skudai
103351787,399000,932.0,3.0,2.0,1.0,4,1,1,0,1,0,1,0,2003.0,23.0,17.0,2240.0,415.0,1,1,0,0,0,1,0,Condominium,Leasehold,Non Bumi Lot,Medium,Selangor,Pelangi Damansara,MKH Berhad,Kota Damansara
102859147,550000,1228.0,4.0,2.0,2.0,11,0,0,0,1,1,0,0,2019.0,7.0,26.0,618.0,1013.0,1,1,1,1,1,1,0,Service Residence,Leasehold,Non Bumi Lot,Unknown,Selangor,The Zizz,Jaya Megah Building & Engineering,Damansara Damai
102893179,369999,1062.0,4.0,2.0,1.0,8,1,1,0,1,1,1,0,2005.0,21.0,25.0,588.0,782.0,1,1,1,0,1,1,0,Service Residence,Freehold,Non Bumi Lot,Unknown,Selangor,Casa Subang,Casa Andaman Sdn Bhd,Subang Jaya
102675888,420000,995.0,3.0,2.0,1.0,8,1,1,0,1,1,1,0,2009.0,17.0,,521.0,1628.0,0,0,0,1,0,1,0,Condominium,Freehold,Non Bumi Lot,Unknown,Selangor,Impian Meridian,OSK Property Holdings Berhad,Subang Jaya
102892159,239999,811.0,3.0,2.0,1.0,5,0,0,1,0,1,0,0,1996.0,30.0,4.0,368.0,1284.0,0,1,0,0,1,0,1,Apartment,Freehold,Non Bumi Lot,Unknown,Selangor,SD Apartments,Land & General Berhad,Bandar Sri Damansara
101358543,250000,771.0,3.0,2.0,1.0,0,1,0,0,1,1,1,0,2006.0,20.0,18.0,200.0,1702.0,0,0,0,0,0,0,1,Apartment,Leasehold,Non Bumi Lot,Unknown,Selangor,Mentari Court,Mentari Group,Petaling Jaya
103330589,290000,895.0,3.0,2.0,1.0,3,0,0,0,0,0,0,0,,,5.0,240.0,819.0,0,1,0,0,1,0,0,Apartment,Freehold,Non Bumi Lot,Low,Selangor,Green Villa Apartment,B&G Property,Kajang
103740398,330000,1200.0,3.0,2.0,2.0,8,1,0,0,0,0,1,0,2008.0,18.0,27.0,798.0,535.0,0,1,0,1,1,0,0,Condominium,Freehold,Bumi Lot,Medium,Selangor,Aman Heights,Premier Consortium,Seri Kembangan
103492444,300000,1185.0,3.0,2.0,2.0,4,0,0,0,0,0,0,0,,,,,379.0,0,1,0,0,1,0,0,Apartment,Freehold,Bumi Lot,Medium,Selangor,Embun Residence,Unknown,Kajang
103588026,229999,721.0,3.0,2.0,1.0,4,1,1,0,1,1,0,1,2008.0,18.0,15.0,,766.0,0,0,0,0,1,0,0,Apartment,Leasehold,Bumi Lot,Unknown,Kuala Lumpur,"Mutiara Apartment, Old Klang Road",Unknown,Kuala Lumpur
103607557,355000,1062.0,3.0,2.0,1.0,0,0,0,0,0,0,0,0,2006.0,20.0,21.0,800.0,590.0,0,0,0,0,0,0,1,Apartment,Leasehold,Non Bumi Lot,Medium,Kuala Lumpur,Pangsapuri Melur (Sentul),Kejuruteraan Bintai Kindenko Sdn Bhd (89776-P),Kuala Lumpur
103607231,229999,721.0,3.0,2.0,1.0,6,1,1,0,1,1,0,1,2008.0,18.0,15.0,,782.0,0,1,1,0,1,0,0,Apartment,Leasehold,Bumi Lot,Medium,Kuala Lumpur,"Mutiara Apartment, Old Klang Road",Unknown,Kuala Lumpur
103166641,329999,1144.0,3.0,2.0,1.0,3,1,0,0,1,0,0,0,2011.0,15.0,29.0,1709.0,838.0,1,0,0,0,0,0,1,Condominium,Leasehold,Bumi Lot,Medium,Selangor,Symphony Heights (Simfoni Heights),Daya Niaga,Batu Caves
100689905,480000,1204.0,3.0,2.0,1.0,5,0,0,0,0,0,0,0,,,,,340.0,1,1,1,0,1,0,0,Condominium,Freehold,Non Bumi Lot,Medium,Sabah,Jing Yuen,Unknown,Penampang
103788735,273000,700.0,3.0,2.0,1.0,6,0,0,0,0,0,0,0,2001.0,25.0,18.0,492.0,283.0,1,1,0,0,1,0,1,Apartment,Freehold,Non Bumi Lot,Unknown,Penang,Taman Seri Sari,Unknown,Relau
103245294,1100000,3200.0,4.0,4.0,3.0,5,0,0,0,0,0,0,0,1995.0,31.0,6.0,36.0,318.0,1,1,0,1,1,1,1,Condominium,Freehold,Non Bumi Lot,Unknown,Penang,Greenlane Heights Block G,Unknown,George Town
103245290,1450000,1249.0,3.0,2.0,3.0,7,0,0,0,0,0,0,0,2020.0,6.0,33.0,256.0,353.0,1,1,0,1,1,1,1,Condominium,Freehold,Non Bumi Lot,Unknown,Penang,Waterside Residence,IJM Land,Gelugor
103245248,1500000,1459.0,3.0,3.0,2.0,7,0,0,0,0,0,0,0,2019.0,7.0,26.0,220.0,241.0,1,1,0,1,1,0,0,Condominium,Freehold,Non Bumi Lot,Unknown,Penang,Middleton @ Minden Heights,BSG Property,Gelugor
102166064,365000,1237.0,3.0,2.0,2.0,6,0,0,0,0,0,0,0,,,8.0,67.0,723.0,0,1,1,0,1,0,0,Apartment,Freehold,Non Bumi Lot,Medium,Selangor,Mahkota Residence Apartment,Cheras Hong Soon Development Sdn. Bhd.,Cheras
103789019,720000,900.0,2.0,2.0,1.0,9,1,1,1,0,1,1,0,2008.0,18.0,35.0,302.0,421.0,1,1,1,1,1,0,1,Condominium,Freehold,Non Bumi Lot,Unknown,Kuala Lumpur,i-Zen @ Kiara 1,Ireka Development,Kuala Lumpur
103788715,480000,1399.0,3.0,2.0,1.0,7,0,0,0,0,0,0,0,,,,,427.0,1,1,0,0,1,1,0,Condominium,Leasehold,Non Bumi Lot,Unknown,Sarawak,Green Heights Condominiums,Unknown,Kuching
103788669,238000,388.0,1.0,1.0,1.0,4,0,0,0,0,0,0,0,2017.0,9.0,36.0,756.0,322.0,0,1,1,0,0,1,1,Condominium,Leasehold,Non Bumi Lot,Medium,Johor,Meridin Medini,Mah Sing Group Berhad,Iskandar Puteri
103788667,688000,1036.0,3.0,2.0,2.0,9,0,0,0,0,0,0,0,2021.0,5.0,33.0,550.0,567.0,1,1,0,1,1,0,0,Condominium,Freehold,Non Bumi Lot,Unknown,Penang,Setia Sky Ville,Kay Pride Sdn Bhd (S P Setia Bhd Group),Jelutong
102306156,269000,1055.0,3.0,2.0,1.0,0,0,0,0,0,0,0,0,,,,,1148.0,0,0,0,0,0,1,0,Apartment,Freehold,Non Bumi Lot,Unknown,Selangor,Puncak Saujana,Unknown,Kajang
102777832,220000,743.0,3.0,2.0,1.0,3,0,0,0,0,0,0,0,,,,,1069.0,0,0,1,0,1,0,0,Apartment,Freehold,Non Bumi Lot,Low,Selangor,Prima Apartments (Kota Warisan Sepang),Unknown,Sepang
103503962,79900,513.0,2.0,1.0,1.0,4,0,0,0,0,0,0,0,,,,,705.0,0,0,0,0,1,0,0,Flat,Freehold,Non Bumi Lot,High,Johor,pangsapuri merak kangkar pulai,Unknown,Johor Bahru
103788989,310000,880.0,2.0,2.0,1.0,3,0,0,0,0,0,0,0,,,,,188.0,1,0,1,0,0,0,0,Condominium,Leasehold,Bumi Lot,Medium,Sabah,1 Borneo Tower A Service Apartments,Unknown,Kota Kinabalu
103788963,141750,550.0,2.0,1.0,1.0,0,0,0,0,0,0,0,0,,,,,833.0,0,0,0,0,0,0,0,Apartment,Freehold,Bumi Lot,Medium,Sabah,University Apartments Fasa 2,Unknown,Kota Kinabalu
102775286,680000,1539.0,3.0,2.0,1.0,5,0,0,0,0,0,0,0,,,,,659.0,1,1,1,0,1,0,0,Condominium,Leasehold,Non Bumi Lot,High,Sarawak,Greenwich South Condominium,Unknown,Kuching
102374471,695000,1056.0,2.0,2.0,2.0,0,0,0,0,0,0,0,0,,,,,564.0,0,0,0,0,0,0,0,Condominium,Leasehold,Non Bumi Lot,High,Sarawak,d'Ryx Residences,RJ Realty Sdn Bhd,Kuching
102669178,190000,830.0,3.0,2.0,2.0,6,0,0,0,0,0,0,0,2004.0,22.0,21.0,,652.0,1,1,1,0,1,0,0,Condominium,Leasehold,Non Bumi Lot,Unknown,Selangor,Vista Impiana,LBS Bina Group Berhad,Seri Kembangan
102637377,388000,1400.0,3.0,2.0,1.0,7,0,0,0,0,0,0,0,,,5.0,,884.0,0,1,0,1,1,0,1,Apartment,Freehold,Non Bumi Lot,Low,Johor,Sri Awana Townhouse,Unknown,Johor Bahru
103788576,530000,1000.0,3.0,2.0,2.0,8,0,0,0,0,0,0,0,,,,,80.0,1,1,1,1,1,0,1,Condominium,Freehold,Non Bumi Lot,Low,Penang,ForestVille,Ideal Property Group,Bayan Lepas
103788623,3200000,6000.0,4.0,4.0,3.0,14,0,0,0,0,0,0,0,,,,,1208.0,1,1,1,1,1,1,1,Condominium,Freehold,Non Bumi Lot,High,Penang,Scots Pavilion,Unknown,George Town
103788603,690000,1008.0,3.0,2.0,2.0,10,0,0,0,0,0,0,0,,,,,724.0,1,1,1,1,1,0,0,Condominium,Freehold,Non Bumi Lot,Medium,Penang,Scots Pavilion,Unknown,George Town
103788586,238000,833.0,4.0,2.0,1.0,8,0,0,0,0,0,0,0,2017.0,9.0,20.0,,246.0,1,1,1,0,1,0,1,Apartment,Freehold,Non Bumi Lot,Unknown,Johor,Villa Krystal,Orando Holdings Sdn Bhd,Johor Bahru
103788585,245000,915.0,3.0,2.0,1.0,0,0,0,0,0,0,0,0,,,,,449.0,0,0,0,0,0,0,0,Apartment,Freehold,Non Bumi Lot,Low,Melaka,Kesidang Apartment,Unknown,Melaka City
103788578,645000,1493.0,3.0,2.0,2.0,13,0,0,0,0,0,0,0,,,,390.0,695.0,1,1,1,1,1,0,0,Condominium,Freehold,Non Bumi Lot,Unknown,Penang,Ferringhi Residence,Mah Sing Group Berhad,Batu Ferringhi
103053414,90000,650.0,3.0,2.0,1.0,3,0,0,0,0,0,1,0,,,5.0,720.0,690.0,0,0,0,0,1,0,0,Flat,Leasehold,Non Bumi Lot,Unknown,Selangor,Sri Indah,Unknown,Seri Kembangan
103541232,270000,1055.0,3.0,2.0,1.0,14,0,0,0,0,0,0,0,,,,,462.0,1,1,1,1,1,0,0,Apartment,Freehold,Non Bumi Lot,Unknown,Selangor,Puncak Saujana,Unknown,Kajang
103180566,300000,1023.0,3.0,2.0,2.0,14,0,0,0,0,0,0,0,2019.0,7.0,,1200.0,414.0,1,1,1,1,1,0,0,Condominium,Freehold,Non Bumi Lot,Unknown,Selangor,Residensi Zamrud,Cheras Hong Soon Development Sdn. Bhd.,Kajang
103788824,138000,650.0,3.0,1.0,1.0,0,0,1,1,0,1,1,0,,,,,632.0,0,0,0,0,0,0,0,Apartment,Leasehold,Non Bumi Lot,Unknown,Selangor,Putra Permai Block D,Unknown,Seri Kembangan
92879606,280000,795.0,3.0,2.0,1.0,5,0,0,0,0,0,0,0,,,,,1071.0,1,1,0,0,1,0,0,Apartment,Freehold,Bumi Lot,Low,Sabah,Millennium Residency,Unknown,Kota Kinabalu
100793120,320000,800.0,3.0,2.0,1.0,9,0,0,0,0,0,0,0,2008.0,18.0,29.0,,199.0,1,1,1,1,1,0,1,Condominium,Freehold,Non Bumi Lot,Low,Penang,Relau Vista,Alor Vista Sdn Bhd,Bayan Lepas
99499203,320000,860.0,3.0,2.0,2.0,9,0,0,0,0,0,0,0,2020.0,6.0,17.0,299.0,722.0,1,1,1,1,1,0,0,Condominium,Freehold,Non Bumi Lot,Low,Selangor,Residensi Permai,Top Home Builder Development,Semenyih
103788782,680000,1010.0,3.0,2.0,2.0,4,0,0,0,0,0,0,0,2011.0,15.0,22.0,531.0,144.0,1,1,0,1,0,1,1,Condominium,Leasehold,Non Bumi Lot,Unknown,Penang,Summer Place,Jelutong Development Sdn. Bhd. (IJM Land),George Town
103356300,248000,890.0,3.0,2.0,1.0,7,0,0,0,0,0,0,0,,,,,529.0,1,1,1,0,1,0,0,Apartment,Leasehold,Non Bumi Lot,Medium,Selangor,Serdang Villa Apartment,Unknown,Seri Kembangan
103667621,418000,1050.0,3.0,2.0,2.0,8,0,0,0,0,0,0,0,,,,,609.0,1,1,1,1,1,0,0,Condominium,Leasehold,Non Bumi Lot,Medium,Selangor,Bayu Pandan,Unknown,Ampang
102340257,418000,1050.0,3.0,2.0,2.0,9,1,0,0,1,1,1,0,2015.0,11.0,12.0,280.0,789.0,1,1,1,1,1,0,0,Condominium,Leasehold,Non Bumi Lot,Medium,Kuala Lumpur,Bayu @ Pandan Jaya,Melati Ehsan Group,Kuala Lumpur
103667407,258000,860.0,3.0,2.0,1.0,8,0,0,0,0,0,0,0,1998.0,28.0,9.0,378.0,505.0,1,1,1,0,1,0,0,Condominium,Leasehold,Non Bumi Lot,Medium,Kuala Lumpur,Permai Ria (Jalan Ipoh),Ribar Permai Development Sdn Bhd,Kuala Lumpur
103623086,500000,1184.0,4.0,2.0,2.0,10,1,0,0,0,1,1,0,2020.0,6.0,32.0,2000.0,928.0,1,1,1,1,1,0,0,Condominium,Leasehold,Bumi Lot,Medium,Kuala Lumpur,Platinum Splendor Residensi Semarak,Platinum Victory Development Sdn Bhd,Kuala Lumpur
103685469,528000,1200.0,3.0,3.0,3.0,3,0,0,0,0,0,0,0,,,,,1387.0,0,0,0,1,0,0,0,Condominium,Freehold,Non Bumi Lot,Low,Kuala Lumpur,Vista Sentul Pasar,Unknown,Kuala Lumpur
103623103,306000,931.0,3.0,2.0,1.0,5,0,1,1,0,1,1,1,2007.0,19.0,,516.0,811.0,1,1,0,1,0,0,1,Service Residence,Leasehold,Bumi Lot,Medium,Selangor,Residensi Laguna (Belvedere Service Apt),IJM LAND BERHAD,Bandar Sunway
99722795,2199999,2266.0,5.0,4.0,2.0,13,0,0,0,0,0,0,0,,,28.0,,928.0,1,1,1,1,1,0,0,Condominium,Leasehold,Non Bumi Lot,High,Sabah,Jesselton Residences,Palikota Sdn Bhd,Kota Kinabalu
103705347,405000,438.0,1.0,1.0,1.0,6,0,0,0,0,0,0,0,,,,,529.0,0,1,1,1,0,1,0,Service Residence,Freehold,Non Bumi Lot,High,Sabah,Aeropod,Unknown,Kota Kinabalu
103609749,299999,950.0,3.0,2.0,1.0,3,1,0,0,1,0,0,0,2011.0,15.0,29.0,1709.0,807.0,1,0,0,0,0,1,1,Condominium,Leasehold,Non Bumi Lot,Medium,Selangor,Symphony Heights (Simfoni Heights),Daya Niaga,Batu Caves
103607338,299999,926.0,3.0,2.0,1.0,9,1,0,0,1,0,0,0,,,,684.0,787.0,1,1,1,1,1,0,0,Condominium,Leasehold,Non Bumi Lot,Unknown,Selangor,Semarak & Penaga Condominium,Impiana Land & Development Sdn Bhd,Batu Caves
103407021,359999,1098.0,3.0,2.0,1.0,7,1,0,0,1,0,0,0,,,,684.0,904.0,1,0,0,1,1,0,1,Condominium,Leasehold,Non Bumi Lot,Medium,Selangor,Semarak & Penaga Condominium,Impiana Land & Development Sdn Bhd,Batu Caves
103081577,375000,1206.0,4.0,2.0,2.0,9,1,0,0,1,0,0,0,,,,684.0,790.0,1,1,1,1,1,0,1,Condominium,Leasehold,Non Bumi Lot,Medium,Selangor,Semarak & Penaga Condominium,Impiana Land & Development Sdn Bhd,Batu Caves
83436537,320000,689.0,1.0,1.0,1.0,9,0,0,0,0,0,0,0,2017.0,9.0,40.0,1360.0,1461.0,1,1,1,1,1,0,0,Service Residence,Leasehold,Non Bumi Lot,Unknown,Melaka,Atlantis Residences,Telandan Setia Sdn Bhd,Melaka Tengah
101679663,330000,730.0,3.0,2.0,1.0,0,1,0,0,0,0,1,0,2017.0,9.0,5.0,400.0,564.0,0,0,0,0,0,0,0,Apartment,Freehold,Non Bumi Lot,Low,Selangor,"Orchis Apartment, Bandar Parklands",WCT Holding Berhad,Klang
103245273,2800000,3072.0,3.0,5.0,3.0,9,0,0,0,0,0,0,0,2013.0,13.0,25.0,1200.0,293.0,1,1,0,1,1,1,1,Condominium,Freehold,Non Bumi Lot,Unknown,Penang,Quayside,Eastern & Oriental Berhad,Tanjong Tokong
103667507,305000,918.0,3.0,2.0,1.0,11,1,1,0,0,1,1,0,1997.0,29.0,15.0,450.0,705.0,1,1,1,1,1,0,0,Condominium,Leasehold,Non Bumi Lot,Medium,Kuala Lumpur,Danau Impian,Faber Development Holdings,Kuala Lumpur
103734054,140000,549.0,2.0,1.0,1.0,0,1,0,1,0,1,1,0,,,,,729.0,0,0,0,0,0,0,0,Apartment,Leasehold,Non Bumi Lot,Low,Selangor,Flat PKNS Seksyen 20,Unknown,Shah Alam
103530951,200000,900.0,3.0,2.0,2.0,2,0,0,0,0,0,0,0,,,,,740.0,0,1,0,0,0,0,0,Apartment,Freehold,Non Bumi Lot,Low,Johor,Sri Putra Apartment,Unknown,Kulai
103788568,529000,625.0,2.0,1.0,1.0,3,0,0,0,0,0,0,0,,,,240.0,616.0,1,1,0,1,0,0,1,Service Residence,Leasehold,Non Bumi Lot,Unknown,Penang,The Maritime,IJM LAND BERHAD,Jelutong
103788556,158000,828.0,2.0,2.0,1.0,1,0,0,0,0,0,0,0,,,,,329.0,0,0,1,0,0,1,0,Apartment,Freehold,Non Bumi Lot,Medium,Johor,LAVENDAR SERVICE APARTMENT,Unknown,Kulai
103788322,144000,455.0,2.0,1.0,1.0,0,0,0,0,0,0,0,0,,,,,831.0,0,0,0,0,0,0,0,Apartment,Freehold,Bumi Lot,Medium,Sabah,Country Heights Apartment Fasa 3,Unknown,Penampang
84424120,290000,689.0,1.0,1.0,1.0,9,0,0,0,0,0,0,0,2017.0,9.0,40.0,1360.0,1484.0,1,1,1,1,1,1,0,Service Residence,Leasehold,Non Bumi Lot,Unknown,Melaka,Atlantis Residences,Telandan Setia Sdn Bhd,Melaka Tengah
96414936,308000,1033.0,2.0,2.0,1.0,6,0,0,0,0,0,0,0,,,,,1194.0,1,1,0,0,1,1,0,Condominium,Freehold,Non Bumi Lot,Unknown,Melaka,Ocean Palms (Permata Idaman),Unknown,Klebang
99182683,2300000,1400.0,4.0,3.0,2.0,0,0,0,0,0,0,0,0,2022.0,4.0,,450.0,240.0,0,0,0,0,0,0,0,Condominium,Freehold,Non Bumi Lot,Unknown,Penang,Queens Residences @ Queens Waterfront,Ideal Property Group,Bayan Lepas
103678086,210000,615.0,3.0,1.0,1.0,4,0,0,0,0,0,0,0,,,12.0,,527.0,0,0,1,0,1,0,1,Apartment,Leasehold,Bumi Lot,Medium,Kuala Lumpur,Pangsapuri Sri Shamelin,Unknown,Kuala Lumpur
70608951,448000,1088.0,3.0,2.0,1.0,4,0,0,0,0,0,0,0,2020.0,6.0,,809.0,1220.0,1,0,0,1,1,0,0,Service Residence,Freehold,Non Bumi Lot,Unknown,Melaka,Parkland Residence @ Sungai Melaka,Parkland Group,Bukit Baru
103563753,165000,680.0,3.0,2.0,1.0,3,0,0,0,0,0,1,0,,,10.0,,469.0,0,0,0,0,1,0,0,Apartment,Freehold,Non Bumi Lot,Unknown,Selangor,Enggang Apartment,Unknown,Puchong
103788256,310000,850.0,3.0,2.0,1.0,3,0,0,0,0,0,0,0,1992.0,34.0,20.0,632.0,130.0,0,1,0,0,1,0,0,Apartment,Leasehold,Non Bumi Lot,Medium,Penang,Mewah Court (Jelutong),Unknown,Jelutong
103788229,485000,1213.0,3.0,2.0,1.0,12,0,0,0,0,0,0,0,2014.0,12.0,26.0,440.0,358.0,1,1,1,1,1,1,0,Apartment,Freehold,Non Bumi Lot,Unknown,Johor,Horizon Residence Luxury Apartment,Mahabuilders Berhad,Johor Bahru
103788197,148000,850.0,3.0,2.0,1.0,1,0,0,0,0,0,0,0,,,,,844.0,0,0,0,0,0,0,0,Flat,Leasehold,Non Bumi Lot,Medium,Sarawak,Arang Road Flat,Unknown,Kuching
103788265,145000,750.0,3.0,2.0,1.0,0,0,0,0,0,0,0,0,,,,,387.0,0,0,0,0,0,0,0,Flat,Freehold,Non Bumi Lot,Low,Johor,Sri Lanang,Unknown,Tebrau
103788426,790000,1226.0,3.0,2.0,2.0,8,0,0,0,0,0,0,0,2018.0,8.0,38.0,473.0,495.0,1,1,0,1,1,0,1,Condominium,Freehold,Non Bumi Lot,High,Penang,Mont Residence @ Penang,Visentak Capital Sdn Bhd,Tanjong Tokong
103769441,280000,877.0,3.0,2.0,1.0,14,1,0,0,0,1,1,0,2009.0,17.0,13.0,,568.0,1,1,1,1,1,0,0,Condominium,Leasehold,Non Bumi Lot,Unknown,Kuala Lumpur,Sentul Utama Condominium,Melati Ehsan Group,Kuala Lumpur
102229930,295000,850.0,3.0,2.0,1.0,5,0,0,1,0,1,1,0,2010.0,16.0,,435.0,550.0,1,1,1,0,0,0,0,Apartment,Freehold,Non Bumi Lot,Unknown,Selangor,Alam Prima,Syarikat Perumahan Negara Berhad,Shah Alam
102999030,230000,850.0,3.0,2.0,1.0,4,1,0,0,0,0,0,0,,,,,581.0,0,1,1,0,1,0,0,Apartment,Leasehold,Non Bumi Lot,Unknown,Selangor,Residensi Laguna Biru 2,Unknown,Rawang
103788395,120000,560.0,3.0,1.0,1.0,1,0,0,0,0,0,0,0,2005.0,21.0,20.0,,141.0,0,0,1,0,0,0,0,Flat,Freehold,Non Bumi Lot,High,Penang,Pinang Emas Flat,Unknown,Batu Ferringhi
97763928,210000,743.0,3.0,2.0,1.0,4,1,1,0,0,1,0,0,,,,306.0,1006.0,0,1,1,0,0,0,0,Apartment,Freehold,Bumi Lot,High,Selangor,Pangsapuri Rimba 2,KEN Khidmat Tulin Sdn Bhd,Shah Alam
102868863,180000,657.0,3.0,1.0,1.0,6,1,0,0,1,1,1,0,,,,,1117.0,0,1,1,0,1,1,0,Apartment,Leasehold,Non Bumi Lot,High,Kuala Lumpur,Bandar Tasik Selatan (Low Cost),Unknown,Kuala Lumpur
102639901,360000,936.0,3.0,2.0,1.0,5,0,0,0,0,0,0,0,2002.0,24.0,10.0,,833.0,1,1,1,0,1,0,0,Condominium,Freehold,Non Bumi Lot,Unknown,Selangor,Elaeis 2,Unknown,Shah Alam
102002964,185000,850.0,3.0,2.0,1.0,4,0,0,0,0,0,0,0,,,,,833.0,1,1,0,0,1,0,0,Apartment,Leasehold,Bumi Lot,Medium,Selangor,Pangsapuri Resak,Unknown,Shah Alam
101812262,688888,1227.74,3.0,2.0,2.0,6,0,0,0,0,0,0,0,,,,,713.0,0,1,1,1,1,1,0,Condominium,Leasehold,Non Bumi Lot,High,Sabah,Seri Manis Condominium,Unknown,Kota Kinabalu
103154163,130000,650.0,3.0,1.0,1.0,0,0,0,0,0,0,0,0,,,,,269.0,0,0,0,0,0,0,0,Flat,Freehold,Non Bumi Lot,Low,Johor,Taman Flora Heights,Unknown,Pasir Gudang
103154309,118000,650.0,3.0,2.0,1.0,0,0,0,0,0,0,0,0,,,,,488.0,0,0,0,0,0,0,1,Flat,Freehold,Non Bumi Lot,High,Johor,Flat Lake 64,Unknown,Masai
99723027,363000,510.0,1.0,1.0,1.0,4,0,0,0,0,0,0,0,,,,295.0,1463.0,0,0,1,1,0,0,0,Service Residence,Freehold,Non Bumi Lot,High,Sabah,Manhattan Suites @ ITCC,Unknown,Penampang
99777697,460000,1065.0,3.0,2.0,2.0,7,0,0,0,0,0,0,0,,,,,1322.0,1,1,1,1,1,0,0,Condominium,Leasehold,Non Bumi Lot,Unknown,Sabah,Kingfisher @ Putatan,Unknown,Penampang
103667717,255000,833.0,3.0,2.0,1.0,8,1,1,1,1,0,1,0,2007.0,19.0,24.0,299.0,724.0,1,1,1,0,1,0,0,Apartment,Leasehold,Non Bumi Lot,Medium,Selangor,Permai Puteri,Permai Syukur Sdn. Bhd.,Ampang
103788225,185000,800.0,3.0,2.0,1.0,1,0,0,0,0,0,0,0,,,,,301.0,0,0,0,0,0,0,0,Apartment,Freehold,Bumi Lot,High,Selangor,Taman Perkasa (Hulu Langat),Unknown,Hulu Langat
103788204,178000,765.0,2.0,2.0,1.0,6,0,0,0,0,0,0,0,2020.0,6.0,22.0,348.0,292.0,1,1,1,1,1,0,0,Condominium,Freehold,Non Bumi Lot,Unknown,Perak,Meru Heights Residences @ Scientex Meru,Scientex Berhad,Ipoh
103354877,288000,1018.0,3.0,2.0,1.0,6,1,1,1,1,0,1,0,2007.0,19.0,23.0,299.0,718.0,1,1,0,0,1,0,0,Apartment,Leasehold,Non Bumi Lot,Medium,Selangor,Pangsapuri Permai Putera,Permai Syukur Sdn. Bhd.,Ampang
103667837,188000,880.0,3.0,2.0,1.0,4,0,0,0,0,0,0,0,,,5.0,90.0,512.0,0,1,1,0,1,0,0,Apartment,Leasehold,Non Bumi Lot,Medium,Selangor,Mutiara Court,Unknown,Ampang
103788140,280000,1392.0,3.0,2.0,1.0,3,0,0,0,0,0,0,0,,,,,408.0,0,1,1,0,0,1,0,Flat,Leasehold,Non Bumi Lot,Unknown,Sarawak,Chonglin Park,Unknown,Kuching
103787955,400000,1151.0,3.0,2.0,1.0,3,0,0,0,0,0,0,0,,,,,324.0,0,1,1,0,0,1,1,Service Residence,Freehold,Non Bumi Lot,Medium,Johor,Tebrau City Residences,Plenitude Permai Sdn Bhd,Johor Bahru
102890747,680000,1570.0,4.0,3.0,3.0,9,0,0,0,0,0,0,0,2019.0,7.0,40.0,580.0,1010.0,1,1,1,1,1,1,0,Condominium,Leasehold,Non Bumi Lot,Unknown,Kuala Lumpur,Bennington Residences @ SkyArena,SkyWorld Development Sdn Bhd,Kuala Lumpur
102879224,578000,2088.0,5.0,3.0,2.0,14,0,0,0,0,0,0,0,,,19.0,,442.0,1,1,1,1,1,1,1,Service Residence,Leasehold,Non Bumi Lot,High,Johor,Lagenda Tasek Luxurious Suites,Unknown,Johor Bahru
101211243,438000,904.0,3.0,2.0,2.0,2,0,0,0,0,0,0,0,2021.0,5.0,36.0,310.0,586.0,0,1,0,0,0,0,0,Condominium,Freehold,Non Bumi Lot,Unknown,Melaka,The Quartz Residence,Modern Diversified Sdn Bhd Member Of Webest Group,Melaka City
103787933,175000,570.0,2.0,1.0,1.0,5,0,0,0,0,0,0,0,,,,,311.0,0,0,0,0,1,0,0,Flat,Freehold,Non Bumi Lot,Low,Johor,Taman Daya - Jalan Nibong 14,Unknown,Tebrau
103787934,295000,715.0,1.0,1.0,1.0,12,0,0,0,0,0,0,0,,,,392.0,607.0,1,1,1,1,1,1,0,Apartment,Freehold,Non Bumi Lot,Medium,Johor,The Senai Garden,KCC Development (M) Sdn Bhd,Senai
103787881,448000,1206.0,3.0,3.0,1.0,0,0,0,0,0,0,0,0,2015.0,11.0,11.0,488.0,199.0,0,0,0,0,0,0,0,Condominium,Freehold,Non Bumi Lot,Low,Johor,Impiana @ East Ledang,UEM Sunrise Berhad,Iskandar Puteri
103788136,500000,900.0,2.0,2.0,2.0,8,0,0,0,0,0,0,0,2018.0,8.0,38.0,473.0,519.0,1,1,0,1,1,0,1,Condominium,Freehold,Non Bumi Lot,Low,Penang,Mont Residence @ Penang,Visentak Capital Sdn Bhd,Tanjong Tokong
103788132,708000,1200.0,3.0,2.0,2.0,8,0,0,0,0,0,0,0,2018.0,8.0,38.0,473.0,474.0,1,1,0,1,1,1,0,Condominium,Freehold,Non Bumi Lot,Low,Penang,Mont Residence @ Penang,Visentak Capital Sdn Bhd,Tanjong Tokong
103034296,250000,750.0,3.0,2.0,1.0,6,0,0,0,0,0,0,0,,,,,1202.0,0,1,1,0,1,0,0,Apartment,Freehold,Bumi Lot,Medium,Selangor,Simfoni @ Eco Majestic,Unknown,Semenyih
95393056,558000,996.0,3.0,2.0,2.0,12,0,0,1,0,0,1,0,2018.0,8.0,46.0,519.0,1162.0,1,1,1,1,1,0,0,Others,Leasehold,Non Bumi Lot,Medium,Selangor,Sfera Residency,YNH Property Berhad,Seri Kembangan
103788111,550000,1073.0,3.0,2.0,1.0,5,1,1,0,0,1,1,0,,,,,511.0,0,1,1,1,0,0,0,Apartment,Leasehold,Non Bumi Lot,High,Selangor,Pangsapuri Damai,Ikram Ikhlas,Shah Alam
103788105,120000,860.0,3.0,2.0,1.0,0,0,0,0,0,0,0,0,,,,,322.0,0,0,0,0,0,0,0,Flat,Leasehold,Non Bumi Lot,Unknown,Melaka,Taman Cheng Ria,Unknown,Cheng
103236815,300000,850.0,3.0,2.0,1.0,4,0,0,0,0,0,0,0,,,,,404.0,1,1,0,0,1,0,0,Apartment,Leasehold,Non Bumi Lot,Low,Sabah,Apartment Darau Angkasa,Syarikat Perumahan Negara Berhad,Kota Kinabalu
103126346,880000,1288.0,3.0,2.0,1.0,6,0,0,0,0,0,0,0,,,,,798.0,1,1,1,1,0,1,0,Condominium,Leasehold,Non Bumi Lot,Low,Sabah,Residensi Fantasi,Unknown,Kota Kinabalu
103788096,174000,882.0,3.0,2.0,1.0,3,0,0,0,0,0,0,0,,,,,1116.0,1,1,0,0,0,0,0,Apartment,Leasehold,Non Bumi Lot,High,Melaka,Pangsapuri Bukit Beruang Permai,Unknown,Bukit Baru
103455771,485000,840.0,2.0,2.0,2.0,12,1,0,0,0,0,1,0,2025.0,1.0,35.0,1378.0,1231.0,1,1,1,1,1,0,0,Condominium,Freehold,Non Bumi Lot,Medium,Kuala Lumpur,Emerald Hills,Guocoland Malaysia (Hong Leong Group),Kuala Lumpur
103787784,190000,770.0,3.0,2.0,1.0,0,0,0,0,0,0,0,0,,,,,174.0,0,0,0,0,0,0,0,Flat,Freehold,Non Bumi Lot,Low,Johor,Flat Bukit Indah,Unknown,Iskandar Puteri
103787847,308000,650.0,2.0,2.0,1.0,13,0,0,0,0,0,0,0,2019.0,7.0,35.0,1843.0,425.0,1,1,0,1,1,0,0,Service Residence,Freehold,Non Bumi Lot,High,Johor,Arc @ Austin Hills,Andaman Group,Johor Bahru
100962748,341000,843.0,3.0,2.0,1.0,14,0,0,0,0,0,0,0,2016.0,10.0,,175.0,766.0,1,1,1,1,1,0,0,Service Residence,Leasehold,Bumi Lot,Unknown,Pahang,Cameron Fair Serviced Suites @ Tanah Rata,Unknown,Cameron Highlands
102418400,570000,1044.0,3.0,2.0,2.0,12,0,0,0,0,0,0,0,,,,,639.0,1,1,1,1,1,0,0,Condominium,Leasehold,Non Bumi Lot,Medium,Kuala Lumpur,"(0%DP+25K Cashback) Lowest Density KL Project + KLCC View, Ready 2024!",Unknown,Kuala Lumpur
102539397,450000,950.0,3.0,2.0,2.0,12,0,0,0,0,0,0,0,,,,,719.0,1,1,1,1,1,0,0,Condominium,Freehold,Non Bumi Lot,Medium,Kuala Lumpur,"Final Clearance ! 950sf only 450k Cheapest Sentul Project, Ready 2024!",Unknown,Kuala Lumpur
103788022,144000,383.0,1.0,1.0,1.0,0,0,0,0,0,0,0,0,,,,,875.0,0,0,0,0,0,0,0,Apartment,Leasehold,Bumi Lot,Medium,Sabah,Cyber City Apartment Fasa 1,Unknown,Penampang
103787993,340000,775.0,3.0,2.0,1.0,3,0,0,0,0,0,0,0,,,4.0,,914.0,0,1,0,0,1,0,0,Apartment,Leasehold,Non Bumi Lot,Low,Sarawak,Bahagia Residences @ Desa Bahagia,Naim Holdings Berhad,Miri
103510005,240000,818.0,3.0,2.0,1.0,4,0,0,0,0,0,0,1,,,,,936.0,0,1,1,0,1,0,1,Apartment,Leasehold,Bumi Lot,High,Selangor,Pangsapuri Kenanga (Anggerik Perdana),Getaris Sdn. Bhd.,Kajang
102909602,196000,540.0,2.0,1.0,1.0,5,0,0,0,0,0,0,0,,,,,857.0,0,1,1,0,1,0,0,Apartment,Freehold,Non Bumi Lot,Low,Selangor,Taman Bukit Cheras,Titijaya Land Berhad,Cheras
101504251,1213200,2219.0,3.0,3.0,3.0,7,0,0,0,0,0,0,0,2014.0,12.0,19.0,149.0,1642.0,1,1,1,1,1,1,1,Condominium,Leasehold,Non Bumi Lot,Unknown,Sabah,Tropicana Landmark,Tropicana Corporation Berhad,Kota Kinabalu
99675850,480760,1270.0,3.0,2.0,2.0,9,0,0,0,0,0,0,0,2022.0,4.0,10.0,120.0,1312.0,0,1,1,1,1,0,0,Condominium,Leasehold,Non Bumi Lot,Unknown,Sabah,Sri Indah Kondominium,WMG Holdings Berhad,Sandakan
102912430,285000,733.0,3.0,2.0,1.0,8,1,0,0,1,1,1,0,,,8.0,480.0,1405.0,1,1,1,1,1,0,1,Apartment,Freehold,Non Bumi Lot,Low,Kuala Lumpur,Sentul Park Apartment,YTD Land and Development,Kuala Lumpur
102908044,380000,850.0,3.0,2.0,2.0,11,0,0,0,0,0,0,0,,,,,1063.0,1,1,1,1,1,0,0,Apartment,Freehold,Bumi Lot,Medium,Selangor,"Selangorku PR1MA Lakefront Homes , Cyberjaya",Unknown,Sepang
103648431,435000,1300.0,3.0,2.0,1.0,7,0,0,0,0,0,0,0,,,10.0,,78.0,1,1,1,0,0,1,1,Condominium,Freehold,Non Bumi Lot,Medium,Penang,Centro View,Unknown,Butterworth
103764321,618800,1550.0,3.0,2.0,3.0,14,0,0,0,0,0,0,0,,,,,679.0,1,1,1,1,1,0,1,Condominium,Leasehold,Non Bumi Lot,Medium,Kuala Lumpur,Residence Bukit Jalil RBJ,Unknown,Kuala Lumpur
103658024,604000,1400.0,4.0,2.0,2.0,14,1,0,0,1,0,1,0,,,12.0,90.0,715.0,1,1,1,1,1,0,1,Condominium,Freehold,Non Bumi Lot,Low,Kuala Lumpur,Residensi Bukit Jalil,Perbadanan Perwira Harta Malaysia,Kuala Lumpur
103787759,260000,850.0,3.0,2.0,1.0,5,0,0,0,0,0,0,0,,,12.0,1012.0,357.0,1,1,1,0,1,0,0,Apartment,Leasehold,Non Bumi Lot,Medium,Sabah,Putatan Platinum Apartment,Syarikat Perumahan Negara Berhad,Penampang
103658277,628888,1530.0,3.0,2.0,1.0,8,1,0,0,1,0,1,0,,,12.0,90.0,734.0,1,1,1,0,1,0,1,Condominium,Freehold,Non Bumi Lot,Low,Kuala Lumpur,Residensi Bukit Jalil,Perbadanan Perwira Harta Malaysia,Kuala Lumpur
103040544,160000,764.0,3.0,1.0,1.0,5,0,0,0,0,0,0,0,2001.0,25.0,14.0,,1304.0,1,1,0,0,1,0,0,Apartment,Leasehold,Bumi Lot,Medium,Kuala Lumpur,Pandan Court,Hata Holdings Sdn Bhd,Kuala Lumpur
102663507,820000,1130.0,3.0,2.0,2.0,9,0,0,0,0,0,0,0,,,,,425.0,1,1,1,1,1,0,0,Condominium,Freehold,Non Bumi Lot,Medium,Penang,Triuni Residences @ The Sanctuary,Runnymede Group,Gelugor
103584208,195000,700.0,3.0,2.0,1.0,1,1,0,0,1,1,1,0,,,,,1224.0,0,0,1,0,0,1,0,Flat,Leasehold,Non Bumi Lot,Unknown,Kuala Lumpur,Jalan Sentul,Unknown,Kuala Lumpur
103787706,252000,850.0,3.0,2.0,1.0,7,0,0,0,0,0,0,0,,,12.0,1012.0,801.0,1,1,0,1,1,0,0,Apartment,Freehold,Non Bumi Lot,Medium,Sabah,Putatan Platinum Apartment,Syarikat Perumahan Negara Berhad,Penampang
103324053,190000,720.0,3.0,2.0,1.0,1,0,0,0,0,1,0,0,,,,,1182.0,0,1,0,0,0,0,0,Apartment,Leasehold,Bumi Lot,Medium,Selangor,Astana Alam,Unknown,Puncak Alam
103787523,185000,850.0,3.0,2.0,1.0,4,0,0,0,0,0,0,0,,,,,343.0,0,1,1,0,1,0,0,Apartment,Leasehold,Bumi Lot,Medium,Selangor,Laguna Biru 1,Unknown,Rawang
99459620,598000,951.0,3.0,2.0,2.0,9,0,0,0,0,0,0,0,,,,,542.0,1,1,1,1,1,1,1,Service Residence,Leasehold,Non Bumi Lot,Medium,Unknown,Unknown,Unknown,Unknown
103787528,210000,550.0,2.0,1.0,1.0,3,0,0,0,0,0,0,0,1995.0,31.0,17.0,224.0,476.0,0,1,1,0,0,0,1,Apartment,Freehold,Non Bumi Lot,Low,Penang,Taman Lone Pine (Medium Low Cost),Unknown,Paya Terubong
103787678,265000,900.0,3.0,2.0,2.0,6,0,0,0,0,0,0,0,2019.0,7.0,,,457.0,1,1,1,0,1,0,0,Apartment,Freehold,Non Bumi Lot,High,Selangor,Harmoni @ Eco Majestic,Eco World Development Group Berhad,Semenyih
103787670,550000,1239.0,4.0,3.0,2.0,0,0,0,0,0,0,0,0,2023.0,3.0,44.0,684.0,1541.0,0,0,0,0,0,0,0,Service Residence,Freehold,Non Bumi Lot,Medium,Kuala Lumpur,MiNest Residence,Mi Nest Development Sdn Bhd,Kuala Lumpur
103787668,390000,991.0,3.0,2.0,1.0,11,1,0,0,0,1,0,0,2010.0,16.0,,704.0,1969.0,1,1,1,1,1,1,0,Condominium,Leasehold,Bumi Lot,High,Selangor,Banjaria Court,Perbadanan Kemajuan Negeri Selangor (PKNS),Batu Caves
103787665,210000,615.0,3.0,1.0,1.0,4,0,0,0,0,0,0,0,,,12.0,,1107.0,1,1,0,0,0,0,1,Apartment,Leasehold,Bumi Lot,Medium,Kuala Lumpur,Pangsapuri Sri Shamelin,Unknown,Kuala Lumpur
97609039,150000,850.0,3.0,2.0,1.0,7,0,0,0,0,0,0,0,,,12.0,,1198.0,1,1,1,0,1,1,0,Apartment,Freehold,Non Bumi Lot,Medium,Melaka,Pangsapuri Bukit Beruang Utama,Unknown,Batu Berendam
103493595,315000,890.0,3.0,2.0,1.0,9,0,0,0,0,0,0,0,2008.0,18.0,16.0,196.0,686.0,1,1,1,0,1,1,1,Apartment,Leasehold,Non Bumi Lot,Medium,Johor,Kipark,KIP Group,Johor Bahru
103190155,315000,890.0,3.0,2.0,1.0,10,0,0,0,0,0,0,0,2008.0,18.0,16.0,196.0,686.0,1,1,1,0,1,1,1,Apartment,Leasehold,Non Bumi Lot,Medium,Johor,Kipark,KIP Group,Johor Bahru
103458653,485000,1035.0,3.0,2.0,1.0,14,0,0,0,0,0,0,0,2018.0,8.0,25.0,1255.0,570.0,1,1,1,1,1,1,1,Apartment,Freehold,Non Bumi Lot,Medium,Johor,8scape Residences @ Sutera,Unknown,Johor Bahru
103764080,248000,1010.0,3.0,2.0,1.0,10,1,0,0,1,0,1,0,2007.0,19.0,18.0,648.0,1167.0,1,1,1,1,1,0,0,Condominium,Leasehold,Non Bumi Lot,Unknown,Kuala Lumpur,Kepong Sentral Condominium,Mega Mall Development Sdn Bhd,Kuala Lumpur
103787583,300000,850.0,3.0,2.0,1.0,6,1,1,0,0,1,1,0,,,5.0,,1336.0,1,1,1,0,1,0,1,Apartment,Leasehold,Non Bumi Lot,Unknown,Selangor,Pangsapuri Cemara (Seri Kembangan),Unknown,Seri Kembangan
101873761,169000,753.0,3.0,2.0,1.0,0,0,0,0,0,0,0,0,,,,,971.0,0,0,0,0,0,0,0,Apartment,Freehold,Non Bumi Lot,Unknown,Selangor,Simfoni @ Eco Majestic,Unknown,Semenyih
103746823,195000,850.0,3.0,2.0,2.0,0,1,0,0,0,0,0,0,,,,,1114.0,0,0,0,0,0,0,0,Apartment,Freehold,Non Bumi Lot,Unknown,Selangor,Cendana,Unknown,Rawang
102493262,368000,800.0,3.0,2.0,1.0,9,0,0,0,0,0,0,0,2000.0,26.0,25.0,534.0,61.0,1,1,1,1,1,0,0,Condominium,Freehold,Non Bumi Lot,Low,Penang,Eden Seaview,Unknown,Batu Ferringhi
103787563,230000,738.0,3.0,2.0,1.0,6,0,0,0,0,0,0,0,,,,,175.0,1,1,1,1,1,0,0,Apartment,Leasehold,Non Bumi Lot,High,Selangor,"Springville Service Apartment, Ukay Perdana, Ampang",Unknown,Ampang
101354752,960000,1313.0,3.0,2.0,3.0,0,0,0,0,0,0,0,0,2007.0,19.0,,396.0,245.0,0,0,0,0,0,1,1,Condominium,Freehold,Non Bumi Lot,Low,Penang,BaysWater,IJM Land Berhad,Gelugor
102871873,470000,1495.0,4.0,2.0,2.0,7,0,0,0,0,0,0,0,,,19.0,,264.0,1,1,1,1,1,0,0,Condominium,Freehold,Non Bumi Lot,Medium,Penang,Dahlia Park,Tambun Indah Land Berhad,Butterworth
93896616,295000,956.0,3.0,2.0,1.0,12,0,0,0,0,0,0,0,,,19.0,392.0,848.0,1,1,0,1,1,0,0,Condominium,Freehold,Non Bumi Lot,Unknown,Selangor,Villa Park,VILLAMAS GROUP OF COMPANIES,Seri Kembangan
103787256,290000,811.0,3.0,2.0,1.0,3,1,0,0,1,1,0,0,,,12.0,,811.0,0,1,0,0,1,0,0,Apartment,Leasehold,Non Bumi Lot,Medium,Selangor,Pangsapuri Damai Senja,Unknown,Petaling Jaya
103787259,255000,764.0,3.0,2.0,1.0,5,1,0,0,1,1,1,0,2006.0,20.0,18.0,200.0,890.0,1,1,1,0,1,0,0,Apartment,Leasehold,Bumi Lot,Medium,Selangor,Mentari Court,Mentari Group,Petaling Jaya
102663512,825000,1302.0,3.0,3.0,2.0,9,0,0,0,0,0,0,0,,,,,429.0,1,1,1,1,1,0,0,Condominium,Freehold,Non Bumi Lot,Medium,Penang,Triuni Residences @ The Sanctuary,Runnymede Group,Gelugor
102895298,435000,1258.0,4.0,2.0,1.0,6,0,0,0,0,0,0,0,,,,,264.0,1,1,1,1,1,0,0,Condominium,Freehold,Non Bumi Lot,Medium,Penang,Vista Bay,Unknown,Butterworth
102758185,125000,500.0,2.0,1.0,1.0,0,0,0,0,0,0,0,0,,,,,369.0,0,0,0,0,0,0,1,Flat,Leasehold,Non Bumi Lot,Unknown,Penang,Medan Angsana (Farlim 2),Unknown,Ayer Itam
103787448,250000,883.0,3.0,2.0,1.0,8,0,0,0,0,0,0,0,2001.0,25.0,14.0,704.0,677.0,1,1,1,1,1,0,0,Condominium,Leasehold,Non Bumi Lot,High,Selangor,Garden Park,SHL Consolidated Berhad,Bandar Sungai Long
103787431,375000,1012.0,3.0,2.0,2.0,8,1,0,0,1,0,0,0,2014.0,12.0,23.0,744.0,946.0,1,1,0,1,1,0,1,Service Residence,Freehold,Non Bumi Lot,Medium,Selangor,Amara Service Residences,Jaya Megah Development Sdn Bhd,Batu Caves
103090089,200000,613.0,3.0,2.0,1.0,5,0,0,0,0,0,0,0,,,12.0,,425.0,0,0,1,0,1,0,0,Apartment,Leasehold,Bumi Lot,Low,Kuala Lumpur,Pangsapuri Sri Shamelin,Unknown,Kuala Lumpur
103787196,200000,650.0,3.0,2.0,1.0,0,1,0,0,0,0,1,0,,,2.0,,932.0,0,0,0,0,0,0,1,Apartment,Freehold,Non Bumi Lot,Unknown,Selangor,Pangsapuri Arista,WCT Holding Berhad,Klang
93588831,310000,1023.0,3.0,2.0,2.0,14,0,0,0,0,0,0,0,2019.0,7.0,,1200.0,1062.0,1,1,1,1,1,1,0,Condominium,Freehold,Non Bumi Lot,Medium,Selangor,Residensi Zamrud,Cheras Hong Soon Development Sdn. Bhd.,Kajang
102583072,320000,1212.0,3.0,2.0,2.0,14,0,0,0,0,0,0,0,,,,538.0,1405.0,1,1,1,1,1,1,0,Apartment,Freehold,Non Bumi Lot,Unknown,Selangor,Green Suria Apartment,Suria Land Development Sdn Bhd,Cheras
103347769,268000,1024.0,3.0,2.0,2.0,5,0,0,0,0,0,0,0,,,4.0,,669.0,0,1,0,0,1,1,1,Apartment,Leasehold,Non Bumi Lot,Low,Johor,Lily & Jasmine,Unknown,Johor Bahru
103373098,245000,678.0,1.0,1.0,1.0,4,0,0,0,0,0,0,0,,,27.0,303.0,648.0,0,0,0,0,1,1,1,Condominium,Leasehold,Non Bumi Lot,Low,Johor,Zennith Suites,Unknown,Johor Bahru
102371463,396000,1010.0,2.0,2.0,1.0,14,0,0,0,0,0,0,0,2019.0,7.0,25.0,2003.0,653.0,1,1,1,1,1,1,1,Service Residence,Freehold,Non Bumi Lot,Medium,Johor,Parc Regency Serviced Apartment,Malaysia Land Properties Sdn. Bhd.,Johor Bahru
103654889,378000,800.0,3.0,2.0,1.0,0,0,0,0,0,0,0,0,,,8.0,95.0,123.0,0,0,0,0,0,1,1,Condominium,Freehold,Non Bumi Lot,Medium,Penang,Taman Medan Penaga,Unknown,George Town
100275485,570000,1216.0,3.0,2.0,1.0,6,0,0,0,0,0,0,0,,,,,768.0,1,1,1,1,0,0,0,Condominium,Leasehold,Non Bumi Lot,Low,Sabah,Marina Court,Unknown,Kota Kinabalu
102810009,365000,850.0,3.0,2.0,1.0,9,0,0,0,0,0,0,0,2013.0,13.0,19.0,448.0,154.0,1,1,0,1,1,0,0,Condominium,Freehold,Non Bumi Lot,Medium,Penang,Idaman Iris,Koperasi Tunas Muda,Sungai Ara
103691693,225000,557.0,1.0,1.0,1.0,9,0,0,0,0,0,0,0,2017.0,9.0,,296.0,552.0,1,1,1,1,1,0,0,Condominium,Leasehold,Non Bumi Lot,Unknown,Selangor,Nadayu63,Nadayu Properties Berhad,Ampang
103659143,279999,1055.0,3.0,2.0,1.0,3,0,0,0,0,0,0,0,2017.0,9.0,,,368.0,0,1,0,0,0,1,0,Apartment,Freehold,Non Bumi Lot,Medium,Selangor,Pangsapuri Puncak Saujana,Unknown,Kajang
103087781,139999,667.0,3.0,2.0,1.0,3,0,0,0,0,0,0,0,,,,,1236.0,0,1,0,0,1,0,0,Flat,Freehold,Bumi Lot,High,Selangor,Pangsapuri Pendekar,Unknown,Cheras
103345170,69999,550.0,2.0,1.0,1.0,0,0,0,0,0,0,0,0,,,,,1265.0,0,0,0,0,0,0,0,Flat,Freehold,Bumi Lot,High,Selangor,Bandar Teknologi Kajang Flat,Unknown,Semenyih
103306018,84999,550.0,2.0,1.0,1.0,0,0,0,0,0,0,0,0,,,,,1354.0,0,0,0,0,0,0,0,Flat,Freehold,Non Bumi Lot,Low,Selangor,Bandar Teknologi Kajang Flat,Unknown,Semenyih
102967087,168000,650.0,3.0,2.0,1.0,7,0,0,0,1,1,0,1,,,5.0,1100.0,815.0,0,1,0,0,1,0,0,Apartment,Leasehold,Non Bumi Lot,Low,Selangor,Harmoni Apartment,Unknown,Damansara Damai
100452079,175000,900.0,3.0,2.0,1.0,0,0,0,0,0,0,0,0,,,,,791.0,0,0,0,0,0,0,0,Apartment,Leasehold,Non Bumi Lot,Unknown,Melaka,Pangsapuri Bukit Beruang Permai,Unknown,Bukit Baru
103787178,275000,775.0,3.0,2.0,1.0,4,1,0,0,1,1,1,0,2006.0,20.0,18.0,200.0,769.0,1,1,0,0,1,0,0,Apartment,Leasehold,Bumi Lot,Low,Selangor,Mentari Court,Mentari Group,Petaling Jaya
103786973,230000,650.0,3.0,1.0,1.0,0,0,0,0,0,0,0,0,,,,,769.0,0,0,0,0,0,0,0,Apartment,Freehold,Non Bumi Lot,Unknown,Selangor,Bandar Bukit Tinggi 2 (Klang),Unknown,Klang
103786969,420000,620.0,2.0,2.0,1.0,4,1,1,1,0,1,1,0,,,43.0,956.0,1659.0,0,1,0,1,0,1,0,Condominium,Freehold,Non Bumi Lot,Unknown,Selangor,i-Soho @ i-City,i-Berhad,Shah Alam
103446635,310000,1200.0,3.0,2.0,1.0,12,0,0,0,0,0,0,0,,,,,212.0,1,1,0,1,1,1,0,Apartment,Freehold,Non Bumi Lot,Low,Johor,Mewah View Luxurious Apartments,Unknown,Johor Bahru
103787097,260000,764.0,3.0,2.0,1.0,5,1,0,0,1,1,1,0,2006.0,20.0,18.0,200.0,868.0,1,1,1,0,1,0,0,Apartment,Leasehold,Bumi Lot,Medium,Selangor,Mentari Court,Mentari Group,Petaling Jaya
103672953,240000,860.0,3.0,2.0,1.0,8,1,0,0,0,0,0,0,,,,,768.0,1,1,1,0,1,1,0,Apartment,Freehold,Non Bumi Lot,Low,Selangor,Amazing Heights,Unknown,Klang
103541498,355000,750.0,3.0,2.0,1.0,3,0,0,0,0,0,0,0,,,,,186.0,0,0,1,0,0,0,1,Apartment,Freehold,Non Bumi Lot,Unknown,Penang,Taman Seri Hijau,Unknown,George Town
103287850,280000,802.0,3.0,2.0,1.0,8,1,0,1,0,0,1,0,,,,760.0,823.0,1,1,1,0,1,0,0,Apartment,Freehold,Non Bumi Lot,Medium,Selangor,Bayu Villa,Unknown,Klang
103499703,360000,700.0,3.0,2.0,1.0,3,0,0,0,0,0,0,0,1997.0,29.0,8.0,68.0,187.0,0,1,1,0,0,0,1,Apartment,Freehold,Non Bumi Lot,Unknown,Penang,Taman Seri Hijau,Unknown,Jelutong
103787076,468000,708.0,2.0,2.0,1.0,7,0,0,0,0,0,0,0,2014.0,12.0,,177.0,1590.0,1,1,1,1,1,1,0,Condominium,Freehold,Bumi Lot,High,Pahang,"Swiss-Garden Resort Residences, Kuantan",Swiss Garden Group,Kuantan
103787045,130000,650.0,3.0,2.0,1.0,0,1,0,0,1,0,0,0,,,,,936.0,0,0,0,0,0,0,0,Apartment,Freehold,Non Bumi Lot,Unknown,Selangor,Pangsapuri Seri Perantau,Unknown,Port Klang
103787036,580000,721.0,2.0,1.0,2.0,10,1,0,0,0,0,1,0,2018.0,8.0,,594.0,873.0,1,1,0,1,1,1,1,Condominium,Leasehold,Non Bumi Lot,Unknown,Selangor,The Parque Residences @ Eco Sanctuary,Eco Sanctuary Sdn Bhd,Kota Kemuning
103787028,155000,660.0,3.0,2.0,1.0,3,0,0,0,1,0,0,0,,,5.0,,1816.0,0,1,0,0,1,0,0,Apartment,Freehold,Bumi Lot,Medium,Selangor,Megah Villa Apartments,Syarikat Perumahan Negara Berhad,Sepang
103787016,290000,850.0,3.0,2.0,1.0,2,0,0,0,0,0,1,0,,,11.0,220.0,908.0,0,1,0,0,0,0,0,Apartment,Freehold,Non Bumi Lot,Unknown,Selangor,Pangsapuri Akasia Berjaya Park,BERJAYA GROUP,Shah Alam
103786966,680000,724.0,2.0,2.0,1.0,7,0,1,0,0,1,1,1,,,,629.0,698.0,1,1,1,0,1,0,0,Service Residence,Leasehold,Non Bumi Lot,High,Selangor,D'Latour,DK-MY Properties Sdn Bhd,Petaling Jaya
101758761,1350000,1539.0,3.0,3.0,2.0,0,0,0,0,0,0,0,0,2012.0,14.0,17.0,328.0,586.0,0,0,0,0,0,1,1,Condominium,Freehold,Non Bumi Lot,Unknown,Penang,The Light Linear @ The Light Waterfront,IJM LAND BERHAD,Gelugor
103458367,1220000,1539.0,3.0,3.0,3.0,0,0,0,0,0,0,0,0,2012.0,14.0,17.0,328.0,615.0,0,0,0,0,0,0,1,Condominium,Freehold,Non Bumi Lot,Unknown,Penang,The Light Linear @ The Light Waterfront,IJM LAND BERHAD,Gelugor
103786925,245000,999.0,3.0,3.0,1.0,5,0,0,0,0,0,0,0,,,,,154.0,0,1,0,1,1,0,0,Condominium,Leasehold,Non Bumi Lot,Low,Perak,Skygarden Residence Apartment Condo,Unknown,Chemor
103786920,227000,650.0,2.0,1.0,1.0,0,0,0,0,0,0,0,0,,,,,904.0,0,0,0,0,0,0,1,Flat,Leasehold,Non Bumi Lot,Unknown,Kuala Lumpur,Seksyen 2 Wangsa Maju Flat,Unknown,Kuala Lumpur
103786675,300000,850.0,4.0,2.0,1.0,7,1,0,0,0,1,0,0,2013.0,13.0,15.0,,1044.0,1,1,1,1,0,0,1,Condominium,Freehold,Non Bumi Lot,High,Selangor,Residensi Bistaria,Unknown,Ampang
103786662,300000,775.0,3.0,2.0,1.0,6,1,0,0,1,1,1,0,2006.0,20.0,18.0,200.0,487.0,1,1,1,0,1,0,0,Apartment,Leasehold,Bumi Lot,Medium,Selangor,Mentari Court,Mentari Group,Petaling Jaya
103786672,340000,1295.0,3.0,2.0,1.0,8,1,1,1,1,1,1,1,,,,,1080.0,1,1,0,0,1,1,0,Condominium,Freehold,Non Bumi Lot,Low,Kuala Lumpur,Sri Intan 2,H. S. Liao Sdn Bhd,Kuala Lumpur
103786671,450000,1006.0,3.0,2.0,2.0,7,0,0,0,0,0,0,0,,,,,1452.0,0,1,1,0,1,1,0,Apartment,Freehold,Bumi Lot,Medium,Putrajaya,APARTMENT PR1MA PRESINT 11 (Apartment PR1MA),Unknown,Putrajaya
103786670,270000,745.0,3.0,2.0,1.0,4,1,1,0,1,0,1,0,2000.0,26.0,11.0,1240.0,1674.0,0,1,0,0,1,1,0,Condominium,Freehold,Non Bumi Lot,Low,Kuala Lumpur,Arena Green,Berjaya Land,Kuala Lumpur
103451491,350000,1000.0,3.0,2.0,1.0,6,1,1,1,1,0,0,0,,,18.0,,575.0,1,1,0,1,1,0,0,Condominium,Leasehold,Non Bumi Lot,High,Kuala Lumpur,Menara Alpha,Unknown,Kuala Lumpur
101803628,246000,1000.0,3.0,2.0,2.0,4,0,0,0,0,0,0,0,,,21.0,,73.0,0,1,0,0,1,0,0,Apartment,Leasehold,Bumi Lot,Medium,Johor,Sri Impian Apartment (Larkin Perdana),Unknown,Johor Bahru
102961888,100000,700.0,3.0,2.0,1.0,1,0,0,0,0,0,0,0,,,,,303.0,0,0,0,0,0,0,0,Flat,Freehold,Non Bumi Lot,Medium,Selangor,Taman Baiduri Jaya Seksyen 2,Unknown,Kajang
102885470,320000,430.0,1.0,1.0,1.0,6,1,1,0,0,1,1,0,,,,,402.0,1,1,1,1,1,0,0,Service Residence,Freehold,Non Bumi Lot,Low,Kuala Lumpur,Plaza Damas,Mayland Universal Sdn Bhd,Kuala Lumpur
103786624,218000,818.0,4.0,2.0,1.0,7,0,0,0,0,0,0,0,2017.0,9.0,20.0,,457.0,1,1,0,0,1,0,1,Apartment,Freehold,Non Bumi Lot,Medium,Johor,Villa Krystal,Orando Holdings Sdn Bhd,Johor Bahru
88501611,188000,815.0,3.0,2.0,1.0,6,0,0,0,0,1,1,1,,,21.0,,904.0,1,1,1,1,0,0,0,Apartment,Leasehold,Non Bumi Lot,Unknown,Selangor,Serdang Skyvillas,Green Crescent Resources,Seri Kembangan
103646394,465000,1200.0,3.0,2.0,2.0,8,1,0,0,0,1,1,0,,,,,1109.0,1,1,1,1,1,0,0,Condominium,Leasehold,Bumi Lot,Medium,Selangor,Kristal View,PKNS,Shah Alam
75039171,275000,949.0,3.0,2.0,2.0,10,0,0,0,0,0,0,0,2019.0,7.0,,635.0,1521.0,1,1,1,1,1,0,0,Apartment,Freehold,Non Bumi Lot,Medium,Selangor,D'Cerrum Apartment,SP Setia Berhad,Semenyih
97939158,170000,650.0,3.0,2.0,1.0,0,1,0,0,0,0,1,0,2015.0,11.0,3.0,,381.0,0,0,0,0,0,0,0,Apartment,Freehold,Non Bumi Lot,Low,Selangor,Pangsapuri Palma (Bandar Botanic),Unknown,Klang
97939462,368000,1038.0,3.0,2.0,1.0,7,1,0,1,0,0,1,0,,,,760.0,530.0,1,1,0,0,1,0,1,Apartment,Freehold,Non Bumi Lot,Low,Selangor,Bayu Villa,Unknown,Klang
97919822,599000,815.0,3.0,2.0,1.0,1,0,1,0,0,1,0,0,,,,,487.0,0,0,0,0,0,1,0,Service Residence,Freehold,Non Bumi Lot,Medium,Selangor,GM Residence Remia,Gamuda GM Klang Sdn Bhd,Klang
101140834,499000,1200.0,3.0,2.0,1.0,0,1,0,0,1,1,1,0,,,,572.0,388.0,0,0,0,0,0,0,0,Condominium,Freehold,Non Bumi Lot,High,Kuala Lumpur,Rivercity Condominium,Sem Siong Industries,Kuala Lumpur
103470396,428000,871.0,2.0,2.0,1.0,2,0,0,0,0,0,0,0,,,,316.0,336.0,0,1,0,0,0,1,0,Service Residence,Freehold,Non Bumi Lot,Medium,Johor,Sky View,Setia Promenade Sdn Bhd (SP Setia),Iskandar Puteri
103598354,310000,614.0,1.0,1.0,1.0,0,0,0,0,0,0,0,0,2015.0,11.0,11.0,488.0,219.0,0,0,0,0,0,1,1,Condominium,Freehold,Non Bumi Lot,High,Johor,Impiana @ East Ledang,UEM Sunrise Berhad,Iskandar Puteri
103470394,310000,1200.0,3.0,2.0,1.0,12,0,0,0,0,0,0,0,,,,,212.0,1,1,0,1,1,1,0,Apartment,Freehold,Non Bumi Lot,Low,Johor,Mewah View Luxurious Apartments,Unknown,Johor Bahru
103470398,400000,1004.0,3.0,2.0,1.0,0,0,0,0,0,0,0,0,,,,,236.0,0,0,0,0,0,1,0,Condominium,Freehold,Non Bumi Lot,Medium,Johor,Nusa Heights,Unknown,Iskandar Puteri
102992651,495000,578.0,1.0,1.0,1.0,5,1,1,1,1,1,1,0,2003.0,23.0,35.0,1200.0,663.0,1,1,1,1,0,1,0,Condominium,Freehold,Non Bumi Lot,High,Kuala Lumpur,Berjaya Times Square,BERJAYA GROUP,Kuala Lumpur
102826023,270000,870.0,3.0,2.0,1.0,0,0,0,0,0,0,0,0,,,,,667.0,0,0,0,0,0,0,0,Apartment,Leasehold,Bumi Lot,Medium,Selangor,Lakeview Apartment,Unknown,Selayang
103786760,135000,657.0,3.0,2.0,1.0,0,0,0,0,0,0,0,0,,,,,601.0,0,0,0,0,0,0,1,Flat,Freehold,Bumi Lot,Low,Johor,Tasek Seri Alam,Unknown,Pasir Gudang
102914021,450000,1376.0,3.0,2.0,1.0,7,1,1,1,0,0,1,0,2008.0,18.0,17.0,616.0,1114.0,1,1,0,1,1,0,0,Condominium,Leasehold,Non Bumi Lot,Medium,Selangor,Ampang Boulevard,Suditasia,Ampang
103786756,132000,730.0,3.0,2.0,1.0,0,0,0,0,0,0,0,0,,,,,403.0,0,0,0,0,0,0,0,Flat,Freehold,Non Bumi Lot,High,Johor,Taman Maluri (Ulu Tiram),Unknown,Ulu Tiram
103786746,315000,1021.0,3.0,2.0,2.0,0,0,1,1,0,0,0,0,,,,551.0,1598.0,0,0,0,0,0,0,0,Apartment,Freehold,Non Bumi Lot,Unknown,Selangor,Silk Residence,Cheras Hong Soon Development Sdn Bhd,Cheras
103786720,395000,1015.0,3.0,2.0,1.0,7,1,0,1,1,1,0,0,2006.0,20.0,21.0,800.0,1143.0,1,1,1,0,1,0,0,Apartment,Leasehold,Non Bumi Lot,High,Kuala Lumpur,Melur Apartment (Sentul),Bintai Kinden Corporation,Kuala Lumpur
103786717,738238,649.0,1.0,1.0,1.0,5,0,0,0,0,0,0,0,2022.0,4.0,56.0,819.0,639.0,1,1,0,1,0,0,0,Service Residence,Leasehold,Non Bumi Lot,Medium,Sabah,Jesselton Twin Towers,Jesselton Properties Sdn Bhd,Kota Kinabalu
102828617,195000,753.0,3.0,2.0,1.0,1,0,0,0,0,0,0,0,,,,,763.0,0,0,0,0,1,0,0,Flat,Leasehold,Bumi Lot,Medium,Selangor,Flat PKNS Seksyen 24 Shah Alam,Unknown,Shah Alam
102314605,480000,1259.0,3.0,2.0,1.0,7,1,0,1,0,0,1,0,2004.0,22.0,8.0,,699.0,1,1,0,1,1,0,1,Condominium,Leasehold,Bumi Lot,Low,Selangor,Sri Alam,Unknown,Shah Alam
101735701,330000,872.0,3.0,2.0,1.0,3,0,0,0,0,0,0,0,,,,,886.0,1,1,1,0,0,1,1,Condominium,Freehold,Non Bumi Lot,High,Johor,Aster Court,Unknown,Johor Bahru
103697980,310000,1082.0,3.0,3.0,2.0,10,0,0,0,0,0,0,0,2022.0,4.0,,552.0,955.0,1,1,1,1,1,0,0,Condominium,Freehold,Non Bumi Lot,Medium,Selangor,Residensi Adelia,Trans Loyal Development Sdn Bhd,Kajang
103062987,365000,1091.0,3.0,2.0,1.0,10,0,0,0,0,0,0,0,2008.0,18.0,14.0,480.0,530.0,1,1,0,1,1,0,0,Condominium,Freehold,Non Bumi Lot,Medium,Selangor,Renjana Ampang,Wangsa Eramoden Sdn Bhd,Ampang
101727527,215000,650.0,3.0,2.0,1.0,6,0,0,0,0,0,0,0,2014.0,12.0,,,312.0,0,1,1,0,1,0,0,Apartment,Freehold,Non Bumi Lot,Unknown,Penang,I-Park Apartment,Ideal Property Group,Sungai Ara
101861252,175000,650.0,3.0,1.0,1.0,4,0,0,0,0,0,0,0,,,,,360.0,0,0,1,0,0,0,1,Apartment,Leasehold,Non Bumi Lot,Unknown,Penang,Farlim 4,Unknown,Ayer Itam
102990569,269000,700.0,3.0,2.0,2.0,7,0,0,0,0,0,1,0,,,,460.0,1045.0,1,1,1,0,1,0,0,Apartment,Freehold,Non Bumi Lot,Medium,Selangor,Suria Ixora,Sunsuria Berhad,Shah Alam
102859385,289000,850.0,3.0,2.0,2.0,7,0,0,0,0,0,1,0,2018.0,8.0,16.0,730.0,1045.0,0,1,0,1,1,0,0,Apartment,Freehold,Bumi Lot,Medium,Selangor,De Palma,SP Setia Berhad,Setia Alam
103403632,330000,800.0,3.0,2.0,1.0,8,0,0,0,0,0,0,0,1999.0,27.0,23.0,433.0,278.0,1,1,1,1,1,0,1,Apartment,Freehold,Non Bumi Lot,Unknown,Penang,Sinar Bukit Dumbar,Unknown,Jelutong
103333082,295000,850.0,3.0,2.0,1.0,3,1,0,0,0,0,1,0,2017.0,9.0,5.0,400.0,1059.0,0,0,1,0,1,0,0,Apartment,Freehold,Non Bumi Lot,High,Selangor,"Orchis Apartment, Bandar Parklands",WCT Holding Berhad,Klang
102832519,295000,950.0,3.0,2.0,1.0,5,0,0,0,0,0,0,0,1989.0,37.0,17.0,592.0,377.0,0,1,1,0,1,0,1,Apartment,Leasehold,Non Bumi Lot,Unknown,Penang,Taman Seri Damai,Unknown,Jelutong
102787620,299000,820.0,3.0,2.0,2.0,10,1,0,0,0,0,1,0,2020.0,6.0,,723.0,1024.0,1,1,1,1,1,0,0,Apartment,Freehold,Non Bumi Lot,Unknown,Selangor,De Bayu Apartment,Setia Promenade Sdn Bhd (SP Setia),Setia Alam
103193809,270000,850.0,3.0,2.0,2.0,6,1,0,0,0,1,1,0,,,,,1079.0,0,1,1,0,1,0,0,Apartment,Leasehold,Non Bumi Lot,Unknown,Selangor,Asteria,Mah Sing Group Berhad,Klang
103623673,259000,1103.0,3.0,2.0,1.0,6,0,0,0,0,0,0,0,,,12.0,,942.0,1,1,1,1,1,0,0,Apartment,Leasehold,Non Bumi Lot,Medium,Selangor,Pangsapuri Bayu Suria,Unknown,Balakong
103390811,260000,850.0,3.0,2.0,2.0,9,0,1,0,0,0,0,0,2019.0,7.0,,635.0,997.0,1,1,1,1,1,0,0,Apartment,Freehold,Non Bumi Lot,Medium,Selangor,D'Cassia Apartment,SP Setia Berhad,Semenyih
103105470,269000,700.0,3.0,2.0,2.0,7,1,0,1,0,0,1,1,,,10.0,360.0,1080.0,1,1,1,0,1,0,0,Apartment,Freehold,Non Bumi Lot,Medium,Selangor,Suria Rafflesia,Sunsuria Berhad,Setia Alam
102664413,299000,1140.0,3.0,2.0,1.0,7,0,0,0,0,0,0,0,,,,,932.0,0,1,1,0,1,0,0,Apartment,Freehold,Non Bumi Lot,Medium,Selangor,Vista Sri Tanjung,Unknown,Semenyih
102438966,309000,1033.0,4.0,3.0,2.0,10,1,0,0,0,1,1,0,2014.0,12.0,12.0,228.0,1079.0,1,1,1,1,1,0,0,Service Residence,Leasehold,Non Bumi Lot,Medium,Selangor,Mutiara Residences @ Serdang,Andaman Group,Seri Kembangan
103224741,170000,980.0,3.0,2.0,1.0,3,1,0,0,1,0,0,0,,,,,1119.0,0,1,1,0,0,0,0,Apartment,Leasehold,Non Bumi Lot,Low,Selangor,Klang Villa Apartment,Highland View Sdn Bhd / Majlis Perbandaran Klang,Port Klang
103413004,269000,1001.0,4.0,2.0,1.0,4,0,0,0,0,0,0,0,,,,,914.0,0,1,1,0,1,0,0,Apartment,Leasehold,Non Bumi Lot,Medium,Selangor,Suria Mewah Residensi,Unknown,Semenyih
103531600,315000,700.0,3.0,2.0,1.0,3,0,0,0,0,0,0,0,2001.0,25.0,31.0,360.0,171.0,0,1,1,0,0,0,0,Apartment,Freehold,Non Bumi Lot,Low,Penang,Halaman Kristal,Unknown,Jelutong
98363803,188000,650.0,3.0,2.0,1.0,0,1,0,0,0,0,1,0,2015.0,11.0,3.0,,992.0,0,0,0,0,0,0,0,Apartment,Freehold,Non Bumi Lot,Medium,Selangor,Pangsapuri Palma (Bandar Botanic),Unknown,Klang
103238528,385000,1140.0,3.0,2.0,2.0,7,0,0,0,0,0,0,0,2017.0,9.0,14.0,608.0,695.0,1,1,1,0,1,1,0,Condominium,Freehold,Non Bumi Lot,Medium,Penang,Royale Infinity,Taman Jadi Group,Simpang Ampat
102818177,275000,863.0,3.0,2.0,1.0,5,1,0,0,0,1,0,0,,,,,959.0,1,1,1,0,1,0,0,Apartment,Leasehold,Bumi Lot,Unknown,Selangor,Residensi Warnasari 2,Unknown,Puncak Alam
102884834,395000,1170.0,3.0,2.0,2.0,11,1,1,0,0,1,1,0,,,15.0,,1516.0,1,1,0,1,1,0,1,Condominium,Leasehold,Non Bumi Lot,Unknown,Selangor,Pangsapuri Sri Mahligai,Unknown,Shah Alam
97081855,260000,850.0,3.0,2.0,1.0,7,1,1,0,0,1,1,0,,,,,1406.0,1,1,1,0,1,0,0,Condominium,Leasehold,Non Bumi Lot,Medium,Kuala Lumpur,Desa Petaling Flat,Unknown,Kuala Lumpur
103662225,500000,1184.0,4.0,2.0,2.0,11,1,0,0,0,1,1,0,2020.0,6.0,32.0,2000.0,868.0,1,1,1,1,1,0,0,Condominium,Leasehold,Bumi Lot,Medium,Kuala Lumpur,Platinum Splendor Residensi Semarak,Platinum Victory Development Sdn Bhd,Kuala Lumpur
103368024,270000,614.0,3.0,2.0,1.0,6,0,0,0,0,0,0,0,2009.0,17.0,22.0,900.0,367.0,0,1,1,0,1,0,1,Apartment,Leasehold,Non Bumi Lot,Unknown,Penang,Desa Pinang 2,IJM LAND BERHAD,Jelutong
103633863,225000,420.0,2.0,2.0,1.0,7,1,1,0,1,1,0,0,,,,,989.0,1,1,1,0,1,0,0,Apartment,Freehold,Non Bumi Lot,Medium,Selangor,Suria Jaya,Ancubic Group,Shah Alam
90584487,140000,650.0,3.0,2.0,1.0,0,0,0,0,0,0,0,0,,,,,941.0,0,0,0,0,0,0,0,Apartment,Leasehold,Bumi Lot,Medium,Kuala Lumpur,Saujana Ria Aparment,Unknown,Kuala Lumpur
97389778,177000,650.0,3.0,2.0,1.0,4,1,0,0,1,1,1,0,2002.0,24.0,11.0,792.0,1075.0,1,1,0,0,0,0,0,Apartment,Leasehold,Bumi Lot,Medium,Kuala Lumpur,Pangsapuri Cemara (Cheras),Unknown,Kuala Lumpur
103786362,150000,667.0,3.0,2.0,1.0,3,1,0,1,0,1,1,0,,,5.0,,858.0,0,0,0,0,1,0,0,Apartment,Freehold,Non Bumi Lot,High,Selangor,Pangsapuri Seri Jati (Bandar Puteri),Unknown,Puchong
103786354,145000,794.0,3.0,2.0,1.0,0,1,0,1,0,0,0,0,,,,,706.0,0,0,0,0,0,0,0,Apartment,Freehold,Non Bumi Lot,High,Selangor,Rawang Mutiara,Mutiara Johan Group,Rawang
103786348,288000,858.0,3.0,2.0,1.0,2,1,1,1,1,0,1,0,,,5.0,,721.0,0,0,0,0,1,0,1,Apartment,Leasehold,Non Bumi Lot,Medium,Selangor,Taman Lembah Maju 600 Apartment,Unknown,Ampang
103786379,280000,764.0,3.0,2.0,1.0,6,1,0,0,1,1,1,0,2006.0,20.0,18.0,200.0,773.0,1,1,1,0,1,0,0,Apartment,Leasehold,Bumi Lot,Medium,Selangor,Mentari Court,Mentari Group,Petaling Jaya
103786364,950000,1230.0,3.0,2.0,1.0,10,0,0,0,0,0,0,0,2017.0,9.0,39.0,202.0,505.0,1,1,1,1,1,0,0,Condominium,Freehold,Non Bumi Lot,High,Penang,City Residence,Ivory Properties Group Sdn Bhd,Tanjong Tokong
102905846,255000,850.0,3.0,2.0,1.0,3,1,1,0,1,1,1,0,,,5.0,,412.0,0,1,0,0,0,0,0,Apartment,Leasehold,Non Bumi Lot,Medium,Selangor,Makmur Apartment,Unknown,Bandar Sunway
103468045,235000,883.0,3.0,2.0,1.0,4,1,0,0,0,0,1,0,,,5.0,,742.0,0,1,0,0,1,0,0,Apartment,Leasehold,Non Bumi Lot,High,Selangor,Riviera Apartment,Unknown,Ampang
93320086,328000,1200.0,4.0,2.0,1.0,5,0,0,0,0,1,1,1,,,13.0,,2671.0,1,1,0,1,1,0,0,Apartment,Leasehold,Non Bumi Lot,Unknown,Selangor,Mutiara Serdang (Turf View),Unknown,Seri Kembangan
103786505,398000,997.0,3.0,2.0,1.0,8,0,0,0,0,0,0,0,1997.0,29.0,14.0,528.0,223.0,1,1,1,0,1,1,1,Apartment,Leasehold,Non Bumi Lot,High,Penang,Pangsapuri Desa Permai Indah,Unknown,Sungai Dua
102251979,170000,645.0,3.0,2.0,1.0,2,0,0,0,1,1,0,1,,,,,1740.0,0,0,0,0,0,0,0,Apartment,Freehold,Non Bumi Lot,Medium,Selangor,Vista Apartment,Medan Prestasi Sdn Bhd,Petaling Jaya
98326903,207100,688.0,2.0,1.0,1.0,0,0,0,0,0,0,0,0,,,,,871.0,0,0,0,0,0,0,0,Service Residence,Freehold,Non Bumi Lot,Medium,Melaka,Ambience Residence,Unknown,Klebang
101246373,345000,850.0,3.0,2.0,1.0,14,0,0,0,0,0,0,0,2019.0,7.0,35.0,1843.0,491.0,1,1,1,1,1,0,0,Service Residence,Freehold,Bumi Lot,Medium,Johor,Arc @ Austin Hills,Andaman Group,Johor Bahru
102905088,650000,1367.0,3.0,2.0,2.0,12,0,0,0,0,0,0,0,2019.0,7.0,43.0,352.0,645.0,1,1,1,1,1,1,0,Service Residence,Freehold,Non Bumi Lot,High,Selangor,Saville @ Cheras,MKH Berhad,Cheras
103786339,180000,624.0,3.0,1.0,1.0,0,0,0,0,0,0,0,0,,,5.0,,779.0,0,0,0,0,0,0,0,Apartment,Freehold,Non Bumi Lot,High,Penang,Apartment Permata (Bandar Perda),Unknown,Bukit Mertajam
103786338,270000,764.0,3.0,2.0,1.0,5,1,0,0,1,1,1,0,2006.0,20.0,18.0,200.0,774.0,1,1,1,0,1,0,0,Apartment,Leasehold,Bumi Lot,Low,Selangor,Mentari Court,Mentari Group,Petaling Jaya
101926333,175000,900.0,3.0,2.0,1.0,0,0,0,0,0,0,0,0,,,,,938.0,0,0,0,0,0,0,0,Apartment,Freehold,Bumi Lot,Low,Melaka,Dimensi,Unknown,Sungei Petai
100281667,249000,1102.0,3.0,2.0,2.0,7,1,0,1,0,0,0,0,,,,,653.0,1,1,1,0,1,0,0,Apartment,Freehold,Non Bumi Lot,Medium,Selangor,Pangsapuri Perdana Villa,Unknown,Klang
103357970,250000,900.0,3.0,2.0,1.0,0,0,0,0,0,0,0,0,2007.0,19.0,5.0,,432.0,0,0,0,0,0,0,0,Apartment,Freehold,Non Bumi Lot,High,Selangor,Pangsapuri Kasuarina (Bandar Botanic),Gamuda Land Sdn Bhd,Klang
103786434,168000,750.0,3.0,2.0,1.0,1,0,0,0,0,0,0,0,,,,,482.0,0,0,0,0,0,1,1,Flat,Freehold,Non Bumi Lot,Medium,Johor,Rumah Pangsa Orkid (Tmn Desa Cemerlang),Unknown,Ulu Tiram
103786426,550000,516.0,2.0,1.0,1.0,8,1,1,1,0,1,1,0,,,43.0,200.0,741.0,1,1,0,1,1,1,0,Service Residence,Freehold,Non Bumi Lot,Medium,Selangor,Hill10 Residence @ i-City,i-City Properties Sdn Bhd,Shah Alam
102013192,734450,832.0,2.0,2.0,2.0,5,0,0,0,0,0,0,0,2022.0,4.0,56.0,819.0,2065.0,1,1,0,1,0,0,0,Service Residence,Leasehold,Non Bumi Lot,Medium,Sabah,Jesselton Twin Towers,Jesselton Properties Sdn Bhd,Kota Kinabalu
98891306,804011,1270.0,2.0,2.0,2.0,5,0,0,0,0,0,0,0,2022.0,4.0,56.0,819.0,2082.0,1,1,0,1,0,0,0,Service Residence,Leasehold,Bumi Lot,Medium,Sabah,Jesselton Twin Towers,Jesselton Properties Sdn Bhd,Kota Kinabalu
103786320,338000,800.0,3.0,2.0,2.0,8,0,0,0,0,0,0,0,,,,420.0,120.0,1,1,1,1,1,0,0,Condominium,Freehold,Non Bumi Lot,Medium,Melaka,Cheng Heights,Pleasant-Ville Development(Kienta Group),Cheng
103786187,380000,1097.0,3.0,2.0,1.0,7,0,0,0,0,0,0,0,,,,300.0,688.0,1,1,0,1,1,1,1,Apartment,Freehold,Non Bumi Lot,Medium,Johor,"East Bay (Seri Bayan), Masai",Unknown,Masai
103786208,3600000,3878.0,4.0,4.0,4.0,11,0,0,0,0,0,0,0,2016.0,10.0,,210.0,505.0,1,1,1,1,1,0,0,Condominium,Freehold,Non Bumi Lot,Low,Penang,18 East At Andaman,Eastern & Oriental Berhad,Tanjong Tokong
102804147,500000,1050.0,3.0,2.0,2.0,7,0,0,0,0,0,0,0,,,,,66.0,1,1,1,1,1,0,1,Condominium,Freehold,Non Bumi Lot,Medium,Penang,ForestVille,Ideal Property Group,Bayan Lepas
103013824,305000,1288.0,3.0,2.0,2.0,9,0,0,0,0,0,0,0,2015.0,11.0,21.0,455.0,916.0,1,1,1,1,1,0,0,Condominium,Freehold,Non Bumi Lot,Medium,Selangor,Ivory Residence,TLS Group,Kajang
103545160,250000,1000.0,3.0,2.0,1.0,3,0,0,0,0,0,0,0,2006.0,20.0,22.0,246.0,590.0,0,1,1,0,0,0,0,Apartment,Freehold,Non Bumi Lot,Medium,Selangor,Pangsapuri Saujana Permai 2,Majlis Perbandaran Kajang,Kajang
103493135,350000,1288.0,3.0,2.0,2.0,11,0,0,0,0,0,0,0,2016.0,10.0,,428.0,777.0,1,1,1,1,1,1,0,Condominium,Freehold,Non Bumi Lot,Medium,Selangor,Ameera Residence,TLS Group,Kajang
103347602,199000,850.0,3.0,2.0,1.0,8,0,0,0,0,0,0,0,2017.0,9.0,20.0,,1123.0,1,1,1,0,1,1,1,Apartment,Freehold,Non Bumi Lot,High,Johor,Villa Krystal,Orando Holdings Sdn Bhd,Johor Bahru
103786266,88000,680.0,3.0,1.0,1.0,0,1,0,0,0,0,0,0,,,,,457.0,0,0,0,0,0,0,0,Apartment,Freehold,Bumi Lot,Medium,Selangor,Pangsapuri Samudera (Pulau Indah),Ambang Angsana Sdn Bhd,Pulau Indah (Pulau Lumut)
103786248,150000,720.0,3.0,2.0,1.0,3,1,0,0,0,1,0,0,,,,,666.0,0,1,0,0,1,0,0,Apartment,Leasehold,Bumi Lot,High,Selangor,Residensi Warnasari,Metro KL City Sdn Bhd,Puncak Alam
103786245,450000,1267.0,3.0,3.0,1.0,11,1,1,1,1,1,0,0,2010.0,16.0,20.0,1317.0,1186.0,1,1,1,1,1,0,0,Condominium,Freehold,Bumi Lot,Low,Kuala Lumpur,Villa Wangsamas,Setapak Heights Development,Kuala Lumpur
94044194,380000,1200.0,3.0,2.0,1.0,5,0,0,0,0,0,0,0,,,,,487.0,1,1,1,0,1,1,1,Condominium,Freehold,Non Bumi Lot,High,Johor,Pelita Indah Condominium,Symphony Life Berhad,Johor Bahru
103786227,300000,748.0,3.0,2.0,1.0,8,1,1,0,1,1,0,1,,,,,735.0,1,1,1,1,1,0,0,Condominium,Leasehold,Bumi Lot,Low,Kuala Lumpur,Putra Suria Residence,Amber Resource,Kuala Lumpur
100580305,788000,1334.0,3.0,2.0,2.0,11,0,0,0,0,0,0,0,2020.0,6.0,,803.0,358.0,1,1,1,1,1,1,0,Condominium,Freehold,Non Bumi Lot,Unknown,Penang,Sandilands @ Jelutong,BHL Group of Companies,Jelutong
100227559,520000,2124.0,3.0,4.0,1.0,10,0,0,0,0,0,0,0,,,14.0,319.0,600.0,1,1,0,1,1,1,1,Apartment,Freehold,Non Bumi Lot,Medium,Johor,Danga View Apartment,Ekovest Berhad,Skudai
103486413,270000,650.0,3.0,1.0,1.0,4,0,0,0,0,0,0,0,,,,,304.0,0,1,1,0,0,0,0,Apartment,Freehold,Non Bumi Lot,Unknown,Penang,Sri Jelutong,Unknown,Jelutong
102777872,298000,700.0,3.0,2.0,1.0,3,0,0,0,0,0,0,0,1997.0,29.0,22.0,1008.0,390.0,0,0,1,0,0,0,1,Apartment,Freehold,Non Bumi Lot,Unknown,Penang,Desa Green Apartment (Jelutong),Unknown,Jelutong
102967413,415286,865.0,3.0,2.0,2.0,9,0,0,0,0,0,0,0,,,,,1320.0,1,1,1,1,1,1,0,Condominium,Freehold,Non Bumi Lot,Medium,Sabah,Kingfisher @ Inanam,Unknown,Kota Kinabalu
103786163,285000,750.0,2.0,2.0,1.0,12,0,0,0,0,0,0,0,,,,,284.0,1,1,0,1,1,0,0,Apartment,Leasehold,Non Bumi Lot,Medium,Sabah,Beverly Hills 2,Unknown,Kota Kinabalu
103533002,200000,530.0,2.0,1.0,1.0,2,0,0,0,0,0,0,0,,,,,88.0,0,0,1,0,0,0,0,Flat,Freehold,Non Bumi Lot,High,Penang,Taman Jade,Unknown,Gelugor
103634633,668000,753.0,2.0,1.0,1.0,10,1,1,1,1,0,1,1,2023.0,3.0,47.0,685.0,1125.0,1,1,1,1,1,1,0,Service Residence,Leasehold,Non Bumi Lot,Unknown,Selangor,The Arcuz,Exsim Group,Petaling Jaya
102487439,255000,850.0,3.0,2.0,1.0,6,0,0,0,0,0,0,0,,,19.0,180.0,393.0,1,1,1,0,0,0,1,Condominium,Freehold,Non Bumi Lot,High,Penang,Kondominium Mutiara (Bandar Perda),Unknown,Bukit Mertajam
103742171,998000,1329.0,2.0,2.0,1.0,6,0,0,0,0,0,0,0,2014.0,12.0,9.0,631.0,1160.0,1,1,0,1,1,1,0,Service Residence,Leasehold,Non Bumi Lot,Unknown,Sabah,The Loft Residence,Syarikat Kapasi (Asian Pac),Kota Kinabalu
101321043,2100000,2266.0,4.0,5.0,1.0,8,0,0,0,0,0,0,0,,,28.0,,722.0,1,1,0,1,1,1,0,Condominium,Leasehold,Non Bumi Lot,High,Sabah,Jesselton Residences,Palikota Sdn Bhd,Kota Kinabalu
103694229,260000,789.0,3.0,1.0,1.0,4,1,1,0,1,1,0,1,,,10.0,320.0,686.0,0,1,1,0,1,0,0,Apartment,Leasehold,Bumi Lot,Medium,Kuala Lumpur,Pangsapuri Indah Mas,Unknown,Kuala Lumpur
103620338,466000,1007.0,3.0,2.0,2.0,12,0,0,0,0,0,0,0,2020.0,6.0,,912.0,1397.0,1,1,1,1,1,1,0,Service Residence,Leasehold,Non Bumi Lot,Medium,Sabah,Bukit Bantayan Residence,Gamuda Land Sdn Bhd,Kota Kinabalu
102551908,489819,1007.0,3.0,2.0,2.0,12,0,0,0,0,0,0,0,2020.0,6.0,,912.0,1397.0,1,1,1,1,1,1,0,Condominium,Leasehold,Bumi Lot,Low,Sabah,Bukit Bantayan Residence,Gamuda Land Sdn Bhd,Kota Kinabalu
102551985,478200,904.0,3.0,2.0,2.0,12,0,0,0,0,0,0,0,2020.0,6.0,,912.0,1397.0,1,1,1,1,1,1,0,Service Residence,Leasehold,Non Bumi Lot,Low,Sabah,Bukit Bantayan Residence,Gamuda Land Sdn Bhd,Kota Kinabalu
102900206,320000,1120.0,3.0,2.0,1.0,5,1,1,0,1,1,1,0,1997.0,29.0,14.0,204.0,460.0,1,1,0,1,1,1,0,Condominium,Freehold,Non Bumi Lot,Medium,Kuala Lumpur,Bukit Awansari (OG Court),Microfield Sdn Bhd,Kuala Lumpur
103453544,180000,700.0,2.0,1.0,1.0,0,0,0,0,0,0,0,0,,,5.0,260.0,1516.0,0,0,0,0,0,0,0,Flat,Leasehold,Bumi Lot,High,Johor,Apartment Stulang,Unknown,Johor Bahru
102906883,1080000,1047.0,3.0,2.0,2.0,8,0,0,0,0,0,0,0,2019.0,7.0,33.0,1106.0,158.0,1,1,0,1,1,1,1,Condominium,Freehold,Non Bumi Lot,High,Penang,The Tamarind @ Seri Tanjung Pinang,Eastern & Oriental Berhad,Tanjong Tokong
97447033,188000,700.0,3.0,2.0,1.0,3,0,0,0,0,0,0,0,,,,,310.0,0,0,1,0,0,0,1,Apartment,Freehold,Non Bumi Lot,Unknown,Penang,Taman Paya Terubong,Unknown,Paya Terubong
102909294,110000,640.0,1.0,1.0,1.0,4,0,0,0,0,0,0,0,,,,,477.0,1,1,1,0,0,0,0,Apartment,Freehold,Non Bumi Lot,High,Perak,Marina Cove Resort,Unknown,Lumut
102881293,210000,798.0,3.0,2.0,1.0,6,0,0,0,0,0,0,0,,,,,556.0,1,1,1,0,1,1,0,Apartment,Leasehold,Bumi Lot,Medium,Perak,Pangsapuri Seri Iskandar,Unknown,Seri Iskandar
103786053,495000,1281.0,3.0,2.0,1.0,6,0,0,0,0,0,0,0,1998.0,28.0,15.0,198.0,903.0,1,1,0,0,1,1,1,Townhouse Condo,Freehold,Non Bumi Lot,Low,Putrajaya,Puteri Palma Condominium,IOI Properties Group,Putrajaya
101738928,280000,450.0,1.0,1.0,1.0,9,1,1,1,0,1,1,0,2012.0,14.0,,196.0,1427.0,1,1,1,1,1,1,0,Condominium,Leasehold,Non Bumi Lot,High,Selangor,Studio Fourteen,First Avenue Partners (Asia) Sdn Bhd,Shah Alam
103411581,700000,1100.0,3.0,2.0,2.0,2,0,0,0,0,0,0,0,,,,,278.0,0,0,1,0,0,0,0,Condominium,Freehold,Non Bumi Lot,High,Penang,SummerSkye Residences,Ideal Property Group,Bayan Lepas
103332473,175000,650.0,3.0,2.0,1.0,4,0,0,0,1,0,1,0,,,,,1111.0,0,0,1,0,1,0,0,Apartment,Leasehold,Non Bumi Lot,High,Kuala Lumpur,Pandan Ria Apartment (Block D),Unknown,Kuala Lumpur
102984504,695000,1288.0,3.0,3.0,1.0,10,0,0,0,0,0,0,0,2013.0,13.0,30.0,808.0,436.0,1,1,1,1,1,0,1,Condominium,Freehold,Non Bumi Lot,Unknown,Penang,All Seasons Park,Belleview Group,Ayer Itam
103631940,350000,700.0,3.0,2.0,1.0,8,0,0,0,0,0,0,0,2012.0,14.0,30.0,500.0,189.0,1,1,0,1,1,0,0,Apartment,Freehold,Non Bumi Lot,High,Penang,Melody Homes,Belleview Group,Ayer Itam
102440529,370000,700.0,3.0,2.0,1.0,8,0,0,0,0,0,0,0,2012.0,14.0,30.0,500.0,429.0,1,1,0,1,1,0,0,Apartment,Freehold,Non Bumi Lot,Unknown,Penang,Melody Homes,Belleview Group,Ayer Itam
103690965,165000,800.0,3.0,2.0,1.0,4,0,0,0,0,0,0,0,1997.0,29.0,,,953.0,0,1,0,0,1,0,0,Apartment,Leasehold,Bumi Lot,Unknown,Selangor,Kenanga Apartment (Putra Perdana),Talam Transform Berhad,Puchong
102726276,420000,1300.0,3.0,2.0,1.0,10,1,1,1,1,0,1,0,,,17.0,400.0,791.0,1,1,1,1,1,1,0,Condominium,Leasehold,Non Bumi Lot,Medium,Selangor,Tiara Ampang,Selaman Sdn. Bhd.,Ampang
103785996,368000,925.0,3.0,2.0,1.0,2,1,0,0,0,1,1,0,,,5.0,,632.0,0,1,0,0,0,0,1,Apartment,Freehold,Non Bumi Lot,Low,Selangor,Jasmine Court,Unknown,Puchong
103785958,660000,1206.0,3.0,2.0,2.0,12,0,0,0,0,0,0,0,2018.0,8.0,28.0,585.0,461.0,1,1,1,1,1,1,0,Apartment,Freehold,Non Bumi Lot,High,Johor,Senibong Cove - The WaterEdge Apartments,Walker Corp / Senibong Cove,Masai
103785948,175000,710.0,3.0,2.0,1.0,1,0,0,0,0,0,0,0,,,3.0,,356.0,0,0,0,0,0,0,1,Apartment,Leasehold,Non Bumi Lot,Medium,Johor,Park Avenue (Tampoi Indah),Unknown,Johor Bahru
103785919,110000,657.0,2.0,2.0,1.0,3,0,0,0,0,0,0,0,,,,,414.0,0,0,0,0,1,0,0,Flat,Freehold,Non Bumi Lot,Unknown,Penang,Pangsapuri Desa Palma (Alma),Unknown,Bukit Mertajam
103712858,180000,650.0,3.0,2.0,1.0,3,1,1,1,1,0,1,0,,,15.0,,447.0,0,1,1,0,0,0,0,Apartment,Leasehold,Bumi Lot,Unknown,Kuala Lumpur,Mutiara Magna,Magna Prima Sdn Bhd,Kuala Lumpur
103633658,298000,1051.0,3.0,2.0,1.0,7,0,0,1,0,1,1,0,,,20.0,320.0,334.0,1,1,1,0,1,0,0,Condominium,Freehold,Non Bumi Lot,High,Kuala Lumpur,Bukit Pandan Kondominium 1,Unknown,Kuala Lumpur
102998319,170000,603.0,3.0,1.0,1.0,3,0,0,0,0,0,0,0,,,,,640.0,0,0,0,0,1,0,0,Flat,Leasehold,Non Bumi Lot,Medium,Penang,Seri Pauh,Unknown,Bukit Mertajam
101003861,380000,850.0,3.0,2.0,1.0,0,0,0,0,0,0,0,0,2014.0,12.0,17.0,403.0,486.0,0,0,0,0,0,1,0,Condominium,Freehold,Non Bumi Lot,Unknown,Kuala Lumpur,Tiara Mutiara,Mutiara Johan Group,Kuala Lumpur
92463126,440000,1101.0,4.0,2.0,1.0,6,1,0,0,1,1,1,0,,,17.0,,1933.0,1,1,0,1,1,0,0,Condominium,Leasehold,Non Bumi Lot,Unknown,Kuala Lumpur,Vista Amani,Danau Lumayan,Kuala Lumpur
103785740,178000,600.0,3.0,2.0,1.0,7,1,1,0,1,1,1,0,,,,,766.0,1,1,0,1,1,1,0,Apartment,Leasehold,Non Bumi Lot,Unknown,Kuala Lumpur,Taman Sri Sentosa,Unknown,Kuala Lumpur
103309896,290000,764.0,3.0,2.0,1.0,0,1,1,0,0,1,1,0,,,,,793.0,0,0,0,0,0,0,0,Apartment,Leasehold,Non Bumi Lot,Unknown,Kuala Lumpur,Pantai Indah Fasa 2,Unknown,Kuala Lumpur
101928216,218800,605.0,1.0,1.0,1.0,7,0,0,0,0,0,0,0,,,,,419.0,1,1,1,1,1,0,0,Service Residence,Freehold,Non Bumi Lot,Medium,Negeri Sembilan,Lexis,Unknown,Port Dickson
102883575,378000,1222.0,3.0,2.0,1.0,9,1,0,0,1,0,1,1,1996.0,30.0,16.0,,416.0,1,1,0,1,1,1,0,Condominium,Freehold,Non Bumi Lot,Low,Kuala Lumpur,Bukit OUG Condominium,BERJAYA GROUP,Kuala Lumpur
101785819,260000,900.0,3.0,2.0,2.0,10,1,0,0,1,0,0,0,2014.0,12.0,23.0,744.0,1528.0,1,1,1,1,1,0,1,Service Residence,Freehold,Non Bumi Lot,Medium,Selangor,Amara Service Residences,Jaya Megah Development Sdn Bhd,Batu Caves
103785827,275000,874.0,3.0,2.0,1.0,4,1,0,1,0,1,1,0,,,11.0,,683.0,1,0,0,0,1,0,0,Apartment,Leasehold,Non Bumi Lot,Low,Selangor,Desa Tanjung Apartment,Unknown,Puchong
102937084,265000,700.0,3.0,1.0,1.0,6,0,0,0,0,0,0,0,,,17.0,,236.0,1,0,1,0,1,0,0,Flat,Freehold,Non Bumi Lot,Low,Putrajaya,Pangsapuri Putra Damai,Putrajaya Homes Sdn Bhd,Putrajaya
102964752,330000,873.0,2.0,1.0,1.0,0,0,0,0,0,0,0,0,,,,,266.0,0,0,0,0,0,1,1,Condominium,Leasehold,Non Bumi Lot,High,Johor,One Medini Condominium,Unknown,Johor Bahru
102725391,450000,1900.0,3.0,3.0,3.0,12,1,0,0,1,0,0,0,2014.0,12.0,23.0,744.0,906.0,1,1,1,1,1,0,0,Service Residence,Freehold,Non Bumi Lot,High,Selangor,Amara Service Residences,Jaya Megah Development Sdn Bhd,Batu Caves
102052545,450000,770.0,1.0,1.0,1.0,8,0,0,0,0,0,0,0,,,,,566.0,1,1,1,1,1,0,0,Others,Leasehold,Non Bumi Lot,Unknown,Negeri Sembilan,Lexis Hibiscus,Unknown,Port Dickson
102917500,270000,926.0,3.0,2.0,1.0,8,0,0,0,0,0,0,0,,,14.0,340.0,721.0,1,1,0,1,1,0,0,Apartment,Freehold,Bumi Lot,Unknown,Selangor,Taman Bukit Pelangi (Shah Alam),Asia Kreatif Sdn. Bhd.,Shah Alam
103318000,300000,1100.0,2.0,2.0,1.0,10,0,0,1,0,1,1,0,,,20.0,320.0,555.0,1,1,1,1,1,0,0,Condominium,Freehold,Non Bumi Lot,Medium,Kuala Lumpur,Bukit Pandan Kondominium 1,Unknown,Kuala Lumpur
101967616,420000,1062.0,4.0,2.0,1.0,8,1,1,0,1,1,1,0,2005.0,21.0,25.0,588.0,1534.0,1,1,1,0,1,0,0,Service Residence,Freehold,Non Bumi Lot,Unknown,Selangor,Casa Subang,Casa Andaman Sdn Bhd,Subang Jaya
103685223,465000,887.0,3.0,2.0,1.0,5,0,0,0,0,0,0,0,,,,808.0,188.0,1,1,1,1,0,0,1,Condominium,Freehold,Non Bumi Lot,Medium,Penang,"Spring & Summer Tower, All Seasons Park",Belleview Group,Ayer Itam
102725192,538000,1295.0,3.0,2.0,2.0,13,0,0,0,0,0,0,0,2015.0,11.0,6.0,225.0,219.0,1,1,1,1,1,0,0,Condominium,Freehold,Non Bumi Lot,Unknown,Penang,Setia Tri-Angle Residential Condominiums,Setia Promenade Sdn Bhd (SP Setia),Bayan Lepas
103607063,328000,1250.0,4.0,3.0,1.0,12,0,0,0,0,0,0,0,,,,,280.0,1,1,0,1,1,0,0,Apartment,Freehold,Non Bumi Lot,Low,Johor,Mewah View Luxurious Apartments,Unknown,Johor Bahru
103468768,450000,887.0,3.0,2.0,1.0,10,0,0,0,0,0,0,0,2013.0,13.0,30.0,808.0,180.0,1,1,1,1,1,0,0,Condominium,Freehold,Non Bumi Lot,Low,Penang,All Seasons Park,Belleview Group,Ayer Itam
102984559,750000,1288.0,3.0,3.0,2.0,10,0,0,0,0,0,0,0,2013.0,13.0,30.0,808.0,467.0,1,1,1,1,1,0,0,Condominium,Freehold,Non Bumi Lot,Unknown,Penang,All Seasons Park,Belleview Group,Ayer Itam
103053777,495000,887.0,3.0,2.0,2.0,10,0,0,0,0,0,0,0,2013.0,13.0,30.0,808.0,236.0,1,1,1,1,1,0,0,Condominium,Freehold,Non Bumi Lot,Medium,Penang,All Seasons Park,Belleview Group,Ayer Itam
102888198,355000,950.0,3.0,2.0,1.0,6,1,1,0,0,0,0,0,,,15.0,,986.0,0,1,1,0,1,1,0,Apartment,Leasehold,Bumi Lot,Low,Kuala Lumpur,Mawar Sari,Unknown,Kuala Lumpur
103785652,229000,844.0,3.0,2.0,1.0,5,0,0,0,0,0,0,0,,,,,909.0,1,1,0,0,1,0,0,Apartment,Leasehold,Bumi Lot,Medium,Selangor,Intana Ria,Unknown,Bangi
103245356,288000,800.0,3.0,2.0,1.0,2,0,0,0,0,0,0,0,1994.0,32.0,6.0,672.0,169.0,0,1,0,0,0,0,0,Apartment,Leasehold,Non Bumi Lot,Medium,Penang,Tanjung Court,Unknown,Ayer Itam
103356892,330000,800.0,3.0,2.0,1.0,2,0,0,0,0,0,0,0,1994.0,32.0,6.0,672.0,185.0,0,1,0,0,0,0,1,Apartment,Leasehold,Non Bumi Lot,Low,Penang,Tanjung Court,Unknown,Ayer Itam
100177679,234000,900.0,3.0,2.0,1.0,2,0,0,0,0,0,0,0,2003.0,23.0,5.0,,810.0,1,0,0,0,0,0,0,Apartment,Leasehold,Bumi Lot,High,Selangor,Seri Baiduri Apartment (Bukit Indah),Unknown,Ampang
102434100,1150000,2335.0,4.0,3.0,4.0,14,0,0,0,0,0,0,0,2011.0,15.0,38.0,420.0,295.0,1,1,1,1,1,0,0,Condominium,Freehold,Non Bumi Lot,Unknown,Penang,Boulevard Condominium (BLVD),Reka Indah Development Sdn Bhd,Ayer Itam
103785761,1080000,1507.0,4.0,3.0,3.0,12,1,0,0,1,0,0,0,2020.0,6.0,31.0,660.0,1920.0,1,1,1,1,1,1,1,Service Residence,Leasehold,Non Bumi Lot,Medium,Selangor,SqWhere,Selangor Dredging Berhad,Sungai Buloh
103785760,750000,1250.0,3.0,3.0,2.0,11,0,0,0,0,0,0,0,2015.0,11.0,36.0,981.0,1808.0,1,1,1,1,1,0,1,Condominium,Freehold,Non Bumi Lot,Medium,Kuala Lumpur,Scenaria North Kiara,UOA Group,Kuala Lumpur
103785759,850000,1500.0,4.0,3.0,2.0,12,0,0,0,0,0,0,0,,,,,1510.0,1,1,1,1,1,1,1,Condominium,Freehold,Non Bumi Lot,Low,Kuala Lumpur,Casa Kiara 2,Unknown,Kuala Lumpur
103785758,890000,1319.0,3.0,2.0,2.0,12,1,1,0,0,1,1,1,2017.0,9.0,29.0,369.0,1969.0,1,1,1,1,1,1,1,Condominium,Freehold,Non Bumi Lot,High,Kuala Lumpur,Anjali @ North Kiara,Tago (Malaysia) Sdn. Bhd.,Kuala Lumpur
102460506,338000,775.0,3.0,2.0,1.0,6,1,0,0,1,1,1,0,2006.0,20.0,18.0,200.0,778.0,1,1,1,0,1,0,0,Apartment,Leasehold,Bumi Lot,Low,Selangor,Mentari Court,Mentari Group,Petaling Jaya
103779946,210000,711.0,3.0,2.0,1.0,2,0,0,0,0,0,0,0,,,,,312.0,0,0,1,0,0,0,0,Flat,Leasehold,Bumi Lot,Unknown,Selangor,Rumah Pangsa Saga (Saga Suria),Unknown,Ampang
103785752,249900,861.0,2.0,2.0,1.0,3,0,0,0,0,0,0,0,,,,,59.0,0,1,1,0,0,0,0,Condominium,Leasehold,Non Bumi Lot,Medium,Melaka,Casa Lago,Unknown,Melaka City
103785737,320000,800.0,3.0,2.0,1.0,8,0,0,0,0,0,0,0,1999.0,27.0,,224.0,82.0,1,1,1,1,1,0,0,Apartment,Freehold,Non Bumi Lot,Medium,Penang,Desamas Melur,Unknown,Sungai Ara
101349330,150000,560.0,3.0,1.0,1.0,1,0,0,0,0,0,0,0,,,,,528.0,0,0,0,0,1,0,0,Flat,Leasehold,Bumi Lot,Low,Selangor,Taman Puchong Perdana,Unknown,Puchong
102679369,240000,910.0,3.0,2.0,1.0,8,0,1,0,1,0,0,1,2007.0,19.0,15.0,,617.0,1,1,1,0,1,0,0,Apartment,Freehold,Non Bumi Lot,Low,Selangor,Sri Ria Apartments,TLS Group,Kajang
99150727,85000,620.0,2.0,1.0,1.0,0,0,0,0,0,0,0,0,,,,,401.0,0,0,0,0,0,0,0,Flat,Freehold,Non Bumi Lot,Medium,Selangor,Taman Restu,Unknown,Kajang
101997596,400000,1100.0,3.0,2.0,2.0,10,1,0,0,0,1,1,0,2004.0,22.0,25.0,1220.0,707.0,1,1,1,1,1,0,1,Condominium,Freehold,Non Bumi Lot,Low,Kuala Lumpur,Sri Putramas,Mayland,Kuala Lumpur
103762576,370000,737.0,1.0,1.0,1.0,10,1,0,0,0,0,1,0,1998.0,28.0,16.0,239.0,2478.0,1,1,1,1,1,1,0,Service Residence,Leasehold,Bumi Lot,Medium,Selangor,Sri Acappella Serviced Apartments,Equipark Sdn. Bhd.,Shah Alam
102427847,240000,840.0,3.0,1.0,1.0,1,0,0,0,0,0,0,0,1996.0,30.0,11.0,,676.0,0,0,0,0,0,0,1,Apartment,Leasehold,Non Bumi Lot,Medium,Penang,Mayang Apartment (Bayan Baru),Unknown,Bayan Lepas
103618862,215000,650.0,3.0,2.0,1.0,4,0,0,0,0,0,0,0,2014.0,12.0,,,621.0,0,1,0,0,1,0,0,Apartment,Freehold,Non Bumi Lot,Medium,Penang,I-Park Apartment,Ideal Property Group,Sungai Ara
103693017,320000,1130.0,3.0,2.0,1.0,7,0,0,0,0,0,0,0,2006.0,20.0,5.0,414.0,739.0,1,1,1,1,1,0,0,Apartment,Leasehold,Bumi Lot,Low,Selangor,Andari Townvilla,Dergahayu Sdn Bhd,Gombak
102430264,780000,2650.0,5.0,4.0,1.0,2,0,0,0,0,0,0,0,,,5.0,,247.0,1,1,0,0,0,1,1,Condominium,Freehold,Non Bumi Lot,Medium,Johor,Palm Gardens,Unknown,Johor Bahru
103606336,210000,1001.0,3.0,2.0,1.0,0,0,0,0,0,0,0,0,,,4.0,,286.0,0,0,0,0,0,0,0,Apartment,Leasehold,Non Bumi Lot,Medium,Johor,Lily & Jasmine,Unknown,Johor Bahru
101057846,498000,1300.0,4.0,2.0,2.0,11,1,1,0,1,1,1,0,2004.0,22.0,15.0,675.0,1109.0,1,1,1,1,1,0,1,Condominium,Leasehold,Non Bumi Lot,Low,Selangor,Suriamas,HR GROUP,Bandar Sunway
103785465,250000,700.0,3.0,2.0,1.0,3,0,0,0,0,0,0,0,2005.0,21.0,22.0,,292.0,0,1,0,0,1,1,0,Apartment,Leasehold,Non Bumi Lot,Unknown,Penang,Sri Impian Apartment,Unknown,Ayer Itam
103785461,325000,1017.0,3.0,2.0,1.0,5,0,0,0,0,0,0,0,,,9.0,,683.0,1,1,1,0,0,0,1,Apartment,Freehold,Non Bumi Lot,Medium,Selangor,Puncak Baiduri Apartment,Unknown,Cheras
103785555,650000,809.0,2.0,1.0,1.0,9,0,0,0,1,1,0,1,2018.0,8.0,,247.0,390.0,1,1,1,1,1,1,0,Service Residence,Freehold,Bumi Lot,Low,Selangor,D'Sara Sentral Serviced Residence,Mah Sing Group Berhad,Sungai Buloh
103245284,598000,1087.0,3.0,2.0,2.0,14,0,0,0,0,0,0,0,2011.0,15.0,38.0,420.0,205.0,1,1,1,1,1,0,1,Condominium,Freehold,Non Bumi Lot,High,Penang,Boulevard Condominium (BLVD),Reka Indah Development Sdn Bhd,Ayer Itam
103070459,298000,800.0,3.0,2.0,2.0,2,0,0,0,0,0,0,0,1994.0,32.0,6.0,672.0,193.0,0,1,0,0,0,0,0,Apartment,Leasehold,Non Bumi Lot,Medium,Penang,Tanjung Court,Unknown,Ayer Itam
102440656,298000,800.0,3.0,2.0,2.0,2,0,0,0,0,0,0,0,1994.0,32.0,6.0,672.0,217.0,0,1,0,0,0,0,0,Apartment,Leasehold,Non Bumi Lot,Unknown,Penang,Tanjung Court,Unknown,Ayer Itam
102434103,498000,936.0,3.0,2.0,2.0,14,0,0,0,0,0,0,0,2011.0,15.0,38.0,420.0,425.0,1,1,1,1,1,0,0,Condominium,Freehold,Non Bumi Lot,Unknown,Penang,Boulevard Condominium (BLVD),Reka Indah Development Sdn Bhd,Ayer Itam
103677615,988000,1365.0,2.0,3.0,1.0,10,0,0,0,0,0,0,0,,,,174.0,224.0,1,1,1,1,1,1,0,Service Residence,Freehold,Non Bumi Lot,High,Penang,Jazz Residences,Sure Commerce Sdn Bhd,Tanjong Tokong
102982710,498000,936.0,3.0,2.0,3.0,14,0,0,0,0,0,0,0,2011.0,15.0,38.0,420.0,205.0,1,1,1,1,1,0,0,Condominium,Freehold,Non Bumi Lot,Unknown,Penang,Boulevard Condominium (BLVD),Reka Indah Development Sdn Bhd,Ayer Itam
102943672,508800,930.0,3.0,2.0,1.0,7,0,0,0,0,0,0,0,2024.0,2.0,23.0,254.0,1105.0,1,1,1,1,1,0,0,Condominium,Leasehold,Bumi Lot,High,Sabah,SkyMillion Residence @ Nosoob,Rich Millionway Sdn Bhd,Penampang
103228865,395000,1405.0,3.0,2.0,1.0,8,0,0,0,0,0,0,0,2004.0,22.0,18.0,304.0,892.0,1,1,1,0,1,1,1,Condominium,Leasehold,Bumi Lot,Medium,Selangor,Villa Lagenda,Regal Form Sdn Bhd,Batu Caves
103785517,680000,1372.0,3.0,2.0,2.0,11,0,1,0,1,0,1,1,2015.0,11.0,14.0,539.0,690.0,1,1,0,1,1,1,1,Condominium,Freehold,Non Bumi Lot,Unknown,Selangor,Hijauan Saujana,Esquire Corner Sdn Bhd,Shah Alam
102545215,820000,1302.0,4.0,2.0,3.0,9,0,0,0,0,0,0,0,2016.0,10.0,17.0,91.0,326.0,1,1,0,1,1,0,1,Condominium,Freehold,Non Bumi Lot,Unknown,Penang,Straits Garden Residence @ Jelutong,Tambun Indah Land Berhad,Jelutong
102896432,3701000,3701.0,5.0,4.0,3.0,11,0,0,0,0,0,0,0,,,18.0,,1001.0,1,1,0,1,1,0,0,Condominium,Leasehold,Non Bumi Lot,High,Sabah,The Peak Vista,SBC Corporation Berhad,Kota Kinabalu
102908581,6016000,6016.0,5.0,7.0,4.0,11,0,0,0,0,0,0,0,,,18.0,,1226.0,1,1,0,1,1,0,0,Condominium,Leasehold,Non Bumi Lot,High,Sabah,The Peak Vista,SBC Corporation Berhad,Kota Kinabalu
103184872,635000,1023.0,3.0,2.0,1.0,8,1,1,0,0,1,1,0,2021.0,5.0,63.0,956.0,1240.0,1,1,0,1,1,0,0,Service Residence,Freehold,Non Bumi Lot,Medium,Kuala Lumpur,The Era,JKG Land Berhad,Kuala Lumpur
103403504,285000,497.0,1.0,1.0,1.0,9,1,1,1,0,0,0,0,,,12.0,240.0,1114.0,1,1,1,0,1,1,0,Apartment,Freehold,Non Bumi Lot,Unknown,Kuala Lumpur,Gaya Apartments,Sime Darby Property Berhad,Kuala Lumpur
103785444,354000,874.0,3.0,2.0,1.0,0,1,0,0,0,1,1,0,2009.0,17.0,13.0,,649.0,0,0,0,0,0,1,0,Condominium,Leasehold,Bumi Lot,Low,Kuala Lumpur,Sentul Utama Condominium,Melati Ehsan Group,Kuala Lumpur
103785370,298000,1000.0,3.0,2.0,1.0,2,0,0,0,0,0,0,0,,,,,487.0,0,1,0,0,0,0,0,Apartment,Freehold,Non Bumi Lot,Medium,Johor,Nusa Perdana Service Apartment,Unknown,Gelang Patah
103785363,530000,1295.0,3.0,2.0,1.0,9,1,0,0,0,1,1,0,2007.0,19.0,36.0,1022.0,974.0,1,1,0,1,1,1,1,Condominium,Freehold,Non Bumi Lot,Low,Kuala Lumpur,Royal Domain Sri Putramas 2,Mayland,Kuala Lumpur
98796275,320000,936.0,3.0,2.0,1.0,9,0,0,0,0,0,0,0,,,23.0,,1193.0,1,1,1,1,1,0,0,Condominium,Freehold,Bumi Lot,Low,Melaka,Langat Jaya,Unknown,Cheras
102899522,250000,947.0,3.0,2.0,1.0,4,0,0,0,0,0,0,0,,,8.0,,1203.0,0,1,1,0,1,0,0,Apartment,Freehold,Non Bumi Lot,Medium,Selangor,Pangsapuri Seri Mewah (Block C),Unknown,Bangi
98797656,380000,938.0,3.0,2.0,1.0,9,1,1,1,0,1,1,0,2000.0,26.0,22.0,659.0,1508.0,1,1,0,1,1,1,1,Condominium,Freehold,Bumi Lot,Low,Kuala Lumpur,Danau Idaman,Faber Union Bhd,Kuala Lumpur
103785433,200000,816.0,3.0,2.0,1.0,3,0,0,0,0,0,0,0,,,,,832.0,0,1,1,0,1,0,1,Apartment,Freehold,Malay Reserved,Low,Negeri Sembilan,Taman Puncak Rasah,Unknown,Rasah
102694938,225000,430.0,2.0,2.0,1.0,5,1,1,0,1,1,0,0,,,,,1101.0,1,1,1,0,1,0,0,Apartment,Freehold,Non Bumi Lot,High,Selangor,Suria Jaya,Ancubic Group,Shah Alam
100275393,400000,657.0,3.0,2.0,1.0,4,0,0,0,0,0,0,0,,,,,645.0,0,1,0,1,1,1,0,Service Residence,Freehold,Non Bumi Lot,Unknown,Unknown,Unknown,Unknown,Unknown
103785417,480000,1100.0,3.0,2.0,2.0,11,0,0,0,0,0,0,1,2017.0,9.0,20.0,424.0,405.0,1,1,1,1,1,0,0,Condominium,Freehold,Non Bumi Lot,Medium,Selangor,Sutera Pines,Smart Niche Sdn Bhd (Joint Venture between Rivertree Group and Imaxland Sdn Bhd),Kajang
103785353,180000,650.0,3.0,2.0,1.0,3,0,0,0,0,0,0,0,,,,,790.0,0,0,1,0,1,0,0,Flat,Leasehold,Non Bumi Lot,Medium,Selangor,Desa Lembah Permai,Unknown,Ampang
103785351,220000,850.0,3.0,2.0,1.0,1,0,0,0,0,0,0,0,,,5.0,,719.0,0,1,0,0,0,0,0,Apartment,Leasehold,Non Bumi Lot,Medium,Kuala Lumpur,Apartment Okid (Bukit Indah),Unknown,Kuala Lumpur
101042108,170000,783.0,3.0,2.0,1.0,0,1,0,0,0,1,0,0,,,,,1456.0,0,0,0,0,0,0,0,Apartment,Leasehold,Bumi Lot,Medium,Selangor,Birchwood Court,Unknown,Rawang
102433514,520000,936.0,3.0,2.0,2.0,14,0,0,0,0,0,0,0,2011.0,15.0,38.0,420.0,406.0,1,1,1,1,1,0,0,Condominium,Freehold,Non Bumi Lot,Unknown,Penang,Boulevard Condominium (BLVD),Reka Indah Development Sdn Bhd,Ayer Itam
103310232,598000,1087.0,3.0,2.0,2.0,14,0,0,0,0,0,0,0,2011.0,15.0,38.0,420.0,207.0,1,1,1,1,1,0,0,Condominium,Freehold,Non Bumi Lot,Medium,Penang,Boulevard Condominium (BLVD),Reka Indah Development Sdn Bhd,Ayer Itam
102434101,700000,1195.0,3.0,2.0,2.0,14,0,0,0,0,0,0,0,2011.0,15.0,38.0,420.0,361.0,1,1,1,1,1,0,0,Condominium,Freehold,Non Bumi Lot,Unknown,Penang,Boulevard Condominium (BLVD),Reka Indah Development Sdn Bhd,Ayer Itam
103245325,530000,936.0,3.0,2.0,2.0,14,0,0,0,0,0,0,0,2011.0,15.0,38.0,420.0,236.0,1,1,1,1,1,0,0,Condominium,Freehold,Non Bumi Lot,Medium,Penang,Boulevard Condominium (BLVD),Reka Indah Development Sdn Bhd,Ayer Itam
102330971,490000,883.0,3.0,2.0,2.0,9,1,0,0,0,1,0,0,2021.0,5.0,33.0,746.0,999.0,1,1,1,1,1,0,0,Service Residence,Leasehold,Non Bumi Lot,Medium,Selangor,LBS Skylake Residence,LBS Bina Group Berhad,Puchong
103785384,418000,1006.0,3.0,2.0,2.0,0,0,0,0,0,0,0,0,,,,,645.0,0,0,0,0,0,0,0,Apartment,Freehold,Non Bumi Lot,Medium,Putrajaya,APARTMENT PR1MA PRESINT 11 (Apartment PR1MA),Unknown,Putrajaya
100950638,970000,1211.0,3.0,3.0,1.0,0,0,0,0,0,0,0,0,,,,,738.0,0,0,0,0,0,1,0,Service Residence,Leasehold,Non Bumi Lot,Unknown,Unknown,Unknown,Unknown,Unknown
98985239,290000,957.0,3.0,2.0,1.0,6,0,0,0,0,0,0,0,,,,,587.0,1,1,0,1,1,0,0,Condominium,Leasehold,Bumi Lot,Low,Unknown,Unknown,Unknown,Unknown
103357536,365000,1173.0,3.0,2.0,1.0,9,0,0,0,0,0,0,0,,,,,1007.0,1,1,1,1,1,1,0,Apartment,Freehold,Non Bumi Lot,High,Perak,Casa Kayangan,Perbadanan Kemajuan Negeri Perak (PKNP),Ipoh
103357913,380000,964.0,3.0,2.0,1.0,10,0,0,0,0,0,0,0,,,,,967.0,1,1,1,1,1,0,0,Condominium,Leasehold,Non Bumi Lot,Medium,Perak,The Cove Hillside Residence,Unknown,Ipoh
103009987,320000,926.0,3.0,2.0,1.0,9,0,1,1,0,0,0,0,2010.0,16.0,22.0,1074.0,2020.0,1,1,1,1,1,1,1,Condominium,Leasehold,Bumi Lot,Medium,Selangor,Magna Ville Condominium,Magna Park Sdn Bhd,Selayang
103785334,255000,850.0,3.0,2.0,1.0,4,0,0,0,0,0,0,0,2009.0,17.0,13.0,,561.0,0,1,0,0,1,0,0,Apartment,Leasehold,Non Bumi Lot,Low,Johor,Larkin Idaman Apartment,Unknown,Johor Bahru
102648738,465000,870.0,3.0,3.0,1.0,8,0,0,0,0,0,0,0,2016.0,10.0,29.0,391.0,214.0,1,1,1,1,1,0,0,Service Residence,Leasehold,Non Bumi Lot,Medium,Sabah,Ashton Tower,SCP Group,Kota Kinabalu
101587176,380000,849.0,1.0,1.0,1.0,6,0,0,0,0,0,0,0,,,,,201.0,1,1,0,1,0,0,0,Condominium,Leasehold,Non Bumi Lot,Medium,Unknown,Unknown,Unknown,Unknown
98987523,220000,925.0,4.0,2.0,1.0,0,0,0,0,0,0,0,0,,,,,1372.0,0,0,0,0,0,0,0,Apartment,Freehold,Bumi Lot,Low,Selangor,Taman Koperasi Maju Jaya,Unknown,Cheras
93173193,395000,1052.0,3.0,2.0,2.0,0,0,0,0,0,0,0,0,,,,,856.0,0,0,0,0,0,0,0,Apartment,Freehold,Non Bumi Lot,Medium,Unknown,Unknown,Unknown,Unknown
101698530,299000,420.0,1.0,1.0,1.0,6,0,0,0,0,0,0,0,,,,,281.0,1,1,0,1,0,0,0,Condominium,Freehold,Non Bumi Lot,High,Unknown,Unknown,Unknown,Unknown
101698991,289000,850.0,3.0,2.0,1.0,0,0,0,0,0,0,0,0,,,,,858.0,0,0,0,0,0,1,0,Apartment,Freehold,Non Bumi Lot,Medium,Unknown,Unknown,Unknown,Unknown
101699738,360000,910.0,3.0,2.0,1.0,8,0,0,0,0,0,0,0,,,,,223.0,1,1,0,1,1,0,0,Condominium,Leasehold,Non Bumi Lot,Medium,Unknown,Unknown,Unknown,Unknown
101977802,220000,746.0,3.0,2.0,1.0,5,0,0,0,0,0,0,0,,,,,1367.0,0,1,1,0,0,0,0,Apartment,Leasehold,Bumi Lot,Low,Selangor,Jelutong Apartment @ Selayang Heights,Unknown,Gombak
98721067,255000,811.0,3.0,2.0,1.0,5,0,0,0,0,0,0,0,,,,,184.0,1,0,0,0,1,0,0,Apartment,Leasehold,Non Bumi Lot,Medium,Unknown,Unknown,Unknown,Unknown
98721264,285000,850.0,3.0,2.0,1.0,3,0,0,0,0,0,0,0,,,,,275.0,0,1,0,0,1,0,0,Apartment,Leasehold,Non Bumi Lot,Medium,Unknown,Unknown,Unknown,Unknown
98525479,308000,1000.0,3.0,2.0,2.0,6,0,0,0,0,0,0,0,,,,,148.0,1,1,1,1,1,0,0,Condominium,Freehold,Non Bumi Lot,Medium,Unknown,Unknown,Unknown,Unknown
79667709,299000,1000.0,3.0,2.0,1.0,6,0,0,0,0,0,0,0,,,,,468.0,1,1,0,1,1,1,0,Condominium,Freehold,Non Bumi Lot,Unknown,Unknown,Unknown,Unknown,Unknown
92554367,228000,900.0,3.0,2.0,1.0,3,0,0,0,0,0,0,0,,,,,1051.0,0,1,0,0,0,0,0,Apartment,Freehold,Non Bumi Lot,Medium,Unknown,Unknown,Unknown,Unknown
89685429,383950,1052.0,3.0,2.0,1.0,2,0,0,0,0,0,0,0,,,,,975.0,0,1,0,0,0,0,0,Condominium,Freehold,Non Bumi Lot,Unknown,Unknown,Unknown,Unknown,Unknown
99985046,320000,915.0,3.0,2.0,1.0,2,0,0,0,1,0,1,0,,,,,1404.0,0,0,0,0,1,0,0,Apartment,Freehold,Non Bumi Lot,Low,Kuala Lumpur,Sri Ehsan Apartment,Unknown,Kuala Lumpur
99985153,235000,600.0,2.0,1.0,1.0,0,1,1,0,1,0,0,0,,,5.0,,1509.0,0,0,0,0,0,0,0,Flat,Freehold,Bumi Lot,Medium,Kuala Lumpur,Flat Taman Melati,Unknown,Kuala Lumpur
101975297,260000,870.0,3.0,2.0,1.0,8,0,0,0,0,0,0,0,,,18.0,,1408.0,1,1,1,1,1,0,1,Apartment,Leasehold,Bumi Lot,High,Selangor,Lakeview Apartments,Unknown,Gombak
103785214,299000,950.0,3.0,2.0,1.0,6,0,0,0,0,0,0,0,2019.0,7.0,,635.0,622.0,1,1,1,0,0,0,0,Apartment,Freehold,Bumi Lot,Medium,Selangor,D'Cerrum Apartment,SP Setia Berhad,Semenyih
103785215,155000,850.0,3.0,2.0,1.0,0,0,0,0,0,0,0,0,2014.0,12.0,4.0,348.0,498.0,0,0,0,0,0,0,1,Flat,Freehold,Non Bumi Lot,Medium,Johor,Sri Intan (Bandar Seri Alam),S P Setia Berhad,Pasir Gudang
101244556,245000,800.0,3.0,2.0,1.0,7,0,0,0,0,0,0,0,2014.0,12.0,4.0,75.0,1063.0,1,1,0,1,1,0,0,Apartment,Freehold,Non Bumi Lot,High,Selangor,Karisma @ Eco Majestic,Eco World Development Group Berhad,Semenyih
101056102,450000,918.0,3.0,2.0,1.0,9,1,1,0,0,1,1,0,1997.0,29.0,15.0,450.0,1798.0,1,1,0,1,1,0,0,Condominium,Leasehold,Non Bumi Lot,Medium,Kuala Lumpur,Danau Impian,Faber Development Holdings,Kuala Lumpur
99986664,290000,860.0,3.0,2.0,1.0,0,0,0,0,0,1,1,0,,,,,1223.0,0,0,0,0,0,0,1,Apartment,Freehold,Non Bumi Lot,High,Selangor,Lili Apartment,Unknown,Shah Alam
100017165,315000,980.0,3.0,2.0,1.0,6,1,0,0,0,1,1,0,,,5.0,,1216.0,0,1,0,0,1,0,0,Apartment,Leasehold,Non Bumi Lot,Low,Selangor,Pangsapuri Mayang (Bandar Kinrara),Unknown,Puchong
103785245,186000,899.0,3.0,2.0,1.0,4,0,0,0,0,0,0,0,,,,,1463.0,0,1,0,0,1,0,0,Apartment,Freehold,Bumi Lot,Medium,Perak,D'Aman Residence,Unknown,Ipoh
103785243,555000,1200.0,3.0,2.0,1.0,7,1,1,0,1,1,1,0,,,6.0,116.0,1357.0,1,1,0,0,1,1,0,Condominium,Freehold,Non Bumi Lot,Low,Kuala Lumpur,Villa OUG,Kumpulan Hartanah,Kuala Lumpur
103785239,395000,1335.0,4.0,2.0,1.0,9,0,0,0,0,0,0,0,2006.0,20.0,17.0,950.0,1118.0,1,1,1,1,1,0,0,Condominium,Freehold,Non Bumi Lot,High,Kuala Lumpur,Platinum Hill PV 5,Platinum Victory Development Sdn Bhd,Kuala Lumpur
103169503,275000,778.0,3.0,2.0,1.0,3,0,0,0,0,0,0,0,2005.0,21.0,7.0,1274.0,883.0,0,1,1,0,1,0,0,Apartment,Leasehold,Bumi Lot,Low,Selangor,Pangsapuri Subang Suria,Agmal Development Sdn Bhd,Shah Alam
103664187,415000,1350.0,4.0,2.0,1.0,4,0,0,0,0,0,0,0,2015.0,11.0,4.0,96.0,614.0,1,1,0,0,1,1,1,Apartment,Leasehold,Non Bumi Lot,High,Sabah,Delta Heights,Golden Addition Sdn. Bhd. (Delta Group),Kota Kinabalu
103661229,650000,1824.0,4.0,4.0,1.0,6,0,0,0,0,0,0,0,,,12.0,168.0,1132.0,1,1,1,1,1,0,0,Condominium,Leasehold,Non Bumi Lot,Medium,Sabah,The Colonnades Condominium,Tokojaya,Kota Kinabalu
103645235,135000,650.0,3.0,2.0,1.0,4,0,0,0,0,0,0,0,,,,,479.0,0,1,0,0,1,0,1,Flat,Freehold,Non Bumi Lot,Medium,Johor,Bandar Baru Permas Jaya,Unknown,Permas Jaya
102001528,310000,877.0,3.0,2.0,1.0,9,1,0,0,0,1,1,0,2009.0,17.0,13.0,,727.0,1,1,1,1,1,1,0,Condominium,Leasehold,Bumi Lot,Low,Kuala Lumpur,Sentul Utama Condominium,Melati Ehsan Group,Kuala Lumpur
102528106,780000,1484.0,3.0,3.0,2.0,8,0,0,0,0,0,0,0,2014.0,12.0,,135.0,510.0,1,1,1,1,1,0,0,Condominium,Leasehold,Non Bumi Lot,Medium,Sabah,Jade Residence,Unknown,Kota Kinabalu
103559029,350000,872.0,3.0,2.0,1.0,4,1,1,1,1,1,1,0,,,5.0,,1084.0,0,1,0,0,1,0,0,Apartment,Freehold,Non Bumi Lot,Low,Selangor,Goodyear Court 1,Goodyear Management,Subang Jaya
99986793,280000,953.0,3.0,2.0,1.0,7,0,0,0,0,0,0,0,,,,,1105.0,1,1,1,0,1,1,0,Apartment,Freehold,Non Bumi Lot,Medium,Selangor,Vistana Mahkota,Unknown,Bandar Mahkota Cheras
103785113,180000,850.0,3.0,2.0,1.0,5,0,0,0,0,0,0,0,2014.0,12.0,4.0,348.0,527.0,1,1,0,0,1,0,1,Flat,Freehold,Non Bumi Lot,Medium,Johor,Sri Intan (Bandar Seri Alam),S P Setia Berhad,Pasir Gudang
103560885,429000,1350.0,4.0,3.0,1.0,2,0,0,0,0,0,0,0,,,13.0,198.0,957.0,0,0,0,0,0,0,0,Condominium,Freehold,Non Bumi Lot,Low,Penang,Residensi Pauh Armani,Golden Village Properties Sdn. Bhd.,Seberang Jaya
103433826,199000,657.0,2.0,1.0,1.0,3,0,0,0,0,0,0,0,1996.0,30.0,15.0,438.0,831.0,0,1,0,0,1,0,1,Apartment,Leasehold,Bumi Lot,Medium,Kuala Lumpur,Desa Tun Razak Apartment,CRSC Group,Kuala Lumpur
103741989,300000,1185.0,3.0,2.0,2.0,0,0,0,0,0,0,0,0,,,,,972.0,0,0,0,0,0,0,0,Apartment,Freehold,Bumi Lot,Low,Selangor,Embun Residence,Unknown,Kajang
103785103,198000,850.0,3.0,2.0,1.0,5,0,0,0,0,0,0,0,2014.0,12.0,4.0,348.0,497.0,1,1,0,0,1,0,1,Flat,Freehold,Non Bumi Lot,Low,Johor,Sri Intan (Bandar Seri Alam),S P Setia Berhad,Pasir Gudang
103785082,600000,1090.0,3.0,2.0,1.0,8,0,0,0,0,0,0,0,,,16.0,,492.0,1,1,1,1,1,1,0,Condominium,Leasehold,Non Bumi Lot,High,Sabah,Alam Damai Condominium,Wah Mie Group,Kota Kinabalu
103785081,174000,689.0,3.0,2.0,1.0,0,0,0,0,0,0,0,0,1992.0,34.0,17.0,3.0,533.0,0,0,0,0,0,0,0,Apartment,Freehold,Non Bumi Lot,Low,Penang,Desa Delima,Unknown,Ayer Itam
102893091,180000,657.0,3.0,1.0,1.0,4,1,0,0,0,0,1,0,,,,,714.0,0,0,0,0,1,0,0,Apartment,Leasehold,Non Bumi Lot,Low,Selangor,Pangsapuri Aman,Unknown,Puchong
103785090,1700000,1755.0,3.0,3.0,1.0,7,0,0,0,0,0,0,0,2014.0,12.0,9.0,631.0,554.0,1,1,1,1,1,1,0,Service Residence,Leasehold,Non Bumi Lot,Low,Sabah,The Loft Residence,Syarikat Kapasi (Asian Pac),Kota Kinabalu
103785074,554000,1765.0,3.0,3.0,1.0,7,1,0,0,1,0,0,0,2020.0,6.0,31.0,660.0,700.0,1,1,0,1,1,0,0,Service Residence,Leasehold,Non Bumi Lot,Medium,Selangor,SqWhere,Selangor Dredging Berhad,Sungai Buloh
100997899,155000,798.0,3.0,2.0,1.0,7,0,0,0,0,0,0,0,,,,,1027.0,0,1,1,0,1,0,0,Apartment,Freehold,Bumi Lot,Low,Perak,Bukit Permata Apartment,Unknown,Lumut
102284833,195000,750.0,2.0,3.0,1.0,7,0,0,0,0,0,0,0,,,18.0,,1844.0,0,1,1,0,1,0,0,Apartment,Freehold,Non Bumi Lot,Medium,Selangor,Pangsapuri Gapura Bayu,Unknown,Kajang
103217208,490000,774.0,3.0,2.0,2.0,9,0,0,0,1,0,1,0,2016.0,10.0,36.0,630.0,1416.0,1,1,0,1,1,0,0,Service Residence,Leasehold,Non Bumi Lot,Medium,Kuala Lumpur,Shamelin Star,Landmark Zone Sdn. Bhd.,Kuala Lumpur
101862624,335000,884.0,3.0,2.0,1.0,3,0,0,0,0,0,0,0,,,,,379.0,0,1,0,0,1,0,0,Apartment,Freehold,Bumi Lot,Medium,Kuala Lumpur,Mahasa Villa,Unknown,Kuala Lumpur
101794757,255000,815.0,3.0,2.0,1.0,0,0,0,0,0,0,0,0,,,,,747.0,0,0,0,0,0,0,0,Apartment,Leasehold,Non Bumi Lot,Medium,Selangor,Taman Tun Teja,Unknown,Rawang
103785021,578000,1300.0,3.0,2.0,1.0,3,0,0,0,0,0,0,0,,,,,402.0,1,1,0,0,0,1,0,Condominium,Leasehold,Non Bumi Lot,Medium,Sabah,Pearl Tower,Unknown,Kota Kinabalu
103785028,1420000,2236.0,4.0,4.0,1.0,5,0,0,0,0,0,0,0,2007.0,19.0,,73.0,348.0,1,1,0,1,0,0,0,Condominium,Leasehold,Non Bumi Lot,Medium,Sabah,Puteri Damai,Unknown,Kota Kinabalu
103473643,325000,1044.0,3.0,2.0,1.0,6,1,1,0,1,1,1,0,2004.0,22.0,5.0,200.0,984.0,1,1,1,0,1,1,0,Apartment,Leasehold,Non Bumi Lot,Medium,Selangor,Pangsapuri Kayangan,Suncity Bhd,Bandar Sunway
103784995,200000,450.0,1.0,1.0,1.0,14,0,0,0,0,0,0,0,2017.0,9.0,38.0,1424.0,1628.0,1,1,1,1,1,1,0,Service Residence,Freehold,Non Bumi Lot,Medium,Selangor,CyberSquare SOHO,Binastra Land Sdn. Bhd.,Cyberjaya
100341723,460000,1100.0,3.0,2.0,1.0,14,0,0,0,0,0,0,0,2016.0,10.0,,944.0,530.0,1,1,1,1,1,0,1,Condominium,Leasehold,Non Bumi Lot,Medium,Johor,M Condominium @ Larkin,MB Group,Johor Bahru
102870638,710000,1307.0,4.0,3.0,2.0,7,0,0,0,0,0,0,0,,,28.0,390.0,282.0,1,1,0,1,1,1,1,Condominium,Freehold,Non Bumi Lot,Medium,Penang,Surin,Symphony Life Berhad,Tanjung Bungah
103784980,548000,1561.0,4.0,4.0,3.0,10,0,0,0,0,0,0,0,2020.0,6.0,32.0,632.0,536.0,1,1,1,1,1,0,0,Condominium,Freehold,Non Bumi Lot,Unknown,Penang,Ferringhi Residence 2,Uptrend Housing Development Sdn Bhd (Mah Sing Group Berhad),Batu Ferringhi
103784958,460000,590.0,1.0,1.0,1.0,11,1,1,1,1,1,1,0,2012.0,14.0,38.0,1033.0,588.0,1,1,1,1,1,0,1,Service Residence,Freehold,Non Bumi Lot,High,Kuala Lumpur,Regalia Residence,Mayland Group,Kuala Lumpur
102098867,450000,1068.0,3.0,2.0,1.0,1,0,0,0,0,0,0,0,2016.0,10.0,,944.0,450.0,0,0,0,0,0,1,0,Condominium,Leasehold,Non Bumi Lot,High,Johor,M Condominium @ Larkin,MB Group,Johor Bahru
102098877,445000,1068.0,3.0,2.0,1.0,1,0,0,0,0,0,0,0,2016.0,10.0,,944.0,440.0,0,0,0,0,0,1,0,Condominium,Leasehold,Non Bumi Lot,Medium,Johor,M Condominium @ Larkin,MB Group,Johor Bahru
82551350,360000,1100.0,3.0,2.0,1.0,9,0,0,0,0,0,0,0,2006.0,20.0,16.0,512.0,500.0,1,1,1,1,1,0,1,Apartment,Leasehold,Non Bumi Lot,High,Johor,Bistari Impian Apartment,Unknown,Johor Bahru
102574725,470000,1390.0,4.0,2.0,2.0,11,0,0,0,0,0,0,0,2014.0,12.0,21.0,460.0,551.0,1,1,1,1,1,0,0,Service Residence,Freehold,Non Bumi Lot,Low,Johor,Austin Suites,Mah Sing Group Berhad,Johor Bahru
103784914,2368000,2368.0,4.0,4.0,3.0,14,1,1,1,1,1,0,0,2009.0,17.0,,77.0,507.0,1,1,1,1,1,1,1,Condominium,Freehold,Non Bumi Lot,Medium,Kuala Lumpur,U-Thant Residence,Tan & Tan Developments Berhad,Kuala Lumpur
102874027,390000,1224.0,3.0,2.0,1.0,0,0,0,0,0,0,0,0,,,18.0,,562.0,0,0,0,0,0,0,0,Condominium,Freehold,Non Bumi Lot,Low,Kuala Lumpur,Vista Komanwel A,Unknown,Kuala Lumpur
102844096,260000,1030.0,3.0,2.0,1.0,8,0,1,1,0,0,0,0,2010.0,16.0,22.0,1074.0,640.0,1,1,0,1,1,0,0,Condominium,Leasehold,Non Bumi Lot,Medium,Selangor,Magna Ville Condominium,Magna Park Sdn Bhd,Selayang
102873978,270000,689.0,2.0,1.0,1.0,4,1,1,0,1,0,1,0,2000.0,26.0,11.0,1240.0,653.0,0,1,0,0,1,0,0,Condominium,Freehold,Non Bumi Lot,High,Kuala Lumpur,Arena Green,Berjaya Land,Kuala Lumpur
102844024,340000,800.0,3.0,2.0,1.0,4,1,1,0,1,0,1,0,2000.0,26.0,11.0,1240.0,710.0,0,1,0,0,1,0,1,Condominium,Freehold,Non Bumi Lot,Low,Kuala Lumpur,Arena Green,Berjaya Land,Kuala Lumpur
102124597,65000,550.0,2.0,1.0,1.0,0,0,0,0,0,0,0,0,,,,,230.0,0,0,0,0,0,0,0,Flat,Freehold,Non Bumi Lot,High,Selangor,Bandar Teknologi Kajang Flat,Unknown,Semenyih
102308247,400000,947.0,3.0,2.0,1.0,0,0,0,0,0,0,0,0,,,,,1965.0,0,0,0,0,0,1,1,Service Residence,Leasehold,Bumi Lot,Low,Johor,The Aliff Residences,MB Group,Johor Bahru
103401844,185000,531.0,2.0,1.0,1.0,0,1,1,1,1,0,0,0,,,,,890.0,0,0,0,0,0,0,0,Flat,Leasehold,Bumi Lot,Medium,Kuala Lumpur,Seksyen 1 Wangsa Maju Flat,Unknown,Kuala Lumpur
103784889,280000,710.0,3.0,2.0,1.0,0,0,0,0,0,0,0,0,,,5.0,40.0,189.0,0,0,0,0,0,0,0,Apartment,Leasehold,Non Bumi Lot,Unknown,Selangor,Apartment Bayu,Unknown,Petaling Jaya
103627484,380000,1100.0,3.0,2.0,1.0,5,1,1,1,0,1,1,0,,,11.0,60.0,863.0,1,1,1,0,1,0,0,Condominium,Freehold,Non Bumi Lot,Medium,Selangor,Subang Ville Aman Luxury,Unknown,Petaling Jaya
103784875,300000,732.0,3.0,2.0,1.0,3,0,0,0,0,0,0,0,1997.0,29.0,5.0,160.0,351.0,0,1,0,0,1,0,0,Apartment,Freehold,Non Bumi Lot,Medium,Penang,Taman Cemerlang,Unknown,Jelutong
103256081,600000,760.0,2.0,1.0,2.0,7,0,0,0,0,0,0,0,2021.0,5.0,24.0,1235.0,205.0,1,1,0,1,1,0,1,Condominium,Freehold,Non Bumi Lot,Unknown,Penang,QuayWest Residence,Asia Green Group,Batu Uban
103784867,400000,1100.0,3.0,2.0,1.0,9,1,0,0,0,1,1,0,2004.0,22.0,25.0,1220.0,186.0,1,1,0,1,1,0,0,Condominium,Freehold,Non Bumi Lot,Unknown,Kuala Lumpur,Sri Putramas,Mayland,Kuala Lumpur
103784860,340000,845.0,2.0,2.0,1.0,11,1,0,0,1,1,0,0,,,,,666.0,1,1,1,1,1,0,0,Service Residence,Freehold,Non Bumi Lot,Medium,Kuala Lumpur,Razak City Residences,Razak City Residences,Kuala Lumpur
103784859,135000,657.0,3.0,2.0,1.0,0,0,0,0,0,0,0,0,,,,,599.0,0,0,0,0,0,0,1,Flat,Freehold,Bumi Lot,High,Johor,Tasek Seri Alam,Unknown,Pasir Gudang
102514170,575000,1050.0,3.0,2.0,2.0,8,0,1,0,0,1,1,1,,,40.0,558.0,494.0,1,1,1,1,1,1,1,Service Residence,Leasehold,Non Bumi Lot,Medium,Kuala Lumpur,Legend Height,JL99 Group,Kuala Lumpur
102168088,920000,950.0,2.0,2.0,2.0,0,0,0,0,0,0,0,0,2022.0,4.0,,450.0,223.0,0,0,0,0,0,0,1,Condominium,Freehold,Non Bumi Lot,Unknown,Penang,Queens Residences @ Queens Waterfront,Ideal Property Group,Bayan Lepas
103089474,1200000,950.0,2.0,2.0,2.0,0,0,0,0,0,0,0,0,2022.0,4.0,,450.0,213.0,0,0,0,0,0,0,0,Condominium,Freehold,Non Bumi Lot,Unknown,Penang,Queens Residences @ Queens Waterfront,Ideal Property Group,Bayan Lepas
103687001,930000,950.0,2.0,3.0,2.0,0,0,0,0,0,0,0,0,2022.0,4.0,,450.0,318.0,0,0,0,0,0,0,0,Condominium,Freehold,Non Bumi Lot,Unknown,Penang,Queens Residences @ Queens Waterfront,Ideal Property Group,Bayan Lepas
103710471,290000,1055.0,3.0,2.0,2.0,14,0,0,0,0,0,0,0,,,,,775.0,1,1,1,1,1,0,0,Apartment,Freehold,Bumi Lot,High,Selangor,Puncak Saujana,Unknown,Kajang
103540572,538000,1300.0,3.0,2.0,2.0,13,0,0,0,0,0,0,0,2015.0,11.0,6.0,225.0,163.0,1,1,1,1,1,0,1,Condominium,Freehold,Non Bumi Lot,Unknown,Penang,Setia Tri-Angle Residential Condominiums,Setia Promenade Sdn Bhd (SP Setia),Bayan Lepas
103784826,230000,850.0,3.0,2.0,1.0,14,0,0,1,0,1,0,0,,,,536.0,892.0,1,1,1,1,1,0,0,Apartment,Freehold,Bumi Lot,High,Selangor,Alam Budiman (Sri Budiman),SHL Consolidated Berhad,Setia Alam
103602192,380000,1533.0,4.0,2.0,1.0,8,0,0,0,0,0,0,0,1996.0,30.0,18.0,500.0,736.0,1,1,1,1,0,0,0,Condominium,Freehold,Bumi Lot,Medium,Kuala Lumpur,Sri Suajaya Condominiums,Unknown,Kuala Lumpur
103784848,173000,460.0,1.0,1.0,1.0,9,0,0,0,0,0,0,0,2004.0,22.0,21.0,,633.0,1,1,1,1,1,0,1,Condominium,Leasehold,Non Bumi Lot,Medium,Selangor,Vista Impiana,LBS Bina Group Berhad,Seri Kembangan
103784825,132000,730.0,3.0,2.0,1.0,0,0,0,0,0,0,0,0,,,,,387.0,0,0,0,0,0,0,0,Flat,Freehold,Non Bumi Lot,High,Johor,Taman Maluri (Ulu Tiram),Unknown,Ulu Tiram
101487643,260000,950.0,3.0,2.0,2.0,14,0,0,0,0,0,0,0,2019.0,7.0,,635.0,758.0,1,1,1,1,1,0,0,Apartment,Freehold,Bumi Lot,High,Selangor,D'Cerrum Apartment,SP Setia Berhad,Semenyih
102104680,250000,750.0,3.0,2.0,1.0,13,0,0,0,0,0,0,0,,,,,953.0,0,1,1,1,1,0,0,Apartment,Freehold,Bumi Lot,Low,Selangor,De Cendana,Unknown,Setia Alam
101629558,315000,856.0,2.0,2.0,1.0,14,1,0,0,0,1,1,0,2017.0,9.0,36.0,1338.0,892.0,1,1,1,1,1,0,0,Service Residence,Leasehold,Non Bumi Lot,High,Kuala Lumpur,Maxim Citilights,Meridian Maxim Sdn Bhd,Kuala Lumpur
101805212,180000,850.0,3.0,2.0,1.0,14,0,0,0,0,0,0,0,,,,891.0,789.0,1,1,1,1,1,0,0,Apartment,Leasehold,Bumi Lot,High,Selangor,Laguna Biru,SPNB,Rawang
103523951,560000,947.0,3.0,2.0,2.0,9,0,0,0,0,0,0,0,2017.0,9.0,22.0,396.0,160.0,0,1,0,1,1,0,1,Condominium,Leasehold,Non Bumi Lot,Unknown,Penang,The Spring,IJM LAND BERHAD,Jelutong
103433783,502000,925.0,3.0,2.0,2.0,9,0,0,0,0,0,0,0,2017.0,9.0,22.0,396.0,149.0,0,1,0,1,1,0,0,Condominium,Leasehold,Non Bumi Lot,Unknown,Penang,The Spring,IJM LAND BERHAD,Jelutong
102069787,400000,795.0,2.0,2.0,2.0,5,0,0,0,0,0,0,0,2017.0,9.0,42.0,670.0,168.0,1,1,1,1,0,0,0,Condominium,Freehold,Non Bumi Lot,Unknown,Penang,The Clovers,Asia Green Group,Sungai Ara
103115286,610000,1598.0,3.0,3.0,2.0,5,0,0,0,0,0,0,0,2017.0,9.0,42.0,670.0,170.0,1,1,1,1,0,0,1,Condominium,Freehold,Non Bumi Lot,Unknown,Penang,The Clovers,Asia Green Group,Sungai Ara
103784805,558888,1483.0,3.0,2.0,2.0,11,0,0,0,0,0,0,0,2017.0,9.0,46.0,1134.0,278.0,1,1,1,1,1,1,0,Service Residence,Freehold,Non Bumi Lot,High,Johor,Green Haven @ Kota Puteri,Welton Development Sdn. Bhd.,Masai
102628035,185000,753.0,3.0,2.0,1.0,6,0,0,0,0,0,0,0,,,,,673.0,1,1,1,0,1,0,0,Apartment,Freehold,Non Bumi Lot,Unknown,Selangor,Simfoni @ Eco Majestic,Unknown,Semenyih
103784800,520000,1214.0,3.0,2.0,1.0,12,0,0,0,0,0,0,0,,,,374.0,668.0,1,1,1,1,1,0,0,Service Residence,Freehold,Non Bumi Lot,Medium,Johor,Sky Loft Premium Suites @ Bukit Indah,Setia Promenade Sdn Bhd (SP Setia),Johor Bahru
103278483,290000,1033.0,3.0,2.0,1.0,8,0,0,0,0,0,0,0,,,,228.0,663.0,1,1,1,1,1,0,0,Service Residence,Leasehold,Non Bumi Lot,Unknown,Selangor,Mutiara Residence,Unknown,Seri Kembangan
102843252,230000,850.0,3.0,2.0,2.0,5,1,0,0,0,0,0,0,,,,,697.0,1,1,1,0,1,0,0,Apartment,Leasehold,Non Bumi Lot,Unknown,Selangor,Residensi Laguna Biru 2,Unknown,Rawang
103643389,290000,1033.0,3.0,2.0,1.0,3,1,0,0,0,1,1,0,2014.0,12.0,12.0,228.0,815.0,0,1,0,1,0,0,0,Service Residence,Leasehold,Non Bumi Lot,Unknown,Selangor,Mutiara Residences @ Serdang,Andaman Group,Seri Kembangan
103726720,480000,850.0,3.0,2.0,1.0,6,1,1,0,1,1,1,1,2023.0,3.0,50.0,3600.0,1219.0,1,1,1,1,1,0,0,Condominium,Leasehold,Non Bumi Lot,Unknown,Kuala Lumpur,M Vertica,Mah Sing Group Berhad,Kuala Lumpur
102516357,380000,650.0,2.0,2.0,1.0,7,1,1,0,1,0,0,0,2021.0,5.0,44.0,2136.0,464.0,1,1,1,1,1,1,1,Service Residence,Leasehold,Non Bumi Lot,High,Kuala Lumpur,Majestic Maxim,Maxim Holdings,Kuala Lumpur
103557612,440000,819.0,3.0,2.0,1.0,6,1,1,0,1,0,0,0,2021.0,5.0,44.0,2136.0,510.0,1,1,1,1,1,1,0,Service Residence,Leasehold,Non Bumi Lot,High,Kuala Lumpur,Majestic Maxim,Maxim Holdings,Kuala Lumpur
103347915,750000,1400.0,3.0,2.0,2.0,8,0,0,0,0,0,0,0,2003.0,23.0,25.0,285.0,296.0,1,1,1,1,1,1,1,Condominium,Freehold,Non Bumi Lot,Low,Penang,Tanjung Park Condominium,Unknown,Tanjong Tokong
103478301,311000,850.0,3.0,2.0,2.0,14,0,0,0,0,0,0,0,2021.0,5.0,42.0,1311.0,755.0,1,1,1,1,1,0,0,Condominium,Freehold,Bumi Lot,High,Selangor,Lakefront Homes @ Cyberjaya,LakeFront Residence Sdn Bhd,Cyberjaya
101537686,290000,956.0,3.0,2.0,2.0,14,0,0,0,0,0,0,0,,,,,757.0,1,1,1,1,1,0,0,Service Residence,Freehold,Bumi Lot,High,Selangor,Savanna Executive Suites,Mah Sing Group Berhad,Bangi
101487641,270000,750.0,3.0,2.0,2.0,14,1,0,1,0,0,1,1,,,10.0,360.0,889.0,1,1,1,1,1,0,0,Apartment,Freehold,Bumi Lot,Low,Selangor,Suria Rafflesia,Sunsuria Berhad,Setia Alam
103742278,660000,1012.0,3.0,2.0,2.0,7,0,0,0,0,0,0,0,2011.0,15.0,22.0,531.0,402.0,1,1,0,1,1,1,1,Condominium,Leasehold,Non Bumi Lot,Unknown,Penang,Summer Place,Jelutong Development Sdn. Bhd. (IJM Land),George Town
103760077,615000,1598.0,3.0,3.0,2.0,7,0,0,0,0,0,0,0,2017.0,9.0,42.0,670.0,336.0,1,1,1,1,1,0,0,Condominium,Freehold,Non Bumi Lot,Unknown,Penang,The Clovers,Asia Green Group,Sungai Ara
102165909,499000,1165.0,3.0,2.0,1.0,6,0,0,0,0,0,0,0,2021.0,5.0,,406.0,171.0,1,1,0,1,1,0,0,Condominium,Freehold,Non Bumi Lot,Unknown,Penang,The Golden Triangle,GSV Development Sdn Bhd,Relau
101948028,680000,1161.0,4.0,2.0,2.0,6,0,0,0,0,0,0,0,2021.0,5.0,38.0,406.0,192.0,0,1,0,1,1,0,1,Condominium,Freehold,Non Bumi Lot,Unknown,Penang,Golden Triangle 2,GSV Development Sdn Bhd,Sungai Ara
101948005,645000,1161.0,3.0,2.0,2.0,6,0,0,0,0,0,0,0,2021.0,5.0,38.0,406.0,183.0,0,1,0,1,1,0,0,Condominium,Freehold,Non Bumi Lot,Unknown,Penang,Golden Triangle 2,GSV Development Sdn Bhd,Sungai Ara
103139230,950000,3000.0,5.0,4.0,3.0,6,0,0,0,0,0,0,0,2021.0,5.0,,406.0,207.0,1,1,0,1,1,0,1,Condominium,Freehold,Non Bumi Lot,Unknown,Penang,The Golden Triangle,GSV Development Sdn Bhd,Relau
103173608,750000,1650.0,4.0,3.0,2.0,8,0,0,0,0,0,0,0,2014.0,12.0,16.0,470.0,390.0,1,1,0,1,1,0,0,Condominium,Freehold,Non Bumi Lot,Unknown,Penang,Fiera Vista,Ideal Property Group,Bayan Lepas
101445732,258000,780.0,3.0,2.0,1.0,6,0,0,0,0,0,0,0,,,,,564.0,0,1,1,0,1,0,1,Apartment,Leasehold,Non Bumi Lot,Medium,Selangor,Kinrara Putri,Unknown,Puchong
103784744,298888,1164.0,5.0,2.0,1.0,6,0,0,0,0,0,0,0,,,5.0,,285.0,1,1,0,0,1,0,0,Apartment,Freehold,Non Bumi Lot,Medium,Johor,Melawis Apartment,Unknown,Skudai
102969901,330000,1020.0,3.0,2.0,1.0,6,1,1,0,1,1,1,0,1989.0,37.0,12.0,140.0,716.0,1,1,0,1,1,0,0,Condominium,Freehold,Non Bumi Lot,Unknown,Kuala Lumpur,Fortuna Court,Sunrise Berhad,Kuala Lumpur
100844747,410000,990.0,3.0,2.0,2.0,8,1,0,0,0,1,1,0,2007.0,19.0,20.0,196.0,1178.0,1,1,1,1,1,0,0,Condominium,Freehold,Non Bumi Lot,Unknown,Kuala Lumpur,Diamond Regency,Renown Inspiration,Kuala Lumpur
95544396,160000,650.0,3.0,2.0,1.0,5,0,0,0,0,0,1,0,,,16.0,,793.0,0,0,1,0,1,0,0,Apartment,Freehold,Bumi Lot,Medium,Kuala Lumpur,Pangsapuri Segar Ria,Unknown,Kuala Lumpur
101940436,200000,682.0,3.0,2.0,1.0,5,1,0,1,0,0,1,0,,,5.0,,956.0,0,1,0,0,1,0,0,Apartment,Freehold,Bumi Lot,Medium,Selangor,Seroja Apartment,S P Setia Bhd,Setia Alam
103784759,299000,1024.0,3.0,2.0,1.0,0,0,0,0,0,0,0,0,,,4.0,,554.0,0,0,0,0,0,1,1,Apartment,Leasehold,Non Bumi Lot,Low,Johor,Lily & Jasmine,Unknown,Johor Bahru
103185355,470000,1018.0,3.0,2.0,2.0,6,1,0,1,0,1,1,0,,,,,1117.0,1,1,1,1,1,0,0,Condominium,Leasehold,Non Bumi Lot,Unknown,Kuala Lumpur,The Holmes,Aset Kayamas,Kuala Lumpur
102498903,450000,1250.0,3.0,2.0,2.0,6,1,0,0,0,0,1,0,2016.0,10.0,,474.0,1743.0,1,1,1,1,1,0,0,Condominium,Freehold,Non Bumi Lot,Unknown,Kuala Lumpur,Vina Versatile Homes,Mitraland Group,Kuala Lumpur
102728771,530000,1106.0,3.0,3.0,2.0,10,1,0,0,1,1,1,0,2021.0,5.0,43.0,493.0,1000.0,1,1,1,1,1,0,0,Condominium,Leasehold,Non Bumi Lot,High,Kuala Lumpur,The Holmes 2,Aset Kayamas Sdn Bhd,Kuala Lumpur
103640707,380000,1150.0,3.0,2.0,1.0,7,1,1,1,1,0,0,0,2005.0,21.0,,,818.0,1,1,0,1,1,0,0,Condominium,Freehold,Non Bumi Lot,Unknown,Kuala Lumpur,Wangsa Metroview,Peluang Mutiara,Kuala Lumpur
103402158,108000,514.0,2.0,1.0,1.0,0,0,0,0,0,0,0,0,,,,,609.0,0,0,0,0,0,1,1,Flat,Freehold,Non Bumi Lot,Medium,Johor,Flat Bandar Selasa Jaya Silat Lincah,Unknown,Skudai
103402064,225000,506.0,1.0,1.0,1.0,0,0,0,0,0,0,0,0,2021.0,5.0,21.0,613.0,591.0,0,0,0,0,0,1,0,Condominium,Leasehold,Non Bumi Lot,High,Johor,The Garden Residences,Scientex (Skudai),Skudai
103780401,285000,1050.0,3.0,2.0,1.0,0,0,0,0,0,0,0,0,1993.0,33.0,14.0,,641.0,0,0,0,0,0,0,1,Apartment,Freehold,Non Bumi Lot,Unknown,Kuala Lumpur,Desa View Towers Apartment,Unknown,Kuala Lumpur
103784682,238000,667.0,2.0,1.0,1.0,0,0,0,0,0,0,0,0,,,,,416.0,0,0,0,0,0,0,0,Apartment,Leasehold,Non Bumi Lot,High,Sabah,Beverly Hills 2,Unknown,Kota Kinabalu
103385790,218000,850.0,3.0,2.0,1.0,4,0,0,0,0,0,0,0,2009.0,17.0,13.0,,576.0,0,1,0,0,1,1,0,Apartment,Leasehold,Non Bumi Lot,High,Johor,Taman Larkin Idaman Plot C,Unknown,Johor Bahru
103525074,400000,900.0,3.0,2.0,2.0,0,0,0,0,0,0,0,0,2019.0,7.0,42.0,2685.0,144.0,0,0,0,0,0,0,0,Condominium,Freehold,Non Bumi Lot,Unknown,Penang,One Foresta @ Bayan Lepas,Ideal Property Group,Bayan Lepas
103784679,218000,850.0,3.0,2.0,1.0,6,0,0,0,0,0,0,0,,,,,481.0,1,1,1,0,1,0,1,Apartment,Freehold,Non Bumi Lot,Low,Johor,Apartment Ria 2 @ Taman Megah Ria Masai,Unknown,Masai
102879593,537500,914.0,3.0,2.0,1.0,0,0,0,0,0,0,0,0,,,,,948.0,0,0,0,0,0,0,0,Condominium,Freehold,Non Bumi Lot,Medium,Sabah,Sky88 Residence Bundusan,Unknown,Kota Kinabalu
101948749,545000,1050.0,3.0,2.0,2.0,6,0,0,0,0,0,0,0,2016.0,10.0,20.0,771.0,370.0,1,1,0,1,1,0,1,Condominium,Freehold,Non Bumi Lot,Unknown,Penang,One Imperial,Ideal Property Group,Sungai Ara
103579465,550000,1200.0,3.0,2.0,2.0,6,0,0,0,0,0,0,0,2016.0,10.0,20.0,771.0,217.0,1,1,0,1,1,0,1,Condominium,Freehold,Non Bumi Lot,Unknown,Penang,One Imperial,Ideal Property Group,Sungai Ara
103784715,299000,1024.0,3.0,2.0,1.0,0,0,0,0,0,0,0,0,,,4.0,,554.0,0,0,0,0,0,1,1,Apartment,Leasehold,Non Bumi Lot,Low,Johor,Lily & Jasmine,Unknown,Johor Bahru
97829046,670000,1270.0,4.0,2.0,2.0,7,0,0,0,0,0,0,0,2005.0,21.0,27.0,,450.0,1,1,1,1,1,0,1,Condominium,Freehold,Non Bumi Lot,Unknown,Penang,Greenlane Park,Unknown,Greenlane
102478967,875000,1487.0,4.0,2.0,3.0,8,0,0,0,0,0,0,0,2015.0,11.0,18.0,107.0,465.0,1,1,1,1,1,0,1,Condominium,Freehold,Non Bumi Lot,Unknown,Penang,98 Nibong Residence,PLB Land Sdn Bhd,Bayan Lepas
100546214,295000,960.0,3.0,2.0,1.0,3,0,0,0,0,1,1,1,,,8.0,,590.0,0,1,0,0,1,0,0,Apartment,Leasehold,Non Bumi Lot,High,Selangor,Pangsapuri Seri Siantan,Unknown,Seri Kembangan
103784697,380000,667.0,1.0,1.0,2.0,9,1,0,0,0,1,0,0,2015.0,11.0,18.0,238.0,806.0,1,1,1,1,1,0,0,Service Residence,Freehold,Non Bumi Lot,Medium,Selangor,KU Suites,Paramount Property,Shah Alam
103784690,625000,1700.0,3.0,2.0,3.0,8,1,0,0,0,1,1,0,2018.0,8.0,29.0,447.0,818.0,1,1,1,1,1,1,0,Service Residence,Leasehold,Non Bumi Lot,Medium,Selangor,The Edge Residen,Dergahayu Sdn Bhd,Subang Jaya
103347418,510000,1364.0,4.0,2.0,1.0,8,0,0,0,0,0,0,0,2015.0,11.0,24.0,900.0,1438.0,1,1,1,1,1,1,1,Condominium,Leasehold,Non Bumi Lot,Medium,Kuala Lumpur,Suasana Lumayan,Danau Lumayan Sdn Bhd,Kuala Lumpur
102542934,460000,1142.0,4.0,2.0,1.0,8,0,0,0,0,0,0,0,2015.0,11.0,24.0,900.0,1403.0,1,1,1,1,1,1,0,Condominium,Leasehold,Non Bumi Lot,Unknown,Kuala Lumpur,Suasana Lumayan,Danau Lumayan Sdn Bhd,Kuala Lumpur
102315606,320000,547.0,1.0,1.0,1.0,10,0,0,0,1,0,0,0,2019.0,7.0,,1196.0,793.0,1,1,1,1,1,0,0,Condominium,Freehold,Non Bumi Lot,High,Selangor,The Netizen @ Bandar Tun Hussein Onn,KEB Group,Cheras
103446974,480000,850.0,3.0,2.0,1.0,6,1,1,0,1,1,1,1,2023.0,3.0,50.0,3600.0,1219.0,1,1,1,1,1,0,0,Condominium,Leasehold,Non Bumi Lot,Unknown,Kuala Lumpur,M Vertica,Mah Sing Group Berhad,Kuala Lumpur
102455704,470000,1018.0,3.0,2.0,2.0,6,1,0,1,0,1,1,0,,,,,1315.0,1,1,1,1,1,1,0,Condominium,Leasehold,Non Bumi Lot,High,Kuala Lumpur,The Holmes,Aset Kayamas,Kuala Lumpur
103520682,490000,1142.0,4.0,2.0,2.0,8,0,0,0,0,0,0,0,2015.0,11.0,24.0,900.0,1372.0,1,1,1,1,1,0,0,Condominium,Leasehold,Non Bumi Lot,Low,Kuala Lumpur,Suasana Lumayan,Danau Lumayan Sdn Bhd,Kuala Lumpur
103343288,360000,650.0,2.0,2.0,1.0,7,1,1,0,1,0,0,0,2021.0,5.0,44.0,2136.0,423.0,1,1,1,1,1,0,0,Service Residence,Leasehold,Non Bumi Lot,Unknown,Kuala Lumpur,Majestic Maxim,Maxim Holdings,Kuala Lumpur
103606855,270000,872.0,3.0,2.0,1.0,6,0,0,0,1,1,0,0,,,,,893.0,1,1,0,0,1,0,0,Condominium,Leasehold,Bumi Lot,High,Selangor,Indah Condominium,Unknown,Petaling Jaya
103441882,168000,494.0,2.0,1.0,1.0,0,0,0,0,0,0,0,0,,,,,286.0,0,0,0,0,0,0,1,Apartment,Freehold,Non Bumi Lot,Medium,Johor,Flat Taman Ungku Tun Aminah,Tasek Maju Realty Sdn Bhd,Skudai
102208991,210000,295.0,1.0,1.0,1.0,10,0,0,0,0,0,0,0,,,,1737.0,428.0,1,1,1,1,1,0,0,Service Residence,Freehold,Non Bumi Lot,Unknown,Johor,Trellis Residences,Unknown,Johor Bahru
103260457,302000,657.0,2.0,2.0,1.0,0,0,0,0,0,0,0,0,,,,,511.0,0,0,0,0,0,0,0,Condominium,Leasehold,Non Bumi Lot,Unknown,Johor,KSL Residence 2 @ Kangkar Tebrau,KSL Holdings Berhad,Johor Bahru
103207012,210000,463.0,1.0,8.0,1.0,0,0,0,0,0,0,0,0,,,,,511.0,0,0,0,0,0,0,0,Condominium,Freehold,Non Bumi Lot,Unknown,Johor,KSL Residence 2 @ Kangkar Tebrau,KSL Holdings Berhad,Johor Bahru
102471529,530000,700.0,2.0,2.0,1.0,0,0,0,0,0,0,0,0,,,,,432.0,0,0,0,0,0,0,0,Condominium,Freehold,Non Bumi Lot,Unknown,Penang,Artis 3,Airmas Group,Jelutong
102041283,515000,1690.0,3.0,2.0,1.0,5,0,0,0,0,0,0,0,2014.0,12.0,10.0,117.0,521.0,0,1,1,0,1,1,0,Apartment,Freehold,Non Bumi Lot,Low,Selangor,Cyber Heights Villa,Country Heights Holdings Berhad,Cyberjaya
99765228,420000,1690.0,3.0,2.0,2.0,4,0,0,0,0,0,0,0,2014.0,12.0,10.0,117.0,541.0,0,1,1,0,1,1,0,Apartment,Freehold,Non Bumi Lot,Low,Selangor,Cyber Heights Villa,Country Heights Holdings Berhad,Cyberjaya
103699772,522500,1021.0,3.0,2.0,1.0,12,0,0,0,0,0,0,0,2009.0,17.0,10.0,280.0,598.0,1,1,1,1,1,1,0,Apartment,Freehold,Non Bumi Lot,Medium,Selangor,Subang Avenue,Sime UEP Development,Subang Jaya
102424679,500000,1034.0,3.0,2.0,2.0,7,0,0,0,0,0,0,0,2007.0,19.0,16.0,122.0,440.0,1,1,1,1,1,0,0,Condominium,Freehold,Non Bumi Lot,Unknown,Penang,Penhill Perdana Condominium,Unknown,Ayer Itam
82852036,230000,700.0,3.0,2.0,1.0,3,0,0,0,0,0,0,0,2003.0,23.0,23.0,2115.0,462.0,0,1,1,0,0,0,0,Flat,Freehold,Non Bumi Lot,Unknown,Penang,Taman Terubong Indah (Majestic Heights),Unknown,Ayer Itam
103193707,280000,880.0,3.0,2.0,1.0,3,0,1,0,0,0,0,0,,,6.0,,375.0,0,0,1,0,1,0,0,Apartment,Freehold,Non Bumi Lot,Medium,Selangor,Apartment Mahkota 1,Unknown,Kajang
103784628,399000,926.0,3.0,2.0,1.0,0,0,0,0,0,0,0,0,2018.0,8.0,,382.0,565.0,0,0,0,0,0,1,1,Apartment,Freehold,Non Bumi Lot,High,Johor,Midas Perling Apartment,Midas Season Sdn Bhd ( a subsiadary of Northstar Frontier Sdn Bhd ),Johor Bahru
102165720,550000,1100.0,3.0,2.0,2.0,8,0,0,0,0,0,0,0,2016.0,10.0,30.0,816.0,392.0,1,1,0,1,1,0,1,Condominium,Freehold,Non Bumi Lot,Unknown,Penang,Imperial Residences,Ideal Property Group,Sungai Ara
103638901,530000,1100.0,3.0,2.0,2.0,8,0,0,0,0,0,0,0,2016.0,10.0,30.0,816.0,383.0,1,1,0,1,1,0,1,Condominium,Freehold,Non Bumi Lot,Unknown,Penang,Imperial Residences,Ideal Property Group,Sungai Ara
103784627,490000,1273.0,3.0,2.0,1.0,0,0,0,0,0,0,0,0,2016.0,10.0,33.0,412.0,1158.0,0,0,0,0,0,1,0,Condominium,Freehold,Non Bumi Lot,High,Penang,Prominence @ Bukit Mertajam,Bionic Land,Bukit Mertajam
103202025,65000,848.0,3.0,2.0,1.0,0,0,0,0,0,0,0,0,,,,,795.0,0,0,0,0,0,0,0,Flat,Freehold,Non Bumi Lot,Medium,Penang,Taman Ratna,Rethiko Sdn Bhd,Butterworth
103722714,330000,700.0,3.0,2.0,1.0,10,0,0,0,0,0,0,0,1999.0,27.0,23.0,433.0,651.0,1,1,1,1,1,0,1,Apartment,Freehold,Non Bumi Lot,Medium,Penang,Sinar Bukit Dumbar,Unknown,Jelutong
90336468,390000,838.0,3.0,2.0,2.0,8,0,0,0,0,0,0,0,2007.0,19.0,22.0,816.0,444.0,1,1,1,1,1,0,1,Condominium,Freehold,Non Bumi Lot,Unknown,Penang,Asia Heights,Asia Green Group,Ayer Itam
103784556,158000,494.0,2.0,1.0,1.0,0,0,0,0,0,0,0,0,,,,,393.0,0,0,0,0,0,0,1,Flat,Freehold,Non Bumi Lot,Low,Johor,Flat Taman Ungku Tun Aminah,Tasek Maju Realty Sdn Bhd,Skudai
103784552,320000,723.0,1.0,1.0,1.0,9,0,0,0,0,1,1,0,2014.0,12.0,21.0,308.0,728.0,1,1,1,1,1,0,0,Condominium,Leasehold,Non Bumi Lot,Medium,Selangor,TTDI Adina,Naza TTDI Sdn. Bhd.,Shah Alam
102465842,1200000,1475.0,3.0,3.0,2.0,11,0,0,0,0,0,0,0,2012.0,14.0,17.0,328.0,464.0,1,1,1,1,1,0,1,Condominium,Freehold,Non Bumi Lot,Unknown,Penang,The Light Linear @ The Light Waterfront,IJM LAND BERHAD,Gelugor
103515258,440000,819.0,3.0,2.0,1.0,6,1,1,0,1,0,0,0,2021.0,5.0,44.0,2136.0,417.0,1,1,1,1,1,0,0,Service Residence,Leasehold,Non Bumi Lot,Unknown,Kuala Lumpur,Majestic Maxim,Maxim Holdings,Kuala Lumpur
103276781,580000,990.0,3.0,2.0,2.0,6,1,0,0,1,1,0,0,2021.0,5.0,35.0,284.0,492.0,1,1,1,1,1,0,0,Condominium,Leasehold,Non Bumi Lot,High,Kuala Lumpur,Rumbia Residence @ Ari Permaisuri,Dwitasik Sdn Bhd,Kuala Lumpur
103075955,510000,1104.0,3.0,2.0,2.0,8,1,0,0,1,1,1,0,2021.0,5.0,43.0,493.0,1016.0,1,1,1,1,1,0,1,Condominium,Leasehold,Non Bumi Lot,High,Kuala Lumpur,The Holmes 2,Aset Kayamas Sdn Bhd,Kuala Lumpur
97635418,2280000,4300.0,5.0,5.0,3.0,9,0,0,0,0,0,0,0,2011.0,15.0,31.0,34.0,466.0,1,1,1,1,1,1,1,Condominium,Freehold,Non Bumi Lot,Unknown,Penang,H Residence (Pulau Tikus),Econy Development,Pulau Tikus
103396295,290000,614.0,2.0,2.0,1.0,0,0,0,0,0,0,0,0,2018.0,8.0,,382.0,577.0,0,0,0,0,0,1,1,Apartment,Freehold,Non Bumi Lot,Unknown,Johor,Midas Perling Apartment,Midas Season Sdn Bhd ( a subsiadary of Northstar Frontier Sdn Bhd ),Johor Bahru
100707731,180000,650.0,3.0,2.0,1.0,4,0,0,0,0,0,0,0,2003.0,23.0,23.0,1064.0,432.0,0,0,1,0,1,0,0,Apartment,Leasehold,Non Bumi Lot,Unknown,Penang,Taman Sri Pinang,Unknown,George Town
103784515,158000,494.0,2.0,1.0,1.0,0,0,0,0,0,0,0,0,,,,,395.0,0,0,0,0,0,0,1,Flat,Freehold,Bumi Lot,Low,Johor,Flat Taman Ungku Tun Aminah,Tasek Maju Realty Sdn Bhd,Skudai
99179123,367000,991.0,4.0,2.0,2.0,10,0,0,0,0,0,0,0,2022.0,4.0,,1255.0,805.0,1,1,1,1,1,0,0,Service Residence,Freehold,Non Bumi Lot,Medium,Selangor,Alanis @ Warisan Puteri,Pilihan Teraju Sdn Bhd,Sepang
103784543,350000,743.0,2.0,2.0,1.0,14,0,0,0,0,0,0,0,2020.0,6.0,44.0,1400.0,319.0,1,1,1,1,1,0,0,Others,Freehold,Non Bumi Lot,High,Kuala Lumpur,Sentul Point Suite Apartment,UOA Group,Kuala Lumpur
102999326,428000,845.0,2.0,1.0,1.0,7,1,1,1,1,1,1,0,,,,,974.0,1,1,0,1,1,1,0,Service Residence,Freehold,Non Bumi Lot,High,Selangor,VIO Serviced Apartments @ SetiaWalk,Setia Promenade Sdn Bhd (SP Setia),Puchong
103720439,498000,1124.0,3.0,3.0,2.0,6,0,1,1,1,1,1,0,2016.0,10.0,22.0,616.0,889.0,1,1,0,1,1,1,0,Service Residence,Freehold,Non Bumi Lot,Low,Selangor,V-Residensi 2,B&G Property,Shah Alam
102607650,168000,833.0,3.0,2.0,1.0,7,0,0,0,0,0,0,0,,,5.0,,724.0,0,1,0,0,1,1,0,Apartment,Leasehold,Bumi Lot,Low,Selangor,Desa Mutiara (Kajang),Unknown,Kajang
103784501,185000,550.0,2.0,1.0,1.0,0,0,0,0,0,0,0,0,,,,,521.0,0,0,0,0,0,1,0,Flat,Leasehold,Non Bumi Lot,Low,Penang,Desa Ixora,Unknown,Ayer Itam
103784505,320000,939.0,3.0,2.0,1.0,0,0,0,0,0,0,0,0,2015.0,11.0,25.0,636.0,177.0,0,0,0,0,0,0,0,Apartment,Freehold,Non Bumi Lot,Unknown,Selangor,Seri Mutiara Apartment @ Setia Alam,Setia Precast Sdn Bhd,Setia Alam
103784529,330000,535.0,1.0,1.0,1.0,7,0,0,0,0,0,0,0,,,,,473.0,1,1,1,1,0,1,0,Service Residence,Freehold,Non Bumi Lot,Unknown,Johor,Golden Sands Seaview Residence Suites,Grand Action Sdn Bhd,Johor Bahru
103192681,570000,1000.0,3.0,2.0,2.0,4,0,0,0,0,0,0,0,2021.0,5.0,45.0,938.0,169.0,1,0,0,0,1,0,1,Condominium,Freehold,Non Bumi Lot,Unknown,Penang,Imperial Grande,Ideal Property Group,Bayan Lepas
103722904,350000,900.0,3.0,2.0,1.0,6,0,0,0,0,0,0,0,1999.0,27.0,23.0,730.0,599.0,1,1,1,0,1,0,0,Condominium,Freehold,Non Bumi Lot,High,Penang,Gambier Heights,Unknown,Gelugor
103057805,280000,700.0,3.0,2.0,2.0,2,0,0,0,0,0,0,0,,,,,648.0,0,1,0,0,0,1,1,Apartment,Freehold,Non Bumi Lot,High,Penang,Taman Batu Uban 2 Apartment,Unknown,Gelugor
102784761,485000,728.0,2.0,2.0,2.0,5,0,0,0,0,0,0,0,2017.0,9.0,42.0,670.0,682.0,1,1,1,1,0,1,1,Condominium,Freehold,Non Bumi Lot,Medium,Penang,The Clovers,Asia Green Group,Sungai Ara
103193821,368000,800.0,3.0,2.0,1.0,2,0,0,0,0,0,0,0,1998.0,28.0,20.0,80.0,657.0,0,1,0,0,0,1,1,Apartment,Freehold,Non Bumi Lot,Low,Penang,Desa Singora,Unknown,George Town
103784527,538000,1018.0,3.0,2.0,2.0,6,1,0,1,0,1,1,0,,,,,1337.0,1,1,1,1,1,1,0,Condominium,Leasehold,Non Bumi Lot,High,Kuala Lumpur,The Holmes,Aset Kayamas,Kuala Lumpur
92990344,490000,1230.0,3.0,2.0,2.0,6,0,0,0,0,0,0,0,2017.0,9.0,27.0,357.0,449.0,1,1,1,1,1,0,0,Condominium,Freehold,Non Bumi Lot,Unknown,Penang,Platinum III @ Teluk Kumbar Heights,TPPT Sdn. Bhd.,Teluk Kumbar
103784472,155000,657.0,3.0,2.0,1.0,0,0,0,0,0,0,0,0,,,,,182.0,0,0,0,0,0,0,0,Apartment,Freehold,Non Bumi Lot,Medium,Selangor,Pangsapuri Pendamar A (Port Klang),Unknown,Port Klang
103784471,150000,650.0,3.0,2.0,1.0,0,1,0,0,0,0,1,0,2015.0,11.0,3.0,,391.0,0,0,0,0,0,0,0,Apartment,Freehold,Non Bumi Lot,Low,Selangor,Pangsapuri Palma (Bandar Botanic),Unknown,Klang
101783554,730000,1250.0,3.0,2.0,2.0,6,0,0,0,0,0,0,0,2016.0,10.0,,252.0,188.0,1,0,0,0,1,0,0,Condominium,Freehold,Non Bumi Lot,Unknown,Penang,Skyview Residence,Gema Intan Sdn. Bhd.,Jelutong
103211089,530000,1000.0,4.0,3.0,2.0,6,1,1,0,1,1,1,1,2023.0,3.0,50.0,3600.0,1527.0,1,1,1,1,1,0,0,Condominium,Leasehold,Non Bumi Lot,Unknown,Kuala Lumpur,M Vertica,Mah Sing Group Berhad,Kuala Lumpur
103178916,428000,819.0,3.0,2.0,1.0,7,1,1,0,1,0,0,0,2021.0,5.0,44.0,2136.0,408.0,1,1,1,1,1,0,0,Service Residence,Leasehold,Non Bumi Lot,Unknown,Kuala Lumpur,Majestic Maxim,Maxim Holdings,Kuala Lumpur
103628765,480000,956.0,5.0,2.0,1.0,6,1,1,0,1,0,0,0,2019.0,7.0,,258.0,780.0,1,1,1,1,1,1,0,Service Residence,Freehold,Non Bumi Lot,High,Kuala Lumpur,The Annex @ Medan Connaught,Majestic Group,Kuala Lumpur
93303810,698000,2510.0,3.0,5.0,2.0,9,0,0,0,0,0,0,0,2015.0,11.0,3.0,117.0,700.0,1,1,0,1,1,0,0,Townhouse Condo,Freehold,Non Bumi Lot,Unknown,Johor,Residensi Ledang @ East Ledang,UEM Sunrise Berhad,Iskandar Puteri
102854321,240000,721.0,3.0,2.0,1.0,1,0,0,0,0,0,0,0,,,,,1062.0,0,0,0,0,0,0,0,Flat,Leasehold,Bumi Lot,Medium,Kuala Lumpur,Flat Desa Pandan,Unknown,Kuala Lumpur
103064992,180000,850.0,3.0,2.0,1.0,0,0,0,0,0,0,0,0,,,,,350.0,0,0,0,0,0,0,1,Apartment,Freehold,Non Bumi Lot,Medium,Johor,SRI INTAN,Unknown,Masai
103193400,120000,506.0,2.0,1.0,1.0,0,0,0,0,0,0,0,0,,,,,357.0,0,0,0,0,0,0,0,Apartment,Freehold,Non Bumi Lot,High,Johor,Flat Taman Ungku Tun Aminah,Tasek Maju Realty Sdn Bhd,Skudai
103362707,155000,750.0,3.0,2.0,1.0,3,0,0,0,0,0,0,0,,,5.0,,720.0,0,1,0,0,1,0,0,Apartment,Freehold,Non Bumi Lot,Medium,Selangor,Pangsapuri Raya (Bandar Country Homes),Unknown,Rawang
103244054,190000,800.0,3.0,2.0,1.0,4,1,0,0,0,0,0,0,,,,,757.0,1,1,0,0,0,0,0,Apartment,Freehold,Non Bumi Lot,Medium,Selangor,"Casa Ria Apartment, Bandar Country Homes",Unknown,Rawang
103784393,325000,1100.0,3.0,2.0,1.0,8,1,1,1,1,0,0,0,,,18.0,,675.0,1,1,1,1,1,1,0,Condominium,Leasehold,Non Bumi Lot,Low,Kuala Lumpur,Menara Alpha,Unknown,Kuala Lumpur
103784457,350000,1280.0,3.0,2.0,1.0,6,0,0,0,0,0,0,0,,,16.0,,599.0,1,1,0,1,1,0,1,Apartment,Freehold,Non Bumi Lot,Medium,Selangor,Sri Bayu Apartments,Unknown,Puchong
95922895,690000,1654.0,3.0,2.0,2.0,6,0,0,0,0,0,0,0,1998.0,28.0,15.0,198.0,540.0,1,1,0,0,1,1,0,Condominium,Freehold,Non Bumi Lot,Medium,Putrajaya,Puteri Palma Condominium,IOI Properties Group,Putrajaya
103662233,325000,700.0,3.0,2.0,1.0,9,0,0,0,0,0,0,0,2012.0,14.0,30.0,500.0,462.0,1,1,1,1,1,1,1,Apartment,Freehold,Non Bumi Lot,High,Penang,Melody Homes,Belleview Group,Ayer Itam
88001272,265000,700.0,3.0,2.0,1.0,4,0,0,0,0,0,0,0,1994.0,32.0,5.0,360.0,443.0,0,1,1,0,1,0,1,Condominium,Freehold,Non Bumi Lot,Unknown,Penang,Villa Condominium,Unknown,Relau
103758368,260000,650.0,3.0,2.0,1.0,4,0,0,0,0,0,0,0,,,,,390.0,0,1,1,0,1,1,1,Apartment,Freehold,Non Bumi Lot,High,Penang,Sri Wangsa,Unknown,Jelutong
103659885,500000,980.0,3.0,2.0,1.0,3,0,0,0,0,0,0,0,1989.0,37.0,3.0,186.0,618.0,0,1,1,0,0,0,1,Apartment,Freehold,Non Bumi Lot,Low,Penang,Mutiara Court (Penang),Unknown,Gelugor
103391155,980000,1419.0,3.0,2.0,2.0,8,0,0,0,0,0,0,0,2021.0,5.0,24.0,1235.0,693.0,1,1,1,1,1,0,1,Condominium,Freehold,Non Bumi Lot,High,Penang,QuayWest Residence,Asia Green Group,Batu Uban
103342670,600000,1130.0,3.0,2.0,2.0,14,0,0,0,0,0,0,0,2016.0,10.0,26.0,548.0,657.0,1,1,1,1,1,0,1,Condominium,Freehold,Non Bumi Lot,Medium,Penang,Tree Sparina @ Ideal Vision Park,Ideal Property Group,Bayan Lepas
103660140,250000,850.0,3.0,2.0,1.0,10,1,0,0,0,0,1,0,2002.0,24.0,21.0,744.0,611.0,1,1,0,1,1,1,0,Condominium,Freehold,Non Bumi Lot,Medium,Kuala Lumpur,Idaman Sutera,Medan Idaman,Kuala Lumpur
100837645,240000,840.0,3.0,2.0,2.0,9,0,1,0,0,0,0,0,2019.0,7.0,,635.0,1270.0,1,1,1,1,1,0,0,Apartment,Freehold,Non Bumi Lot,Medium,Selangor,D'Cassia Apartment,SP Setia Berhad,Semenyih
94239601,430000,1020.0,3.0,2.0,2.0,9,1,0,0,0,1,1,0,2013.0,13.0,16.0,1120.0,2078.0,1,1,1,0,1,0,1,Condominium,Leasehold,Non Bumi Lot,Unknown,Selangor,1120 Park Avenue,Park Avenue Sdn Bhd,Petaling Jaya
103440286,245000,700.0,3.0,2.0,1.0,11,0,0,0,0,0,0,0,1998.0,28.0,35.0,,787.0,1,1,1,1,1,1,1,Condominium,Freehold,Non Bumi Lot,High,Penang,BJ Court Condominium,Unknown,Bayan Lepas
103784420,650000,850.0,2.0,2.0,1.0,8,1,0,1,0,1,1,0,2019.0,7.0,52.0,495.0,902.0,1,1,1,1,0,0,0,Service Residence,Freehold,Non Bumi Lot,Unknown,Kuala Lumpur,Reizz Residence,BSG Property,Kuala Lumpur
103500946,390000,960.0,3.0,2.0,1.0,6,1,0,0,1,1,0,0,1998.0,28.0,21.0,640.0,609.0,1,1,1,1,1,1,0,Condominium,Leasehold,Non Bumi Lot,High,Kuala Lumpur,Bayu Tasik 2,PPC Glomac Sdn. Bhd.,Kuala Lumpur
102845377,420000,819.0,3.0,2.0,1.0,6,1,1,0,1,0,0,0,2021.0,5.0,44.0,2136.0,918.0,1,1,1,1,1,0,0,Service Residence,Leasehold,Non Bumi Lot,Unknown,Kuala Lumpur,Majestic Maxim,Maxim Holdings,Kuala Lumpur
102399164,270000,834.0,3.0,2.0,1.0,0,0,0,0,0,0,0,0,2023.0,3.0,26.0,832.0,1312.0,0,0,0,0,0,0,0,Service Residence,Leasehold,Non Bumi Lot,High,Selangor,Dian Residency @ Shah Alam,Ara Ville Sdn Bhd,Shah Alam
102399129,232000,1389.0,3.0,3.0,1.0,5,1,0,0,0,1,1,0,2017.0,9.0,,300.0,1251.0,1,1,0,1,1,0,0,Service Residence,Freehold,Non Bumi Lot,High,Selangor,Epic Residence (Puchong),Bukit Hitam Development Sdn Bhd,Puchong
101988012,700000,1036.0,3.0,2.0,2.0,9,0,0,0,0,0,0,0,2021.0,5.0,33.0,550.0,195.0,1,1,0,1,1,0,0,Condominium,Freehold,Non Bumi Lot,Unknown,Penang,Setia Sky Ville,Kay Pride Sdn Bhd (S P Setia Bhd Group),Jelutong
103250404,870000,1239.0,3.0,2.0,2.0,9,0,0,0,0,0,0,0,2021.0,5.0,33.0,550.0,211.0,1,1,0,1,1,0,0,Condominium,Freehold,Non Bumi Lot,Unknown,Penang,Setia Sky Ville,Kay Pride Sdn Bhd (S P Setia Bhd Group),Jelutong
103192614,798000,1100.0,3.0,2.0,1.0,3,0,0,0,0,0,0,0,,,,240.0,412.0,1,1,0,1,0,0,1,Condominium,Leasehold,Non Bumi Lot,Unknown,Penang,The Maritime,IJM LAND BERHAD,Jelutong
103609267,260000,779.0,3.0,2.0,1.0,0,0,0,0,0,0,0,0,2005.0,21.0,7.0,1274.0,577.0,0,0,0,0,0,0,0,Apartment,Leasehold,Bumi Lot,Unknown,Selangor,Pangsapuri Subang Suria,Agmal Development Sdn Bhd,Shah Alam
103577710,770000,1345.0,4.0,2.0,2.0,9,0,0,0,0,0,0,0,2016.0,10.0,17.0,91.0,156.0,1,1,0,1,1,0,0,Condominium,Freehold,Non Bumi Lot,Unknown,Penang,Straits Garden Residence @ Jelutong,Tambun Indah Land Berhad,Jelutong
103509055,285000,850.0,3.0,2.0,1.0,4,0,0,1,0,1,0,0,,,,536.0,941.0,0,1,0,0,1,0,0,Apartment,Freehold,Bumi Lot,Unknown,Selangor,Alam Budiman (Sri Budiman),SHL Consolidated Berhad,Setia Alam
103499032,260000,828.0,3.0,2.0,1.0,0,0,0,0,0,0,0,0,,,,,844.0,0,0,0,0,0,0,0,Apartment,Leasehold,Bumi Lot,Unknown,Selangor,Pusat Komersial Seksyen 7 Shop Apartment,Unknown,Shah Alam
102967493,148000,576.0,1.0,2.0,1.0,7,0,1,0,0,1,0,0,2009.0,17.0,,272.0,1262.0,0,1,1,1,1,0,0,Service Residence,Freehold,Bumi Lot,Medium,Selangor,The Domain @ NeoCyber,Laketown Sdn Bhd (EMKAY Group),Cyberjaya
97143167,250000,950.0,3.0,2.0,1.0,6,0,0,0,0,0,0,0,,,17.0,,1578.0,1,1,0,0,1,0,1,Apartment,Leasehold,Bumi Lot,Low,Johor,Persiaran Tanjung Apartment,Unknown,Tampoi
96117997,338000,762.0,2.0,2.0,1.0,3,0,0,0,0,0,0,0,,,,512.0,952.0,0,1,0,0,0,1,0,Apartment,Leasehold,Non Bumi Lot,Low,Sabah,Api-Api Apartment,Tokojaya,Kota Kinabalu
103411618,105000,613.0,3.0,2.0,1.0,0,0,0,0,0,0,0,0,,,,,1145.0,0,0,0,0,0,0,0,Flat,Leasehold,Bumi Lot,High,Johor,Jasa,Unknown,Skudai
100219006,450000,1003.0,3.0,3.0,2.0,11,1,0,0,1,0,1,1,2019.0,7.0,38.0,980.0,1428.0,1,1,1,1,1,0,0,Condominium,Leasehold,Bumi Lot,Medium,Kuala Lumpur,Casa Green (Bukit Jalil),Amber Homes,Kuala Lumpur
101728735,385000,1200.0,3.0,2.0,1.0,4,0,0,0,0,0,0,0,,,19.0,,604.0,0,1,0,0,0,0,1,Service Residence,Leasehold,Non Bumi Lot,Medium,Johor,Lagenda Tasek Luxurious Suites,Unknown,Johor Bahru
102929425,543000,880.0,1.0,1.0,2.0,14,1,1,1,0,1,1,0,2016.0,10.0,36.0,670.0,1560.0,1,1,1,1,1,0,0,Studio,Freehold,Non Bumi Lot,Medium,Selangor,Tamarind Suites @ Cyberjaya,Tujuan Gemilang Sdn Bhd,Cyberjaya
103784298,700000,1450.0,3.0,2.0,1.0,8,0,0,0,0,0,0,0,2014.0,12.0,16.0,470.0,128.0,1,1,0,1,1,0,0,Condominium,Freehold,Non Bumi Lot,Unknown,Penang,Fiera Vista,Ideal Property Group,Bayan Lepas
103784297,320000,751.0,2.0,2.0,1.0,9,0,0,1,0,0,0,0,1991.0,35.0,19.0,,543.0,1,1,0,0,1,0,1,Condominium,Leasehold,Non Bumi Lot,Unknown,Selangor,Casa Mila,Bina Puri Holdings Bhd,Selayang
103498566,350000,1043.0,3.0,2.0,1.0,5,0,0,0,0,0,0,0,2006.0,20.0,12.0,260.0,876.0,1,1,0,0,0,0,0,Condominium,Leasehold,Bumi Lot,Unknown,Selangor,Kondominium Kristal,Worldwide Holdings,Shah Alam
102021885,890000,2101.0,3.0,3.0,3.0,11,0,0,0,0,0,0,0,2020.0,6.0,42.0,150.0,658.0,1,1,1,1,1,0,0,Condominium,Freehold,Non Bumi Lot,High,Penang,The Uban Residence,Cosmopolitan Homes Sdn Bhd,Batu Uban
103451600,288000,810.0,3.0,2.0,1.0,3,0,0,0,0,0,0,0,1999.0,27.0,,252.0,640.0,0,1,1,0,0,0,0,Apartment,Freehold,Non Bumi Lot,Medium,Penang,Pangsapuri Sri Abadi,Unknown,Sungai Ara
103258798,380000,850.0,3.0,2.0,1.0,4,0,0,0,0,0,0,0,1998.0,28.0,21.0,406.0,679.0,1,1,1,0,0,1,1,Condominium,Freehold,Non Bumi Lot,Low,Penang,Kingfisher Series Condominium,Hunza Properties Berhad,George Town
103659942,250000,700.0,3.0,2.0,1.0,3,0,0,0,0,0,0,0,,,25.0,,656.0,0,1,1,0,0,0,1,Apartment,Leasehold,Non Bumi Lot,Medium,Penang,Sri Ivory (Sri Ivori) Apartment,Unknown,Ayer Itam
103784272,250000,872.0,3.0,2.0,1.0,7,0,0,0,0,0,0,0,,,11.0,708.0,370.0,1,1,0,1,1,0,1,Apartment,Leasehold,Non Bumi Lot,Low,Johor,Idaman Senibong Apartment,Unknown,Masai
102530768,270000,1077.0,3.0,2.0,1.0,4,0,0,0,0,0,0,0,,,12.0,,925.0,0,1,1,0,1,0,0,Apartment,Freehold,Non Bumi Lot,High,Selangor,Anggerik Villa 2 Apartment,Unknown,Kajang
102720642,363000,1126.0,3.0,2.0,1.0,14,0,0,0,0,0,0,0,,,,226.0,1179.0,1,1,1,1,1,0,1,Condominium,Freehold,Bumi Lot,Medium,Putrajaya,Saujana Aster,Peremba Jaya Holdings Sdn Bhd,Putrajaya
103489908,165000,803.0,3.0,2.0,1.0,3,0,0,0,0,0,0,0,,,,,875.0,0,1,0,0,0,0,0,Apartment,Freehold,Non Bumi Lot,Unknown,Selangor,Valencia Apartment,Unknown,Shah Alam
102175810,598000,1496.0,3.0,2.0,2.0,11,0,0,0,0,0,0,0,2017.0,9.0,46.0,1134.0,228.0,1,1,1,1,1,0,0,Condominium,Freehold,Non Bumi Lot,High,Johor,Green Haven @ Kota Puteri,Welton Development Sdn. Bhd.,Masai
102262173,299000,865.0,2.0,2.0,1.0,10,0,0,0,0,0,0,0,,,,,87.0,1,1,1,1,1,0,0,Condominium,Freehold,Non Bumi Lot,Medium,Johor,KSL Avery Park,Unknown,Masai
103577817,700000,1314.0,3.0,2.0,3.0,7,0,0,0,0,0,0,0,2016.0,10.0,38.0,434.0,208.0,1,1,0,1,1,0,1,Condominium,Freehold,Non Bumi Lot,Unknown,Penang,Setia Pinnacle,Setia Promenade Sdn Bhd (SP Setia),Sungai Ara
103187664,565000,1095.0,3.0,2.0,1.0,7,0,0,0,0,0,0,0,2016.0,10.0,38.0,434.0,197.0,1,1,0,1,1,0,1,Condominium,Freehold,Non Bumi Lot,Unknown,Penang,Setia Pinnacle,Setia Promenade Sdn Bhd (SP Setia),Sungai Ara
101796208,380000,950.0,3.0,2.0,1.0,9,0,0,0,0,0,0,0,2000.0,26.0,21.0,,652.0,0,1,1,1,1,1,1,Condominium,Freehold,Non Bumi Lot,Medium,Penang,Victoria Heights,Reka Indah Development (Penang) Sdn Bhd,Bayan Lepas
101447330,185000,614.0,3.0,2.0,1.0,3,0,0,0,0,0,0,0,,,,,615.0,0,1,1,0,0,0,1,Apartment,Leasehold,Non Bumi Lot,Low,Penang,Desa Baiduri,Unknown,Ayer Itam
101311614,1600000,1982.0,4.0,4.0,3.0,9,0,0,0,0,0,0,0,2021.0,5.0,24.0,1235.0,660.0,1,1,1,1,1,0,0,Condominium,Freehold,Non Bumi Lot,High,Penang,Quay West Residence,Asia Green Group,Relau
103659863,615000,1598.0,3.0,3.0,2.0,5,0,0,0,0,0,0,0,2017.0,9.0,42.0,670.0,652.0,1,1,1,1,0,0,1,Condominium,Freehold,Non Bumi Lot,Medium,Penang,The Clovers,Asia Green Group,Sungai Ara
102784801,520000,900.0,3.0,2.0,2.0,5,0,0,0,0,0,0,0,2017.0,9.0,42.0,670.0,674.0,1,1,1,1,0,1,1,Condominium,Freehold,Non Bumi Lot,High,Penang,The Clovers,Asia Green Group,Sungai Ara
102784672,330000,700.0,3.0,2.0,1.0,4,0,0,0,0,0,0,0,1994.0,32.0,18.0,136.0,681.0,0,1,1,0,0,1,1,Condominium,Freehold,Non Bumi Lot,Medium,Penang,Marina Tower Relau,Unknown,Bayan Lepas
103627638,380000,700.0,3.0,2.0,1.0,8,0,0,0,0,0,0,0,2009.0,17.0,23.0,,659.0,0,1,1,1,1,1,1,Apartment,Freehold,Non Bumi Lot,Medium,Penang,Harmony View,Belleview Group,Jelutong
103113644,340000,850.0,3.0,2.0,1.0,11,0,0,0,0,0,0,0,1997.0,29.0,28.0,422.0,646.0,1,1,1,1,1,1,1,Condominium,Freehold,Non Bumi Lot,Medium,Penang,U-Garden,Unknown,Gelugor
101080942,158000,700.0,3.0,2.0,1.0,4,0,0,0,0,0,0,0,,,5.0,,1157.0,0,1,0,0,1,0,0,Apartment,Freehold,Non Bumi Lot,Medium,Selangor,Sentosa Apartment @ Setia Alam,Bandar Setia Alam Sdn Bhd,Shah Alam
103784346,850000,1518.0,3.0,3.0,1.0,12,1,1,0,1,1,0,0,,,,,573.0,1,1,1,1,1,1,0,Service Residence,Leasehold,Bumi Lot,Medium,Kuala Lumpur,Infiniti 3 Residences,Setapak Heights Development Sdn Bhd,Kuala Lumpur
103784233,480000,1272.0,4.0,2.0,2.0,10,1,1,1,0,1,1,0,,,,,691.0,1,1,0,1,1,1,1,Condominium,Leasehold,Non Bumi Lot,Unknown,Kuala Lumpur,Platinum Lake PV10,Platinum Victory Group Sdn. Bhd.,Kuala Lumpur
103192227,600000,1275.0,3.0,2.0,2.0,0,0,0,0,0,0,0,0,2017.0,9.0,30.0,410.0,163.0,0,0,0,0,0,0,0,Condominium,Freehold,Non Bumi Lot,Unknown,Penang,Skycube Residence,GSD Land (M) Sdn Bhd,Sungai Ara
101643565,488000,1742.0,3.0,2.0,2.0,11,0,0,0,0,0,0,0,2014.0,12.0,30.0,600.0,1313.0,1,1,1,1,1,0,1,Condominium,Freehold,Non Bumi Lot,Medium,Selangor,Serin Residency,Trientel Land (Villamas Group),Cyberjaya
103202709,600000,1270.0,3.0,2.0,2.0,0,0,0,0,0,0,0,0,2017.0,9.0,30.0,410.0,163.0,0,0,0,0,0,0,0,Condominium,Freehold,Non Bumi Lot,Unknown,Penang,Skycube Residence,GSD Land (M) Sdn Bhd,Sungai Ara
102498879,320000,547.0,1.0,1.0,1.0,10,0,0,0,1,0,0,0,2019.0,7.0,,1196.0,793.0,1,1,1,1,1,0,0,Condominium,Freehold,Non Bumi Lot,High,Selangor,The Netizen @ Bandar Tun Hussein Onn,KEB Group,Cheras
103419804,490000,1018.0,3.0,2.0,2.0,6,1,0,1,0,1,1,0,,,,,1327.0,1,1,1,1,1,1,0,Condominium,Leasehold,Non Bumi Lot,Medium,Kuala Lumpur,The Holmes,Aset Kayamas,Kuala Lumpur
102333505,475000,1018.0,3.0,2.0,2.0,6,1,0,1,0,1,1,0,,,,,1277.0,1,1,1,1,1,1,1,Condominium,Leasehold,Non Bumi Lot,Unknown,Kuala Lumpur,The Holmes,Aset Kayamas,Kuala Lumpur
103749631,290000,800.0,3.0,2.0,1.0,0,0,0,0,0,0,0,0,,,,,818.0,0,0,0,0,0,0,0,Apartment,Leasehold,Bumi Lot,Low,Selangor,Pusat Komersial Seksyen 7 Shop Apartment,Unknown,Shah Alam
103784315,300000,1141.0,3.0,2.0,1.0,12,0,1,0,1,0,0,0,1995.0,31.0,19.0,486.0,1764.0,1,1,1,1,1,1,1,Condominium,Leasehold,Bumi Lot,Low,Kuala Lumpur,Endah Regal,Soon Tiek Development & PJ Development,Kuala Lumpur
99381855,265000,845.0,3.0,2.0,1.0,5,0,0,0,0,0,0,0,,,,,543.0,0,1,0,0,1,0,0,Apartment,Leasehold,Non Bumi Lot,Low,Sabah,Taman Sungai Mas,Unknown,Kota Kinabalu
103466974,539999,1238.0,3.0,2.0,1.0,3,0,0,0,0,0,0,0,,,,90.0,796.0,1,1,0,0,0,1,1,Condominium,Leasehold,Non Bumi Lot,Medium,Sabah,Seri Borneo Kondominium,Inprofit Development Sdn Bhd,Kota Kinabalu
101822585,1500000,1000.0,3.0,2.0,2.0,9,0,0,0,0,0,0,0,2015.0,11.0,32.0,71.0,1045.0,1,1,1,1,1,0,1,Condominium,Freehold,Non Bumi Lot,Medium,Penang,The Cantonment,Malton Berhad Group,Pulau Tikus
103405276,750000,900.0,3.0,2.0,2.0,10,0,0,0,0,0,0,0,2018.0,8.0,38.0,473.0,1126.0,1,1,1,1,1,0,1,Condominium,Freehold,Non Bumi Lot,Low,Penang,Mont Residence @ Penang,Visentak Capital Sdn Bhd,Tanjong Tokong
103405275,650000,900.0,2.0,2.0,2.0,11,0,0,0,0,0,0,0,2018.0,8.0,38.0,473.0,1108.0,1,1,1,1,1,0,0,Condominium,Freehold,Non Bumi Lot,Low,Penang,Mont Residence @ Penang,Visentak Capital Sdn Bhd,Tanjong Tokong
103784148,480000,1417.0,2.0,2.0,1.0,7,0,0,0,0,0,0,0,2017.0,9.0,21.0,564.0,720.0,1,1,1,1,1,0,0,Service Residence,Freehold,Non Bumi Lot,Medium,Selangor,Gaya Resort Homes,PDMC Holdings Sdn. Bhd.,Shah Alam
103653998,208000,650.0,3.0,2.0,1.0,2,1,1,1,1,0,1,0,,,15.0,,445.0,0,1,0,0,0,0,0,Apartment,Leasehold,Non Bumi Lot,Unknown,Kuala Lumpur,Mutiara Magna,Magna Prima Sdn Bhd,Kuala Lumpur
103290316,248000,850.0,3.0,2.0,1.0,2,0,0,0,0,0,0,0,,,5.0,,206.0,0,1,0,0,0,0,1,Apartment,Freehold,Non Bumi Lot,Unknown,Selangor,Gagah Apartment,Unknown,Cheras
103738435,620000,1016.0,2.0,2.0,2.0,7,0,0,0,0,0,0,0,2018.0,8.0,44.0,378.0,190.0,1,1,0,1,1,0,0,Condominium,Freehold,Non Bumi Lot,Unknown,Penang,Grace Residence,Nova Mulia Development Sdn Bhd,Jelutong
96839359,700000,1155.0,3.0,2.0,2.0,0,0,0,0,0,0,0,0,,,,,182.0,0,0,0,0,0,0,1,Condominium,Leasehold,Non Bumi Lot,Unknown,Penang,Novus,Unknown,Bayan Lepas
98595842,530000,1120.0,3.0,2.0,2.0,8,0,0,0,0,0,0,0,2017.0,9.0,31.0,476.0,639.0,1,1,0,1,1,0,0,Condominium,Freehold,Non Bumi Lot,Medium,Penang,Gardens Ville,GSD Land (M) Sdn Bhd,Sungai Ara
92930537,1190000,3070.0,4.0,3.0,4.0,0,0,0,0,0,0,0,0,2015.0,11.0,,222.0,678.0,0,0,0,0,0,0,0,Condominium,Freehold,Non Bumi Lot,High,Penang,Pine Residence,Lone Pine Group,Paya Terubong
101903371,430000,1334.0,3.0,2.0,2.0,7,0,0,0,0,0,0,0,,,15.0,,426.0,1,1,1,1,1,1,1,Condominium,Freehold,Non Bumi Lot,Unknown,Penang,Capri Park Condominium,Tambun Indah Land Berhad,Butterworth
102904416,179500,710.0,3.0,2.0,1.0,0,0,0,0,0,0,0,0,,,18.0,,620.0,0,0,0,0,0,0,0,Apartment,Freehold,Non Bumi Lot,High,Selangor,Gapura Bayu,Unknown,Kajang
103784138,240000,850.0,3.0,2.0,1.0,6,0,0,0,0,0,1,0,2012.0,14.0,9.0,344.0,1253.0,0,1,0,0,1,0,0,Apartment,Leasehold,Bumi Lot,Low,Selangor,Penaga Mas,Masteron Sdn Bhd,Puchong
103784104,630000,1276.0,3.0,2.0,2.0,5,1,0,0,1,0,1,1,,,30.0,720.0,689.0,1,1,0,1,0,1,1,Condominium,Leasehold,Non Bumi Lot,Medium,Kuala Lumpur,Kiara Residence 2,Kiara Residences Properties,Kuala Lumpur
98176103,490000,1000.0,3.0,2.0,1.0,5,0,0,0,0,0,0,0,2015.0,11.0,,,638.0,1,1,0,1,1,0,0,Condominium,Leasehold,Non Bumi Lot,Medium,Sabah,Lido Four Seasons Residence,Unknown,Kota Kinabalu
101965242,150000,650.0,3.0,1.0,1.0,4,1,0,0,0,0,1,0,,,14.0,90.0,975.0,0,1,0,0,1,0,0,Apartment,Freehold,Bumi Lot,High,Selangor,Seri Nilam Apartment,Sri Tunas Sdn Bhd,Ampang
103784103,360000,1170.0,3.0,2.0,1.0,9,1,1,0,0,1,1,0,2007.0,19.0,10.0,396.0,662.0,1,1,0,1,1,0,0,Condominium,Freehold,Non Bumi Lot,Medium,Selangor,Pelangi Heights,Brem Holding Berhad,Klang
103784108,320000,838.0,4.0,2.0,2.0,2,1,0,0,0,1,0,0,,,15.0,,697.0,0,1,0,0,0,1,1,Apartment,Leasehold,Bumi Lot,Medium,Selangor,Seri Atria,Worldwide Holdings,Shah Alam
102358277,1100000,1249.0,3.0,2.0,2.0,7,0,0,0,0,0,0,0,2020.0,6.0,33.0,256.0,153.0,1,1,0,1,1,0,0,Condominium,Freehold,Non Bumi Lot,Unknown,Penang,Waterside Residence,IJM Land,Gelugor
103114770,820000,1055.0,2.0,2.0,2.0,7,0,0,0,0,0,0,0,2020.0,6.0,33.0,256.0,362.0,1,1,0,1,1,0,1,Condominium,Freehold,Non Bumi Lot,Unknown,Penang,Waterside Residence,IJM Land,Gelugor
103473392,235000,883.0,3.0,2.0,1.0,7,0,0,0,0,0,1,0,2015.0,11.0,,156.0,727.0,1,1,1,1,1,0,0,Service Residence,Leasehold,Non Bumi Lot,Unknown,Selangor,Calisa Residences,Masteron Sdn Bhd,Puchong
103439860,320000,973.0,3.0,2.0,1.0,5,0,0,0,0,0,0,0,2015.0,11.0,,352.0,143.0,1,1,1,0,1,0,0,Condominium,Leasehold,Non Bumi Lot,Medium,Johor,Scott Towers @ Larkin JB,Andaman Group,Johor Bahru
103193780,420000,1018.0,3.0,2.0,1.0,9,0,0,0,0,0,0,0,2004.0,22.0,11.0,228.0,640.0,1,1,1,1,1,0,1,Condominium,Freehold,Non Bumi Lot,Medium,Penang,Vistaria Condominium,Palmex Industries Sdn Bhd (IOI Group),Sungai Ara
102261623,690000,1353.0,3.0,2.0,2.0,5,0,0,0,0,0,0,0,2018.0,8.0,49.0,480.0,662.0,1,1,1,0,1,1,1,Service Residence,Freehold,Non Bumi Lot,Low,Penang,Arte S,Arte Corp,Gelugor
101851788,340000,850.0,3.0,2.0,1.0,0,0,0,0,0,0,0,0,1998.0,28.0,21.0,406.0,651.0,0,0,0,0,0,0,1,Condominium,Freehold,Non Bumi Lot,Low,Penang,Kingfisher Series Condominium,Hunza Properties Berhad,George Town
103039470,690000,1155.0,3.0,2.0,2.0,5,0,0,0,0,0,0,0,,,,,633.0,1,1,1,0,1,0,0,Condominium,Freehold,Non Bumi Lot,Medium,Penang,Novus,Unknown,Bayan Lepas
101256463,1050000,1818.0,4.0,3.0,2.0,8,0,0,0,0,0,0,0,2021.0,5.0,24.0,1235.0,689.0,1,1,1,1,1,0,1,Condominium,Freehold,Non Bumi Lot,High,Penang,QuayWest Residence,Asia Green Group,Batu Uban
102695483,285000,531.0,1.0,1.0,1.0,12,0,0,1,0,0,1,0,,,,,1509.0,1,1,1,1,1,1,1,Service Residence,Leasehold,Non Bumi Lot,Medium,Selangor,3 Elements,Titijaya Land Berhad,Seri Kembangan
103784077,3200000,3900.0,5.0,4.0,3.0,9,1,1,0,1,1,1,0,2009.0,17.0,33.0,388.0,1488.0,1,1,1,1,1,0,1,Condominium,Freehold,Non Bumi Lot,High,Kuala Lumpur,Hampshire Residences,Zelan Development Sdn Bhd,Kuala Lumpur
103576325,670000,1465.0,4.0,2.0,2.0,6,1,0,1,1,1,0,0,,,22.0,352.0,658.0,1,1,1,1,1,0,1,Condominium,Freehold,Non Bumi Lot,High,Kuala Lumpur,Prima Midah Heights,Midah Heights Sdn Bhd,Kuala Lumpur
103091480,520000,1106.0,3.0,3.0,2.0,7,1,0,0,1,1,1,0,2021.0,5.0,43.0,493.0,1001.0,1,1,1,1,1,0,0,Condominium,Leasehold,Non Bumi Lot,Medium,Kuala Lumpur,The Holmes 2,Aset Kayamas Sdn Bhd,Kuala Lumpur
103110786,415000,825.0,2.0,2.0,2.0,6,1,1,0,1,0,1,0,2017.0,9.0,34.0,542.0,1311.0,1,1,1,1,1,0,0,Service Residence,Leasehold,Non Bumi Lot,Unknown,Kuala Lumpur,Maxim Residences,Meridian Maxim Sdn Bhd,Kuala Lumpur
103784179,468000,997.0,2.0,2.0,1.0,7,1,1,0,1,1,0,0,2006.0,20.0,,,680.0,1,1,0,1,0,1,0,Service Residence,Leasehold,Non Bumi Lot,Unknown,Kuala Lumpur,10 Semantan,Meda Inc,Kuala Lumpur
103227766,190000,550.0,2.0,1.0,1.0,8,0,0,0,0,0,0,0,,,,1456.0,481.0,1,1,0,1,1,1,0,Apartment,Leasehold,Non Bumi Lot,Medium,Sabah,University Apartments,Wong Kwok Holdings Sdn Bhd,Kota Kinabalu
102026704,100000,689.0,3.0,2.0,1.0,0,0,0,0,0,0,0,0,,,,,779.0,0,0,0,0,0,0,0,Flat,Freehold,Non Bumi Lot,Medium,Penang,Flat Taman Haji Mohd Amin,Unknown,Permatang Pauh
103009707,283500,900.0,3.0,2.0,1.0,6,0,0,0,0,0,0,0,,,,,692.0,1,1,1,1,1,0,0,Apartment,Freehold,Non Bumi Lot,Medium,Penang,Bayu Tiara,Unknown,Bayan Lepas
103097269,390000,1035.0,3.0,2.0,1.0,11,0,0,0,0,0,0,0,2008.0,18.0,14.0,480.0,461.0,1,1,1,1,1,0,0,Condominium,Freehold,Non Bumi Lot,Medium,Selangor,Renjana Ampang,Wangsa Eramoden Sdn Bhd,Ampang
103105661,285000,950.0,3.0,2.0,2.0,9,0,0,0,0,0,0,0,2019.0,7.0,,,428.0,1,1,1,1,1,0,0,Apartment,Freehold,Non Bumi Lot,Low,Selangor,Harmoni @ Eco Majestic,Eco World Development Group Berhad,Semenyih
100611393,265000,705.0,3.0,2.0,1.0,5,0,0,0,0,0,0,0,,,4.0,328.0,618.0,0,1,0,0,1,1,0,Apartment,Leasehold,Non Bumi Lot,Medium,Sabah,City Apartments Inanam,Wong Kwok Holdings Sdn Bhd,Kota Kinabalu
103089618,300000,732.0,3.0,2.0,1.0,4,0,0,0,0,0,0,0,,,,,489.0,0,1,0,0,1,0,0,Apartment,Leasehold,Non Bumi Lot,Medium,Sabah,Grace Court (Sembulan),Unknown,Kota Kinabalu
103689459,330000,800.0,3.0,2.0,1.0,9,0,0,0,0,0,0,0,1999.0,27.0,23.0,433.0,388.0,1,1,0,1,1,1,1,Apartment,Freehold,Non Bumi Lot,Unknown,Penang,Sinar Bukit Dumbar,Unknown,Jelutong
102001615,140000,650.0,3.0,1.0,1.0,5,0,0,0,0,0,0,0,2015.0,11.0,20.0,1440.0,405.0,0,1,1,0,1,0,0,Condominium,Leasehold,Bumi Lot,Unknown,Selangor,Flora Damansara,MK Land Holdings,Damansara Perdana
101753218,750000,1500.0,4.0,3.0,2.0,11,0,0,0,0,0,0,0,2015.0,11.0,43.0,218.0,1210.0,1,1,1,1,1,0,1,Condominium,Freehold,Non Bumi Lot,Unknown,Penang,The Latitude,Ivory Properties Group Sdn Bhd,Tanjong Tokong
101753217,788000,1600.0,4.0,4.0,2.0,11,0,0,0,0,0,0,0,2015.0,11.0,43.0,218.0,1223.0,1,1,1,1,1,0,1,Condominium,Freehold,Non Bumi Lot,Low,Penang,The Latitude,Ivory Properties Group Sdn Bhd,Tanjong Tokong
103725732,420000,800.0,3.0,2.0,1.0,9,0,0,0,0,0,0,0,2018.0,8.0,45.0,1168.0,495.0,1,1,1,1,1,0,0,Condominium,Freehold,Non Bumi Lot,Medium,Penang,TRI PINNACLE,Aspen Group,Tanjong Tokong
101821691,480000,800.0,3.0,2.0,2.0,8,0,0,0,0,0,0,0,2018.0,8.0,45.0,1168.0,1341.0,1,1,1,1,1,0,1,Condominium,Freehold,Non Bumi Lot,Low,Penang,TRI PINNACLE,Aspen Group,Tanjong Tokong
101115554,473000,1302.0,3.0,2.0,2.0,14,0,0,0,0,0,0,0,2012.0,14.0,,350.0,1334.0,1,1,1,1,1,0,1,Condominium,Freehold,Non Bumi Lot,Medium,Selangor,Cristal Serin Residence,Unknown,Cyberjaya
103725522,760000,1483.0,3.0,3.0,2.0,9,0,0,0,0,0,0,0,2017.0,9.0,37.0,299.0,668.0,1,1,1,1,1,1,1,Condominium,Freehold,Non Bumi Lot,Medium,Penang,Iconic Skies,Iconic Group of Companies,Relau
102470947,400000,838.0,3.0,2.0,2.0,9,0,0,0,0,0,0,0,2007.0,19.0,22.0,816.0,597.0,1,1,1,1,1,1,0,Condominium,Freehold,Non Bumi Lot,High,Penang,Asia Heights,Asia Green Group,Ayer Itam
103114954,390000,890.0,3.0,2.0,1.0,4,0,0,0,0,0,0,0,2009.0,17.0,22.0,398.0,617.0,1,1,1,0,0,1,1,Apartment,Leasehold,Non Bumi Lot,Medium,Penang,Sri Kristal,Farlim Group (M) Berhad,Ayer Itam
103784027,600000,800.0,3.0,2.0,1.0,13,0,0,0,0,0,0,0,2017.0,9.0,22.0,1343.0,364.0,1,1,1,1,1,1,1,Condominium,Freehold,Non Bumi Lot,Unknown,Penang,Tropicana Bay Residences @ PWC,Tropicana Ivory Sdn. Bhd.,Bayan Lepas
102036945,400000,1285.0,4.0,2.0,2.0,12,0,0,0,0,0,0,0,2008.0,18.0,23.0,354.0,136.0,1,1,1,1,1,0,0,Condominium,Freehold,Non Bumi Lot,Medium,Penang,Sea View Tower @ Harbour Place,PJD Group,Butterworth
101851861,380000,850.0,3.0,2.0,1.0,0,0,0,0,0,0,0,0,1998.0,28.0,21.0,406.0,674.0,0,0,0,0,0,1,1,Condominium,Freehold,Non Bumi Lot,Low,Penang,Kingfisher Series Condominium,Hunza Properties Berhad,George Town
100916143,820000,1130.0,3.0,2.0,2.0,9,0,0,0,0,0,0,0,,,,,654.0,1,1,1,1,1,0,1,Condominium,Freehold,Non Bumi Lot,Low,Penang,Triuni Residences @ The Sanctuary,Runnymede Group,Gelugor
103316058,655000,1343.0,4.0,2.0,2.0,7,0,0,0,0,0,0,0,,,22.0,144.0,656.0,1,1,1,0,1,0,1,Condominium,Freehold,Non Bumi Lot,High,Penang,Vista Gambier,Lereng Wira Sdn Bhd,Gelugor
103784008,135000,650.0,3.0,2.0,1.0,0,0,0,0,0,0,0,0,,,5.0,,367.0,0,0,0,0,0,0,0,Flat,Freehold,Non Bumi Lot,Low,Selangor,Pangsapuri Pelangi Indah,Unknown,Klang
103784007,145000,650.0,3.0,2.0,1.0,0,0,0,0,0,0,0,0,,,,,345.0,0,0,0,0,0,0,0,Flat,Freehold,Non Bumi Lot,Low,Selangor,Pangsapuri Rebana,Sime Darby Property Berhad,Klang
103784006,155000,657.0,3.0,2.0,1.0,0,0,0,0,0,0,0,0,,,,,386.0,0,0,0,0,0,0,0,Apartment,Freehold,Non Bumi Lot,Low,Selangor,Pangsapuri Pendamar A (Port Klang),Unknown,Port Klang
100545148,222000,600.0,2.0,1.0,1.0,7,0,0,0,0,0,0,0,,,,,1502.0,1,1,1,0,1,1,0,Condominium,Leasehold,Non Bumi Lot,Medium,Sabah,V21 Residence,Unknown,Kota Kinabalu
103266000,155000,650.0,3.0,2.0,1.0,3,1,0,0,1,1,0,0,,,,,710.0,0,0,1,0,0,0,0,Apartment,Leasehold,Non Bumi Lot,High,Selangor,Cemara Apartment (Bukit Segar Jaya),Unknown,Cheras
102084314,248000,895.0,3.0,2.0,1.0,7,0,0,1,0,0,1,0,,,,,1198.0,1,1,0,0,1,0,1,Apartment,Leasehold,Non Bumi Lot,Low,Selangor,Bandar Putra Permai,Unknown,Seri Kembangan
103783881,375000,1453.0,4.0,2.0,1.0,4,0,0,0,0,0,0,0,,,,,735.0,1,0,1,1,0,1,1,Service Residence,Freehold,Non Bumi Lot,High,Johor,Tebrau City Residences,Plenitude Permai Sdn Bhd,Johor Bahru
103783954,600000,1038.0,3.0,3.0,2.0,14,0,0,0,0,0,0,0,2022.0,4.0,,630.0,791.0,1,1,1,1,1,0,0,Service Residence,Leasehold,Non Bumi Lot,Medium,Sabah,K Avenue Residential,Megacity Avenue sdn bhd,Kota Kinabalu
103783945,198000,850.0,3.0,2.0,1.0,0,0,0,0,0,0,0,0,2010.0,16.0,5.0,,280.0,0,0,0,0,0,1,0,Flat,Freehold,Non Bumi Lot,High,Johor,Rumah Pangsa Permas Jaya,Johor State Government,Johor Bahru
103692290,248000,750.0,3.0,2.0,1.0,0,0,0,0,0,0,0,0,,,,,150.0,0,0,0,0,0,1,1,Apartment,Freehold,Non Bumi Lot,Medium,Penang,Widuri Apartment (Butterworth),Harta Intan,Butterworth
103783941,388000,700.0,3.0,2.0,1.0,8,0,0,0,0,0,0,0,2008.0,18.0,22.0,754.0,531.0,1,1,1,0,1,0,1,Condominium,Leasehold,Non Bumi Lot,High,Penang,Serina Bay,PLB Land Sdn Bhd,Jelutong
103536797,399000,1050.0,3.0,2.0,2.0,0,0,0,0,0,0,0,0,1994.0,32.0,22.0,504.0,89.0,0,0,0,0,0,1,1,Condominium,Freehold,Non Bumi Lot,Low,Penang,Sunny Ville Condominium,Unknown,Gelugor
103579457,680000,1250.0,3.0,2.0,2.0,14,0,0,0,0,0,0,0,2015.0,11.0,19.0,114.0,160.0,1,1,1,1,1,0,1,Condominium,Freehold,Non Bumi Lot,Unknown,Penang,Arena Residence @ The Arena,Golden Virtue,Bayan Baru
99413316,340000,1442.0,3.0,2.0,1.0,6,0,0,0,0,0,0,0,,,,,367.0,1,1,0,1,1,1,0,Condominium,Freehold,Non Bumi Lot,Medium,Penang,Affina Bay @ Butterworth,Unknown,Butterworth
103738537,730000,1300.0,4.0,2.0,2.0,14,0,0,0,0,0,0,0,2015.0,11.0,19.0,114.0,215.0,1,1,1,1,1,0,1,Condominium,Freehold,Non Bumi Lot,Unknown,Penang,Arena Residence @ The Arena,Golden Virtue,Bayan Baru
101725779,140000,700.0,3.0,1.0,1.0,4,0,0,0,0,0,0,0,,,,,289.0,0,0,0,0,1,0,0,Apartment,Leasehold,Malay Reserved,Low,Sabah,Taman Telipok Ria Fasa 1 & Fasa 2,Unknown,Tuaran
97894689,620000,1442.0,3.0,2.0,2.0,12,0,0,0,0,0,0,0,2016.0,10.0,,800.0,2233.0,1,1,1,1,1,1,0,Condominium,Freehold,Non Bumi Lot,Medium,Selangor,Verdi Eco-dominiums @ Symphony Hills,UEM Sunrise Berhad,Cyberjaya
102384473,370000,850.0,3.0,2.0,1.0,9,0,0,0,0,0,0,0,2007.0,19.0,22.0,816.0,629.0,1,1,1,1,1,1,1,Condominium,Freehold,Non Bumi Lot,High,Penang,Asia Heights,Asia Green Group,Ayer Itam
102821563,85000,700.0,3.0,2.0,1.0,2,0,1,0,0,0,0,0,,,5.0,7810.0,1072.0,0,0,0,0,1,0,0,Apartment,Freehold,Non Bumi Lot,High,Selangor,Pangsapuri Baiduri (Bandar Tasik Kesuma),Unknown,Beranang
103783850,260000,733.0,2.0,2.0,1.0,6,0,0,0,0,0,0,0,,,12.0,,1394.0,1,1,0,0,1,0,0,Condominium,Leasehold,Bumi Lot,Unknown,Selangor,Brunsfield Riverview,Brunsfield International Group,Shah Alam
102996372,598000,1233.0,3.0,2.0,2.0,0,0,0,0,0,0,0,0,2017.0,9.0,30.0,410.0,465.0,0,0,0,0,0,1,1,Condominium,Freehold,Non Bumi Lot,Unknown,Penang,Skycube Residence,GSD Land (M) Sdn Bhd,Sungai Ara
103316178,350000,700.0,3.0,2.0,1.0,5,0,0,0,0,0,0,0,2013.0,13.0,31.0,780.0,675.0,1,1,1,0,0,1,1,Apartment,Freehold,Non Bumi Lot,High,Penang,Centrio Avenue,Boon Siew Group,Gelugor
103672765,980000,1419.0,4.0,2.0,2.0,8,0,0,0,0,0,0,0,2021.0,5.0,24.0,1235.0,676.0,1,1,1,1,1,0,1,Condominium,Freehold,Non Bumi Lot,High,Penang,QuayWest Residence,Asia Green Group,Batu Uban
103389598,397000,850.0,3.0,2.0,2.0,13,0,0,0,0,0,0,0,1998.0,28.0,16.0,488.0,652.0,1,1,1,1,1,1,1,Condominium,Leasehold,Non Bumi Lot,Medium,Penang,Villa Emas,Techware Enterprise Sdn Bhd,Bayan Lepas
102784712,360000,700.0,3.0,2.0,2.0,7,0,0,0,0,0,0,0,1997.0,29.0,32.0,988.0,646.0,1,1,1,1,1,1,1,Condominium,Freehold,Non Bumi Lot,Low,Penang,N-Park Condominium,Unknown,Gelugor
102197496,685000,1598.0,3.0,3.0,2.0,5,0,0,0,0,0,0,0,2017.0,9.0,42.0,670.0,653.0,1,1,1,1,0,0,1,Condominium,Freehold,Non Bumi Lot,Medium,Penang,The Clovers,Asia Green Group,Sungai Ara
103645267,300000,750.0,3.0,2.0,1.0,6,1,1,0,1,1,0,1,,,,,1092.0,1,1,0,1,0,0,0,Condominium,Leasehold,Bumi Lot,Low,Kuala Lumpur,Putra Suria Residence,Amber Resource,Kuala Lumpur
101722505,420000,1055.0,3.0,2.0,1.0,10,0,0,0,0,0,0,0,1998.0,28.0,15.0,336.0,575.0,1,1,0,1,1,0,1,Condominium,Freehold,Non Bumi Lot,Unknown,Penang,Pearl Garden,Unknown,Sungai Ara
103451804,230000,856.0,3.0,2.0,1.0,6,0,0,0,0,0,0,0,,,9.0,,615.0,1,1,0,0,1,0,0,Condominium,Freehold,Non Bumi Lot,Low,Selangor,Sri Hijau,Unknown,Bandar Mahkota Cheras
102937221,150000,707.0,3.0,1.0,1.0,2,0,0,0,0,0,0,1,,,,,613.0,0,0,0,0,1,0,0,Flat,Freehold,Bumi Lot,Medium,Selangor,Taman Anggerik Villa 2,Unknown,Kajang
103710940,255000,965.0,3.0,2.0,1.0,0,1,1,1,0,0,1,0,,,12.0,,517.0,0,0,0,0,0,1,0,Condominium,Leasehold,Non Bumi Lot,Medium,Selangor,Pandan Mewah Heights Condominium,Unknown,Cheras
103628641,428000,1200.0,3.0,2.0,1.0,0,0,0,0,0,0,0,0,1994.0,32.0,22.0,504.0,297.0,0,0,0,0,0,1,1,Condominium,Freehold,Non Bumi Lot,Unknown,Penang,Sunny Ville Condominium,Unknown,Gelugor
103476884,600000,1275.0,3.0,2.0,2.0,0,0,0,0,0,0,0,0,2017.0,9.0,30.0,410.0,255.0,0,0,0,0,0,0,0,Condominium,Freehold,Non Bumi Lot,Unknown,Penang,Skycube Residence,GSD Land (M) Sdn Bhd,Sungai Ara
102948041,284000,1324.0,3.0,2.0,1.0,6,0,0,0,0,0,0,0,,,,698.0,806.0,0,1,0,1,1,1,0,Apartment,Freehold,Non Bumi Lot,Low,Johor,Seri Mutiara Apartments (Seri Alam),Unknown,Masai
103624002,520000,1076.0,3.0,2.0,1.0,7,0,0,0,0,0,0,0,2016.0,10.0,38.0,434.0,424.0,1,1,0,1,1,0,0,Condominium,Freehold,Non Bumi Lot,Low,Penang,Setia Pinnacle,Setia Promenade Sdn Bhd (SP Setia),Sungai Ara
102802569,998000,1350.0,3.0,2.0,2.0,7,0,0,0,0,0,0,0,,,,,90.0,1,1,0,1,1,1,0,Service Residence,Freehold,Non Bumi Lot,Medium,Penang,Jazz Residence,Sure Commerce Sdn Bhd,Tanjong Tokong
103317672,430000,1000.0,3.0,2.0,2.0,3,0,0,0,0,0,0,0,,,,1000.0,656.0,0,1,1,0,0,0,1,Service Residence,Freehold,Non Bumi Lot,Medium,Penang,The Stone (Ayer Itam),PLB Land Sdn Bhd,Ayer Itam
100417864,530000,936.0,3.0,2.0,2.0,14,0,0,0,0,0,0,0,2011.0,15.0,38.0,420.0,674.0,1,1,1,1,1,1,1,Condominium,Freehold,Non Bumi Lot,Medium,Penang,Boulevard Condominium (BLVD),Reka Indah Development Sdn Bhd,Ayer Itam
103670622,340000,850.0,3.0,2.0,1.0,3,0,0,0,0,0,0,0,2008.0,18.0,29.0,,684.0,0,1,1,0,0,1,1,Apartment,Freehold,Non Bumi Lot,High,Penang,Relau Vista,Alor Vista Sdn Bhd,Bayan Lepas
102207503,620000,1100.0,3.0,2.0,4.0,9,0,0,0,0,0,0,0,2016.0,10.0,30.0,816.0,668.0,1,1,1,1,1,1,1,Condominium,Freehold,Non Bumi Lot,High,Penang,Imperial Residences,Ideal Property Group,Sungai Ara
102898579,320000,841.0,3.0,2.0,1.0,5,1,1,1,1,0,1,0,,,12.0,576.0,729.0,0,1,1,0,0,0,0,Apartment,Freehold,Non Bumi Lot,High,Kuala Lumpur,Aman Satu,Unknown,Kuala Lumpur
101987474,390000,1072.0,3.0,2.0,1.0,13,1,0,0,0,1,1,1,2012.0,14.0,,1000.0,1291.0,1,1,1,1,1,0,0,Condominium,Freehold,Non Bumi Lot,Low,Selangor,Koi Kinrara,Lingkaran Naga,Puchong
103783669,245000,680.0,3.0,2.0,1.0,2,0,0,0,0,0,0,0,,,,,131.0,0,0,0,0,1,0,0,Condominium,Leasehold,Non Bumi Lot,Unknown,Penang,Palm Court (Pangsapuri Nipah),Unknown,Tanjong Tokong
101467277,210000,720.0,3.0,1.0,1.0,0,0,0,0,0,0,0,0,,,,,972.0,0,0,0,0,0,0,0,Apartment,Leasehold,Bumi Lot,High,Kuala Lumpur,Pangsapuri Sri Inai,Unknown,Kuala Lumpur
103783573,309000,960.0,3.0,2.0,1.0,5,1,0,1,0,0,1,0,,,8.0,,1031.0,1,1,0,1,1,0,0,Apartment,Freehold,Non Bumi Lot,High,Selangor,Vista Bayu (Klang),Unknown,Klang
103783571,130000,614.0,3.0,1.0,1.0,0,0,0,0,0,0,0,0,,,,,209.0,0,0,0,0,0,0,0,Flat,Freehold,Non Bumi Lot,High,Penang,Medan Angsana (Farlim 2),Unknown,Ayer Itam
100593323,250000,736.0,3.0,2.0,1.0,6,0,0,0,0,1,0,1,2010.0,16.0,,596.0,957.0,0,1,1,0,0,0,0,Apartment,Freehold,Non Bumi Lot,Medium,Selangor,Kemuning Aman,Paramount Property Development,Shah Alam
103252456,368000,700.0,3.0,2.0,1.0,7,0,0,0,0,0,0,0,1999.0,27.0,19.0,322.0,654.0,1,1,1,1,1,1,1,Apartment,Freehold,Non Bumi Lot,Low,Penang,Eastern Court,Tamarins Group Sdn Bhd,Jelutong
103283373,630000,1113.0,3.0,2.0,2.0,7,0,0,0,0,0,0,0,2010.0,16.0,38.0,,679.0,1,1,1,1,0,1,1,Condominium,Leasehold,Non Bumi Lot,High,Penang,The Oasis,Arte Corp,Gelugor
100985996,610000,1084.0,3.0,2.0,1.0,13,0,0,0,0,0,0,0,1999.0,27.0,17.0,412.0,652.0,1,1,1,1,1,1,1,Condominium,Leasehold,Non Bumi Lot,Low,Penang,Gold Coast,Techware Enterprise,Bayan Lepas
103783640,2300000,1406.0,3.0,3.0,2.0,9,1,1,0,1,0,0,1,2017.0,9.0,27.0,271.0,1446.0,1,1,0,1,1,1,1,Service Residence,Leasehold,Non Bumi Lot,Unknown,Selangor,Tropicana Gardens Dianthus,Tropicana Corporation Berhad,Petaling Jaya
102475759,430000,700.0,3.0,2.0,1.0,0,0,0,0,0,0,0,0,,,7.0,36.0,561.0,0,0,0,0,0,1,0,Apartment,Freehold,Non Bumi Lot,Unknown,Penang,Taman Erskine,Unknown,George Town
103678050,395000,1238.0,3.0,3.0,1.0,8,1,0,0,0,0,1,0,2008.0,18.0,27.0,798.0,1341.0,0,1,0,1,1,0,1,Condominium,Freehold,Non Bumi Lot,Unknown,Selangor,Aman Heights,Premier Consortium,Seri Kembangan
103783617,460000,958.0,2.0,2.0,1.0,9,0,0,0,0,0,0,0,2014.0,12.0,28.0,1149.0,337.0,1,1,0,1,1,0,0,Service Residence,Freehold,Non Bumi Lot,Medium,Johor,Tropez Residences @ Tropicana Danga Bay,Dijaya Group Corporation,Johor Bahru
103783535,530000,1600.0,4.0,2.0,2.0,1,0,0,0,0,0,0,0,,,24.0,234.0,425.0,0,0,0,0,0,0,0,Condominium,Freehold,Non Bumi Lot,Unknown,Penang,Shineville Park,Zantalite Enterprise (M) Sdn Bhd,Ayer Itam
103783517,230000,820.0,3.0,2.0,1.0,5,1,0,1,0,0,1,0,,,15.0,,1237.0,0,1,0,1,1,0,0,Apartment,Freehold,Non Bumi Lot,Unknown,Selangor,Golden Villa,Unknown,Klang
103783536,638000,1250.0,3.0,2.0,1.0,6,0,0,0,0,0,0,0,1998.0,28.0,23.0,208.0,398.0,1,1,1,0,0,0,0,Condominium,Freehold,Non Bumi Lot,Unknown,Penang,Marina Tower (Ratu Mutiara),Unknown,Tanjung Bungah
97481987,170000,592.0,2.0,1.0,2.0,5,0,0,0,0,0,0,0,,,,,1169.0,0,0,0,0,1,0,0,Flat,Leasehold,Non Bumi Lot,High,Selangor,Flat PKNS Seksyen 24 Shah Alam,Unknown,Shah Alam
103783611,354000,874.0,3.0,2.0,1.0,6,1,0,0,0,1,1,0,2009.0,17.0,13.0,,692.0,1,1,1,0,1,1,0,Condominium,Leasehold,Bumi Lot,High,Kuala Lumpur,Sentul Utama Condominium,Melati Ehsan Group,Kuala Lumpur
103089787,255000,850.0,3.0,2.0,1.0,3,1,0,0,0,1,0,0,2013.0,13.0,,120.0,956.0,0,0,0,1,1,0,0,Apartment,Leasehold,Bumi Lot,Low,Selangor,Subang Bestari,A JV Between 9 Developers,Shah Alam
98942202,210000,835.0,3.0,2.0,1.0,0,0,0,1,1,1,0,0,,,,,859.0,0,0,0,0,0,0,0,Apartment,Leasehold,Bumi Lot,Low,Selangor,Dataran Otomobil Apartment,Muafakat Sdn Bhd / PKNS,Shah Alam
103783593,130000,700.0,3.0,1.0,1.0,1,0,0,0,0,0,0,0,2003.0,23.0,23.0,2115.0,506.0,0,0,0,0,0,1,1,Flat,Freehold,Non Bumi Lot,Medium,Penang,Taman Terubong Indah (Majestic Heights),Unknown,Ayer Itam
103783585,530000,774.0,3.0,2.0,1.0,9,0,0,0,1,0,1,0,2016.0,10.0,36.0,630.0,476.0,1,1,0,1,1,1,1,Service Residence,Leasehold,Non Bumi Lot,Medium,Kuala Lumpur,Shamelin Star,Landmark Zone Sdn. Bhd.,Kuala Lumpur
103730774,145000,650.0,3.0,2.0,1.0,0,0,0,0,0,0,0,0,,,,,486.0,0,0,0,0,0,0,1,Flat,Freehold,Bumi Lot,High,Johor,Taman Daya - Jalan Sagu 34,Unknown,Tebrau
103453171,343000,807.0,3.0,2.0,1.0,5,0,0,0,0,0,0,0,2017.0,9.0,17.0,322.0,1629.0,1,1,0,0,1,0,0,Apartment,Freehold,Bumi Lot,High,Johor,Bayu Angkasa Apartments @ Nusa Bayu,UEM Sunrise Berhad,Iskandar Puteri
103661176,229000,987.0,3.0,2.0,1.0,4,0,0,0,0,0,0,0,,,,,1123.0,0,1,1,0,1,0,0,Apartment,Freehold,Non Bumi Lot,Unknown,Selangor,Sri Cempaka Apartment,TLS Group,Kajang
103344302,210000,753.0,3.0,2.0,1.0,2,0,0,0,0,0,0,0,,,,,444.0,0,0,0,0,1,0,0,Flat,Freehold,Non Bumi Lot,High,Johor,Flat Bukit Indah,Unknown,Iskandar Puteri
103665195,338800,850.0,3.0,2.0,1.0,4,1,1,0,1,0,1,1,2000.0,26.0,8.0,,788.0,1,1,0,0,1,0,0,Apartment,Freehold,Non Bumi Lot,Medium,Selangor,Fairville,Sime Darby Property Berhad,Subang Jaya
103071712,360000,850.0,3.0,2.0,1.0,4,1,1,0,1,0,1,1,2000.0,26.0,8.0,,822.0,1,1,0,0,1,0,0,Apartment,Freehold,Non Bumi Lot,Low,Selangor,Fairville,Sime Darby Property Berhad,Subang Jaya
103251261,429999,1075.0,3.0,2.0,1.0,6,0,0,0,0,0,0,0,,,,,358.0,1,1,1,1,1,0,0,Condominium,Leasehold,Bumi Lot,Medium,Sabah,Greenfield Residence (Kota Kinabalu),Unknown,Kota Kinabalu
102546516,489999,1000.0,3.0,2.0,1.0,8,0,0,0,0,0,0,0,2015.0,11.0,,,209.0,1,1,1,1,1,0,0,Condominium,Leasehold,Non Bumi Lot,Medium,Sabah,Lido Four Seasons Residence,Unknown,Kota Kinabalu
102707113,158000,550.0,2.0,1.0,1.0,0,0,0,0,0,0,0,0,,,,,629.0,0,0,0,0,0,0,1,Apartment,Freehold,Non Bumi Lot,Medium,Penang,Seri Semarak Apartment,Unknown,Ayer Itam
98927500,480000,1060.0,1.0,2.0,1.0,5,0,0,0,0,0,0,0,,,17.0,160.0,662.0,1,1,1,0,1,1,1,Condominium,Freehold,Non Bumi Lot,Low,Penang,Seaview Garden,Unknown,Batu Ferringhi
97027550,2300000,4800.0,4.0,4.0,2.0,9,0,0,0,0,0,0,0,,,31.0,34.0,714.0,1,1,0,1,1,1,1,Condominium,Freehold,Non Bumi Lot,Medium,Penang,H Residence (One Ritz Residence),Econy Development Sdn Bhd,Pulau Tikus
103783451,315000,857.0,3.0,2.0,1.0,12,1,0,0,1,0,0,0,2014.0,12.0,23.0,744.0,711.0,1,1,1,1,1,1,0,Service Residence,Freehold,Non Bumi Lot,High,Selangor,Amara Service Residences,Jaya Megah Development Sdn Bhd,Batu Caves
103783436,388000,560.0,1.0,1.0,1.0,11,1,1,1,1,1,1,0,2012.0,14.0,38.0,1033.0,643.0,1,1,1,1,1,0,1,Service Residence,Freehold,Non Bumi Lot,High,Kuala Lumpur,Regalia Residence,Mayland Group,Kuala Lumpur
103389751,950000,1310.0,3.0,2.0,2.0,8,0,0,0,0,0,0,0,2021.0,5.0,24.0,1235.0,673.0,1,1,1,1,1,0,1,Condominium,Freehold,Non Bumi Lot,Medium,Penang,QuayWest Residence,Asia Green Group,Batu Uban
103193773,340000,750.0,3.0,2.0,1.0,6,0,0,0,0,0,0,0,,,20.0,608.0,687.0,0,1,1,0,1,1,1,Apartment,Freehold,Non Bumi Lot,Low,Penang,Idaman Lavender 3,Sri Tunas Sdn Bhd,Bayan Lepas
103115432,310000,750.0,3.0,2.0,1.0,4,0,0,0,0,0,0,0,1999.0,27.0,8.0,224.0,640.0,0,1,1,0,0,0,1,Apartment,Freehold,Non Bumi Lot,Medium,Penang,Desa Mas Melur,Unknown,George Town
102248352,860000,1475.0,3.0,2.0,2.0,2,0,0,0,0,0,0,0,1992.0,34.0,5.0,,577.0,0,1,0,0,0,0,0,Condominium,Freehold,Non Bumi Lot,Unknown,Penang,Bagan Aman,Unknown,George Town
103783417,150000,700.0,3.0,1.0,1.0,2,0,1,0,0,0,0,0,,,5.0,7810.0,431.0,0,0,0,0,1,0,0,Apartment,Freehold,Non Bumi Lot,Low,Selangor,Pangsapuri Baiduri (Bandar Tasik Kesuma),Unknown,Beranang
103783410,438000,776.0,2.0,2.0,2.0,5,0,0,0,0,0,0,0,2017.0,9.0,42.0,670.0,564.0,1,1,1,1,0,1,0,Condominium,Freehold,Non Bumi Lot,Unknown,Penang,The Clovers,Asia Green Group,Sungai Ara
103783466,365000,750.0,3.0,2.0,2.0,9,0,0,0,0,0,0,0,1997.0,29.0,32.0,988.0,461.0,1,1,1,1,1,1,1,Condominium,Freehold,Non Bumi Lot,Medium,Penang,N-Park Condominium,Unknown,Gelugor
103783464,430000,592.0,1.0,1.0,1.0,5,0,0,0,0,0,0,0,,,18.0,,265.0,0,1,1,0,1,1,0,Condominium,Freehold,Non Bumi Lot,Medium,Pahang,Mawar Apartments,Unknown,Genting Highlands
103783462,460000,1130.0,3.0,2.0,2.0,0,0,0,0,0,0,0,0,,,,,535.0,0,0,0,0,0,1,0,Condominium,Freehold,Non Bumi Lot,Unknown,Penang,Abel Residence,Unknown,Bukit Mertajam
97057720,660000,852.0,2.0,2.0,2.0,8,1,1,0,1,1,1,0,2019.0,7.0,52.0,1633.0,671.0,1,1,1,1,1,1,0,Service Residence,Freehold,Non Bumi Lot,Low,Kuala Lumpur,Millerz Square @ Old Klang Road,Exsim Group,Kuala Lumpur
99982034,394000,1065.0,3.0,2.0,2.0,9,0,0,0,0,0,1,0,2016.0,10.0,4.0,1054.0,718.0,1,1,1,1,1,1,0,Service Residence,Freehold,Non Bumi Lot,Medium,Selangor,City of Green Condominium,BJ Homes Development Sdn Bhd,Seri Kembangan
103314655,155000,600.0,3.0,1.0,1.0,3,0,0,0,0,0,0,0,,,,,401.0,0,0,0,0,1,0,0,Flat,Leasehold,Non Bumi Lot,Medium,Selangor,Taman Pinggiran Batu Caves Flat,Unknown,Batu Caves
97221475,128000,650.0,3.0,2.0,1.0,2,1,1,0,1,0,1,0,,,,,530.0,0,0,0,0,1,0,0,Apartment,Leasehold,Non Bumi Lot,High,Selangor,Puchong Permai,Unknown,Puchong
99912234,215000,720.0,3.0,2.0,1.0,9,1,0,0,0,1,1,0,,,,,607.0,1,1,1,0,1,0,0,Condominium,Leasehold,Non Bumi Lot,Medium,Selangor,Pangsapuri Suria (Puchong),Unknown,Puchong
103305469,145000,540.0,3.0,1.0,1.0,3,0,0,0,0,0,0,0,,,,,333.0,0,0,0,0,1,0,0,Apartment,Leasehold,Non Bumi Lot,Medium,Selangor,Taman Puchong Perdana,Unknown,Puchong
103447392,380000,1331.0,4.0,2.0,1.0,6,0,0,0,0,0,0,0,2013.0,13.0,17.0,475.0,609.0,1,1,0,1,1,0,0,Condominium,Freehold,Non Bumi Lot,Unknown,Kuala Lumpur,Platinum Hill PV 3,Platinum Victory Development Sdn Bhd,Kuala Lumpur
102746012,260000,800.0,3.0,2.0,1.0,3,0,0,0,0,0,0,0,,,,,614.0,1,1,0,0,0,0,0,Apartment,Leasehold,Bumi Lot,Unknown,Kuala Lumpur,Permai Prima @ Bukit Ampang Permai,Keringat Group,Kuala Lumpur
102107357,355000,700.0,3.0,2.0,2.0,0,0,0,0,0,0,0,0,2000.0,26.0,12.0,,629.0,0,0,0,0,0,1,1,Apartment,Freehold,Non Bumi Lot,Unknown,Penang,Taman Lembah Hijau Block 3,Unknown,George Town
103725559,630000,1100.0,3.0,2.0,4.0,9,0,0,0,0,0,0,0,2016.0,10.0,30.0,816.0,648.0,1,1,1,1,1,0,1,Condominium,Freehold,Non Bumi Lot,High,Penang,Imperial Residences,Ideal Property Group,Sungai Ara
92021859,330000,750.0,3.0,2.0,1.0,9,0,0,0,0,0,0,0,2012.0,14.0,30.0,500.0,653.0,1,1,1,1,1,0,0,Apartment,Freehold,Non Bumi Lot,High,Penang,Melody Homes,Belleview Group,Ayer Itam
99721921,1500000,2600.0,6.0,5.0,2.0,10,0,0,0,0,0,0,0,2011.0,15.0,36.0,326.0,346.0,1,1,0,1,1,1,1,Condominium,Freehold,Non Bumi Lot,Unknown,Penang,Central Park,Insa Properties,Greenlane
103783279,528000,1300.0,3.0,2.0,2.0,13,0,0,0,0,0,0,0,2015.0,11.0,6.0,225.0,532.0,1,1,1,1,1,1,0,Condominium,Freehold,Non Bumi Lot,Unknown,Penang,Setia Tri-Angle Residential Condominiums,Setia Promenade Sdn Bhd (SP Setia),Bayan Lepas
103783264,350000,700.0,3.0,2.0,1.0,2,0,0,0,0,0,0,0,1999.0,27.0,21.0,520.0,530.0,0,0,1,0,0,1,1,Apartment,Freehold,Non Bumi Lot,Medium,Penang,Taman Kristal,Unknown,Tanjong Tokong
103783265,430000,850.0,3.0,2.0,1.0,2,0,0,0,0,0,0,0,,,,,524.0,0,0,1,0,0,1,1,Apartment,Freehold,Non Bumi Lot,Medium,Penang,Desa Penaga,Unknown,Jelutong
103315698,345000,680.0,3.0,2.0,1.0,5,0,0,0,0,0,0,0,2013.0,13.0,31.0,780.0,675.0,1,1,1,0,0,1,1,Apartment,Freehold,Non Bumi Lot,High,Penang,Centrio Avenue,Boon Siew Group,Gelugor
103659875,320000,700.0,3.0,2.0,1.0,3,0,0,0,0,0,0,0,,,14.0,,648.0,0,1,1,0,0,0,1,Condominium,Freehold,Non Bumi Lot,Medium,Penang,Greenlane Heights,Hunza Properties Berhad,Greenlane
103389671,450000,776.0,2.0,2.0,2.0,5,0,0,0,0,0,0,0,2017.0,9.0,42.0,670.0,674.0,1,1,1,1,0,1,1,Condominium,Freehold,Non Bumi Lot,High,Penang,The Clovers,Asia Green Group,Sungai Ara
103052017,780000,1500.0,4.0,3.0,1.0,9,0,0,0,0,0,0,0,2009.0,17.0,21.0,258.0,622.0,1,1,1,1,1,0,1,Condominium,Freehold,Non Bumi Lot,Low,Penang,I-Regency Condominium,Cygal Properties Sdn Bhd,Gelugor
103783372,550000,1200.0,3.0,2.0,2.0,6,0,0,0,0,0,0,0,2016.0,10.0,20.0,771.0,577.0,1,1,0,1,1,1,0,Condominium,Freehold,Non Bumi Lot,Unknown,Penang,One Imperial,Ideal Property Group,Sungai Ara
103490280,280000,1055.0,3.0,2.0,2.0,5,0,0,0,0,0,0,0,2006.0,20.0,22.0,246.0,932.0,0,1,1,0,0,1,1,Apartment,Freehold,Non Bumi Lot,High,Selangor,Pangsapuri Saujana Permai 2,Majlis Perbandaran Kajang,Kajang
103694941,360000,1000.0,4.0,2.0,1.0,5,0,0,0,0,0,0,0,,,,1000.0,1181.0,1,1,1,0,1,0,0,Apartment,Freehold,Non Bumi Lot,High,Penang,The Stone (Ayer Itam),PLB Land Sdn Bhd,Ayer Itam
76155208,750000,4177.0,6.0,7.0,3.0,0,0,1,1,0,0,0,0,,,,551.0,1409.0,0,0,0,0,0,0,0,Condominium,Freehold,Non Bumi Lot,Unknown,Selangor,Silk Residence,Cheras Hong Soon Development Sdn Bhd,Cheras
103010498,344000,893.0,3.0,2.0,1.0,7,0,0,0,0,0,0,0,2016.0,10.0,49.0,2155.0,753.0,1,1,1,1,1,0,0,Condominium,Leasehold,Non Bumi Lot,Medium,Penang,I-Santorini,Ideal Property Group,Tanjong Tokong
103783358,270000,700.0,3.0,2.0,1.0,3,0,0,0,0,0,0,0,2005.0,21.0,22.0,,392.0,0,1,0,0,1,0,0,Apartment,Leasehold,Non Bumi Lot,Medium,Penang,Sri Impian (Penang),Unknown,Ayer Itam
103602392,420000,915.0,3.0,2.0,1.0,3,1,1,0,1,1,1,0,1991.0,35.0,4.0,,533.0,0,1,0,0,1,0,0,Condominium,Freehold,Non Bumi Lot,Low,Selangor,Lafite Apartment (Subang Jaya),Sime Darby Property Berhad,Subang Jaya
103783351,380000,700.0,3.0,2.0,1.0,9,0,0,0,0,0,0,0,2012.0,14.0,30.0,500.0,521.0,1,1,1,1,1,1,1,Apartment,Freehold,Non Bumi Lot,Medium,Penang,Melody Homes,Belleview Group,Ayer Itam
103783347,230000,818.0,3.0,2.0,1.0,6,0,0,0,0,0,0,0,,,5.0,480.0,729.0,0,1,0,0,1,0,0,Apartment,Freehold,Bumi Lot,High,Selangor,Pangsapuri Waja,Unknown,Cheras
103783346,255000,936.0,3.0,2.0,1.0,9,0,0,0,0,0,0,0,,,23.0,,743.0,1,1,1,1,1,0,0,Condominium,Freehold,Bumi Lot,Low,Melaka,Langat Jaya,Unknown,Cheras
103783345,200000,840.0,3.0,2.0,1.0,2,0,0,0,0,0,0,0,,,5.0,1.0,729.0,0,1,0,0,0,0,0,Apartment,Freehold,Bumi Lot,High,Selangor,Desa Putra Apartment (Batu Caves),Unknown,Ampang
103783338,858520,1651.0,3.0,2.0,1.0,6,0,0,0,0,0,0,0,,,,,477.0,1,1,1,1,0,0,0,Service Residence,Leasehold,Non Bumi Lot,Unknown,Sarawak,Imperial Suites (Kuching),Unknown,Kuching
101221481,385000,800.0,3.0,2.0,2.0,7,0,0,0,0,0,0,0,2008.0,18.0,29.0,,856.0,0,1,0,1,1,1,1,Apartment,Freehold,Non Bumi Lot,Unknown,Penang,Relau Vista,Alor Vista Sdn Bhd,Bayan Lepas
100617960,390000,982.0,3.0,2.0,1.0,5,1,0,0,1,0,1,0,,,16.0,,914.0,1,1,0,0,1,1,0,Condominium,Freehold,Non Bumi Lot,Unknown,Kuala Lumpur,Menara Menjalara,Unknown,Kuala Lumpur
97715055,358000,995.0,3.0,2.0,1.0,8,1,0,0,0,1,1,1,,,,188.0,679.0,0,1,0,1,1,0,0,Apartment,Freehold,Non Bumi Lot,Unknown,Kuala Lumpur,Bukit Segambut,Unknown,Kuala Lumpur
102753685,390000,1000.0,2.0,2.0,1.0,6,1,0,0,1,0,1,0,2008.0,18.0,22.0,500.0,586.0,1,1,0,0,1,0,0,Condominium,Leasehold,Non Bumi Lot,Medium,Kuala Lumpur,Vista Mutiara,Aik Bee Timbers,Kuala Lumpur
103783233,420000,1191.0,2.0,2.0,1.0,7,0,0,0,0,0,0,0,2016.0,10.0,20.0,973.0,548.0,1,1,0,1,0,0,1,Apartment,Leasehold,Non Bumi Lot,Medium,Johor,Seasons Luxury Apartments @ Amara Larkin,Teori Warisan Sdn Bhd,Johor Bahru
103783227,185000,500.0,2.0,1.0,1.0,3,0,0,0,0,0,0,0,2002.0,24.0,15.0,932.0,228.0,0,1,1,0,0,0,1,Apartment,Freehold,Non Bumi Lot,Unknown,Penang,Krystal Heights,Unknown,Jelutong
102707812,680000,635.0,1.0,1.0,1.0,4,1,0,1,0,0,1,0,2006.0,20.0,,,893.0,1,1,0,0,1,1,0,Condominium,Freehold,Non Bumi Lot,Low,Kuala Lumpur,Nadia,Perdana ParkCity,Kuala Lumpur
101379433,430000,500.0,1.0,1.0,1.0,7,0,0,0,0,0,0,0,,,,,1051.0,1,1,0,1,1,0,0,Service Residence,Freehold,Non Bumi Lot,Medium,Unknown,Unknown,Unknown,Unknown
99630680,500000,1124.0,3.0,3.0,2.0,6,0,1,1,1,1,1,0,2016.0,10.0,22.0,616.0,1309.0,1,1,0,1,1,1,0,Service Residence,Freehold,Non Bumi Lot,High,Selangor,V-Residensi 2,B&G Property,Shah Alam
95939125,550000,468.0,1.0,1.0,1.0,0,0,0,0,0,0,0,0,,,,,1131.0,0,0,0,0,0,1,0,Condominium,Freehold,Non Bumi Lot,Unknown,Unknown,Unknown,Unknown,Unknown
98708890,505000,1645.0,4.0,3.0,2.0,0,0,0,0,0,0,0,0,,,,,393.0,0,0,0,0,0,0,0,Condominium,Freehold,Non Bumi Lot,Unknown,Unknown,Unknown,Unknown,Unknown
100753214,300000,904.0,3.0,2.0,1.0,2,0,0,0,0,0,0,0,,,,,641.0,0,1,0,0,0,0,0,Apartment,Freehold,Non Bumi Lot,Unknown,Unknown,Unknown,Unknown,Unknown
100753863,350000,1142.0,3.0,2.0,1.0,7,0,0,0,0,0,0,0,,,,,589.0,1,0,0,1,1,1,0,Condominium,Freehold,Non Bumi Lot,Unknown,Unknown,Unknown,Unknown,Unknown
101520669,645000,904.0,2.0,2.0,1.0,6,0,0,0,0,0,0,0,,,,,585.0,1,1,0,1,1,1,0,Service Residence,Freehold,Non Bumi Lot,Low,Unknown,Unknown,Unknown,Unknown
101709333,570000,1200.0,3.0,2.0,1.0,5,0,0,0,0,0,0,0,,,,,733.0,1,1,0,1,1,1,0,Condominium,Freehold,Non Bumi Lot,High,Unknown,Unknown,Unknown,Unknown
100683528,620000,1519.0,3.0,2.0,1.0,9,0,0,0,0,0,0,0,,,,,393.0,1,1,0,1,1,1,0,Condominium,Freehold,Non Bumi Lot,Unknown,Unknown,Unknown,Unknown,Unknown
102897216,625000,1450.0,3.0,2.0,1.0,3,0,0,0,0,0,0,0,1989.0,37.0,3.0,186.0,184.0,0,1,0,0,0,0,0,Apartment,Freehold,Non Bumi Lot,Unknown,Penang,Mutiara Court (Penang),Unknown,Gelugor
100252019,400000,916.0,3.0,2.0,1.0,0,0,0,0,0,0,0,0,,,,,395.0,0,0,0,0,0,1,0,Condominium,Freehold,Non Bumi Lot,Unknown,Unknown,Unknown,Unknown,Unknown
103783318,520000,1214.0,3.0,2.0,1.0,2,0,0,0,0,0,0,0,,,,374.0,522.0,0,1,0,0,0,0,0,Service Residence,Freehold,Non Bumi Lot,Medium,Johor,Sky Loft Premium Suites @ Bukit Indah,Setia Promenade Sdn Bhd (SP Setia),Johor Bahru
103783311,220000,791.0,3.0,2.0,1.0,0,0,0,0,0,0,0,1,,,,,701.0,0,0,0,0,0,0,1,Apartment,Freehold,Non Bumi Lot,Unknown,Selangor,Teratai Apartment @ Taman Sutera,Modal Ehsan Sdn Bhd,Kajang
102896891,420000,850.0,3.0,2.0,1.0,2,0,0,0,0,0,0,0,1994.0,32.0,4.0,60.0,208.0,0,1,0,0,0,1,1,Apartment,Freehold,Non Bumi Lot,Unknown,Penang,Mawar Apartment (Sungai Nibong),Unknown,Sungai Nibong
103460144,700000,1100.0,3.0,2.0,2.0,7,0,0,0,0,0,0,0,2011.0,15.0,22.0,531.0,331.0,1,1,0,1,1,1,0,Condominium,Leasehold,Non Bumi Lot,High,Penang,Summer Place,Jelutong Development Sdn. Bhd. (IJM Land),George Town
103783301,480000,2045.0,6.0,4.0,2.0,11,0,0,0,0,0,0,0,,,21.0,360.0,497.0,1,1,0,1,1,0,0,Condominium,Leasehold,Non Bumi Lot,High,Johor,Dwi Mahkota,Unknown,Tampoi
103749775,290000,955.0,2.0,3.0,1.0,0,1,0,1,0,0,0,0,,,,,928.0,0,0,0,0,0,0,1,Apartment,Freehold,Bumi Lot,Low,Selangor,Pangsapuri Perdana Villa,Unknown,Klang
103691723,520000,818.0,2.0,2.0,3.0,9,0,0,0,0,0,0,0,2017.0,9.0,,,194.0,1,1,1,1,1,0,0,Condominium,Freehold,Non Bumi Lot,High,Sarawak,Riverine Diamond,IJM Land Berhad,Kuching
103217445,220000,600.0,2.0,1.0,1.0,5,0,0,0,0,0,0,0,2004.0,22.0,6.0,210.0,182.0,0,1,1,0,1,0,0,Apartment,Leasehold,Non Bumi Lot,Low,Penang,Desa Pinang 1,IJM LAND BERHAD,Jelutong
101675234,170000,650.0,3.0,1.0,1.0,2,1,0,0,1,1,1,1,,,12.0,3045.0,864.0,0,0,0,0,1,0,0,Apartment,Leasehold,Non Bumi Lot,Low,Selangor,Desa Mentari,Mentari Housing Development,Petaling Jaya
102561588,430000,450.0,1.0,1.0,1.0,9,0,0,0,0,0,0,0,2006.0,20.0,41.0,417.0,609.0,1,1,0,1,1,0,0,Condominium,Freehold,Non Bumi Lot,Unknown,Kuala Lumpur,Parkview Service Apartment,Malaysia Land Properties Sdn. Bhd.,Kuala Lumpur
102747063,285000,883.0,3.0,2.0,1.0,2,0,0,0,0,0,1,0,,,,,876.0,0,0,0,0,1,0,0,Apartment,Leasehold,Non Bumi Lot,Unknown,Selangor,Pangsapuri Opal,Unknown,Shah Alam
102673963,300000,944.0,3.0,2.0,1.0,0,1,0,0,1,0,1,0,,,,,823.0,0,0,0,0,0,0,0,Apartment,Freehold,Non Bumi Lot,Unknown,Selangor,Lily & Rose,Unknown,Petaling Jaya
102745690,328000,1250.0,3.0,2.0,1.0,0,0,0,0,0,0,0,0,2016.0,10.0,,428.0,618.0,0,0,0,0,0,0,0,Condominium,Freehold,Non Bumi Lot,Unknown,Selangor,Ameera Residence,TLS Group,Kajang
103783141,368000,1222.0,3.0,2.0,1.0,11,1,0,0,1,0,1,1,1996.0,30.0,16.0,,511.0,1,1,1,1,1,1,0,Condominium,Freehold,Non Bumi Lot,Unknown,Kuala Lumpur,Bukit OUG Condominium,BERJAYA GROUP,Kuala Lumpur
103451619,290000,833.0,3.0,2.0,1.0,11,1,1,1,1,0,1,0,2007.0,19.0,24.0,299.0,1338.0,1,1,1,1,1,0,1,Apartment,Leasehold,Bumi Lot,High,Selangor,Permai Puteri,Permai Syukur Sdn. Bhd.,Ampang
103643436,395000,1335.0,4.0,2.0,1.0,14,0,0,0,0,0,0,0,2006.0,20.0,17.0,950.0,654.0,1,1,1,1,1,0,0,Condominium,Freehold,Non Bumi Lot,Medium,Kuala Lumpur,Platinum Hill PV 5,Platinum Victory Development Sdn Bhd,Kuala Lumpur
101898183,330000,750.0,3.0,2.0,1.0,9,0,0,0,0,0,0,0,2012.0,14.0,30.0,500.0,653.0,1,1,1,1,1,0,0,Apartment,Freehold,Non Bumi Lot,High,Penang,Melody Homes,Belleview Group,Ayer Itam
101257243,760000,1254.0,3.0,2.0,2.0,9,0,0,0,0,0,0,0,2018.0,8.0,44.0,378.0,656.0,1,1,1,1,1,0,0,Condominium,Freehold,Non Bumi Lot,High,Penang,Grace Residence,Nova Mulia Development Sdn Bhd,Jelutong
101900153,825000,1254.0,3.0,2.0,2.0,7,0,0,0,0,0,0,0,2018.0,8.0,44.0,378.0,651.0,1,1,0,1,1,0,1,Condominium,Freehold,Non Bumi Lot,Medium,Penang,Grace Residence,Nova Mulia Development Sdn Bhd,Jelutong
103284027,410000,1000.0,3.0,2.0,2.0,3,0,0,0,0,0,0,0,,,,1000.0,659.0,0,1,1,0,0,0,1,Service Residence,Freehold,Non Bumi Lot,High,Penang,The Stone (Ayer Itam),PLB Land Sdn Bhd,Ayer Itam
103783120,430000,592.0,1.0,1.0,1.0,6,0,0,0,0,0,0,0,,,18.0,,219.0,0,1,1,0,1,0,1,Condominium,Freehold,Non Bumi Lot,Medium,Pahang,Mawar Apartments,Unknown,Genting Highlands
103783085,160000,789.0,3.0,2.0,1.0,2,1,0,0,0,1,0,0,,,4.0,,708.0,0,0,0,0,1,0,0,Apartment,Freehold,Non Bumi Lot,Low,Selangor,Pangsapuri Seri Inai,Talam Transform Berhad,Rawang
103129715,425000,1259.0,3.0,2.0,1.0,6,0,0,0,0,0,0,1,,,5.0,,416.0,1,1,1,0,1,0,0,Apartment,Freehold,Bumi Lot,High,Selangor,Pangsapuri Miro,Unknown,Kajang
100648022,590000,1357.0,4.0,3.0,2.0,7,0,0,0,0,0,0,0,2015.0,11.0,16.0,94.0,1449.0,1,1,0,1,1,0,0,Condominium,Leasehold,Bumi Lot,Unknown,Selangor,Mutiara Merdeka Condominium,Darma Hemat Sdn. Bhd.,Ampang
103742424,193000,760.0,3.0,2.0,1.0,2,1,0,0,0,1,0,0,,,,,912.0,0,1,0,0,0,0,1,Apartment,Leasehold,Bumi Lot,Low,Selangor,Astana Alam 2 Pangsapuri Blok Gemalai,Unknown,Puncak Alam
103783048,547000,2293.0,5.0,4.0,2.0,14,0,0,0,0,0,0,0,1999.0,27.0,16.0,520.0,1143.0,1,1,1,1,1,1,0,Condominium,Freehold,Non Bumi Lot,High,Selangor,Impian Heights,IOI Properties Group Berhad,Puchong
103783179,400000,541.0,1.0,1.0,1.0,8,0,0,0,0,0,0,0,2019.0,7.0,15.0,760.0,798.0,1,1,0,1,1,1,0,Service Residence,Freehold,Non Bumi Lot,Unknown,Pahang,TimurBay Seafront Residences,PJD Group,Kuantan
103565502,310000,1011.0,3.0,2.0,1.0,5,0,0,0,0,0,0,0,2018.0,8.0,,296.0,884.0,1,1,1,0,1,0,0,Apartment,Freehold,Non Bumi Lot,Low,Selangor,Puncak Hijauan,Ever Land & Development Sdn. Bhd.,Kajang
101710732,275000,700.0,3.0,2.0,1.0,3,0,0,0,0,0,0,0,,,27.0,454.0,618.0,0,1,1,0,0,0,1,Apartment,Freehold,Non Bumi Lot,High,Penang,Mutiara Vista,Syarikat Perumahan Negara Berhad,Jelutong
96641475,255000,700.0,2.0,2.0,1.0,0,0,0,0,0,0,0,0,,,,,485.0,0,0,0,0,0,1,1,Apartment,Leasehold,Non Bumi Lot,Low,Penang,Desa Baiduri,Unknown,Ayer Itam
101687435,380000,800.0,3.0,2.0,2.0,3,0,0,0,0,0,0,0,2016.0,10.0,,1900.0,679.0,0,1,1,0,0,0,1,Apartment,Leasehold,Non Bumi Lot,High,Penang,The Rise Collection 2,Zubicon Sdn. Bhd.,George Town
103113723,295000,700.0,3.0,2.0,1.0,3,0,0,0,0,0,0,0,2000.0,26.0,22.0,403.0,650.0,0,1,1,0,0,1,1,Condominium,Freehold,Non Bumi Lot,Low,Penang,Desa Bistari (Gelugor),Unknown,Gelugor
103106128,500000,900.0,3.0,2.0,1.0,5,0,0,0,0,0,0,0,2004.0,22.0,29.0,274.0,672.0,1,1,1,0,1,1,1,Condominium,Freehold,Non Bumi Lot,High,Penang,University Place (Plaza Ivory),Ivory Properties Group Sdn Bhd,Gelugor
103057728,360000,850.0,3.0,2.0,1.0,5,0,0,0,0,0,0,0,1998.0,28.0,21.0,406.0,651.0,1,1,1,0,1,0,1,Condominium,Freehold,Non Bumi Lot,Low,Penang,Kingfisher Series Condominium,Hunza Properties Berhad,George Town
103561320,159000,550.0,2.0,1.0,1.0,0,0,0,0,0,0,0,0,,,,,175.0,0,0,0,0,0,0,0,Flat,Leasehold,Non Bumi Lot,Low,Johor,Taman Tampoi Utama Flat,Unknown,Johor Bahru
103470389,160000,770.0,3.0,2.0,1.0,0,0,0,0,0,0,0,0,,,,,377.0,0,0,0,0,0,0,1,Apartment,Leasehold,Bumi Lot,Medium,Johor,Flat Taman Perling,I&P Group,Perling
102999145,295000,850.0,3.0,2.0,1.0,5,0,0,1,0,1,1,0,2010.0,16.0,,435.0,550.0,1,1,1,0,0,0,0,Apartment,Freehold,Non Bumi Lot,Unknown,Selangor,Alam Prima,Syarikat Perumahan Negara Berhad,Shah Alam
103783144,480000,887.0,3.0,2.0,2.0,10,0,0,0,0,0,0,0,2013.0,13.0,30.0,808.0,473.0,1,1,1,1,1,1,0,Condominium,Freehold,Non Bumi Lot,Low,Penang,All Seasons Park,Belleview Group,Ayer Itam
97162366,425000,1055.0,4.0,2.0,2.0,5,0,0,0,0,0,0,0,,,14.0,504.0,756.0,0,1,1,0,1,0,0,Apartment,Leasehold,Non Bumi Lot,High,Kuala Lumpur,Vista Angkasa,Dewan Bandaraya Kuala Lumpur,Kuala Lumpur
101811340,288000,950.0,3.0,2.0,1.0,0,0,0,0,0,0,0,0,,,,,279.0,0,0,0,0,0,1,0,Apartment,Leasehold,Non Bumi Lot,High,Johor,The Pines Residence,Unknown,Gelang Patah
103445983,420000,1065.0,3.0,2.0,1.0,0,0,0,0,0,0,0,0,,,,144.0,613.0,0,0,0,0,0,0,0,Condominium,Freehold,Non Bumi Lot,Unknown,Selangor,Seri Tijanni,Golden Armani Sdn Bhd,Sungai Buloh
102748654,390000,1050.0,4.0,2.0,1.0,6,1,1,1,0,0,0,0,,,5.0,,951.0,1,1,0,0,1,0,0,Condominium,Leasehold,Non Bumi Lot,Unknown,Kuala Lumpur,Sri Kenangan,Unknown,Kuala Lumpur
103097692,240000,800.0,3.0,2.0,1.0,0,1,0,0,0,1,1,0,,,,,791.0,0,0,0,0,0,0,0,Apartment,Leasehold,Bumi Lot,Unknown,Kuala Lumpur,Elena Apartment,Unknown,Kuala Lumpur
102640532,495000,1152.0,3.0,2.0,1.0,6,0,0,0,1,1,1,0,2017.0,9.0,21.0,792.0,775.0,1,1,0,0,1,0,0,Condominium,Leasehold,Non Bumi Lot,Unknown,Kuala Lumpur,Midfields 2,YTL Corporation,Kuala Lumpur
100648098,285000,915.0,3.0,2.0,1.0,0,1,1,1,0,0,1,0,,,5.0,,1324.0,0,0,0,0,0,1,1,Apartment,Leasehold,Bumi Lot,High,Selangor,Bunga Raya (Ampang),Unknown,Ampang
103451751,355000,850.0,3.0,2.0,1.0,5,0,0,0,0,0,0,0,2016.0,10.0,,1900.0,684.0,1,1,1,0,1,0,1,Apartment,Leasehold,Non Bumi Lot,High,Penang,The Rise Collection 2,Zubicon Sdn. Bhd.,George Town
103340412,360000,850.0,3.0,2.0,1.0,5,0,0,0,0,0,0,0,1998.0,28.0,21.0,406.0,656.0,1,1,1,0,1,0,1,Condominium,Freehold,Non Bumi Lot,Medium,Penang,Kingfisher Series Condominium,Hunza Properties Berhad,George Town
102384300,900000,1946.0,3.0,2.0,3.0,11,0,0,0,0,0,0,0,2020.0,6.0,42.0,150.0,682.0,1,1,1,1,1,1,1,Condominium,Freehold,Non Bumi Lot,Low,Penang,The Uban Residence,Cosmopolitan Homes Sdn Bhd,Batu Uban
103763222,531000,1200.0,3.0,3.0,1.0,3,1,0,0,1,1,1,0,,,5.0,,1594.0,1,0,1,0,1,0,0,Condominium,Freehold,Non Bumi Lot,Medium,Kuala Lumpur,Apartment Sentul,Unknown,Kuala Lumpur
103763215,532000,1200.0,3.0,3.0,3.0,2,1,0,0,1,1,1,0,,,5.0,,1594.0,0,1,0,0,0,0,0,Condominium,Freehold,Non Bumi Lot,High,Kuala Lumpur,Apartment Sentul,Unknown,Kuala Lumpur
101190108,250000,650.0,3.0,2.0,1.0,3,0,0,0,0,0,0,0,,,27.0,454.0,588.0,0,1,1,0,0,0,0,Apartment,Freehold,Non Bumi Lot,Medium,Penang,Mutiara Vista,Syarikat Perumahan Negara Berhad,Jelutong
100417213,260000,700.0,3.0,2.0,1.0,3,0,0,0,0,0,0,0,1997.0,29.0,22.0,1008.0,649.0,0,1,1,0,0,0,1,Apartment,Freehold,Non Bumi Lot,Low,Penang,Desa Green Apartment (Jelutong),Unknown,Jelutong
102470889,498000,939.0,3.0,2.0,3.0,14,0,0,0,0,0,0,0,2011.0,15.0,38.0,420.0,685.0,1,1,1,1,1,1,1,Condominium,Freehold,Non Bumi Lot,High,Penang,Boulevard Condominium (BLVD),Reka Indah Development Sdn Bhd,Ayer Itam
102451918,410000,810.0,3.0,2.0,2.0,3,0,0,0,0,0,0,0,2016.0,10.0,,1900.0,644.0,0,1,1,0,0,0,1,Apartment,Leasehold,Non Bumi Lot,High,Penang,The Rise Collection 2,Zubicon Sdn. Bhd.,George Town
103763235,530500,1200.0,3.0,3.0,3.0,3,1,0,0,1,1,1,0,,,5.0,,1594.0,0,0,0,1,0,0,0,Condominium,Freehold,Non Bumi Lot,Low,Kuala Lumpur,Apartment Sentul,Unknown,Kuala Lumpur
103251056,280000,850.0,3.0,2.0,1.0,0,1,1,0,1,0,1,0,,,,,1612.0,0,0,0,0,0,0,0,Apartment,Leasehold,Bumi Lot,Medium,Selangor,Taman Cahaya,Unknown,Ampang
103315428,405000,800.0,2.0,2.0,1.0,0,1,0,0,1,1,0,0,,,,,494.0,0,0,0,0,0,0,0,Service Residence,Freehold,Non Bumi Lot,Unknown,Kuala Lumpur,Razak City Residences,Razak City Residences,Kuala Lumpur
103782953,330000,1270.0,3.0,2.0,1.0,12,0,0,0,0,0,0,0,,,18.0,,254.0,1,1,1,1,1,0,0,Condominium,Freehold,Non Bumi Lot,Unknown,Kuala Lumpur,Heritage Condominiun,Unknown,Kuala Lumpur
103783035,160000,650.0,3.0,2.0,1.0,0,0,0,0,0,0,0,0,,,,,817.0,0,0,0,0,0,0,0,Apartment,Freehold,Bumi Lot,Medium,Selangor,Orchid Apartment (Pangsapuri Orkid),Unknown,Kajang
103018708,750000,1300.0,3.0,2.0,2.0,5,0,0,0,1,0,1,0,2016.0,10.0,35.0,236.0,1371.0,1,1,0,1,1,1,0,Service Residence,Freehold,Non Bumi Lot,Medium,Kuala Lumpur,8 Kinrara,I & P Group Sdn. Berhad.,Kuala Lumpur
103783027,195000,650.0,3.0,2.0,1.0,5,1,0,0,0,1,1,0,2007.0,19.0,10.0,,689.0,0,1,0,0,1,0,0,Apartment,Freehold,Bumi Lot,Medium,Selangor,Sri Tanjung (USJ 16),Unknown,USJ
103143100,890000,1600.0,4.0,3.0,2.0,8,1,1,1,1,1,0,0,2024.0,2.0,58.0,1300.0,1407.0,1,1,0,1,1,0,0,Service Residence,Leasehold,Non Bumi Lot,Unknown,Kuala Lumpur,Duta Park Residences,Malton Berhad Group,Kuala Lumpur
103468565,230000,476.0,1.0,1.0,1.0,9,0,0,0,0,0,0,0,2014.0,12.0,,561.0,226.0,1,1,0,1,1,0,0,Apartment,Freehold,Non Bumi Lot,Medium,Johor,Greenfield Regency,Alpha Astral,Johor Bahru
103154349,425000,1180.0,3.0,2.0,1.0,0,0,0,0,0,0,0,0,2003.0,23.0,,,568.0,0,0,0,0,0,0,1,Apartment,Leasehold,Non Bumi Lot,Low,Johor,Larkin Residence (Phase One),Niche Properties Sdn Bhd,Johor Bahru
103782938,85000,571.0,3.0,2.0,1.0,1,0,0,0,0,0,0,0,,,,,659.0,0,0,0,0,0,0,0,Flat,Freehold,Non Bumi Lot,High,Johor,Flat Temenggong,Unknown,Kulai
103782997,1700000,2874.0,4.0,4.0,6.0,14,1,1,0,1,1,1,0,2022.0,4.0,38.0,734.0,1609.0,1,1,1,1,1,0,0,Condominium,Leasehold,Non Bumi Lot,Medium,Kuala Lumpur,Tria Residences @ 9 Seputeh,MRCB Land,Kuala Lumpur
101255961,468000,650.0,2.0,1.0,1.0,5,0,0,0,0,0,0,0,,,,,673.0,1,1,1,0,1,1,1,Condominium,Freehold,Non Bumi Lot,Medium,Penang,Artis 3,Airmas Group,Jelutong
100767226,480000,600.0,2.0,1.0,1.0,6,0,0,0,0,0,0,0,2018.0,8.0,49.0,480.0,661.0,1,1,1,1,1,1,1,Service Residence,Freehold,Non Bumi Lot,High,Penang,Arte S,Arte Corp,Gelugor
101189876,250000,650.0,3.0,2.0,1.0,3,0,0,0,0,0,0,0,,,27.0,454.0,641.0,0,1,1,0,0,1,1,Apartment,Freehold,Non Bumi Lot,Medium,Penang,Mutiara Vista,Syarikat Perumahan Negara Berhad,Jelutong
103193831,290000,650.0,3.0,2.0,1.0,3,0,0,0,0,0,0,0,,,27.0,454.0,614.0,0,1,1,0,0,0,0,Apartment,Freehold,Non Bumi Lot,High,Penang,Mutiara Vista,Syarikat Perumahan Negara Berhad,Jelutong
100432981,185000,689.0,3.0,2.0,1.0,3,0,0,0,0,0,0,0,,,11.0,,624.0,0,1,1,0,0,1,1,Apartment,Freehold,Non Bumi Lot,Medium,Selangor,Apartment Minang Ria 2,Unknown,Cheras
103470385,359000,990.0,3.0,2.0,1.0,14,0,0,0,0,0,0,0,,,,,638.0,1,1,1,1,1,0,1,Apartment,Freehold,Non Bumi Lot,Medium,Johor,Nusa Perdana Service Apartment,Unknown,Gelang Patah
100480993,300000,619.0,1.0,1.0,1.0,4,1,1,0,1,0,1,0,2017.0,9.0,34.0,542.0,792.0,1,1,0,1,0,1,1,Service Residence,Leasehold,Non Bumi Lot,High,Kuala Lumpur,Maxim Residences,Meridian Maxim Sdn Bhd,Kuala Lumpur
101519139,600000,1250.0,3.0,2.0,2.0,0,0,0,0,0,0,0,0,2017.0,9.0,30.0,410.0,469.0,0,0,0,0,0,0,0,Condominium,Freehold,Non Bumi Lot,High,Penang,Skycube Residence,GSD Land (M) Sdn Bhd,Sungai Ara
103549889,330000,925.0,3.0,2.0,1.0,5,0,0,0,0,0,1,0,,,11.0,,701.0,1,1,0,1,1,0,0,Apartment,Freehold,Non Bumi Lot,Unknown,Selangor,Desa Saujana,Hadfields Land,Seri Kembangan
103380630,440000,917.0,3.0,2.0,1.0,9,1,1,0,1,1,1,1,2014.0,12.0,16.0,1.0,850.0,1,1,0,1,1,0,0,Service Residence,Leasehold,Non Bumi Lot,Unknown,Kuala Lumpur,D'Alamanda,TSI Holdings Sdn Bhd,Kuala Lumpur
103355256,188000,814.0,3.0,2.0,1.0,2,0,0,0,0,0,0,0,2013.0,13.0,7.0,359.0,613.0,0,0,0,0,1,0,0,Apartment,Freehold,Non Bumi Lot,Unknown,Selangor,Taman Topaz,Perangsang Tin Consolidated,Dengkil
103097681,280000,1052.0,3.0,2.0,1.0,0,0,0,0,0,0,0,0,,,,,683.0,0,0,0,0,0,0,0,Apartment,Freehold,Non Bumi Lot,Unknown,Selangor,D' Puncak Suasana,Unknown,Cheras
102658768,275000,1050.0,3.0,2.0,1.0,1,0,0,0,0,0,0,0,,,,,874.0,0,0,1,0,0,0,0,Apartment,Leasehold,Non Bumi Lot,Unknown,Selangor,Suria Mewah Residensi,Unknown,Semenyih
102561739,170000,850.0,3.0,2.0,1.0,3,1,0,0,0,0,1,0,,,5.0,,754.0,0,1,0,0,1,0,0,Apartment,Leasehold,Non Bumi Lot,Unknown,Selangor,Pangsapuri Seri Jasa,Unknown,Seri Kembangan
89624451,1312000,2333.0,4.0,3.0,2.0,10,0,0,0,0,0,0,0,2013.0,13.0,30.0,808.0,706.0,1,1,1,1,1,0,0,Condominium,Freehold,Non Bumi Lot,High,Penang,All Seasons Park,Belleview Group,Ayer Itam
101898105,570000,1000.0,3.0,2.0,2.0,0,0,0,0,0,0,0,0,2017.0,9.0,30.0,410.0,618.0,0,0,0,0,0,0,1,Condominium,Freehold,Non Bumi Lot,Medium,Penang,Skycube Residence,GSD Land (M) Sdn Bhd,Sungai Ara
103118791,580000,1100.0,3.0,2.0,2.0,9,0,0,0,0,0,0,0,2016.0,10.0,30.0,816.0,676.0,1,1,1,1,1,1,1,Condominium,Freehold,Non Bumi Lot,High,Penang,Imperial Residences,Ideal Property Group,Sungai Ara
102287856,340000,750.0,3.0,2.0,1.0,6,0,0,0,0,0,0,0,,,20.0,608.0,672.0,0,1,1,0,1,1,1,Apartment,Freehold,Non Bumi Lot,High,Penang,Idaman Lavender 3,Sri Tunas Sdn Bhd,Bayan Lepas
102380482,2200000,1636.0,3.0,4.0,2.0,6,0,0,0,0,0,0,0,2018.0,8.0,5.0,115.0,652.0,1,1,1,1,1,1,1,Condominium,Freehold,Non Bumi Lot,Low,Penang,The Shorefront,YTL Land & Development Bhd,George Town
101121674,480000,1060.0,3.0,2.0,2.0,4,0,0,0,0,0,0,0,1996.0,30.0,25.0,237.0,686.0,1,1,1,0,0,1,1,Condominium,Freehold,Non Bumi Lot,Medium,Penang,Menara Greenview,Unknown,Jelutong
100082034,378000,800.0,3.0,2.0,1.0,3,0,0,0,0,0,0,0,,,18.0,112.0,639.0,0,1,1,0,0,0,1,Apartment,Freehold,Non Bumi Lot,High,Penang,Damai Vista Apartment,OHM Group,Jelutong
103251793,368000,700.0,3.0,2.0,1.0,7,0,0,0,0,0,0,0,1999.0,27.0,19.0,322.0,621.0,1,1,1,1,1,1,1,Apartment,Freehold,Non Bumi Lot,Low,Penang,Eastern Court,Tamarins Group Sdn Bhd,Jelutong
99889505,280000,700.0,3.0,2.0,1.0,3,0,0,0,0,0,0,0,,,24.0,234.0,696.0,0,1,1,0,0,1,1,Apartment,Freehold,Non Bumi Lot,Medium,Penang,Shineville Garden,Zantalite Enterprise (M) Sdn Bhd,Ayer Itam
103451338,405000,800.0,2.0,2.0,1.0,10,0,0,0,0,0,0,0,,,,,445.0,1,1,1,1,1,0,0,Service Residence,Leasehold,Non Bumi Lot,Medium,Kuala Lumpur,Razak City Residences ( RC Residences ),Unknown,Kuala Lumpur
103506212,300000,1023.0,3.0,2.0,2.0,6,0,0,0,0,0,0,0,2019.0,7.0,,1205.0,687.0,1,1,1,1,1,0,0,Condominium,Freehold,Non Bumi Lot,Medium,Selangor,Residensi Zamrud @ Kajang,Cheras Hong Soon Development Sdn. Bhd.,Kajang
103522532,300000,1023.0,3.0,2.0,2.0,0,0,0,0,0,0,0,0,2019.0,7.0,,1200.0,627.0,0,0,0,0,0,0,0,Condominium,Freehold,Non Bumi Lot,Medium,Selangor,Residensi Zamrud,Cheras Hong Soon Development Sdn. Bhd.,Kajang
103671845,320000,1068.0,3.0,2.0,1.0,7,0,0,0,0,0,0,0,2007.0,19.0,14.0,702.0,639.0,1,1,0,1,1,0,0,Apartment,Freehold,Non Bumi Lot,Unknown,Selangor,Desa Impiana,Mitrajaya,Puchong
103708869,340000,1221.0,3.0,2.0,1.0,5,0,0,0,0,0,0,0,,,5.0,,648.0,1,1,0,0,1,0,0,Condominium,Freehold,Non Bumi Lot,Unknown,Selangor,Kemensah Villa,Unknown,Ampang
103782911,210000,711.0,3.0,2.0,1.0,0,0,0,0,0,0,0,0,,,,,395.0,0,0,0,0,0,0,0,Apartment,Leasehold,Bumi Lot,Medium,Selangor,Rumah Pangsa Saga (Saga Suria),Unknown,Ampang
103782895,1540000,1066.0,2.0,2.0,2.0,14,0,0,0,0,0,0,0,2026.0,0.0,,831.0,1587.0,1,1,1,1,1,1,0,Service Residence,Freehold,Non Bumi Lot,Low,Kedah,Tropicana Cenang,Tropicana Corporation Berhad,Langkawi
103492971,345000,800.0,3.0,2.0,1.0,10,1,1,0,0,1,1,1,2008.0,18.0,22.0,246.0,1410.0,1,1,1,1,1,0,1,Condominium,Freehold,Non Bumi Lot,Medium,Kuala Lumpur,Anggun Puri,BTHomestead Development,Kuala Lumpur
103492972,345000,800.0,3.0,2.0,1.0,10,1,1,0,0,1,1,1,2008.0,18.0,22.0,246.0,1410.0,1,1,1,1,1,0,1,Condominium,Freehold,Non Bumi Lot,Medium,Kuala Lumpur,Anggun Puri,BTHomestead Development,Kuala Lumpur
101518597,1580000,2400.0,4.0,3.0,2.0,0,0,0,0,0,0,0,0,2011.0,15.0,35.0,195.0,490.0,0,0,0,0,0,1,1,Condominium,Freehold,Non Bumi Lot,Medium,Penang,Fettes Residences,Palmex Industries Sdn Bhd (IOI Group),Tanjong Tokong
101518588,1400000,2750.0,4.0,3.0,2.0,7,0,0,0,0,0,0,0,2011.0,15.0,35.0,195.0,536.0,1,1,1,1,1,1,1,Condominium,Freehold,Non Bumi Lot,Low,Penang,Fettes Residences,Palmex Industries Sdn Bhd (IOI Group),Tanjong Tokong
102103790,230000,753.0,3.0,2.0,1.0,2,0,1,0,0,0,0,0,,,,,573.0,0,0,1,0,1,1,0,Apartment,Freehold,Non Bumi Lot,High,Selangor,Pangsapuri Angsana,Unknown,Cheras
103782790,120000,700.0,3.0,2.0,1.0,0,0,0,0,0,0,0,0,,,,,57.0,0,0,0,0,0,0,0,Flat,Freehold,Non Bumi Lot,Low,Penang,Sun Moon City,Unknown,Ayer Itam
103782781,400000,1250.0,4.0,2.0,1.0,5,0,0,0,0,0,0,0,,,,,330.0,1,1,0,0,1,0,0,Service Residence,Leasehold,Non Bumi Lot,Medium,Johor,Larkin Residence 3,Unknown,Johor Bahru
101518590,1050000,1600.0,3.0,2.0,2.0,9,0,0,0,0,0,0,0,2011.0,15.0,35.0,195.0,488.0,1,1,1,1,1,1,1,Condominium,Freehold,Non Bumi Lot,Low,Penang,Fettes Residences,Palmex Industries Sdn Bhd (IOI Group),Tanjong Tokong
103782870,170000,550.0,2.0,1.0,1.0,0,0,0,0,0,0,0,0,,,,,51.0,0,0,0,0,0,0,0,Apartment,Freehold,Non Bumi Lot,Medium,Penang,Taman Alor Vista,Unknown,Relau
103601485,480000,900.0,3.0,2.0,2.0,5,0,0,0,0,0,0,0,2019.0,7.0,42.0,2685.0,687.0,1,1,1,0,1,1,1,Condominium,Freehold,Non Bumi Lot,Low,Penang,One Foresta @ Bayan Lepas,Ideal Property Group,Bayan Lepas
103193842,780000,1500.0,4.0,2.0,2.0,7,0,0,0,0,0,0,0,,,22.0,144.0,638.0,1,1,1,0,1,0,1,Condominium,Freehold,Non Bumi Lot,High,Penang,Vista Gambier,Lereng Wira Sdn Bhd,Gelugor
103039433,498000,1195.0,3.0,2.0,1.0,8,0,0,0,0,0,0,0,2021.0,5.0,,406.0,691.0,1,1,1,1,1,1,1,Condominium,Freehold,Non Bumi Lot,High,Penang,The Golden Triangle,GSV Development Sdn Bhd,Relau
103204534,400000,1000.0,4.0,2.0,2.0,5,0,0,0,0,0,0,0,,,14.0,504.0,714.0,0,1,1,0,1,0,0,Apartment,Leasehold,Bumi Lot,Unknown,Kuala Lumpur,Vista Angkasa,Dewan Bandaraya Kuala Lumpur,Kuala Lumpur
103585430,380790,797.0,2.0,2.0,1.0,11,0,0,0,0,0,0,0,,,,,1085.0,1,1,1,1,1,0,0,Condominium,Leasehold,Non Bumi Lot,Unknown,Johor,KSL Residence 2 @ Kangkar Tebrau,KSL Holdings Berhad,Johor Bahru
103708972,240000,295.0,1.0,1.0,1.0,10,0,0,0,0,0,0,0,,,,1737.0,570.0,1,1,1,1,1,0,0,Service Residence,Freehold,Non Bumi Lot,Unknown,Johor,Trellis Residences,Unknown,Johor Bahru
103547608,230000,535.0,1.0,1.0,1.0,0,1,1,1,0,1,1,0,2009.0,17.0,,356.0,765.0,0,0,0,0,0,0,0,Service Residence,Leasehold,Bumi Lot,Unknown,Selangor,Vega Residensi,Perbadanan Kemajuan Negeri Selangor (PKNS),Cyberjaya
103230999,230000,700.0,3.0,2.0,1.0,3,1,0,0,0,0,1,0,,,5.0,,800.0,0,0,0,0,1,0,0,Apartment,Leasehold,Bumi Lot,Unknown,Kuala Lumpur,Seri Perindu Apartment,Unknown,Kuala Lumpur
102996368,265000,950.0,3.0,2.0,1.0,0,0,0,0,0,0,0,0,2019.0,7.0,,635.0,642.0,0,0,0,0,0,0,0,Apartment,Freehold,Non Bumi Lot,Unknown,Selangor,D'Cerrum Apartment,SP Setia Berhad,Semenyih
102583527,420000,908.0,3.0,2.0,1.0,9,1,1,1,1,1,1,0,2010.0,16.0,21.0,340.0,823.0,1,1,0,1,1,0,0,Condominium,Leasehold,Bumi Lot,Unknown,Kuala Lumpur,Suria Jelatek Residence,Almaharta Sdn Bhd,Kuala Lumpur
103141531,370000,840.0,3.0,2.0,1.0,0,0,0,1,0,1,0,0,,,,,788.0,0,0,0,0,0,0,0,Apartment,Freehold,Non Bumi Lot,Unknown,Selangor,SD Tiara Apartment,Unknown,Bandar Sri Damansara
103422356,798000,1850.0,5.0,5.0,3.0,10,0,0,0,0,0,0,0,2014.0,12.0,18.0,156.0,531.0,1,1,1,1,1,0,0,Condominium,Freehold,Non Bumi Lot,Low,Kuala Lumpur,8 Petaling,Petaling Garden Sdn Bhd (I & P Group),Kuala Lumpur
99032642,570000,936.0,3.0,2.0,2.0,14,0,0,0,0,0,0,0,2011.0,15.0,38.0,420.0,687.0,1,1,1,1,1,1,1,Condominium,Freehold,Non Bumi Lot,Medium,Penang,Boulevard Condominium (BLVD),Reka Indah Development Sdn Bhd,Ayer Itam
98472845,428000,826.0,3.0,2.0,1.0,5,0,0,0,0,0,0,0,,,,,687.0,1,1,1,1,0,1,1,Apartment,Freehold,Non Bumi Lot,Low,Penang,Tunas Residensi,Koperasi Tunas Muda Sungai Ara Berhad,Relau
103258889,380000,850.0,3.0,2.0,1.0,5,0,0,0,0,0,0,0,1998.0,28.0,24.0,342.0,687.0,1,1,1,0,0,1,1,Condominium,Freehold,Non Bumi Lot,Medium,Penang,Jay Series,Unknown,Jelutong
102436890,495000,1000.0,3.0,2.0,2.0,5,0,0,0,0,0,0,0,,,,,657.0,1,1,1,0,1,0,1,Condominium,Freehold,Non Bumi Lot,Medium,Penang,ForestVille,Ideal Property Group,Bayan Lepas
99568831,400000,1300.0,3.0,2.0,1.0,3,0,0,0,0,0,0,0,1997.0,29.0,8.0,68.0,701.0,0,1,1,0,0,1,1,Apartment,Freehold,Non Bumi Lot,Medium,Penang,Taman Seri Hijau,Unknown,Jelutong
102451678,380000,800.0,3.0,2.0,2.0,3,0,0,0,0,0,0,0,2016.0,10.0,,1900.0,645.0,0,1,1,0,0,0,1,Apartment,Leasehold,Non Bumi Lot,High,Penang,The Rise Collection 2,Zubicon Sdn. Bhd.,George Town
102363584,520000,947.0,3.0,2.0,2.0,10,0,0,0,0,0,0,0,2017.0,9.0,22.0,396.0,638.0,0,1,1,1,1,1,1,Condominium,Leasehold,Non Bumi Lot,Low,Penang,The Spring,IJM LAND BERHAD,Jelutong
101041456,888000,1646.0,4.0,3.0,2.0,9,0,0,0,0,0,0,0,2018.0,8.0,44.0,378.0,663.0,1,1,1,1,1,0,0,Condominium,Freehold,Non Bumi Lot,High,Penang,Grace Residence,Nova Mulia Development Sdn Bhd,Jelutong
101527935,318000,938.0,3.0,2.0,1.0,9,0,0,0,0,0,0,0,,,23.0,,890.0,1,1,1,1,1,1,0,Condominium,Freehold,Non Bumi Lot,High,Melaka,Langat Jaya,Unknown,Cheras
100752947,388000,665.0,3.0,1.0,1.0,6,0,0,0,0,0,0,0,2006.0,20.0,20.0,,418.0,0,1,0,1,1,0,1,Apartment,Freehold,Non Bumi Lot,High,Penang,Taman Kheng Tian,Belleview Group,Jelutong
103782699,800000,800.0,2.0,2.0,1.0,1,1,1,1,1,1,1,0,2021.0,5.0,,1100.0,252.0,0,0,0,0,0,0,0,Service Residence,Freehold,Non Bumi Lot,High,Kuala Lumpur,3rdNvenue,Titijaya Land Berhad,Kuala Lumpur
103782690,380000,769.0,2.0,2.0,2.0,8,0,0,0,0,0,0,0,2021.0,5.0,21.0,613.0,350.0,1,1,1,1,1,0,0,Condominium,Freehold,Non Bumi Lot,Medium,Johor,The Garden Residences,Scientex (Skudai),Skudai
102025202,165000,850.0,3.0,2.0,1.0,6,0,0,0,0,0,0,0,,,5.0,,868.0,0,1,1,0,1,0,0,Apartment,Freehold,Bumi Lot,Low,Negeri Sembilan,Seremban Putra Apartments,Syarikat Perumahan Negara Berhad,Seremban
103782759,430000,850.0,3.0,2.0,2.0,12,0,0,0,0,0,0,0,2021.0,5.0,47.0,1413.0,562.0,1,1,1,1,1,0,0,Service Residence,Freehold,Non Bumi Lot,High,Kuala Lumpur,M Centura,Mah Sing Group Berhad,Kuala Lumpur
103782758,65000,650.0,3.0,2.0,1.0,1,1,0,0,0,1,0,0,,,6.0,,206.0,0,0,0,0,0,0,0,Apartment,Leasehold,Bumi Lot,High,Selangor,Kemuning Apartment (Taman Bunga Raya),Medan Prestasi Sdn Bhd,Serendah
103782739,319000,750.0,3.0,2.0,1.0,5,0,0,0,0,0,0,0,1999.0,27.0,19.0,322.0,381.0,1,1,1,0,1,0,0,Apartment,Freehold,Non Bumi Lot,High,Penang,Eastern Court,Tamarins Group Sdn Bhd,Jelutong
101518502,800000,1450.0,3.0,3.0,2.0,9,0,0,0,0,0,0,0,2014.0,12.0,16.0,470.0,483.0,1,1,1,1,1,1,1,Condominium,Freehold,Non Bumi Lot,Low,Penang,Fiera Vista,Ideal Property Group,Bayan Lepas
101518490,700000,1450.0,4.0,3.0,2.0,9,0,0,0,0,0,0,0,2014.0,12.0,16.0,470.0,477.0,1,1,1,1,1,1,1,Condominium,Freehold,Non Bumi Lot,Low,Penang,Fiera Vista,Ideal Property Group,Bayan Lepas
101518491,750000,1650.0,3.0,3.0,2.0,9,0,0,0,0,0,0,0,2014.0,12.0,16.0,470.0,478.0,1,1,1,1,1,1,1,Condominium,Freehold,Non Bumi Lot,High,Penang,Fiera Vista,Ideal Property Group,Bayan Lepas
100960521,750000,1450.0,3.0,3.0,2.0,8,0,0,0,0,0,0,0,2014.0,12.0,16.0,470.0,501.0,1,1,0,1,1,1,1,Condominium,Freehold,Non Bumi Lot,Medium,Penang,Fiera Vista,Ideal Property Group,Bayan Lepas
103782658,880000,1646.0,4.0,3.0,1.0,10,0,0,0,0,0,0,0,2018.0,8.0,44.0,378.0,780.0,1,1,1,1,1,0,0,Condominium,Freehold,Non Bumi Lot,Medium,Penang,Grace Residence,Nova Mulia Development Sdn Bhd,Jelutong
103782648,420000,1038.0,3.0,2.0,1.0,10,0,0,0,0,0,0,0,,,14.0,319.0,304.0,1,1,0,1,1,0,1,Apartment,Freehold,Non Bumi Lot,Medium,Johor,Danga View Apartment,Ekovest Berhad,Skudai
103782734,565000,1313.0,3.0,2.0,4.0,8,0,0,0,0,0,0,0,2014.0,12.0,13.0,666.0,394.0,1,1,1,1,1,0,1,Service Residence,Freehold,Bumi Lot,Low,Selangor,Suria Jelutong,Sunsuria Berhad,Shah Alam
99364371,360000,700.0,3.0,2.0,1.0,5,0,0,0,0,0,0,0,,,,,657.0,1,1,1,0,1,1,1,Apartment,Freehold,Non Bumi Lot,Low,Penang,Taman Pekaka Block 33,Unknown,Gelugor
98927160,750000,1650.0,4.0,3.0,2.0,9,0,0,0,0,0,0,0,2014.0,12.0,16.0,470.0,635.0,1,1,1,1,1,0,1,Condominium,Freehold,Non Bumi Lot,Medium,Penang,Fiera Vista,Ideal Property Group,Bayan Lepas
103557523,185000,500.0,2.0,1.0,1.0,2,0,0,0,0,0,0,0,2002.0,24.0,15.0,932.0,593.0,0,1,0,0,0,0,0,Apartment,Freehold,Non Bumi Lot,Medium,Penang,Krystal Heights,Unknown,Jelutong
103557422,330000,700.0,3.0,2.0,1.0,3,0,0,0,0,0,0,0,,,,,655.0,0,1,1,0,0,1,1,Flat,Freehold,Non Bumi Lot,Low,Penang,"Taman Lip Sin Block 1, 3 & 5",Unknown,Bayan Lepas
103557279,640000,1100.0,3.0,2.0,1.0,3,0,0,0,0,0,0,0,1997.0,29.0,14.0,96.0,677.0,1,1,0,0,0,1,1,Condominium,Freehold,Non Bumi Lot,Low,Penang,Flamingo Series,Unknown,Jelutong
102974165,380000,1000.0,3.0,2.0,1.0,9,0,0,0,0,0,0,0,2004.0,22.0,11.0,228.0,640.0,1,1,1,1,1,1,0,Condominium,Freehold,Non Bumi Lot,High,Penang,Vistaria Condominium,Palmex Industries Sdn Bhd (IOI Group),Sungai Ara
100322106,260000,700.0,3.0,2.0,1.0,3,0,0,0,0,0,0,0,1997.0,29.0,22.0,1008.0,637.0,0,1,1,0,0,0,1,Apartment,Freehold,Non Bumi Lot,Medium,Penang,Desa Green Apartment (Jelutong),Unknown,Jelutong
103782725,420000,1062.0,4.0,2.0,1.0,8,1,1,0,1,1,1,0,2005.0,21.0,25.0,588.0,641.0,1,1,1,0,1,1,0,Service Residence,Freehold,Non Bumi Lot,Low,Selangor,Casa Subang,Casa Andaman Sdn Bhd,Subang Jaya
103292981,270000,700.0,3.0,2.0,1.0,8,0,0,0,0,0,0,0,,,,,1552.0,1,0,1,0,1,0,1,Apartment,Freehold,Bumi Lot,Medium,Putrajaya,Pangsapuri Putra Harmoni @ Presint 9,Unknown,Putrajaya
101007702,718000,1500.0,3.0,4.0,2.0,8,0,0,0,0,0,0,0,2015.0,11.0,43.0,218.0,457.0,1,1,0,1,1,0,0,Condominium,Freehold,Non Bumi Lot,High,Penang,The Latitude,Ivory Properties Group Sdn Bhd,Tanjong Tokong
102654505,230000,974.0,3.0,2.0,1.0,3,0,0,0,0,0,0,0,2010.0,16.0,10.0,243.0,684.0,0,1,0,0,1,0,0,Condominium,Leasehold,Non Bumi Lot,Unknown,Selangor,Putra Intan Kondominium,Lembah Kerjaya Sdn. Bhd.,Dengkil
102641102,150000,650.0,3.0,2.0,1.0,4,1,0,0,1,1,1,0,2002.0,24.0,11.0,792.0,850.0,1,1,0,0,0,0,0,Apartment,Leasehold,Bumi Lot,Unknown,Kuala Lumpur,Pangsapuri Cemara (Cheras),Unknown,Kuala Lumpur
102618302,150000,786.0,3.0,2.0,1.0,2,0,0,0,0,0,0,0,,,5.0,,609.0,0,1,0,0,0,0,0,Apartment,Freehold,Bumi Lot,Unknown,Selangor,Pangsapuri Seri Melati,UMLand,Bangi
89672274,1680000,2304.0,5.0,4.0,3.0,10,0,0,0,0,0,0,0,2013.0,13.0,30.0,808.0,739.0,1,1,1,1,1,1,1,Condominium,Freehold,Non Bumi Lot,High,Penang,All Seasons Park,Belleview Group,Ayer Itam
103340299,600000,1130.0,3.0,3.0,2.0,14,0,0,0,0,0,0,0,2016.0,10.0,26.0,548.0,662.0,1,1,1,1,1,0,1,Condominium,Freehold,Non Bumi Lot,Medium,Penang,Tree Sparina @ Ideal Vision Park,Ideal Property Group,Bayan Lepas
103258422,340000,850.0,3.0,2.0,1.0,5,0,0,0,0,0,0,0,1998.0,28.0,21.0,406.0,656.0,1,1,1,0,1,0,1,Condominium,Freehold,Non Bumi Lot,Low,Penang,Kingfisher Series Condominium,Hunza Properties Berhad,George Town
103782576,1350000,2750.0,6.0,5.0,1.0,5,0,0,0,0,0,0,0,,,,79.0,557.0,1,0,0,1,1,1,0,Condominium,Freehold,Non Bumi Lot,Medium,Johor,Laguna Heights (Bukit Laguna),Unknown,Johor Bahru
100547259,443000,404.0,1.0,1.0,1.0,10,0,0,0,0,0,0,0,,,31.0,230.0,665.0,1,1,1,1,1,1,1,Service Residence,Freehold,Non Bumi Lot,Medium,Penang,Straits Garden Suite,Premcourt Development Sdn Bhd (A subsidiary of Tambun Indah Land Berhad),Jelutong
103627604,850000,1450.0,4.0,3.0,2.0,8,0,0,0,0,0,0,0,2016.0,10.0,,252.0,658.0,1,1,1,0,1,0,0,Condominium,Freehold,Non Bumi Lot,High,Penang,Skyview Residence,Gema Intan Sdn. Bhd.,Jelutong
103159521,800000,1302.0,3.0,2.0,2.0,10,0,0,0,0,0,0,0,2016.0,10.0,17.0,91.0,642.0,1,1,1,1,1,0,0,Condominium,Freehold,Non Bumi Lot,Medium,Penang,Straits Garden Residence @ Jelutong,Tambun Indah Land Berhad,Jelutong
102695595,919000,1313.0,3.0,3.0,2.0,5,0,0,0,0,0,0,0,2007.0,19.0,,396.0,659.0,1,1,1,0,1,1,1,Condominium,Freehold,Non Bumi Lot,Low,Penang,BaysWater,IJM Land Berhad,Gelugor
102940655,453000,1250.0,3.0,2.0,1.0,12,1,1,0,0,1,1,0,2000.0,26.0,13.0,320.0,738.0,1,1,0,1,1,0,1,Condominium,Freehold,Non Bumi Lot,Unknown,Kuala Lumpur,Tiara Faber,Faber Union Bhd,Kuala Lumpur
102940652,395000,1507.0,4.0,3.0,1.0,0,0,0,0,0,0,0,0,1996.0,30.0,18.0,500.0,599.0,0,0,0,0,0,0,1,Condominium,Freehold,Bumi Lot,Unknown,Kuala Lumpur,Sri Suajaya Condominiums,Unknown,Kuala Lumpur
103782625,360000,1170.0,3.0,2.0,1.0,10,1,1,0,0,1,1,0,2007.0,19.0,10.0,396.0,580.0,1,1,1,1,1,0,0,Condominium,Freehold,Non Bumi Lot,High,Selangor,Pelangi Heights,Brem Holding Berhad,Klang
100959243,1050000,2200.0,4.0,4.0,4.0,2,0,0,0,0,0,0,0,,,,,526.0,0,0,1,0,0,0,0,Condominium,Freehold,Non Bumi Lot,High,Penang,SummerSkye Residences,Ideal Property Group,Bayan Lepas
100418424,580000,1180.0,3.0,2.0,2.0,6,0,0,0,0,0,0,0,2016.0,10.0,20.0,771.0,475.0,1,1,0,1,1,1,1,Condominium,Freehold,Non Bumi Lot,High,Penang,One Imperial,Ideal Property Group,Sungai Ara
103782529,380000,1097.0,3.0,2.0,1.0,7,0,0,0,0,0,0,0,,,,300.0,600.0,1,1,0,1,1,1,1,Condominium,Freehold,Non Bumi Lot,Medium,Johor,East Bay (Seri Bayan),Unknown,Masai
100977186,610000,1598.0,3.0,3.0,2.0,9,0,0,0,0,0,0,0,2017.0,9.0,42.0,670.0,595.0,1,1,1,1,1,0,0,Condominium,Freehold,Non Bumi Lot,Unknown,Penang,The Clovers,Asia Green Group,Sungai Ara
103782549,240000,906.0,3.0,2.0,1.0,6,0,0,0,0,0,0,0,,,21.0,,255.0,1,1,1,0,1,0,0,Apartment,Leasehold,Non Bumi Lot,High,Johor,Sri Impian Apartment (Larkin Perdana),Unknown,Johor Bahru
102796653,588000,1275.0,3.0,2.0,2.0,10,0,0,0,0,0,0,0,2017.0,9.0,31.0,476.0,465.0,1,1,1,1,1,1,1,Condominium,Freehold,Non Bumi Lot,High,Penang,Gardens Ville,GSD Land (M) Sdn Bhd,Sungai Ara
99523105,318000,1085.0,3.0,2.0,1.0,4,0,0,0,0,0,0,0,2016.0,10.0,5.0,469.0,427.0,0,1,0,0,1,1,0,Apartment,Freehold,Non Bumi Lot,Medium,Selangor,Goodview Heights ( Villa Residence ),SHL Consolidated Berhad,Kajang
103712366,520000,1250.0,3.0,2.0,2.0,8,0,0,0,0,0,0,0,2018.0,8.0,,461.0,947.0,1,1,1,1,1,0,0,Condominium,Freehold,Bumi Lot,High,Selangor,Oasis 1 @ Mutiara Heights,TLS Group,Kajang
101518486,520000,900.0,3.0,2.0,2.0,10,0,0,0,0,0,0,0,2015.0,11.0,25.0,300.0,499.0,1,1,1,1,1,1,1,Condominium,Freehold,Non Bumi Lot,Medium,Penang,Sierra Residences,GSD Land (M) Sdn Bhd,Sungai Ara
101518474,490000,1182.0,3.0,2.0,2.0,10,0,0,0,0,0,0,0,2015.0,11.0,25.0,300.0,477.0,1,1,1,1,1,0,1,Condominium,Freehold,Non Bumi Lot,Medium,Penang,Sierra Residences,GSD Land (M) Sdn Bhd,Sungai Ara
101518084,525000,1295.0,3.0,2.0,2.0,13,0,0,0,0,0,0,0,2015.0,11.0,6.0,225.0,488.0,1,1,1,1,1,0,0,Condominium,Freehold,Non Bumi Lot,Medium,Penang,Setia Tri-Angle Residential Condominiums,Setia Promenade Sdn Bhd (SP Setia),Bayan Lepas
103782502,500000,1000.0,3.0,2.0,2.0,14,0,0,0,0,0,0,0,2013.0,13.0,38.0,203.0,964.0,1,1,1,1,1,0,0,Condominium,Freehold,Non Bumi Lot,Low,Penang,The Peak Residences,Ivory Properties Group Sdn Bhd,Tanjong Tokong
103782499,470000,1250.0,3.0,2.0,1.0,0,0,0,0,0,0,0,0,2019.0,7.0,30.0,461.0,449.0,0,0,0,0,0,1,0,Condominium,Freehold,Bumi Lot,Unknown,Selangor,Oasis 2 Residence,TLS Group,Kajang
103782498,298000,810.0,2.0,2.0,1.0,8,0,0,0,0,0,0,0,2019.0,7.0,25.0,2003.0,623.0,1,1,1,1,1,0,0,Service Residence,Freehold,Non Bumi Lot,Unknown,Johor,Parc Regency Serviced Apartment,Malaysia Land Properties Sdn. Bhd.,Johor Bahru
102576844,538000,1304.0,3.0,2.0,2.0,13,0,0,0,0,0,0,0,2015.0,11.0,6.0,225.0,493.0,1,1,1,1,1,1,1,Condominium,Freehold,Non Bumi Lot,High,Penang,Setia Tri-Angle Residential Condominiums,Setia Promenade Sdn Bhd (SP Setia),Bayan Lepas
101518068,1050000,2729.0,5.0,4.0,3.0,5,0,0,0,0,0,0,0,2017.0,9.0,42.0,670.0,480.0,1,1,1,1,0,0,0,Condominium,Freehold,Non Bumi Lot,High,Penang,The Clovers,Asia Green Group,Sungai Ara
102197544,815000,1219.0,3.0,2.0,2.0,9,0,0,0,0,0,0,0,2021.0,5.0,24.0,1235.0,660.0,1,1,1,1,1,0,1,Condominium,Freehold,Non Bumi Lot,High,Penang,Quay West Residence,Asia Green Group,Relau
103315487,700000,1598.0,3.0,3.0,2.0,5,0,0,0,0,0,0,0,2017.0,9.0,42.0,670.0,656.0,1,1,1,1,0,0,1,Condominium,Freehold,Non Bumi Lot,High,Penang,The Clovers,Asia Green Group,Sungai Ara
103283609,235000,750.0,3.0,2.0,1.0,2,0,0,0,0,0,0,0,1992.0,34.0,17.0,3.0,673.0,0,1,0,0,0,1,1,Apartment,Leasehold,Non Bumi Lot,Medium,Penang,Desa Delima,Unknown,Ayer Itam
103113406,390000,890.0,3.0,2.0,1.0,4,0,0,0,0,0,0,0,2009.0,17.0,22.0,398.0,658.0,1,1,1,0,0,1,1,Apartment,Leasehold,Non Bumi Lot,Low,Penang,Sri Kristal,Farlim Group (M) Berhad,Ayer Itam
96822478,750000,1905.0,8.0,3.0,2.0,11,0,0,1,0,0,0,0,2000.0,26.0,18.0,160.0,414.0,1,1,0,1,1,0,0,Condominium,Freehold,Non Bumi Lot,Medium,Selangor,Flora Green,SHL Consolidated Berhad,Kajang
102301402,585000,1488.0,4.0,3.0,2.0,7,0,0,1,0,0,0,0,1998.0,28.0,9.0,208.0,400.0,1,1,0,1,1,1,0,Condominium,Freehold,Non Bumi Lot,Medium,Selangor,Cypress Condominium,SHL Consolidated Bhd,Kajang
103782573,160000,834.0,3.0,2.0,1.0,2,0,0,0,0,0,0,0,,,,,290.0,0,0,0,0,0,0,0,Apartment,Freehold,Bumi Lot,High,Selangor,Taman Pinggiran Delima Flat,Unknown,Hulu Langat
103678958,149000,560.0,2.0,1.0,1.0,1,1,0,1,0,1,1,0,,,,,408.0,0,0,1,0,0,0,0,Flat,Leasehold,Non Bumi Lot,Medium,Kuala Lumpur,Prima Setapak Flat,Unknown,Kuala Lumpur
103547614,280000,850.0,3.0,2.0,1.0,2,1,0,0,0,0,1,0,,,5.0,,759.0,0,0,0,0,1,0,0,Apartment,Freehold,Bumi Lot,Unknown,Selangor,Regal Regina Court,Unknown,Ampang
103547609,250000,1000.0,3.0,2.0,1.0,3,0,0,0,0,0,0,0,,,,,613.0,0,1,0,0,0,0,0,Apartment,Freehold,Non Bumi Lot,Unknown,Selangor,Valencia Apartment,Unknown,Shah Alam
103367062,349999,1056.0,3.0,2.0,1.0,6,1,1,0,0,1,1,0,2007.0,19.0,18.0,715.0,764.0,1,1,0,1,0,0,0,Condominium,Leasehold,Non Bumi Lot,Unknown,Kuala Lumpur,Amadesa,Salak Park Development,Kuala Lumpur
103033406,380000,880.0,3.0,2.0,1.0,0,0,0,0,0,0,0,0,,,5.0,1.0,594.0,0,0,0,0,0,0,0,Apartment,Freehold,Non Bumi Lot,Unknown,Selangor,Sri Cassia,Unknown,Puchong
102618310,400000,1040.0,3.0,2.0,1.0,7,1,1,1,0,1,1,0,2016.0,10.0,28.0,700.0,760.0,1,1,0,1,1,0,0,Service Residence,Leasehold,Non Bumi Lot,Unknown,Kuala Lumpur,Platinum Lake PV 21,Platinum Victory Development Sdn Bhd,Kuala Lumpur
102561611,360000,840.0,3.0,2.0,1.0,0,0,0,0,0,0,0,0,2015.0,11.0,25.0,600.0,609.0,0,0,0,0,0,0,0,Service Residence,Freehold,Non Bumi Lot,Unknown,Selangor,Alam Sanjung @ Subang West,CB Land Sdn Bhd (Crest Builder Holdings Berhad),Shah Alam
102747155,398000,1210.0,3.0,3.0,2.0,9,0,0,0,0,0,0,0,2016.0,10.0,21.0,482.0,703.0,1,1,1,1,1,0,0,Condominium,Leasehold,Non Bumi Lot,Unknown,Selangor,V-Residensi,Avaland Berhad,Selayang
103556164,379000,1009.0,3.0,2.0,2.0,6,1,0,0,0,1,1,0,2017.0,9.0,36.0,1338.0,461.0,1,1,0,0,1,1,1,Service Residence,Leasehold,Non Bumi Lot,High,Kuala Lumpur,Maxim Citilights,Meridian Maxim Sdn Bhd,Kuala Lumpur
100074489,350000,700.0,3.0,2.0,1.0,6,0,0,0,0,0,0,0,,,30.0,,641.0,0,1,1,1,1,0,1,Apartment,Freehold,Non Bumi Lot,High,Penang,BL Garden,Unknown,Ayer Itam
96073653,680000,1155.0,3.0,2.0,2.0,5,0,0,0,0,0,0,0,,,,,642.0,1,1,1,0,1,0,0,Condominium,Leasehold,Non Bumi Lot,Medium,Penang,Novus,Unknown,Bayan Lepas
103541158,730000,517.0,1.0,1.0,2.0,5,0,0,0,0,0,0,0,2014.0,12.0,7.0,297.0,714.0,1,1,1,0,1,1,1,Condominium,Freehold,Non Bumi Lot,Medium,Penang,The LIGHT COLLECTION II,IJM LAND BERHAD,Gelugor
102470974,498000,939.0,3.0,2.0,3.0,14,0,0,0,0,0,0,0,2011.0,15.0,38.0,420.0,691.0,1,1,1,1,1,1,1,Condominium,Freehold,Non Bumi Lot,High,Penang,Boulevard Condominium (BLVD),Reka Indah Development Sdn Bhd,Ayer Itam
102384461,380000,850.0,3.0,2.0,2.0,9,0,0,0,0,0,0,0,2007.0,19.0,22.0,816.0,601.0,1,1,1,1,1,0,1,Condominium,Freehold,Non Bumi Lot,Low,Penang,Asia Heights,Asia Green Group,Ayer Itam
100770957,300000,700.0,2.0,1.0,1.0,2,0,0,0,0,0,0,0,,,,,645.0,0,0,1,0,0,0,0,Apartment,Freehold,Non Bumi Lot,Low,Penang,Wisma Taman Saibe,Unknown,George Town
98838663,370000,700.0,3.0,2.0,1.0,9,0,0,0,0,0,0,0,1999.0,27.0,23.0,433.0,690.0,1,1,0,1,1,1,1,Apartment,Freehold,Non Bumi Lot,Low,Penang,Sinar Bukit Dumbar,Unknown,Jelutong
103259332,520000,1000.0,3.0,2.0,2.0,9,0,0,0,0,0,0,0,2020.0,6.0,,,669.0,1,1,1,1,1,1,1,Apartment,Freehold,Non Bumi Lot,High,Penang,The Rise Collection 3,Zubicon Sdn. Bhd.,George Town
102470822,313000,700.0,3.0,2.0,1.0,3,0,0,0,0,0,0,0,,,28.0,,615.0,0,1,1,0,0,1,1,Apartment,Freehold,Non Bumi Lot,Medium,Penang,Jelutong Park,Unknown,Jelutong
102354043,820000,1345.0,3.0,2.0,3.0,10,0,0,0,0,0,0,0,2016.0,10.0,17.0,91.0,690.0,1,1,1,1,1,1,1,Condominium,Freehold,Non Bumi Lot,Medium,Penang,Straits Garden Residence @ Jelutong,Tambun Indah Land Berhad,Jelutong
101042014,760000,1254.0,3.0,2.0,2.0,9,0,0,0,0,0,0,0,2018.0,8.0,44.0,378.0,663.0,1,1,1,1,1,0,0,Condominium,Freehold,Non Bumi Lot,High,Penang,Grace Residence,Nova Mulia Development Sdn Bhd,Jelutong
103782353,498000,1410.0,4.0,3.0,1.0,8,0,0,0,0,0,0,0,,,15.0,192.0,185.0,1,1,1,1,1,0,0,Condominium,Freehold,Non Bumi Lot,Low,Selangor,La Vista Condominiums,IOI Properties Group,Puchong
103659446,880000,1487.0,4.0,2.0,1.0,6,0,0,0,0,0,0,0,2015.0,11.0,18.0,107.0,398.0,1,1,0,1,0,1,1,Condominium,Freehold,Non Bumi Lot,Medium,Penang,98 Nibong Residence,PLB Land Sdn Bhd,Bayan Lepas
103388813,380000,950.0,3.0,2.0,1.0,4,1,1,0,1,1,1,0,2015.0,11.0,31.0,4225.0,676.0,1,1,0,0,1,0,1,Service Residence,Freehold,Non Bumi Lot,Unknown,Kuala Lumpur,OUG Parklane,Akisama Group of companies,Kuala Lumpur
103388815,240000,818.0,3.0,2.0,1.0,6,0,0,0,0,0,0,0,,,12.0,,447.0,1,0,0,0,0,0,1,Condominium,Leasehold,Non Bumi Lot,Unknown,Kuala Lumpur,Menara Jade,Unknown,Kuala Lumpur
103462313,280000,850.0,3.0,2.0,1.0,6,1,0,0,0,1,0,0,2013.0,13.0,15.0,,597.0,1,1,0,1,0,0,1,Condominium,Freehold,Bumi Lot,Unknown,Selangor,Residensi Bistaria,Unknown,Ampang
102940640,400000,1210.0,3.0,2.0,1.0,0,0,0,0,0,0,0,0,2016.0,10.0,21.0,482.0,621.0,0,0,0,0,0,0,1,Condominium,Leasehold,Bumi Lot,Unknown,Selangor,V-Residensi,Avaland Berhad,Selayang
103568969,360000,1106.0,4.0,2.0,2.0,12,0,0,0,0,0,0,0,,,19.0,392.0,1309.0,1,1,0,1,1,1,1,Condominium,Freehold,Non Bumi Lot,Unknown,Selangor,Villa Park,VILLAMAS GROUP OF COMPANIES,Seri Kembangan
103782316,720000,1186.0,3.0,3.0,1.0,10,0,0,0,0,0,0,0,2017.0,9.0,38.0,916.0,1599.0,1,1,1,1,1,0,0,Condominium,Freehold,Non Bumi Lot,Medium,Kuala Lumpur,THE FENNEL AT SENTUL EAST,YTL Land,Kuala Lumpur
103782470,1200000,1162.0,2.0,3.0,1.0,9,1,0,1,1,1,1,0,2011.0,15.0,40.0,811.0,806.0,1,1,1,1,1,0,0,Condominium,Freehold,Non Bumi Lot,High,Kuala Lumpur,Setia SKY Residences,SP Setia,Kuala Lumpur
103428589,560000,872.0,2.0,2.0,1.0,6,1,1,0,1,1,1,0,2011.0,15.0,33.0,378.0,955.0,1,1,1,1,0,1,0,Service Residence,Freehold,Non Bumi Lot,Medium,Kuala Lumpur,Best Western Premier Dua Sentral,Amanahraya Development Sdn. Bhd.,Kuala Lumpur
103429099,350000,1023.0,3.0,2.0,2.0,8,0,0,0,0,0,0,0,2019.0,7.0,,1200.0,555.0,1,1,1,1,1,1,0,Condominium,Freehold,Non Bumi Lot,High,Selangor,Residensi Zamrud,Cheras Hong Soon Development Sdn. Bhd.,Kajang
103782439,125000,650.0,3.0,2.0,1.0,0,0,0,0,0,0,0,0,,,,,318.0,0,0,0,0,0,0,0,Flat,Leasehold,Bumi Lot,High,Johor,Taman Mutiara Rini,Mutiara Rini Sdn Bhd,Skudai
103782434,370000,867.0,2.0,2.0,1.0,11,1,1,1,1,0,1,1,,,20.0,,644.0,1,1,1,1,1,0,0,Condominium,Freehold,Non Bumi Lot,High,Selangor,Kelana Sentral,Unknown,Petaling Jaya
102785812,485000,1074.0,3.0,2.0,2.0,9,0,0,0,1,1,0,0,2013.0,13.0,,,730.0,1,1,0,1,1,1,0,Condominium,Leasehold,Non Bumi Lot,Low,Kuala Lumpur,Midfields,YTL Corporation,Kuala Lumpur
103782430,422888,871.0,2.0,2.0,1.0,9,0,0,0,0,0,0,0,,,,316.0,385.0,1,1,1,1,1,1,0,Service Residence,Freehold,Non Bumi Lot,High,Johor,Sky View,Setia Promenade Sdn Bhd (SP Setia),Iskandar Puteri
102171455,190000,710.0,3.0,2.0,1.0,0,0,0,0,0,0,0,0,,,,,295.0,0,0,0,0,0,0,1,Flat,Leasehold,Non Bumi Lot,Low,Johor,Bandar Baru Uda (Johor Bahru),Unknown,Johor Bahru
101518074,630000,1598.0,3.0,3.0,2.0,8,0,0,0,0,0,0,0,2017.0,9.0,42.0,670.0,470.0,1,1,1,1,1,0,0,Condominium,Freehold,Non Bumi Lot,Medium,Penang,The Clovers,Asia Green Group,Sungai Ara
101518072,650000,1598.0,3.0,3.0,2.0,8,0,0,0,0,0,0,0,2017.0,9.0,42.0,670.0,470.0,1,1,1,1,1,0,1,Condominium,Freehold,Non Bumi Lot,Medium,Penang,The Clovers,Asia Green Group,Sungai Ara
101518066,440000,776.0,2.0,2.0,2.0,5,0,0,0,0,0,0,0,2017.0,9.0,42.0,670.0,475.0,1,1,1,1,0,1,1,Condominium,Freehold,Non Bumi Lot,High,Penang,The Clovers,Asia Green Group,Sungai Ara
101781735,450000,955.0,3.0,2.0,1.0,10,1,0,0,1,0,1,0,,,,,1007.0,1,1,0,1,1,1,0,Apartment,Freehold,Non Bumi Lot,Low,Selangor,Desa Idaman Residences,Mitrajaya Holdings Berhad,Puchong
103782285,135000,650.0,3.0,2.0,1.0,0,1,0,0,0,0,1,0,,,,,288.0,0,0,0,0,0,0,0,Flat,Freehold,Non Bumi Lot,Medium,Selangor,Rebana Flat,Unknown,Kapar
101710750,550000,1041.0,3.0,2.0,2.0,3,0,0,0,0,0,0,0,1995.0,31.0,16.0,,662.0,0,1,1,0,0,1,1,Condominium,Freehold,Non Bumi Lot,Medium,Penang,Menara Asas,Unknown,Tanjung Bungah
98693277,600000,1150.0,3.0,2.0,1.0,5,0,0,0,0,0,0,0,1997.0,29.0,14.0,96.0,673.0,1,1,1,0,1,1,1,Condominium,Freehold,Non Bumi Lot,Low,Penang,Flamingo Series,Unknown,Jelutong
103601469,1400000,1458.0,3.0,2.0,2.0,8,0,0,0,0,0,0,0,2019.0,7.0,26.0,220.0,675.0,1,1,1,1,1,1,1,Condominium,Freehold,Non Bumi Lot,High,Penang,Middleton @ Minden Heights,BSG Property,Gelugor
103556720,505000,1000.0,3.0,2.0,2.0,5,0,0,0,0,0,0,0,,,,,652.0,1,1,1,0,1,0,1,Condominium,Freehold,Non Bumi Lot,Low,Penang,ForestVille,Ideal Property Group,Bayan Lepas
102515464,638000,1349.0,4.0,2.0,1.0,8,0,0,0,0,0,0,0,2008.0,18.0,28.0,134.0,657.0,1,1,1,1,1,1,1,Condominium,Freehold,Non Bumi Lot,Low,Penang,Palm Palladium,Harta Intan Construction Sdn. Bhd.,Gelugor
102352833,380000,850.0,3.0,2.0,1.0,6,0,0,0,0,0,0,0,1998.0,28.0,24.0,342.0,682.0,1,1,1,0,1,1,1,Condominium,Freehold,Non Bumi Lot,Medium,Penang,Jay Series,Unknown,Jelutong
103720396,160000,700.0,3.0,2.0,1.0,4,0,0,0,0,0,0,0,,,,,319.0,1,1,0,0,0,0,0,Apartment,Leasehold,Non Bumi Lot,Medium,Selangor,saujana apartment,Unknown,Damansara Damai
101412879,480000,1161.0,3.0,2.0,2.0,9,0,1,0,0,0,0,0,2017.0,9.0,11.0,336.0,384.0,1,1,0,1,1,0,1,Condominium,Freehold,Non Bumi Lot,Medium,Selangor,Emerald Residence @ Mahkota Cheras,Cheras Hong Soon Development Sdn. Bhd.,Cheras
103627786,630000,1453.0,3.0,3.0,2.0,7,0,0,1,0,0,0,0,1998.0,28.0,9.0,208.0,405.0,1,1,0,1,1,1,1,Condominium,Freehold,Non Bumi Lot,Medium,Selangor,Cypress Condominium,SHL Consolidated Bhd,Kajang
103397842,265000,955.0,3.0,2.0,1.0,5,0,0,0,0,0,0,0,,,17.0,595.0,407.0,1,1,1,0,1,0,0,Apartment,Leasehold,Non Bumi Lot,Low,Kuala Lumpur,Vista Saujana,Unknown,Kuala Lumpur
103255092,210000,958.0,3.0,2.0,1.0,4,1,0,0,0,0,1,0,,,5.0,,435.0,0,1,0,0,1,0,0,Apartment,Leasehold,Non Bumi Lot,High,Selangor,Riviera Apartment,Unknown,Ampang
102452927,330000,1012.0,3.0,2.0,1.0,8,0,0,0,0,0,0,0,2001.0,25.0,11.0,704.0,290.0,1,1,0,1,1,0,1,Condominium,Freehold,Non Bumi Lot,Medium,Selangor,Green Acre Park,SHL Consolidated Berhad,Kajang
103782355,349000,654.0,3.0,2.0,1.0,4,0,0,0,0,0,0,0,2014.0,12.0,38.0,554.0,416.0,0,1,1,0,1,1,1,Apartment,Freehold,Non Bumi Lot,Medium,Penang,Taman Bukit Erskine,Ivory Properties Group Sdn Bhd,Tanjong Tokong
100959617,565000,1115.0,3.0,2.0,2.0,7,0,0,0,0,0,0,0,2017.0,9.0,25.0,419.0,457.0,1,1,0,1,1,1,0,Condominium,Freehold,Non Bumi Lot,High,Penang,Solaria Residences,Ideal Property Group,Bayan Lepas
103669925,600000,1115.0,3.0,2.0,2.0,8,0,0,0,0,0,0,0,2017.0,9.0,25.0,419.0,484.0,1,1,1,1,1,1,1,Condominium,Freehold,Non Bumi Lot,Medium,Penang,Solaria Residences,Ideal Property Group,Bayan Lepas
103631936,290000,818.0,3.0,2.0,2.0,5,0,0,0,0,0,1,0,2018.0,8.0,16.0,730.0,1384.0,0,1,1,0,1,0,1,Apartment,Freehold,Bumi Lot,Medium,Selangor,De Palma,SP Setia Berhad,Setia Alam
103383040,700000,1100.0,3.0,2.0,2.0,9,0,0,0,0,0,0,0,,,,,506.0,1,1,1,1,1,1,1,Condominium,Freehold,Non Bumi Lot,Medium,Penang,SummerSkye Residences,Ideal Property Group,Bayan Lepas
102092737,300000,800.0,3.0,2.0,1.0,9,1,1,1,0,1,1,0,2026.0,0.0,,3600.0,1180.0,1,1,1,1,1,0,0,Apartment,Leasehold,Bumi Lot,Medium,Kuala Lumpur,J.Satine,Gandingan Jakel,Kuala Lumpur
103382840,665000,1250.0,3.0,2.0,2.0,9,0,0,0,0,0,0,0,2017.0,9.0,30.0,410.0,476.0,1,1,1,1,1,1,1,Condominium,Freehold,Non Bumi Lot,Medium,Penang,Skycube Residence,GSD Land (M) Sdn Bhd,Sungai Ara
103382831,600000,1250.0,3.0,2.0,2.0,9,0,0,0,0,0,0,0,2017.0,9.0,30.0,410.0,472.0,1,1,1,1,1,1,0,Condominium,Freehold,Non Bumi Lot,High,Penang,Skycube Residence,GSD Land (M) Sdn Bhd,Sungai Ara
96852887,508000,950.0,2.0,2.0,1.0,14,1,1,1,1,1,1,0,,,4.0,,583.0,1,1,1,1,1,1,0,Condominium,Freehold,Non Bumi Lot,High,Kuala Lumpur,Villa Ampang,Unknown,Kuala Lumpur
103564371,375000,982.0,3.0,2.0,1.0,5,1,0,0,1,0,1,0,,,16.0,,808.0,1,1,0,0,1,0,0,Condominium,Freehold,Non Bumi Lot,Unknown,Kuala Lumpur,Menara Menjalara,Unknown,Kuala Lumpur
103457034,699999,886.0,2.0,2.0,1.0,0,1,0,0,0,1,1,0,,,,,743.0,0,0,0,0,0,0,0,Service Residence,Leasehold,Non Bumi Lot,Unknown,Kuala Lumpur,Arte Mont Kiara,Arte Corp,Kuala Lumpur
103398198,320000,956.0,3.0,2.0,1.0,12,0,0,0,0,0,0,0,,,19.0,392.0,613.0,1,1,0,1,1,0,0,Condominium,Freehold,Non Bumi Lot,Unknown,Selangor,Villa Park,VILLAMAS GROUP OF COMPANIES,Seri Kembangan
102965472,450000,1100.0,3.0,2.0,1.0,14,0,0,0,0,0,0,0,2019.0,7.0,43.0,1472.0,568.0,1,1,1,1,1,0,0,Condominium,Leasehold,Non Bumi Lot,Unknown,Kuala Lumpur,The Henge Kepong,Aset Kayamas Sdn Bhd,Kuala Lumpur
102210051,420000,850.0,3.0,2.0,1.0,9,0,0,0,0,0,0,0,2007.0,19.0,22.0,816.0,621.0,1,1,1,1,1,1,1,Condominium,Freehold,Non Bumi Lot,Medium,Penang,Asia Heights,Asia Green Group,Ayer Itam
99446991,660000,1300.0,3.0,3.0,2.0,14,0,0,0,0,0,0,0,2016.0,10.0,26.0,548.0,661.0,1,1,1,1,1,0,1,Condominium,Freehold,Non Bumi Lot,Low,Penang,Tree Sparina @ Ideal Vision Park,Ideal Property Group,Bayan Lepas
90069219,800000,3350.0,6.0,5.0,4.0,1,0,0,0,0,0,0,0,,,24.0,234.0,712.0,0,0,0,0,0,1,1,Condominium,Freehold,Non Bumi Lot,High,Penang,Shineville Park,Zantalite Enterprise (M) Sdn Bhd,Ayer Itam
103216778,485000,1087.0,4.0,2.0,1.0,5,0,0,0,0,0,0,0,1998.0,28.0,,428.0,644.0,1,1,1,0,1,0,1,Condominium,Freehold,Non Bumi Lot,Low,Penang,Leader Garden,Unknown,Tanjung Bungah
103052290,1100000,2330.0,5.0,4.0,3.0,8,0,0,0,0,0,0,0,2021.0,5.0,,406.0,718.0,1,1,1,1,1,1,1,Condominium,Freehold,Non Bumi Lot,Low,Penang,The Golden Triangle,GSV Development Sdn Bhd,Relau
103052115,620000,1275.0,3.0,2.0,2.0,5,0,0,0,0,0,0,0,2017.0,9.0,30.0,410.0,665.0,1,1,1,0,1,0,1,Condominium,Freehold,Non Bumi Lot,Low,Penang,Skycube Residence,GSD Land (M) Sdn Bhd,Sungai Ara
98695154,350000,800.0,3.0,2.0,1.0,10,0,0,0,0,0,0,0,1999.0,27.0,23.0,433.0,663.0,1,1,1,1,1,0,1,Apartment,Freehold,Non Bumi Lot,Medium,Penang,Sinar Bukit Dumbar,Unknown,Jelutong
103252361,430000,856.0,3.0,2.0,2.0,3,0,0,0,0,0,0,0,,,10.0,48.0,685.0,0,1,1,0,0,1,1,Apartment,Freehold,Non Bumi Lot,Medium,Penang,Casa Pinang,Unknown,Jelutong
103217447,320000,721.0,3.0,2.0,1.0,5,0,0,0,0,0,0,0,1999.0,27.0,16.0,256.0,688.0,1,1,1,0,1,1,1,Condominium,Freehold,Non Bumi Lot,Medium,Penang,Ferringhi Delima Condominium,Unknown,Batu Ferringhi
103160019,350000,700.0,3.0,2.0,1.0,7,0,0,0,0,0,0,0,1997.0,29.0,32.0,988.0,658.0,1,1,1,1,1,1,1,Condominium,Freehold,Non Bumi Lot,Medium,Penang,N-Park Condominium,Unknown,Gelugor
102541772,1300000,1750.0,3.0,2.0,4.0,11,0,0,0,0,0,0,0,2021.0,5.0,33.0,550.0,685.0,1,1,1,1,1,0,0,Condominium,Freehold,Non Bumi Lot,High,Penang,Setia Sky Ville,Kay Pride Sdn Bhd (S P Setia Bhd Group),Jelutong
101009687,1100000,1424.0,3.0,2.0,3.0,11,0,0,0,0,0,0,0,2021.0,5.0,33.0,550.0,688.0,1,1,1,1,1,1,1,Condominium,Freehold,Non Bumi Lot,High,Penang,Setia Sky Ville,Kay Pride Sdn Bhd (S P Setia Bhd Group),Jelutong
100857405,360000,700.0,3.0,2.0,1.0,3,0,0,0,0,0,0,0,1997.0,29.0,8.0,68.0,700.0,0,1,1,0,0,1,1,Apartment,Freehold,Non Bumi Lot,Low,Penang,Taman Seri Hijau,Unknown,Jelutong
98857740,1400000,2000.0,5.0,5.0,4.0,5,0,0,0,0,0,0,0,,,,,661.0,1,1,1,0,1,1,0,Condominium,Freehold,Non Bumi Lot,High,Penang,Artis 3,Airmas Group,Jelutong
103782194,275000,811.0,3.0,2.0,1.0,3,0,0,0,0,0,1,0,,,11.0,220.0,943.0,0,1,1,0,0,0,0,Apartment,Freehold,Bumi Lot,Medium,Selangor,Pangsapuri Akasia Berjaya Park,BERJAYA GROUP,Shah Alam
102971271,355000,1323.0,3.0,2.0,1.0,9,1,1,0,1,1,1,0,1999.0,27.0,18.0,,793.0,1,1,0,1,1,0,1,Condominium,Freehold,Non Bumi Lot,Unknown,Kuala Lumpur,Villa Angsana,Mudajaya Group,Kuala Lumpur
102940643,445000,1001.0,3.0,2.0,1.0,0,1,0,0,0,1,0,0,2014.0,12.0,21.0,391.0,704.0,0,0,0,0,0,0,1,Service Residence,Leasehold,Non Bumi Lot,Unknown,Selangor,Urban 360,Radiant Symphony Sdn Bhd,Gombak
102940649,293000,916.0,3.0,2.0,1.0,7,0,0,0,0,0,0,0,2013.0,13.0,12.0,352.0,635.0,1,1,0,1,1,0,1,Condominium,Leasehold,Bumi Lot,Unknown,Selangor,Radius Residence,Dergahayu Sdn Bhd,Batu Caves
100335803,378000,1022.0,3.0,2.0,2.0,10,0,0,0,0,0,0,0,2013.0,13.0,29.0,372.0,1322.0,1,1,1,1,1,0,1,Condominium,Freehold,Non Bumi Lot,Medium,Selangor,Mutiara Ville @ Cyberjaya,Seri Mutiara Development Sdn Bhd,Cyberjaya
102940653,423000,1272.0,3.0,2.0,1.0,0,1,0,0,1,1,1,0,,,,572.0,791.0,0,0,0,0,0,0,1,Condominium,Freehold,Non Bumi Lot,Unknown,Kuala Lumpur,Rivercity Condominium,Sem Siong Industries,Kuala Lumpur
102940644,335000,1010.0,3.0,2.0,1.0,7,0,1,1,0,0,0,0,2008.0,18.0,23.0,375.0,705.0,1,1,0,1,1,0,1,Condominium,Freehold,Bumi Lot,Unknown,Selangor,Selayang Point,Domain Point Sdn Bhd,Selayang
103782280,175000,657.0,3.0,2.0,1.0,0,1,0,0,0,1,1,0,,,,,1067.0,0,0,0,0,0,0,1,Flat,Leasehold,Non Bumi Lot,Medium,Selangor,Angsana,Unknown,Subang Jaya
102083079,358000,893.0,3.0,2.0,1.0,7,0,1,0,1,1,0,0,,,10.0,,752.0,1,1,0,1,1,0,0,Condominium,Freehold,Non Bumi Lot,Unknown,Selangor,Sri Damansara Court,Unknown,Bandar Sri Damansara
102058483,585000,500.0,1.0,1.0,1.0,5,0,0,0,0,0,0,0,,,,,943.0,1,1,1,1,1,1,0,Service Residence,Leasehold,Non Bumi Lot,High,Sabah,The Shore (Kota Kinabalu),Unknown,Kota Kinabalu
98336057,145000,572.0,2.0,1.0,1.0,1,0,0,0,0,1,0,0,2009.0,17.0,,376.0,257.0,0,0,0,0,1,0,0,Flat,Leasehold,Bumi Lot,High,Selangor,Taman Alam Indah,Mahajaya Berhad,Shah Alam
97662947,690000,1196.0,3.0,2.0,2.0,0,1,1,0,0,0,0,0,,,,,1313.0,0,0,0,0,0,0,0,Condominium,Leasehold,Bumi Lot,Medium,Kuala Lumpur,Kaleidoscope,Kerjaya Prospek Group,Kuala Lumpur
103782174,698000,1020.0,3.0,2.0,1.0,13,0,0,0,0,0,0,0,2017.0,9.0,22.0,1343.0,678.0,1,1,1,1,1,1,1,Condominium,Freehold,Non Bumi Lot,Medium,Penang,Tropicana Bay Residences @ PWC,Tropicana Ivory Sdn. Bhd.,Bayan Lepas
103782172,600000,1590.0,4.0,3.0,3.0,4,0,0,0,0,0,0,0,2014.0,12.0,18.0,96.0,393.0,1,1,0,1,1,0,0,Condominium,Freehold,Non Bumi Lot,Unknown,Penang,D'Zone Condominium,Palmex Industries Sdn Bhd (IOI Group),Bayan Lepas
103782271,380000,916.0,3.0,2.0,1.0,7,0,0,0,0,0,0,0,2016.0,10.0,22.0,328.0,303.0,1,1,1,1,1,1,0,Apartment,Leasehold,Non Bumi Lot,High,Johor,Larkin Heights Apartment,Mahabuilders Berhad,Johor Bahru
102821523,470000,1050.0,4.0,3.0,2.0,13,0,0,0,0,0,0,0,,,,,508.0,1,1,1,1,1,0,0,Condominium,Leasehold,Non Bumi Lot,Unknown,Kuala Lumpur,Radium Adesa @ Sungai Besi / Taman Desa / Maluri Sunway Velocity,Unknown,Kuala Lumpur
102403645,350000,811.0,3.0,2.0,1.0,5,0,0,1,0,1,0,0,1996.0,30.0,4.0,368.0,695.0,0,1,0,0,1,0,1,Condominium,Freehold,Non Bumi Lot,Low,Selangor,SD Apartments,Land & General Berhad,Bandar Sri Damansara
103010740,400000,1616.0,3.0,2.0,1.0,9,0,0,0,0,0,0,0,1999.0,27.0,19.0,216.0,643.0,1,1,0,1,1,0,1,Condominium,Leasehold,Non Bumi Lot,Medium,Johor,Datin Halimah,Southcon Development,Johor Bahru
98792718,342000,950.0,3.0,2.0,2.0,9,0,0,1,0,0,0,0,,,,,369.0,0,1,1,1,1,0,0,Condominium,Freehold,Non Bumi Lot,Unknown,Selangor,Akasia Residence,Unknown,Bandar Sungai Long
102437336,650000,1598.0,3.0,3.0,2.0,5,0,0,0,0,0,0,0,2017.0,9.0,42.0,670.0,681.0,1,1,1,1,0,1,1,Condominium,Freehold,Non Bumi Lot,Medium,Penang,The Clovers,Asia Green Group,Sungai Ara
103782225,368000,620.0,1.0,1.0,1.0,5,1,1,1,1,1,1,0,2012.0,14.0,38.0,1033.0,380.0,1,0,0,1,1,0,0,Service Residence,Freehold,Non Bumi Lot,Medium,Kuala Lumpur,Regalia Residence,Mayland Group,Kuala Lumpur
90430929,245000,974.0,3.0,2.0,1.0,3,0,0,0,0,0,0,0,2010.0,16.0,10.0,243.0,741.0,0,1,0,0,1,0,1,Condominium,Leasehold,Bumi Lot,Medium,Selangor,Putra Intan Kondominium,Lembah Kerjaya Sdn. Bhd.,Dengkil
103782124,240000,570.0,2.0,1.0,1.0,2,1,0,1,1,1,0,0,,,,,726.0,0,0,0,0,1,0,1,Apartment,Leasehold,Bumi Lot,Medium,Kuala Lumpur,Bandar Baru Sentul,Unknown,Kuala Lumpur
102349862,360000,1270.0,3.0,2.0,1.0,8,0,0,0,0,0,0,0,2017.0,9.0,15.0,368.0,399.0,1,1,1,0,1,0,0,Condominium,Freehold,Bumi Lot,Medium,Kuala Lumpur,The Chancellor Condominium,Unknown,Kuala Lumpur
103782218,318000,618.0,1.0,1.0,2.0,12,0,0,0,0,0,1,0,2015.0,11.0,28.0,467.0,475.0,1,1,1,1,1,1,1,Condominium,Leasehold,Non Bumi Lot,Medium,Kuala Lumpur,The Mark,BHL Group of Companies,Kuala Lumpur
103782209,390000,1100.0,3.0,2.0,1.0,11,0,0,0,0,0,0,0,2008.0,18.0,14.0,480.0,933.0,1,1,1,1,1,0,0,Condominium,Freehold,Non Bumi Lot,Medium,Selangor,Renjana Ampang,Wangsa Eramoden Sdn Bhd,Ampang
102805236,445000,1087.0,3.0,2.0,2.0,8,0,0,0,0,0,0,0,,,,148.0,365.0,1,1,0,1,1,1,0,Condominium,Freehold,Non Bumi Lot,High,Penang,The Signature (Perai),Excel Focus Properties Sdn Bhd,Perai
103782207,1399000,1128.0,3.0,2.0,2.0,9,0,0,0,0,0,0,0,2014.0,12.0,9.0,631.0,473.0,1,1,1,1,1,1,1,Condominium,Leasehold,Non Bumi Lot,High,Sabah,The Loft @ KK Times Square,Syarikat Kapasi (Asian Pac),Kota Kinabalu
103101612,229000,1470.0,3.0,2.0,1.0,7,0,0,0,0,0,0,0,2000.0,26.0,14.0,1339.0,933.0,1,1,0,1,1,0,0,Condominium,Freehold,Non Bumi Lot,Low,Selangor,Venice Hill,Li Foong Group,Cheras
102824990,390000,891.0,3.0,2.0,1.0,8,1,0,0,0,1,1,0,2009.0,17.0,13.0,,1143.0,1,1,1,1,1,0,0,Condominium,Leasehold,Bumi Lot,High,Kuala Lumpur,Sentul Utama Condominium,Melati Ehsan Group,Kuala Lumpur
100204288,225000,820.0,3.0,2.0,1.0,1,0,0,0,0,0,0,0,,,,,881.0,0,0,0,0,0,0,0,Apartment,Freehold,Bumi Lot,High,Selangor,Waja Apartment,Unknown,Cheras
103669923,600000,1200.0,3.0,2.0,2.0,9,0,0,0,0,0,0,0,2016.0,10.0,30.0,816.0,507.0,1,1,1,1,1,1,1,Condominium,Freehold,Non Bumi Lot,Medium,Penang,Imperial Residences,Ideal Property Group,Sungai Ara
103782200,170000,626.0,3.0,2.0,1.0,3,0,0,0,0,0,0,0,,,13.0,1020.0,633.0,0,1,1,0,0,0,1,Apartment,Leasehold,Non Bumi Lot,High,Penang,Desa Intan,Unknown,Ayer Itam
101114565,600000,1100.0,3.0,2.0,2.0,9,0,0,0,0,0,0,0,2016.0,10.0,30.0,816.0,478.0,1,1,1,1,1,1,1,Condominium,Freehold,Non Bumi Lot,High,Penang,Imperial Residences,Ideal Property Group,Sungai Ara
103383088,615000,1200.0,3.0,2.0,4.0,9,0,0,0,0,0,0,0,2016.0,10.0,30.0,816.0,477.0,1,1,1,1,1,1,1,Condominium,Freehold,Non Bumi Lot,Medium,Penang,Imperial Residences,Ideal Property Group,Sungai Ara
102898888,369000,950.0,3.0,2.0,1.0,5,0,0,0,0,0,0,0,1997.0,29.0,13.0,72.0,396.0,1,1,1,0,1,0,1,Condominium,Freehold,Non Bumi Lot,Medium,Penang,Kiara Indah Condominium,Unknown,Ayer Itam
103349200,230000,625.0,3.0,1.0,1.0,5,0,0,0,0,0,0,0,,,,,589.0,0,1,1,0,1,0,1,Flat,Freehold,Non Bumi Lot,High,Penang,Sri Bayu (Bayan Lepas),Unknown,Bayan Lepas
102732915,387000,1041.0,3.0,2.0,2.0,8,1,1,0,0,1,1,0,,,,,891.0,0,1,1,1,1,0,0,Apartment,Leasehold,Non Bumi Lot,Low,Selangor,Pangsapuri Damai,Ikram Ikhlas,Shah Alam
103383033,660000,1100.0,3.0,2.0,2.0,10,0,0,0,0,0,0,0,,,,,521.0,1,1,1,1,1,1,1,Condominium,Freehold,Non Bumi Lot,High,Penang,SummerSkye Residences,Ideal Property Group,Bayan Lepas
103669918,600000,1130.0,3.0,2.0,2.0,14,0,0,0,0,0,0,0,2016.0,10.0,26.0,548.0,480.0,1,1,1,1,1,1,1,Condominium,Freehold,Non Bumi Lot,Medium,Penang,Tree Sparina @ Ideal Vision Park,Ideal Property Group,Bayan Lepas
95514300,280000,700.0,3.0,2.0,1.0,0,0,0,0,0,0,0,0,1992.0,34.0,17.0,3.0,416.0,0,0,0,0,0,1,1,Apartment,Leasehold,Non Bumi Lot,Medium,Penang,Desa Delima,Unknown,Ayer Itam
101292151,740000,1300.0,3.0,3.0,2.0,14,0,0,0,0,0,0,0,2016.0,10.0,26.0,548.0,488.0,1,1,1,1,1,1,1,Condominium,Freehold,Non Bumi Lot,Medium,Penang,Tree Sparina @ Ideal Vision Park,Ideal Property Group,Bayan Lepas
103382758,570000,1200.0,3.0,2.0,2.0,9,0,0,0,0,0,0,0,2016.0,10.0,20.0,771.0,473.0,1,1,1,1,1,1,1,Condominium,Freehold,Non Bumi Lot,Low,Penang,One Imperial,Ideal Property Group,Sungai Ara
103382762,660000,1200.0,3.0,2.0,2.0,7,0,0,0,0,0,0,0,2016.0,10.0,20.0,771.0,483.0,1,1,1,1,1,1,1,Condominium,Freehold,Non Bumi Lot,High,Penang,One Imperial,Ideal Property Group,Sungai Ara
103230995,150000,670.0,3.0,2.0,1.0,9,1,0,0,0,1,1,0,2004.0,22.0,18.0,332.0,809.0,1,1,0,1,1,0,0,Apartment,Freehold,Non Bumi Lot,Unknown,Selangor,Sri Dahlia Apartment,TLS Group,Puchong
98874163,280000,810.0,3.0,2.0,1.0,0,0,0,0,0,0,0,0,1999.0,27.0,,252.0,640.0,0,0,0,0,0,0,0,Apartment,Freehold,Non Bumi Lot,Medium,Penang,Pangsapuri Sri Abadi,Unknown,Sungai Ara
102207144,620000,1195.0,3.0,2.0,2.0,14,0,0,0,0,0,0,0,2011.0,15.0,38.0,420.0,687.0,1,1,1,1,1,1,1,Condominium,Freehold,Non Bumi Lot,Medium,Penang,Boulevard Condominium (BLVD),Reka Indah Development Sdn Bhd,Ayer Itam
103403532,1250000,1123.0,1.0,1.0,1.0,11,0,0,0,0,0,0,0,2013.0,13.0,25.0,1200.0,679.0,1,1,1,1,1,1,1,Condominium,Freehold,Non Bumi Lot,High,Penang,Quayside,Eastern & Oriental Berhad,Tanjong Tokong
102436751,800000,1566.0,3.0,2.0,2.0,8,0,0,0,0,0,0,0,,,,17.0,653.0,1,1,1,1,1,1,0,Condominium,Leasehold,Non Bumi Lot,Medium,Penang,Summerton Condominium,GSD Land (M) Sdn Bhd,Bayan Lepas
98881317,320000,700.0,3.0,2.0,1.0,10,0,0,0,0,0,0,0,1999.0,27.0,23.0,433.0,694.0,1,1,1,1,1,1,1,Apartment,Freehold,Non Bumi Lot,Medium,Penang,Sinar Bukit Dumbar,Unknown,Jelutong
103252071,495000,1000.0,3.0,2.0,2.0,9,0,0,0,0,0,0,0,2020.0,6.0,,,646.0,1,1,1,1,1,0,1,Apartment,Leasehold,Non Bumi Lot,High,Penang,The Rise Collection 3,Zubicon Sdn. Bhd.,George Town
102515617,420000,800.0,3.0,2.0,2.0,3,0,0,0,0,0,0,0,2016.0,10.0,,1900.0,676.0,0,1,1,0,0,1,1,Apartment,Leasehold,Non Bumi Lot,High,Penang,The Rise Collection 2,Zubicon Sdn. Bhd.,George Town
103782137,418000,640.0,1.0,1.0,1.0,13,0,0,0,0,0,0,0,2018.0,8.0,,1050.0,659.0,1,1,1,1,1,1,0,Condominium,Freehold,Non Bumi Lot,High,Johor,Molek Regency,ALPHA ASTRAL REALTY SDN BHD,Johor Bahru
101483278,759000,1690.0,3.0,3.0,3.0,10,0,0,0,0,0,0,0,2014.0,12.0,18.0,156.0,256.0,1,1,1,1,1,0,0,Condominium,Leasehold,Non Bumi Lot,Medium,Kuala Lumpur,8 Petaling,Petaling Garden Sdn Bhd (I & P Group),Kuala Lumpur
103556804,290000,1050.0,3.0,2.0,1.0,0,0,0,0,0,0,0,0,2019.0,7.0,,1200.0,638.0,0,0,0,0,0,0,0,Condominium,Freehold,Non Bumi Lot,Unknown,Selangor,Residensi Zamrud,Cheras Hong Soon Development Sdn. Bhd.,Kajang
102309122,849000,950.0,3.0,2.0,1.0,11,0,0,0,0,0,0,0,2020.0,6.0,43.0,639.0,1344.0,1,1,1,1,1,1,0,Service Residence,Leasehold,Bumi Lot,High,Kuala Lumpur,Legasi Kampong Bharu,UDA Holdings Berhad,Kuala Lumpur
103071363,275000,1300.0,4.0,3.0,1.0,8,0,0,0,0,0,0,0,2010.0,16.0,20.0,300.0,590.0,1,1,0,1,1,0,1,Condominium,Freehold,Non Bumi Lot,High,Selangor,Casa Suria,Unknown,Cheras
102206936,365000,732.0,2.0,1.0,1.0,14,0,0,0,0,0,0,0,2016.0,10.0,,418.0,728.0,1,1,1,1,1,1,0,Service Residence,Freehold,Non Bumi Lot,Medium,Johor,Midori Green @ Austin Heights,Austin Heights Sdn. Bhd.,Johor Bahru
103004646,295000,911.0,3.0,2.0,1.0,10,1,0,1,0,1,1,0,1994.0,32.0,24.0,576.0,686.0,1,1,0,1,1,0,1,Condominium,Freehold,Non Bumi Lot,Unknown,Kuala Lumpur,Setapak Ria Condominium,AM-EL Group,Kuala Lumpur
103004645,395000,1080.0,3.0,2.0,1.0,0,0,0,0,0,0,0,0,2007.0,19.0,16.0,416.0,562.0,0,0,0,0,0,0,1,Condominium,Freehold,Bumi Lot,Unknown,Kuala Lumpur,Putra Villa,Haluan Mulia Sdn Bhd,Kuala Lumpur
102940646,233000,753.0,3.0,2.0,1.0,2,0,0,0,1,0,1,0,,,,,753.0,0,0,0,0,1,0,1,Apartment,Freehold,Non Bumi Lot,Unknown,Kuala Lumpur,Sri Ehsan Apartment,Unknown,Kuala Lumpur
103782105,260000,733.0,2.0,2.0,1.0,8,0,0,0,0,0,0,0,,,12.0,,521.0,1,1,1,0,1,0,0,Condominium,Leasehold,Bumi Lot,Medium,Selangor,Brunsfield Riverview,Brunsfield International Group,Shah Alam
103782102,318000,750.0,3.0,2.0,1.0,4,0,0,0,0,0,0,0,1999.0,27.0,,224.0,226.0,1,0,1,1,0,0,1,Apartment,Freehold,Non Bumi Lot,Medium,Penang,Desamas Melur,Unknown,Sungai Ara
103464262,345000,920.0,3.0,2.0,1.0,7,1,0,0,1,1,1,0,1999.0,27.0,15.0,690.0,766.0,1,1,0,1,1,0,0,Condominium,Leasehold,Non Bumi Lot,Unknown,Kuala Lumpur,Bayu Tasik 1,PPC Glomac Sdn. Bhd.,Kuala Lumpur
102138231,535000,1207.0,4.0,2.0,1.0,6,1,0,0,0,1,1,0,2013.0,13.0,18.0,250.0,904.0,1,1,0,0,1,1,1,Service Residence,Leasehold,Non Bumi Lot,Low,Kuala Lumpur,Astana Lumayan,Danau Lumayan Sdn Bhd,Kuala Lumpur
102803026,250000,778.0,3.0,2.0,1.0,5,0,0,0,0,0,0,0,2005.0,21.0,7.0,1274.0,771.0,0,1,1,0,1,0,0,Apartment,Leasehold,Bumi Lot,Low,Selangor,Pangsapuri Subang Suria,Agmal Development Sdn Bhd,Shah Alam
103781970,430000,541.0,1.0,1.0,1.0,8,0,0,0,0,0,0,0,2019.0,7.0,15.0,760.0,1015.0,1,1,0,1,1,1,0,Service Residence,Freehold,Bumi Lot,Medium,Pahang,TimurBay Seafront Residences,PJD Group,Kuantan
103326909,215000,1055.0,3.0,2.0,1.0,2,1,0,0,0,1,0,0,2011.0,15.0,,,930.0,0,1,0,0,0,0,0,Apartment,Leasehold,Bumi Lot,High,Selangor,Pangsapuri Ruby,Unknown,Shah Alam
103686903,360000,900.0,3.0,2.0,2.0,0,0,0,0,0,0,0,0,2008.0,18.0,22.0,754.0,123.0,0,0,0,0,0,0,0,Condominium,Leasehold,Non Bumi Lot,Unknown,Penang,Serina Bay,PLB Land Sdn Bhd,Jelutong
103004621,285000,1005.0,3.0,2.0,1.0,3,1,0,1,1,1,0,0,,,23.0,,800.0,0,1,0,0,0,0,1,Condominium,Leasehold,Bumi Lot,Unknown,Kuala Lumpur,Pangsapuri Mawar (Sentul),Unknown,Kuala Lumpur
103782080,418000,1076.0,3.0,2.0,1.0,7,1,0,1,0,1,1,0,,,15.0,,365.0,1,1,0,1,1,0,0,Condominium,Freehold,Non Bumi Lot,Medium,Selangor,Casa Puteri,IOI Properties Group Berhad,Puchong
103782078,175000,570.0,2.0,1.0,1.0,0,0,0,0,0,0,0,0,,,,,355.0,0,0,0,0,0,0,0,Flat,Freehold,Non Bumi Lot,Low,Johor,Taman Daya - Jalan Nibong 28,Unknown,Tebrau
101929726,650000,1250.0,4.0,3.0,2.0,9,1,1,0,0,1,1,1,2015.0,11.0,36.0,981.0,1195.0,1,1,1,1,1,0,0,Condominium,Freehold,Bumi Lot,Medium,Kuala Lumpur,Scenaria @ North Kiara Hills,UOA Group,Kuala Lumpur
103485935,280001,646.0,3.0,1.0,1.0,3,0,0,0,0,0,0,0,,,12.0,556.0,185.0,0,1,1,0,0,1,0,Condominium,Leasehold,Non Bumi Lot,Medium,Penang,Pinang Court 1,IJM LAND BERHAD,Jelutong
103782075,565000,925.0,3.0,2.0,2.0,10,0,0,0,0,0,0,0,2017.0,9.0,22.0,396.0,214.0,0,1,1,1,1,1,1,Condominium,Leasehold,Non Bumi Lot,Medium,Penang,The Spring,IJM LAND BERHAD,Jelutong
84073992,510000,890.0,3.0,2.0,1.0,7,1,0,0,0,0,0,0,,,,414.0,647.0,1,1,0,0,1,0,0,Apartment,Freehold,Non Bumi Lot,High,Selangor,Utropolis Serviced Apartment 1,Paramount Property,Glenmarie
103782065,530000,774.0,3.0,2.0,1.0,14,0,0,0,1,0,1,0,2016.0,10.0,36.0,630.0,388.0,1,1,1,1,1,1,1,Service Residence,Leasehold,Non Bumi Lot,Medium,Kuala Lumpur,Shamelin Star,Landmark Zone Sdn. Bhd.,Kuala Lumpur
103641638,252000,1069.0,3.0,2.0,1.0,5,0,0,0,0,0,0,0,2006.0,20.0,22.0,246.0,866.0,0,1,1,0,1,0,0,Apartment,Freehold,Non Bumi Lot,Unknown,Selangor,Pangsapuri Saujana Permai 2,Majlis Perbandaran Kajang,Kajang
96641284,258000,700.0,3.0,2.0,2.0,0,0,0,0,0,0,0,0,,,,,485.0,0,0,0,0,0,1,1,Apartment,Leasehold,Non Bumi Lot,Low,Penang,Desa Baiduri,Unknown,Ayer Itam
102974610,270000,721.0,3.0,2.0,1.0,5,0,0,0,0,0,0,0,1998.0,28.0,13.0,496.0,663.0,1,1,1,0,1,1,1,Condominium,Freehold,Non Bumi Lot,Medium,Penang,Taman Jade View,Unknown,Gelugor
101189858,338000,700.0,3.0,2.0,1.0,3,0,0,0,0,0,0,0,2000.0,26.0,22.0,403.0,646.0,0,1,1,0,0,1,1,Condominium,Freehold,Non Bumi Lot,High,Penang,Desa Bistari (Gelugor),Unknown,Gelugor
103781930,175000,570.0,2.0,1.0,1.0,0,0,0,0,0,0,0,0,,,,,233.0,0,0,0,0,0,0,0,Flat,Freehold,Non Bumi Lot,Low,Johor,Taman Daya - Jalan Nibong 14,Unknown,Tebrau
103781895,550000,1188.0,2.0,2.0,2.0,9,1,0,0,0,0,1,0,2008.0,18.0,24.0,296.0,520.0,1,1,0,1,1,0,0,Condominium,Leasehold,Bumi Lot,Medium,Selangor,Casa Tropicana,Dijaya Group Corporation,Petaling Jaya
101349749,100000,650.0,3.0,2.0,1.0,2,0,0,0,0,0,0,0,,,5.0,,152.0,0,0,0,0,1,0,0,Flat,Leasehold,Bumi Lot,Medium,Selangor,Taman Sri Tanjung (Semenyih) Flat,Unknown,Semenyih
103602332,200000,603.0,3.0,1.0,1.0,2,0,0,0,0,0,0,0,,,,,249.0,0,0,1,0,0,0,0,Apartment,Leasehold,Bumi Lot,Medium,Selangor,Pangsapuri Pandan Cahaya,Unknown,Ampang
103458099,299000,852.0,3.0,2.0,1.0,10,1,0,0,0,1,1,0,2000.0,26.0,12.0,,990.0,1,1,0,1,1,1,0,Apartment,Leasehold,Non Bumi Lot,High,Selangor,Vista Lavender,Talam Transform Berhad,Puchong
103597968,400000,765.0,2.0,2.0,2.0,5,0,0,0,0,0,0,0,2017.0,9.0,42.0,670.0,316.0,1,1,1,1,0,0,0,Condominium,Freehold,Non Bumi Lot,High,Penang,The Clovers,Asia Green Group,Sungai Ara
102863547,320000,565.0,2.0,2.0,2.0,7,1,1,0,0,1,0,0,2015.0,11.0,27.0,526.0,373.0,1,1,0,1,1,0,0,Apartment,Freehold,Non Bumi Lot,High,Kuala Lumpur,Central Residence @ Sg Besi,Yuk Tung Group,Kuala Lumpur
103647605,250000,800.0,3.0,2.0,1.0,9,0,1,0,0,0,0,0,2019.0,7.0,,635.0,726.0,1,1,1,1,1,0,0,Apartment,Freehold,Non Bumi Lot,Unknown,Selangor,D'Cassia Apartment,SP Setia Berhad,Semenyih
103380270,599999,1019.0,3.0,2.0,1.0,8,1,1,0,0,1,1,1,2015.0,11.0,36.0,981.0,759.0,1,1,0,1,1,0,0,Condominium,Freehold,Non Bumi Lot,Unknown,Kuala Lumpur,Scenaria @ North Kiara Hills,UOA Group,Kuala Lumpur
102745515,499999,1363.0,3.0,2.0,1.0,0,0,0,0,0,0,0,0,2015.0,11.0,26.0,360.0,656.0,0,0,0,0,0,0,0,Condominium,Leasehold,Non Bumi Lot,Unknown,Kuala Lumpur,Bayu Sentul Condominium,Arus Embun Sdn Bhd (Melati Ehsan Group),Kuala Lumpur
103552908,238000,833.0,3.0,2.0,1.0,7,0,0,0,0,0,0,0,2017.0,9.0,20.0,,212.0,1,1,0,0,1,0,1,Apartment,Freehold,Non Bumi Lot,Medium,Johor,Villa Krystal,Orando Holdings Sdn Bhd,Johor Bahru
103246761,250000,830.0,3.0,2.0,1.0,9,1,0,1,0,1,1,0,1995.0,31.0,14.0,1008.0,773.0,1,1,1,1,1,0,0,Condominium,Leasehold,Non Bumi Lot,Medium,Kuala Lumpur,Genting Court Condominium,Immetec Sdn Bhd,Kuala Lumpur
103379965,400000,800.0,3.0,2.0,1.0,11,1,0,0,0,1,0,0,2017.0,9.0,34.0,1502.0,1928.0,1,1,1,1,1,0,1,Apartment,Leasehold,Non Bumi Lot,Medium,Kuala Lumpur,Seasons Garden Residences @ Wangsa Maju,SCP Group,Kuala Lumpur
100508314,278000,730.0,3.0,2.0,1.0,3,0,0,0,0,0,0,0,,,10.0,184.0,736.0,0,1,1,0,0,1,1,Apartment,Leasehold,Non Bumi Lot,Low,Penang,Taman Harbour View,Unknown,George Town
103316728,750000,1036.0,3.0,2.0,2.0,11,0,0,0,0,0,0,0,2021.0,5.0,33.0,550.0,660.0,1,1,1,1,1,0,0,Condominium,Freehold,Non Bumi Lot,Medium,Penang,Setia Sky Ville,Kay Pride Sdn Bhd (S P Setia Bhd Group),Jelutong
103252161,739000,851.0,3.0,2.0,2.0,5,0,0,0,0,0,0,0,2022.0,4.0,,478.0,532.0,1,1,1,0,1,0,1,Condominium,Leasehold,Non Bumi Lot,Medium,Penang,3 Residence,IJM LAND BERHAD,Jelutong
103101262,385000,700.0,3.0,2.0,1.0,8,0,0,0,0,0,0,0,2009.0,17.0,23.0,,671.0,0,1,1,1,1,1,1,Apartment,Freehold,Non Bumi Lot,Medium,Penang,Harmony View,Belleview Group,Jelutong
102451522,420000,800.0,3.0,2.0,1.0,3,0,0,0,0,0,0,0,2016.0,10.0,,1900.0,668.0,0,1,1,0,0,1,1,Apartment,Leasehold,Non Bumi Lot,Medium,Penang,The Rise Collection 2,Zubicon Sdn. Bhd.,George Town
102380577,420000,800.0,3.0,2.0,2.0,3,0,0,0,0,0,0,0,2016.0,10.0,,1900.0,668.0,0,1,1,0,0,1,1,Apartment,Leasehold,Non Bumi Lot,Medium,Penang,The Rise Collection 2,Zubicon Sdn. Bhd.,George Town
102197091,399000,700.0,3.0,2.0,1.0,7,0,0,0,0,0,0,0,2006.0,20.0,20.0,,669.0,0,1,1,1,1,1,1,Apartment,Freehold,Non Bumi Lot,Low,Penang,Taman Kheng Tian,Belleview Group,Jelutong
103556802,175000,624.0,2.0,1.0,1.0,0,1,1,1,1,0,0,0,,,,,856.0,0,0,0,0,0,0,0,Flat,Leasehold,Non Bumi Lot,Unknown,Kuala Lumpur,Seksyen 2 Wangsa Maju Flat Block D,Unknown,Kuala Lumpur
103739983,140000,628.0,3.0,2.0,1.0,4,1,0,0,0,0,1,0,,,14.0,90.0,1153.0,0,1,0,0,1,0,0,Apartment,Leasehold,Bumi Lot,Medium,Selangor,Seri Nilam Apartment,Sri Tunas Sdn Bhd,Ampang
103683022,360000,1049.0,3.0,2.0,1.0,8,0,0,0,0,0,0,0,2006.0,20.0,12.0,260.0,1053.0,1,1,1,1,1,0,0,Condominium,Leasehold,Bumi Lot,Medium,Selangor,Kondominium Kristal,Worldwide Holdings,Shah Alam
98979609,420000,1050.0,4.0,2.0,1.0,6,1,1,1,0,0,0,0,,,5.0,,839.0,1,1,0,0,1,1,0,Condominium,Leasehold,Bumi Lot,Unknown,Kuala Lumpur,Sri Kenangan,Unknown,Kuala Lumpur
100521805,375000,999.0,3.0,2.0,1.0,4,0,0,0,0,0,0,0,,,8.0,,393.0,1,1,0,0,1,0,0,Condominium,Leasehold,Bumi Lot,Low,Selangor,Villaria (Petaling Jaya),Unknown,Petaling Jaya
102268576,529000,1328.0,4.0,2.0,2.0,10,1,1,1,0,1,1,0,2014.0,12.0,25.0,800.0,1002.0,1,1,1,1,1,0,1,Condominium,Leasehold,Non Bumi Lot,High,Kuala Lumpur,Platinum Lake PV 20,Platinum Victory Group Sdn. Bhd.,Kuala Lumpur
102621437,433094,1399.0,4.0,3.0,2.0,5,0,0,0,0,0,0,0,2020.0,6.0,17.0,676.0,1774.0,1,1,0,1,0,0,0,Condominium,Freehold,Non Bumi Lot,Medium,Putrajaya,Flora Rosa,Putrajaya Holdings Sdn Bhd,Putrajaya
103658337,120000,775.0,3.0,2.0,1.0,0,0,0,0,0,0,0,0,,,,,1136.0,0,0,0,0,0,0,0,Apartment,Leasehold,Bumi Lot,Unknown,Selangor,Pangsapuri Kajang Perdana,Unknown,Kajang
103349884,485000,1035.0,3.0,2.0,1.0,0,0,0,0,0,0,0,0,2018.0,8.0,25.0,1255.0,769.0,0,0,0,0,0,1,1,Apartment,Freehold,Non Bumi Lot,Medium,Johor,8scape Residences @ Sutera,Unknown,Johor Bahru
102941210,350000,1090.0,3.0,2.0,1.0,0,0,0,0,1,0,0,0,2015.0,11.0,14.0,270.0,797.0,0,0,0,0,0,0,0,Service Residence,Freehold,Non Bumi Lot,Unknown,Selangor,Sentral Residences @ Kajang,TKS Projects Sdn Bhd,Kajang
103624795,250000,815.0,3.0,2.0,1.0,1,1,1,1,1,1,0,1,,,14.0,,1337.0,0,0,0,0,0,0,0,Apartment,Leasehold,Bumi Lot,Unknown,Kuala Lumpur,Taman Miharja Apartment (LRT Miharja),Unknown,Kuala Lumpur
91581848,510000,856.0,3.0,2.0,2.0,5,0,0,0,0,0,0,0,,,,808.0,632.0,1,1,1,1,0,1,1,Condominium,Freehold,Non Bumi Lot,Medium,Penang,"Spring & Summer Tower, All Seasons Park",Belleview Group,Ayer Itam
101737502,660000,1600.0,4.0,3.0,2.0,9,0,0,0,0,0,0,0,2007.0,19.0,22.0,816.0,655.0,1,1,1,1,1,1,1,Condominium,Freehold,Non Bumi Lot,Medium,Penang,Asia Heights,Asia Green Group,Ayer Itam
103284136,330000,700.0,3.0,2.0,1.0,5,0,0,0,0,0,0,0,,,16.0,256.0,666.0,0,1,0,0,1,1,1,Apartment,Freehold,Non Bumi Lot,Medium,Penang,Suria Vista,OHM Group,Paya Terubong
103193743,340000,750.0,3.0,2.0,1.0,6,0,0,0,0,0,0,0,,,20.0,608.0,692.0,0,1,1,0,1,1,1,Apartment,Freehold,Non Bumi Lot,Low,Penang,Idaman Lavender 3,Sri Tunas Sdn Bhd,Bayan Lepas
102612602,690000,1353.0,3.0,2.0,2.0,5,0,0,0,0,0,0,0,2018.0,8.0,49.0,480.0,621.0,1,1,1,0,1,1,1,Service Residence,Freehold,Non Bumi Lot,Medium,Penang,Arte S,Arte Corp,Gelugor
103781889,168000,465.0,1.0,1.0,1.0,8,0,0,0,0,0,0,0,2004.0,22.0,21.0,,623.0,1,1,1,1,1,1,0,Apartment,Leasehold,Non Bumi Lot,High,Selangor,Vista Impiana,LBS Bina Group Berhad,Seri Kembangan
103464263,535000,1207.0,4.0,2.0,1.0,6,1,0,0,0,1,1,0,2013.0,13.0,18.0,250.0,904.0,1,1,0,0,1,1,1,Service Residence,Leasehold,Non Bumi Lot,Low,Kuala Lumpur,Astana Lumayan,Danau Lumayan Sdn Bhd,Kuala Lumpur
103781879,250000,1007.0,3.0,2.0,1.0,5,0,0,0,0,0,0,0,,,,,812.0,0,1,0,1,1,0,0,Apartment,Leasehold,Bumi Lot,Low,Sabah,Taman Wangsa Apartments (Telipok),Unknown,Tuaran
103781713,1870000,1701.0,4.0,3.0,3.0,14,0,0,0,0,0,0,0,2014.0,12.0,7.0,297.0,776.0,1,1,1,1,1,1,1,Condominium,Freehold,Non Bumi Lot,Unknown,Penang,The LIGHT COLLECTION II,IJM LAND BERHAD,Gelugor
102884403,823628,1002.0,2.0,2.0,2.0,5,1,1,0,1,1,1,1,2018.0,8.0,,363.0,1165.0,0,1,0,1,1,1,0,Service Residence,Freehold,Non Bumi Lot,Medium,Kuala Lumpur,The Pano,OCR Noble Land (The Pano) Sdn Bhd,Kuala Lumpur
103781751,230000,750.0,3.0,2.0,1.0,0,0,0,0,0,0,0,0,,,,,671.0,0,0,0,0,0,1,1,Apartment,Freehold,Non Bumi Lot,Medium,Selangor,Simfoni @ Eco Majestic,Unknown,Semenyih
103781748,195000,650.0,3.0,2.0,1.0,4,1,0,0,0,1,1,0,2007.0,19.0,10.0,,670.0,0,1,0,0,1,0,0,Apartment,Freehold,Non Bumi Lot,Unknown,Selangor,Sri Tanjung Apartment (Subang Jaya),Unknown,Subang Jaya
103781747,230000,835.0,3.0,2.0,1.0,0,0,0,1,1,1,0,0,,,,,878.0,0,0,0,0,0,0,0,Apartment,Leasehold,Bumi Lot,Low,Selangor,Dataran Otomobil Apartment,Muafakat Sdn Bhd / PKNS,Shah Alam
103781716,2100000,2184.0,4.0,3.0,4.0,14,0,0,0,0,0,0,0,2017.0,9.0,6.0,98.0,789.0,1,1,1,1,1,1,1,Condominium,Freehold,Non Bumi Lot,Unknown,Penang,The Light Collection IV,IJM LAND BERHAD,Gelugor
103781715,920000,1302.0,4.0,3.0,2.0,14,0,0,0,0,0,0,0,2007.0,19.0,,396.0,730.0,1,1,1,1,1,1,1,Condominium,Freehold,Non Bumi Lot,High,Penang,BaysWater,IJM Land Berhad,Gelugor
103202978,340000,868.0,3.0,2.0,1.0,6,0,0,1,0,0,1,0,2010.0,16.0,,300.0,653.0,1,0,0,0,1,0,1,Apartment,Leasehold,Bumi Lot,Unknown,Selangor,Cahaya Permai,Tujuan Ehsan Sdn Bhd,Seri Kembangan
103004650,325000,1016.0,3.0,2.0,1.0,3,1,0,1,1,1,0,0,2006.0,20.0,21.0,800.0,805.0,0,1,0,0,0,0,1,Apartment,Leasehold,Non Bumi Lot,Unknown,Kuala Lumpur,Melur Apartment (Sentul),Bintai Kinden Corporation,Kuala Lumpur
103656061,258000,912.0,4.0,2.0,1.0,4,0,0,0,0,0,0,0,2004.0,22.0,38.0,1112.0,642.0,1,1,0,0,1,0,1,Apartment,Freehold,Non Bumi Lot,Low,Johor,Vista Seri Alam,Unknown,Pasir Gudang
103359463,260000,883.0,3.0,2.0,1.0,0,1,0,0,0,0,0,0,,,,,709.0,0,0,0,0,0,0,1,Apartment,Leasehold,Bumi Lot,Unknown,Kuala Lumpur,Menara Rajawali,Unknown,Kuala Lumpur
103272136,305000,950.0,3.0,2.0,1.0,7,0,0,0,0,0,0,0,2006.0,20.0,15.0,,573.0,1,1,0,0,1,0,1,Apartment,Leasehold,Non Bumi Lot,Unknown,Kuala Lumpur,Merdeka Villa,Perbadanan Kemajuan Negeri Selangor (PKNS),Kuala Lumpur
103004644,405000,1018.0,3.0,2.0,1.0,0,1,0,0,0,1,1,0,,,,,748.0,0,0,0,0,0,0,1,Apartment,Leasehold,Non Bumi Lot,Unknown,Kuala Lumpur,MH Platinum Residency,Platinum Victory Group Sdn. Bhd.,Kuala Lumpur
97176277,443000,915.0,3.0,2.0,2.0,10,0,0,0,0,0,0,0,,,,750.0,1144.0,1,1,1,1,1,0,0,Service Residence,Freehold,Non Bumi Lot,Unknown,Selangor,ANYA at Shorea Park,OSK Property,Puchong
103781855,660000,1270.0,3.0,2.0,2.0,0,0,0,0,0,0,0,0,2017.0,9.0,30.0,410.0,295.0,0,0,0,0,0,0,0,Condominium,Freehold,Bumi Lot,Unknown,Penang,Skycube Residence,GSD Land (M) Sdn Bhd,Sungai Ara
103781851,190000,614.0,3.0,1.0,1.0,0,0,0,0,0,0,0,0,,,5.0,,356.0,0,0,0,0,0,0,0,Apartment,Freehold,Non Bumi Lot,Low,Penang,Apartment Permata (Bandar Perda),Unknown,Bukit Mertajam
99945785,288888,818.0,2.0,2.0,1.0,7,0,0,0,0,0,0,0,,,,711.0,996.0,1,1,0,1,1,1,0,Apartment,Leasehold,Non Bumi Lot,Medium,Johor,Desaru Utama Residence,SKS Group,Kota Tinggi
102884643,878720,1003.0,3.0,2.0,2.0,5,1,1,0,1,1,1,1,2018.0,8.0,,363.0,1150.0,0,1,0,1,1,1,0,Service Residence,Freehold,Non Bumi Lot,Medium,Kuala Lumpur,The Pano,OCR Noble Land (The Pano) Sdn Bhd,Kuala Lumpur
99163586,576000,1346.0,3.0,2.0,2.0,0,0,0,0,0,0,0,0,2015.0,11.0,,128.0,566.0,0,0,0,0,0,1,0,Condominium,Leasehold,Non Bumi Lot,Medium,Sabah,The Suritz,Casa Sara (SCland),Kota Kinabalu
103781676,140000,650.0,2.0,1.0,1.0,4,0,0,0,0,0,0,0,,,,,697.0,0,0,0,0,1,0,0,Apartment,Leasehold,Non Bumi Lot,High,Sarawak,MJC SOHO,Unknown,Kuching
102884111,562880,609.0,1.0,1.0,1.0,5,1,1,0,1,1,1,1,2018.0,8.0,,363.0,1145.0,0,1,0,1,1,1,0,Service Residence,Freehold,Non Bumi Lot,Medium,Kuala Lumpur,The Pano,OCR Noble Land (The Pano) Sdn Bhd,Kuala Lumpur
102883792,674969,826.0,2.0,2.0,1.0,5,1,1,0,1,1,1,1,2018.0,8.0,,363.0,1141.0,0,1,0,1,1,1,0,Service Residence,Freehold,Non Bumi Lot,Medium,Kuala Lumpur,The Pano,OCR Noble Land (The Pano) Sdn Bhd,Kuala Lumpur
103781822,200000,945.0,3.0,2.0,1.0,3,0,0,0,0,0,0,0,,,5.0,,398.0,0,1,0,0,0,0,0,Apartment,Leasehold,Non Bumi Lot,Low,Kuala Lumpur,Bukit Mas Apartment,Unknown,Kuala Lumpur
103781803,170000,756.0,3.0,2.0,1.0,0,0,0,0,1,0,0,0,,,,,776.0,0,0,0,0,0,0,0,Apartment,Freehold,Bumi Lot,Medium,Selangor,Taman Kajang Sentral,Unknown,Kajang
96139249,2700000,6000.0,5.0,5.0,3.0,3,0,0,0,0,0,0,0,,,,,734.0,0,0,1,0,0,0,0,Condominium,Leasehold,Non Bumi Lot,High,Sabah,Lido Avenue,Mega City Avenue Sdn. Bhd.,Kota Kinabalu
103781785,199999,768.0,3.0,2.0,1.0,5,0,0,0,0,0,0,0,,,5.0,40.0,584.0,1,1,1,0,1,0,0,Apartment,Leasehold,Non Bumi Lot,Medium,Selangor,Apartment Bayu,Unknown,Petaling Jaya
102896565,280000,753.0,3.0,2.0,1.0,6,0,0,0,0,0,0,0,2010.0,16.0,14.0,336.0,774.0,1,1,1,0,1,0,0,Condominium,Freehold,Non Bumi Lot,Low,Kuala Lumpur,Ketumbar Heights,Mahajaya Berhad,Kuala Lumpur
102880405,155000,650.0,3.0,2.0,1.0,2,1,0,0,0,1,1,0,,,,,779.0,0,0,1,0,0,0,0,Apartment,Leasehold,Non Bumi Lot,Medium,Selangor,Angsana,Unknown,Subang Jaya
103549516,330000,855.0,3.0,2.0,1.0,5,0,0,0,0,0,0,0,,,,576.0,613.0,1,1,0,1,0,0,0,Service Residence,Freehold,Non Bumi Lot,Unknown,Selangor,Saville @ Kajang,MKH Berhad,Kajang
103446504,279999,861.0,3.0,2.0,1.0,3,0,0,1,1,0,1,0,,,5.0,,758.0,0,1,0,0,1,0,0,Apartment,Leasehold,Non Bumi Lot,Unknown,Kuala Lumpur,Kenari Court,Unknown,Kuala Lumpur
102981673,299999,1600.0,3.0,2.0,1.0,5,0,0,0,0,1,0,0,,,22.0,320.0,698.0,1,1,0,1,0,0,0,Condominium,Freehold,Bumi Lot,Unknown,Selangor,Puncak Athenaeum,Unknown,Ampang
102981671,275000,833.0,3.0,2.0,1.0,0,1,1,1,1,0,1,0,2007.0,19.0,24.0,299.0,1481.0,0,0,0,0,0,0,0,Apartment,Leasehold,Non Bumi Lot,Unknown,Selangor,Permai Puteri,Permai Syukur Sdn. Bhd.,Ampang
102561514,350000,927.0,3.0,2.0,1.0,3,1,0,0,1,1,1,0,2001.0,25.0,5.0,208.0,795.0,0,1,0,0,1,0,0,Condominium,Leasehold,Bumi Lot,Unknown,Kuala Lumpur,Cengal Condominium,PPC Glomac Sdn. Bhd,Kuala Lumpur
103712760,215000,600.0,2.0,1.0,2.0,2,0,0,0,0,0,0,0,,,,,363.0,0,0,0,0,1,0,0,Flat,Leasehold,Non Bumi Lot,Low,Kuala Lumpur,Seksyen 2 Wangsa Maju Flat,Unknown,Kuala Lumpur
103515353,460000,860.0,3.0,2.0,2.0,7,0,0,0,0,0,0,0,2005.0,21.0,27.0,,110.0,1,1,1,1,1,0,0,Condominium,Freehold,Non Bumi Lot,Unknown,Penang,Greenlane Park,Unknown,Greenlane
103434959,450000,860.0,3.0,2.0,1.0,7,0,0,0,0,0,0,0,2005.0,21.0,27.0,,109.0,1,1,1,1,1,0,0,Condominium,Freehold,Non Bumi Lot,Unknown,Penang,Greenlane Park,Unknown,Greenlane
103434910,450000,860.0,3.0,2.0,2.0,7,0,0,0,0,0,0,0,2005.0,21.0,27.0,,110.0,1,1,1,1,1,0,0,Condominium,Freehold,Non Bumi Lot,Unknown,Penang,Greenlane Park,Unknown,Greenlane
103498210,420000,860.0,3.0,2.0,1.0,7,0,0,0,0,0,0,0,2005.0,21.0,27.0,,109.0,1,1,1,1,1,0,0,Condominium,Freehold,Non Bumi Lot,Unknown,Penang,Greenlane Park,Unknown,Greenlane
101491913,380000,700.0,3.0,2.0,1.0,8,0,0,0,0,0,0,0,2009.0,17.0,23.0,,671.0,0,1,1,1,1,1,1,Apartment,Freehold,Non Bumi Lot,Medium,Penang,Harmony View,Belleview Group,Jelutong
100085128,380000,700.0,3.0,2.0,1.0,3,0,0,0,0,0,0,0,,,16.0,,647.0,0,1,1,0,0,0,1,Apartment,Freehold,Non Bumi Lot,Low,Penang,Taman Kang Har Tong,OHM Group,Jelutong
103159578,530000,1000.0,3.0,2.0,2.0,9,0,0,0,0,0,0,0,2020.0,6.0,,,677.0,1,1,1,1,1,1,1,Apartment,Freehold,Non Bumi Lot,High,Penang,The Rise Collection 3,Zubicon Sdn. Bhd.,George Town
103114435,740000,1270.0,3.0,2.0,2.0,5,0,0,0,0,0,0,0,,,,,690.0,1,1,1,0,1,0,1,Condominium,Freehold,Non Bumi Lot,Medium,Penang,Aspen Residences,Rimbaco Sdn Bhd,Jelutong
102515573,910000,1313.0,3.0,3.0,3.0,5,0,0,0,0,0,0,0,2007.0,19.0,,396.0,679.0,1,1,1,0,1,1,1,Condominium,Freehold,Non Bumi Lot,Medium,Penang,BaysWater,IJM Land Berhad,Gelugor
102262350,518000,947.0,3.0,2.0,2.0,10,0,0,0,0,0,0,0,2017.0,9.0,22.0,396.0,653.0,0,1,1,1,1,1,1,Condominium,Leasehold,Non Bumi Lot,High,Penang,The Spring,IJM LAND BERHAD,Jelutong
103400217,246000,697.0,2.0,2.0,1.0,1,1,1,0,1,1,1,0,,,,,855.0,0,0,0,0,1,0,0,Flat,Leasehold,Bumi Lot,Unknown,Kuala Lumpur,Flat Taman Bukit Angkasa,Unknown,Kuala Lumpur
103718348,368000,954.0,3.0,2.0,1.0,9,0,0,0,0,0,0,0,2013.0,13.0,,512.0,406.0,1,1,1,1,1,0,1,Service Residence,Freehold,Non Bumi Lot,Medium,Johor,Jentayu Residensi @ Tampoi,Unknown,Johor Bahru
103734479,210000,750.0,3.0,2.0,1.0,3,1,0,0,0,0,0,0,,,,,840.0,0,1,0,0,1,1,1,Apartment,Leasehold,Bumi Lot,Low,Selangor,Seri Saujana Apartment,PLB Land Sdn Bhd,Jenjarom
103781434,60000,454.0,1.0,1.0,1.0,3,0,0,0,0,0,0,0,,,,,399.0,0,1,1,0,0,1,0,Apartment,Freehold,Bumi Lot,Medium,Negeri Sembilan,PD Tiara Bay,Unknown,Pasir Panjang
103586078,2250000,2872.0,4.0,5.0,3.0,6,0,0,0,0,0,0,0,,,,,787.0,1,1,1,0,1,0,0,Duplex,Freehold,Malay Reserved,Low,Kuala Lumpur,Serene Mont Kiara Sri Hartamas,Unknown,Kuala Lumpur
103624792,315000,800.0,3.0,2.0,1.0,2,0,0,0,0,0,0,0,,,6.0,,1136.0,0,0,0,0,1,0,0,Apartment,Leasehold,Bumi Lot,Unknown,Selangor,Pangsapuri Carlina,Unknown,Kota Damansara
103080924,600000,1244.0,3.0,2.0,2.0,10,0,0,0,0,0,0,0,2019.0,7.0,36.0,1148.0,337.0,1,1,1,1,1,0,0,Apartment,Freehold,Non Bumi Lot,Medium,Johor,Havona,Sunray Development,Johor Bahru
101710780,550000,1041.0,3.0,2.0,2.0,4,0,0,0,0,0,0,0,1995.0,31.0,16.0,,621.0,1,1,1,0,0,1,1,Condominium,Freehold,Non Bumi Lot,Medium,Penang,Menara Asas,Unknown,Tanjung Bungah
98459187,550000,1650.0,4.0,2.0,2.0,5,0,0,0,0,0,0,0,,,24.0,234.0,664.0,1,1,1,0,1,1,1,Condominium,Freehold,Non Bumi Lot,High,Penang,Shineville Park,Zantalite Enterprise (M) Sdn Bhd,Ayer Itam
97158710,780000,1036.0,3.0,2.0,2.0,11,0,0,0,0,0,0,0,2021.0,5.0,33.0,550.0,686.0,1,1,1,1,1,1,1,Condominium,Freehold,Non Bumi Lot,High,Penang,Setia Sky Ville,Kay Pride Sdn Bhd (S P Setia Bhd Group),Jelutong
103264750,165000,550.0,2.0,2.0,1.0,0,0,0,0,0,0,0,0,,,,,392.0,0,0,0,0,0,0,1,Flat,Freehold,Non Bumi Lot,Medium,Penang,Medan Angsana (Farlim 2),Unknown,Ayer Itam
103781399,543000,1050.0,3.0,2.0,2.0,6,0,0,0,0,0,0,0,2016.0,10.0,20.0,771.0,189.0,1,1,0,1,1,0,1,Condominium,Freehold,Non Bumi Lot,High,Penang,One Imperial,Ideal Property Group,Sungai Ara
103781395,1250000,1788.0,4.0,3.0,2.0,11,1,1,0,0,1,1,1,2017.0,9.0,29.0,369.0,695.0,1,1,0,1,1,0,1,Condominium,Freehold,Non Bumi Lot,Unknown,Kuala Lumpur,Anjali @ North Kiara,Tago (Malaysia) Sdn. Bhd.,Kuala Lumpur
103781374,729000,1590.0,4.0,2.0,2.0,13,1,0,0,0,1,1,0,2013.0,13.0,,654.0,556.0,1,1,1,1,1,1,1,Condominium,Freehold,Non Bumi Lot,High,Kuala Lumpur,Royal Regent (Sri Putramas 3),Malaysia Land Properties Sdn Bhd (Mayland),Kuala Lumpur
103781415,193000,450.0,3.0,2.0,2.0,11,0,0,0,0,0,0,0,2015.0,11.0,,1149.0,634.0,1,1,1,1,1,1,0,Service Residence,Freehold,Non Bumi Lot,Unknown,Selangor,Garden Plaza @ Garden Residence,Myvilla Development Sdn Bhd,Cyberjaya
96025647,470000,1240.0,2.0,2.0,2.0,10,0,0,0,0,0,0,0,,,24.0,,1020.0,1,1,1,1,1,0,1,Apartment,Freehold,Non Bumi Lot,Low,Kuala Lumpur,Vista Komanwel C,Unknown,Kuala Lumpur
103342467,445000,940.0,3.0,2.0,1.0,0,0,0,0,0,0,0,0,2019.0,7.0,38.0,2647.0,612.0,0,0,0,0,0,0,1,Service Residence,Freehold,Bumi Lot,Unknown,Kuala Lumpur,KL Traders Square Residences,SCP Group,Kuala Lumpur
103272128,388000,982.0,3.0,2.0,1.0,5,1,0,0,1,0,1,0,,,16.0,,808.0,1,1,0,0,1,0,1,Condominium,Freehold,Non Bumi Lot,Unknown,Kuala Lumpur,Menara Menjalara,Unknown,Kuala Lumpur
102940641,250000,870.0,3.0,2.0,1.0,8,0,0,0,0,0,0,0,,,18.0,,586.0,1,1,1,1,1,0,1,Apartment,Leasehold,Bumi Lot,Unknown,Selangor,Lakeview Apartments,Unknown,Gombak
103781589,120000,560.0,2.0,1.0,1.0,0,1,1,0,1,1,1,0,,,,,706.0,0,0,0,0,0,0,0,Flat,Freehold,Non Bumi Lot,High,Selangor,Taman Muhibbah (Seri Kembangan),Unknown,Seri Kembangan
103342475,410000,1040.0,3.0,2.0,1.0,7,1,1,0,1,0,1,0,1998.0,28.0,15.0,900.0,817.0,1,1,0,1,1,0,1,Apartment,Freehold,Non Bumi Lot,Unknown,Kuala Lumpur,Jalil Damai,Bukit Jalil Development,Kuala Lumpur
103781557,109000,650.0,3.0,2.0,1.0,3,0,0,0,0,0,1,0,,,5.0,720.0,622.0,0,0,0,0,1,1,0,Flat,Leasehold,Bumi Lot,Medium,Selangor,Sri Indah,Unknown,Seri Kembangan
103781549,490000,975.0,2.0,2.0,1.0,13,1,0,0,0,1,1,0,2013.0,13.0,,654.0,499.0,1,1,1,1,1,1,1,Condominium,Freehold,Non Bumi Lot,Medium,Kuala Lumpur,Royal Regent (Sri Putramas 3),Malaysia Land Properties Sdn Bhd (Mayland),Kuala Lumpur
103781316,595000,1520.0,3.0,2.0,2.0,0,0,0,0,0,0,0,0,,,,,372.0,0,0,0,0,0,1,0,Apartment,Freehold,Non Bumi Lot,Medium,Sarawak,McKenzie Avenue,Unknown,Kuching
103781326,120000,542.0,2.0,1.0,1.0,0,0,0,0,0,0,0,0,,,,,489.0,0,0,0,0,0,0,0,Apartment,Freehold,Non Bumi Lot,Medium,Selangor,Taman Taming Jaya,Tanming Berhad,Balakong
103781346,188000,450.0,3.0,2.0,2.0,11,0,0,0,0,0,0,0,2015.0,11.0,,1149.0,634.0,1,1,1,1,1,1,0,Service Residence,Freehold,Non Bumi Lot,Unknown,Selangor,Garden Plaza @ Garden Residence,Myvilla Development Sdn Bhd,Cyberjaya
103781531,218000,818.0,3.0,2.0,1.0,7,0,0,0,0,0,0,0,2017.0,9.0,20.0,,445.0,1,1,0,0,1,1,1,Apartment,Freehold,Non Bumi Lot,Medium,Johor,Villa Krystal,Orando Holdings Sdn Bhd,Johor Bahru
103454175,425000,1417.0,3.0,2.0,1.0,0,0,0,0,0,0,0,0,2000.0,26.0,18.0,752.0,638.0,0,0,0,0,0,0,0,Condominium,Leasehold,Non Bumi Lot,Unknown,Kuala Lumpur,Endah Ria,Soon Tiek Development & PJ Development,Kuala Lumpur
101836062,155000,850.0,3.0,2.0,1.0,5,0,0,0,0,0,0,0,2014.0,12.0,4.0,348.0,925.0,1,1,0,0,1,1,1,Flat,Freehold,Non Bumi Lot,High,Johor,Sri Intan (Bandar Seri Alam),S P Setia Berhad,Pasir Gudang
103781515,270000,1023.0,3.0,2.0,1.0,9,0,1,1,0,0,0,0,2010.0,16.0,22.0,1074.0,747.0,1,1,1,1,1,0,0,Condominium,Leasehold,Non Bumi Lot,Unknown,Selangor,Magna Ville Condominium,Magna Park Sdn Bhd,Selayang
103781510,310000,1050.0,3.0,2.0,1.0,9,0,0,0,0,0,0,0,,,,,1754.0,1,1,1,1,1,1,0,Condominium,Freehold,Non Bumi Lot,Low,Melaka,Condo Pasir Mutiara,Unknown,Ujong Pasir
101487429,330000,618.0,1.0,1.0,1.0,9,0,0,0,0,0,1,0,2015.0,11.0,28.0,467.0,726.0,0,1,0,1,1,0,0,Service Residence,Leasehold,Non Bumi Lot,Unknown,Kuala Lumpur,The Mark,BHL Group of Companies,Kuala Lumpur
103781474,240000,650.0,2.0,1.0,1.0,2,0,0,0,0,0,0,0,,,,,541.0,0,0,0,0,1,0,0,Flat,Leasehold,Non Bumi Lot,Medium,Kuala Lumpur,Bandar Baru Sentul Flat,Unknown,Kuala Lumpur
103781462,225000,850.0,3.0,2.0,1.0,3,1,0,1,0,0,1,0,2000.0,26.0,10.0,20.0,233.0,0,1,0,0,1,0,0,Apartment,Leasehold,Non Bumi Lot,Low,Selangor,Pangsapuri Perdana (Seksyen 13),Unknown,Shah Alam
102686684,410000,1262.0,4.0,2.0,2.0,6,0,0,0,0,0,0,1,,,5.0,,253.0,1,1,1,1,1,0,0,Apartment,Freehold,Non Bumi Lot,Medium,Selangor,Pangsapuri Miro,Unknown,Kajang
99998002,420000,893.0,3.0,2.0,1.0,8,0,0,0,0,0,0,0,2017.0,9.0,23.0,763.0,189.0,1,1,0,1,1,1,0,Condominium,Freehold,Non Bumi Lot,High,Selangor,Kiara Plaza,SYF Development,Semenyih
103781456,470000,890.0,3.0,3.0,2.0,14,0,0,0,0,0,0,0,,,,,887.0,1,1,1,1,1,1,0,Condominium,Freehold,Non Bumi Lot,Medium,Putrajaya,putrajaya,Unknown,Putrajaya
102003737,360000,1130.0,3.0,2.0,2.0,13,0,0,0,0,0,0,0,2017.0,9.0,15.0,210.0,433.0,1,1,1,1,1,0,0,Apartment,Leasehold,Non Bumi Lot,Medium,Perak,"Pangsapuri Seri Tecoma, Ipoh",Unknown,Ipoh
103781453,620000,1130.0,3.0,2.0,1.0,0,0,0,0,0,0,0,0,,,,,749.0,0,0,0,0,0,0,0,Service Residence,Freehold,Non Bumi Lot,Unknown,Sarawak,Vantage @ Tamu,Unknown,Kuching
103781447,120000,650.0,3.0,2.0,1.0,0,0,0,0,0,0,0,0,,,,,283.0,0,0,0,0,0,0,0,Flat,Freehold,Non Bumi Lot,Low,Penang,Sun Moon City,Unknown,Ayer Itam
103556803,250000,926.0,3.0,2.0,1.0,8,0,0,0,0,0,0,0,,,14.0,340.0,638.0,1,1,0,1,1,0,0,Apartment,Leasehold,Non Bumi Lot,Unknown,Selangor,Taman Bukit Pelangi (Shah Alam),Asia Kreatif Sdn. Bhd.,Shah Alam
103781439,590000,1200.0,3.0,2.0,2.0,14,0,0,0,0,0,0,0,,,,,887.0,1,1,1,1,1,1,0,Condominium,Freehold,Non Bumi Lot,Medium,Putrajaya,Putrajay,Unknown,Putrajaya
103454244,130000,650.0,3.0,2.0,1.0,4,0,0,0,0,0,1,0,,,16.0,,726.0,1,0,0,0,0,0,0,Apartment,Freehold,Non Bumi Lot,Unknown,Kuala Lumpur,Pangsapuri Segar Ria,Unknown,Kuala Lumpur
103444149,489999,1365.0,3.0,2.0,1.0,0,0,0,0,0,0,0,0,,,19.0,306.0,613.0,0,0,0,0,0,0,0,Service Residence,Leasehold,Bumi Lot,Unknown,Selangor,Metia Residence,Hua Yang Berhad,Shah Alam
103430625,400000,1100.0,3.0,2.0,1.0,7,1,0,0,0,1,1,0,1996.0,30.0,19.0,,761.0,1,1,0,1,1,0,0,Condominium,Leasehold,Non Bumi Lot,Unknown,Kuala Lumpur,Bam Villa,Unknown,Kuala Lumpur
103248306,300000,900.0,3.0,2.0,1.0,5,1,0,0,0,0,0,0,,,12.0,,803.0,1,1,0,0,1,0,0,Apartment,Leasehold,Non Bumi Lot,Unknown,Selangor,The Astaria,Unknown,Ampang
103186446,200000,840.0,3.0,3.0,1.0,2,0,0,0,0,0,0,0,,,5.0,180.0,689.0,0,0,0,0,1,0,0,Apartment,Freehold,Non Bumi Lot,Unknown,Selangor,Pangsapuri Mewah Cheras,Unknown,Cheras
103139752,400000,1299.0,3.0,2.0,1.0,5,1,1,0,1,1,1,0,1999.0,27.0,16.0,320.0,1032.0,1,1,0,0,1,0,0,Condominium,Freehold,Non Bumi Lot,Unknown,Kuala Lumpur,Greenpark,Maxrise (M),Kuala Lumpur
103674286,190000,700.0,3.0,2.0,1.0,0,0,0,0,0,0,0,0,,,,,1136.0,0,0,0,0,0,0,0,Flat,Leasehold,Bumi Lot,Unknown,Kuala Lumpur,Seksyen 2 Wangsa Maju Flat,Unknown,Kuala Lumpur
99124107,380000,700.0,3.0,2.0,1.0,7,0,0,0,0,0,0,0,1999.0,27.0,19.0,322.0,616.0,1,1,1,1,1,1,1,Apartment,Freehold,Non Bumi Lot,Medium,Penang,Eastern Court,Tamarins Group Sdn Bhd,Jelutong
102007920,800000,1175.0,3.0,2.0,2.0,5,0,0,0,0,0,0,0,,,,,657.0,1,1,1,0,1,0,1,Condominium,Freehold,Non Bumi Lot,High,Penang,Artis 3,Airmas Group,Jelutong
103389873,840000,1338.0,3.0,2.0,2.0,7,0,0,0,0,0,0,0,2020.0,6.0,,803.0,694.0,1,1,1,1,1,1,1,Condominium,Freehold,Non Bumi Lot,High,Penang,Sandilands @ Jelutong,BHL Group of Companies,Jelutong
103159773,520000,1000.0,3.0,2.0,2.0,9,0,0,0,0,0,0,0,2020.0,6.0,,,677.0,1,1,1,1,1,1,1,Apartment,Freehold,Non Bumi Lot,High,Penang,The Rise Collection 3,Zubicon Sdn. Bhd.,George Town
103159404,388000,700.0,3.0,2.0,1.0,7,0,0,0,0,0,0,0,2006.0,20.0,20.0,,669.0,0,1,1,1,1,1,1,Condominium,Freehold,Non Bumi Lot,Low,Penang,Taman Kheng Tian,Belleview Group,Jelutong
103114521,393000,700.0,3.0,2.0,1.0,8,0,0,0,0,0,0,0,2009.0,17.0,23.0,,667.0,0,1,1,1,1,1,1,Apartment,Freehold,Non Bumi Lot,High,Penang,Harmony View,Belleview Group,Jelutong
102451882,313000,650.0,3.0,2.0,1.0,6,0,0,0,0,0,0,0,,,,,631.0,0,1,1,0,1,1,1,Apartment,Freehold,Non Bumi Lot,Low,Penang,Sri Wangsa 2,Unknown,Jelutong
97836584,220000,855.0,2.0,2.0,1.0,0,0,0,0,0,0,0,0,2005.0,21.0,9.0,672.0,775.0,0,0,0,0,0,0,0,Condominium,Leasehold,Non Bumi Lot,High,Kuala Lumpur,Petaling Indah Condominiums,Unknown,Kuala Lumpur
100485937,105000,671.0,3.0,2.0,2.0,0,1,0,0,0,1,0,0,,,,,869.0,0,0,0,0,0,0,0,Apartment,Leasehold,Non Bumi Lot,Medium,Selangor,Apartment Buginvilla,Unknown,Rawang
103781078,265000,700.0,3.0,2.0,1.0,0,0,0,0,0,0,0,0,1992.0,34.0,17.0,3.0,188.0,0,0,0,0,0,0,1,Apartment,Leasehold,Non Bumi Lot,High,Penang,Desa Delima,Unknown,Ayer Itam
98288764,115000,700.0,3.0,2.0,2.0,0,0,0,0,0,0,0,0,,,,,775.0,0,0,0,0,0,0,0,Apartment,Leasehold,Non Bumi Lot,Low,Unknown,Unknown,Unknown,Unknown
103527272,380000,1062.0,4.0,2.0,1.0,8,1,1,0,1,1,1,0,2005.0,21.0,25.0,588.0,861.0,1,1,1,0,1,0,0,Service Residence,Freehold,Non Bumi Lot,Unknown,Selangor,Casa Subang,Casa Andaman Sdn Bhd,Subang Jaya
103269285,445000,1068.0,3.0,2.0,1.0,10,0,0,0,0,0,0,0,2016.0,10.0,,944.0,804.0,1,1,1,1,1,1,1,Condominium,Leasehold,Non Bumi Lot,High,Johor,M Condominium @ Larkin,MB Group,Johor Bahru
96977618,600000,1285.0,4.0,3.0,1.0,10,0,0,0,0,0,0,0,2013.0,13.0,30.0,808.0,680.0,1,1,1,1,1,1,1,Condominium,Freehold,Non Bumi Lot,High,Penang,All Seasons Park,Belleview Group,Ayer Itam
98543362,460000,856.0,3.0,2.0,1.0,5,0,0,0,0,0,0,0,,,,808.0,636.0,1,1,1,1,0,0,1,Condominium,Freehold,Non Bumi Lot,Medium,Penang,"Spring & Summer Tower, All Seasons Park",Belleview Group,Ayer Itam
100561066,530000,1091.0,3.0,2.0,1.0,10,0,0,0,0,0,0,0,2013.0,13.0,30.0,808.0,635.0,1,1,1,1,1,0,0,Condominium,Freehold,Non Bumi Lot,Medium,Penang,All Seasons Park,Belleview Group,Ayer Itam
98459567,350000,700.0,3.0,2.0,1.0,9,0,0,0,0,0,0,0,2012.0,14.0,30.0,500.0,678.0,1,1,1,1,1,1,1,Apartment,Freehold,Non Bumi Lot,Medium,Penang,Melody Homes,Belleview Group,Ayer Itam
103623620,99000,560.0,2.0,1.0,2.0,2,0,0,0,0,0,0,0,,,,,542.0,0,0,0,0,1,1,1,Flat,Freehold,Non Bumi Lot,High,Johor,Taman Molek,Unknown,Johor Bahru
102707673,500000,887.0,3.0,2.0,1.0,10,0,0,0,0,0,0,0,2013.0,13.0,30.0,808.0,654.0,1,1,1,1,1,0,1,Condominium,Freehold,Non Bumi Lot,High,Penang,All Seasons Park,Belleview Group,Ayer Itam
102579289,430000,850.0,3.0,2.0,2.0,9,0,0,0,0,0,0,0,2007.0,19.0,22.0,816.0,621.0,1,1,1,1,1,1,1,Condominium,Freehold,Non Bumi Lot,Medium,Penang,Asia Heights,Asia Green Group,Ayer Itam
102553262,249000,663.0,2.0,2.0,1.0,14,0,0,0,0,0,0,0,,,20.0,720.0,742.0,1,1,1,1,1,1,1,Apartment,Freehold,Non Bumi Lot,Medium,Johor,Lake View Suites,Unknown,Johor Bahru
102515753,1150000,2337.0,5.0,4.0,4.0,14,0,0,0,0,0,0,0,2011.0,15.0,38.0,420.0,667.0,1,1,1,1,1,0,1,Condominium,Freehold,Non Bumi Lot,High,Penang,Boulevard Condominium (BLVD),Reka Indah Development Sdn Bhd,Ayer Itam
103631879,500000,1473.0,3.0,2.0,2.0,11,1,1,1,0,1,1,0,2014.0,12.0,25.0,800.0,945.0,1,1,1,1,1,0,1,Condominium,Leasehold,Bumi Lot,High,Kuala Lumpur,Platinum Lake PV 20,Platinum Victory Group Sdn. Bhd.,Kuala Lumpur
103781295,538000,624.0,1.0,1.0,1.0,0,1,1,1,1,1,1,0,2008.0,18.0,,256.0,586.0,0,0,0,0,0,1,0,Service Residence,Freehold,Non Bumi Lot,Medium,Kuala Lumpur,Bintang Fairlane Residences,Hotel Fair Lane,Kuala Lumpur
102852007,245000,870.0,3.0,2.0,1.0,6,0,0,0,0,0,0,0,2019.0,7.0,20.0,1101.0,810.0,1,1,1,0,1,0,0,Apartment,Leasehold,Bumi Lot,Unknown,Selangor,Vesta View Apartment @ Taman Putra Impian,Trans Loyal Development Sdn Bhd,Kajang
103781280,420000,838.0,3.0,2.0,1.0,9,0,0,0,0,0,0,0,2007.0,19.0,22.0,816.0,107.0,1,1,1,1,1,0,0,Condominium,Freehold,Non Bumi Lot,Unknown,Penang,Asia Heights,Asia Green Group,Ayer Itam
103753694,600000,840.0,3.0,2.0,2.0,11,1,1,0,1,1,0,0,,,,,870.0,1,1,1,1,1,1,0,Service Residence,Freehold,Bumi Lot,Medium,Kuala Lumpur,Henna Residence @ The Quartz WM,Unknown,Kuala Lumpur
103556824,375000,900.0,3.0,2.0,1.0,4,0,0,0,0,0,0,0,2016.0,10.0,43.0,474.0,638.0,1,1,0,0,1,0,0,Condominium,Freehold,Non Bumi Lot,Unknown,Selangor,Vina Versatile Homes @ Cheras,Mitraland Cheras,Cheras
100890052,180000,850.0,3.0,2.0,1.0,5,0,0,0,0,0,0,0,2014.0,12.0,4.0,348.0,784.0,1,1,0,0,1,0,1,Flat,Freehold,Non Bumi Lot,Low,Johor,Sri Intan (Bandar Seri Alam),S P Setia Berhad,Pasir Gudang
103669450,225000,850.0,3.0,2.0,1.0,2,0,0,0,0,0,0,0,,,15.0,303.0,624.0,1,1,0,0,0,0,1,Apartment,Freehold,Non Bumi Lot,Medium,Johor,Apartment Ria 1 @ Taman Megah Ria Masai,Unknown,Johor Bahru
102895682,295000,742.0,3.0,1.0,1.0,4,1,1,0,0,1,1,1,,,11.0,,830.0,0,1,1,0,1,0,1,Apartment,Freehold,Non Bumi Lot,Medium,Kuala Lumpur,Nilam Apartment,Unknown,Kuala Lumpur
103781077,380000,460.0,1.0,1.0,1.0,14,0,0,0,0,0,0,0,,,,,506.0,1,1,1,1,1,0,0,Service Residence,Freehold,Non Bumi Lot,Unknown,Pahang,Windmill upon Hills,Windmill upon Hills,Genting Highlands
103781073,420000,650.0,1.0,1.0,1.0,14,1,0,0,0,1,1,0,2016.0,10.0,35.0,457.0,810.0,1,1,1,1,1,1,1,Service Residence,Freehold,Non Bumi Lot,Medium,Selangor,USJ One (You One),PJD GROUP,Subang Jaya
103781072,415000,1059.0,3.0,2.0,1.0,10,1,0,1,1,0,0,0,2009.0,17.0,23.0,346.0,826.0,1,1,1,1,1,1,0,Condominium,Leasehold,Non Bumi Lot,Low,Selangor,Cova Villa,Andaman Group,Kota Damansara
103781057,339000,893.0,3.0,2.0,2.0,8,0,0,0,0,0,0,0,2017.0,9.0,23.0,763.0,584.0,1,1,0,1,1,1,0,Service Residence,Freehold,Non Bumi Lot,High,Selangor,Kiara Plaza,SYF Development,Semenyih
103781045,410000,1238.0,3.0,2.0,1.0,14,1,1,0,0,1,1,0,2007.0,19.0,18.0,715.0,646.0,1,1,1,1,1,0,0,Condominium,Leasehold,Non Bumi Lot,Unknown,Kuala Lumpur,Amadesa,Salak Park Development,Kuala Lumpur
103781044,140000,650.0,3.0,2.0,1.0,2,0,0,0,0,0,0,0,,,,,326.0,1,0,0,0,0,0,0,Apartment,Freehold,Non Bumi Lot,Unknown,Kuala Lumpur,Desa Satu,Unknown,Kuala Lumpur
102784475,430000,1334.0,4.0,2.0,1.0,8,0,0,0,0,0,0,0,,,15.0,,1008.0,1,1,1,1,1,1,1,Condominium,Freehold,Non Bumi Lot,High,Penang,Capri Park Condominium,Tambun Indah Land Berhad,Butterworth
101191014,315000,1156.0,5.0,3.0,1.0,5,0,0,0,0,0,0,0,2005.0,21.0,21.0,536.0,1714.0,1,1,0,0,0,1,0,Condominium,Freehold,Bumi Lot,High,Selangor,Desaminium Rimba,Desaminium Jaya Sdn Bhd,Seri Kembangan
103008080,310000,1100.0,3.0,2.0,1.0,6,1,1,1,1,1,0,0,,,17.0,,854.0,1,1,1,1,1,0,0,Condominium,Freehold,Non Bumi Lot,Medium,Kuala Lumpur,Menara Megah,Unknown,Kuala Lumpur
102055151,520000,865.0,3.0,2.0,2.0,4,1,0,1,0,1,1,1,2020.0,6.0,,736.0,962.0,0,0,0,0,0,0,0,Service Residence,Freehold,Non Bumi Lot,Medium,Selangor,Geo@Bukit Rimau,Knox Wawasan Development Sdn Bhd,Shah Alam
103781243,360000,954.0,3.0,2.0,1.0,4,0,0,0,0,0,0,0,2013.0,13.0,,512.0,163.0,1,0,0,1,0,1,0,Service Residence,Freehold,Non Bumi Lot,Medium,Johor,Jentayu Residensi @ Tampoi,Unknown,Johor Bahru
103527251,390000,1250.0,3.0,2.0,1.0,0,1,0,0,0,0,1,0,2016.0,10.0,,474.0,768.0,0,0,0,0,0,0,0,Condominium,Freehold,Non Bumi Lot,Unknown,Kuala Lumpur,Vina Versatile Homes,Mitraland Group,Kuala Lumpur
96038285,318000,950.0,3.0,2.0,1.0,4,0,0,0,0,0,0,0,,,,,1240.0,0,1,0,0,1,0,1,Apartment,Freehold,Non Bumi Lot,Unknown,Unknown,Unknown,Unknown,Unknown
99397738,700000,980.0,2.0,2.0,1.0,5,0,0,0,0,0,0,0,,,,,507.0,1,1,0,1,0,1,1,Service Residence,Freehold,Non Bumi Lot,Unknown,Unknown,Unknown,Unknown,Unknown
55766395,350000,1200.0,3.0,2.0,1.0,0,0,0,0,0,0,0,0,,,,,1013.0,0,0,0,0,0,0,1,Condominium,Freehold,Non Bumi Lot,Unknown,Unknown,Unknown,Unknown,Unknown
103781209,379888,665.0,3.0,2.0,1.0,8,0,0,0,0,0,0,0,2009.0,17.0,23.0,,158.0,0,1,1,1,1,0,1,Apartment,Freehold,Non Bumi Lot,Medium,Penang,Harmony View,Belleview Group,Jelutong
103781207,228000,850.0,3.0,2.0,1.0,4,0,0,0,0,0,0,0,2009.0,17.0,13.0,,395.0,0,1,0,0,1,0,0,Apartment,Leasehold,Non Bumi Lot,Low,Johor,Larkin Idaman Apartment,Unknown,Johor Bahru
103781205,238000,850.0,3.0,2.0,1.0,4,0,0,0,0,0,0,0,2009.0,17.0,13.0,,319.0,0,1,0,0,1,0,0,Apartment,Leasehold,Non Bumi Lot,Medium,Johor,Larkin Idaman Apartment,Unknown,Johor Bahru
103054381,358000,997.0,3.0,2.0,1.0,8,1,0,0,0,1,1,1,,,,188.0,732.0,0,1,0,1,1,0,1,Condominium,Freehold,Bumi Lot,Unknown,Kuala Lumpur,Bukit Segambut,Unknown,Kuala Lumpur
103462308,393000,1378.0,3.0,2.0,1.0,4,0,0,0,0,0,0,0,2017.0,9.0,15.0,368.0,606.0,1,1,0,0,1,0,1,Condominium,Freehold,Bumi Lot,Unknown,Kuala Lumpur,The Chancellor Condominium,Unknown,Kuala Lumpur
103359466,320000,1141.0,3.0,2.0,1.0,8,0,1,0,1,0,0,0,1995.0,31.0,19.0,486.0,781.0,1,1,0,1,0,0,1,Condominium,Leasehold,Bumi Lot,Unknown,Kuala Lumpur,Endah Regal,Soon Tiek Development & PJ Development,Kuala Lumpur
103359458,425000,1200.0,3.0,2.0,1.0,10,1,0,0,0,1,1,0,2007.0,19.0,20.0,196.0,704.0,1,1,0,1,1,0,1,Condominium,Freehold,Bumi Lot,Unknown,Kuala Lumpur,Diamond Regency,Renown Inspiration,Kuala Lumpur
103781195,388000,972.0,2.0,2.0,1.0,4,0,0,0,0,0,0,0,,,,400.0,161.0,0,1,0,1,1,1,0,Apartment,Freehold,Non Bumi Lot,Medium,Johor,Idaman Residence,Unknown,Iskandar Puteri
103781190,220000,551.0,2.0,1.0,1.0,3,0,0,0,0,0,0,0,,,,,687.0,0,0,0,0,1,0,1,Flat,Leasehold,Non Bumi Lot,High,Kuala Lumpur,Flat Taman Batu,Unknown,Kuala Lumpur
103465097,178000,550.0,2.0,1.0,1.0,1,1,1,0,1,0,1,0,,,,,844.0,0,0,0,0,0,0,0,Apartment,Freehold,Non Bumi Lot,Unknown,Kuala Lumpur,Gombak Setia,Unknown,Kuala Lumpur
103781177,450000,650.0,1.0,1.0,1.0,14,1,1,0,1,1,1,0,2016.0,10.0,19.0,457.0,887.0,1,1,1,1,1,1,0,Condominium,Freehold,Non Bumi Lot,Medium,Selangor,USJ One @ Subang USJ (Residenz & SOHO),Unknown,Subang Jaya
103781023,450000,950.0,3.0,2.0,2.0,11,0,0,0,0,0,0,0,,,,,676.0,1,1,1,1,1,1,0,Apartment,Leasehold,Non Bumi Lot,Unknown,Kuala Lumpur,Laman Seri Harmoni (LSH33),Unknown,Kuala Lumpur
103781015,289000,1159.0,3.0,2.0,1.0,7,0,0,0,0,0,0,0,2006.0,20.0,5.0,414.0,665.0,1,1,1,1,1,0,0,Apartment,Leasehold,Non Bumi Lot,Unknown,Selangor,Andari Townvilla,Dergahayu Sdn Bhd,Gombak
103781173,360000,700.0,3.0,2.0,1.0,6,0,0,0,0,0,0,0,,,30.0,,123.0,1,1,1,1,0,0,0,Apartment,Freehold,Non Bumi Lot,Unknown,Penang,BL Garden,Unknown,Ayer Itam
102979967,160000,853.0,3.0,2.0,1.0,1,0,0,1,0,0,0,0,,,5.0,,294.0,0,1,0,0,0,0,0,Apartment,Freehold,Non Bumi Lot,Unknown,Selangor,Apartmen Seroja (Bandar Baru Selayang),Unknown,Ampang
97951226,448500,1110.0,3.0,2.0,2.0,7,0,0,0,0,0,0,0,2021.0,5.0,,410.0,606.0,1,0,0,0,1,0,1,Condominium,Freehold,Non Bumi Lot,Medium,Penang,The Amarene @ Ideal Vision Park,Ideal Property Group,Bayan Lepas
102133095,228000,1045.0,3.0,2.0,1.0,4,0,0,0,0,0,0,0,,,,,2455.0,0,1,0,0,1,0,1,Apartment,Leasehold,Non Bumi Lot,High,Selangor,Apartment Ruby,Unknown,Subang Bestari
103781156,228000,920.0,4.0,2.0,1.0,5,0,0,0,0,0,0,0,2017.0,9.0,20.0,,636.0,1,1,1,0,1,1,1,Apartment,Freehold,Non Bumi Lot,Medium,Johor,Villa Krystal,Orando Holdings Sdn Bhd,Johor Bahru
102853274,379000,1144.0,3.0,2.0,1.0,8,1,0,0,1,0,0,0,2011.0,15.0,29.0,1709.0,2140.0,1,1,1,1,1,1,1,Condominium,Leasehold,Non Bumi Lot,Medium,Selangor,Symphony Heights (Simfoni Heights),Daya Niaga,Batu Caves
103781145,189000,600.0,2.0,1.0,1.0,1,0,0,0,0,0,0,0,,,,,642.0,0,0,1,0,0,0,1,Apartment,Leasehold,Non Bumi Lot,Medium,Penang,Gat Lebuh Macallum,Unknown,George Town
103781123,320000,1167.0,3.0,2.0,1.0,7,0,0,0,0,0,0,0,,,17.0,,311.0,1,0,0,1,1,0,0,Condominium,Freehold,Non Bumi Lot,Unknown,Kuala Lumpur,Seri Puri,Unknown,Kuala Lumpur
101493192,350000,430.0,2.0,2.0,1.0,0,1,1,1,1,1,1,0,2021.0,5.0,,1100.0,1021.0,0,0,0,0,0,0,0,Service Residence,Leasehold,Non Bumi Lot,Unknown,Kuala Lumpur,3rdNvenue,Titijaya Land Berhad,Kuala Lumpur
101708995,570000,1044.0,3.0,2.0,2.0,14,1,0,0,0,1,1,0,2024.0,2.0,11.0,628.0,1357.0,1,1,1,1,1,0,0,Condominium,Leasehold,Non Bumi Lot,Medium,Kuala Lumpur,d'Brightton,GSD Group,Kuala Lumpur
102780662,210000,650.0,3.0,2.0,1.0,2,0,0,0,0,0,0,0,,,,,98.0,0,1,1,0,0,0,0,Apartment,Leasehold,Non Bumi Lot,Unknown,Penang,Idaman Seroja,Koperasi Tunas Muda,Sungai Ara
102985830,245000,650.0,3.0,2.0,1.0,5,0,0,0,0,0,0,0,,,,,114.0,0,1,1,0,1,0,0,Apartment,Leasehold,Non Bumi Lot,Unknown,Penang,Palm Court (Pangsapuri Nipah),Unknown,Tanjong Tokong
103399025,610000,1113.0,3.0,2.0,2.0,7,0,0,0,0,0,0,0,2010.0,16.0,38.0,,106.0,1,1,1,1,0,0,0,Condominium,Leasehold,Non Bumi Lot,Unknown,Penang,The Oasis,Arte Corp,Gelugor
103781102,438000,972.0,2.0,2.0,1.0,5,0,0,0,0,0,0,0,,,,42.0,129.0,1,1,0,1,1,1,0,Apartment,Freehold,Non Bumi Lot,Medium,Johor,Idaman Residence @ Nusa Idaman,UEM Sunrise Berhad,Skudai
102495466,260000,820.0,3.0,2.0,1.0,7,1,0,0,0,1,1,0,,,14.0,,808.0,0,1,1,0,1,1,1,Apartment,Freehold,Non Bumi Lot,Medium,Selangor,Sri Teratai Apartment,Unknown,Puchong
103548511,365000,1012.0,3.0,2.0,1.0,5,0,0,0,0,0,0,0,,,5.0,,688.0,1,1,0,0,1,0,0,Apartment,Freehold,Non Bumi Lot,Low,Selangor,Sri Tanjung (Puchong),Unknown,Puchong
103448720,198000,447.0,1.0,1.0,1.0,7,0,0,0,0,0,0,0,2015.0,11.0,21.0,455.0,609.0,1,1,0,1,1,0,0,Condominium,Freehold,Non Bumi Lot,Unknown,Selangor,Ivory Residence,TLS Group,Kajang
103445903,299999,1150.0,3.0,2.0,1.0,0,0,0,0,0,0,0,0,,,,,613.0,0,0,0,0,0,0,0,Apartment,Freehold,Non Bumi Lot,Unknown,Selangor,Vista Bayu,Unknown,Klang
102618040,180000,852.0,3.0,2.0,1.0,4,1,1,0,1,1,1,0,2015.0,11.0,5.0,,866.0,0,1,0,0,1,0,0,Apartment,Leasehold,Non Bumi Lot,Unknown,Selangor,Sri Subang Apartment,Unknown,Petaling Jaya
102690314,245000,815.0,3.0,2.0,1.0,0,0,0,0,0,0,0,0,,,5.0,,886.0,0,0,0,0,0,0,0,Apartment,Freehold,Non Bumi Lot,Unknown,Selangor,Pangsapuri Randa,Unknown,Shah Alam
103620874,210000,450.0,1.0,1.0,1.0,6,1,1,0,0,1,1,0,2015.0,11.0,24.0,400.0,765.0,1,1,0,1,1,0,0,Condominium,Freehold,Non Bumi Lot,Unknown,Selangor,Centrus SoHo 1 @ Cyberjaya,SETIA HARUMAN SDN BHD,Cyberjaya
102690849,330000,714.0,2.0,2.0,1.0,6,0,0,0,0,0,0,0,2014.0,12.0,16.0,512.0,883.0,0,1,0,1,1,0,0,Service Residence,Leasehold,Non Bumi Lot,Unknown,Selangor,Vista Alam Serviced Apartment,Tahap Warisan Sdn Bhd,Shah Alam
102466432,263000,967.0,3.0,2.0,1.0,7,0,0,0,0,0,0,0,,,,,842.0,1,1,1,0,1,0,0,Apartment,Freehold,Non Bumi Lot,Medium,Selangor,Sri Cempaka Apartment,TLS Group,Kajang
101595910,330000,1010.0,3.0,2.0,1.0,7,1,1,1,1,0,1,0,2007.0,19.0,,397.0,885.0,1,1,0,1,1,0,0,Apartment,Leasehold,Non Bumi Lot,Unknown,Kuala Lumpur,Plaza Metro Prima,Magna Park Sdn Bhd,Kuala Lumpur
102466923,448000,1001.0,3.0,2.0,2.0,9,1,0,0,0,1,0,0,2014.0,12.0,21.0,391.0,1326.0,1,1,1,1,1,0,0,Service Residence,Leasehold,Non Bumi Lot,High,Selangor,Urban 360,Radiant Symphony Sdn Bhd,Gombak
100544483,790000,1345.0,3.0,2.0,2.0,10,0,0,0,0,0,0,0,2016.0,10.0,17.0,91.0,670.0,1,1,1,1,1,0,1,Condominium,Freehold,Non Bumi Lot,Medium,Penang,Straits Garden Residence @ Jelutong,Tambun Indah Land Berhad,Jelutong
103316534,345000,680.0,3.0,2.0,1.0,9,0,0,0,0,0,0,0,2020.0,6.0,,,641.0,1,1,1,1,1,1,1,Apartment,Freehold,Non Bumi Lot,High,Penang,The Rise Collection 3,Zubicon Sdn. Bhd.,George Town
102363666,675000,1012.0,3.0,2.0,2.0,8,0,0,0,0,0,0,0,2011.0,15.0,22.0,531.0,637.0,1,1,1,1,1,1,1,Condominium,Leasehold,Non Bumi Lot,High,Penang,Summer Place,Jelutong Development Sdn. Bhd. (IJM Land),George Town
99917566,930000,1464.0,4.0,3.0,2.0,8,0,0,0,0,0,0,0,2011.0,15.0,22.0,531.0,594.0,1,1,1,1,1,1,0,Condominium,Leasehold,Non Bumi Lot,Low,Penang,Summer Place,Jelutong Development Sdn. Bhd. (IJM Land),George Town
103135314,380000,915.0,3.0,2.0,1.0,8,0,0,0,0,0,0,0,,,,226.0,809.0,1,1,1,1,1,1,1,Condominium,Freehold,Non Bumi Lot,High,Putrajaya,Saujana Aster,Peremba Jaya Holdings Sdn Bhd,Putrajaya
103729295,199990,750.0,3.0,2.0,1.0,3,1,0,0,0,0,0,0,,,,,811.0,0,1,0,0,1,1,1,Apartment,Leasehold,Bumi Lot,Low,Selangor,Seri Saujana Apartment,PLB Land Sdn Bhd,Jenjarom
103613783,199900,850.0,3.0,2.0,1.0,4,0,0,0,0,0,0,0,,,5.0,,457.0,0,0,0,0,1,0,0,Apartment,Freehold,Bumi Lot,Medium,Selangor,Andorra Apartment,Unknown,Shah Alam
103248949,99000,624.0,3.0,2.0,1.0,0,0,0,0,0,0,0,0,,,5.0,,615.0,0,0,0,0,0,0,0,Apartment,Freehold,Non Bumi Lot,Low,Penang,Apartment Permata (Bandar Perda),Unknown,Bukit Mertajam
103780869,330000,920.0,3.0,2.0,2.0,7,1,0,0,1,1,1,0,1999.0,27.0,15.0,690.0,1003.0,1,1,0,1,1,0,0,Condominium,Leasehold,Non Bumi Lot,Medium,Kuala Lumpur,Bayu Tasik 1,PPC Glomac Sdn. Bhd.,Kuala Lumpur
103780867,230000,581.0,2.0,2.0,1.0,6,0,0,0,0,0,0,0,,,,,396.0,0,0,1,0,1,1,1,Apartment,Leasehold,Non Bumi Lot,Medium,Penang,Pangsapuri Pelangi,Unknown,George Town
103237242,338000,750.0,3.0,2.0,1.0,3,0,0,0,0,0,0,0,2000.0,26.0,12.0,,227.0,0,1,1,0,0,0,0,Apartment,Freehold,Non Bumi Lot,Medium,Penang,Taman Lembah Hijau Block 5,Unknown,George Town
101009211,145000,650.0,3.0,1.0,1.0,0,0,0,0,0,0,0,0,,,,,638.0,0,0,0,0,0,0,0,Apartment,Leasehold,Non Bumi Lot,Unknown,Kuala Lumpur,Taman Kota Cheras,Unknown,Kuala Lumpur
103587397,163000,790.0,3.0,2.0,1.0,0,1,0,0,0,1,0,0,2014.0,12.0,,,1133.0,0,0,0,0,0,0,0,Apartment,Freehold,Non Bumi Lot,Medium,Selangor,Apartment Seri Teluki,Unknown,Rawang
101765449,315000,890.0,3.0,2.0,1.0,0,0,0,0,0,0,0,0,2008.0,18.0,16.0,196.0,755.0,0,0,0,0,0,1,0,Apartment,Leasehold,Non Bumi Lot,Medium,Johor,Kipark,KIP Group,Johor Bahru
100074568,355000,700.0,3.0,2.0,1.0,6,0,0,0,0,0,0,0,,,30.0,,640.0,0,1,1,1,1,0,1,Apartment,Freehold,Non Bumi Lot,High,Penang,BL Garden,Unknown,Ayer Itam
103601587,698000,1271.0,4.0,2.0,2.0,5,0,0,0,0,0,0,0,2017.0,9.0,30.0,410.0,685.0,1,1,1,0,1,1,1,Condominium,Freehold,Non Bumi Lot,High,Penang,Skycube Residence,GSD Land (M) Sdn Bhd,Sungai Ara
103601623,480000,900.0,3.0,2.0,2.0,5,0,0,0,0,0,0,0,2019.0,7.0,42.0,2685.0,692.0,1,1,1,0,1,1,1,Condominium,Freehold,Non Bumi Lot,Low,Penang,One Foresta @ Bayan Lepas,Ideal Property Group,Bayan Lepas
102707617,510000,887.0,3.0,2.0,1.0,10,0,0,0,0,0,0,0,2013.0,13.0,30.0,808.0,584.0,1,1,1,1,1,0,0,Condominium,Freehold,Non Bumi Lot,Medium,Penang,All Seasons Park,Belleview Group,Ayer Itam
103780998,680000,1066.0,4.0,2.0,2.0,6,1,1,0,0,1,0,0,2020.0,6.0,12.0,136.0,560.0,1,1,1,1,1,0,0,Condominium,Freehold,Non Bumi Lot,High,Selangor,Paramount Utropolis,Paramount Property,Shah Alam
103780990,345000,865.0,3.0,2.0,1.0,7,0,0,0,0,0,0,0,,,,,1836.0,1,1,0,1,1,0,1,Apartment,Freehold,Non Bumi Lot,Medium,Selangor,Putra 1,UMLand,Kajang
103780853,295000,850.0,3.0,2.0,1.0,7,0,0,0,0,0,0,0,,,15.0,,374.0,1,1,1,0,1,0,0,Apartment,Freehold,Non Bumi Lot,Medium,Johor,Indah Court Apartment (Bukit Indah),Unknown,Johor Bahru
103780852,608000,1300.0,2.0,3.0,1.0,9,0,0,0,0,0,0,0,,,,,309.0,1,1,0,1,1,0,0,Condominium,Leasehold,Non Bumi Lot,Low,Sabah,Waikiki Condominium,Unknown,Kota Kinabalu
103780817,390000,719.0,2.0,1.0,1.0,0,1,0,0,0,1,1,0,,,,,739.0,0,0,0,0,0,0,1,Apartment,Leasehold,Non Bumi Lot,Unknown,Kuala Lumpur,MH Platinum Residency,Platinum Victory Group Sdn. Bhd.,Kuala Lumpur
94052167,468000,1135.0,3.0,2.0,2.0,1,0,0,0,0,0,0,0,,,,,1119.0,0,1,0,0,0,0,0,Condominium,Leasehold,Non Bumi Lot,Unknown,Unknown,Unknown,Unknown,Unknown
99672976,3039000,1894.0,3.0,3.0,2.0,7,0,0,0,0,0,0,0,,,,,604.0,1,1,1,0,1,0,0,Condominium,Freehold,Non Bumi Lot,Unknown,Unknown,Unknown,Unknown,Unknown
99227929,168000,753.0,3.0,2.0,2.0,6,0,0,0,0,0,0,0,,,,,775.0,0,1,1,0,1,0,0,Apartment,Freehold,Non Bumi Lot,Low,Selangor,Simfoni @ Eco Majestic,Unknown,Semenyih
103537247,380000,1009.0,3.0,2.0,2.0,11,1,0,0,0,1,1,0,2017.0,9.0,36.0,1338.0,339.0,1,1,1,1,1,0,0,Service Residence,Leasehold,Non Bumi Lot,Medium,Kuala Lumpur,Maxim Citilights,Meridian Maxim Sdn Bhd,Kuala Lumpur
103435348,450000,1142.0,4.0,2.0,1.0,8,0,0,0,0,0,0,0,2015.0,11.0,24.0,900.0,565.0,1,1,1,1,1,0,0,Condominium,Leasehold,Bumi Lot,Medium,Kuala Lumpur,Suasana Lumayan,Danau Lumayan Sdn Bhd,Kuala Lumpur
103780946,318000,973.0,3.0,2.0,1.0,9,0,0,0,0,0,0,0,2015.0,11.0,,352.0,195.0,1,1,1,1,1,1,0,Condominium,Leasehold,Non Bumi Lot,Medium,Johor,Scott Towers @ Larkin JB,Andaman Group,Johor Bahru
102968657,221000,700.0,3.0,2.0,1.0,2,0,0,0,0,0,0,0,,,,,1019.0,0,0,0,0,1,0,0,Apartment,Freehold,Non Bumi Lot,Medium,Putrajaya,putra damai,Unknown,Putrajaya
100917956,398000,720.0,1.0,1.0,1.0,7,1,1,1,1,1,1,0,,,12.0,,862.0,1,1,0,1,0,0,0,Condominium,Freehold,Non Bumi Lot,Unknown,Kuala Lumpur,Mutiara Villa,Unknown,Kuala Lumpur
102130431,255000,870.0,3.0,2.0,1.0,8,0,0,0,0,0,0,0,,,18.0,,2542.0,1,1,1,1,1,0,1,Apartment,Leasehold,Bumi Lot,Medium,Selangor,Lakeview Apartments,Unknown,Gombak
103780747,738000,1281.0,4.0,3.0,2.0,10,0,0,0,0,0,0,0,2017.0,9.0,22.0,396.0,255.0,0,1,1,1,1,0,1,Condominium,Leasehold,Non Bumi Lot,High,Penang,The Spring,IJM LAND BERHAD,Jelutong
103780745,389000,1096.0,3.0,2.0,1.0,7,0,0,0,0,0,0,0,2019.0,7.0,19.0,256.0,665.0,1,1,1,1,1,0,0,Condominium,Leasehold,Non Bumi Lot,Unknown,Selangor,Seroja Hills,OIB Group,Sepang
102800883,200000,750.0,3.0,2.0,1.0,0,0,0,0,0,0,0,0,,,14.0,,608.0,0,0,0,0,0,0,1,Condominium,Leasehold,Non Bumi Lot,Unknown,Kuala Lumpur,Mesra Prima @ Pandan Mesra,Unknown,Kuala Lumpur
102800881,205000,850.0,3.0,2.0,1.0,4,1,1,0,0,1,1,0,,,9.0,,711.0,1,1,0,0,1,0,1,Apartment,Leasehold,Non Bumi Lot,Unknown,Kuala Lumpur,PangsaRia,Salak Park Development,Kuala Lumpur
102783576,400000,1050.0,3.0,2.0,1.0,8,1,0,0,0,1,1,0,2014.0,12.0,17.0,435.0,749.0,1,1,0,1,1,0,1,Condominium,Freehold,Non Bumi Lot,Unknown,Kuala Lumpur,Panorama Residences (Sentul),ECS Mutiara Sdn Bhd,Kuala Lumpur
101161152,185000,750.0,3.0,2.0,1.0,3,0,0,0,0,0,0,0,,,5.0,,932.0,0,1,0,0,1,0,1,Flat,Leasehold,Bumi Lot,Medium,Selangor,Rumah Pangsa Impian (Saujana Putra),Unknown,Kuala Langat
103780775,260000,1185.0,3.0,2.0,2.0,2,0,0,0,0,0,0,0,,,,,665.0,0,1,0,0,0,0,0,Apartment,Freehold,Non Bumi Lot,Unknown,Selangor,Embun Residence,Unknown,Kajang
103780764,410000,698.0,2.0,1.0,1.0,5,1,0,0,1,1,1,0,2016.0,10.0,,,306.0,0,0,0,1,1,0,0,Condominium,Leasehold,Non Bumi Lot,Medium,Kuala Lumpur,Kiara East - DEX Suites,Kiara East Property Sdn Bhd,Kuala Lumpur
103780754,330000,1212.0,3.0,2.0,1.0,2,0,0,0,0,0,0,0,,,,538.0,243.0,0,1,0,0,0,0,0,Apartment,Freehold,Non Bumi Lot,Unknown,Selangor,Green Suria Apartment,Suria Land Development Sdn Bhd,Cheras
102800878,265000,800.0,3.0,2.0,1.0,4,0,0,0,0,0,0,0,,,5.0,,587.0,0,1,0,0,1,0,1,Apartment,Leasehold,Bumi Lot,Unknown,Selangor,Sri Melor Apartment,Unknown,Ampang
103433942,280000,810.0,2.0,2.0,1.0,0,0,0,0,0,0,0,0,2019.0,7.0,25.0,2003.0,223.0,0,0,0,0,0,1,0,Service Residence,Freehold,Non Bumi Lot,High,Johor,Parc Regency Serviced Apartment,Malaysia Land Properties Sdn. Bhd.,Johor Bahru
100326762,378000,1006.0,3.0,2.0,1.0,10,0,0,0,0,0,0,0,,,,,170.0,1,1,1,1,1,0,0,Condominium,Leasehold,Non Bumi Lot,High,Sarawak,MJC Upper Sanctuary,Unknown,Kuching
96031773,448500,1100.0,3.0,2.0,2.0,4,0,0,0,0,0,0,0,2013.0,13.0,30.0,,620.0,1,1,0,1,0,0,1,Service Residence,Freehold,Non Bumi Lot,Medium,Penang,Southbay Plaza @ Southbay City,Mah Sing Group Berhad,Bayan Lepas
101355322,450000,1206.0,3.0,2.0,1.0,11,0,0,0,0,0,0,0,,,,,232.0,1,1,1,1,1,0,0,Condominium,Leasehold,Non Bumi Lot,High,Sarawak,P' Residence Kuching,Tenaga Seri Wangsa (TSW Properties),Kuching
102033510,650000,1259.0,3.0,2.0,1.0,9,0,0,0,0,0,0,0,,,,,803.0,1,1,1,1,1,0,0,Condominium,Leasehold,Non Bumi Lot,Medium,Sarawak,Doncaster,Unknown,Kuching
100911351,350000,1000.0,4.0,2.0,2.0,11,1,1,1,0,1,1,0,2025.0,1.0,,1443.0,784.0,1,1,1,1,1,0,0,Service Residence,Leasehold,Non Bumi Lot,Medium,Kuala Lumpur,M Astra @ Setapak,Mah Sing Group Berhad,Kuala Lumpur
103495723,528000,1265.0,3.0,2.0,1.0,9,1,0,0,0,1,1,0,2020.0,6.0,32.0,228.0,1437.0,1,1,1,1,1,1,0,Condominium,Freehold,Non Bumi Lot,Medium,Kuala Lumpur,Berlian Residence @ Setapak,Platinum Victory Development Sdn Bhd,Kuala Lumpur
103495353,550000,1050.0,4.0,3.0,2.0,11,0,0,0,0,0,0,0,2023.0,3.0,44.0,684.0,1179.0,1,1,1,1,1,1,0,Service Residence,Freehold,Non Bumi Lot,High,Kuala Lumpur,MiNest Residence,Mi Nest Development Sdn Bhd,Kuala Lumpur
103780880,280000,700.0,3.0,2.0,1.0,2,0,0,0,0,0,0,0,1995.0,31.0,12.0,240.0,539.0,0,1,0,0,0,0,1,Apartment,Freehold,Non Bumi Lot,Low,Penang,Desa Permata Pearl Block 9,Unknown,Ayer Itam
103496485,530000,1200.0,3.0,3.0,2.0,9,0,0,0,0,0,0,0,,,,,1139.0,1,1,1,1,1,1,0,Condominium,Freehold,Non Bumi Lot,Medium,Kuala Lumpur,Vista Harmoni,Unknown,Kuala Lumpur
103711355,495000,1115.0,3.0,2.0,1.0,7,0,0,0,0,0,0,0,2010.0,16.0,38.0,,105.0,1,1,1,1,0,0,0,Condominium,Leasehold,Non Bumi Lot,Unknown,Penang,The Oasis,Arte Corp,Gelugor
103710996,600000,1116.0,3.0,2.0,2.0,7,0,0,0,0,0,0,0,2010.0,16.0,38.0,,123.0,1,1,1,1,0,0,0,Condominium,Leasehold,Non Bumi Lot,Unknown,Penang,The Oasis,Arte Corp,Gelugor
103780877,350000,1091.0,3.0,2.0,1.0,8,0,0,0,1,0,1,0,2010.0,16.0,18.0,569.0,821.0,1,1,1,1,1,0,0,Condominium,Freehold,Non Bumi Lot,Unknown,Kuala Lumpur,Kinrara Mas Condominium,HR Utama Sdn Bhd,Kuala Lumpur
100750230,440000,847.0,2.0,2.0,1.0,0,0,0,0,0,0,0,0,2016.0,10.0,35.0,,638.0,0,0,0,0,0,0,0,Service Residence,Freehold,Non Bumi Lot,Unknown,Selangor,YOU Vista @ YOU City Cheras,PJD Group,Cheras
103045965,460000,1100.0,3.0,2.0,2.0,11,1,1,1,0,1,1,0,2022.0,4.0,30.0,265.0,821.0,1,1,1,1,1,0,0,Condominium,Freehold,Bumi Lot,Low,Selangor,"Lake Point Residence, Phase 3",YanJian Group,Cyberjaya
102495385,313000,855.0,3.0,2.0,2.0,10,0,0,0,0,0,0,0,,,,,795.0,1,1,1,0,1,0,0,Apartment,Freehold,Non Bumi Lot,High,Selangor,"Selangorku PR1MA Lakefront Homes , Cyberjaya",Unknown,Sepang
103128001,108000,800.0,3.0,2.0,1.0,0,0,0,0,0,0,0,0,,,,,309.0,0,0,0,0,0,0,0,Flat,Leasehold,Non Bumi Lot,Medium,Selangor,Desa Serdang,Unknown,Seri Kembangan
102495064,145000,648.0,3.0,2.0,1.0,5,0,0,0,0,0,0,0,,,5.0,,679.0,1,1,0,0,1,0,0,Apartment,Freehold,Non Bumi Lot,Low,Selangor,Pangsapuri Lili,Unknown,Puchong
101672210,290000,911.0,3.0,2.0,1.0,10,1,0,1,0,1,1,0,1994.0,32.0,24.0,576.0,764.0,1,1,0,1,1,0,0,Condominium,Freehold,Non Bumi Lot,Unknown,Kuala Lumpur,Setapak Ria Condominium,AM-EL Group,Kuala Lumpur
102693173,200000,450.0,1.0,1.0,1.0,0,0,0,0,0,0,0,0,2016.0,10.0,40.0,946.0,871.0,0,0,0,0,0,0,0,Condominium,Freehold,Non Bumi Lot,Unknown,Selangor,Solstice @ Pan'gaea,OSK Property Holdings Berhad,Cyberjaya
102691019,200000,500.0,1.0,1.0,1.0,7,0,0,0,0,0,0,0,2013.0,13.0,29.0,372.0,873.0,1,1,0,1,1,0,0,Condominium,Freehold,Non Bumi Lot,Unknown,Selangor,Mutiara Ville @ Cyberjaya,Seri Mutiara Development Sdn Bhd,Cyberjaya
102725874,160000,813.0,3.0,2.0,1.0,5,0,0,0,0,1,1,1,,,21.0,,1167.0,1,1,0,1,0,0,0,Apartment,Leasehold,Non Bumi Lot,Unknown,Selangor,Serdang Skyvillas,Green Crescent Resources,Seri Kembangan
102583375,240000,450.0,1.0,1.0,1.0,0,1,1,1,0,1,1,0,2012.0,14.0,,196.0,788.0,0,0,0,0,0,0,0,Condominium,Leasehold,Non Bumi Lot,Unknown,Selangor,Studio Fourteen,First Avenue Partners (Asia) Sdn Bhd,Shah Alam
102690981,270000,418.0,1.0,1.0,1.0,0,0,0,0,0,0,0,0,2014.0,12.0,25.0,1211.0,871.0,0,0,0,0,0,0,0,Service Residence,Freehold,Non Bumi Lot,Unknown,Selangor,Main Place Residence,Bina Puri Holdings Bhd,USJ
102690822,235000,454.0,1.0,1.0,1.0,8,1,1,0,0,1,1,0,,,15.0,766.0,745.0,1,1,0,1,0,0,0,Service Residence,Leasehold,Non Bumi Lot,Unknown,Selangor,Zeva @ Equine South,Trinity Group,Seri Kembangan
102452772,230000,280.0,1.0,1.0,1.0,13,1,1,1,1,1,1,0,,,,,831.0,1,1,1,1,1,0,1,Service Residence,Leasehold,Non Bumi Lot,Unknown,Kuala Lumpur,Astrum Ampang,Unknown,Kuala Lumpur
103675662,450000,1000.0,3.0,2.0,2.0,3,0,0,0,0,0,0,0,,,,1000.0,659.0,0,1,1,0,0,0,1,Service Residence,Freehold,Non Bumi Lot,High,Penang,The Stone (Ayer Itam),PLB Land Sdn Bhd,Ayer Itam
103449275,750000,1036.0,3.0,2.0,2.0,11,0,0,0,0,0,0,0,2021.0,5.0,33.0,550.0,654.0,1,1,1,1,1,0,0,Condominium,Freehold,Non Bumi Lot,Medium,Penang,Setia Sky Ville,Kay Pride Sdn Bhd (S P Setia Bhd Group),Jelutong
101431798,378000,850.0,3.0,2.0,2.0,7,0,0,0,0,0,0,0,1998.0,28.0,13.0,140.0,630.0,1,1,1,1,1,1,1,Apartment,Freehold,Non Bumi Lot,Medium,Penang,Penhill Condominium,Unknown,Ayer Itam
101122065,480000,1060.0,3.0,2.0,2.0,4,0,0,0,0,0,0,0,1996.0,30.0,25.0,237.0,679.0,1,1,1,0,0,1,1,Condominium,Freehold,Non Bumi Lot,Medium,Penang,Menara Greenview,Unknown,Jelutong
103283797,480000,887.0,3.0,2.0,2.0,10,0,0,0,0,0,0,0,2013.0,13.0,30.0,808.0,608.0,1,1,1,1,1,1,0,Condominium,Freehold,Non Bumi Lot,Medium,Penang,All Seasons Park,Belleview Group,Ayer Itam
103175932,255000,700.0,3.0,2.0,1.0,3,0,0,0,0,0,0,0,,,17.0,,618.0,0,0,1,0,1,0,0,Apartment,Freehold,Bumi Lot,Low,Putrajaya,Pangsapuri Putra Damai,Putrajaya Homes Sdn Bhd,Putrajaya
101256806,835000,1646.0,4.0,3.0,2.0,9,0,0,0,0,0,0,0,2018.0,8.0,44.0,378.0,656.0,1,1,1,1,1,0,0,Condominium,Freehold,Non Bumi Lot,Medium,Penang,Grace Residence,Nova Mulia Development Sdn Bhd,Jelutong
100790079,390000,826.0,3.0,2.0,1.0,5,0,0,0,0,0,0,0,,,,,663.0,1,1,1,1,0,0,1,Apartment,Freehold,Non Bumi Lot,Low,Penang,Tunas Residensi,Koperasi Tunas Muda Sungai Ara Berhad,Relau
96905594,815000,1219.0,3.0,2.0,2.0,9,0,0,0,0,0,0,0,2021.0,5.0,24.0,1235.0,665.0,1,1,1,1,1,0,1,Condominium,Freehold,Non Bumi Lot,High,Penang,Quay West Residence,Asia Green Group,Relau
103659913,170000,513.0,2.0,1.0,1.0,3,0,0,0,0,0,0,0,,,,,635.0,0,1,1,0,0,0,1,Flat,Leasehold,Non Bumi Lot,Medium,Penang,Farlim 4D Flat,Unknown,Ayer Itam
101688647,780000,1036.0,3.0,2.0,2.0,11,0,0,0,0,0,0,0,2021.0,5.0,33.0,550.0,687.0,1,1,1,1,1,1,1,Condominium,Freehold,Non Bumi Lot,High,Penang,Setia Sky Ville,Kay Pride Sdn Bhd (S P Setia Bhd Group),Jelutong
101897522,825000,1254.0,3.0,2.0,2.0,9,0,0,0,0,0,0,0,2018.0,8.0,44.0,378.0,658.0,1,1,1,1,1,0,1,Condominium,Freehold,Non Bumi Lot,Medium,Penang,Grace Residence,Nova Mulia Development Sdn Bhd,Jelutong
99934617,415000,700.0,3.0,2.0,1.0,7,0,0,0,0,0,0,0,2006.0,20.0,18.0,182.0,665.0,1,1,1,0,1,1,1,Apartment,Freehold,Non Bumi Lot,Medium,Penang,Casa Impian,Unknown,Jelutong
103403509,420000,800.0,3.0,2.0,1.0,7,0,0,0,0,0,0,0,2006.0,20.0,18.0,182.0,669.0,1,1,1,0,1,1,1,Apartment,Freehold,Non Bumi Lot,Medium,Penang,Casa Impian,Unknown,Jelutong
103159221,360000,700.0,3.0,2.0,2.0,7,0,0,0,0,0,0,0,1997.0,29.0,32.0,988.0,658.0,1,1,1,1,1,1,1,Condominium,Freehold,Non Bumi Lot,Low,Penang,N-Park Condominium,Unknown,Gelugor
101239305,310000,650.0,3.0,2.0,1.0,6,0,0,0,0,0,0,0,,,,,678.0,0,1,1,0,1,1,1,Apartment,Freehold,Non Bumi Lot,Low,Penang,Sri Wangsa 2,Unknown,Jelutong
99889965,305000,650.0,3.0,2.0,1.0,2,0,0,0,0,0,0,0,,,,,610.0,0,1,0,0,0,0,0,Apartment,Leasehold,Non Bumi Lot,Medium,Penang,Pinang Court 2,IJM Corporation Berhad,Jelutong
102221420,580000,409.0,1.0,1.0,1.0,2,0,0,0,0,0,0,0,,,,,405.0,0,1,1,0,0,1,0,Service Residence,Leasehold,Non Bumi Lot,High,Sabah,The Shore (Kota Kinabalu),Unknown,Kota Kinabalu
103616195,164000,650.0,3.0,2.0,1.0,3,1,0,0,1,1,1,1,,,,,648.0,0,0,1,0,1,0,0,Flat,Leasehold,Bumi Lot,Low,Selangor,Taman Desaria,Unknown,Petaling Jaya
102457330,165000,600.0,3.0,2.0,1.0,4,1,0,1,1,0,0,0,,,,,810.0,0,0,0,0,1,0,0,Apartment,Leasehold,Bumi Lot,High,Selangor,Gugusan Tanjung,Unknown,Petaling Jaya
102783562,360000,1012.0,3.0,2.0,1.0,9,1,0,0,0,1,1,0,1994.0,32.0,,437.0,683.0,1,1,0,0,1,0,1,Condominium,Freehold,Non Bumi Lot,Unknown,Kuala Lumpur,Brem Park 2,Bertam Development Sdn. Bhd,Kuala Lumpur
102800899,440000,1150.0,3.0,2.0,1.0,7,1,0,1,0,1,1,0,2017.0,9.0,28.0,650.0,683.0,1,1,0,1,0,0,1,Condominium,Leasehold,Non Bumi Lot,Unknown,Kuala Lumpur,Ascenda Residences @ SkyArena Setapak,SkyWorld Development Sdn Bhd,Kuala Lumpur
103780759,389000,915.0,3.0,2.0,1.0,10,1,0,0,0,1,0,0,2010.0,16.0,,704.0,255.0,1,1,1,1,1,1,0,Apartment,Leasehold,Non Bumi Lot,Medium,Selangor,Banjaria Court,Perbadanan Kemajuan Negeri Selangor (PKNS),Batu Caves
101777096,488000,1143.0,4.0,2.0,2.0,13,0,0,0,0,0,0,0,2011.0,15.0,,664.0,1349.0,1,1,1,1,1,0,0,Condominium,Leasehold,Non Bumi Lot,Low,Selangor,Park 51 Residency,Taipan Group of Companies,Petaling Jaya
100629227,430000,990.0,3.0,2.0,1.0,10,1,1,1,1,0,1,1,2013.0,13.0,21.0,358.0,874.0,1,1,0,1,1,0,0,Condominium,Leasehold,Non Bumi Lot,Unknown,Selangor,Zenith Residences,South Malaysia Industries (SMI),Petaling Jaya
96019514,850000,1467.0,4.0,2.0,2.0,6,0,0,0,0,0,0,0,2015.0,11.0,18.0,107.0,674.0,1,1,0,1,0,1,1,Condominium,Freehold,Non Bumi Lot,Medium,Penang,98 Nibong Residence,PLB Land Sdn Bhd,Bayan Lepas
90554495,630000,1500.0,4.0,3.0,2.0,0,0,0,0,0,0,0,0,2015.0,11.0,,222.0,650.0,0,0,0,0,0,0,1,Condominium,Freehold,Non Bumi Lot,Medium,Penang,Pine Residence,Lone Pine Group,Paya Terubong
102708899,630000,1200.0,3.0,2.0,2.0,5,0,0,0,0,0,0,0,2017.0,9.0,30.0,410.0,693.0,1,1,1,0,1,1,1,Condominium,Freehold,Non Bumi Lot,High,Penang,Skycube Residence,GSD Land (M) Sdn Bhd,Sungai Ara
102612574,1177000,1646.0,4.0,3.0,2.0,9,0,0,0,0,0,0,0,2018.0,8.0,44.0,378.0,661.0,1,1,1,1,1,0,0,Condominium,Freehold,Non Bumi Lot,High,Penang,Grace Residence,Nova Mulia Development Sdn Bhd,Jelutong
102584887,170000,630.0,3.0,1.0,1.0,0,0,0,0,0,0,0,0,,,,,328.0,0,0,0,0,0,0,0,Apartment,Leasehold,Non Bumi Lot,Medium,Kuala Lumpur,KL Ampang Shop Apartment,Unknown,Kuala Lumpur
103780709,550000,1069.0,3.0,2.0,1.0,8,0,0,0,0,0,0,0,,,16.0,,775.0,1,1,1,1,1,0,0,Condominium,Leasehold,Non Bumi Lot,High,Sabah,Alam Damai Condominium,Wah Mie Group,Kota Kinabalu
103463427,218000,943.0,3.0,2.0,1.0,5,0,0,0,0,0,0,0,,,8.0,,185.0,1,1,0,0,1,1,0,Apartment,Leasehold,Non Bumi Lot,Unknown,Kuala Lumpur,Ixora Apartment (Kepong),Unknown,Kuala Lumpur
103720193,208000,935.0,3.0,2.0,1.0,8,0,0,0,0,0,0,0,2017.0,9.0,20.0,,193.0,1,1,1,0,1,0,0,Apartment,Freehold,Bumi Lot,High,Johor,Villa Krystal,Orando Holdings Sdn Bhd,Johor Bahru
102074388,430000,1050.0,3.0,2.0,1.0,5,0,0,0,0,0,0,0,,,,226.0,913.0,1,1,0,0,1,0,0,Condominium,Freehold,Non Bumi Lot,Medium,Putrajaya,Saujana Aster,Peremba Jaya Holdings Sdn Bhd,Putrajaya
102887270,110000,1000.0,1.0,1.0,1.0,0,0,0,0,0,0,0,0,,,,,466.0,0,0,0,0,0,0,0,Flat,Freehold,Non Bumi Lot,Medium,Penang,flat mutiara,Unknown,Bukit Mertajam
103780479,1500000,1528.0,3.0,2.0,2.0,10,0,0,0,0,0,0,0,,,,846.0,514.0,1,1,1,1,1,0,1,Condominium,Freehold,Non Bumi Lot,Unknown,Penang,Muze @ PICC,Hunza Properties Berhad,Bayan Lepas
103780460,450000,861.0,3.0,2.0,1.0,5,1,0,0,0,1,1,0,,,5.0,,657.0,0,1,0,0,1,0,1,Service Residence,Freehold,Non Bumi Lot,Low,Selangor,Keranji Apartment,Unknown,Subang Jaya
102898729,79000,506.0,2.0,1.0,1.0,0,0,0,0,0,0,0,0,,,,,754.0,0,0,0,0,0,1,1,Flat,Leasehold,Non Bumi Lot,Medium,Johor,pangsapuri merak kangkar pulai,Unknown,Johor Bahru
103780493,218000,850.0,3.0,2.0,1.0,4,0,0,0,0,0,0,0,,,15.0,303.0,73.0,1,1,0,0,1,1,0,Apartment,Freehold,Non Bumi Lot,High,Johor,Apartment Ria 1 @ Taman Megah Ria Masai,Unknown,Johor Bahru
103780518,880000,1513.0,4.0,3.0,2.0,9,1,0,0,1,0,1,1,2015.0,11.0,35.0,881.0,773.0,1,1,1,1,1,1,0,Condominium,Freehold,Non Bumi Lot,Low,Kuala Lumpur,The Rainz,Exsim Group,Kuala Lumpur
103780502,920000,1302.0,3.0,3.0,2.0,6,0,0,0,0,0,0,0,2007.0,19.0,,396.0,86.0,1,1,1,1,1,1,1,Condominium,Freehold,Non Bumi Lot,High,Penang,BaysWater,IJM Land Berhad,Gelugor
102783560,278000,838.0,3.0,2.0,1.0,0,0,0,0,0,0,0,0,,,20.0,780.0,570.0,0,0,0,0,0,0,1,Apartment,Leasehold,Non Bumi Lot,Unknown,Kuala Lumpur,Menara Orkid,Unknown,Kuala Lumpur
103780656,248000,700.0,3.0,2.0,1.0,3,0,0,0,0,0,0,0,,,25.0,,122.0,0,1,1,0,0,0,0,Apartment,Leasehold,Non Bumi Lot,Unknown,Penang,Sri Ivory (Sri Ivori) Apartment,Unknown,Ayer Itam
103131121,598000,2200.0,4.0,3.0,2.0,7,0,0,1,0,0,1,0,2016.0,10.0,20.0,456.0,1318.0,1,1,1,1,1,0,1,Condominium,Leasehold,Non Bumi Lot,Low,Selangor,Paragon 3,Paragon Mastery Sdn Bhd,Seri Kembangan
103132230,480000,1445.0,4.0,3.0,1.0,8,0,0,1,0,0,1,0,2016.0,10.0,20.0,456.0,1253.0,1,1,1,1,1,0,1,Condominium,Leasehold,Non Bumi Lot,Unknown,Selangor,Paragon 3,Paragon Mastery Sdn Bhd,Seri Kembangan
102360468,355000,1009.0,3.0,2.0,2.0,11,1,0,0,0,1,1,0,2017.0,9.0,36.0,1338.0,365.0,1,1,1,1,1,0,0,Service Residence,Leasehold,Non Bumi Lot,Low,Kuala Lumpur,Maxim Citilights,Meridian Maxim Sdn Bhd,Kuala Lumpur
102136019,350000,1009.0,3.0,2.0,2.0,11,1,0,0,0,1,1,0,2017.0,9.0,36.0,1338.0,471.0,1,1,1,1,1,0,0,Service Residence,Leasehold,Non Bumi Lot,Medium,Kuala Lumpur,Maxim Citilights,Meridian Maxim Sdn Bhd,Kuala Lumpur
101948460,365000,1004.0,3.0,2.0,1.0,6,1,0,0,1,0,1,0,2008.0,18.0,22.0,500.0,359.0,1,1,0,0,1,0,0,Condominium,Leasehold,Non Bumi Lot,High,Kuala Lumpur,Vista Mutiara,Aik Bee Timbers,Kuala Lumpur
103537751,528000,1260.0,3.0,2.0,2.0,11,1,0,0,0,1,1,0,2017.0,9.0,36.0,1338.0,547.0,1,1,1,1,1,1,0,Service Residence,Leasehold,Non Bumi Lot,High,Kuala Lumpur,Maxim Citilights,Meridian Maxim Sdn Bhd,Kuala Lumpur
102989770,470000,1009.0,3.0,2.0,2.0,11,1,0,0,0,1,1,0,2017.0,9.0,36.0,1338.0,408.0,1,1,1,1,1,0,0,Service Residence,Leasehold,Non Bumi Lot,Low,Kuala Lumpur,Maxim Citilights,Meridian Maxim Sdn Bhd,Kuala Lumpur
103780637,150000,750.0,3.0,2.0,1.0,0,0,0,0,0,0,0,0,,,,,940.0,0,0,0,0,0,0,0,Apartment,Freehold,Bumi Lot,Medium,Selangor,Vista Perdana (Kajang),Unknown,Kajang
102800889,285000,965.0,4.0,2.0,1.0,0,0,0,0,0,0,0,0,2010.0,16.0,14.0,336.0,580.0,0,0,0,0,0,0,1,Condominium,Freehold,Non Bumi Lot,Unknown,Kuala Lumpur,Ketumbar Heights,Mahajaya Berhad,Kuala Lumpur
102841930,240000,845.0,3.0,2.0,1.0,10,1,0,0,0,0,1,0,2002.0,24.0,21.0,744.0,689.0,1,1,0,1,1,0,1,Condominium,Freehold,Non Bumi Lot,Unknown,Kuala Lumpur,Idaman Sutera,Medan Idaman,Kuala Lumpur
102839472,550000,1389.0,4.0,2.0,1.0,11,0,0,0,0,0,0,0,2008.0,18.0,22.0,800.0,1280.0,1,1,1,1,1,1,1,Condominium,Leasehold,Bumi Lot,Medium,Kuala Lumpur,Platinum Lake PV 12,Platinum Victory Development Sdn Bhd,Kuala Lumpur
102835140,429000,1033.0,3.0,2.0,1.0,11,1,1,0,1,0,1,0,2007.0,19.0,4.0,,1303.0,1,1,1,0,1,1,1,Condominium,Leasehold,Bumi Lot,Medium,Selangor,Tiara Duta,Arosa Development Sdn. Bhd,Ampang
102853401,715000,1600.0,3.0,2.0,1.0,8,0,0,1,0,1,1,0,,,12.0,150.0,1350.0,1,1,1,1,1,0,1,Service Residence,Freehold,Non Bumi Lot,Low,Kuala Lumpur,Impiana on The Waterfront,Unknown,Kuala Lumpur
102567572,350000,1020.0,3.0,2.0,1.0,6,1,1,0,1,1,1,0,1989.0,37.0,12.0,140.0,801.0,1,1,0,1,1,0,1,Condominium,Freehold,Non Bumi Lot,Unknown,Kuala Lumpur,Fortuna Court,Sunrise Berhad,Kuala Lumpur
103780620,340000,900.0,3.0,2.0,1.0,1,0,0,0,0,0,0,0,,,4.0,,1029.0,1,0,0,0,0,0,0,Apartment,Leasehold,Non Bumi Lot,Low,Sarawak,Bahagia Residences @ Desa Bahagia,Naim Holdings Berhad,Miri
103780616,695000,850.0,3.0,2.0,2.0,2,0,0,0,0,0,0,0,2022.0,4.0,,478.0,278.0,0,0,0,0,1,0,0,Condominium,Leasehold,Non Bumi Lot,Unknown,Penang,3 Residence,IJM LAND BERHAD,Jelutong
102266202,98000,790.0,3.0,2.0,1.0,0,1,0,0,0,1,0,0,2014.0,12.0,,,592.0,0,0,0,0,0,0,1,Apartment,Freehold,Non Bumi Lot,High,Selangor,Apartment Seri Teluki,Unknown,Rawang
102234707,330000,950.0,3.0,2.0,1.0,10,1,0,0,1,0,0,0,2011.0,15.0,29.0,1709.0,1558.0,1,1,1,1,1,1,1,Condominium,Leasehold,Bumi Lot,Medium,Selangor,Symphony Heights (Simfoni Heights),Daya Niaga,Batu Caves
102841929,298000,1050.0,3.0,2.0,1.0,0,0,0,0,0,0,0,0,1993.0,33.0,14.0,,610.0,0,0,0,0,0,0,1,Apartment,Freehold,Non Bumi Lot,Unknown,Kuala Lumpur,Desa View Towers Apartment,Unknown,Kuala Lumpur
102784472,480000,872.0,3.0,2.0,1.0,7,0,0,0,0,0,0,0,,,11.0,,647.0,1,1,1,1,1,1,1,Apartment,Leasehold,Non Bumi Lot,Medium,Penang,Ocean View (Bandar Sri Pinang),Unknown,Jelutong
102871276,495000,883.0,3.0,2.0,2.0,5,0,0,0,0,0,0,0,2017.0,9.0,42.0,670.0,651.0,1,1,1,1,0,0,1,Condominium,Freehold,Non Bumi Lot,High,Penang,The Clovers,Asia Green Group,Sungai Ara
101898218,238000,600.0,3.0,2.0,1.0,5,0,0,0,0,0,0,0,,,,,639.0,0,1,1,0,0,1,1,Apartment,Leasehold,Non Bumi Lot,High,Unknown,Unknown,Unknown,Unknown
101897718,588000,1100.0,3.0,2.0,1.0,5,0,0,0,0,0,0,0,,,,,677.0,1,1,1,0,1,1,1,Condominium,Freehold,Non Bumi Lot,Low,Unknown,Unknown,Unknown,Unknown
100605162,410000,1012.0,3.0,2.0,1.0,9,1,0,0,0,0,1,0,2021.0,5.0,32.0,398.0,750.0,1,1,1,1,1,0,0,Service Residence,Leasehold,Non Bumi Lot,Unknown,Selangor,Zenopy Residences,LBS Bina Group Berhad,Seri Kembangan
102871252,300000,700.0,3.0,2.0,1.0,4,0,0,0,0,0,0,0,1994.0,32.0,5.0,360.0,656.0,1,1,1,0,0,1,1,Condominium,Freehold,Non Bumi Lot,Low,Penang,Villa Condominium,Unknown,Relau
103780595,326500,1029.0,3.0,2.0,1.0,4,0,0,0,0,0,0,0,,,,,1193.0,0,1,1,0,1,0,0,Apartment,Leasehold,Bumi Lot,Medium,Sabah,E Residence Telipok,Unknown,Telipok
102206882,450000,870.0,3.0,2.0,2.0,9,0,0,0,0,0,0,0,2016.0,10.0,29.0,391.0,301.0,1,1,1,1,1,1,0,Service Residence,Leasehold,Non Bumi Lot,High,Sabah,Ashton Tower,SCP Group,Kota Kinabalu
103780419,390000,1000.0,3.0,2.0,2.0,0,0,0,0,0,0,0,0,,,,1000.0,478.0,0,0,0,0,0,0,1,Condominium,Freehold,Non Bumi Lot,Unknown,Penang,The Stone (Ayer Itam),PLB Land Sdn Bhd,Ayer Itam
103780408,245000,700.0,3.0,2.0,1.0,5,0,0,0,0,0,0,0,1998.0,28.0,35.0,,502.0,0,1,0,0,1,0,0,Condominium,Freehold,Non Bumi Lot,High,Penang,BJ Court Condominium,Unknown,Bayan Lepas
103780386,235000,850.0,3.0,2.0,1.0,4,1,0,0,0,1,1,0,,,5.0,,532.0,0,1,0,0,1,0,0,Apartment,Freehold,Non Bumi Lot,Medium,Selangor,Pangsapuri Seri Meranti,Unknown,Puchong
103780382,245000,700.0,3.0,2.0,1.0,5,0,0,0,0,0,0,0,1998.0,28.0,35.0,,587.0,0,1,0,0,1,0,0,Condominium,Freehold,Non Bumi Lot,High,Penang,BJ Court Condominium,Unknown,Bayan Lepas
103780381,343999,1010.0,3.0,2.0,1.0,5,0,0,0,0,0,0,0,,,5.0,,337.0,1,1,0,0,1,0,1,Apartment,Freehold,Non Bumi Lot,High,Selangor,Sri Tanjung (Puchong),Unknown,Puchong
103780380,515000,1160.0,3.0,2.0,1.0,9,1,1,1,1,1,1,0,2011.0,15.0,38.0,,861.0,1,1,1,1,1,0,0,Condominium,Freehold,Non Bumi Lot,Unknown,Kuala Lumpur,Titiwangsa Sentral,Monoland Corp Sdn Bhd,Kuala Lumpur
103780378,395000,1161.0,3.0,2.0,1.0,5,1,1,0,0,1,1,0,2007.0,19.0,10.0,396.0,570.0,1,1,0,1,1,1,0,Condominium,Freehold,Non Bumi Lot,Low,Selangor,Pelangi Heights,Brem Holding Berhad,Klang
103780377,399000,770.0,3.0,2.0,1.0,5,1,0,0,0,1,0,0,2017.0,9.0,34.0,1502.0,724.0,1,1,0,1,1,1,0,Apartment,Leasehold,Non Bumi Lot,Low,Kuala Lumpur,Seasons Garden Residences @ Wangsa Maju,SCP Group,Kuala Lumpur
103780376,580000,1463.0,3.0,2.0,2.0,6,0,0,0,0,0,0,0,2013.0,13.0,,1929.0,717.0,1,1,0,1,1,1,0,Condominium,Leasehold,Non Bumi Lot,Unknown,Selangor,Metropolitan Square,Saujana Triangle (a subsidiary of MK Land),Damansara Perdana
103780373,440000,1556.0,4.0,3.0,1.0,3,0,1,0,0,1,1,0,,,5.0,,1052.0,0,0,0,0,1,1,0,Apartment,Leasehold,Non Bumi Lot,Low,Selangor,Putra Indah Apartment,Unknown,Seri Kembangan
103780370,293000,936.0,3.0,2.0,1.0,14,0,0,0,0,0,0,0,2006.0,20.0,5.0,480.0,723.0,1,1,1,1,1,1,0,Condominium,Freehold,Non Bumi Lot,Medium,Selangor,Nilam Puri Condominium,Bukit Hitam Development Sdn Bhd,Puchong
103780367,230000,850.0,3.0,2.0,1.0,3,0,0,0,0,0,0,0,2015.0,11.0,20.0,1440.0,702.0,0,1,1,0,0,1,0,Condominium,Leasehold,Non Bumi Lot,Unknown,Selangor,Flora Damansara,MK Land Holdings,Damansara Perdana
103780366,440000,960.0,3.0,2.0,1.0,3,1,0,0,0,0,1,0,,,13.0,234.0,728.0,0,1,1,0,0,1,0,Apartment,Leasehold,Non Bumi Lot,Low,Kuala Lumpur,Plaza Menjalara,UOA Group,Kuala Lumpur
103780363,1100000,1500.0,4.0,3.0,1.0,7,1,1,1,1,1,1,0,2009.0,17.0,27.0,152.0,1394.0,1,1,1,1,1,1,0,Service Residence,Freehold,Non Bumi Lot,Medium,Kuala Lumpur,Taragon Puteri Bintang,Bluestone Sdn Bhd,Kuala Lumpur
103780359,980000,950.0,2.0,2.0,2.0,0,0,0,0,0,0,0,0,2022.0,4.0,,450.0,601.0,0,0,0,0,0,1,1,Condominium,Freehold,Non Bumi Lot,Unknown,Penang,Queens Residences @ Queens Waterfront,Ideal Property Group,Bayan Lepas
103780357,259000,850.0,3.0,2.0,1.0,3,0,0,0,0,0,0,0,2015.0,11.0,20.0,1440.0,1392.0,0,1,1,0,0,0,1,Condominium,Leasehold,Bumi Lot,Medium,Selangor,Flora Damansara,MK Land Holdings,Damansara Perdana
102904350,490000,1100.0,3.0,2.0,1.0,7,0,0,0,0,0,0,0,,,,109.0,684.0,1,1,1,1,1,1,0,Condominium,Leasehold,Non Bumi Lot,Unknown,Sabah,One Sulaman,Unknown,Kota Kinabalu
102682795,300000,853.0,3.0,2.0,1.0,3,0,0,0,0,0,0,0,2016.0,10.0,,,1457.0,0,1,0,0,1,0,0,Apartment,Freehold,Bumi Lot,Medium,Selangor,Casa Dahlia,Oriental Interest Bhd,Sepang
102173380,610000,522.0,2.0,1.0,1.0,5,0,0,0,0,0,0,0,2020.0,6.0,26.0,324.0,1514.0,1,1,1,1,0,0,0,Service Residence,Leasehold,Non Bumi Lot,High,Sabah,Jesselton Quay Citypads,SBC Corporation Berhad,Kota Kinabalu
103780439,220000,860.0,3.0,2.0,2.0,0,0,1,0,0,0,0,0,2017.0,9.0,15.0,720.0,778.0,0,0,0,0,0,0,0,Service Residence,Freehold,Non Bumi Lot,Unknown,Selangor,Ascotte Boulevard,Top Home Builder Development,Semenyih
102732169,400000,838.0,3.0,2.0,1.0,9,0,0,0,0,0,0,0,2007.0,19.0,22.0,816.0,108.0,1,1,1,1,1,0,0,Condominium,Freehold,Non Bumi Lot,Unknown,Penang,Asia Heights,Asia Green Group,Ayer Itam
103004623,278000,1012.0,3.0,2.0,1.0,8,1,0,0,1,0,0,0,2014.0,12.0,23.0,744.0,817.0,1,1,0,1,1,0,1,Service Residence,Freehold,Non Bumi Lot,Unknown,Selangor,Amara Service Residences,Jaya Megah Development Sdn Bhd,Batu Caves
102796617,660000,1600.0,4.0,3.0,2.0,9,0,0,0,0,0,0,0,2007.0,19.0,22.0,816.0,108.0,1,1,1,1,1,0,0,Condominium,Freehold,Non Bumi Lot,Unknown,Penang,Asia Heights,Asia Green Group,Ayer Itam
103342472,245000,830.0,3.0,3.0,1.0,8,1,1,0,0,1,1,0,1994.0,32.0,10.0,,738.0,1,1,0,1,1,0,1,Condominium,Leasehold,Non Bumi Lot,Unknown,Kuala Lumpur,Abadi Indah,Abadi Man Nien Sdn Bhd,Kuala Lumpur
101152777,300000,1105.0,3.0,2.0,1.0,4,1,0,0,1,1,1,0,,,5.0,,694.0,1,1,0,0,1,1,0,Apartment,Freehold,Non Bumi Lot,Medium,Selangor,Sri Mekar Apartment,Unknown,Puchong
103462618,392000,800.0,3.0,2.0,1.0,4,0,0,0,0,0,0,0,1998.0,28.0,24.0,342.0,473.0,1,1,0,0,0,0,1,Condominium,Freehold,Non Bumi Lot,Low,Penang,Jay Series,Unknown,Jelutong
103340228,508000,1000.0,3.0,2.0,2.0,11,0,0,0,0,0,0,0,2013.0,13.0,38.0,203.0,372.0,1,1,1,1,1,0,0,Condominium,Freehold,Non Bumi Lot,Low,Penang,The Peak Residences,Ivory Properties Group Sdn Bhd,Tanjong Tokong
102759981,380000,850.0,3.0,2.0,1.0,6,0,0,0,0,0,0,0,1999.0,27.0,13.0,209.0,378.0,1,1,0,0,1,0,0,Apartment,Freehold,Non Bumi Lot,Medium,Penang,Menara Kuda Lari,Unknown,George Town
103004605,435000,1081.0,3.0,2.0,1.0,11,1,0,0,0,1,1,0,2011.0,15.0,23.0,284.0,678.0,1,1,0,1,1,0,1,Condominium,Freehold,Non Bumi Lot,Unknown,Kuala Lumpur,1 Sentul,Sentul Perdana Sdn. Bhd,Kuala Lumpur
103780569,500000,1396.0,4.0,2.0,2.0,14,0,0,0,0,0,0,0,,,8.0,414.0,297.0,1,1,1,1,1,1,0,Condominium,Freehold,Non Bumi Lot,Medium,Selangor,Mahkota Garden Residence Condominium,Cheras Hong Soon Development Sdn. Bhd.,Bandar Mahkota Cheras
101732984,180000,680.0,2.0,2.0,1.0,3,0,0,0,0,0,0,0,,,,,1295.0,0,1,0,0,1,0,0,Apartment,Leasehold,Bumi Lot,Low,Unknown,Unknown,Unknown,Unknown
100750304,460000,925.0,3.0,2.0,1.0,0,0,0,0,0,0,0,0,2016.0,10.0,35.0,,638.0,0,0,0,0,0,0,0,Service Residence,Freehold,Non Bumi Lot,Unknown,Selangor,YOU Vista @ YOU City Cheras,PJD Group,Cheras
103060200,470000,1116.0,3.0,2.0,1.0,12,0,1,0,0,1,1,0,,,,634.0,943.0,1,1,1,1,1,0,0,Condominium,Leasehold,Bumi Lot,Medium,Selangor,East Lake Residence,Hongkong Land,Seri Kembangan
103780541,135000,650.0,3.0,2.0,1.0,0,0,0,0,0,0,0,0,,,,,50.0,0,0,0,0,0,0,0,Apartment,Freehold,Non Bumi Lot,Unknown,Johor,Taman Cahaya Kota Puteri,Unknown,Masai
103270495,650000,689.0,2.0,1.0,1.0,7,0,0,0,0,0,0,0,2020.0,6.0,,510.0,698.0,1,1,1,1,1,0,0,Condominium,Freehold,Non Bumi Lot,Unknown,Kuala Lumpur,Continew Condominium,Ibraco Berhad,Kuala Lumpur
102685541,260000,798.0,3.0,2.0,1.0,7,1,1,0,1,0,1,0,,,22.0,500.0,1311.0,1,1,0,1,1,0,0,Service Residence,Freehold,Non Bumi Lot,Unknown,Kuala Lumpur,Avelon Tower,Sri Melinger,Kuala Lumpur
102941431,470000,1283.0,4.0,2.0,1.0,10,1,1,1,0,0,1,1,1997.0,29.0,11.0,236.0,752.0,1,1,0,1,1,0,0,Condominium,Freehold,Non Bumi Lot,Unknown,Selangor,Kelana Parkview,Majlis Bandaraya Petaling Jaya,Petaling Jaya
102726838,460000,1313.0,4.0,2.0,1.0,7,0,0,0,0,0,0,0,2013.0,13.0,,700.0,880.0,1,1,0,1,1,0,0,Condominium,Freehold,Non Bumi Lot,Unknown,Kuala Lumpur,Platinum Hill PV 2,Platinum Victory Development Sdn Bhd,Kuala Lumpur
102693202,400000,1114.0,3.0,2.0,1.0,9,1,0,0,0,1,1,0,2001.0,25.0,22.0,,1222.0,1,1,0,1,1,0,0,Apartment,Freehold,Non Bumi Lot,Unknown,Selangor,Seri Hijauan,Tan & Tan Developments Berhad,Shah Alam
102693082,235000,1045.0,3.0,2.0,1.0,6,0,0,0,0,0,0,1,2007.0,19.0,13.0,445.0,1020.0,0,1,0,0,1,0,0,Apartment,Freehold,Non Bumi Lot,Unknown,Selangor,Sri Lavender Apartment,TLS Group,Kajang
102685481,330000,1295.0,3.0,2.0,1.0,8,1,1,1,1,1,1,1,,,,,1526.0,1,1,0,0,1,0,0,Condominium,Freehold,Non Bumi Lot,Unknown,Kuala Lumpur,Sri Intan 2,H. S. Liao Sdn Bhd,Kuala Lumpur
102692868,249999,820.0,3.0,2.0,1.0,9,1,0,0,0,0,0,0,,,17.0,,757.0,1,1,1,0,1,0,0,Condominium,Leasehold,Bumi Lot,Unknown,Selangor,Pangsapuri Beringin (Gombak Permai),Unknown,Batu Caves
102561710,290000,870.0,3.0,2.0,1.0,3,1,1,1,1,1,0,0,,,,,825.0,0,1,0,0,1,0,0,Apartment,Leasehold,Non Bumi Lot,Unknown,Kuala Lumpur,Dahlia Apartment (Sri Rampai),Unknown,Kuala Lumpur
102969899,370000,1012.0,2.0,2.0,1.0,6,1,1,0,1,0,1,0,,,18.0,600.0,751.0,0,1,0,0,1,0,0,Condominium,Freehold,Non Bumi Lot,Unknown,Kuala Lumpur,Anjung Hijau,BERJAYA GROUP,Kuala Lumpur
101239391,468000,650.0,2.0,1.0,1.0,3,0,0,0,0,0,0,0,,,,,685.0,0,1,1,0,0,1,1,Condominium,Freehold,Non Bumi Lot,Medium,Penang,Artis 3,Airmas Group,Jelutong
100507838,850000,1338.0,3.0,3.0,2.0,7,0,0,0,0,0,0,0,2020.0,6.0,,803.0,678.0,1,1,1,1,1,0,0,Condominium,Freehold,Non Bumi Lot,High,Penang,Sandilands @ Jelutong,BHL Group of Companies,Jelutong
99361389,780000,1230.0,4.0,3.0,2.0,11,0,0,0,0,0,0,0,2017.0,9.0,22.0,396.0,660.0,1,1,1,1,1,1,1,Condominium,Leasehold,Non Bumi Lot,Medium,Penang,The Spring,IJM LAND BERHAD,Jelutong
102008021,730000,1270.0,3.0,2.0,2.0,3,0,0,0,0,0,0,0,,,,,721.0,0,1,1,0,0,1,1,Condominium,Freehold,Non Bumi Lot,Medium,Penang,Aspen Residences,Rimbaco Sdn Bhd,Jelutong
103541214,420000,700.0,3.0,2.0,1.0,7,0,0,0,0,0,0,0,2006.0,20.0,18.0,182.0,669.0,1,1,1,0,1,1,1,Apartment,Freehold,Non Bumi Lot,Medium,Penang,Casa Impian,Unknown,Jelutong
102695939,560000,700.0,2.0,1.0,1.0,3,0,0,0,0,0,0,0,,,,,688.0,0,1,1,0,0,1,1,Condominium,Freehold,Non Bumi Lot,Medium,Penang,Artis 3,Airmas Group,Jelutong
100914862,360000,700.0,3.0,2.0,1.0,10,0,0,0,0,0,0,0,1999.0,27.0,23.0,433.0,694.0,1,1,1,1,1,1,1,Apartment,Freehold,Non Bumi Lot,Medium,Penang,Sinar Bukit Dumbar,Unknown,Jelutong
102709304,412000,700.0,3.0,2.0,1.0,3,0,0,0,0,0,0,0,,,18.0,112.0,662.0,0,1,1,0,0,1,1,Apartment,Freehold,Non Bumi Lot,Medium,Penang,Damai Vista Apartment,OHM Group,Jelutong
102210221,378000,1153.0,3.0,2.0,1.0,13,1,0,0,0,1,1,1,2012.0,14.0,,1000.0,1260.0,1,1,1,1,1,1,1,Condominium,Freehold,Non Bumi Lot,High,Selangor,Koi Kinrara,Lingkaran Naga,Puchong
101850328,277000,850.0,3.0,2.0,3.0,10,0,0,0,0,0,0,0,2025.0,1.0,,,1144.0,1,1,1,1,1,0,0,Apartment,Freehold,Bumi Lot,Medium,Johor,Aliff Heights,Unknown,Johor Bahru
101920468,396000,1010.0,3.0,2.0,1.0,0,0,0,0,0,0,0,0,2019.0,7.0,25.0,2003.0,668.0,0,0,0,0,0,1,1,Service Residence,Freehold,Non Bumi Lot,Unknown,Johor,Parc Regency Serviced Apartment,Malaysia Land Properties Sdn. Bhd.,Johor Bahru
103780183,330000,825.0,2.0,1.0,2.0,6,0,0,0,0,0,0,0,2021.0,5.0,21.0,613.0,678.0,1,1,1,1,1,1,1,Condominium,Leasehold,Non Bumi Lot,Low,Johor,The Garden Residences,Scientex (Skudai),Skudai
103780428,530000,1200.0,3.0,2.0,1.0,11,1,0,0,0,1,1,0,2006.0,20.0,,1022.0,309.0,1,1,1,1,1,1,0,Condominium,Freehold,Non Bumi Lot,Medium,Kuala Lumpur,"Kingsbury Tower, Royal Domain",Mayland Development Sdn Bhd,Kuala Lumpur
101609195,880000,578.0,2.0,2.0,1.0,9,1,1,1,1,1,1,0,,,,,1969.0,1,1,1,1,1,1,1,Service Residence,Freehold,Non Bumi Lot,High,Kuala Lumpur,Ceylonz Suites,Unknown,Kuala Lumpur
102951643,255000,833.0,3.0,2.0,1.0,7,1,1,1,1,0,1,0,2007.0,19.0,24.0,299.0,668.0,1,1,1,0,1,0,0,Apartment,Leasehold,Bumi Lot,High,Selangor,Permai Puteri,Permai Syukur Sdn. Bhd.,Ampang
103780395,468000,870.0,3.0,2.0,1.0,9,0,0,0,0,0,0,0,2016.0,10.0,29.0,391.0,747.0,1,1,1,1,1,0,0,Service Residence,Leasehold,Non Bumi Lot,Medium,Sabah,Ashton Tower,SCP Group,Kota Kinabalu
103551988,428000,1039.0,3.0,3.0,1.0,14,0,0,0,0,0,0,0,,,,,433.0,1,1,1,1,1,1,1,Service Residence,Freehold,Non Bumi Lot,High,Johor,KSL Residences @ Daya,KSL Holdings Bhd,Johor Bahru
103720341,395000,1010.0,3.0,2.0,1.0,11,0,0,0,0,0,0,0,2013.0,13.0,,1160.0,159.0,1,1,1,1,1,0,0,Service Residence,Freehold,Non Bumi Lot,Medium,Johor,Palazio,Malaysia Land Properties Sdn. Bhd.,Johor Bahru
103282805,200000,912.0,3.0,2.0,1.0,9,0,0,0,0,0,0,0,,,5.0,,669.0,1,0,0,1,1,1,1,Apartment,Freehold,Non Bumi Lot,Medium,Johor,Pangsapuri Sri Mas (Desa Tebrau),Unknown,Johor Bahru
102233357,180000,850.0,3.0,2.0,1.0,13,0,0,0,0,0,0,0,,,,,773.0,1,1,0,1,1,1,1,Flat,Freehold,Non Bumi Lot,Low,Johor,Pangsapuri Sri Intan,Unknown,Johor Bahru
103473725,280000,800.0,3.0,2.0,1.0,4,0,0,0,0,0,0,0,2005.0,21.0,22.0,,105.0,0,1,1,0,1,0,0,Apartment,Leasehold,Non Bumi Lot,Unknown,Penang,Sri Impian (Penang),Unknown,Ayer Itam
102665213,280000,866.0,3.0,2.0,1.0,4,0,0,0,0,0,0,0,,,,,157.0,1,0,0,0,1,0,0,Apartment,Leasehold,Non Bumi Lot,High,Sabah,Beverly Hills 1,Unknown,Kota Kinabalu
102658033,400000,1009.0,3.0,2.0,2.0,7,1,1,1,1,1,1,0,2006.0,20.0,15.0,464.0,926.0,1,1,0,1,1,0,0,Apartment,Freehold,Non Bumi Lot,High,Selangor,Puri Aiyu,Crosshill Sdn Bhd,Shah Alam
103780346,230000,650.0,2.0,1.0,1.0,3,1,1,1,0,1,1,0,1998.0,28.0,18.0,1064.0,676.0,0,0,1,0,1,0,1,Apartment,Freehold,Bumi Lot,High,Kuala Lumpur,Teratak Muhibbah,Unknown,Kuala Lumpur
103780344,270000,1040.0,3.0,2.0,1.0,0,0,0,0,0,0,0,0,,,,,796.0,0,0,0,0,0,0,0,Apartment,Freehold,Bumi Lot,Medium,Sabah,Taman Penampang Fasa 2S,Unknown,Penampang
103780171,465000,1399.0,3.0,2.0,2.0,0,0,0,0,0,0,0,0,,,,,120.0,0,0,0,0,0,1,1,Condominium,Freehold,Non Bumi Lot,High,Penang,Goodfields Residence,WHH Land,Bukit Minyak
103780151,350000,1091.0,3.0,2.0,1.0,8,0,0,0,1,0,1,0,2010.0,16.0,18.0,569.0,821.0,1,1,1,1,1,0,0,Condominium,Freehold,Non Bumi Lot,Unknown,Kuala Lumpur,Kinrara Mas Condominium,HR Utama Sdn Bhd,Kuala Lumpur
103780144,380000,1010.0,3.0,2.0,1.0,8,0,1,1,0,0,0,0,2008.0,18.0,23.0,375.0,315.0,1,1,1,1,1,0,1,Condominium,Freehold,Non Bumi Lot,Medium,Selangor,Selayang Point,Domain Point Sdn Bhd,Selayang
103780118,218000,484.0,1.0,1.0,1.0,14,0,0,0,0,0,0,0,2013.0,13.0,,1160.0,446.0,1,1,1,1,1,0,0,Service Residence,Freehold,Non Bumi Lot,Unknown,Johor,Palazio,Malaysia Land Properties Sdn. Bhd.,Johor Bahru
103780109,430000,1680.0,4.0,2.0,1.0,1,0,0,0,0,0,0,0,,,,,557.0,0,1,0,0,0,1,0,Apartment,Leasehold,Non Bumi Lot,High,Sarawak,Tabuan Stutong Apartment,Usaha Cendara Sdn Bhd,Kuching
103780090,335000,1169.0,3.0,2.0,1.0,11,1,0,1,0,1,1,0,1994.0,32.0,24.0,576.0,735.0,1,1,1,1,1,0,0,Condominium,Freehold,Non Bumi Lot,High,Kuala Lumpur,Setapak Ria Condominium,AM-EL Group,Kuala Lumpur
103780160,195000,650.0,3.0,2.0,1.0,6,1,0,0,0,1,1,0,2007.0,19.0,10.0,,714.0,0,1,1,0,1,0,0,Apartment,Freehold,Non Bumi Lot,Medium,Selangor,Sri Tanjung (USJ 16),Unknown,USJ
103780157,395000,1231.0,3.0,2.0,2.0,5,0,0,0,1,0,1,0,2010.0,16.0,18.0,569.0,1098.0,1,1,1,0,1,1,0,Condominium,Freehold,Non Bumi Lot,Medium,Kuala Lumpur,Kinrara Mas Condominium,HR Utama Sdn Bhd,Kuala Lumpur
103780333,390000,947.0,3.0,2.0,1.0,3,1,0,0,0,1,1,0,,,5.0,,821.0,0,1,0,0,1,0,0,Apartment,Leasehold,Non Bumi Lot,Low,Kuala Lumpur,Baiduri Apartment (Desa Pandan),Unknown,Kuala Lumpur
94476283,440000,1001.0,3.0,2.0,1.0,3,0,0,0,0,0,0,0,2005.0,21.0,4.0,,1060.0,0,1,0,0,1,0,1,Apartment,Leasehold,Bumi Lot,Low,Selangor,D'shire Villa,Unknown,Kota Damansara
103780322,620000,1100.0,3.0,2.0,4.0,8,0,0,0,0,0,0,0,2016.0,10.0,30.0,816.0,509.0,1,1,0,1,1,1,1,Condominium,Freehold,Non Bumi Lot,Unknown,Penang,Imperial Residences,Ideal Property Group,Sungai Ara
103780315,465000,1224.0,3.0,2.0,1.0,5,0,0,0,0,0,0,0,,,18.0,,126.0,1,1,1,1,0,1,0,Condominium,Freehold,Non Bumi Lot,Unknown,Kuala Lumpur,Vista Komanwel A,Unknown,Kuala Lumpur
85818180,75000,700.0,3.0,2.0,1.0,0,0,0,0,0,0,0,0,,,,,259.0,0,0,0,0,0,0,0,Apartment,Leasehold,Non Bumi Lot,Unknown,Unknown,Unknown,Unknown,Unknown
103742690,150000,700.0,3.0,2.0,1.0,1,0,0,0,0,0,0,0,,,,,826.0,0,0,0,0,0,0,0,Flat,Freehold,Non Bumi Lot,Low,Penang,Taman Machang Bubok Flat,Unknown,Bukit Mertajam
103780296,499000,1037.0,3.0,2.0,2.0,8,0,1,1,1,0,1,0,2016.0,10.0,25.0,576.0,542.0,1,1,0,1,1,0,0,Service Residence,Leasehold,Non Bumi Lot,Medium,Kuala Lumpur,Fortune Perdana Lakeside,Asian Pac Holdings Berhad,Kuala Lumpur
102787285,510000,1050.0,3.0,2.0,1.0,5,0,0,0,0,0,0,0,1998.0,28.0,,428.0,672.0,1,1,1,0,1,1,1,Condominium,Freehold,Non Bumi Lot,Medium,Penang,Leader Garden,Unknown,Tanjung Bungah
102787605,310000,700.0,3.0,2.0,1.0,3,0,0,0,0,0,0,0,,,24.0,234.0,697.0,0,1,1,0,0,1,1,Apartment,Freehold,Non Bumi Lot,Medium,Penang,Shineville Garden,Zantalite Enterprise (M) Sdn Bhd,Ayer Itam
102786533,560000,1230.0,3.0,2.0,2.0,6,0,0,0,0,0,0,0,2017.0,9.0,27.0,357.0,665.0,1,1,1,1,1,1,1,Condominium,Freehold,Non Bumi Lot,High,Penang,Platinum III @ Teluk Kumbar Heights,TPPT Sdn. Bhd.,Teluk Kumbar
102787557,530000,1650.0,4.0,2.0,2.0,5,0,0,0,0,0,0,0,,,24.0,234.0,672.0,1,1,1,0,1,1,1,Condominium,Freehold,Non Bumi Lot,High,Penang,Shineville Park,Zantalite Enterprise (M) Sdn Bhd,Ayer Itam
102786624,450000,1050.0,3.0,2.0,1.0,5,0,0,0,0,0,0,0,1998.0,28.0,,428.0,654.0,1,1,1,0,1,1,1,Condominium,Freehold,Non Bumi Lot,Low,Penang,Leader Garden,Unknown,Tanjung Bungah
102787587,318000,700.0,3.0,2.0,1.0,3,0,0,0,0,0,0,0,,,24.0,234.0,697.0,0,1,1,0,0,1,1,Apartment,Freehold,Non Bumi Lot,High,Penang,Shineville Garden,Zantalite Enterprise (M) Sdn Bhd,Ayer Itam
98474108,610000,1222.0,3.0,3.0,2.0,5,0,0,0,0,0,0,0,,,,,657.0,1,1,1,1,0,0,1,Condominium,Freehold,Non Bumi Lot,High,Unknown,Unknown,Unknown,Unknown
100786387,480000,600.0,2.0,1.0,1.0,4,0,0,0,0,0,0,0,,,,,620.0,1,1,1,0,0,1,1,Service Residence,Freehold,Non Bumi Lot,High,Unknown,Unknown,Unknown,Unknown
102799014,280000,700.0,3.0,2.0,1.0,4,0,0,0,0,0,0,0,2005.0,21.0,22.0,,660.0,0,1,1,0,1,0,1,Apartment,Leasehold,Non Bumi Lot,Medium,Penang,Sri Impian (Penang),Unknown,Ayer Itam
100751627,520000,856.0,3.0,2.0,1.0,10,0,0,0,0,0,0,0,2013.0,13.0,30.0,808.0,637.0,1,1,1,1,1,0,1,Condominium,Freehold,Non Bumi Lot,High,Penang,All Seasons Park,Belleview Group,Ayer Itam
102799650,700000,1288.0,3.0,3.0,1.0,10,0,0,0,0,0,0,0,2013.0,13.0,30.0,808.0,639.0,1,1,1,1,1,1,1,Condominium,Freehold,Non Bumi Lot,High,Penang,All Seasons Park,Belleview Group,Ayer Itam
100677623,550000,1650.0,4.0,2.0,1.0,5,0,0,0,0,0,0,0,,,,,644.0,1,1,1,0,1,0,1,Condominium,Freehold,Non Bumi Lot,Medium,Unknown,Unknown,Unknown,Unknown
101853301,480000,1100.0,3.0,2.0,2.0,14,0,0,0,0,0,0,0,,,,,650.0,1,1,1,1,1,0,1,Condominium,Leasehold,Non Bumi Lot,High,Unknown,Unknown,Unknown,Unknown
94715298,660000,1504.0,4.0,3.0,2.0,5,0,0,0,0,0,0,0,,,,,681.0,1,1,1,0,1,1,1,Condominium,Freehold,Non Bumi Lot,Low,Unknown,Unknown,Unknown,Unknown
102797907,330000,700.0,3.0,2.0,1.0,6,0,0,0,0,0,0,0,1994.0,32.0,18.0,136.0,686.0,1,1,1,0,1,1,1,Condominium,Freehold,Non Bumi Lot,Medium,Penang,Marina Tower Relau,Unknown,Bayan Lepas
98874723,535000,1650.0,4.0,2.0,2.0,5,0,0,0,0,0,0,0,,,,,644.0,1,1,1,0,1,0,1,Condominium,Freehold,Non Bumi Lot,High,Unknown,Unknown,Unknown,Unknown
100786205,600000,1150.0,3.0,2.0,1.0,4,0,0,0,0,0,0,0,,,,,678.0,1,1,1,0,0,1,1,Condominium,Freehold,Non Bumi Lot,Medium,Unknown,Unknown,Unknown,Unknown
100664244,620000,1173.0,3.0,2.0,2.0,14,0,0,0,0,0,0,0,,,,,675.0,1,1,1,1,1,1,1,Condominium,Freehold,Non Bumi Lot,High,Unknown,Unknown,Unknown,Unknown
103780287,408000,710.0,3.0,2.0,1.0,1,0,0,0,0,0,0,0,,,,,468.0,0,1,0,0,0,0,1,Condominium,Freehold,Non Bumi Lot,Unknown,Penang,Hillside Garden,Unknown,Tanjung Bungah
100786030,600000,1650.0,4.0,2.0,2.0,5,0,0,0,0,0,0,0,,,,,658.0,1,1,1,0,1,0,0,Condominium,Freehold,Non Bumi Lot,High,Unknown,Unknown,Unknown,Unknown
102798780,600000,1315.0,3.0,2.0,2.0,8,0,0,0,0,0,0,0,2021.0,5.0,,406.0,668.0,1,1,1,1,1,0,1,Condominium,Freehold,Non Bumi Lot,High,Penang,The Golden Triangle,GSV Development Sdn Bhd,Relau
96417335,1100000,2400.0,5.0,4.0,3.0,10,0,0,0,0,0,0,0,,,,,738.0,1,1,1,1,1,1,1,Condominium,Freehold,Non Bumi Lot,High,Unknown,Unknown,Unknown,Unknown
102797619,450000,887.0,3.0,2.0,1.0,10,0,0,0,0,0,0,0,2013.0,13.0,30.0,808.0,654.0,1,1,1,1,1,0,1,Condominium,Freehold,Non Bumi Lot,Medium,Penang,All Seasons Park,Belleview Group,Ayer Itam
102797739,495000,887.0,3.0,2.0,2.0,10,0,0,0,0,0,0,0,2013.0,13.0,30.0,808.0,630.0,1,1,1,1,1,0,0,Condominium,Freehold,Non Bumi Lot,High,Penang,All Seasons Park,Belleview Group,Ayer Itam
100790240,780000,1384.0,5.0,4.0,2.0,10,0,0,0,0,0,0,0,,,,,659.0,1,1,1,1,1,1,0,Condominium,Freehold,Non Bumi Lot,High,Unknown,Unknown,Unknown,Unknown
89546969,1258000,2304.0,4.0,4.0,2.0,10,0,0,0,0,0,0,0,,,,,715.0,1,1,1,1,1,0,0,Condominium,Freehold,Non Bumi Lot,High,Unknown,Unknown,Unknown,Unknown
102871434,388000,850.0,3.0,2.0,1.0,9,0,0,0,0,0,0,0,2007.0,19.0,22.0,816.0,621.0,1,1,1,1,1,1,1,Condominium,Freehold,Non Bumi Lot,Medium,Penang,Asia Heights,Asia Green Group,Ayer Itam
103399768,395000,1300.0,3.0,2.0,1.0,12,1,0,0,0,0,0,0,2017.0,9.0,15.0,368.0,1141.0,1,1,1,1,1,0,0,Condominium,Leasehold,Bumi Lot,Medium,Selangor,The Chancellor,Unknown,Ampang
100961547,598000,1292.0,4.0,2.0,3.0,8,0,1,1,1,0,1,0,2016.0,10.0,25.0,576.0,407.0,1,1,0,1,1,0,1,Service Residence,Leasehold,Non Bumi Lot,Medium,Kuala Lumpur,Fortune Perdana Lakeside,Asian Pac Holdings Berhad,Kuala Lumpur
101239972,399999,1010.0,3.0,2.0,1.0,7,1,1,1,1,0,1,0,2007.0,19.0,,397.0,386.0,1,1,0,1,1,0,0,Apartment,Leasehold,Non Bumi Lot,Medium,Kuala Lumpur,Plaza Metro Prima,Magna Park Sdn Bhd,Kuala Lumpur
103653862,380000,1049.0,3.0,2.0,1.0,8,1,1,0,1,0,1,0,2007.0,19.0,12.0,196.0,1279.0,0,1,1,0,1,1,0,Apartment,Leasehold,Bumi Lot,Unknown,Selangor,Sri Pinang Villa,Unknown,Ampang
103780058,260000,592.0,2.0,1.0,1.0,3,1,1,1,1,1,0,0,,,4.0,192.0,1077.0,0,1,0,0,1,0,0,Apartment,Freehold,Bumi Lot,Low,Kuala Lumpur,Rampai Court,Unknown,Kuala Lumpur
103780056,345000,853.0,2.0,2.0,1.0,14,0,0,0,0,0,0,0,,,,,540.0,1,1,1,1,1,0,0,Service Residence,Leasehold,Non Bumi Lot,Unknown,Johor,Seasons Amara Larkin,Unknown,Johor Bahru
103780048,229000,712.0,3.0,2.0,1.0,6,0,0,0,0,0,0,0,2010.0,16.0,,,379.0,1,1,0,0,1,0,1,Service Residence,Leasehold,Non Bumi Lot,High,Selangor,Suria Kinrara,IJM LAND BERHAD,Bandar Kinrara
103780055,378250,1180.0,3.0,2.0,1.0,8,0,0,0,0,0,0,0,2021.0,5.0,5.0,320.0,1083.0,1,1,0,1,1,0,0,Apartment,Leasehold,Bumi Lot,Low,Johor,Larkin Residence Phase 2,Unknown,Johor Bahru
102871890,735000,1250.0,4.0,2.0,2.0,8,0,0,0,0,0,0,0,2016.0,10.0,,252.0,662.0,1,1,1,0,1,0,0,Condominium,Freehold,Non Bumi Lot,High,Penang,Skyview Residence,Gema Intan Sdn. Bhd.,Jelutong
103780081,350000,1010.0,3.0,2.0,1.0,8,0,1,1,0,0,0,0,2008.0,18.0,23.0,375.0,288.0,1,1,1,1,1,0,0,Condominium,Freehold,Non Bumi Lot,Medium,Selangor,Selayang Point,Domain Point Sdn Bhd,Selayang
103012748,385000,700.0,3.0,2.0,1.0,9,0,0,0,0,0,0,0,2012.0,14.0,30.0,500.0,106.0,1,1,1,1,1,0,0,Apartment,Freehold,Non Bumi Lot,Unknown,Penang,Melody Homes,Belleview Group,Ayer Itam
103156264,798000,2071.0,4.0,3.0,2.0,3,0,0,0,0,0,0,0,,,23.0,132.0,404.0,1,0,0,0,1,1,1,Condominium,Freehold,Non Bumi Lot,Medium,Penang,Zan Pavillion,Zantalite Enterprise (M) Sdn Bhd,Sungai Ara
103397524,665000,1275.0,3.0,2.0,2.0,9,0,0,0,0,0,0,0,2017.0,9.0,30.0,410.0,407.0,1,1,1,1,1,0,1,Condominium,Freehold,Non Bumi Lot,Medium,Penang,Skycube Residence,GSD Land (M) Sdn Bhd,Sungai Ara
102760370,399000,807.0,3.0,2.0,1.0,0,0,0,0,0,0,0,0,,,8.0,95.0,423.0,0,0,0,0,0,0,1,Condominium,Freehold,Non Bumi Lot,Medium,Penang,Taman Medan Penaga,Unknown,George Town
99358390,399000,1020.0,3.0,2.0,1.0,0,0,0,0,0,0,0,0,1998.0,28.0,5.0,189.0,269.0,0,0,0,0,0,1,1,Condominium,Leasehold,Non Bumi Lot,Low,Penang,Fortune Court (Ayer Itam),Unknown,Ayer Itam
103780242,170000,626.0,3.0,2.0,1.0,3,0,0,0,0,0,0,0,,,13.0,1020.0,638.0,0,1,1,0,0,0,1,Apartment,Leasehold,Non Bumi Lot,High,Penang,Desa Intan,Unknown,Ayer Itam
102497514,295000,893.0,3.0,2.0,1.0,3,1,0,0,0,1,1,0,,,11.0,,758.0,1,0,0,0,1,1,0,Apartment,Leasehold,Non Bumi Lot,Medium,Selangor,Jati 1 Apartment,Unknown,Subang Jaya
102718273,310000,700.0,3.0,2.0,1.0,9,0,0,0,0,0,0,0,2012.0,14.0,30.0,500.0,106.0,1,1,1,1,1,0,0,Apartment,Freehold,Non Bumi Lot,Unknown,Penang,Melody Homes,Belleview Group,Ayer Itam
103780238,270000,736.0,3.0,2.0,1.0,0,0,0,0,0,1,0,1,2010.0,16.0,,596.0,286.0,0,0,0,0,0,1,0,Apartment,Freehold,Non Bumi Lot,Unknown,Selangor,Kemuning Aman,Paramount Property Development,Shah Alam
102138204,290000,682.0,3.0,2.0,1.0,8,1,1,0,1,1,1,0,2005.0,21.0,25.0,588.0,709.0,1,1,1,0,1,0,0,Service Residence,Freehold,Non Bumi Lot,Medium,Selangor,Casa Subang,Casa Andaman Sdn Bhd,Subang Jaya
103780231,488000,891.0,3.0,2.0,2.0,5,0,0,0,0,0,1,0,2018.0,8.0,,280.0,613.0,1,0,0,1,1,1,0,Service Residence,Freehold,Non Bumi Lot,Unknown,Selangor,Gravit8,Mitraland Group,Port Klang
103353479,195000,750.0,3.0,2.0,1.0,0,0,0,0,0,0,0,0,,,,,923.0,0,0,0,0,0,0,0,Apartment,Leasehold,Bumi Lot,Low,Selangor,Desa Sentosa,Unknown,Bangi
103780224,148000,550.0,2.0,1.0,1.0,0,0,0,0,0,0,0,0,,,,,475.0,0,0,0,0,0,0,1,Apartment,Leasehold,Non Bumi Lot,Unknown,Penang,Desa Ixora,Unknown,Ayer Itam
102778353,220000,720.0,3.0,2.0,1.0,2,0,0,0,0,0,0,0,1992.0,34.0,17.0,3.0,106.0,0,0,1,0,0,0,0,Apartment,Leasehold,Non Bumi Lot,Unknown,Penang,Desa Delima,Unknown,Ayer Itam
101515637,400000,1131.0,3.0,2.0,1.0,10,1,0,0,0,1,0,0,,,6.0,180.0,1158.0,1,1,1,1,1,0,1,Condominium,Leasehold,Non Bumi Lot,Low,Kuala Lumpur,Sri Jelatek,Unknown,Kuala Lumpur
102898118,940000,1708.0,2.0,3.0,3.0,4,0,0,0,0,0,0,0,2013.0,13.0,30.0,,260.0,1,1,0,1,0,0,1,Service Residence,Freehold,Non Bumi Lot,Unknown,Penang,Southbay Plaza @ Southbay City,Mah Sing Group Berhad,Bayan Lepas
102898823,250000,700.0,3.0,2.0,1.0,3,0,0,0,0,0,0,0,,,25.0,,243.0,0,1,1,0,0,0,0,Apartment,Leasehold,Non Bumi Lot,Unknown,Penang,Sri Ivory (Sri Ivori) Apartment,Unknown,Ayer Itam
103643911,138000,650.0,3.0,1.0,1.0,2,1,0,0,0,0,0,0,,,,,915.0,0,1,0,0,0,0,0,Apartment,Leasehold,Bumi Lot,Low,Selangor,Siantan Apartment,Unknown,Puchong
103060543,350000,960.0,4.0,4.0,1.0,4,1,0,0,1,0,0,0,,,10.0,372.0,949.0,0,1,1,0,1,0,1,Apartment,Leasehold,Bumi Lot,Medium,Selangor,Sri Astana,Unknown,Batu Caves
103033446,270000,847.0,4.0,2.0,1.0,7,0,0,0,0,0,0,0,,,,,688.0,1,1,1,0,1,0,0,Apartment,Leasehold,Bumi Lot,Medium,Selangor,Intana Ria,Unknown,Bangi
103780196,405000,1204.0,3.0,2.0,1.0,8,0,0,0,0,0,0,0,2021.0,5.0,5.0,320.0,1144.0,1,1,0,1,1,0,0,Apartment,Leasehold,Non Bumi Lot,Unknown,Johor,Larkin Residence Phase 2,Unknown,Johor Bahru
103780191,650000,783.0,2.0,2.0,1.0,6,0,0,0,0,0,0,0,,,,,393.0,1,1,1,1,0,1,1,Service Residence,Freehold,Non Bumi Lot,High,Pahang,Windmill upon Hills,Windmill upon Hills,Genting Highlands
103780190,250000,550.0,2.0,1.0,1.0,0,1,1,1,1,0,0,0,,,,,735.0,0,0,0,0,0,0,1,Flat,Leasehold,Bumi Lot,Low,Kuala Lumpur,Seksyen 10 Wangsa Maju,Unknown,Kuala Lumpur
103780189,850000,727.0,1.0,1.0,1.0,9,1,1,0,0,0,1,0,2020.0,6.0,44.0,477.0,654.0,1,1,1,1,1,1,1,Service Residence,Freehold,Non Bumi Lot,Unknown,Kuala Lumpur,SkyLuxe On The Park,SkyWorld Development Sdn Bhd,Kuala Lumpur
102948277,439000,1082.0,3.0,2.0,2.0,7,0,1,1,0,1,1,0,,,17.0,444.0,886.0,1,1,1,0,1,0,0,Service Residence,Leasehold,Bumi Lot,Medium,Selangor,Alami Residensi,Worlwide Holdings,Shah Alam
102947985,285000,926.0,3.0,2.0,1.0,9,0,0,0,0,0,0,0,,,14.0,340.0,684.0,1,1,1,1,1,0,0,Apartment,Leasehold,Bumi Lot,Medium,Selangor,Taman Bukit Pelangi (Shah Alam),Asia Kreatif Sdn. Bhd.,Shah Alam
103448724,330000,1288.0,3.0,2.0,1.0,7,0,0,0,0,0,0,0,2015.0,11.0,21.0,455.0,609.0,1,1,0,1,1,0,0,Condominium,Freehold,Non Bumi Lot,Unknown,Selangor,Ivory Residence,TLS Group,Kajang
103269148,280000,800.0,3.0,2.0,1.0,4,1,1,1,0,0,1,0,,,13.0,,777.0,1,1,0,0,1,0,0,Condominium,Leasehold,Non Bumi Lot,Unknown,Kuala Lumpur,Medan Putra Condominium,Sri Melinger Sdn Bhd,Kuala Lumpur
102966001,365000,816.0,2.0,2.0,2.0,7,1,0,0,0,1,0,0,2015.0,11.0,18.0,238.0,758.0,1,1,0,1,1,0,0,Service Residence,Freehold,Non Bumi Lot,Unknown,Selangor,KU Suites,Paramount Property,Shah Alam
103248220,330000,1200.0,3.0,2.0,1.0,6,1,1,1,1,0,0,0,,,18.0,,886.0,1,1,0,1,1,0,0,Condominium,Leasehold,Non Bumi Lot,Unknown,Kuala Lumpur,Menara Alpha,Unknown,Kuala Lumpur
103187574,550000,883.0,3.0,2.0,1.0,9,1,1,0,1,1,1,0,2019.0,7.0,37.0,711.0,889.0,1,1,0,1,1,0,0,Service Residence,Freehold,Non Bumi Lot,Unknown,Kuala Lumpur,CitiZen,Binastra Land Sdn. Bhd.,Kuala Lumpur
103141530,290000,811.0,3.0,2.0,1.0,5,0,0,1,0,1,0,0,1996.0,30.0,4.0,368.0,996.0,0,1,0,0,1,0,0,Condominium,Freehold,Non Bumi Lot,Unknown,Selangor,SD Apartments,Land & General Berhad,Bandar Sri Damansara
100267379,115000,800.0,3.0,2.0,1.0,2,0,0,0,0,0,0,0,,,,,596.0,0,1,0,0,1,0,0,Apartment,Freehold,Non Bumi Lot,High,Selangor,"Apartment Kekwa, Jalan Kekwa 4A, Bukit Beruntung",Unknown,Bukit Beruntung
103110513,428000,1093.0,3.0,3.0,1.0,0,0,0,0,0,0,0,0,,,,,556.0,0,0,0,0,0,1,1,Service Residence,Freehold,Non Bumi Lot,Unknown,Johor,KSL Residences @ Daya,KSL Holdings Bhd,Johor Bahru
103131323,270000,782.0,3.0,2.0,1.0,9,0,0,1,1,0,1,0,,,5.0,,559.0,1,1,0,1,1,0,1,Apartment,Leasehold,Non Bumi Lot,Low,Kuala Lumpur,Dahlia Apartment (Ampang),Unknown,Kuala Lumpur
103668823,360000,1068.0,3.0,2.0,1.0,11,0,0,0,0,0,0,0,2007.0,19.0,14.0,702.0,782.0,1,1,1,1,1,1,0,Condominium,Freehold,Non Bumi Lot,High,Selangor,Desa Impiana,Mitrajaya,Puchong
103342169,330000,1353.0,4.0,2.0,2.0,13,0,0,0,0,0,0,0,2026.0,0.0,,,746.0,1,1,1,1,1,0,0,Apartment,Freehold,Bumi Lot,Medium,Johor,Mutiara Austin,Unknown,Johor Bahru
102969909,420000,1221.0,3.0,2.0,1.0,0,1,0,0,0,1,1,1,2012.0,14.0,,1000.0,752.0,0,0,0,0,0,0,1,Condominium,Freehold,Non Bumi Lot,Unknown,Selangor,Koi Kinrara,Lingkaran Naga,Puchong
103342520,300000,1300.0,4.0,2.0,2.0,13,0,0,0,0,0,0,0,2026.0,0.0,,,740.0,1,1,1,1,1,0,0,Apartment,Leasehold,Bumi Lot,Medium,Johor,Mutiara Austin,Unknown,Johor Bahru
103342419,340000,1353.0,4.0,2.0,2.0,13,0,0,0,0,0,0,0,2026.0,0.0,,,665.0,1,1,1,1,1,1,0,Apartment,Freehold,Bumi Lot,Medium,Johor,Mutiara Austin,Unknown,Johor Bahru
103318967,340000,1353.0,4.0,2.0,2.0,13,0,0,0,0,0,0,0,2026.0,0.0,,,864.0,1,1,1,1,1,0,0,Apartment,Freehold,Bumi Lot,Medium,Johor,Mutiara Austin,Unknown,Johor Bahru
100263832,288000,460.0,1.0,1.0,1.0,3,1,1,0,0,1,0,0,2020.0,6.0,12.0,136.0,516.0,1,1,0,1,0,1,0,Service Residence,Freehold,Non Bumi Lot,Unknown,Selangor,Paramount Utropolis,Paramount Property,Shah Alam
99115455,318000,1100.0,3.0,2.0,1.0,6,1,0,0,1,1,1,0,,,5.0,,739.0,1,1,0,0,1,0,0,Apartment,Freehold,Non Bumi Lot,Medium,Selangor,Sri Mekar Apartment,Unknown,Puchong
103526659,335000,1018.0,3.0,2.0,1.0,7,1,1,0,1,1,1,0,,,16.0,1000.0,1348.0,1,1,1,0,1,1,0,Condominium,Leasehold,Bumi Lot,Medium,Selangor,Vista Millennium Condominiums,Millennium Land Sdn Bhd,Puchong
103779862,469000,880.0,3.0,2.0,1.0,7,0,0,0,0,0,0,0,,,11.0,,613.0,1,1,1,1,1,1,1,Apartment,Leasehold,Non Bumi Lot,Low,Penang,Ocean View (Bandar Sri Pinang),Unknown,Jelutong
103779860,520000,1265.0,3.0,2.0,2.0,6,1,0,0,0,1,1,0,2020.0,6.0,32.0,228.0,1869.0,1,1,0,1,1,0,0,Condominium,Freehold,Non Bumi Lot,Unknown,Kuala Lumpur,Berlian Residence @ Setapak,Platinum Victory Development Sdn Bhd,Kuala Lumpur
102781949,255000,850.0,3.0,2.0,1.0,2,0,0,0,1,1,0,0,,,,,1142.0,0,1,0,0,1,0,0,Condominium,Leasehold,Non Bumi Lot,Low,Selangor,Indah Condominium,Unknown,Petaling Jaya
103566354,600000,2045.0,4.0,4.0,2.0,10,0,0,0,0,0,0,0,2006.0,20.0,10.0,733.0,1036.0,1,1,1,1,1,1,0,Condominium,Leasehold,Bumi Lot,Medium,Selangor,Armanee,MK Land Holdings,Damansara Damai
99643828,830000,958.0,2.0,2.0,1.0,5,0,0,0,0,0,0,0,,,,,678.0,1,1,1,1,0,0,1,Service Residence,Leasehold,Non Bumi Lot,Low,Unknown,Unknown,Unknown,Unknown
103780041,433000,1103.0,3.0,2.0,2.0,8,0,0,0,0,0,0,0,2026.0,0.0,40.0,684.0,1495.0,1,1,1,1,1,0,0,Service Residence,Leasehold,Non Bumi Lot,Medium,Kuala Lumpur,Quaver Residence,Chin Hin Group,Kuala Lumpur
98490601,179000,753.0,3.0,2.0,1.0,0,1,0,0,0,0,0,0,,,,,1091.0,0,0,0,0,0,0,1,Apartment,Leasehold,Non Bumi Lot,Medium,Selangor,Seri Saujana Apartment,PLB Land Sdn Bhd,Jenjarom
93303364,570000,1238.0,4.0,3.0,2.0,5,1,1,0,1,1,1,0,2009.0,17.0,18.0,181.0,2153.0,1,1,0,1,1,0,1,Condominium,Freehold,Non Bumi Lot,Unknown,Kuala Lumpur,Saville Residence,MKH Berhad,Kuala Lumpur
100693424,420000,700.0,2.0,1.0,1.0,8,0,0,0,0,0,0,0,,,,,663.0,0,1,1,1,1,1,1,Apartment,Freehold,Non Bumi Lot,Medium,Unknown,Unknown,Unknown,Unknown
100678767,235000,620.0,2.0,2.0,1.0,2,0,0,0,0,0,0,0,,,,,663.0,0,1,0,0,0,1,1,Apartment,Freehold,Non Bumi Lot,Low,Unknown,Unknown,Unknown,Unknown
102803700,330000,700.0,3.0,2.0,1.0,5,0,0,0,0,0,0,0,1994.0,32.0,18.0,136.0,693.0,1,1,1,0,0,1,1,Condominium,Freehold,Non Bumi Lot,Medium,Penang,Marina Tower Relau,Unknown,Bayan Lepas
103779790,260000,780.0,3.0,2.0,1.0,4,0,0,0,0,0,0,0,,,5.0,281.0,315.0,0,1,0,0,1,1,0,Apartment,Freehold,Non Bumi Lot,Low,Selangor,Pangsapuri Sri Alpinia,IOI Properties Group Berhad,Puchong
103779780,429000,1033.0,3.0,2.0,1.0,11,0,0,0,0,0,0,0,,,,,806.0,1,1,1,0,1,1,1,Condominium,Leasehold,Bumi Lot,Unknown,Unknown,Unknown,Unknown,Unknown
103779798,248000,850.0,3.0,2.0,1.0,14,1,1,0,0,1,1,0,,,5.0,,342.0,1,1,1,1,1,1,0,Apartment,Leasehold,Non Bumi Lot,Medium,Selangor,Pangsapuri Cemara (Seri Kembangan),Unknown,Seri Kembangan
103779789,295000,770.0,3.0,2.0,1.0,14,0,0,0,0,0,0,0,,,,392.0,546.0,1,1,1,1,1,1,0,Apartment,Freehold,Non Bumi Lot,Medium,Johor,The Senai Garden,KCC Development (M) Sdn Bhd,Senai
102718676,290000,900.0,3.0,2.0,1.0,6,0,0,0,0,0,0,0,,,,,504.0,1,1,0,0,0,0,0,Apartment,Leasehold,Non Bumi Lot,High,Penang,Pangsapuri Suria 1 Batu Kawan,Unknown,Batu Kawan
103779846,260000,930.0,3.0,2.0,1.0,7,0,0,0,0,0,0,0,2006.0,20.0,15.0,,606.0,1,1,0,0,1,0,0,Apartment,Leasehold,Bumi Lot,Unknown,Kuala Lumpur,Merdeka Villa,Perbadanan Kemajuan Negeri Selangor (PKNS),Kuala Lumpur
103779834,328000,622.0,3.0,1.0,1.0,0,0,0,0,0,0,0,0,,,,,238.0,0,0,0,0,0,0,0,Apartment,Freehold,Non Bumi Lot,Unknown,Penang,Taman Sri Idaman,Unknown,Ayer Itam
103779810,305000,806.0,3.0,2.0,1.0,5,1,0,0,0,0,1,0,2007.0,19.0,20.0,1.0,705.0,1,1,1,0,1,0,0,Condominium,Freehold,Non Bumi Lot,Low,Kuala Lumpur,Puncak Banyan,Connaught Heights Sdn Bhd,Kuala Lumpur
103585315,250000,956.0,3.0,2.0,1.0,5,0,0,0,0,0,0,0,,,,,1042.0,1,1,1,0,0,0,0,Apartment,Freehold,Bumi Lot,Medium,Negeri Sembilan,Citra Embun,Unknown,Mantin
101272625,220000,829.0,3.0,2.0,1.0,4,0,0,0,0,0,0,0,,,6.0,225.0,1186.0,1,1,0,0,1,0,1,Apartment,Freehold,Non Bumi Lot,Medium,Selangor,Laman Suria (Kajang),Unknown,Kajang
86046731,560000,1205.0,3.0,2.0,2.0,8,0,0,0,0,0,0,0,2016.0,10.0,,,1574.0,1,1,1,1,1,1,0,Condominium,Freehold,Non Bumi Lot,Medium,Putrajaya,Tamara,Putrajaya Holdings,Putrajaya
83621995,380000,1126.0,4.0,2.0,1.0,9,0,0,0,0,0,0,0,,,,226.0,1161.0,1,1,1,1,1,1,0,Condominium,Freehold,Non Bumi Lot,Medium,Putrajaya,Saujana Aster,Peremba Jaya Holdings Sdn Bhd,Putrajaya
103780016,565000,1450.0,3.0,2.0,2.0,10,0,0,0,0,0,0,0,2012.0,14.0,26.0,250.0,305.0,1,1,1,1,1,0,0,Condominium,Leasehold,Non Bumi Lot,Unknown,Penang,1-Sky (1-World II),Ideal Capital Intelligence Sdn Bhd,Bayan Lepas
102494161,250000,753.0,3.0,2.0,1.0,3,1,0,0,0,0,1,0,,,,,852.0,0,0,0,0,1,0,1,Apartment,Leasehold,Bumi Lot,High,Selangor,Permai Apartment,Unknown,Petaling Jaya
103780012,680000,1050.0,3.0,2.0,1.0,3,0,0,0,0,0,0,0,,,8.0,,461.0,0,1,1,0,0,0,1,Apartment,Freehold,Non Bumi Lot,Unknown,Penang,Halaman Pulau Tikus,Unknown,Pulau Tikus
103713122,450000,829.0,2.0,2.0,2.0,5,0,0,0,0,0,0,0,2020.0,6.0,17.0,676.0,255.0,1,1,0,1,0,0,0,Condominium,Freehold,Non Bumi Lot,Unknown,Putrajaya,Flora Rosa,Putrajaya Holdings Sdn Bhd,Putrajaya
103780000,230000,645.0,3.0,2.0,1.0,2,0,0,0,0,0,0,0,,,17.0,,190.0,0,1,0,0,0,0,0,Apartment,Leasehold,Bumi Lot,Unknown,Kuala Lumpur,Kasturi Apartment (Bdr Tasik Permaisuri),Unknown,Kuala Lumpur
103570238,255000,850.0,3.0,2.0,1.0,4,1,0,0,0,0,0,0,,,,,710.0,0,1,1,0,1,0,0,Apartment,Leasehold,Bumi Lot,Medium,Selangor,Residensi Laguna Biru 2,Unknown,Rawang
102693117,269000,700.0,3.0,2.0,2.0,5,0,0,0,0,0,0,0,,,25.0,,118.0,0,1,1,0,0,0,0,Apartment,Leasehold,Non Bumi Lot,Unknown,Penang,Sri Ivory (Sri Ivori) Apartment,Unknown,Ayer Itam
103590482,270000,700.0,3.0,2.0,1.0,4,0,0,0,0,0,0,0,,,25.0,,104.0,0,1,1,0,1,0,0,Apartment,Leasehold,Non Bumi Lot,Unknown,Penang,Sri Ivory (Sri Ivori) Apartment,Unknown,Ayer Itam
102748031,59000,650.0,3.0,1.0,1.0,1,0,0,0,0,0,0,0,,,,,739.0,0,0,0,0,1,0,0,Apartment,Leasehold,Bumi Lot,Medium,Selangor,"Apartment Kekwa, Jalan Kekwa 4A, Bukit Beruntung",Unknown,Bukit Beruntung
103779978,260000,750.0,3.0,2.0,1.0,0,0,0,0,0,0,0,0,,,,,319.0,0,0,0,0,0,0,0,Apartment,Freehold,Non Bumi Lot,Medium,Selangor,De Cendana,Unknown,Setia Alam
103779971,325000,654.0,3.0,2.0,1.0,4,0,0,0,0,0,0,0,2014.0,12.0,38.0,554.0,520.0,0,1,1,0,1,0,1,Apartment,Freehold,Non Bumi Lot,Medium,Penang,Taman Bukit Erskine,Ivory Properties Group Sdn Bhd,Tanjong Tokong
103779969,348000,710.0,3.0,2.0,1.0,2,0,0,0,0,0,0,0,,,18.0,,488.0,0,1,0,0,0,0,1,Apartment,Freehold,Non Bumi Lot,Medium,Penang,Desa Bayan,Unknown,Sungai Ara
103779965,315000,925.0,3.0,2.0,2.0,0,0,0,0,0,0,0,0,2008.0,18.0,16.0,196.0,191.0,0,0,0,0,0,0,0,Apartment,Leasehold,Non Bumi Lot,High,Johor,Kipark,KIP Group,Johor Bahru
103779774,345000,900.0,3.0,2.0,1.0,5,1,1,0,1,1,1,0,1997.0,29.0,5.0,,468.0,0,1,0,0,1,0,0,Apartment,Freehold,Non Bumi Lot,Unknown,Selangor,Goodyear Court 10,Unknown,Subang Jaya
103779739,200000,992.0,3.0,2.0,1.0,4,0,0,0,0,0,0,0,,,5.0,,548.0,0,1,0,0,1,0,0,Flat,Freehold,Bumi Lot,Medium,Selangor,Sutera Apartment (Kajang),Unknown,Kajang
103779731,280800,1001.0,3.0,2.0,1.0,9,0,0,0,0,0,0,0,,,,400.0,663.0,1,1,1,1,1,0,0,Apartment,Leasehold,Non Bumi Lot,Low,Johor,M'Tiara Apartment,Unknown,Johor Bahru
102781822,355000,1100.0,3.0,2.0,2.0,11,0,0,0,0,0,0,0,,,38.0,350.0,737.0,1,1,1,1,1,0,1,Condominium,Freehold,Non Bumi Lot,Medium,Penang,Palma Laguna Water Park Condo,Island Landcap Properties Group,Perai
102732515,1580000,3000.0,6.0,5.0,2.0,9,0,0,0,0,0,0,0,2008.0,18.0,,256.0,668.0,1,1,1,1,1,1,1,Condominium,Freehold,Non Bumi Lot,High,Penang,Alila Horizon,Hunza Properties Berhad,Tanjung Bungah
103779922,450000,1004.0,3.0,2.0,1.0,10,0,0,0,0,0,0,0,,,,,118.0,1,1,1,1,1,1,0,Condominium,Leasehold,Non Bumi Lot,Medium,Sarawak,SkyVilla Condominium (MJC),Mudajaya Group,Kuching
103779915,518000,1119.0,3.0,2.0,1.0,7,0,0,0,0,0,0,0,,,,,697.0,1,1,1,1,1,0,1,Service Residence,Freehold,Non Bumi Lot,Medium,Melaka,Ong Kim Wee Residences,Unknown,Melaka City
101710600,275000,700.0,3.0,2.0,1.0,3,0,0,0,0,0,0,0,,,,,630.0,0,1,1,0,0,0,1,Apartment,Freehold,Non Bumi Lot,High,Unknown,Unknown,Unknown,Unknown
99124760,320000,850.0,3.0,2.0,1.0,4,0,0,0,0,0,0,0,1992.0,34.0,20.0,632.0,624.0,0,1,1,0,1,1,1,Apartment,Leasehold,Non Bumi Lot,Medium,Penang,Mewah Court (Jelutong),Unknown,Jelutong
102612197,1177000,1646.0,4.0,3.0,2.0,9,0,0,0,0,0,0,0,2018.0,8.0,44.0,378.0,668.0,1,1,1,1,1,0,0,Condominium,Freehold,Non Bumi Lot,High,Penang,Grace Residence,Nova Mulia Development Sdn Bhd,Jelutong
101710774,550000,1041.0,3.0,2.0,2.0,5,0,0,0,0,0,0,0,,,,,674.0,1,1,1,0,1,1,1,Condominium,Freehold,Non Bumi Lot,Medium,Unknown,Unknown,Unknown,Unknown
101710638,470000,1100.0,3.0,2.0,1.0,6,0,0,0,0,0,0,0,,,,,695.0,1,1,1,1,1,1,1,Apartment,Freehold,Non Bumi Lot,High,Unknown,Unknown,Unknown,Unknown
100682856,460000,650.0,2.0,1.0,1.0,3,0,0,0,0,0,0,0,,,,,657.0,0,1,1,0,0,0,1,Condominium,Freehold,Non Bumi Lot,Medium,Penang,Artis 3,Airmas Group,Jelutong
102695316,950000,1302.0,3.0,3.0,2.0,5,0,0,0,0,0,0,0,2007.0,19.0,,396.0,659.0,1,1,1,0,1,1,1,Condominium,Freehold,Non Bumi Lot,High,Penang,BaysWater,IJM Land Berhad,Gelugor
98695123,480000,1000.0,3.0,2.0,1.0,0,0,0,0,0,0,0,0,,,,,695.0,0,0,0,0,0,1,1,Apartment,Freehold,Non Bumi Lot,Medium,Unknown,Unknown,Unknown,Unknown
100770946,480000,600.0,2.0,1.0,1.0,6,0,0,0,0,0,0,0,,,,,673.0,1,1,1,1,1,1,1,Service Residence,Freehold,Non Bumi Lot,High,Unknown,Unknown,Unknown,Unknown
100790250,400000,700.0,3.0,2.0,1.0,8,0,0,0,0,0,0,0,,,,,671.0,0,1,1,1,1,1,1,Apartment,Freehold,Non Bumi Lot,Low,Unknown,Unknown,Unknown,Unknown
102565829,399000,970.0,3.0,2.0,1.0,3,0,0,0,0,0,0,0,2003.0,23.0,11.0,,478.0,0,1,0,0,0,1,1,Apartment,Leasehold,Non Bumi Lot,Low,Penang,Desa Pinang,Unknown,Gelugor
102564928,568000,1195.0,3.0,3.0,2.0,0,0,0,0,0,0,0,0,,,,,392.0,0,0,0,0,0,1,1,Condominium,Freehold,Non Bumi Lot,Medium,Penang,Jambul Heights,Aurora Properties Sdn Bhd,Bukit Jambul
102785385,415000,900.0,3.0,2.0,5.0,5,0,0,0,0,0,0,0,2008.0,18.0,22.0,754.0,655.0,1,1,1,0,1,0,1,Condominium,Leasehold,Non Bumi Lot,Medium,Penang,Serina Bay,PLB Land Sdn Bhd,Jelutong
102785306,480000,872.0,3.0,2.0,1.0,7,0,0,0,0,0,0,0,,,11.0,,659.0,1,1,1,1,1,1,1,Apartment,Leasehold,Non Bumi Lot,Medium,Penang,Ocean View (Bandar Sri Pinang),Unknown,Jelutong
102785259,1200000,1475.0,3.0,3.0,2.0,5,0,0,0,0,0,0,0,2012.0,14.0,17.0,328.0,704.0,1,1,1,0,1,0,1,Condominium,Freehold,Non Bumi Lot,Medium,Penang,The Light Linear @ The Light Waterfront,IJM LAND BERHAD,Gelugor
102871005,760000,1036.0,3.0,2.0,2.0,11,0,0,0,0,0,0,0,2021.0,5.0,33.0,550.0,660.0,1,1,1,1,1,0,0,Condominium,Freehold,Non Bumi Lot,Medium,Penang,Setia Sky Ville,Kay Pride Sdn Bhd (S P Setia Bhd Group),Jelutong
102870769,440000,750.0,3.0,2.0,1.0,11,0,0,0,0,0,0,0,2003.0,23.0,20.0,480.0,638.0,1,1,1,1,1,1,1,Condominium,Freehold,Non Bumi Lot,Low,Penang,Symphony Park (Jelutong),Belleview Group,Jelutong
102870797,545000,700.0,2.0,2.0,2.0,3,0,0,0,0,0,0,0,,,,,688.0,0,1,1,0,0,1,1,Condominium,Freehold,Non Bumi Lot,Medium,Penang,Artis 3,Airmas Group,Jelutong
102870901,1050000,1239.0,3.0,2.0,2.0,11,0,0,0,0,0,0,0,2021.0,5.0,33.0,550.0,686.0,1,1,1,1,1,1,1,Condominium,Freehold,Non Bumi Lot,Low,Penang,Setia Sky Ville,Kay Pride Sdn Bhd (S P Setia Bhd Group),Jelutong
103156204,345000,850.0,3.0,2.0,1.0,7,0,0,0,0,0,0,0,2008.0,18.0,29.0,,389.0,0,1,0,1,1,1,1,Apartment,Freehold,Non Bumi Lot,High,Penang,Relau Vista,Alor Vista Sdn Bhd,Bayan Lepas
103779905,360000,1862.0,3.0,2.0,1.0,0,0,0,0,0,0,0,0,,,,,660.0,0,0,0,0,0,0,0,Condominium,Freehold,Non Bumi Lot,Low,Johor,Pelita Indah Condominium,Symphony Life Berhad,Johor Bahru
103779892,535000,1300.0,4.0,3.0,3.0,12,0,0,0,0,0,0,0,2023.0,3.0,44.0,684.0,1076.0,1,1,1,1,1,1,0,Service Residence,Freehold,Non Bumi Lot,Medium,Kuala Lumpur,MiNest Residence,Mi Nest Development Sdn Bhd,Kuala Lumpur
103779890,260000,860.0,3.0,2.0,1.0,7,0,1,0,0,0,0,0,,,,,1070.0,1,1,1,1,1,0,0,Apartment,Freehold,Non Bumi Lot,Low,Selangor,D' Camellia,Unknown,Semenyih
