price,property_size_sqft,bedroom,bathroom,parking_lot,facilities_count,has_school,has_mall,has_hospital,has_railway,has_bus_stop,has_park,has_highway,completion_year,number_of_floors,total_units,property_type,tenure_type,land_title,floor_range,state,city
340000,1000.0,4.0,2.0,2.0,0,1,1,1,0,1,1,0,,,,Service Residence,Freehold,Non Bumi Lot,Unknown,Kuala Lumpur,Kuala Lumpur
250000,980.0,3.0,2.0,1.0,6,0,0,0,0,0,0,0,,,,Apartment,Freehold,Non Bumi Lot,Low,Melaka,Melaka City
230000,1000.0,3.0,2.0,1.0,7,0,0,0,0,0,0,1,2007.0,13.0,445.0,Apartment,Freehold,Non Bumi Lot,Medium,Selangor,Kajang
158000,592.0,3.0,1.0,1.0,4,0,0,0,0,0,0,0,,,,Flat,Leasehold,Non Bumi Lot,Unknown,Selangor,Ampang
305000,467.0,1.0,1.0,1.0,4,1,1,1,0,1,1,0,,43.0,956.0,Studio,Freehold,Bumi Lot,Low,Selangor,Shah Alam
425000,1100.0,3.0,2.0,1.0,11,0,0,0,0,0,0,0,2010.0,19.0,706.0,Condominium,Freehold,Non Bumi Lot,Low,Penang,Bayan Baru
230000,780.0,3.0,2.0,1.0,4,0,0,0,0,0,0,0,,5.0,281.0,Condominium,Freehold,Non Bumi Lot,Unknown,Selangor,Puchong
200000,852.0,3.0,2.0,1.0,11,1,0,0,0,1,1,0,2000.0,12.0,,Apartment,Leasehold,Non Bumi Lot,Unknown,Selangor,Puchong
275000,918.0,3.0,2.0,1.0,6,1,1,0,0,1,1,0,,,,Apartment,Leasehold,Bumi Lot,Unknown,Selangor,Shah Alam
300000,850.0,3.0,2.0,2.0,4,0,0,1,0,1,1,0,2010.0,,435.0,Apartment,Freehold,Bumi Lot,Unknown,Selangor,Shah Alam
265000,660.0,3.0,2.0,1.0,3,0,0,0,0,0,0,0,2008.0,18.0,701.0,Apartment,Freehold,Non Bumi Lot,Medium,Penang,Bukit Jambul
790000,1246.0,3.0,2.0,2.0,9,0,0,0,0,0,0,0,2021.0,24.0,1235.0,Condominium,Freehold,Non Bumi Lot,Medium,Penang,Batu Uban
230000,550.0,2.0,1.0,1.0,2,0,0,0,0,0,0,0,,,,Flat,Freehold,Non Bumi Lot,Low,Penang,Sungai Ara
340000,1250.0,3.0,2.0,2.0,11,0,0,0,0,0,0,0,2016.0,,428.0,Condominium,Freehold,Non Bumi Lot,Unknown,Selangor,Kajang
230000,1048.0,3.0,2.0,1.0,12,1,0,0,1,1,1,1,1990.0,10.0,,Apartment,Freehold,Non Bumi Lot,Unknown,Selangor,Puchong
430000,1150.0,3.0,2.0,1.0,12,0,0,0,0,0,0,0,1998.0,,428.0,Condominium,Freehold,Non Bumi Lot,Low,Penang,Tanjung Bungah
155000,553.0,2.0,1.0,1.0,0,0,0,0,0,0,0,0,,,,Flat,Leasehold,Bumi Lot,High,Kuala Lumpur,Kuala Lumpur
500000,901.0,3.0,2.0,2.0,8,0,0,0,0,0,0,0,2020.0,33.0,490.0,Condominium,Freehold,Non Bumi Lot,High,Penang,Simpang Ampat
350000,452.0,1.0,1.0,1.0,8,1,1,0,0,1,0,0,2020.0,12.0,136.0,Studio,Freehold,Bumi Lot,High,Selangor,Shah Alam
620000,1016.0,2.0,2.0,2.0,8,0,0,0,0,0,0,0,2018.0,44.0,378.0,Condominium,Freehold,Non Bumi Lot,Medium,Penang,Jelutong
310000,900.0,4.0,2.0,2.0,4,1,0,0,0,0,0,0,,5.0,,Apartment,Freehold,Bumi Lot,Low,Selangor,Ampang
240000,650.0,3.0,2.0,1.0,5,0,0,0,0,0,0,0,,17.0,,Apartment,Leasehold,Bumi Lot,Low,Kuala Lumpur,Kuala Lumpur
500000,1182.0,3.0,2.0,2.0,9,0,0,0,0,0,0,0,2015.0,25.0,300.0,Condominium,Freehold,Non Bumi Lot,High,Penang,Sungai Ara
341500,872.0,3.0,2.0,2.0,12,0,0,0,0,0,0,0,,,,Apartment,Freehold,Non Bumi Lot,Medium,Selangor,Kajang
230500,450.0,1.0,2.0,1.0,11,0,1,0,0,0,0,0,,,,Condominium,Freehold,Non Bumi Lot,Medium,Selangor,Semenyih
515000,1005.0,2.0,2.0,1.0,12,0,0,0,0,0,0,0,2018.0,,1050.0,Condominium,Freehold,Non Bumi Lot,Unknown,Johor,Johor Bahru
200000,430.0,1.0,1.0,1.0,8,0,0,0,0,0,0,0,2019.0,25.0,2003.0,Service Residence,Freehold,Non Bumi Lot,Low,Johor,Johor Bahru
298000,1050.0,3.0,2.0,1.0,0,0,0,0,0,0,0,0,,4.0,,Service Residence,Freehold,Non Bumi Lot,Unknown,Johor,Johor Bahru
418000,986.0,3.0,2.0,2.0,13,0,0,0,0,0,0,0,2015.0,25.0,585.0,Apartment,Freehold,Non Bumi Lot,High,Johor,Iskandar Puteri
220000,950.0,3.0,2.0,1.0,3,0,1,0,1,0,0,1,,,309.0,Apartment,Freehold,Non Bumi Lot,Unknown,Selangor,Kajang
320000,1055.0,3.0,2.0,2.0,12,1,0,0,0,1,1,0,,,,Condominium,Leasehold,Non Bumi Lot,Unknown,Selangor,Puchong
280000,1017.0,3.0,2.0,2.0,12,0,0,0,0,0,0,0,,,,Service Residence,Freehold,Non Bumi Lot,Unknown,Selangor,Bangi
1150000,1387.0,4.0,3.0,2.0,11,0,0,0,0,0,0,0,2018.0,35.0,3224.0,Service Residence,Freehold,Non Bumi Lot,High,Johor,Johor Bahru
320000,720.0,3.0,2.0,1.0,7,0,0,0,0,0,0,0,2018.0,,160.0,Condominium,Leasehold,Non Bumi Lot,Medium,Melaka,Ayer Keroh
880000,1474.0,4.0,4.0,2.0,9,1,0,0,0,1,1,0,2020.0,35.0,212.0,Condominium,Freehold,Non Bumi Lot,High,Kuala Lumpur,Kuala Lumpur
550000,788.0,2.0,1.0,1.0,0,0,0,0,0,0,0,0,,,,Service Residence,Leasehold,Non Bumi Lot,High,Sarawak,Kuching
180000,517.0,2.0,1.0,1.0,1,0,0,0,0,0,0,0,,,,Apartment,Freehold,Non Bumi Lot,Medium,Selangor,Cheras
200000,650.0,3.0,2.0,1.0,0,0,0,0,0,0,0,0,,5.0,,Flat,Leasehold,Non Bumi Lot,Low,Selangor,Kuala Langat
300000,850.0,3.0,2.0,2.0,3,0,0,1,0,1,0,0,,,536.0,Apartment,Freehold,Non Bumi Lot,Low,Selangor,Setia Alam
438000,800.0,3.0,2.0,2.0,0,0,0,0,0,0,0,0,,,,Apartment,Leasehold,Non Bumi Lot,Medium,Unknown,Unknown
700000,1432.0,3.0,2.0,2.0,10,0,0,0,0,0,0,0,,,684.0,Condominium,Leasehold,Non Bumi Lot,High,Sarawak,Kuching
195000,527.0,2.0,1.0,1.0,2,1,0,1,1,1,0,0,,,,Flat,Leasehold,Bumi Lot,Low,Kuala Lumpur,Kuala Lumpur
493000,1108.0,3.0,2.0,1.0,9,0,0,0,0,0,0,0,,,,Condominium,Leasehold,Non Bumi Lot,High,Sarawak,Kuching
195000,860.0,3.0,2.0,1.0,4,0,0,0,0,0,0,0,,,,Apartment,Leasehold,Bumi Lot,Unknown,Selangor,Shah Alam
420000,1011.0,3.0,2.0,1.0,12,0,0,0,0,0,0,0,2014.0,26.0,440.0,Apartment,Freehold,Non Bumi Lot,Unknown,Johor,Johor Bahru
255000,925.0,3.0,2.0,1.0,9,1,1,0,0,1,1,0,2002.0,,1188.0,Condominium,Freehold,Non Bumi Lot,Medium,Selangor,Cyberjaya
240000,753.0,3.0,2.0,1.0,5,0,1,0,0,0,0,0,,,,Apartment,Freehold,Bumi Lot,High,Selangor,Cheras
350000,1093.0,3.0,2.0,1.0,8,0,1,0,0,1,1,0,,,634.0,Condominium,Leasehold,Bumi Lot,Medium,Selangor,Seri Kembangan
978000,1400.0,3.0,3.0,2.0,14,0,0,0,0,0,0,0,2015.0,29.0,260.0,Condominium,Freehold,Non Bumi Lot,Medium,Penang,Gelugor
260000,800.0,3.0,2.0,2.0,8,0,0,0,0,0,0,0,2014.0,4.0,75.0,Apartment,Freehold,Non Bumi Lot,Medium,Selangor,Semenyih
263000,953.0,3.0,2.0,1.0,5,0,0,0,0,0,0,0,,4.0,,Apartment,Freehold,Non Bumi Lot,Medium,Johor,Skudai
168000,750.0,3.0,2.0,1.0,1,0,0,0,0,0,0,0,,,,Apartment,Freehold,Non Bumi Lot,Low,Johor,Skudai
530000,1152.0,3.0,2.0,1.0,10,0,0,0,0,1,1,1,2015.0,21.0,424.0,Others,Leasehold,Non Bumi Lot,Low,Selangor,Seri Kembangan
950000,1334.0,3.0,2.0,2.0,12,1,0,0,0,0,1,0,2019.0,30.0,1039.0,Condominium,Freehold,Non Bumi Lot,Medium,Selangor,Puchong
375000,705.0,1.0,1.0,1.0,11,1,0,1,0,1,1,0,2015.0,41.0,1040.0,Service Residence,Freehold,Non Bumi Lot,Unknown,Kuala Lumpur,Kuala Lumpur
200000,689.0,3.0,2.0,1.0,4,0,0,0,0,0,0,0,,,,Apartment,Freehold,Non Bumi Lot,Medium,Penang,Ayer Itam
580000,1700.0,3.0,2.0,1.0,0,0,0,0,0,0,0,0,,,,Condominium,Leasehold,Non Bumi Lot,High,Sarawak,Kuching
228000,958.0,3.0,2.0,1.0,6,0,0,0,0,0,0,0,,17.0,,Apartment,Leasehold,Bumi Lot,High,Johor,Tampoi
368000,965.0,3.0,2.0,1.0,4,1,0,0,0,0,0,0,2015.0,16.0,228.0,Condominium,Leasehold,Bumi Lot,Unknown,Selangor,Selayang
530000,1120.0,3.0,2.0,1.0,5,0,0,0,0,0,0,0,,,,Apartment,Leasehold,Non Bumi Lot,Medium,Sarawak,Kuching
670000,1654.0,4.0,3.0,2.0,11,0,0,0,0,0,0,0,1998.0,15.0,198.0,Condominium,Freehold,Non Bumi Lot,Medium,Putrajaya,Putrajaya
295000,1000.0,3.0,2.0,1.0,7,0,0,0,0,0,0,1,2007.0,13.0,445.0,Apartment,Freehold,Non Bumi Lot,Low,Selangor,Kajang
320000,700.0,3.0,2.0,1.0,6,0,0,0,0,0,0,0,1999.0,16.0,476.0,Condominium,Freehold,Non Bumi Lot,Medium,Penang,Tanjung Bungah
410000,1400.0,3.0,2.0,2.0,3,1,0,0,0,0,1,0,,,,Others,Leasehold,Non Bumi Lot,Unknown,Selangor,Seri Kembangan
100000,650.0,3.0,2.0,1.0,0,1,0,0,0,0,0,0,,,,Apartment,Freehold,Non Bumi Lot,Low,Selangor,Rawang
148000,560.0,2.0,1.0,3.0,3,1,0,0,1,1,1,0,,,,Flat,Leasehold,Bumi Lot,High,Kuala Lumpur,Kuala Lumpur
380500,900.0,3.0,2.0,2.0,14,0,0,0,0,0,0,0,,,,Service Residence,Leasehold,Non Bumi Lot,Unknown,Selangor,SS2
620000,1598.0,3.0,2.0,2.0,7,0,0,0,0,0,0,0,2017.0,42.0,670.0,Condominium,Freehold,Non Bumi Lot,Medium,Penang,Sungai Ara
380000,900.0,3.0,2.0,2.0,14,0,0,0,0,0,0,0,,,,Service Residence,Leasehold,Non Bumi Lot,Unknown,Selangor,Bandar Utama
380300,900.0,3.0,2.0,2.0,14,0,0,0,0,0,0,0,,,,Service Residence,Leasehold,Non Bumi Lot,Unknown,Selangor,Damansara Jaya
280000,1001.0,3.0,2.0,2.0,5,0,0,0,0,0,0,0,2006.0,22.0,246.0,Apartment,Freehold,Non Bumi Lot,Medium,Selangor,Kajang
300000,850.0,3.0,2.0,1.0,0,0,0,0,0,0,0,0,,15.0,,Apartment,Freehold,Non Bumi Lot,High,Johor,Johor Bahru
298000,1180.0,4.0,2.0,1.0,8,0,0,0,0,0,0,0,,,,Apartment,Freehold,Non Bumi Lot,Medium,Johor,Gelang Patah
469000,1385.0,4.0,2.0,1.0,5,0,0,0,0,0,0,0,,,42.0,Apartment,Freehold,Non Bumi Lot,Low,Johor,Skudai
270000,800.0,3.0,2.0,1.0,1,0,0,0,0,0,0,0,,5.0,,Apartment,Freehold,Non Bumi Lot,Low,Selangor,Puchong
320000,983.0,3.0,2.0,1.0,8,0,0,0,0,0,0,0,,23.0,,Condominium,Freehold,Bumi Lot,Medium,Melaka,Cheras
550000,1515.0,3.0,3.0,1.0,11,0,0,0,0,0,0,0,1998.0,15.0,198.0,Condominium,Freehold,Non Bumi Lot,Low,Putrajaya,Putrajaya
470000,1711.0,3.0,3.0,1.0,0,0,0,0,0,0,0,0,,,,Condominium,Leasehold,Non Bumi Lot,High,Sarawak,Kuching
245000,850.0,3.0,2.0,1.0,2,0,0,0,0,0,0,0,2015.0,20.0,1440.0,Condominium,Leasehold,Non Bumi Lot,Medium,Selangor,Damansara Perdana
580000,1667.0,3.0,3.0,1.0,0,0,0,0,0,0,0,0,,,,Condominium,Leasehold,Non Bumi Lot,High,Sarawak,Kuching
650000,2020.0,5.0,2.0,2.0,0,0,0,0,0,0,0,0,,,,Condominium,Leasehold,Non Bumi Lot,High,Sarawak,Kuching
369900,1012.0,3.0,2.0,3.0,10,1,0,0,1,0,0,0,2014.0,23.0,744.0,Service Residence,Freehold,Non Bumi Lot,Medium,Selangor,Batu Caves
320000,650.0,3.0,2.0,1.0,3,0,0,0,0,0,0,0,,27.0,454.0,Apartment,Freehold,Non Bumi Lot,Medium,Penang,Jelutong
220000,650.0,3.0,2.0,1.0,2,1,0,1,0,0,1,0,,5.0,,Apartment,Freehold,Bumi Lot,Medium,Selangor,Setia Alam
220000,477.0,1.0,1.0,1.0,9,0,0,0,0,0,0,0,2017.0,23.0,763.0,Service Residence,Freehold,Non Bumi Lot,Low,Selangor,Semenyih
320000,1117.0,3.0,2.0,1.0,6,0,0,0,0,0,0,0,,,,Apartment,Freehold,Bumi Lot,Unknown,Perak,Ipoh
118000,516.0,2.0,1.0,1.0,0,0,0,0,0,0,0,0,,,,Flat,Freehold,Non Bumi Lot,Unknown,Johor,Skudai
125000,494.0,2.0,1.0,1.0,0,0,0,0,0,0,0,0,,,,Flat,Freehold,Non Bumi Lot,High,Johor,Skudai
530000,1200.0,3.0,3.0,2.0,14,0,0,0,0,0,0,0,,,,Condominium,Freehold,Non Bumi Lot,Medium,Kuala Lumpur,Kuala Lumpur
518000,1300.0,4.0,3.0,3.0,14,0,0,0,0,0,0,0,2023.0,44.0,684.0,Service Residence,Freehold,Non Bumi Lot,Medium,Kuala Lumpur,Kuala Lumpur
110000,526.0,2.0,1.0,1.0,0,0,0,0,0,0,0,0,,,,Flat,Freehold,Non Bumi Lot,Low,Johor,Skudai
659900,1261.0,3.0,2.0,2.0,10,1,1,0,1,1,0,0,2019.0,26.0,344.0,Condominium,Freehold,Non Bumi Lot,High,Kuala Lumpur,Kuala Lumpur
738000,1690.0,3.0,3.0,2.0,10,0,0,0,0,0,0,0,2014.0,18.0,156.0,Condominium,Freehold,Bumi Lot,Low,Kuala Lumpur,Kuala Lumpur
545000,1300.0,4.0,3.0,1.0,14,0,0,0,0,0,0,0,2023.0,44.0,684.0,Service Residence,Freehold,Non Bumi Lot,Medium,Kuala Lumpur,Kuala Lumpur
97999,675.0,3.0,2.0,1.0,2,0,0,0,0,0,0,0,,5.0,,Apartment,Leasehold,Non Bumi Lot,High,Kuala Lumpur,Kuala Lumpur
128000,610.0,3.0,2.0,1.0,0,0,0,0,0,0,0,0,,,,Flat,Leasehold,Non Bumi Lot,Low,Johor,Skudai
230000,850.0,3.0,2.0,1.0,0,0,0,0,0,0,0,0,,,,Apartment,Freehold,Non Bumi Lot,Low,Johor,Johor Bahru
450000,1000.0,3.0,2.0,1.0,11,1,0,0,0,1,1,0,2023.0,38.0,900.0,Apartment,Leasehold,Non Bumi Lot,Medium,Kuala Lumpur,Kuala Lumpur
445000,1000.0,3.0,2.0,2.0,6,1,0,0,0,1,1,0,2023.0,38.0,900.0,Apartment,Leasehold,Non Bumi Lot,Medium,Kuala Lumpur,Kuala Lumpur
205000,434.0,1.0,1.0,1.0,0,0,0,0,0,0,0,0,2019.0,25.0,2003.0,Service Residence,Freehold,Non Bumi Lot,High,Johor,Johor Bahru
135000,750.0,3.0,2.0,1.0,0,0,0,0,0,0,0,0,,,,Flat,Freehold,Non Bumi Lot,Medium,Johor,Masai
120000,525.0,2.0,1.0,1.0,0,0,0,0,0,0,0,0,,,,Flat,Freehold,Non Bumi Lot,Low,Johor,Skudai
290000,929.0,3.0,2.0,2.0,7,0,0,0,0,0,0,0,,,,Apartment,Leasehold,Bumi Lot,Unknown,Negeri Sembilan,Nilai
550000,1515.0,3.0,3.0,1.0,13,0,0,0,0,0,0,0,1998.0,15.0,198.0,Condominium,Freehold,Non Bumi Lot,High,Putrajaya,Putrajaya
548000,1350.0,3.0,2.0,2.0,9,0,0,0,0,0,0,0,2020.0,,809.0,Service Residence,Freehold,Non Bumi Lot,Medium,Melaka,Bukit Baru
350000,1065.0,3.0,2.0,1.0,0,0,0,0,0,0,0,0,,4.0,,Service Residence,Freehold,Non Bumi Lot,Medium,Johor,Johor Bahru
350000,876.0,2.0,2.0,1.0,0,0,0,0,0,0,0,0,,,,Condominium,Leasehold,Non Bumi Lot,Unknown,Johor,Johor Bahru
560000,1066.0,3.0,2.0,2.0,7,1,0,0,0,0,0,0,,,414.0,Condominium,Freehold,Non Bumi Lot,Unknown,Selangor,Glenmarie
245000,678.0,1.0,1.0,1.0,0,0,0,0,0,0,0,0,,27.0,303.0,Condominium,Leasehold,Non Bumi Lot,Medium,Johor,Johor Bahru
298000,850.0,3.0,2.0,1.0,7,0,0,0,0,0,0,0,,12.0,1012.0,Apartment,Leasehold,Non Bumi Lot,Low,Sabah,Penampang
650000,753.0,3.0,2.0,2.0,10,0,0,0,0,0,0,0,2020.0,42.0,150.0,Service Residence,Freehold,Non Bumi Lot,High,Penang,Jelutong
1095000,2896.0,6.0,5.0,1.0,5,0,0,0,0,0,0,0,,,,Others,Freehold,Non Bumi Lot,Low,Selangor,Cyberjaya
200000,1001.0,3.0,2.0,1.0,1,0,0,0,0,0,0,0,,,,Apartment,Freehold,Non Bumi Lot,High,Melaka,Melaka City
437400,1654.0,3.0,3.0,2.0,11,0,0,0,0,0,0,0,1998.0,15.0,198.0,Condominium,Freehold,Non Bumi Lot,Low,Putrajaya,Putrajaya
620000,1668.0,3.0,3.0,2.0,11,0,0,0,0,0,0,0,,,,Condominium,Freehold,Non Bumi Lot,Low,Unknown,Unknown
290000,861.0,3.0,2.0,1.0,2,0,0,0,0,0,0,0,,,,Apartment,Freehold,Bumi Lot,Medium,Johor,Johor Bahru
225500,1053.0,3.0,2.0,2.0,5,0,0,0,0,0,0,0,2016.0,5.0,469.0,Apartment,Freehold,Non Bumi Lot,Unknown,Selangor,Kajang
465500,1081.0,3.0,2.0,2.0,10,1,0,0,0,1,1,0,2011.0,23.0,284.0,Condominium,Freehold,Non Bumi Lot,Unknown,Kuala Lumpur,Kuala Lumpur
250000,900.0,3.0,2.0,1.0,8,1,1,1,1,1,1,1,2003.0,20.0,290.0,Condominium,Freehold,Non Bumi Lot,Medium,Kuala Lumpur,Kuala Lumpur
850000,1100.0,2.0,2.0,3.0,5,0,0,0,0,0,0,0,2013.0,30.0,,Service Residence,Freehold,Non Bumi Lot,Unknown,Penang,Bayan Lepas
300000,1011.0,3.0,2.0,2.0,10,1,0,0,1,0,0,0,2014.0,23.0,744.0,Service Residence,Freehold,Non Bumi Lot,High,Selangor,Batu Caves
488000,1190.0,3.0,2.0,1.0,8,0,0,0,0,0,0,0,2002.0,10.0,,Condominium,Freehold,Bumi Lot,Low,Selangor,Shah Alam
335000,850.0,3.0,2.0,1.0,3,0,0,0,0,0,0,0,,10.0,65.0,Service Residence,Leasehold,Non Bumi Lot,Low,Johor,Johor Bahru
368000,450.0,1.0,1.0,1.0,10,1,0,0,0,1,1,0,2022.0,26.0,319.0,Service Residence,Freehold,Non Bumi Lot,Medium,Selangor,Subang Jaya
340000,818.0,3.0,2.0,1.0,8,1,1,0,1,0,0,0,2021.0,44.0,2136.0,Service Residence,Leasehold,Non Bumi Lot,High,Kuala Lumpur,Kuala Lumpur
447000,850.0,3.0,2.0,1.0,13,0,0,0,0,0,0,0,1998.0,16.0,488.0,Condominium,Leasehold,Non Bumi Lot,Unknown,Penang,Bayan Lepas
450000,950.0,3.0,2.0,2.0,4,1,1,0,1,1,1,0,2015.0,31.0,4225.0,Service Residence,Freehold,Non Bumi Lot,Medium,Kuala Lumpur,Kuala Lumpur
178000,776.0,3.0,2.0,1.0,6,0,0,0,0,0,0,0,,18.0,,Apartment,Leasehold,Non Bumi Lot,Low,Selangor,Selayang
220000,650.0,3.0,1.0,1.0,3,1,0,1,0,0,1,0,,5.0,,Apartment,Freehold,Bumi Lot,Medium,Selangor,Setia Alam
245000,850.0,3.0,2.0,1.0,1,0,0,0,0,0,0,0,2015.0,20.0,1440.0,Condominium,Leasehold,Non Bumi Lot,Medium,Selangor,Damansara Perdana
300000,932.0,3.0,2.0,1.0,8,0,0,0,0,0,0,0,,9.0,,Condominium,Freehold,Non Bumi Lot,Medium,Selangor,Bandar Mahkota Cheras
230000,656.0,3.0,2.0,1.0,2,0,0,0,0,0,0,0,1993.0,8.0,23.0,Apartment,Leasehold,Non Bumi Lot,High,Penang,George Town
630000,1340.0,4.0,2.0,1.0,7,1,1,1,1,1,0,0,2007.0,19.0,436.0,Condominium,Leasehold,Bumi Lot,Low,Kuala Lumpur,Kuala Lumpur
150000,688.0,3.0,2.0,1.0,1,0,0,0,0,1,0,0,,,,Flat,Leasehold,Bumi Lot,Low,Selangor,Bandar Bukit Raja
235000,603.0,3.0,1.0,1.0,3,1,1,0,1,1,1,0,,,,Apartment,Leasehold,Bumi Lot,High,Kuala Lumpur,Kuala Lumpur
450000,1048.0,3.0,2.0,2.0,10,1,0,0,0,0,1,0,,,,Apartment,Leasehold,Bumi Lot,Low,Kuala Lumpur,Kuala Lumpur
345000,800.0,3.0,2.0,1.0,7,0,0,0,0,0,0,0,2008.0,29.0,,Apartment,Freehold,Non Bumi Lot,Unknown,Penang,Bayan Lepas
345000,750.0,3.0,2.0,1.0,7,0,0,0,0,0,0,0,2008.0,29.0,,Apartment,Freehold,Non Bumi Lot,Unknown,Penang,Bayan Lepas
276000,650.0,3.0,2.0,1.0,0,0,0,0,0,0,0,0,,,,Apartment,Leasehold,Non Bumi Lot,Unknown,Penang,Sungai Ara
260000,700.0,3.0,2.0,1.0,2,0,0,0,0,0,0,0,1995.0,11.0,100.0,Apartment,Freehold,Non Bumi Lot,Medium,Penang,Ayer Itam
300000,970.0,3.0,2.0,1.0,6,0,0,0,0,0,0,0,1997.0,14.0,528.0,Apartment,Leasehold,Non Bumi Lot,Medium,Penang,Sungai Dua
555000,1200.0,3.0,2.0,2.0,6,0,0,0,0,0,0,0,2016.0,20.0,771.0,Condominium,Freehold,Non Bumi Lot,Low,Penang,Sungai Ara
290000,900.0,3.0,2.0,1.0,7,0,0,0,0,0,0,0,,,,Apartment,Freehold,Non Bumi Lot,Medium,Melaka,Batu Berendam
339000,1021.0,3.0,2.0,1.0,2,1,1,0,0,1,1,0,,14.0,,Condominium,Freehold,Non Bumi Lot,Medium,Kuala Lumpur,Kuala Lumpur
288000,810.0,3.0,2.0,1.0,4,1,0,0,0,0,1,0,2007.0,20.0,1.0,Condominium,Freehold,Non Bumi Lot,Unknown,Kuala Lumpur,Kuala Lumpur
220000,1046.0,3.0,2.0,1.0,7,0,0,0,0,0,0,0,,,,Condominium,Leasehold,Non Bumi Lot,Medium,Selangor,Seri Kembangan
560000,1045.0,3.0,3.0,1.0,10,1,0,0,1,1,0,0,,,,Condominium,Leasehold,Non Bumi Lot,Medium,Kuala Lumpur,Kuala Lumpur
380000,700.0,3.0,2.0,1.0,8,0,0,0,0,0,0,0,2012.0,30.0,500.0,Apartment,Freehold,Non Bumi Lot,Unknown,Penang,Ayer Itam
340000,700.0,3.0,2.0,1.0,8,0,0,0,0,0,0,0,2012.0,30.0,500.0,Apartment,Freehold,Non Bumi Lot,Unknown,Penang,Ayer Itam
400000,900.0,3.0,2.0,2.0,0,0,0,0,0,0,0,0,2019.0,42.0,2685.0,Condominium,Freehold,Non Bumi Lot,Unknown,Penang,Bayan Lepas
350000,700.0,3.0,2.0,1.0,8,0,0,0,0,0,0,0,2012.0,30.0,500.0,Apartment,Freehold,Non Bumi Lot,Unknown,Penang,Ayer Itam
250000,750.0,3.0,2.0,1.0,6,0,0,0,0,0,0,0,1998.0,35.0,,Condominium,Freehold,Non Bumi Lot,Unknown,Penang,Bayan Lepas
260000,650.0,3.0,2.0,1.0,0,0,0,0,0,0,0,0,,,,Flat,Freehold,Non Bumi Lot,Unknown,Penang,Teluk Kumbar
399000,800.0,2.0,2.0,1.0,8,0,0,0,0,0,0,0,2020.0,33.0,490.0,Condominium,Freehold,Non Bumi Lot,Unknown,Penang,Simpang Ampat
329000,1082.0,3.0,3.0,1.0,10,0,0,0,0,0,0,0,2022.0,,552.0,Condominium,Freehold,Non Bumi Lot,Low,Selangor,Kajang
550000,1050.0,3.0,2.0,1.0,3,0,0,0,0,0,0,0,1999.0,9.0,36.0,Condominium,Freehold,Non Bumi Lot,Low,Penang,Jelutong
190000,750.0,3.0,2.0,1.0,0,0,0,0,0,0,0,0,,,,Apartment,Leasehold,Non Bumi Lot,High,Penang,Butterworth
125000,500.0,2.0,1.0,1.0,0,0,0,0,0,0,0,0,,,,Flat,Freehold,Bumi Lot,High,Penang,Teluk Kumbar
538000,1539.0,4.0,3.0,2.0,11,0,0,0,0,0,0,0,,15.0,192.0,Condominium,Freehold,Non Bumi Lot,Medium,Selangor,Puchong
320000,800.0,3.0,2.0,1.0,7,0,0,0,0,0,0,0,2008.0,29.0,,Apartment,Freehold,Non Bumi Lot,Unknown,Penang,Bayan Lepas
303000,800.0,3.0,2.0,1.0,7,0,0,0,0,0,0,0,2008.0,29.0,,Apartment,Freehold,Non Bumi Lot,Unknown,Penang,Bayan Lepas
320000,800.0,3.0,2.0,1.0,0,0,0,0,0,0,0,0,1998.0,21.0,406.0,Condominium,Freehold,Non Bumi Lot,Unknown,Penang,George Town
150000,550.0,2.0,2.0,1.0,0,0,0,0,0,0,0,0,,,,Apartment,Leasehold,Non Bumi Lot,Low,Johor,Perling
270000,904.0,3.0,2.0,1.0,6,0,0,0,0,0,0,0,,,,Apartment,Leasehold,Non Bumi Lot,Unknown,Penang,Butterworth
300000,1000.0,3.0,2.0,1.0,6,0,0,0,0,0,0,0,,,,Condominium,Freehold,Bumi Lot,Low,Sabah,Papar
570000,622.0,1.0,1.0,1.0,5,1,0,1,0,1,1,0,2018.0,38.0,1163.0,Service Residence,Leasehold,Non Bumi Lot,High,Kuala Lumpur,Kuala Lumpur
420000,800.0,3.0,2.0,1.0,6,0,0,0,0,0,0,0,2006.0,18.0,182.0,Apartment,Freehold,Non Bumi Lot,Unknown,Penang,Jelutong
348000,640.0,1.0,1.0,1.0,11,0,0,0,0,0,0,0,2018.0,,1050.0,Condominium,Freehold,Non Bumi Lot,High,Johor,Johor Bahru
365000,922.0,3.0,2.0,1.0,8,0,0,0,0,0,0,0,,14.0,,Apartment,Freehold,Non Bumi Lot,High,Selangor,Seri Kembangan
420000,1045.0,3.0,2.0,1.0,10,0,0,0,0,0,0,0,2014.0,,440.0,Apartment,Freehold,Non Bumi Lot,High,Johor,Iskandar Puteri
547000,2293.0,5.0,4.0,2.0,14,0,0,0,0,0,0,0,1999.0,16.0,520.0,Condominium,Freehold,Non Bumi Lot,Unknown,Selangor,Puchong
488000,1722.0,4.0,2.0,1.0,9,0,0,0,0,0,0,0,,,,Condominium,Freehold,Non Bumi Lot,Low,Johor,Johor Bahru
170000,760.0,3.0,2.0,1.0,13,0,0,0,0,0,0,0,,,,Apartment,Freehold,Non Bumi Lot,High,Selangor,Semenyih
530000,1000.0,3.0,2.0,1.0,0,0,0,0,0,0,0,0,2007.0,20.0,224.0,Condominium,Freehold,Non Bumi Lot,Unknown,Penang,Gelugor
320000,1288.0,3.0,2.0,1.0,7,0,0,0,0,0,0,0,2015.0,21.0,455.0,Condominium,Freehold,Non Bumi Lot,Medium,Selangor,Kajang
443000,950.0,3.0,2.0,2.0,8,0,0,0,0,0,0,0,,,,Service Residence,Freehold,Non Bumi Lot,Medium,Johor,Tebrau
250000,852.0,3.0,2.0,1.0,11,1,0,0,0,1,1,0,2000.0,12.0,,Apartment,Leasehold,Non Bumi Lot,Medium,Selangor,Puchong
1500000,1378.0,2.0,3.0,1.0,7,0,0,0,0,0,0,0,,,,Condominium,Leasehold,Non Bumi Lot,Unknown,Sarawak,Kuching
700000,1000.0,3.0,2.0,1.0,5,0,0,0,0,0,0,0,,,,Apartment,Leasehold,Non Bumi Lot,Medium,Sarawak,Kuching
480000,947.0,2.0,2.0,2.0,10,0,0,0,0,0,0,0,2020.0,34.0,462.0,Service Residence,Freehold,Non Bumi Lot,Unknown,Penang,Butterworth
688000,1257.0,3.0,2.0,2.0,10,1,1,0,0,0,0,0,,,,Service Residence,Leasehold,Non Bumi Lot,High,Kuala Lumpur,Kuala Lumpur
300000,1038.0,3.0,2.0,2.0,8,1,0,0,1,0,0,0,2014.0,23.0,744.0,Service Residence,Freehold,Non Bumi Lot,Medium,Selangor,Batu Caves
1500000,1000.0,3.0,2.0,2.0,8,0,0,0,0,0,0,0,2015.0,32.0,71.0,Condominium,Freehold,Non Bumi Lot,Unknown,Penang,Pulau Tikus
780000,1600.0,4.0,3.0,1.0,6,0,0,0,0,0,0,0,2006.0,26.0,104.0,Condominium,Freehold,Non Bumi Lot,Unknown,Penang,Batu Ferringhi
950000,1352.0,3.0,2.0,2.0,6,0,0,0,0,0,0,0,2016.0,32.0,322.0,Condominium,Freehold,Non Bumi Lot,Unknown,Penang,Tanjung Bungah
532000,1171.0,3.0,2.0,1.0,11,0,0,1,0,0,1,0,2016.0,,180.0,Condominium,Leasehold,Non Bumi Lot,Low,Kuala Lumpur,Kuala Lumpur
395000,1155.0,3.0,2.0,3.0,9,0,0,0,0,0,0,0,,,,Condominium,Freehold,Non Bumi Lot,High,Penang,Bayan Lepas
578000,1422.0,4.0,3.0,1.0,9,0,0,0,0,0,0,0,2013.0,20.0,899.0,Condominium,Leasehold,Non Bumi Lot,Unknown,Selangor,Petaling Jaya
320000,1012.0,3.0,2.0,2.0,10,1,0,0,1,0,0,0,2014.0,23.0,744.0,Service Residence,Freehold,Non Bumi Lot,Medium,Selangor,Batu Caves
750000,1432.0,3.0,2.0,2.0,7,0,0,0,0,0,0,0,,,684.0,Condominium,Leasehold,Non Bumi Lot,High,Sarawak,Kuching
600000,933.0,3.0,2.0,1.0,5,0,0,0,0,0,0,0,,,,Service Residence,Leasehold,Non Bumi Lot,High,Sarawak,Kuching
575000,815.0,2.0,2.0,2.0,6,0,0,0,0,0,0,0,,,,Condominium,Leasehold,Non Bumi Lot,High,Sarawak,Kuching
495000,933.0,3.0,2.0,2.0,7,0,0,0,0,0,0,0,,,,Service Residence,Leasehold,Non Bumi Lot,Medium,Sarawak,Kuching
715000,1004.0,3.0,2.0,1.0,8,0,0,0,0,0,0,0,,,,Condominium,Leasehold,Non Bumi Lot,High,Sarawak,Kuching
500000,590.0,2.0,1.0,1.0,0,0,0,0,0,0,0,0,2017.0,,139.0,Apartment,Leasehold,Non Bumi Lot,Unknown,Sarawak,Kuching
299900,852.0,3.0,2.0,1.0,6,1,0,0,0,1,1,0,2000.0,12.0,,Apartment,Leasehold,Non Bumi Lot,High,Selangor,Puchong
270000,800.0,3.0,2.0,1.0,2,0,0,0,0,0,0,0,,,,Apartment,Freehold,Non Bumi Lot,Low,Selangor,Puchong
510000,1000.0,3.0,2.0,1.0,0,0,0,0,0,0,0,0,1996.0,15.0,54.0,Condominium,Freehold,Non Bumi Lot,Unknown,Penang,George Town
65000,743.0,3.0,2.0,2.0,0,0,0,0,0,0,0,0,,,,Flat,Freehold,Non Bumi Lot,High,Johor,Batu Pahat
930000,1464.0,4.0,3.0,2.0,7,0,0,0,0,0,0,0,2011.0,22.0,531.0,Condominium,Leasehold,Non Bumi Lot,Unknown,Penang,George Town
1030000,1400.0,3.0,3.0,2.0,0,0,0,0,0,0,0,0,2015.0,29.0,260.0,Condominium,Freehold,Non Bumi Lot,Unknown,Penang,Gelugor
470000,1936.0,3.0,2.0,3.0,1,1,0,0,1,0,0,0,,,,Apartment,Leasehold,Non Bumi Lot,Unknown,Selangor,Batu Caves
2680000,2101.0,3.0,4.0,2.0,11,0,0,0,0,0,0,0,2017.0,25.0,298.0,Condominium,Freehold,Non Bumi Lot,High,Penang,Tanjong Tokong
220000,753.0,3.0,2.0,1.0,12,0,1,0,0,1,1,0,,,419.0,Service Residence,Leasehold,Non Bumi Lot,Low,Selangor,Seri Kembangan
225000,712.0,2.0,1.0,1.0,5,0,0,0,0,0,0,0,,,,Apartment,Leasehold,Non Bumi Lot,Medium,Sabah,Tuaran
368000,925.0,3.0,2.0,1.0,6,1,0,0,0,1,1,0,,5.0,,Apartment,Freehold,Non Bumi Lot,Low,Selangor,Puchong
550000,1200.0,3.0,3.0,2.0,5,1,1,0,1,1,1,0,,6.0,116.0,Condominium,Freehold,Non Bumi Lot,Unknown,Kuala Lumpur,Kuala Lumpur
320000,850.0,3.0,2.0,1.0,3,0,0,0,0,0,0,0,,5.0,,Apartment,Leasehold,Bumi Lot,Low,Selangor,Ampang
268000,1055.0,3.0,2.0,2.0,14,0,0,0,0,0,0,0,2017.0,,,Apartment,Freehold,Non Bumi Lot,High,Selangor,Kajang
330000,900.0,3.0,2.0,1.0,13,0,0,0,0,0,0,0,,,,Apartment,Freehold,Bumi Lot,Low,Selangor,Klang
275000,750.0,3.0,2.0,1.0,14,1,0,0,0,0,1,0,,,,Apartment,Freehold,Bumi Lot,High,Selangor,Puchong
300000,1023.0,3.0,2.0,2.0,14,0,0,0,0,0,0,0,2019.0,,1205.0,Condominium,Freehold,Bumi Lot,High,Selangor,Kajang
266000,850.0,3.0,2.0,1.0,14,1,0,0,0,1,1,0,,,,Apartment,Leasehold,Bumi Lot,High,Selangor,Klang
230000,883.0,3.0,2.0,1.0,4,1,0,0,0,0,1,0,,5.0,,Apartment,Leasehold,Non Bumi Lot,Medium,Selangor,Ampang
168000,732.0,3.0,1.0,1.0,1,1,0,0,0,0,1,0,,,,Apartment,Leasehold,Non Bumi Lot,Unknown,Selangor,Ampang
300000,800.0,3.0,2.0,1.0,4,1,1,0,1,0,1,0,,,,Condominium,Freehold,Non Bumi Lot,Medium,Selangor,USJ
355000,1173.0,3.0,2.0,1.0,6,1,1,0,0,1,1,0,,15.0,,Condominium,Leasehold,Bumi Lot,Medium,Selangor,Shah Alam
185000,650.0,3.0,1.0,1.0,3,1,0,0,0,1,1,0,,12.0,216.0,Apartment,Freehold,Non Bumi Lot,Unknown,Kuala Lumpur,Kuala Lumpur
550000,1650.0,4.0,2.0,1.0,6,0,0,0,0,0,0,0,,24.0,234.0,Condominium,Freehold,Non Bumi Lot,High,Penang,Ayer Itam
430000,657.0,2.0,1.0,1.0,6,0,1,0,0,0,1,0,2022.0,,596.0,Service Residence,Leasehold,Non Bumi Lot,Unknown,Selangor,Kota Kemuning
390000,850.0,3.0,2.0,2.0,6,0,0,0,0,0,0,0,1997.0,,216.0,Apartment,Freehold,Non Bumi Lot,Low,Penang,Bayan Lepas
140000,652.0,3.0,2.0,1.0,0,0,0,0,0,0,0,0,,5.0,,Apartment,Freehold,Bumi Lot,Low,Selangor,Kajang
386000,946.0,3.0,2.0,1.0,9,0,0,0,0,0,0,0,2000.0,18.0,752.0,Condominium,Leasehold,Bumi Lot,Medium,Kuala Lumpur,Kuala Lumpur
245000,600.0,1.0,1.0,1.0,6,1,1,0,1,0,1,0,2009.0,33.0,384.0,Service Residence,Leasehold,Non Bumi Lot,Unknown,Selangor,Ampang
394000,1100.0,3.0,2.0,2.0,14,0,0,0,0,0,0,0,,,,Condominium,Freehold,Non Bumi Lot,Medium,Selangor,Kajang
380000,1334.0,3.0,2.0,1.0,3,0,0,0,0,0,0,0,2017.0,11.0,147.0,Condominium,Freehold,Non Bumi Lot,Unknown,Penang,Bukit Mertajam
930000,2809.0,4.0,3.0,2.0,11,0,0,0,0,0,0,0,1998.0,15.0,198.0,Condominium,Freehold,Non Bumi Lot,High,Putrajaya,Putrajaya
295000,700.0,3.0,2.0,1.0,5,0,0,0,0,0,0,0,,5.0,,Apartment,Freehold,Non Bumi Lot,Unknown,Penang,Sungai Nibong
488000,1100.0,3.0,2.0,1.0,10,1,1,0,1,1,1,0,1999.0,18.0,,Condominium,Freehold,Non Bumi Lot,Medium,Kuala Lumpur,Kuala Lumpur
530000,1100.0,3.0,2.0,2.0,0,0,0,0,0,0,0,0,2001.0,31.0,360.0,Condominium,Freehold,Non Bumi Lot,Low,Penang,Jelutong
200500,400.0,1.0,1.0,1.0,14,0,0,0,0,0,0,0,,,,Studio,Leasehold,Non Bumi Lot,Unknown,Selangor,Damansara Jaya
335000,680.0,3.0,2.0,1.0,3,0,0,0,0,0,0,0,2006.0,20.0,,Apartment,Freehold,Non Bumi Lot,Medium,Penang,Jelutong
350000,850.0,3.0,2.0,1.0,7,0,0,0,0,0,0,0,2008.0,29.0,,Apartment,Freehold,Non Bumi Lot,High,Penang,Bayan Lepas
370000,750.0,3.0,2.0,1.0,2,0,0,0,0,0,0,0,,18.0,112.0,Apartment,Freehold,Non Bumi Lot,Unknown,Penang,Jelutong
135000,600.0,3.0,1.0,1.0,2,0,0,0,0,0,0,0,2005.0,20.0,,Apartment,Freehold,Non Bumi Lot,Unknown,Penang,Batu Ferringhi
645000,1349.0,4.0,2.0,1.0,6,0,0,0,0,0,0,0,2008.0,28.0,134.0,Condominium,Freehold,Non Bumi Lot,Low,Penang,Gelugor
200200,400.0,1.0,1.0,1.0,14,0,0,0,0,0,0,0,,,,Studio,Leasehold,Non Bumi Lot,Unknown,Selangor,Bandar Utama
485000,1282.0,4.0,3.0,2.0,13,1,1,0,0,1,1,0,2012.0,18.0,453.0,Condominium,Freehold,Non Bumi Lot,High,Selangor,Puchong
350000,430.0,2.0,2.0,1.0,0,1,1,1,1,1,1,0,2021.0,,1100.0,Service Residence,Freehold,Non Bumi Lot,Unknown,Kuala Lumpur,Kuala Lumpur
200000,400.0,1.0,1.0,1.0,14,0,0,0,0,0,0,0,,,,Studio,Leasehold,Non Bumi Lot,Unknown,Selangor,SS2
505000,953.0,3.0,2.0,1.0,11,1,0,0,0,0,1,0,2020.0,,280.0,Condominium,Freehold,Non Bumi Lot,Unknown,Selangor,Shah Alam
468000,657.0,2.0,1.0,1.0,6,0,1,0,0,0,1,0,2022.0,,596.0,Service Residence,Leasehold,Non Bumi Lot,Unknown,Selangor,Kota Kemuning
280000,1001.0,2.0,2.0,1.0,13,0,1,1,0,0,0,0,2010.0,22.0,1074.0,Condominium,Leasehold,Non Bumi Lot,Low,Selangor,Selayang
250000,957.0,3.0,2.0,1.0,5,0,0,0,0,0,0,1,2004.0,18.0,332.0,Apartment,Freehold,Bumi Lot,Low,Selangor,Kajang
360000,910.0,3.0,2.0,3.0,9,1,0,0,1,0,1,0,2006.0,17.0,702.0,Condominium,Leasehold,Non Bumi Lot,Unknown,Selangor,Ampang
390000,1100.0,3.0,2.0,2.0,14,0,0,0,0,0,0,0,,,,Condominium,Freehold,Non Bumi Lot,Medium,Selangor,Kajang
324000,775.0,3.0,2.0,1.0,6,1,0,0,0,1,0,0,2017.0,34.0,1502.0,Apartment,Leasehold,Non Bumi Lot,High,Kuala Lumpur,Kuala Lumpur
325000,850.0,3.0,2.0,2.0,9,0,0,0,0,0,0,0,2020.0,17.0,299.0,Condominium,Freehold,Non Bumi Lot,Medium,Selangor,Semenyih
365000,925.0,3.0,2.0,1.0,8,0,0,0,0,0,0,0,2017.0,16.0,412.0,Service Residence,Leasehold,Bumi Lot,Medium,Kuala Lumpur,Kuala Lumpur
229999,1000.0,3.0,2.0,1.0,3,0,0,0,0,0,0,0,,,,Apartment,Leasehold,Bumi Lot,Medium,Johor,Johor Bahru
360000,1049.0,3.0,2.0,1.0,6,0,0,0,0,0,0,0,2006.0,12.0,260.0,Condominium,Leasehold,Bumi Lot,High,Selangor,Shah Alam
355000,1173.0,3.0,2.0,1.0,8,1,1,0,0,1,1,0,,15.0,,Condominium,Leasehold,Bumi Lot,Medium,Selangor,Shah Alam
340000,700.0,3.0,2.0,1.0,10,0,0,0,0,0,0,0,1997.0,28.0,422.0,Condominium,Freehold,Non Bumi Lot,Medium,Penang,Gelugor
489000,1144.0,3.0,2.0,1.0,7,0,0,0,0,0,0,0,,,243.0,Service Residence,Leasehold,Non Bumi Lot,High,Johor,Masai
99000,700.0,3.0,2.0,2.0,0,0,0,0,0,0,0,0,,,,Apartment,Leasehold,Bumi Lot,Medium,Selangor,Bukit Beruntung
175000,650.0,3.0,2.0,1.0,4,0,0,0,0,0,0,0,,,,Flat,Leasehold,Non Bumi Lot,Unknown,Penang,Ayer Itam
380790,797.0,2.0,2.0,1.0,6,0,0,0,0,0,0,0,,,,Condominium,Leasehold,Non Bumi Lot,High,Johor,Johor Bahru
170000,750.0,3.0,2.0,1.0,6,0,0,0,0,0,0,0,,,,Apartment,Freehold,Non Bumi Lot,Low,Selangor,Rawang
295000,950.0,3.0,2.0,1.0,6,0,0,0,0,0,0,0,1989.0,17.0,592.0,Apartment,Leasehold,Non Bumi Lot,Unknown,Penang,Jelutong
499000,1250.0,3.0,2.0,2.0,8,0,0,0,0,0,0,0,2018.0,,461.0,Condominium,Freehold,Non Bumi Lot,High,Selangor,Kajang
610000,881.0,3.0,2.0,2.0,9,1,0,0,1,1,0,0,,,,Service Residence,Freehold,Bumi Lot,Medium,Kuala Lumpur,Kuala Lumpur
1059888,1557.0,3.0,3.0,2.0,7,0,0,0,0,0,0,0,,,,Condominium,Leasehold,Non Bumi Lot,Medium,Sabah,Kota Kinabalu
549000,1335.0,3.0,2.0,2.0,10,0,0,0,0,0,0,0,,,,Condominium,Freehold,Non Bumi Lot,Medium,Selangor,Sungai Buloh
285000,811.0,3.0,2.0,1.0,5,0,0,1,0,1,0,0,1996.0,4.0,368.0,Condominium,Freehold,Non Bumi Lot,Medium,Selangor,Bandar Sri Damansara
456000,926.0,3.0,2.0,2.0,9,0,0,0,0,0,0,0,,,,Service Residence,Freehold,Non Bumi Lot,Low,Selangor,Klang
520000,1073.0,3.0,2.0,2.0,14,1,1,0,1,0,1,0,2020.0,40.0,1052.0,Condominium,Leasehold,Non Bumi Lot,Unknown,Kuala Lumpur,Kuala Lumpur
400000,997.0,3.0,2.0,1.0,13,0,0,0,0,0,0,0,,5.0,400.0,Condominium,Freehold,Non Bumi Lot,Low,Kuala Lumpur,Kuala Lumpur
1480000,1200.0,3.0,2.0,2.0,12,0,0,0,0,0,0,0,2022.0,,450.0,Condominium,Freehold,Non Bumi Lot,High,Penang,Bayan Lepas
1450000,1200.0,3.0,2.0,2.0,10,0,0,0,0,0,0,0,2022.0,,450.0,Condominium,Freehold,Non Bumi Lot,Medium,Penang,Bayan Lepas
379000,900.0,3.0,2.0,1.0,5,1,1,0,1,1,1,0,1997.0,5.0,,Apartment,Freehold,Bumi Lot,Low,Selangor,Subang Jaya
1338000,1850.0,4.0,4.0,2.0,8,0,0,0,0,0,0,0,,,82.0,Condominium,Leasehold,Non Bumi Lot,Medium,Sabah,Likas
360000,1002.0,3.0,2.0,1.0,0,0,0,0,0,0,0,0,2020.0,14.0,780.0,Apartment,Freehold,Non Bumi Lot,Low,Penang,Butterworth
380000,820.0,2.0,2.0,1.0,9,0,0,0,0,0,0,0,2014.0,,561.0,Apartment,Freehold,Non Bumi Lot,Medium,Johor,Johor Bahru
210000,1001.0,3.0,2.0,1.0,0,0,0,0,0,0,0,0,,4.0,,Apartment,Leasehold,Non Bumi Lot,High,Johor,Johor Bahru
520000,2124.0,3.0,4.0,1.0,10,0,0,0,0,0,0,0,,14.0,319.0,Apartment,Freehold,Non Bumi Lot,High,Johor,Skudai
772090,798.0,2.0,2.0,1.0,13,0,0,0,0,0,0,0,2018.0,35.0,3224.0,Service Residence,Freehold,Non Bumi Lot,High,Johor,Johor Bahru
950000,2214.0,4.0,3.0,4.0,11,1,1,0,0,1,1,0,2018.0,22.0,576.0,Service Residence,Freehold,Non Bumi Lot,High,Selangor,Klang
515000,982.0,3.0,2.0,2.0,10,0,0,0,0,0,0,0,2017.0,,,Condominium,Leasehold,Non Bumi Lot,Medium,Sabah,Penampang
408000,1000.0,3.0,2.0,1.0,9,0,0,0,0,0,0,0,,,109.0,Condominium,Leasehold,Non Bumi Lot,Medium,Sabah,Kota Kinabalu
620000,1165.0,3.0,2.0,2.0,10,0,0,0,0,0,0,0,2021.0,,406.0,Condominium,Freehold,Non Bumi Lot,Unknown,Penang,Relau
300000,800.0,3.0,2.0,1.0,11,1,1,1,0,1,1,0,2026.0,,3600.0,Service Residence,Leasehold,Non Bumi Lot,Medium,Kuala Lumpur,Kuala Lumpur
380000,1000.0,3.0,2.0,1.0,6,0,0,0,0,0,0,0,,,,Condominium,Leasehold,Non Bumi Lot,Low,Kuala Lumpur,Kuala Lumpur
259999,755.0,3.0,2.0,1.0,8,0,0,0,0,0,0,0,2010.0,14.0,336.0,Condominium,Freehold,Non Bumi Lot,Medium,Kuala Lumpur,Kuala Lumpur
240000,1080.0,3.0,2.0,1.0,0,0,0,0,0,0,0,0,,4.0,1.0,Apartment,Freehold,Non Bumi Lot,Medium,Selangor,Cheras
360000,1049.0,3.0,2.0,1.0,0,1,0,0,0,1,1,0,,,,Condominium,Leasehold,Bumi Lot,High,Selangor,Shah Alam
250000,883.0,3.0,2.0,1.0,9,0,0,0,0,0,0,0,2001.0,14.0,704.0,Condominium,Leasehold,Non Bumi Lot,Low,Selangor,Bandar Sungai Long
350000,703.0,2.0,2.0,1.0,11,0,0,0,0,0,0,0,,,,Condominium,Freehold,Non Bumi Lot,Medium,Penang,Batu Kawan
142000,519.0,2.0,1.0,1.0,3,1,1,1,1,0,1,0,,,,Flat,Leasehold,Bumi Lot,High,Selangor,Ampang
410000,1000.0,3.0,2.0,2.0,9,0,0,0,0,0,0,0,,,,Condominium,Freehold,Non Bumi Lot,Medium,Penang,Bayan Lepas
415000,1000.0,3.0,2.0,2.0,9,0,0,0,0,0,0,0,,,,Condominium,Freehold,Non Bumi Lot,Medium,Penang,Bayan Lepas
230000,950.0,3.0,2.0,1.0,4,1,0,0,0,1,1,0,,5.0,,Apartment,Leasehold,Non Bumi Lot,Low,Selangor,Bandar Kinrara
280000,820.0,3.0,2.0,2.0,3,1,0,0,0,0,1,0,,,,Apartment,Freehold,Bumi Lot,Low,Selangor,Shah Alam
260000,573.0,1.0,1.0,1.0,0,0,0,0,0,0,0,0,,,,Condominium,Freehold,Non Bumi Lot,Unknown,Johor,Iskandar Puteri
180000,650.0,3.0,1.0,1.0,1,1,0,0,0,0,0,0,,,,Apartment,Leasehold,Bumi Lot,Low,Selangor,Batu Caves
365000,925.0,3.0,2.0,1.0,9,0,0,0,0,0,0,0,2017.0,16.0,412.0,Service Residence,Leasehold,Bumi Lot,High,Kuala Lumpur,Kuala Lumpur
300000,860.0,3.0,2.0,1.0,0,0,0,0,0,0,0,0,,,,Apartment,Freehold,Non Bumi Lot,Medium,Penang,Paya Terubong
170000,650.0,3.0,2.0,1.0,0,1,0,1,0,1,0,0,,,,Flat,Leasehold,Non Bumi Lot,Unknown,Kuala Lumpur,Kuala Lumpur
338000,1184.0,3.0,2.0,1.0,0,0,0,0,0,0,0,0,,,,Apartment,Freehold,Non Bumi Lot,Unknown,Johor,Skudai
330000,1184.0,3.0,2.0,1.0,0,0,0,0,0,0,0,0,,,,Apartment,Freehold,Non Bumi Lot,Unknown,Johor,Skudai
366000,541.0,1.0,1.0,2.0,14,0,0,0,0,0,0,0,,,,Service Residence,Leasehold,Non Bumi Lot,Medium,Johor,Iskandar Puteri
338000,1184.0,3.0,2.0,1.0,0,0,0,0,0,0,0,0,,,,Apartment,Freehold,Non Bumi Lot,Unknown,Johor,Skudai
394000,1050.0,3.0,2.0,2.0,14,0,0,0,0,0,0,0,,,,Condominium,Freehold,Non Bumi Lot,Medium,Selangor,Kajang
399000,1300.0,3.0,3.0,2.0,4,0,0,0,0,0,0,0,2020.0,55.0,360.0,Condominium,Freehold,Non Bumi Lot,High,Johor,Johor Bahru
209000,463.0,1.0,1.0,1.0,14,0,0,0,0,0,0,0,,,,Condominium,Leasehold,Non Bumi Lot,High,Johor,Johor Bahru
288000,955.0,3.0,2.0,1.0,0,1,0,1,0,0,0,0,,,,Apartment,Freehold,Non Bumi Lot,Low,Selangor,Klang
450000,950.0,3.0,2.0,2.0,12,1,0,0,0,1,1,0,2023.0,38.0,900.0,Apartment,Leasehold,Non Bumi Lot,Medium,Kuala Lumpur,Kuala Lumpur
450000,950.0,3.0,2.0,2.0,12,1,0,0,0,1,1,0,2023.0,38.0,900.0,Apartment,Leasehold,Non Bumi Lot,Medium,Kuala Lumpur,Kuala Lumpur
1200000,950.0,2.0,2.0,2.0,10,0,0,0,0,0,0,0,2022.0,,450.0,Condominium,Freehold,Non Bumi Lot,Medium,Penang,Bayan Lepas
990000,950.0,2.0,3.0,2.0,12,0,0,0,0,0,0,0,2022.0,,450.0,Condominium,Freehold,Non Bumi Lot,High,Penang,Bayan Lepas
318000,850.0,3.0,2.0,1.0,0,1,0,0,0,0,1,0,2017.0,5.0,400.0,Apartment,Freehold,Non Bumi Lot,Low,Selangor,Klang
275000,850.0,3.0,2.0,1.0,2,1,0,0,0,1,1,0,,,,Apartment,Freehold,Non Bumi Lot,Unknown,Selangor,Klang
228000,850.0,3.0,2.0,1.0,0,0,0,0,0,0,1,0,,,,Apartment,Freehold,Non Bumi Lot,Low,Selangor,Klang
660000,1277.0,3.0,3.0,3.0,7,0,0,0,0,0,0,0,2016.0,15.0,138.0,Condominium,Leasehold,Bumi Lot,Medium,Selangor,Shah Alam
245000,1065.0,3.0,2.0,1.0,0,1,0,1,0,0,1,0,,9.0,,Apartment,Freehold,Non Bumi Lot,Unknown,Selangor,Klang
930000,950.0,2.0,2.0,2.0,4,0,0,0,0,0,0,0,2022.0,,450.0,Condominium,Freehold,Non Bumi Lot,Medium,Penang,Bayan Lepas
388000,906.0,2.0,2.0,2.0,8,0,0,0,0,0,0,0,2014.0,21.0,460.0,Service Residence,Freehold,Non Bumi Lot,Medium,Johor,Johor Bahru
270000,754.0,3.0,2.0,1.0,0,0,0,0,0,0,0,0,,,,Apartment,Leasehold,Bumi Lot,Low,Selangor,Shah Alam
330000,900.0,3.0,2.0,1.0,4,0,0,0,0,0,0,0,,5.0,,Apartment,Freehold,Non Bumi Lot,Low,Penang,Tanjung Bungah
345000,900.0,3.0,2.0,2.0,7,1,0,0,0,0,0,0,2023.0,25.0,1168.0,Apartment,Freehold,Bumi Lot,Medium,Selangor,Cyberjaya
451000,1100.0,3.0,2.0,1.0,9,0,0,0,0,0,0,0,,,109.0,Condominium,Leasehold,Non Bumi Lot,Medium,Sabah,Kota Kinabalu
528000,1000.0,3.0,2.0,1.0,5,0,0,0,0,0,0,0,2015.0,,,Condominium,Freehold,Non Bumi Lot,Low,Sabah,Kota Kinabalu
607000,884.0,1.0,2.0,2.0,9,0,0,0,0,0,0,0,,,,Others,Leasehold,Non Bumi Lot,Medium,Sabah,Kota Kinabalu
215000,650.0,3.0,2.0,1.0,5,0,0,0,0,0,0,0,2014.0,,,Apartment,Freehold,Non Bumi Lot,Unknown,Penang,Sungai Ara
680000,914.0,2.0,2.0,2.0,6,1,0,0,1,1,1,0,2021.0,,,Service Residence,Freehold,Non Bumi Lot,Unknown,Selangor,Shah Alam
520000,1346.0,4.0,3.0,2.0,6,1,0,0,0,1,1,0,2008.0,19.0,448.0,Condominium,Leasehold,Bumi Lot,Unknown,Selangor,Subang Jaya
298000,700.0,3.0,2.0,1.0,1,0,0,0,0,0,0,0,1997.0,22.0,1008.0,Apartment,Freehold,Non Bumi Lot,Unknown,Penang,Jelutong
395000,1400.0,3.0,2.0,1.0,5,1,0,0,1,1,0,1,,18.0,288.0,Condominium,Leasehold,Non Bumi Lot,Medium,Kuala Lumpur,Kuala Lumpur
530000,1050.0,3.0,2.0,2.0,7,1,1,0,1,0,1,0,2017.0,34.0,542.0,Service Residence,Leasehold,Non Bumi Lot,Medium,Kuala Lumpur,Kuala Lumpur
480000,715.0,2.0,2.0,1.0,10,1,0,0,0,1,0,0,2016.0,,1388.0,Service Residence,Freehold,Non Bumi Lot,High,Kuala Lumpur,Kuala Lumpur
470000,1030.0,3.0,2.0,2.0,14,0,0,0,0,0,0,0,,,,Condominium,Freehold,Non Bumi Lot,Low,Kuala Lumpur,Kuala Lumpur
770000,1382.0,3.0,2.0,2.0,11,1,1,1,1,1,0,0,2016.0,,396.0,Condominium,Leasehold,Non Bumi Lot,Low,Kuala Lumpur,Kuala Lumpur
470000,1300.0,3.0,2.0,3.0,10,0,0,0,0,0,0,0,2012.0,,350.0,Condominium,Freehold,Non Bumi Lot,Medium,Selangor,Cyberjaya
99000,500.0,2.0,1.0,1.0,0,0,0,0,0,0,0,0,,,,Others,Leasehold,Non Bumi Lot,Unknown,Unknown,Unknown
328000,700.0,3.0,2.0,1.0,2,0,0,0,0,0,0,0,1999.0,9.0,155.0,Apartment,Freehold,Non Bumi Lot,Low,Penang,Gelugor
128000,600.0,3.0,1.0,1.0,3,0,0,0,0,0,0,0,,,,Flat,Leasehold,Non Bumi Lot,High,Selangor,Batu Caves
450000,1010.0,3.0,2.0,2.0,8,1,0,0,0,0,1,0,2017.0,42.0,1932.0,Condominium,Leasehold,Bumi Lot,Medium,Selangor,Cyberjaya
195000,689.0,3.0,2.0,1.0,5,1,0,0,0,1,1,1,,,,Apartment,Freehold,Bumi Lot,Unknown,Selangor,Subang Jaya
410000,928.0,5.0,2.0,2.0,0,1,0,1,0,1,1,0,,,,Service Residence,Freehold,Non Bumi Lot,High,Kuala Lumpur,Kuala Lumpur
280000,850.0,3.0,2.0,1.0,5,0,0,0,0,0,0,0,,,960.0,Apartment,Freehold,Bumi Lot,Medium,Selangor,Cyberjaya
245000,850.0,3.0,2.0,1.0,5,0,0,0,0,0,0,0,,20.0,,Apartment,Leasehold,Non Bumi Lot,Medium,Selangor,Damansara Perdana
548000,1349.0,3.0,2.0,2.0,7,0,0,0,0,0,0,0,2015.0,,128.0,Condominium,Leasehold,Non Bumi Lot,High,Sabah,Kota Kinabalu
420000,900.0,3.0,2.0,1.0,0,0,0,0,0,0,0,0,,,,Condominium,Leasehold,Non Bumi Lot,Medium,Sabah,Penampang
318000,753.0,2.0,1.0,1.0,6,0,0,0,0,0,0,0,2014.0,,,Apartment,Freehold,Non Bumi Lot,Low,Johor,Johor Bahru
200000,1000.0,3.0,2.0,1.0,0,0,0,0,0,0,0,0,,,,Apartment,Leasehold,Non Bumi Lot,Medium,Melaka,Melaka City
450000,1177.0,3.0,3.0,1.0,5,1,1,0,0,1,1,0,,15.0,,Condominium,Leasehold,Bumi Lot,Low,Selangor,Shah Alam
299000,980.0,3.0,2.0,1.0,14,0,0,0,0,0,0,0,,,,Condominium,Freehold,Non Bumi Lot,Medium,Selangor,Dengkil
319000,945.0,3.0,2.0,2.0,14,0,0,0,0,0,0,0,,,,Condominium,Freehold,Non Bumi Lot,Medium,Selangor,Salak Tinggi
320000,1000.0,4.0,3.0,2.0,14,0,0,0,0,0,0,0,,,,Condominium,Freehold,Non Bumi Lot,Medium,Selangor,Sepang
210000,807.0,3.0,2.0,1.0,2,0,0,0,0,0,0,0,,,,Apartment,Freehold,Non Bumi Lot,Medium,Penang,Perai
270000,818.0,2.0,2.0,1.0,14,1,0,0,0,0,1,0,2014.0,33.0,1002.0,Service Residence,Leasehold,Non Bumi Lot,High,Selangor,Puchong
258000,1458.0,4.0,3.0,1.0,13,1,1,0,0,1,1,0,2002.0,,1188.0,Condominium,Freehold,Non Bumi Lot,High,Selangor,Cyberjaya
220000,865.0,3.0,2.0,1.0,6,1,0,0,0,0,1,0,,15.0,,Apartment,Leasehold,Bumi Lot,High,Selangor,Seri Kembangan
300000,850.0,3.0,2.0,1.0,6,1,0,0,0,1,0,0,2013.0,15.0,,Condominium,Freehold,Bumi Lot,Medium,Selangor,Ampang
500000,1087.0,3.0,2.0,1.0,8,1,1,0,1,1,0,0,,6.0,,Condominium,Freehold,Non Bumi Lot,Unknown,Kuala Lumpur,Kuala Lumpur
360000,920.0,3.0,2.0,2.0,10,0,0,0,0,0,0,0,,,,Apartment,Freehold,Non Bumi Lot,Medium,Johor,Skudai
430000,1040.0,3.0,2.0,2.0,7,1,1,1,0,1,1,0,2016.0,28.0,700.0,Service Residence,Leasehold,Non Bumi Lot,High,Kuala Lumpur,Kuala Lumpur
480000,1272.0,4.0,2.0,2.0,12,1,1,1,0,1,1,0,2008.0,22.0,800.0,Condominium,Leasehold,Non Bumi Lot,Medium,Kuala Lumpur,Kuala Lumpur
479000,1411.0,3.0,2.0,2.0,9,1,0,0,0,1,1,0,2011.0,21.0,286.0,Condominium,Leasehold,Bumi Lot,Medium,Selangor,Puchong
250000,736.0,3.0,2.0,2.0,4,0,0,0,0,1,0,1,2010.0,,596.0,Apartment,Freehold,Non Bumi Lot,Unknown,Selangor,Shah Alam
240000,860.0,3.0,2.0,1.0,4,1,0,0,0,0,0,0,,,,Apartment,Freehold,Non Bumi Lot,Unknown,Selangor,Klang
790000,2509.0,5.0,4.0,2.0,11,0,0,0,0,0,0,0,2008.0,,,Condominium,Freehold,Non Bumi Lot,High,Penang,Butterworth
535000,1124.0,3.0,3.0,2.0,11,0,1,1,1,1,1,0,2016.0,22.0,616.0,Service Residence,Freehold,Non Bumi Lot,Low,Selangor,Shah Alam
410000,1272.0,4.0,2.0,2.0,6,0,0,0,0,0,0,0,2013.0,17.0,475.0,Condominium,Freehold,Non Bumi Lot,Medium,Kuala Lumpur,Kuala Lumpur
835000,1250.0,3.0,3.0,2.0,13,0,0,0,0,0,0,0,2022.0,,630.0,Service Residence,Leasehold,Non Bumi Lot,High,Sabah,Kota Kinabalu
350000,750.0,2.0,2.0,2.0,3,0,0,0,0,0,0,0,,,,Condominium,Freehold,Non Bumi Lot,Medium,Johor,Iskandar Puteri
199000,450.0,1.0,1.0,1.0,9,0,0,0,0,0,0,0,,,,Studio,Freehold,Non Bumi Lot,High,Selangor,Cyberjaya
596957,1227.0,3.0,2.0,2.0,7,0,0,0,0,0,0,0,2020.0,17.0,676.0,Condominium,Freehold,Non Bumi Lot,High,Putrajaya,Putrajaya
355000,984.0,3.0,2.0,2.0,0,0,0,0,0,0,0,0,2020.0,26.0,420.0,Apartment,Freehold,Non Bumi Lot,Unknown,Selangor,Kajang
800000,450.0,1.0,1.0,1.0,4,1,1,1,1,1,1,0,,,,Service Residence,Leasehold,Non Bumi Lot,Medium,Kuala Lumpur,Kuala Lumpur
315000,680.0,3.0,2.0,2.0,3,0,0,0,0,0,0,0,,,,Apartment,Freehold,Non Bumi Lot,Medium,Penang,Relau
165000,500.0,2.0,1.0,1.0,4,0,0,0,0,0,0,0,,,,Apartment,Freehold,Non Bumi Lot,Low,Penang,Paya Terubong
400000,1378.0,3.0,2.0,1.0,4,0,0,0,0,0,0,0,2017.0,15.0,368.0,Condominium,Leasehold,Bumi Lot,Unknown,Kuala Lumpur,Kuala Lumpur
220000,731.0,3.0,2.0,1.0,2,1,0,0,0,0,0,0,,,,Apartment,Freehold,Non Bumi Lot,Medium,Selangor,Kapar
229000,786.0,3.0,2.0,1.0,5,0,0,0,0,0,0,0,,,,Apartment,Leasehold,Bumi Lot,Low,Selangor,Gombak
358000,407.0,1.0,1.0,1.0,14,0,0,0,0,0,0,0,2017.0,,,Condominium,Freehold,Non Bumi Lot,Medium,Johor,Johor Bahru
175000,560.0,2.0,1.0,1.0,0,1,0,1,0,1,1,0,,,,Flat,Leasehold,Non Bumi Lot,Unknown,Kuala Lumpur,Kuala Lumpur
500000,1001.0,3.0,2.0,1.0,7,0,0,0,0,0,0,0,2020.0,44.0,1400.0,Condominium,Freehold,Non Bumi Lot,Unknown,Kuala Lumpur,Kuala Lumpur
350000,700.0,3.0,2.0,1.0,6,0,0,0,0,0,0,0,2006.0,20.0,,Apartment,Freehold,Non Bumi Lot,Unknown,Penang,Jelutong
270000,800.0,3.0,2.0,1.0,1,0,0,0,0,0,0,0,,5.0,,Apartment,Freehold,Bumi Lot,Low,Selangor,Puchong
410000,700.0,3.0,2.0,1.0,6,0,0,0,0,0,0,0,2006.0,18.0,182.0,Apartment,Freehold,Non Bumi Lot,Unknown,Penang,Jelutong
1150000,2200.0,5.0,4.0,2.0,1,0,0,0,0,0,0,0,,,,Others,Freehold,Non Bumi Lot,Unknown,Kuala Lumpur,Kuala Lumpur
2080000,2600.0,2.0,3.0,1.0,0,0,0,0,0,0,0,0,,,,Service Residence,Freehold,Non Bumi Lot,Unknown,Penang,George Town
350000,538.0,1.0,1.0,1.0,7,0,0,0,0,0,0,0,,,316.0,Service Residence,Freehold,Non Bumi Lot,High,Johor,Iskandar Puteri
108000,530.0,2.0,1.0,5.0,1,0,0,0,0,0,0,0,,,,Flat,Freehold,Non Bumi Lot,High,Johor,Skudai
570000,1044.0,3.0,2.0,2.0,12,1,0,0,0,1,1,0,2024.0,11.0,628.0,Condominium,Leasehold,Non Bumi Lot,Medium,Kuala Lumpur,Kuala Lumpur
570000,1110.0,3.0,2.0,2.0,9,0,0,0,0,0,0,0,2008.0,,410.0,Condominium,Freehold,Non Bumi Lot,Medium,Kuala Lumpur,Kuala Lumpur
490000,900.0,3.0,2.0,2.0,9,0,0,0,0,0,0,0,2020.0,33.0,490.0,Condominium,Freehold,Non Bumi Lot,High,Penang,Simpang Ampat
290000,1200.0,4.0,3.0,2.0,0,0,0,0,0,0,0,0,,,,Condominium,Freehold,Non Bumi Lot,Unknown,Selangor,Bangi
290000,1100.0,3.0,2.0,1.0,2,1,0,0,1,1,1,0,,5.0,,Apartment,Freehold,Non Bumi Lot,Unknown,Kuala Lumpur,Kuala Lumpur
385000,1250.0,3.0,2.0,2.0,14,0,0,0,0,0,0,0,,,,Condominium,Freehold,Non Bumi Lot,Medium,Selangor,Serdang
352000,904.0,3.0,2.0,2.0,8,0,0,0,0,0,0,0,2025.0,,406.0,Service Residence,Freehold,Non Bumi Lot,High,Selangor,Sepang
690000,750.0,1.0,1.0,1.0,1,0,0,0,0,0,0,0,,,,Service Residence,Freehold,Non Bumi Lot,Unknown,Penang,Tanjong Tokong
1009000,1766.0,4.0,3.0,2.0,9,0,0,0,0,0,0,0,2022.0,25.0,89.0,Condominium,Freehold,Non Bumi Lot,Unknown,Penang,Bayan Lepas
399000,1000.0,3.0,2.0,2.0,14,0,0,0,0,0,0,0,,,,Condominium,Freehold,Non Bumi Lot,Medium,Putrajaya,Putrajaya
100000,700.0,3.0,2.0,1.0,0,0,0,0,0,0,0,0,,,,Flat,Freehold,Bumi Lot,High,Selangor,Semenyih
195000,547.0,2.0,1.0,1.0,2,1,1,0,0,0,0,0,,,,Flat,Leasehold,Bumi Lot,Unknown,Kuala Lumpur,Kuala Lumpur
840000,1338.0,4.0,3.0,2.0,11,0,0,0,0,0,0,0,2020.0,,803.0,Condominium,Freehold,Non Bumi Lot,Medium,Penang,Jelutong
800000,1219.0,3.0,2.0,2.0,10,0,0,0,0,0,0,0,2021.0,24.0,1235.0,Condominium,Freehold,Non Bumi Lot,High,Penang,Batu Uban
258000,1130.0,3.0,2.0,1.0,0,0,0,0,0,0,0,0,,5.0,,Apartment,Freehold,Non Bumi Lot,High,Johor,Johor Bahru
788000,318.0,1.0,1.0,1.0,14,0,0,0,0,0,0,0,,,,Service Residence,Freehold,Non Bumi Lot,Low,Kuala Lumpur,Kuala Lumpur
298000,860.0,3.0,2.0,1.0,0,0,0,0,0,0,0,0,,,,Apartment,Freehold,Non Bumi Lot,Medium,Penang,Perai
200000,828.0,3.0,2.0,1.0,4,0,0,0,0,0,0,0,,12.0,,Apartment,Freehold,Non Bumi Lot,Medium,Penang,Butterworth
220000,656.0,3.0,1.0,1.0,1,0,0,0,0,0,0,0,,,,Flat,Freehold,Bumi Lot,Low,Penang,Teluk Kumbar
105000,500.0,2.0,1.0,1.0,0,0,0,0,0,0,0,0,,,,Flat,Leasehold,Non Bumi Lot,Medium,Penang,George Town
275000,850.0,3.0,2.0,1.0,6,1,0,0,0,1,0,0,2013.0,15.0,,Condominium,Freehold,Bumi Lot,Unknown,Selangor,Ampang
375000,1000.0,3.0,2.0,1.0,0,0,0,0,0,0,0,0,1994.0,22.0,504.0,Condominium,Freehold,Non Bumi Lot,Medium,Penang,Gelugor
360000,750.0,3.0,2.0,1.0,4,0,0,0,0,0,0,0,,20.0,608.0,Apartment,Freehold,Non Bumi Lot,Low,Penang,Bayan Lepas
715000,800.0,3.0,2.0,1.0,9,0,0,0,0,0,0,0,,,,Others,Freehold,Bumi Lot,Unknown,Unknown,Unknown
325000,904.0,3.0,2.0,1.0,9,1,0,1,0,1,1,0,,12.0,,Condominium,Freehold,Non Bumi Lot,Unknown,Selangor,Puchong
350000,1159.0,3.0,2.0,1.0,5,0,0,0,0,0,0,0,,,,Apartment,Freehold,Non Bumi Lot,Medium,Penang,Bukit Mertajam
232000,815.0,3.0,2.0,1.0,7,0,1,0,0,1,1,0,2004.0,20.0,998.0,Apartment,Leasehold,Non Bumi Lot,Medium,Selangor,Seri Kembangan
223880,560.0,2.0,1.0,1.0,3,0,0,0,0,0,0,0,,,,Condominium,Freehold,Non Bumi Lot,Medium,Selangor,Cyberjaya
400000,1043.0,3.0,2.0,2.0,14,0,0,0,0,0,0,0,,,,Condominium,Freehold,Non Bumi Lot,Low,Selangor,Puchong
348000,1002.0,3.0,2.0,2.0,0,1,0,0,0,0,1,0,2017.0,42.0,1932.0,Condominium,Leasehold,Non Bumi Lot,Low,Selangor,Cyberjaya
315000,929.0,3.0,2.0,2.0,9,0,0,0,0,0,0,0,,,,Apartment,Freehold,Bumi Lot,Medium,Negeri Sembilan,Nilai
380000,700.0,3.0,2.0,1.0,2,0,0,0,0,0,0,0,,18.0,112.0,Apartment,Freehold,Non Bumi Lot,Unknown,Penang,Jelutong
160000,650.0,3.0,2.0,1.0,12,1,0,1,1,0,0,0,,5.0,,Flat,Leasehold,Bumi Lot,High,Selangor,Kota Damansara
630000,913.0,2.0,2.0,2.0,8,1,1,1,0,1,1,0,2008.0,35.0,302.0,Condominium,Freehold,Non Bumi Lot,Unknown,Kuala Lumpur,Kuala Lumpur
190000,871.0,3.0,2.0,1.0,0,0,0,0,0,0,0,0,,,,Apartment,Freehold,Non Bumi Lot,Low,Selangor,Puchong
548000,2293.0,5.0,4.0,2.0,14,0,0,0,0,0,0,0,1999.0,16.0,520.0,Condominium,Freehold,Non Bumi Lot,High,Selangor,Puchong
198000,850.0,3.0,2.0,1.0,4,0,0,0,0,0,0,0,,,,Flat,Freehold,Non Bumi Lot,High,Johor,Permas Jaya
505000,969.0,3.0,2.0,2.0,11,0,0,0,1,0,0,0,2019.0,,1196.0,Apartment,Freehold,Non Bumi Lot,Medium,Selangor,Cheras
500000,700.0,2.0,2.0,1.0,9,0,0,0,0,0,0,0,2018.0,49.0,480.0,Service Residence,Freehold,Non Bumi Lot,High,Penang,Gelugor
218000,675.0,3.0,2.0,1.0,4,0,0,0,0,0,0,0,,,,Flat,Leasehold,Non Bumi Lot,Medium,Selangor,Ampang
390000,1080.0,3.0,2.0,2.0,14,0,0,0,0,0,0,0,,,,Condominium,Freehold,Non Bumi Lot,Medium,Selangor,Seri Kembangan
428000,875.0,2.0,2.0,1.0,9,0,0,0,0,0,0,0,,,,Apartment,Leasehold,Non Bumi Lot,Medium,Sarawak,Kuching
79000,678.0,3.0,2.0,1.0,2,0,0,0,0,0,0,0,,,,Flat,Freehold,Bumi Lot,Medium,Negeri Sembilan,Kuala Pilah
180000,818.0,3.0,2.0,1.0,8,1,0,1,0,0,1,0,,15.0,,Apartment,Freehold,Non Bumi Lot,High,Selangor,Klang
268000,686.0,2.0,2.0,1.0,6,0,0,0,0,0,0,0,,,,Apartment,Leasehold,Non Bumi Lot,Medium,Sabah,Kota Kinabalu
318000,900.0,2.0,2.0,1.0,0,0,0,0,0,0,0,0,,,,Condominium,Leasehold,Non Bumi Lot,Low,Sabah,Kota Kinabalu
560000,950.0,2.0,2.0,1.0,4,0,0,0,0,0,0,0,,,,Condominium,Leasehold,Non Bumi Lot,Medium,Sabah,Kota Kinabalu
700000,1035.0,3.0,2.0,3.0,8,1,1,1,0,0,0,0,2018.0,38.0,528.0,Service Residence,Freehold,Non Bumi Lot,High,Kuala Lumpur,Kuala Lumpur
128000,650.0,3.0,2.0,1.0,4,0,0,0,0,0,0,0,,5.0,,Apartment,Leasehold,Non Bumi Lot,Medium,Selangor,Batu Caves
295000,715.0,3.0,2.0,1.0,0,0,0,0,0,0,0,0,,5.0,,Apartment,Freehold,Non Bumi Lot,Low,Selangor,Shah Alam
365000,1054.0,3.0,2.0,1.0,8,0,0,0,0,0,0,0,,20.0,,Apartment,Freehold,Bumi Lot,Medium,Selangor,Jalan Presint P11
830000,1403.0,4.0,3.0,1.0,4,0,0,0,0,0,0,0,,,,Condominium,Leasehold,Non Bumi Lot,High,Sabah,Kota Kinabalu
275000,930.0,3.0,2.0,2.0,6,0,0,0,0,0,0,0,2022.0,,460.0,Apartment,Freehold,Non Bumi Lot,Medium,Negeri Sembilan,Nilai
600000,1550.0,3.0,2.0,1.0,8,0,0,0,0,0,0,0,,,,Condominium,Leasehold,Non Bumi Lot,Medium,Sarawak,Kuching
460000,800.0,2.0,2.0,1.0,8,1,1,1,0,1,1,0,,43.0,956.0,Apartment,Freehold,Non Bumi Lot,Medium,Selangor,Shah Alam
99000,1098.0,3.0,2.0,1.0,7,1,1,0,0,1,1,0,,,,Apartment,Leasehold,Non Bumi Lot,High,Selangor,Seri Kembangan
95000,642.0,3.0,2.0,1.0,0,0,0,0,0,0,0,0,,,,Flat,Leasehold,Non Bumi Lot,Unknown,Negeri Sembilan,Seremban
270000,615.0,2.0,1.0,1.0,0,0,0,0,0,0,0,0,,,,Apartment,Freehold,Non Bumi Lot,Low,Sabah,Penampang
450000,500.0,1.0,1.0,1.0,10,0,0,0,0,0,0,0,2014.0,,177.0,Condominium,Freehold,Non Bumi Lot,High,Pahang,Kuantan
660000,1271.0,4.0,2.0,2.0,0,0,0,0,0,0,0,0,2017.0,30.0,410.0,Condominium,Freehold,Non Bumi Lot,Medium,Penang,Sungai Ara
488888,1010.0,3.0,2.0,1.0,11,1,1,1,1,1,1,1,2014.0,,,Service Residence,Freehold,Bumi Lot,Medium,Kuala Lumpur,Kuala Lumpur
3499999,4500.0,10.0,3.0,2.0,0,0,0,0,0,0,0,0,2007.0,13.0,104.0,Condominium,Freehold,Non Bumi Lot,Medium,Kuala Lumpur,Kuala Lumpur
98000,550.0,2.0,2.0,1.0,4,0,0,0,0,0,0,0,,,,Apartment,Freehold,Bumi Lot,Low,Negeri Sembilan,Pasir Panjang
558000,1200.0,2.0,3.0,1.0,8,0,0,0,0,0,0,0,,,,Condominium,Freehold,Non Bumi Lot,Medium,Selangor,Sungai Buloh
150000,676.0,3.0,1.0,1.0,3,0,0,0,0,0,0,0,,,,Flat,Freehold,Non Bumi Lot,High,Selangor,Kajang
460000,950.0,3.0,2.0,2.0,8,0,0,0,0,0,0,0,2017.0,25.0,452.0,Apartment,Freehold,Non Bumi Lot,High,Putrajaya,Putrajaya
250000,700.0,3.0,2.0,1.0,2,0,0,0,0,0,0,0,,,,Flat,Freehold,Non Bumi Lot,Low,Penang,Butterworth
155000,650.0,2.0,2.0,1.0,6,0,0,0,0,0,0,0,1999.0,19.0,1632.0,Apartment,Leasehold,Bumi Lot,High,Penang,Ayer Itam
175000,600.0,3.0,2.0,1.0,0,0,0,0,0,0,0,0,,,,Flat,Leasehold,Non Bumi Lot,Medium,Sabah,Penampang
550000,1002.0,3.0,2.0,2.0,10,0,0,0,0,0,0,0,2019.0,31.0,718.0,Service Residence,Freehold,Non Bumi Lot,Medium,Kuala Lumpur,Kuala Lumpur
270000,750.0,3.0,2.0,1.0,8,0,0,0,0,0,0,0,,,,Apartment,Leasehold,Non Bumi Lot,Medium,Selangor,Damansara Damai
365000,715.0,2.0,2.0,1.0,9,0,0,0,0,0,0,0,,,,Service Residence,Leasehold,Non Bumi Lot,High,Melaka,Melaka City
245000,800.0,3.0,2.0,1.0,3,0,0,0,0,0,0,0,,,,Flat,Leasehold,Non Bumi Lot,Low,Selangor,Rawang
198000,750.0,3.0,2.0,1.0,7,0,0,0,0,0,0,0,,,,Apartment,Freehold,Non Bumi Lot,High,Selangor,Semenyih
425000,1151.0,3.0,2.0,2.0,10,0,0,0,0,0,0,0,2014.0,30.0,600.0,Condominium,Freehold,Non Bumi Lot,Medium,Selangor,Cyberjaya
140000,455.0,2.0,1.0,1.0,5,0,0,0,0,0,0,0,,,,Apartment,Leasehold,Bumi Lot,Medium,Sabah,Kota Kinabalu
470000,1936.0,3.0,2.0,3.0,7,1,0,0,1,0,0,0,,,,Apartment,Leasehold,Non Bumi Lot,Unknown,Selangor,Batu Caves
396000,1010.0,2.0,2.0,2.0,14,0,0,0,0,0,0,0,2019.0,25.0,2003.0,Service Residence,Freehold,Non Bumi Lot,High,Johor,Johor Bahru
260000,850.0,4.0,2.0,1.0,8,1,0,0,0,1,0,0,2013.0,15.0,,Condominium,Freehold,Bumi Lot,Unknown,Selangor,Ampang
230000,754.0,3.0,2.0,1.0,5,0,0,0,0,0,0,0,2011.0,12.0,1000.0,Service Residence,Leasehold,Bumi Lot,High,Selangor,Ampang
260000,800.0,3.0,2.0,1.0,8,1,0,0,1,1,1,0,2006.0,18.0,200.0,Apartment,Leasehold,Non Bumi Lot,High,Selangor,Petaling Jaya
315000,860.0,3.0,2.0,1.0,7,1,0,0,0,0,1,0,,11.0,,Apartment,Freehold,Non Bumi Lot,Low,Kuala Lumpur,Kuala Lumpur
185000,750.0,3.0,2.0,1.0,1,0,0,0,0,0,0,0,,,,Flat,Freehold,Non Bumi Lot,Medium,Johor,Iskandar Puteri
1520000,2723.0,5.0,6.0,2.0,9,1,1,1,0,1,1,1,2008.0,28.0,182.0,Condominium,Freehold,Non Bumi Lot,High,Kuala Lumpur,Kuala Lumpur
600000,1200.0,3.0,2.0,2.0,2,0,0,0,0,0,0,0,2016.0,,,Condominium,Freehold,Non Bumi Lot,Unknown,Putrajaya,Putrajaya
660000,1200.0,3.0,2.0,1.0,11,1,1,0,1,1,1,0,2017.0,60.0,1516.0,Service Residence,Freehold,Non Bumi Lot,Medium,Kuala Lumpur,Kuala Lumpur
120000,660.0,3.0,2.0,1.0,2,0,0,0,0,0,0,0,,,,Apartment,Freehold,Bumi Lot,Medium,Negeri Sembilan,Paroi
390000,1050.0,3.0,2.0,2.0,14,0,0,0,0,0,0,0,,,,Condominium,Freehold,Non Bumi Lot,Medium,Selangor,Seri Kembangan
285000,650.0,3.0,2.0,1.0,3,0,0,0,0,0,0,0,,17.0,,Apartment,Freehold,Non Bumi Lot,High,Penang,Tanjung Bungah
395000,1100.0,3.0,2.0,2.0,14,0,0,0,0,0,0,0,,,,Condominium,Freehold,Non Bumi Lot,Medium,Selangor,Seri Kembangan
420000,950.0,3.0,2.0,2.0,5,0,0,0,0,0,0,0,2017.0,25.0,452.0,Condominium,Freehold,Bumi Lot,Unknown,Putrajaya,Putrajaya
582000,1080.0,3.0,2.0,2.0,7,0,1,1,0,1,1,0,,17.0,444.0,Service Residence,Leasehold,Non Bumi Lot,Unknown,Selangor,Shah Alam
355000,740.0,2.0,2.0,1.0,7,0,0,0,0,0,0,0,2016.0,20.0,426.0,Service Residence,Freehold,Non Bumi Lot,Medium,Johor,Iskandar Puteri
220000,1063.0,3.0,2.0,1.0,5,0,0,0,0,0,0,0,,,,Apartment,Freehold,Non Bumi Lot,Medium,Selangor,Kajang
248000,700.0,3.0,2.0,1.0,4,0,0,0,0,0,0,0,,5.0,50.0,Apartment,Freehold,Non Bumi Lot,Medium,Penang,Ayer Itam
328000,800.0,3.0,2.0,1.0,7,0,0,0,0,0,0,0,2005.0,29.0,525.0,Apartment,Leasehold,Non Bumi Lot,High,Penang,Jelutong
680000,1493.0,3.0,3.0,2.0,9,0,0,0,0,0,0,0,2016.0,,229.0,Condominium,Freehold,Non Bumi Lot,Unknown,Kuala Lumpur,Kuala Lumpur
199000,450.0,1.0,1.0,1.0,14,0,0,0,0,0,0,0,2016.0,40.0,946.0,Condominium,Freehold,Bumi Lot,Medium,Selangor,Cyberjaya
380000,940.0,3.0,2.0,2.0,14,0,0,0,0,0,0,0,,13.0,240.0,Condominium,Freehold,Non Bumi Lot,Medium,Kuala Lumpur,Kuala Lumpur
265000,850.0,3.0,2.0,1.0,8,0,0,0,0,0,0,0,,12.0,1012.0,Apartment,Leasehold,Non Bumi Lot,High,Sabah,Penampang
460000,1080.0,3.0,2.0,2.0,3,0,1,1,0,1,1,0,,17.0,444.0,Condominium,Leasehold,Bumi Lot,Unknown,Selangor,Shah Alam
396000,1010.0,2.0,2.0,2.0,14,0,0,0,0,0,0,0,2019.0,25.0,2003.0,Service Residence,Freehold,Non Bumi Lot,High,Johor,Johor Bahru
420000,870.0,3.0,2.0,1.0,9,0,0,0,0,0,0,0,2016.0,29.0,391.0,Service Residence,Leasehold,Non Bumi Lot,Medium,Sabah,Kota Kinabalu
400000,1001.0,3.0,2.0,1.0,6,0,0,0,0,0,0,0,,,,Condominium,Leasehold,Bumi Lot,Medium,Unknown,Unknown
360000,700.0,3.0,2.0,1.0,6,0,0,0,0,0,0,0,2006.0,20.0,,Apartment,Freehold,Non Bumi Lot,High,Penang,Jelutong
4000000,5619.0,4.0,5.0,4.0,13,0,0,0,0,0,0,0,2017.0,6.0,98.0,Condominium,Freehold,Non Bumi Lot,High,Penang,Gelugor
470000,1168.0,3.0,2.0,1.0,14,0,0,0,0,0,0,0,2013.0,25.0,364.0,Service Residence,Freehold,Non Bumi Lot,Medium,Johor,Johor Bahru
3100000,3735.0,4.0,5.0,3.0,13,0,0,0,0,0,0,0,2015.0,11.0,190.0,Condominium,Freehold,Non Bumi Lot,Unknown,Penang,Gelugor
900000,812.0,2.0,2.0,2.0,14,1,0,0,0,1,1,0,,,,Service Residence,Freehold,Non Bumi Lot,High,Kuala Lumpur,Kuala Lumpur
280000,513.0,1.0,1.0,1.0,13,0,0,0,0,0,0,0,,21.0,780.0,Service Residence,Freehold,Non Bumi Lot,High,Johor,Johor Bahru
240000,484.0,1.0,1.0,1.0,9,0,0,0,0,0,0,0,2013.0,,1160.0,Studio,Freehold,Non Bumi Lot,Medium,Johor,Johor Bahru
158000,494.0,2.0,1.0,1.0,2,0,0,0,0,0,0,0,,,,Apartment,Freehold,Non Bumi Lot,Low,Johor,Skudai
500000,1200.0,4.0,3.0,2.0,5,0,0,0,0,0,0,0,2017.0,25.0,452.0,Condominium,Freehold,Non Bumi Lot,Unknown,Putrajaya,Putrajaya
210000,864.0,4.0,2.0,1.0,3,0,1,0,0,1,1,0,,5.0,,Apartment,Leasehold,Bumi Lot,Medium,Selangor,Seri Kembangan
410000,950.0,3.0,2.0,2.0,5,0,0,0,0,0,0,0,2017.0,25.0,452.0,Condominium,Freehold,Bumi Lot,Unknown,Putrajaya,Putrajaya
467000,914.0,3.0,2.0,1.0,8,0,0,0,0,0,0,0,,30.0,294.0,Condominium,Leasehold,Bumi Lot,Low,Sabah,Kota Kinabalu
368000,1098.0,3.0,2.0,1.0,0,0,0,0,0,0,0,0,2013.0,,512.0,Service Residence,Freehold,Non Bumi Lot,Medium,Johor,Johor Bahru
410000,950.0,2.0,3.0,2.0,5,0,0,0,0,0,0,0,2017.0,25.0,452.0,Condominium,Freehold,Non Bumi Lot,Unknown,Putrajaya,Putrajaya
160000,650.0,3.0,2.0,1.0,3,0,0,0,0,0,0,0,,5.0,90.0,Apartment,Leasehold,Non Bumi Lot,Low,Selangor,Ampang
280000,860.0,3.0,2.0,1.0,5,0,0,0,0,0,0,0,,10.0,,Apartment,Leasehold,Bumi Lot,Medium,Selangor,Bangi
320000,1148.0,3.0,2.0,1.0,5,0,0,0,0,0,0,0,,12.0,,Apartment,Freehold,Non Bumi Lot,Low,Selangor,Kajang
370000,430.0,2.0,2.0,1.0,1,1,1,1,1,1,1,0,2021.0,,,Service Residence,Freehold,Non Bumi Lot,Medium,Kuala Lumpur,Kuala Lumpur
320000,1097.0,3.0,2.0,1.0,4,0,0,0,0,0,0,0,,,,Apartment,Leasehold,Non Bumi Lot,Low,Sarawak,Miri
560000,1069.0,3.0,2.0,1.0,8,0,0,0,0,0,0,0,2010.0,38.0,,Condominium,Leasehold,Non Bumi Lot,Unknown,Penang,Gelugor
550000,1116.0,3.0,2.0,1.0,7,0,0,0,0,0,0,0,2010.0,38.0,,Condominium,Leasehold,Non Bumi Lot,Unknown,Penang,Gelugor
560000,1052.0,3.0,2.0,1.0,7,0,0,0,0,0,0,0,2010.0,38.0,,Condominium,Leasehold,Non Bumi Lot,Unknown,Penang,Gelugor
600000,1349.0,4.0,2.0,1.0,6,0,0,0,0,0,0,0,,,,Condominium,Leasehold,Non Bumi Lot,Low,Sabah,Kota Kinabalu
255000,850.0,3.0,2.0,1.0,8,0,0,0,0,0,0,0,,12.0,1012.0,Apartment,Leasehold,Non Bumi Lot,Low,Sabah,Penampang
510000,1100.0,3.0,2.0,2.0,0,0,0,0,0,0,0,0,2001.0,31.0,360.0,Apartment,Freehold,Non Bumi Lot,Unknown,Penang,Jelutong
288000,1000.0,3.0,2.0,1.0,0,0,0,0,0,0,0,0,,,,Apartment,Freehold,Non Bumi Lot,Medium,Johor,Johor Bahru
1750000,1830.0,5.0,4.0,2.0,14,0,0,0,0,0,0,0,2017.0,31.0,621.0,Condominium,Freehold,Non Bumi Lot,High,Kuala Lumpur,Kuala Lumpur
1850000,1830.0,5.0,4.0,2.0,14,0,0,0,0,0,0,0,2017.0,31.0,621.0,Condominium,Freehold,Non Bumi Lot,Low,Kuala Lumpur,Kuala Lumpur
265000,730.0,3.0,2.0,1.0,3,0,0,0,0,0,0,0,1992.0,17.0,3.0,Apartment,Leasehold,Non Bumi Lot,Unknown,Penang,Ayer Itam
270000,700.0,3.0,2.0,1.0,3,0,0,0,0,0,0,0,1995.0,11.0,100.0,Apartment,Freehold,Non Bumi Lot,Unknown,Penang,Ayer Itam
280000,700.0,3.0,2.0,1.0,3,0,0,0,0,0,0,0,1995.0,12.0,192.0,Apartment,Freehold,Non Bumi Lot,Unknown,Penang,Ayer Itam
190000,650.0,3.0,1.0,1.0,2,1,0,1,0,1,0,0,,,,Flat,Leasehold,Bumi Lot,High,Selangor,Shah Alam
530000,855.0,2.0,2.0,1.0,9,1,0,0,0,0,1,0,2018.0,,403.0,Service Residence,Freehold,Non Bumi Lot,Medium,Selangor,Klang
299000,1300.0,4.0,3.0,2.0,12,1,1,1,0,1,1,0,2021.0,29.0,550.0,Condominium,Freehold,Non Bumi Lot,Medium,Selangor,Cyberjaya
299000,1300.0,4.0,3.0,2.0,14,0,0,0,0,0,0,0,,,,Condominium,Freehold,Non Bumi Lot,Medium,Selangor,Cyberjaya
375000,1100.0,3.0,2.0,1.0,10,1,0,0,0,1,1,0,2004.0,25.0,1220.0,Condominium,Freehold,Non Bumi Lot,Low,Kuala Lumpur,Kuala Lumpur
708000,1300.0,3.0,2.0,1.0,14,1,1,1,0,1,1,1,1994.0,27.0,299.0,Condominium,Freehold,Non Bumi Lot,High,Kuala Lumpur,Kuala Lumpur
515000,1195.0,3.0,2.0,1.0,14,1,1,0,1,1,1,0,,15.0,348.0,Condominium,Freehold,Non Bumi Lot,High,Kuala Lumpur,Kuala Lumpur
250000,755.0,3.0,2.0,1.0,14,0,0,0,0,0,0,0,2010.0,14.0,336.0,Condominium,Freehold,Non Bumi Lot,Medium,Kuala Lumpur,Kuala Lumpur
220000,700.0,3.0,2.0,1.0,4,1,1,0,1,1,1,0,,5.0,,Apartment,Freehold,Bumi Lot,Medium,Selangor,Puchong
910000,1050.0,2.0,3.0,1.0,8,1,0,1,1,1,1,0,2011.0,40.0,811.0,Condominium,Freehold,Non Bumi Lot,High,Kuala Lumpur,Kuala Lumpur
458000,850.0,3.0,2.0,2.0,11,0,0,0,0,0,0,0,,,,Service Residence,Freehold,Non Bumi Lot,Unknown,Putrajaya,Putrajaya
392000,1100.0,3.0,2.0,2.0,14,0,0,0,0,0,0,0,,,,Condominium,Freehold,Non Bumi Lot,Medium,Selangor,Serdang
150000,760.0,3.0,2.0,1.0,3,0,0,0,0,1,0,0,,,,Apartment,Leasehold,Bumi Lot,High,Selangor,Puncak Alam
360000,1005.0,3.0,2.0,1.0,3,1,0,1,1,1,0,0,,23.0,,Condominium,Leasehold,Bumi Lot,Medium,Kuala Lumpur,Kuala Lumpur
210000,762.0,3.0,2.0,1.0,0,1,0,0,0,0,1,0,,,,Apartment,Freehold,Non Bumi Lot,Medium,Selangor,Klang
630000,1200.0,3.0,2.0,2.0,10,0,0,0,0,0,0,0,,,,Condominium,Freehold,Non Bumi Lot,Medium,Kuala Lumpur,Kuala Lumpur
708000,1300.0,3.0,2.0,1.0,14,1,1,1,0,1,1,1,1994.0,27.0,299.0,Condominium,Freehold,Non Bumi Lot,Medium,Kuala Lumpur,Kuala Lumpur
150000,581.0,2.0,1.0,1.0,2,0,0,0,0,0,0,0,,,,Flat,Leasehold,Bumi Lot,Low,Johor,Tampoi
210000,646.0,3.0,1.0,1.0,0,0,0,0,0,0,0,0,,,,Apartment,Leasehold,Bumi Lot,Medium,Kuala Lumpur,Kuala Lumpur
550000,982.0,3.0,2.0,2.0,7,0,0,0,0,0,0,0,2017.0,,,Condominium,Leasehold,Non Bumi Lot,High,Sabah,Penampang
598000,517.0,1.0,1.0,1.0,6,0,0,0,0,0,0,0,,,,Service Residence,Leasehold,Non Bumi Lot,Medium,Sabah,Kota Kinabalu
140000,700.0,2.0,2.0,1.0,2,0,0,0,0,0,0,0,,,,Apartment,Leasehold,Bumi Lot,High,Johor,Perling
930000,1470.0,4.0,2.0,2.0,11,0,0,0,0,0,0,0,2021.0,24.0,1235.0,Condominium,Freehold,Non Bumi Lot,Medium,Penang,Batu Uban
175000,520.0,2.0,1.0,1.0,2,0,0,0,0,0,0,0,,,,Flat,Leasehold,Bumi Lot,Medium,Johor,Johor Bahru
365000,1017.0,3.0,2.0,2.0,12,0,0,0,0,0,0,0,,,,Service Residence,Freehold,Non Bumi Lot,Medium,Selangor,Bangi
360000,1044.0,3.0,2.0,1.0,7,0,0,0,0,0,0,0,2005.0,,698.0,Apartment,Leasehold,Bumi Lot,Low,Johor,Johor Bahru
685000,1364.0,4.0,4.0,2.0,11,1,1,0,1,1,1,0,2013.0,23.0,308.0,Condominium,Freehold,Non Bumi Lot,High,Kuala Lumpur,Kuala Lumpur
310000,883.0,3.0,2.0,1.0,5,0,0,0,0,0,0,0,,,,Apartment,Leasehold,Bumi Lot,High,Putrajaya,Putrajaya
210000,550.0,2.0,1.0,1.0,1,0,0,0,0,0,0,0,,,,Flat,Leasehold,Non Bumi Lot,Unknown,Penang,George Town
390000,1000.0,3.0,2.0,2.0,14,0,0,0,0,0,0,0,,,,Condominium,Freehold,Non Bumi Lot,Medium,Selangor,Serdang
279000,750.0,2.0,1.0,1.0,4,1,1,0,0,1,1,1,,,,Apartment,Freehold,Non Bumi Lot,Medium,Kuala Lumpur,Kuala Lumpur
225000,657.0,3.0,1.0,1.0,0,0,0,0,0,0,0,0,,5.0,,Apartment,Freehold,Bumi Lot,High,Selangor,Shah Alam
230000,861.0,3.0,2.0,1.0,4,0,0,0,0,0,0,0,2009.0,13.0,,Apartment,Leasehold,Bumi Lot,Medium,Johor,Johor Bahru
298000,936.0,2.0,1.0,1.0,9,0,0,0,0,0,0,0,,,,Apartment,Leasehold,Non Bumi Lot,High,Penang,Butterworth
1300000,1800.0,4.0,3.0,2.0,11,0,0,0,0,0,0,0,1993.0,23.0,91.0,Condominium,Freehold,Non Bumi Lot,Medium,Penang,Bayan Baru
465000,1100.0,3.0,2.0,1.0,11,0,0,0,1,0,0,0,2012.0,,342.0,Condominium,Leasehold,Non Bumi Lot,High,Selangor,Batu Caves
85000,800.0,3.0,2.0,1.0,0,0,0,1,0,0,0,0,,4.0,,Flat,Freehold,Non Bumi Lot,High,Selangor,Klang
1100000,1968.0,4.0,5.0,2.0,11,0,0,0,0,0,0,0,2020.0,,803.0,Condominium,Freehold,Non Bumi Lot,High,Penang,Jelutong
650000,1050.0,3.0,2.0,3.0,10,0,0,0,0,0,0,0,2023.0,46.0,730.0,Condominium,Freehold,Non Bumi Lot,Medium,Penang,Gelugor
710000,1492.0,3.0,2.0,2.0,10,0,0,0,0,0,0,0,2017.0,37.0,299.0,Condominium,Freehold,Non Bumi Lot,Medium,Penang,Relau
338000,900.0,2.0,2.0,1.0,5,0,0,0,0,0,0,0,,,,Condominium,Leasehold,Non Bumi Lot,Medium,Unknown,Unknown
700000,1522.0,3.0,2.0,1.0,6,0,0,0,0,0,0,0,,,,Condominium,Leasehold,Non Bumi Lot,Low,Sabah,Kota Kinabalu
448000,1000.0,3.0,2.0,1.0,6,0,0,0,0,0,0,0,,,109.0,Condominium,Leasehold,Non Bumi Lot,Medium,Sabah,Kota Kinabalu
430000,1000.0,3.0,2.0,1.0,11,0,0,0,0,0,0,0,2020.0,,,Apartment,Freehold,Non Bumi Lot,Medium,Penang,George Town
318000,700.0,3.0,2.0,1.0,7,0,0,0,0,0,0,0,1999.0,21.0,520.0,Apartment,Freehold,Non Bumi Lot,High,Penang,Tanjong Tokong
280000,750.0,3.0,2.0,1.0,5,0,0,0,0,0,0,0,1999.0,21.0,520.0,Apartment,Freehold,Non Bumi Lot,Unknown,Penang,Tanjong Tokong
285000,654.0,3.0,2.0,1.0,3,0,0,0,0,0,0,0,2014.0,38.0,554.0,Apartment,Freehold,Non Bumi Lot,Unknown,Penang,Tanjong Tokong
310000,955.0,3.0,2.0,1.0,0,1,0,1,0,0,1,0,,9.0,,Apartment,Freehold,Non Bumi Lot,Low,Selangor,Klang
225000,575.0,1.0,2.0,1.0,8,0,1,0,0,1,0,0,2009.0,,272.0,Service Residence,Freehold,Non Bumi Lot,Medium,Selangor,Cyberjaya
490000,1313.0,4.0,2.0,3.0,9,1,1,1,0,1,1,0,,,,Condominium,Leasehold,Non Bumi Lot,High,Kuala Lumpur,Kuala Lumpur
2100000,2185.0,3.0,4.0,4.0,13,0,0,0,0,0,0,0,2017.0,6.0,98.0,Condominium,Freehold,Non Bumi Lot,Unknown,Penang,Gelugor
1990000,1884.0,3.0,5.0,3.0,13,0,0,0,0,0,0,0,2015.0,11.0,190.0,Condominium,Freehold,Non Bumi Lot,High,Penang,Gelugor
105000,645.0,3.0,2.0,1.0,1,0,0,0,0,0,0,0,,,,Flat,Freehold,Non Bumi Lot,Medium,Penang,Bukit Mertajam
95000,484.0,2.0,1.0,1.0,4,0,0,0,0,0,0,1,,,,Apartment,Freehold,Bumi Lot,Low,Selangor,Kajang
460000,969.0,3.0,2.0,2.0,14,0,0,0,0,0,0,0,,,,Condominium,Freehold,Bumi Lot,High,Putrajaya,Putrajaya
498000,900.0,3.0,2.0,1.0,10,0,0,0,0,0,0,0,,,,Condominium,Freehold,Malay Reserved,Medium,Selangor,Damansara Perdana
295000,1100.0,3.0,2.0,1.0,0,0,0,0,0,0,0,0,,,,Apartment,Leasehold,Non Bumi Lot,Medium,Johor,Gelang Patah
598000,1268.0,2.0,2.0,1.0,11,0,0,0,0,0,0,0,,,,Condominium,Leasehold,Non Bumi Lot,Low,Sabah,Kota Kinabalu
480000,1365.0,4.0,2.0,1.0,8,0,0,0,0,0,0,0,,,105.0,Condominium,Leasehold,Non Bumi Lot,Medium,Sabah,Kota Kinabalu
450000,2303.0,3.0,2.0,1.0,7,0,0,0,0,0,0,0,,,,Townhouse Condo,Freehold,Non Bumi Lot,Low,Johor,Johor Bahru
1850000,1701.0,3.0,3.0,3.0,13,0,0,0,0,0,0,0,2014.0,7.0,297.0,Condominium,Freehold,Non Bumi Lot,Medium,Penang,Gelugor
530000,1050.0,2.0,2.0,2.0,8,0,0,0,0,0,0,0,2014.0,13.0,666.0,Service Residence,Freehold,Non Bumi Lot,Low,Selangor,Shah Alam
399000,829.0,2.0,2.0,2.0,0,0,0,0,0,0,0,0,,,,Condominium,Freehold,Non Bumi Lot,Medium,Putrajaya,Putrajaya
190000,450.0,1.0,1.0,1.0,14,0,0,0,0,0,0,0,2017.0,38.0,1424.0,Service Residence,Freehold,Non Bumi Lot,Medium,Selangor,Cyberjaya
489000,1144.0,3.0,2.0,1.0,7,0,0,0,0,0,0,0,,,243.0,Service Residence,Leasehold,Non Bumi Lot,High,Johor,Masai
130000,646.0,2.0,1.0,1.0,0,0,0,0,0,0,0,0,,,,Apartment,Leasehold,Non Bumi Lot,Unknown,Sarawak,Kuching
408000,1118.0,3.0,2.0,2.0,5,0,0,0,0,0,0,1,2017.0,20.0,424.0,Condominium,Freehold,Non Bumi Lot,Low,Selangor,Kajang
528000,1508.0,3.0,2.0,1.0,0,0,0,0,0,0,0,0,,,,Condominium,Leasehold,Non Bumi Lot,Low,Sabah,Penampang
980000,2250.0,4.0,3.0,1.0,9,0,0,0,0,0,0,0,,,,Condominium,Leasehold,Non Bumi Lot,Medium,Sabah,Kota Kinabalu
600000,850.0,2.0,2.0,1.0,4,1,1,1,0,1,1,0,2017.0,36.0,498.0,Service Residence,Freehold,Non Bumi Lot,Medium,Selangor,I-City
62000,750.0,2.0,1.0,1.0,1,0,0,0,0,0,0,0,,,,Flat,Freehold,Non Bumi Lot,Low,Sabah,Sandakan
340000,750.0,3.0,2.0,1.0,11,0,0,0,0,0,0,0,1997.0,28.0,422.0,Condominium,Freehold,Non Bumi Lot,Medium,Penang,Gelugor
230000,800.0,3.0,2.0,2.0,14,0,0,0,0,0,0,0,,,,Condominium,Leasehold,Non Bumi Lot,Medium,Kuala Lumpur,Kuala Lumpur
420000,1050.0,3.0,3.0,2.0,14,0,0,0,0,0,0,0,,,,Condominium,Leasehold,Non Bumi Lot,Low,Kuala Lumpur,Kuala Lumpur
335000,657.0,2.0,1.0,1.0,9,0,0,1,0,0,1,0,,,,Studio,Leasehold,Non Bumi Lot,High,Selangor,Seri Kembangan
438000,1121.0,3.0,2.0,1.0,6,1,0,0,0,0,0,0,2018.0,25.0,486.0,Service Residence,Freehold,Non Bumi Lot,Unknown,Selangor,Sungai Buloh
110000,802.0,2.0,2.0,3.0,2,0,0,0,0,0,0,0,,,,Flat,Freehold,Non Bumi Lot,High,Sabah,Sandakan
240000,750.0,3.0,2.0,1.0,6,1,1,1,0,1,1,0,,5.0,,Flat,Leasehold,Non Bumi Lot,Low,Selangor,Shah Alam
225000,484.0,1.0,1.0,1.0,9,0,0,0,0,0,0,0,2013.0,,1160.0,Service Residence,Freehold,Non Bumi Lot,Low,Johor,Johor Bahru
570000,1254.0,3.0,2.0,2.0,8,0,0,0,0,0,0,0,2017.0,21.0,256.0,Condominium,Freehold,Non Bumi Lot,High,Penang,Bukit Jambul
175000,550.0,3.0,2.0,1.0,0,0,0,0,0,0,0,0,,,,Flat,Leasehold,Non Bumi Lot,High,Kuala Lumpur,Kuala Lumpur
175000,550.0,3.0,2.0,1.0,0,0,0,0,0,0,0,0,,,,Flat,Leasehold,Non Bumi Lot,High,Kuala Lumpur,Kuala Lumpur
415000,948.0,3.0,2.0,1.0,10,0,0,0,0,0,0,0,2017.0,26.0,462.0,Service Residence,Freehold,Non Bumi Lot,Medium,Kuala Lumpur,Kuala Lumpur
300000,1012.0,3.0,2.0,1.0,10,1,0,0,1,0,0,0,2014.0,23.0,744.0,Service Residence,Freehold,Non Bumi Lot,Medium,Selangor,Batu Caves
446400,815.0,3.0,2.0,1.0,0,0,0,0,0,0,0,0,,,,Condominium,Leasehold,Non Bumi Lot,Unknown,Sarawak,Kuching
280000,771.0,3.0,2.0,2.0,0,0,0,0,0,0,0,0,,4.0,496.0,Apartment,Leasehold,Non Bumi Lot,Unknown,Sarawak,Kuching
270000,750.0,3.0,2.0,1.0,0,0,0,0,0,0,0,0,,,,Apartment,Freehold,Bumi Lot,Unknown,Selangor,Setia Alam
498000,1088.0,3.0,2.0,1.0,9,0,0,0,0,0,0,0,2020.0,,809.0,Service Residence,Freehold,Non Bumi Lot,Unknown,Melaka,Bukit Baru
269000,1044.0,3.0,2.0,1.0,0,0,0,0,0,0,0,0,2005.0,,698.0,Apartment,Leasehold,Bumi Lot,Medium,Johor,Johor Bahru
320000,1000.0,3.0,2.0,1.0,5,0,0,0,0,0,0,0,,,,Condominium,Freehold,Non Bumi Lot,Low,Pahang,Cameron Highlands
465000,1000.0,3.0,2.0,1.0,9,0,0,0,0,0,0,0,2015.0,,,Condominium,Freehold,Non Bumi Lot,Low,Sabah,Kota Kinabalu
270000,850.0,3.0,2.0,1.0,11,0,0,0,0,0,0,0,,,,Apartment,Leasehold,Non Bumi Lot,Low,Sabah,Kota Kinabalu
690000,552.0,1.0,1.0,1.0,12,0,0,0,0,0,0,0,,,,Service Residence,Leasehold,Non Bumi Lot,High,Sabah,Kota Kinabalu
440000,850.0,3.0,2.0,2.0,7,0,0,0,0,0,0,0,1998.0,16.0,488.0,Condominium,Leasehold,Non Bumi Lot,Low,Penang,Bayan Lepas
280000,900.0,3.0,2.0,2.0,9,1,0,0,0,0,0,0,2023.0,25.0,1168.0,Apartment,Freehold,Non Bumi Lot,Unknown,Selangor,Cyberjaya
245000,800.0,3.0,2.0,1.0,2,0,1,0,1,0,0,1,,,309.0,Apartment,Freehold,Non Bumi Lot,Medium,Selangor,Kajang
371000,828.0,3.0,2.0,1.0,0,0,0,0,0,0,0,0,,,,Apartment,Freehold,Non Bumi Lot,Medium,Putrajaya,Putrajaya
100000,710.0,3.0,2.0,1.0,2,0,0,0,0,0,0,0,,,,Flat,Leasehold,Bumi Lot,High,Johor,Pasir Gudang
235000,786.0,3.0,2.0,1.0,4,1,0,0,0,1,1,1,,18.0,,Apartment,Freehold,Non Bumi Lot,Unknown,Selangor,Shah Alam
220000,732.0,3.0,2.0,1.0,0,0,0,0,0,0,0,0,,,,Apartment,Leasehold,Non Bumi Lot,Medium,Selangor,Bandar Kinrara
211000,527.0,1.0,1.0,1.0,11,0,0,0,0,0,0,0,2018.0,35.0,849.0,Service Residence,Freehold,Bumi Lot,Medium,Johor,Johor Bahru
320000,850.0,3.0,2.0,2.0,11,0,0,0,0,0,0,0,2025.0,,,Apartment,Freehold,Non Bumi Lot,Low,Johor,Johor Bahru
155000,650.0,3.0,2.0,1.0,0,0,0,0,0,0,0,1,,,,Flat,Freehold,Non Bumi Lot,High,Selangor,Kajang
340000,650.0,2.0,2.0,1.0,11,1,1,0,1,0,0,0,2021.0,44.0,2136.0,Service Residence,Leasehold,Non Bumi Lot,Low,Kuala Lumpur,Kuala Lumpur
350000,864.0,3.0,2.0,2.0,0,0,0,0,0,0,0,0,2015.0,25.0,600.0,Condominium,Freehold,Non Bumi Lot,Unknown,Selangor,Shah Alam
330000,1302.0,3.0,2.0,1.0,5,0,0,0,0,0,0,0,2010.0,4.0,199.0,Apartment,Leasehold,Bumi Lot,Medium,Selangor,Selayang
380000,640.0,1.0,1.0,1.0,11,0,0,0,0,0,0,0,2018.0,,1050.0,Condominium,Freehold,Non Bumi Lot,High,Johor,Johor Bahru
369000,1043.0,3.0,2.0,1.0,6,0,0,0,0,0,1,0,2009.0,,326.0,Condominium,Freehold,Bumi Lot,Medium,Selangor,Seri Kembangan
410000,802.0,2.0,2.0,1.0,8,0,0,0,0,0,0,0,2020.0,33.0,490.0,Condominium,Freehold,Non Bumi Lot,High,Penang,Simpang Ampat
265000,678.0,3.0,1.0,1.0,4,0,0,0,0,0,0,0,,,,Apartment,Leasehold,Non Bumi Lot,High,Kuala Lumpur,Kuala Lumpur
510000,1100.0,3.0,2.0,1.0,7,1,0,1,0,1,1,0,2017.0,28.0,650.0,Condominium,Leasehold,Non Bumi Lot,Unknown,Kuala Lumpur,Kuala Lumpur
420000,908.0,3.0,2.0,1.0,7,1,0,1,0,1,1,0,2017.0,28.0,650.0,Condominium,Leasehold,Non Bumi Lot,Unknown,Kuala Lumpur,Kuala Lumpur
408000,1105.0,3.0,2.0,1.0,4,1,0,0,1,1,1,0,,5.0,,Apartment,Freehold,Non Bumi Lot,Low,Selangor,Puchong
398000,687.0,1.0,1.0,1.0,0,0,0,0,0,0,0,0,,,,Apartment,Leasehold,Non Bumi Lot,Medium,Sarawak,Kuching
265000,907.0,3.0,2.0,1.0,4,0,0,0,0,0,1,0,2015.0,,156.0,Service Residence,Leasehold,Non Bumi Lot,Medium,Selangor,Puchong
280000,750.0,3.0,2.0,1.0,4,0,0,0,0,1,0,0,,5.0,112.0,Apartment,Leasehold,Non Bumi Lot,Low,Selangor,Damansara Damai
285000,700.0,3.0,1.0,1.0,3,0,0,0,0,0,0,0,2008.0,18.0,701.0,Apartment,Freehold,Non Bumi Lot,High,Penang,Bukit Jambul
260000,990.0,3.0,2.0,1.0,7,0,0,0,0,0,0,0,,4.0,,Apartment,Freehold,Non Bumi Lot,High,Johor,Skudai
475000,883.0,2.0,2.0,2.0,10,1,0,0,0,1,0,0,2021.0,33.0,746.0,Condominium,Leasehold,Bumi Lot,Medium,Selangor,Puchong
380000,960.0,3.0,2.0,1.0,8,0,0,0,0,0,0,0,2008.0,12.0,196.0,Condominium,Leasehold,Bumi Lot,Medium,Selangor,Selayang
485000,1010.0,3.0,2.0,1.0,8,1,1,1,1,1,1,1,2014.0,,,Service Residence,Freehold,Bumi Lot,Medium,Kuala Lumpur,Kuala Lumpur
340000,845.0,3.0,2.0,1.0,0,1,0,0,1,1,0,0,,,,Service Residence,Freehold,Non Bumi Lot,Unknown,Kuala Lumpur,Kuala Lumpur
290000,904.0,3.0,2.0,1.0,3,0,0,0,0,0,0,0,,,,Apartment,Leasehold,Non Bumi Lot,Unknown,Penang,Butterworth
130000,650.0,3.0,1.0,1.0,0,0,0,0,0,1,0,0,,,,Condominium,Freehold,Bumi Lot,High,Selangor,Shah Alam
170000,650.0,3.0,2.0,1.0,2,0,0,0,0,0,0,0,,,,Apartment,Leasehold,Bumi Lot,Low,Selangor,Damansara Damai
240000,800.0,3.0,2.0,1.0,6,0,0,0,0,0,0,0,,,,Apartment,Leasehold,Bumi Lot,Low,Selangor,Puchong
390000,944.0,3.0,2.0,1.0,4,1,0,0,1,0,1,0,,,,Apartment,Freehold,Non Bumi Lot,Medium,Selangor,Petaling Jaya
345000,1004.0,3.0,2.0,1.0,9,0,0,0,0,0,0,0,2007.0,14.0,702.0,Apartment,Freehold,Non Bumi Lot,High,Selangor,Puchong
380000,604.0,2.0,2.0,2.0,10,0,0,0,0,0,0,0,2022.0,31.0,382.0,Service Residence,Leasehold,Non Bumi Lot,High,Selangor,Cheras
440000,1238.0,4.0,2.0,2.0,9,1,0,0,0,0,1,0,2008.0,27.0,798.0,Condominium,Freehold,Non Bumi Lot,Low,Selangor,Seri Kembangan
120000,734.0,3.0,1.0,1.0,1,1,0,0,0,0,1,0,,,,Apartment,Freehold,Non Bumi Lot,Low,Kuala Lumpur,Kuala Lumpur
350000,753.0,1.0,1.0,2.0,14,0,0,0,0,0,0,0,2017.0,16.0,128.0,Condominium,Freehold,Non Bumi Lot,High,Selangor,Cyberjaya
210000,856.0,3.0,2.0,1.0,6,0,0,0,0,0,0,0,,9.0,,Condominium,Freehold,Non Bumi Lot,Unknown,Selangor,Bandar Mahkota Cheras
320000,950.0,3.0,2.0,1.0,4,1,1,0,1,0,0,0,2012.0,18.0,385.0,Apartment,Leasehold,Non Bumi Lot,High,Kuala Lumpur,Kuala Lumpur
530000,1500.0,3.0,2.0,4.0,7,1,0,0,0,1,1,1,,,144.0,Service Residence,Freehold,Non Bumi Lot,High,Selangor,Bukit Jelutong
269000,868.0,3.0,2.0,1.0,6,0,1,0,1,0,0,1,2007.0,15.0,,Apartment,Freehold,Bumi Lot,Medium,Selangor,Kajang
1200000,2907.0,4.0,5.0,2.0,7,0,0,0,0,0,0,0,,4.0,128.0,Condominium,Leasehold,Non Bumi Lot,High,Sarawak,Kuching
440000,1000.0,4.0,2.0,2.0,9,0,0,0,0,0,0,0,,,,Condominium,Freehold,Non Bumi Lot,Medium,Selangor,Kajang
349000,1100.0,3.0,2.0,1.0,7,1,0,0,1,0,0,0,,,684.0,Condominium,Leasehold,Non Bumi Lot,Unknown,Selangor,Batu Caves
373000,1206.0,4.0,2.0,1.0,7,1,0,0,1,0,0,0,,,684.0,Condominium,Leasehold,Non Bumi Lot,Unknown,Selangor,Batu Caves
340000,1100.0,3.0,2.0,1.0,14,1,0,0,0,1,1,0,1996.0,19.0,,Condominium,Leasehold,Non Bumi Lot,High,Kuala Lumpur,Kuala Lumpur
360000,740.0,2.0,2.0,1.0,9,0,0,0,0,0,0,0,,,,Service Residence,Freehold,Non Bumi Lot,Medium,Johor,Johor Bahru
335000,646.0,1.0,1.0,1.0,2,0,0,0,0,0,0,0,,20.0,306.0,Service Residence,Freehold,Non Bumi Lot,Medium,Johor,Johor Bahru
250000,800.0,3.0,2.0,2.0,6,0,0,0,0,0,0,0,2014.0,4.0,75.0,Apartment,Freehold,Non Bumi Lot,Unknown,Selangor,Semenyih
330000,721.0,2.0,2.0,1.0,7,0,0,0,0,0,0,0,,24.0,,Service Residence,Freehold,Non Bumi Lot,Medium,Johor,Skudai
290000,810.0,2.0,2.0,1.0,10,0,0,0,0,0,0,0,2019.0,25.0,2003.0,Service Residence,Freehold,Non Bumi Lot,Medium,Johor,Johor Bahru
138000,692.0,3.0,2.0,1.0,3,0,0,0,0,0,0,0,,,,Flat,Freehold,Non Bumi Lot,Medium,Johor,Johor Bahru
460000,990.0,3.0,2.0,2.0,9,0,0,0,0,0,0,0,2020.0,23.0,241.0,Service Residence,Leasehold,Non Bumi Lot,Low,Selangor,Puchong
168000,689.0,3.0,2.0,1.0,9,1,0,0,0,1,1,0,2004.0,18.0,332.0,Apartment,Freehold,Non Bumi Lot,Low,Selangor,Puchong
130000,880.0,3.0,2.0,1.0,0,0,0,0,0,0,0,0,,,,Apartment,Freehold,Non Bumi Lot,Low,Selangor,Klang
150000,650.0,3.0,1.0,1.0,3,0,0,0,0,0,0,0,,5.0,,Apartment,Leasehold,Bumi Lot,High,Selangor,Klang
423000,1055.0,3.0,2.0,1.0,7,1,1,0,0,1,0,0,2015.0,27.0,526.0,Apartment,Freehold,Non Bumi Lot,Unknown,Kuala Lumpur,Kuala Lumpur
470000,1168.0,3.0,2.0,1.0,14,0,0,0,0,0,0,0,2013.0,25.0,364.0,Service Residence,Freehold,Non Bumi Lot,Unknown,Johor,Johor Bahru
324400,775.0,3.0,2.0,1.0,6,1,0,0,0,1,0,0,2017.0,34.0,1502.0,Apartment,Leasehold,Non Bumi Lot,Unknown,Kuala Lumpur,Kuala Lumpur
165000,650.0,2.0,1.0,1.0,0,0,0,0,0,0,0,0,,,,Apartment,Leasehold,Non Bumi Lot,Unknown,Penang,Relau
900000,2000.0,5.0,3.0,2.0,7,0,0,0,0,0,0,0,1997.0,14.0,528.0,Others,Leasehold,Non Bumi Lot,Medium,Penang,Sungai Dua
340200,818.0,3.0,2.0,1.0,8,1,1,0,1,0,0,0,2021.0,44.0,2136.0,Service Residence,Leasehold,Non Bumi Lot,Unknown,Kuala Lumpur,Kuala Lumpur
780000,893.0,1.0,2.0,1.0,10,0,0,0,0,0,0,0,2010.0,7.0,160.0,Service Residence,Freehold,Non Bumi Lot,High,Penang,Tanjong Tokong
420000,1055.0,3.0,2.0,1.0,10,0,0,0,0,0,0,0,1998.0,15.0,336.0,Condominium,Freehold,Non Bumi Lot,High,Penang,Sungai Ara
420000,800.0,3.0,2.0,1.0,10,0,0,0,0,0,0,0,2012.0,30.0,249.0,Apartment,Leasehold,Non Bumi Lot,Unknown,Penang,Gelugor
320000,1077.0,3.0,2.0,1.0,0,0,0,0,0,0,0,0,,,,Apartment,Freehold,Non Bumi Lot,Low,Penang,Bukit Mertajam
218000,798.0,3.0,2.0,1.0,5,0,0,0,0,0,0,0,,,,Apartment,Leasehold,Bumi Lot,Low,Perak,Seri Iskandar
355000,1173.0,3.0,2.0,1.0,6,1,1,0,0,1,1,0,,15.0,,Condominium,Leasehold,Bumi Lot,Low,Selangor,Shah Alam
360000,1005.0,3.0,2.0,1.0,5,1,0,1,1,1,0,0,,23.0,,Condominium,Leasehold,Bumi Lot,Low,Kuala Lumpur,Kuala Lumpur
310000,1164.0,2.0,2.0,1.0,9,0,0,0,0,0,0,0,,,,Condominium,Freehold,Bumi Lot,Medium,Perak,Ipoh
280000,750.0,3.0,2.0,1.0,5,0,0,0,0,0,0,0,,5.0,40.0,Apartment,Leasehold,Non Bumi Lot,Medium,Selangor,Petaling Jaya
310000,1023.0,3.0,2.0,2.0,12,0,0,0,0,0,0,0,2019.0,,1200.0,Condominium,Freehold,Non Bumi Lot,Medium,Selangor,Kajang
900000,1421.0,3.0,2.0,2.0,9,0,0,0,0,0,0,0,2008.0,,256.0,Condominium,Freehold,Non Bumi Lot,Medium,Penang,Tanjung Bungah
770000,1485.0,4.0,3.0,2.0,10,1,0,0,0,0,1,0,2014.0,36.0,236.0,Condominium,Leasehold,Non Bumi Lot,Unknown,Kuala Lumpur,Kuala Lumpur
390000,1419.0,4.0,3.0,2.0,0,1,1,1,0,0,1,0,2014.0,16.0,96.0,Condominium,Leasehold,Non Bumi Lot,Unknown,Selangor,Ampang
220000,856.0,3.0,2.0,1.0,6,0,0,0,0,0,0,0,,9.0,,Condominium,Freehold,Non Bumi Lot,Unknown,Selangor,Bandar Mahkota Cheras
228000,416.0,1.0,1.0,1.0,4,1,1,0,1,1,1,1,,22.0,176.0,Service Residence,Leasehold,Non Bumi Lot,Medium,Kuala Lumpur,Kuala Lumpur
380000,700.0,3.0,2.0,1.0,7,0,0,0,0,0,0,0,2009.0,23.0,,Apartment,Freehold,Non Bumi Lot,Unknown,Penang,Jelutong
115000,710.0,3.0,2.0,1.0,0,0,0,0,0,0,0,0,,,,Apartment,Leasehold,Non Bumi Lot,Unknown,Melaka,Ayer Keroh
750000,1350.0,3.0,2.0,2.0,13,0,0,0,0,0,0,0,2010.0,4.0,227.0,Condominium,Leasehold,Bumi Lot,Low,Kuala Lumpur,Kuala Lumpur
218700,883.0,3.0,2.0,1.0,9,1,0,0,0,1,0,0,2021.0,33.0,746.0,Service Residence,Leasehold,Non Bumi Lot,Unknown,Selangor,Puchong
138000,550.0,2.0,1.0,1.0,2,0,0,0,0,0,0,0,,,,Flat,Leasehold,Non Bumi Lot,Medium,Penang,George Town
360000,800.0,3.0,2.0,1.0,14,0,0,0,0,0,0,0,2016.0,,1900.0,Apartment,Leasehold,Non Bumi Lot,Unknown,Penang,George Town
345000,547.0,1.0,1.0,1.0,11,0,0,0,1,0,0,0,,,,Condominium,Freehold,Non Bumi Lot,Medium,Selangor,Cheras
433094,1184.0,3.0,2.0,2.0,10,0,0,0,0,0,0,0,2020.0,17.0,676.0,Condominium,Freehold,Non Bumi Lot,Medium,Putrajaya,Putrajaya
395000,800.0,2.0,2.0,1.0,10,1,0,0,1,1,0,0,,,,Service Residence,Freehold,Non Bumi Lot,Medium,Kuala Lumpur,Kuala Lumpur
270000,750.0,3.0,2.0,1.0,7,0,0,0,0,0,0,0,1999.0,21.0,838.0,Condominium,Freehold,Non Bumi Lot,High,Penang,Relau
278000,1100.0,3.0,2.0,1.0,7,1,1,1,0,1,1,0,,17.0,,Condominium,Leasehold,Non Bumi Lot,Medium,Selangor,Klang
260000,800.0,3.0,2.0,1.0,0,0,0,0,0,0,0,0,,,,Apartment,Leasehold,Bumi Lot,Medium,Selangor,Shah Alam
420000,1148.0,4.0,2.0,1.0,11,1,1,1,1,0,1,1,,5.0,625.0,Condominium,Leasehold,Non Bumi Lot,Low,Selangor,Petaling Jaya
330000,1200.0,3.0,2.0,2.0,10,1,0,0,1,0,0,0,2014.0,23.0,744.0,Service Residence,Freehold,Non Bumi Lot,Low,Selangor,Batu Caves
380000,918.0,3.0,2.0,1.0,10,1,1,0,0,1,1,0,1997.0,15.0,450.0,Condominium,Leasehold,Non Bumi Lot,Medium,Kuala Lumpur,Kuala Lumpur
1480000,4370.0,5.0,7.0,1.0,14,0,0,0,0,0,0,0,2015.0,6.0,280.0,Condominium,Leasehold,Non Bumi Lot,High,Selangor,Puchong
900000,2240.0,5.0,4.0,1.0,10,0,0,0,0,0,0,0,,,,Others,Leasehold,Bumi Lot,Unknown,Johor,Skudai
510000,658.0,1.0,1.0,1.0,5,0,0,0,0,0,0,0,2014.0,31.0,336.0,Condominium,Freehold,Non Bumi Lot,Unknown,Penang,George Town
460000,980.0,3.0,2.0,1.0,10,1,1,1,1,0,1,1,2013.0,21.0,358.0,Condominium,Leasehold,Non Bumi Lot,High,Selangor,Petaling Jaya
490000,900.0,3.0,2.0,1.0,8,1,1,1,1,1,1,0,2016.0,,472.0,Condominium,Leasehold,Bumi Lot,High,Kuala Lumpur,Kuala Lumpur
196000,650.0,3.0,1.0,1.0,2,0,0,0,0,0,0,0,,,,Flat,Leasehold,Non Bumi Lot,Low,Johor,Skudai
280000,717.0,1.0,1.0,1.0,9,1,0,1,1,1,1,0,,11.0,,Condominium,Freehold,Non Bumi Lot,Unknown,Kuala Lumpur,Kuala Lumpur
150000,527.0,2.0,1.0,1.0,1,0,0,0,0,0,0,0,,5.0,,Apartment,Leasehold,Non Bumi Lot,Unknown,Selangor,Ampang
255000,755.0,3.0,2.0,1.0,0,0,0,0,0,0,0,0,2010.0,14.0,336.0,Condominium,Freehold,Non Bumi Lot,Unknown,Kuala Lumpur,Kuala Lumpur
240000,907.0,3.0,2.0,1.0,7,1,0,0,0,0,1,0,2005.0,20.0,606.0,Condominium,Leasehold,Non Bumi Lot,Medium,Selangor,Seri Kembangan
368000,1238.0,3.0,2.0,1.0,10,0,0,0,0,0,0,0,,14.0,319.0,Apartment,Freehold,Non Bumi Lot,Medium,Johor,Skudai
345000,636.0,1.0,1.0,1.0,9,0,0,0,0,0,0,0,,,,Condominium,Freehold,Non Bumi Lot,Low,Selangor,Cyberjaya
500000,1453.0,3.0,3.0,4.0,0,0,0,0,0,0,0,0,,,,Condominium,Freehold,Non Bumi Lot,Medium,Penang,Bukit Mertajam
365000,1152.0,3.0,2.0,1.0,6,1,1,0,1,1,1,0,2005.0,19.0,292.0,Apartment,Leasehold,Non Bumi Lot,Medium,Kuala Lumpur,Kuala Lumpur
310000,900.0,3.0,2.0,1.0,5,1,0,1,0,1,1,0,,12.0,,Condominium,Freehold,Non Bumi Lot,Low,Selangor,Puchong
449000,1207.0,4.0,2.0,1.0,10,1,0,0,0,1,1,0,2013.0,18.0,250.0,Service Residence,Leasehold,Non Bumi Lot,Medium,Kuala Lumpur,Kuala Lumpur
420000,650.0,2.0,2.0,1.0,11,1,1,1,0,1,1,0,,,,Service Residence,Freehold,Non Bumi Lot,Unknown,Kuala Lumpur,Kuala Lumpur
185000,678.0,3.0,2.0,1.0,3,0,0,0,0,0,1,0,,,,Apartment,Freehold,Bumi Lot,Low,Selangor,Shah Alam
125000,645.0,3.0,1.0,1.0,0,0,0,0,0,0,0,0,,,,Flat,Leasehold,Non Bumi Lot,Unknown,Sarawak,Kuching
168000,667.0,3.0,1.0,1.0,0,0,0,0,0,0,0,0,,,,Apartment,Leasehold,Non Bumi Lot,Unknown,Sarawak,Kuching
450000,550.0,1.0,1.0,1.0,12,0,0,0,0,0,0,0,2016.0,35.0,,Service Residence,Freehold,Non Bumi Lot,High,Selangor,Cheras
188000,861.0,3.0,1.0,1.0,0,0,0,0,0,0,0,0,,,,Apartment,Leasehold,Non Bumi Lot,Unknown,Sarawak,Kuching
38000,689.0,1.0,1.0,1.0,5,0,0,0,0,0,0,0,,,,Service Residence,Leasehold,Non Bumi Lot,Medium,Perak,Semanggol
249000,801.0,3.0,2.0,1.0,9,0,0,0,0,0,1,0,,,,Apartment,Leasehold,Bumi Lot,Medium,Selangor,Puchong
285000,853.0,3.0,2.0,1.0,4,0,0,0,0,0,0,0,2016.0,,,Apartment,Freehold,Non Bumi Lot,Low,Selangor,Sepang
317000,450.0,1.0,1.0,1.0,10,0,1,1,0,0,0,0,2016.0,32.0,704.0,Service Residence,Leasehold,Non Bumi Lot,High,Selangor,Bangi
240000,953.0,3.0,2.0,1.0,5,0,0,0,0,0,0,0,,,,Apartment,Freehold,Bumi Lot,Medium,Selangor,Bandar Mahkota Cheras
470000,1207.0,4.0,2.0,1.0,11,1,0,0,0,1,1,0,2013.0,18.0,250.0,Service Residence,Leasehold,Non Bumi Lot,Unknown,Kuala Lumpur,Kuala Lumpur
470000,1366.0,4.0,2.0,1.0,7,1,0,0,0,0,1,0,2017.0,27.0,162.0,Condominium,Leasehold,Bumi Lot,Unknown,Selangor,Puchong
400000,915.0,2.0,2.0,1.0,2,1,1,0,1,1,1,0,1991.0,4.0,,Condominium,Freehold,Non Bumi Lot,High,Selangor,Subang Jaya
270000,850.0,3.0,2.0,1.0,10,1,0,0,1,1,1,0,2006.0,18.0,200.0,Apartment,Leasehold,Non Bumi Lot,Unknown,Selangor,Petaling Jaya
285000,813.0,3.0,2.0,2.0,10,0,0,0,0,0,0,0,,,,Apartment,Freehold,Non Bumi Lot,Unknown,Selangor,Shah Alam
365000,759.0,2.0,2.0,1.0,12,0,0,0,0,0,0,0,2014.0,16.0,512.0,Service Residence,Leasehold,Bumi Lot,Medium,Selangor,Shah Alam
360000,816.0,2.0,2.0,1.0,6,0,1,1,1,1,1,0,2016.0,22.0,616.0,Service Residence,Freehold,Bumi Lot,Medium,Selangor,Shah Alam
120000,650.0,3.0,2.0,1.0,5,0,0,0,0,0,0,0,,,,Apartment,Leasehold,Non Bumi Lot,Low,Selangor,Seri Kembangan
290000,466.0,1.0,1.0,1.0,10,1,1,1,0,1,1,0,,43.0,956.0,Studio,Freehold,Non Bumi Lot,Medium,Selangor,Shah Alam
200000,850.0,3.0,2.0,1.0,9,0,1,1,0,1,1,1,2021.0,,359.0,Apartment,Leasehold,Non Bumi Lot,Unknown,Selangor,Petaling Jaya
210000,700.0,3.0,2.0,1.0,7,0,0,0,0,0,0,0,,,,Apartment,Leasehold,Bumi Lot,High,Selangor,Damansara Damai
165000,650.0,3.0,2.0,1.0,5,0,0,0,0,0,0,0,,,,Apartment,Freehold,Non Bumi Lot,Unknown,Kuala Lumpur,Kuala Lumpur
230000,900.0,3.0,2.0,2.0,7,0,0,0,0,0,0,0,2009.0,13.0,,Apartment,Leasehold,Bumi Lot,Low,Johor,Johor Bahru
170000,795.0,3.0,2.0,1.0,4,1,0,0,0,1,0,0,,5.0,,Apartment,Leasehold,Non Bumi Lot,High,Selangor,Puchong
280000,904.0,3.0,2.0,1.0,4,0,0,0,0,0,0,0,2007.0,14.0,454.0,Apartment,Leasehold,Bumi Lot,High,Johor,Johor Bahru
461000,700.0,3.0,2.0,1.0,8,0,0,0,0,0,0,0,2006.0,20.0,,Apartment,Freehold,Non Bumi Lot,High,Penang,Jelutong
200000,675.0,3.0,2.0,1.0,5,0,0,0,1,1,0,1,,5.0,912.0,Apartment,Leasehold,Bumi Lot,Unknown,Selangor,Damansara Damai
198000,850.0,3.0,2.0,1.0,4,0,0,0,0,0,0,0,,,,Flat,Freehold,Non Bumi Lot,Medium,Johor,Permas Jaya
530000,765.0,2.0,1.0,2.0,13,0,0,0,0,0,0,0,2017.0,22.0,1343.0,Condominium,Freehold,Non Bumi Lot,Unknown,Penang,Bayan Lepas
1350000,2766.0,4.0,3.0,1.0,1,0,0,0,0,0,0,0,,,,Duplex,Leasehold,Malay Reserved,Low,Selangor,Batu Caves
370000,857.0,2.0,2.0,2.0,2,0,1,0,0,0,0,0,2017.0,27.0,608.0,Service Residence,Freehold,Non Bumi Lot,Unknown,Selangor,Kajang
210000,800.0,3.0,2.0,1.0,4,0,0,0,0,0,0,0,,,,Apartment,Leasehold,Bumi Lot,Low,Unknown,Unknown
420000,554.0,2.0,1.0,1.0,3,0,0,0,0,0,0,0,,,,Service Residence,Freehold,Non Bumi Lot,High,Unknown,Unknown
1200000,2400.0,5.0,4.0,2.0,6,0,0,0,0,0,0,0,2015.0,33.0,540.0,Condominium,Freehold,Non Bumi Lot,High,Selangor,Cheras
290000,1200.0,3.0,2.0,1.0,5,0,0,0,0,0,0,0,,,228.0,Service Residence,Leasehold,Bumi Lot,Medium,Selangor,Seri Kembangan
220000,657.0,3.0,1.0,1.0,3,0,0,0,0,0,0,0,,,,Apartment,Freehold,Bumi Lot,Low,Kuala Lumpur,Kuala Lumpur
330000,1006.0,3.0,2.0,1.0,4,0,0,0,0,0,0,0,2009.0,13.0,,Apartment,Leasehold,Non Bumi Lot,Medium,Johor,Johor Bahru
355000,1173.0,3.0,2.0,1.0,8,1,1,0,0,1,1,0,,15.0,,Condominium,Leasehold,Bumi Lot,Low,Selangor,Shah Alam
140000,613.0,3.0,2.0,1.0,0,0,0,0,0,0,0,0,,,,Apartment,Leasehold,Bumi Lot,Low,Johor,Johor Bahru
380000,1200.0,4.0,2.0,1.0,14,0,1,0,0,1,1,1,,,,Apartment,Leasehold,Non Bumi Lot,Unknown,Selangor,Seri Kembangan
330000,960.0,3.0,2.0,1.0,14,0,1,0,0,1,1,1,,,,Apartment,Leasehold,Bumi Lot,Unknown,Selangor,Seri Kembangan
143000,657.0,3.0,2.0,1.0,0,1,0,0,0,0,1,0,,,,Flat,Leasehold,Bumi Lot,Low,Selangor,Pandamaran
580000,1270.0,3.0,2.0,2.0,8,0,0,0,0,0,0,0,2017.0,31.0,476.0,Condominium,Freehold,Non Bumi Lot,High,Penang,Sungai Ara
460000,1328.0,3.0,2.0,2.0,14,0,0,0,0,0,0,0,,13.0,,Condominium,Freehold,Non Bumi Lot,Unknown,Penang,Butterworth
395000,1206.0,4.0,2.0,1.0,0,0,0,1,0,1,1,0,,16.0,384.0,Condominium,Freehold,Non Bumi Lot,Medium,Kuala Lumpur,Kuala Lumpur
350000,1161.0,3.0,2.0,2.0,9,1,1,0,0,1,1,0,2007.0,10.0,396.0,Condominium,Freehold,Bumi Lot,Medium,Selangor,Klang
520000,1399.0,3.0,2.0,1.0,5,1,0,0,1,1,1,0,2008.0,20.0,1400.0,Condominium,Freehold,Bumi Lot,High,Kuala Lumpur,Kuala Lumpur
230000,810.0,3.0,2.0,1.0,2,1,0,0,0,1,1,0,,5.0,,Apartment,Freehold,Non Bumi Lot,Unknown,Selangor,Puchong
220000,780.0,3.0,2.0,1.0,6,0,0,0,0,0,1,0,2012.0,9.0,344.0,Condominium,Leasehold,Non Bumi Lot,Unknown,Selangor,Puchong
310000,900.0,3.0,2.0,2.0,10,1,0,0,0,0,1,0,2020.0,,723.0,Apartment,Freehold,Bumi Lot,Medium,Selangor,Setia Alam
260000,800.0,3.0,2.0,1.0,6,1,0,0,1,1,1,0,2006.0,18.0,200.0,Apartment,Leasehold,Bumi Lot,High,Selangor,Petaling Jaya
145000,650.0,3.0,1.0,1.0,0,0,0,0,0,1,0,0,,,,Condominium,Freehold,Bumi Lot,High,Selangor,Shah Alam
728000,1626.0,4.0,3.0,1.0,11,1,0,1,1,1,1,0,2006.0,36.0,202.0,Condominium,Freehold,Non Bumi Lot,Medium,Kuala Lumpur,Kuala Lumpur
420000,1080.0,3.0,2.0,2.0,3,0,1,1,0,1,1,0,,17.0,444.0,Condominium,Leasehold,Bumi Lot,Unknown,Selangor,Shah Alam
135000,1010.0,3.0,2.0,1.0,0,0,0,0,0,0,0,0,,,,Apartment,Leasehold,Non Bumi Lot,Low,Sarawak,Kuching
148000,1101.0,3.0,2.0,1.0,0,0,0,0,0,0,0,0,,,,Flat,Leasehold,Non Bumi Lot,Unknown,Sarawak,Kuching
165000,548.0,1.0,1.0,1.0,0,0,0,0,0,0,0,0,,,,Service Residence,Leasehold,Non Bumi Lot,Unknown,Sarawak,Kuching
295000,856.0,3.0,2.0,1.0,2,0,0,0,0,0,0,0,,4.0,40.0,Apartment,Freehold,Non Bumi Lot,Medium,Kuala Lumpur,Kuala Lumpur
250000,633.0,3.0,2.0,1.0,2,0,0,0,0,0,0,0,,4.0,,Apartment,Leasehold,Non Bumi Lot,Unknown,Sarawak,Kuching
355000,1173.0,3.0,2.0,1.0,5,1,1,0,0,1,1,0,,15.0,,Condominium,Leasehold,Bumi Lot,Low,Selangor,Shah Alam
1450000,1200.0,3.0,2.0,2.0,7,0,0,0,0,0,0,0,2022.0,,450.0,Condominium,Freehold,Non Bumi Lot,Medium,Penang,Bayan Lepas
345000,786.0,3.0,2.0,1.0,8,0,0,0,0,0,0,0,2007.0,22.0,816.0,Condominium,Freehold,Non Bumi Lot,High,Penang,Ayer Itam
288000,654.0,3.0,1.0,1.0,0,0,0,0,0,0,0,0,2014.0,38.0,554.0,Apartment,Freehold,Non Bumi Lot,High,Penang,Tanjong Tokong
328000,1442.0,4.0,3.0,1.0,0,0,0,0,0,0,0,0,,,,Condominium,Freehold,Non Bumi Lot,Unknown,Perak,Taiping
150000,667.0,3.0,1.0,1.0,0,0,0,0,0,0,0,0,,,,Apartment,Freehold,Bumi Lot,Unknown,Selangor,Puchong
160000,670.0,3.0,2.0,1.0,1,0,0,0,0,0,0,0,,5.0,950.0,Flat,Freehold,Non Bumi Lot,Unknown,Selangor,Puchong
530000,1207.0,3.0,2.0,1.0,8,1,0,0,0,1,1,0,2013.0,18.0,250.0,Service Residence,Leasehold,Bumi Lot,Medium,Kuala Lumpur,Kuala Lumpur
750000,1173.0,3.0,2.0,2.0,9,1,1,0,1,0,1,0,2022.0,26.0,727.0,Condominium,Leasehold,Non Bumi Lot,Medium,Selangor,Petaling Jaya
230000,680.0,3.0,1.0,1.0,3,0,0,0,0,0,0,0,,,,Apartment,Freehold,Non Bumi Lot,Unknown,Penang,Bukit Jambul
400000,1386.0,4.0,3.0,2.0,12,0,0,0,0,0,0,0,2013.0,20.0,899.0,Condominium,Leasehold,Non Bumi Lot,Unknown,Selangor,Petaling Jaya
250000,882.0,3.0,2.0,1.0,7,0,0,0,0,0,0,0,1996.0,31.0,360.0,Condominium,Freehold,Non Bumi Lot,Low,Penang,Ayer Itam
1818000,2300.0,4.0,4.0,2.0,9,0,0,0,0,0,0,0,1999.0,22.0,79.0,Condominium,Freehold,Non Bumi Lot,Low,Penang,Tanjung Bungah
319000,850.0,3.0,2.0,2.0,3,0,0,0,0,0,0,0,,,960.0,Apartment,Freehold,Bumi Lot,High,Selangor,Cyberjaya
275000,850.0,3.0,2.0,1.0,0,0,0,0,0,0,0,0,2008.0,16.0,196.0,Apartment,Leasehold,Bumi Lot,Medium,Johor,Johor Bahru
340000,989.0,3.0,2.0,1.0,2,0,0,0,0,0,0,0,2017.0,2.0,669.0,Service Residence,Freehold,Non Bumi Lot,Medium,Selangor,Bangi
140000,810.0,3.0,2.0,1.0,0,0,0,0,0,0,0,0,,,,Flat,Leasehold,Bumi Lot,Medium,Selangor,Hulu Langat
399000,708.0,2.0,2.0,1.0,7,0,0,0,0,0,0,0,2014.0,,177.0,Condominium,Freehold,Non Bumi Lot,Medium,Pahang,Kuantan
275000,799.0,2.0,2.0,1.0,0,0,0,0,0,0,0,0,,,,Apartment,Freehold,Non Bumi Lot,Medium,Terengganu,Kijal
270000,768.0,1.0,1.0,1.0,10,0,0,0,0,0,0,0,,,,Apartment,Leasehold,Non Bumi Lot,Low,Pahang,Kuantan
263000,600.0,3.0,1.0,2.0,4,1,1,0,0,0,0,0,,,,Apartment,Leasehold,Bumi Lot,Medium,Kuala Lumpur,Kuala Lumpur
272000,777.0,1.0,1.0,2.0,12,0,0,0,0,0,0,0,2016.0,21.0,336.0,Condominium,Leasehold,Non Bumi Lot,Medium,Selangor,Semenyih
520000,1258.0,3.0,2.0,1.0,7,0,0,0,0,0,0,0,2007.0,16.0,529.0,Condominium,Freehold,Non Bumi Lot,Low,Penang,Sungai Ara
300000,610.0,1.0,1.0,1.0,10,1,0,0,1,1,1,1,2009.0,19.0,312.0,Condominium,Leasehold,Non Bumi Lot,Unknown,Kuala Lumpur,Kuala Lumpur
225000,657.0,3.0,1.0,1.0,0,0,0,0,0,0,0,0,,5.0,,Apartment,Freehold,Bumi Lot,Low,Selangor,Shah Alam
400000,792.0,2.0,2.0,1.0,11,0,0,0,0,0,1,0,2018.0,,280.0,Service Residence,Freehold,Non Bumi Lot,Unknown,Selangor,Port Klang
239000,603.0,3.0,1.0,1.0,3,1,1,0,1,1,1,0,,,,Apartment,Leasehold,Non Bumi Lot,High,Kuala Lumpur,Kuala Lumpur
268000,906.0,3.0,2.0,1.0,8,0,0,0,0,0,0,0,2006.0,21.0,565.0,Apartment,Leasehold,Non Bumi Lot,Medium,Johor,Johor Bahru
168000,700.0,2.0,1.0,1.0,0,1,0,0,0,0,1,0,,,,Apartment,Freehold,Non Bumi Lot,Low,Kuala Lumpur,Kuala Lumpur
288000,464.0,1.0,1.0,1.0,8,1,1,1,0,1,1,0,,43.0,956.0,Condominium,Freehold,Non Bumi Lot,Medium,Selangor,Shah Alam
350000,1009.0,3.0,2.0,2.0,11,1,0,0,0,1,1,0,2017.0,36.0,1338.0,Service Residence,Leasehold,Non Bumi Lot,High,Kuala Lumpur,Kuala Lumpur
190000,656.0,3.0,2.0,1.0,4,0,0,0,0,0,0,0,,,,Apartment,Freehold,Non Bumi Lot,High,Selangor,Klang
290000,850.0,3.0,2.0,1.0,4,1,0,0,0,0,0,0,2005.0,7.0,120.0,Apartment,Leasehold,Non Bumi Lot,Medium,Selangor,Shah Alam
900000,1432.0,3.0,2.0,1.0,10,0,0,0,0,0,0,0,,,684.0,Condominium,Freehold,Non Bumi Lot,High,Sarawak,Kuching
350000,1080.0,3.0,2.0,2.0,6,0,0,0,0,0,0,0,,12.0,,Apartment,Freehold,Non Bumi Lot,Medium,Penang,Teluk Kumbar
355000,614.0,1.0,1.0,1.0,7,0,0,0,0,0,0,0,2015.0,11.0,488.0,Condominium,Freehold,Non Bumi Lot,Low,Johor,Iskandar Puteri
395000,810.0,2.0,2.0,1.0,10,0,0,0,0,0,0,0,2004.0,27.0,,Condominium,Freehold,Non Bumi Lot,Unknown,Penang,Tanjung Bungah
400000,422.0,1.0,1.0,2.0,5,0,0,0,0,0,0,0,2018.0,,,Service Residence,Leasehold,Non Bumi Lot,Medium,Pahang,Kuantan
198000,743.0,3.0,2.0,1.0,3,0,0,0,0,0,0,0,2009.0,13.0,,Apartment,Leasehold,Bumi Lot,Medium,Johor,Johor Bahru
345000,430.0,2.0,2.0,1.0,1,1,1,1,1,1,1,0,2021.0,,,Service Residence,Freehold,Non Bumi Lot,Unknown,Kuala Lumpur,Kuala Lumpur
400000,979.0,3.0,2.0,2.0,7,1,1,0,1,1,1,0,2015.0,24.0,675.0,Service Residence,Leasehold,Non Bumi Lot,Unknown,Selangor,Seri Kembangan
207000,1022.0,3.0,2.0,1.0,0,0,0,0,0,0,0,0,,,,Condominium,Freehold,Non Bumi Lot,Unknown,Selangor,Kajang
580000,1349.0,3.0,1.0,1.0,8,0,0,0,0,0,0,0,,,,Condominium,Freehold,Non Bumi Lot,Unknown,Unknown,Unknown
485000,1100.0,3.0,2.0,1.0,9,0,0,0,0,0,0,0,,,109.0,Condominium,Leasehold,Non Bumi Lot,Medium,Sabah,Kota Kinabalu
295000,738.0,3.0,2.0,1.0,5,0,0,0,0,0,0,0,,,,Apartment,Leasehold,Non Bumi Lot,Low,Sabah,Kota Kinabalu
170000,810.0,3.0,2.0,1.0,2,0,0,0,0,0,0,0,,,,Flat,Leasehold,Bumi Lot,Medium,Selangor,Hulu Langat
205000,786.0,3.0,2.0,1.0,0,1,0,0,0,0,1,0,,,,Apartment,Freehold,Non Bumi Lot,Medium,Selangor,Shah Alam
128000,657.0,3.0,2.0,1.0,0,1,0,1,0,0,1,0,,5.0,,Flat,Freehold,Non Bumi Lot,Low,Selangor,Klang
115000,657.0,3.0,2.0,1.0,0,1,0,1,0,0,1,0,,5.0,,Flat,Freehold,Non Bumi Lot,Medium,Selangor,Klang
270000,850.0,3.0,2.0,1.0,7,0,0,0,0,0,0,0,,,,Apartment,Freehold,Bumi Lot,Low,Selangor,Bangi
499000,1200.0,3.0,3.0,2.0,14,0,0,0,0,0,0,0,,,,Condominium,Freehold,Non Bumi Lot,High,Putrajaya,Putrajaya
318000,973.0,3.0,2.0,1.0,5,0,0,0,0,0,0,0,2015.0,,352.0,Condominium,Leasehold,Non Bumi Lot,Medium,Johor,Johor Bahru
450000,870.0,3.0,2.0,2.0,9,0,0,0,0,0,0,0,2016.0,29.0,391.0,Service Residence,Leasehold,Non Bumi Lot,Medium,Sabah,Kota Kinabalu
500000,1066.0,2.0,2.0,1.0,0,0,0,0,0,0,0,0,,,,Service Residence,Leasehold,Non Bumi Lot,Medium,Sabah,Kota Kinabalu
260000,732.0,1.0,1.0,1.0,8,0,0,0,0,0,0,0,2000.0,18.0,752.0,Condominium,Freehold,Non Bumi Lot,Medium,Kuala Lumpur,Kuala Lumpur
340000,850.0,3.0,2.0,2.0,5,1,0,0,0,1,0,0,,15.0,,Apartment,Leasehold,Non Bumi Lot,Medium,Selangor,Shah Alam
119000,650.0,3.0,2.0,1.0,5,0,0,0,0,0,0,0,,,,Flat,Leasehold,Bumi Lot,High,Selangor,Bandar Saujana Putra
370000,858.0,3.0,2.0,1.0,6,1,1,1,1,0,1,0,2007.0,24.0,299.0,Apartment,Leasehold,Non Bumi Lot,Medium,Selangor,Ampang
430000,1039.0,3.0,2.0,1.0,4,1,1,0,1,1,1,0,,5.0,,Apartment,Freehold,Non Bumi Lot,Low,Selangor,Subang Jaya
250000,750.0,3.0,2.0,1.0,0,0,0,0,0,0,0,0,,5.0,,Apartment,Freehold,Non Bumi Lot,High,Selangor,Shah Alam
260000,750.0,3.0,2.0,1.0,0,0,0,0,0,0,0,0,,5.0,,Apartment,Freehold,Non Bumi Lot,Low,Selangor,Shah Alam
175000,750.0,3.0,2.0,1.0,0,0,0,0,0,0,0,0,,5.0,,Apartment,Freehold,Non Bumi Lot,High,Selangor,Shah Alam
210000,816.0,3.0,2.0,1.0,3,0,0,0,0,0,0,0,,,,Apartment,Leasehold,Bumi Lot,Medium,Selangor,Rawang
206500,688.0,2.0,1.0,1.0,0,0,0,0,0,0,0,0,,,,Service Residence,Freehold,Non Bumi Lot,Medium,Melaka,Klebang
218000,650.0,3.0,2.0,1.0,3,0,0,0,0,0,0,0,,,,Apartment,Leasehold,Non Bumi Lot,Unknown,Penang,Sungai Ara
770000,1345.0,4.0,2.0,2.0,12,0,0,0,0,0,0,0,2016.0,17.0,91.0,Condominium,Freehold,Non Bumi Lot,Unknown,Penang,Jelutong
220000,590.0,2.0,1.0,1.0,3,0,0,0,0,0,0,0,,,,Flat,Freehold,Non Bumi Lot,Unknown,Penang,Bayan Lepas
235000,450.0,2.0,1.0,1.0,11,0,0,0,0,0,0,0,,,,Condominium,Leasehold,Non Bumi Lot,Medium,Unknown,Unknown
477100,600.0,2.0,1.0,1.0,14,1,0,0,0,1,1,0,2009.0,22.0,800.0,Studio,Leasehold,Non Bumi Lot,Medium,Kuala Lumpur,Kuala Lumpur
790000,1800.0,4.0,3.0,3.0,14,0,0,0,0,0,0,0,,,,Duplex,Leasehold,Non Bumi Lot,Medium,Kuala Lumpur,Kuala Lumpur
180000,810.0,3.0,2.0,1.0,3,0,0,0,0,0,0,0,,,,Flat,Leasehold,Bumi Lot,Low,Selangor,Hulu Langat
250000,853.0,3.0,2.0,2.0,5,0,0,0,0,0,0,0,2016.0,,,Apartment,Freehold,Bumi Lot,High,Selangor,Sepang
135000,678.0,3.0,2.0,1.0,0,0,0,0,0,0,0,0,,,,Flat,Freehold,Bumi Lot,Medium,Selangor,Semenyih
275000,853.0,3.0,2.0,2.0,6,0,0,0,0,0,0,0,2016.0,,,Apartment,Freehold,Bumi Lot,Medium,Selangor,Sepang
165000,650.0,3.0,1.0,1.0,1,0,0,1,1,0,1,0,,5.0,,Flat,Leasehold,Non Bumi Lot,High,Selangor,Ampang
390000,905.0,3.0,2.0,1.0,2,0,0,0,0,0,0,0,1999.0,5.0,20.0,Apartment,Freehold,Non Bumi Lot,Medium,Penang,Bukit Jambul
235000,966.0,3.0,2.0,1.0,0,0,0,0,0,0,0,0,,,,Apartment,Leasehold,Non Bumi Lot,Low,Johor,Tampoi
380000,956.0,3.0,2.0,1.0,14,0,0,0,0,0,0,0,,19.0,392.0,Condominium,Freehold,Bumi Lot,High,Selangor,Seri Kembangan
420000,700.0,3.0,2.0,1.0,5,0,0,0,0,0,0,0,2000.0,12.0,,Apartment,Freehold,Non Bumi Lot,Medium,Penang,George Town
450000,850.0,2.0,2.0,1.0,9,0,0,0,0,0,0,0,,,,Apartment,Freehold,Bumi Lot,Medium,Johor,Tebrau
420000,975.0,3.0,2.0,2.0,10,0,0,0,0,0,0,0,2013.0,29.0,372.0,Condominium,Freehold,Non Bumi Lot,Medium,Selangor,Cyberjaya
160000,606.0,3.0,1.0,1.0,2,0,0,0,0,0,0,0,,,,Apartment,Leasehold,Bumi Lot,High,Selangor,Puchong
215000,657.0,3.0,2.0,1.0,1,1,0,0,1,1,1,0,,,,Flat,Leasehold,Non Bumi Lot,Medium,Kuala Lumpur,Kuala Lumpur
250000,860.0,3.0,2.0,1.0,3,0,0,0,0,1,1,0,,5.0,,Condominium,Freehold,Non Bumi Lot,High,Selangor,Shah Alam
295000,1000.0,4.0,2.0,1.0,6,0,0,0,0,0,0,0,,,,Apartment,Freehold,Non Bumi Lot,Low,Johor,Gelang Patah
520000,1165.0,3.0,2.0,2.0,10,0,0,0,0,0,0,0,2021.0,,406.0,Condominium,Freehold,Non Bumi Lot,Unknown,Penang,Relau
125000,775.0,3.0,2.0,1.0,1,0,0,0,0,0,0,0,,,,Flat,Leasehold,Bumi Lot,Medium,Selangor,Kajang
350000,1000.0,3.0,2.0,2.0,4,1,0,0,0,0,0,0,,16.0,,Apartment,Freehold,Bumi Lot,Medium,Selangor,Bandar Bukit Raja
200000,721.0,3.0,1.0,1.0,4,0,0,0,0,0,0,0,,,,Apartment,Freehold,Bumi Lot,Medium,Negeri Sembilan,Nilai
180000,775.0,3.0,2.0,1.0,4,0,0,0,0,0,0,0,,7.0,,Apartment,Leasehold,Non Bumi Lot,Medium,Melaka,Bukit Baru
470000,975.0,3.0,2.0,2.0,8,1,0,0,0,0,0,0,2018.0,42.0,916.0,Service Residence,Leasehold,Non Bumi Lot,Unknown,Selangor,Selayang
663000,1382.0,3.0,2.0,3.0,8,0,0,0,0,0,0,0,2018.0,,224.0,Duplex,Freehold,Non Bumi Lot,Unknown,Selangor,Bandar Sri Damansara
928000,1508.0,4.0,3.0,2.0,0,0,0,0,0,0,0,0,,,,Condominium,Freehold,Non Bumi Lot,Unknown,Kuala Lumpur,Kuala Lumpur
560000,958.0,3.0,2.0,2.0,0,1,1,0,0,1,1,1,2019.0,45.0,2509.0,Service Residence,Freehold,Non Bumi Lot,Unknown,Kuala Lumpur,Kuala Lumpur
320000,1133.0,3.0,2.0,1.0,7,0,0,0,0,0,0,0,2006.0,5.0,414.0,Apartment,Leasehold,Non Bumi Lot,Unknown,Selangor,Gombak
200000,850.0,3.0,2.0,1.0,3,0,0,0,0,0,0,0,,,,Apartment,Leasehold,Non Bumi Lot,High,Sabah,Sandakan
580000,1695.0,4.0,3.0,3.0,7,1,1,0,1,0,1,0,2000.0,11.0,1240.0,Condominium,Freehold,Non Bumi Lot,High,Kuala Lumpur,Kuala Lumpur
330000,850.0,3.0,2.0,2.0,13,0,0,0,0,0,0,0,,,,Apartment,Freehold,Non Bumi Lot,Medium,Negeri Sembilan,Port Dickson
260000,750.0,3.0,2.0,1.0,0,0,0,0,0,0,0,0,,,,Apartment,Freehold,Non Bumi Lot,Medium,Selangor,Setia Alam
105000,660.0,3.0,2.0,1.0,0,0,0,0,0,0,0,0,,,,Apartment,Leasehold,Bumi Lot,Unknown,Selangor,Balakong
480000,1000.0,3.0,2.0,2.0,12,0,0,0,0,0,0,0,2020.0,,,Apartment,Freehold,Non Bumi Lot,Low,Penang,George Town
460000,1181.0,4.0,2.0,2.0,9,1,1,0,1,1,1,0,2010.0,18.0,608.0,Condominium,Leasehold,Bumi Lot,Low,Kuala Lumpur,Kuala Lumpur
490000,1300.0,3.0,2.0,1.0,5,1,0,0,1,1,1,0,2008.0,20.0,1400.0,Condominium,Freehold,Non Bumi Lot,Unknown,Kuala Lumpur,Kuala Lumpur
565000,1095.0,3.0,2.0,1.0,7,0,0,0,0,0,0,0,2016.0,38.0,434.0,Condominium,Freehold,Non Bumi Lot,Medium,Penang,Sungai Ara
525000,1050.0,2.0,2.0,2.0,11,0,0,0,0,0,0,0,2017.0,40.0,1360.0,Service Residence,Leasehold,Non Bumi Lot,High,Melaka,Melaka Tengah
525000,1050.0,2.0,2.0,2.0,11,0,0,0,0,0,0,0,2017.0,40.0,1360.0,Service Residence,Leasehold,Non Bumi Lot,High,Melaka,Melaka Tengah
650000,1091.0,4.0,3.0,2.0,10,0,0,0,0,0,0,0,2013.0,30.0,808.0,Condominium,Freehold,Non Bumi Lot,High,Penang,Ayer Itam
230000,635.0,3.0,1.0,1.0,0,0,0,0,0,0,0,0,2001.0,5.0,59.0,Flat,Freehold,Non Bumi Lot,Unknown,Penang,Bayan Lepas
1200000,2883.0,4.0,4.0,2.0,1,0,0,0,0,0,0,0,,,,Apartment,Freehold,Non Bumi Lot,Unknown,Kelantan,Kota Bharu
180000,751.0,3.0,2.0,1.0,4,1,0,0,0,0,0,0,2003.0,5.0,,Apartment,Leasehold,Bumi Lot,High,Selangor,Batu Caves
50000,650.0,3.0,2.0,1.0,0,1,0,0,0,0,0,0,,,,Apartment,Freehold,Non Bumi Lot,Low,Selangor,Rawang
370000,1366.0,3.0,2.0,1.0,9,0,0,1,0,0,0,0,2006.0,20.0,480.0,Condominium,Freehold,Non Bumi Lot,Unknown,Selangor,Kajang
640000,1100.0,3.0,2.0,2.0,7,0,0,0,0,0,0,0,2021.0,,410.0,Condominium,Freehold,Non Bumi Lot,Low,Penang,Bayan Lepas
680000,1200.0,3.0,2.0,2.0,7,0,0,0,0,0,0,0,2021.0,,410.0,Condominium,Freehold,Non Bumi Lot,High,Penang,Bayan Lepas
230000,807.0,3.0,2.0,1.0,0,0,0,0,0,0,0,0,,,,Apartment,Leasehold,Bumi Lot,Low,Selangor,Ampang
452000,947.0,3.0,2.0,2.0,14,0,0,0,0,0,0,0,,,,Condominium,Freehold,Bumi Lot,High,Putrajaya,Putrajaya
720000,1155.0,3.0,2.0,2.0,10,0,0,0,0,0,0,0,,,,Condominium,Freehold,Non Bumi Lot,Unknown,Penang,Bayan Lepas
220000,992.0,3.0,2.0,1.0,6,0,1,1,0,1,1,1,2021.0,,359.0,Apartment,Leasehold,Bumi Lot,High,Selangor,Petaling Jaya
230000,882.0,3.0,2.0,1.0,3,0,0,0,0,0,0,0,,,,Apartment,Freehold,Non Bumi Lot,Medium,Penang,Butterworth
340000,920.0,3.0,2.0,1.0,7,1,0,0,1,1,1,0,1999.0,15.0,690.0,Condominium,Leasehold,Bumi Lot,Unknown,Kuala Lumpur,Kuala Lumpur
235000,870.0,3.0,2.0,1.0,4,0,0,0,0,0,0,0,,5.0,,Apartment,Leasehold,Bumi Lot,High,Selangor,Shah Alam
530000,1276.0,3.0,2.0,2.0,14,0,0,0,0,0,0,0,2016.0,35.0,,Service Residence,Freehold,Non Bumi Lot,Medium,Selangor,Cheras
295000,533.0,1.0,1.0,2.0,11,0,0,0,0,0,0,0,2016.0,35.0,,Service Residence,Freehold,Non Bumi Lot,High,Selangor,Cheras
542888,1276.0,3.0,2.0,2.0,10,0,0,0,0,0,0,0,2016.0,35.0,,Service Residence,Freehold,Non Bumi Lot,Medium,Selangor,Cheras
328000,1130.0,3.0,2.0,1.0,0,1,1,0,1,1,0,0,,24.0,384.0,Condominium,Freehold,Non Bumi Lot,High,Kuala Lumpur,Kuala Lumpur
350000,1212.0,3.0,2.0,2.0,7,0,0,0,0,0,0,0,,,538.0,Apartment,Freehold,Non Bumi Lot,Medium,Selangor,Cheras
340000,557.0,3.0,2.0,2.0,8,1,0,0,0,1,0,0,2018.0,33.0,553.0,Service Residence,Freehold,Bumi Lot,Low,Selangor,Gombak
336000,1212.0,3.0,2.0,2.0,7,0,0,0,0,0,0,0,,,538.0,Apartment,Freehold,Non Bumi Lot,Medium,Selangor,Cheras
550000,958.0,3.0,2.0,1.0,11,0,0,0,0,0,0,0,2005.0,,1013.0,Condominium,Leasehold,Non Bumi Lot,High,Selangor,Damansara Perdana
595000,1174.0,3.0,2.0,1.0,13,0,0,0,0,0,0,0,2005.0,24.0,312.0,Apartment,Leasehold,Bumi Lot,Low,Selangor,Petaling Jaya
338000,850.0,3.0,2.0,1.0,5,0,0,0,0,0,0,0,,,,Apartment,Freehold,Non Bumi Lot,Low,Selangor,Seri Kembangan
425000,1034.0,3.0,2.0,2.0,8,0,0,0,0,0,0,0,,,505.0,Apartment,Freehold,Non Bumi Lot,Unknown,Selangor,Kajang
180000,732.0,4.0,1.0,1.0,1,1,0,0,0,0,1,0,,,,Apartment,Leasehold,Non Bumi Lot,Unknown,Selangor,Ampang
185000,700.0,3.0,1.0,1.0,0,1,0,0,0,1,1,0,,,,Apartment,Leasehold,Bumi Lot,Medium,Selangor,Petaling Jaya
85000,650.0,3.0,1.0,1.0,0,1,0,0,0,1,0,0,,,,Flat,Leasehold,Non Bumi Lot,Medium,Selangor,Rawang
328000,2524.0,4.0,3.0,2.0,0,0,0,0,0,0,0,0,,,,Apartment,Freehold,Non Bumi Lot,High,Penang,Perai
255000,615.0,2.0,1.0,1.0,10,0,0,0,0,0,0,0,2008.0,20.0,1036.0,Apartment,Freehold,Non Bumi Lot,Medium,Selangor,Subang Jaya
378000,916.0,3.0,2.0,2.0,6,0,0,0,0,0,0,0,2016.0,22.0,328.0,Apartment,Leasehold,Non Bumi Lot,Unknown,Johor,Johor Bahru
380000,635.0,2.0,1.0,1.0,9,0,0,0,0,0,1,0,2018.0,,280.0,Service Residence,Freehold,Non Bumi Lot,High,Selangor,Port Klang
270000,660.0,2.0,1.0,1.0,0,0,0,0,0,0,0,0,,,,Apartment,Leasehold,Non Bumi Lot,Medium,Sabah,Kota Kinabalu
225000,850.0,3.0,2.0,1.0,12,1,0,0,0,1,1,0,2000.0,12.0,,Apartment,Leasehold,Non Bumi Lot,Medium,Selangor,Puchong
250000,700.0,2.0,2.0,1.0,6,0,0,0,0,0,0,0,,,,Apartment,Leasehold,Non Bumi Lot,Low,Sabah,Kota Kinabalu
213000,650.0,3.0,2.0,1.0,6,0,0,0,0,0,0,0,2014.0,,,Apartment,Freehold,Non Bumi Lot,Low,Penang,Sungai Ara
480000,1294.0,3.0,2.0,2.0,13,1,0,0,0,1,1,0,2011.0,21.0,286.0,Condominium,Leasehold,Non Bumi Lot,Medium,Selangor,Puchong
268000,950.0,3.0,2.0,1.0,0,0,0,0,0,0,0,0,,,,Apartment,Leasehold,Non Bumi Lot,Unknown,Johor,Gelang Patah
425000,947.0,3.0,2.0,2.0,6,1,0,0,1,1,1,0,,,,Condominium,Leasehold,Non Bumi Lot,High,Kuala Lumpur,Kuala Lumpur
460000,1055.0,2.0,2.0,5.0,9,0,0,0,0,0,0,0,2017.0,40.0,1360.0,Service Residence,Leasehold,Non Bumi Lot,High,Melaka,Melaka Tengah
295000,689.0,1.0,1.0,5.0,13,0,0,0,0,0,0,0,2017.0,40.0,1360.0,Service Residence,Leasehold,Non Bumi Lot,Medium,Melaka,Melaka Tengah
460000,710.0,2.0,2.0,1.0,9,0,0,0,0,0,0,0,,,,Service Residence,Leasehold,Non Bumi Lot,High,Melaka,Melaka City
568000,1088.0,3.0,2.0,2.0,4,0,0,0,0,0,0,0,2020.0,,809.0,Service Residence,Freehold,Non Bumi Lot,Medium,Melaka,Bukit Baru
500000,1088.0,3.0,2.0,1.0,4,0,0,0,0,0,0,0,2020.0,,809.0,Service Residence,Freehold,Non Bumi Lot,Medium,Melaka,Bukit Baru
620000,1050.0,3.0,2.0,2.0,5,0,0,0,0,0,0,0,,,,Apartment,Leasehold,Non Bumi Lot,Medium,Sarawak,Kuching
215000,753.0,3.0,2.0,1.0,4,0,0,0,0,0,0,0,,,,Apartment,Freehold,Non Bumi Lot,Medium,Selangor,Semenyih
148000,1101.0,2.0,1.0,1.0,0,0,0,0,0,0,0,0,,,,Apartment,Leasehold,Non Bumi Lot,Medium,Sarawak,Kuching
460000,958.0,3.0,2.0,1.0,14,0,0,0,0,0,0,0,,,,Service Residence,Freehold,Non Bumi Lot,Unknown,Johor,Johor Bahru
180000,720.0,3.0,2.0,1.0,9,1,0,0,0,0,1,0,,9.0,900.0,Apartment,Leasehold,Bumi Lot,High,Kuala Lumpur,Kuala Lumpur
90000,750.0,3.0,1.0,1.0,0,0,0,0,0,0,0,0,,,,Apartment,Freehold,Non Bumi Lot,Unknown,Melaka,Bertam Malim
140000,904.0,2.0,2.0,1.0,7,0,0,0,0,0,0,0,,8.0,,Condominium,Freehold,Non Bumi Lot,Low,Negeri Sembilan,Port Dickson
265000,750.0,3.0,2.0,1.0,0,1,0,0,1,1,1,0,2006.0,18.0,200.0,Apartment,Leasehold,Bumi Lot,Unknown,Selangor,Petaling Jaya
315000,929.0,3.0,2.0,2.0,10,0,0,0,0,0,0,0,,,,Apartment,Freehold,Non Bumi Lot,Low,Negeri Sembilan,Nilai
428000,819.0,3.0,2.0,1.0,7,1,1,0,1,0,0,0,2021.0,44.0,2136.0,Service Residence,Leasehold,Non Bumi Lot,Unknown,Kuala Lumpur,Kuala Lumpur
209999,830.0,3.0,2.0,1.0,5,0,0,0,0,0,0,0,2004.0,21.0,,Condominium,Leasehold,Non Bumi Lot,Medium,Selangor,Seri Kembangan
249999,1260.0,4.0,2.0,1.0,5,1,0,0,0,0,1,0,,5.0,,Apartment,Freehold,Non Bumi Lot,Medium,Selangor,Seri Kembangan
325000,920.0,4.0,2.0,1.0,2,1,0,0,1,0,0,0,,10.0,372.0,Apartment,Freehold,Bumi Lot,Medium,Selangor,Batu Caves
868000,701.0,2.0,2.0,1.0,5,0,0,0,0,0,0,0,2020.0,26.0,324.0,Service Residence,Leasehold,Non Bumi Lot,Medium,Sabah,Kota Kinabalu
708000,552.0,1.0,1.0,1.0,7,0,0,0,0,0,0,0,,,,Service Residence,Leasehold,Non Bumi Lot,Medium,Sabah,Kota Kinabalu
369000,900.0,2.0,2.0,1.0,12,0,0,0,0,0,0,0,,,109.0,Condominium,Leasehold,Non Bumi Lot,High,Sabah,Kota Kinabalu
290000,990.0,3.0,2.0,1.0,14,0,0,0,0,0,0,0,,,,Apartment,Leasehold,Bumi Lot,Low,Johor,Johor Bahru
259000,680.0,1.0,1.0,1.0,14,0,0,0,0,0,0,0,,,,Service Residence,Freehold,Non Bumi Lot,Medium,Johor,Tebrau
1150000,1661.0,4.0,3.0,2.0,7,1,1,1,0,1,1,1,2011.0,41.0,192.0,Condominium,Freehold,Non Bumi Lot,Medium,Kuala Lumpur,Kuala Lumpur
335000,1050.0,3.0,2.0,1.0,0,0,0,0,0,0,0,0,,4.0,,Service Residence,Freehold,Non Bumi Lot,Medium,Johor,Johor Bahru
280000,1100.0,3.0,2.0,1.0,5,1,0,1,0,0,1,0,,9.0,,Apartment,Freehold,Non Bumi Lot,Medium,Selangor,Klang
340000,926.0,3.0,2.0,1.0,0,0,0,0,0,0,1,0,,,,Apartment,Leasehold,Non Bumi Lot,Low,Selangor,Setia Alam
270000,842.0,3.0,2.0,1.0,8,1,0,0,0,1,0,0,2018.0,19.0,408.0,Service Residence,Leasehold,Bumi Lot,Medium,Selangor,Puncak Alam
381000,1238.0,4.0,3.0,2.0,11,0,0,0,0,0,0,0,2018.0,35.0,849.0,Service Residence,Freehold,Bumi Lot,Medium,Johor,Johor Bahru
390000,998.0,3.0,2.0,1.0,9,0,0,0,0,0,0,0,2005.0,8.0,400.0,Condominium,Leasehold,Bumi Lot,Medium,Selangor,Kota Damansara
250000,945.0,3.0,2.0,1.0,4,0,0,0,0,0,0,0,,5.0,,Apartment,Leasehold,Bumi Lot,Low,Kuala Lumpur,Kuala Lumpur
275000,1128.0,3.0,2.0,1.0,3,0,0,0,0,0,0,1,,8.0,,Apartment,Freehold,Non Bumi Lot,Medium,Selangor,Kajang
309000,960.0,3.0,2.0,1.0,6,1,0,1,0,0,1,0,,8.0,,Condominium,Freehold,Non Bumi Lot,Low,Selangor,Klang
250000,990.0,3.0,2.0,1.0,14,0,0,0,0,0,0,0,2007.0,14.0,454.0,Condominium,Leasehold,Non Bumi Lot,Medium,Johor,Johor Bahru
320000,1012.0,3.0,2.0,2.0,10,1,0,0,1,0,0,0,2014.0,23.0,744.0,Service Residence,Freehold,Non Bumi Lot,Medium,Selangor,Batu Caves
135000,527.0,2.0,2.0,1.0,0,0,0,0,0,0,0,0,,,,Flat,Leasehold,Bumi Lot,High,Selangor,Ampang
160000,720.0,3.0,2.0,1.0,2,1,0,0,0,1,0,0,,,,Apartment,Leasehold,Bumi Lot,High,Selangor,Puncak Alam
300000,753.0,3.0,2.0,1.0,6,1,1,0,1,1,0,1,,,,Condominium,Leasehold,Bumi Lot,Low,Kuala Lumpur,Kuala Lumpur
110000,650.0,3.0,2.0,1.0,5,0,0,0,0,0,0,0,,5.0,,Flat,Leasehold,Bumi Lot,High,Selangor,Semenyih
380000,1450.0,3.0,2.0,1.0,4,0,0,0,0,0,0,0,1987.0,15.0,200.0,Condominium,Freehold,Non Bumi Lot,High,Selangor,Ampang
210000,850.0,3.0,2.0,1.0,3,1,0,0,0,0,0,0,,,,Apartment,Freehold,Bumi Lot,Low,Selangor,Klang
340000,991.0,3.0,2.0,1.0,9,1,0,0,0,1,0,0,2010.0,,704.0,Condominium,Leasehold,Bumi Lot,Low,Selangor,Batu Caves
345000,900.0,3.0,2.0,2.0,13,0,0,0,0,0,0,0,,,,Apartment,Freehold,Non Bumi Lot,Unknown,Selangor,Cyberjaya
355000,1173.0,3.0,2.0,1.0,6,1,1,0,0,1,1,0,,15.0,,Condominium,Leasehold,Bumi Lot,Low,Selangor,Shah Alam
265000,750.0,3.0,2.0,1.0,6,0,0,0,0,0,0,0,,,,Apartment,Leasehold,Bumi Lot,Low,Selangor,Shah Alam
180000,753.0,3.0,2.0,1.0,2,0,0,0,0,0,0,0,,,,Flat,Leasehold,Non Bumi Lot,Medium,Selangor,Damansara Damai
710000,1547.0,4.0,3.0,1.0,5,1,0,1,0,1,1,0,,14.0,,Condominium,Freehold,Non Bumi Lot,Low,Selangor,Subang Jaya
380000,1200.0,3.0,2.0,1.0,5,0,0,0,0,0,0,0,,,,Condominium,Freehold,Non Bumi Lot,High,Johor,Johor Bahru
250000,1001.0,4.0,2.0,1.0,0,0,0,0,0,0,0,0,,4.0,,Apartment,Leasehold,Non Bumi Lot,Low,Johor,Johor Bahru
155000,850.0,3.0,2.0,1.0,1,0,0,0,0,0,0,0,2014.0,4.0,348.0,Flat,Freehold,Non Bumi Lot,Medium,Johor,Pasir Gudang
79000,700.0,3.0,2.0,1.0,0,0,0,0,0,0,0,0,,,,Flat,Freehold,Non Bumi Lot,High,Johor,Kulai
360000,1431.0,3.0,2.0,1.0,11,0,0,0,0,0,0,0,1987.0,15.0,200.0,Condominium,Freehold,Non Bumi Lot,Unknown,Selangor,Ampang
260000,850.0,3.0,2.0,1.0,9,0,0,0,0,0,0,0,2000.0,8.0,,Condominium,Leasehold,Bumi Lot,High,Selangor,Ampang
175000,667.0,3.0,2.0,1.0,4,0,0,0,0,0,0,0,,,,Apartment,Leasehold,Bumi Lot,Medium,Selangor,Petaling Jaya
715000,1711.0,3.0,3.0,2.0,11,0,0,0,0,0,0,0,2007.0,30.0,384.0,Condominium,Leasehold,Non Bumi Lot,High,Selangor,Subang Jaya
410000,1003.0,3.0,2.0,1.0,5,1,0,0,0,1,1,0,2006.0,15.0,,Condominium,Leasehold,Bumi Lot,Medium,Selangor,Shah Alam
470000,1300.0,3.0,3.0,1.0,11,0,0,0,0,0,0,0,2010.0,19.0,706.0,Condominium,Freehold,Non Bumi Lot,Medium,Penang,Bayan Baru
390000,1210.0,3.0,2.0,2.0,9,0,0,0,0,0,0,0,2016.0,21.0,482.0,Condominium,Leasehold,Non Bumi Lot,Medium,Selangor,Selayang
260000,910.0,3.0,2.0,1.0,2,1,0,0,0,1,1,0,,,,Apartment,Leasehold,Bumi Lot,High,Selangor,Petaling Jaya
213000,750.0,3.0,2.0,1.0,7,1,1,1,0,1,1,0,,5.0,,Flat,Leasehold,Bumi Lot,Medium,Selangor,Shah Alam
240000,753.0,3.0,2.0,1.0,3,0,1,0,0,0,0,0,,,,Apartment,Freehold,Non Bumi Lot,High,Selangor,Cheras
295000,1054.0,3.0,2.0,2.0,12,0,0,0,0,0,0,0,2013.0,,300.0,Condominium,Freehold,Non Bumi Lot,Medium,Selangor,Kajang
888000,1411.0,2.0,2.0,1.0,9,1,1,0,1,1,1,0,2013.0,27.0,176.0,Condominium,Freehold,Non Bumi Lot,Medium,Kuala Lumpur,Kuala Lumpur
265000,856.0,3.0,2.0,1.0,9,0,0,0,0,1,0,0,,5.0,,Apartment,Leasehold,Bumi Lot,Medium,Selangor,Shah Alam
190000,700.0,3.0,2.0,1.0,1,1,1,1,1,1,1,0,,,,Apartment,Leasehold,Bumi Lot,Medium,Selangor,Puchong
258000,912.0,3.0,2.0,1.0,1,0,0,0,0,0,0,0,2004.0,38.0,1112.0,Apartment,Freehold,Non Bumi Lot,Low,Johor,Pasir Gudang
249000,842.0,3.0,2.0,1.0,7,1,0,0,0,1,0,0,2018.0,19.0,408.0,Service Residence,Leasehold,Bumi Lot,High,Selangor,Puncak Alam
2300000,1853.0,4.0,6.0,2.0,11,0,0,0,0,0,0,0,2013.0,36.0,245.0,Condominium,Freehold,Non Bumi Lot,High,Kuala Lumpur,Kuala Lumpur
220000,791.0,3.0,2.0,1.0,4,0,0,0,0,0,0,1,,,,Apartment,Freehold,Bumi Lot,High,Selangor,Kajang
500000,1055.0,2.0,2.0,1.0,9,0,0,0,0,0,0,0,2017.0,40.0,1360.0,Service Residence,Leasehold,Non Bumi Lot,High,Melaka,Melaka Tengah
205000,778.0,3.0,2.0,1.0,6,0,0,0,0,0,0,0,2005.0,7.0,1274.0,Apartment,Leasehold,Bumi Lot,Medium,Selangor,Shah Alam
358000,1023.0,3.0,2.0,1.0,0,0,0,0,0,0,0,0,,,,Apartment,Freehold,Non Bumi Lot,Low,Johor,Johor Bahru
250000,950.0,3.0,2.0,1.0,9,0,0,0,0,0,0,0,,,,Condominium,Freehold,Non Bumi Lot,Low,Johor,Pasir Gudang
255000,750.0,3.0,2.0,1.0,5,0,0,0,0,0,0,0,,,,Apartment,Leasehold,Bumi Lot,Medium,Selangor,Shah Alam
230000,410.0,2.0,1.0,1.0,1,0,0,0,0,0,0,0,,,,Apartment,Leasehold,Non Bumi Lot,Low,Sabah,Kota Kinabalu
220000,818.0,3.0,2.0,1.0,7,0,0,0,0,0,0,0,,11.0,708.0,Apartment,Leasehold,Non Bumi Lot,Medium,Johor,Masai
210000,1001.0,3.0,2.0,1.0,0,0,0,0,0,0,0,0,,4.0,,Apartment,Leasehold,Non Bumi Lot,High,Johor,Johor Bahru
350000,947.0,3.0,2.0,1.0,4,0,0,0,0,0,0,0,,,,Service Residence,Leasehold,Non Bumi Lot,Medium,Johor,Johor Bahru
250000,560.0,2.0,1.0,1.0,0,0,0,0,0,0,0,0,,,,Studio,Freehold,Non Bumi Lot,Medium,Selangor,Puchong
135000,650.0,3.0,1.0,1.0,2,1,1,1,0,0,1,0,,,,Flat,Leasehold,Non Bumi Lot,Medium,Selangor,Kapar
125000,624.0,2.0,1.0,1.0,0,0,0,0,0,0,0,0,,,,Apartment,Leasehold,Non Bumi Lot,Unknown,Sarawak,Kota Samarahan
340000,841.0,2.0,2.0,1.0,2,0,0,0,0,0,0,0,,4.0,99.0,Apartment,Freehold,Non Bumi Lot,Unknown,Sarawak,Kuching
350000,841.0,2.0,2.0,1.0,2,0,0,0,0,0,0,0,,4.0,99.0,Apartment,Freehold,Non Bumi Lot,Unknown,Sarawak,Kuching
138000,624.0,2.0,1.0,1.0,0,0,0,0,0,0,0,0,,,,Apartment,Leasehold,Non Bumi Lot,Unknown,Sarawak,Kota Samarahan
390000,921.0,2.0,2.0,1.0,0,0,0,0,0,0,0,0,,,,Apartment,Leasehold,Non Bumi Lot,Unknown,Sarawak,Kuching
290000,640.0,2.0,2.0,1.0,3,0,0,0,0,0,0,0,,,,Apartment,Leasehold,Bumi Lot,Unknown,Sarawak,Kuching
700000,1475.0,3.0,2.0,2.0,8,0,0,0,0,0,0,0,,,,Condominium,Leasehold,Non Bumi Lot,Unknown,Sarawak,Kuching
580000,1077.0,2.0,2.0,2.0,10,0,0,0,0,0,0,0,,8.0,89.0,Apartment,Leasehold,Non Bumi Lot,Unknown,Sarawak,Kuching
600000,1077.0,2.0,2.0,2.0,10,0,0,0,0,0,0,0,,8.0,89.0,Apartment,Leasehold,Non Bumi Lot,Unknown,Sarawak,Kuching
688000,948.0,2.0,2.0,1.0,5,0,0,0,0,0,0,0,,,,Condominium,Leasehold,Non Bumi Lot,Unknown,Sarawak,Kuching
380000,1316.0,3.0,2.0,1.0,6,0,0,0,0,0,0,0,,,,Condominium,Leasehold,Non Bumi Lot,Unknown,Sarawak,Kuching
220000,1085.0,3.0,2.0,1.0,2,0,0,0,0,0,0,0,,,,Apartment,Leasehold,Non Bumi Lot,Unknown,Sarawak,Kuching
168000,660.0,2.0,1.0,1.0,0,0,0,0,0,0,0,0,,,,Apartment,Leasehold,Non Bumi Lot,Unknown,Sarawak,Kuching
275000,818.0,3.0,2.0,1.0,0,0,0,0,0,0,0,0,,,,Apartment,Leasehold,Non Bumi Lot,Unknown,Sarawak,Kuching
325000,802.0,3.0,2.0,1.0,0,0,0,0,0,0,0,0,,,,Apartment,Leasehold,Non Bumi Lot,Unknown,Sarawak,Kuching
300000,806.0,3.0,2.0,1.0,0,0,0,0,0,0,0,0,,,,Apartment,Leasehold,Non Bumi Lot,Unknown,Sarawak,Kuching
550000,1087.0,3.0,3.0,2.0,6,0,0,0,0,0,0,0,,12.0,200.0,Apartment,Leasehold,Non Bumi Lot,Unknown,Sarawak,Kuching
188000,929.0,3.0,2.0,1.0,0,0,0,0,0,0,0,0,,,,Apartment,Leasehold,Non Bumi Lot,Unknown,Sarawak,Kuching
540000,1300.0,3.0,2.0,2.0,5,0,0,0,0,0,0,0,,4.0,,Apartment,Leasehold,Non Bumi Lot,Medium,Sarawak,Kuching
480000,1399.0,3.0,2.0,1.0,1,0,0,0,0,0,0,0,,,,Apartment,Leasehold,Non Bumi Lot,Low,Sarawak,Kuching
78000,450.0,2.0,1.0,1.0,0,0,0,0,0,0,0,0,,,,Flat,Leasehold,Non Bumi Lot,Unknown,Sarawak,Kuching
280000,806.0,3.0,2.0,1.0,0,0,0,0,0,0,0,0,,,,Apartment,Leasehold,Non Bumi Lot,Unknown,Sarawak,Kuching
220000,657.0,3.0,2.0,1.0,5,1,1,1,1,0,1,0,,,,Flat,Leasehold,Bumi Lot,High,Selangor,Ampang
430000,1680.0,3.0,2.0,1.0,1,0,0,0,0,0,0,0,,,,Apartment,Leasehold,Non Bumi Lot,Unknown,Sarawak,Kuching
188000,700.0,3.0,2.0,1.0,0,0,0,0,0,0,0,0,,,,Apartment,Leasehold,Non Bumi Lot,Unknown,Sarawak,Kuching
600000,1257.0,4.0,3.0,2.0,12,0,0,0,0,0,0,0,,12.0,200.0,Apartment,Leasehold,Non Bumi Lot,Unknown,Sarawak,Kuching
270000,806.0,3.0,2.0,1.0,0,0,0,0,0,0,0,0,,,,Apartment,Leasehold,Non Bumi Lot,Unknown,Sarawak,Kuching
390000,1226.0,2.0,1.0,1.0,0,0,0,0,0,0,0,0,,,,Service Residence,Leasehold,Non Bumi Lot,Medium,Sarawak,Kuching
158000,660.0,2.0,1.0,1.0,0,0,0,0,0,0,0,0,,,,Apartment,Leasehold,Non Bumi Lot,Unknown,Sarawak,Kuching
950000,2400.0,3.0,3.0,2.0,8,0,0,0,0,0,0,0,1994.0,26.0,156.0,Condominium,Freehold,Non Bumi Lot,High,Penang,Tanjung Bungah
365000,1195.0,3.0,2.0,1.0,7,0,0,0,0,0,0,0,1996.0,18.0,500.0,Condominium,Freehold,Non Bumi Lot,Medium,Kuala Lumpur,Kuala Lumpur
330000,909.0,3.0,2.0,1.0,8,1,1,1,1,1,1,1,2005.0,17.0,1128.0,Condominium,Leasehold,Bumi Lot,Medium,Kuala Lumpur,Kuala Lumpur
350000,1288.0,3.0,2.0,1.0,0,0,0,0,0,0,0,0,,,,Apartment,Leasehold,Non Bumi Lot,Unknown,Sarawak,Kuching
330000,830.0,3.0,2.0,1.0,6,1,0,1,0,1,1,0,,,,Apartment,Leasehold,Bumi Lot,High,Kuala Lumpur,Kuala Lumpur
185000,530.0,2.0,1.0,1.0,3,1,1,1,1,0,0,0,,,,Flat,Leasehold,Bumi Lot,High,Kuala Lumpur,Kuala Lumpur
240000,850.0,3.0,2.0,1.0,5,0,0,0,0,0,0,0,,,,Apartment,Leasehold,Bumi Lot,Low,Selangor,Rawang
1100000,1646.0,3.0,2.0,2.0,7,0,0,0,0,0,0,0,2018.0,44.0,378.0,Condominium,Freehold,Non Bumi Lot,High,Penang,Jelutong
310000,1288.0,3.0,2.0,1.0,0,0,0,0,0,0,0,0,,,,Apartment,Leasehold,Non Bumi Lot,Unknown,Sarawak,Kuching
170000,650.0,3.0,2.0,1.0,3,1,0,1,0,0,1,0,,5.0,,Apartment,Freehold,Non Bumi Lot,Medium,Selangor,Setia Alam
430000,1142.0,4.0,2.0,1.0,5,0,0,0,0,0,0,0,2015.0,24.0,900.0,Condominium,Leasehold,Non Bumi Lot,Medium,Kuala Lumpur,Kuala Lumpur
165000,548.0,1.0,1.0,1.0,0,0,0,0,0,0,0,0,,,,Service Residence,Leasehold,Non Bumi Lot,Medium,Sarawak,Kuching
298000,810.0,2.0,2.0,1.0,0,0,0,0,0,0,0,0,2019.0,25.0,2003.0,Service Residence,Freehold,Non Bumi Lot,Medium,Johor,Johor Bahru
480000,1600.0,3.0,2.0,1.0,4,0,0,0,0,0,0,0,,,,Apartment,Leasehold,Non Bumi Lot,Medium,Sarawak,Kuching
250000,632.0,3.0,2.0,1.0,2,0,0,0,0,0,0,0,,4.0,,Apartment,Leasehold,Non Bumi Lot,High,Sarawak,Kuching
270000,726.0,2.0,2.0,1.0,4,1,1,0,1,0,1,0,2000.0,11.0,1240.0,Condominium,Freehold,Bumi Lot,Medium,Kuala Lumpur,Kuala Lumpur
500000,1600.0,3.0,2.0,1.0,2,0,0,0,0,0,0,0,,,,Apartment,Leasehold,Non Bumi Lot,Medium,Sarawak,Kuching
690000,850.0,3.0,2.0,2.0,9,0,0,0,0,0,0,0,2022.0,,478.0,Condominium,Leasehold,Non Bumi Lot,Unknown,Penang,Jelutong
380000,1055.0,3.0,2.0,1.0,3,1,1,1,0,0,0,0,,5.0,,Apartment,Leasehold,Bumi Lot,Medium,Kuala Lumpur,Kuala Lumpur
400000,915.0,3.0,2.0,1.0,4,1,1,0,1,1,1,0,1991.0,4.0,,Condominium,Freehold,Non Bumi Lot,Unknown,Selangor,Subang Jaya
250000,941.0,3.0,2.0,1.0,5,0,0,0,0,0,0,0,,8.0,,Apartment,Leasehold,Bumi Lot,Low,Kuala Lumpur,Kuala Lumpur
185000,500.0,1.0,1.0,1.0,14,0,0,0,0,0,0,0,2014.0,20.0,259.0,Condominium,Freehold,Bumi Lot,High,Selangor,Cyberjaya
230000,720.0,3.0,2.0,1.0,0,0,0,0,0,0,0,0,1991.0,,,Apartment,Freehold,Non Bumi Lot,Low,Selangor,Sepang
198000,850.0,3.0,2.0,1.0,4,0,0,0,0,0,0,0,,,,Apartment,Leasehold,Bumi Lot,High,Selangor,Rawang
280000,830.0,3.0,2.0,1.0,4,1,1,1,1,0,1,0,,10.0,,Apartment,Leasehold,Non Bumi Lot,Medium,Selangor,Ampang
370000,893.0,3.0,2.0,1.0,3,0,0,0,0,0,0,0,,,,Apartment,Leasehold,Non Bumi Lot,Unknown,Sarawak,Kuching
255000,855.0,2.0,2.0,1.0,8,0,0,0,0,0,0,0,2005.0,9.0,672.0,Condominium,Leasehold,Non Bumi Lot,Medium,Kuala Lumpur,Kuala Lumpur
220000,800.0,3.0,2.0,2.0,8,0,0,0,0,0,0,0,2014.0,4.0,75.0,Apartment,Freehold,Non Bumi Lot,Medium,Selangor,Semenyih
188000,678.0,3.0,1.0,1.0,0,0,0,0,0,0,0,0,,,,Flat,Freehold,Non Bumi Lot,Low,Johor,Johor Bahru
285000,965.0,4.0,2.0,2.0,0,0,0,0,0,0,0,0,2010.0,14.0,336.0,Condominium,Freehold,Non Bumi Lot,Unknown,Kuala Lumpur,Kuala Lumpur
420000,1550.0,5.0,3.0,1.0,14,1,0,0,0,1,1,0,2015.0,,122.0,Condominium,Leasehold,Non Bumi Lot,Medium,Selangor,Puchong
230000,1000.0,3.0,2.0,1.0,0,0,0,0,0,0,0,0,,,,Apartment,Leasehold,Non Bumi Lot,Low,Sarawak,Kuching
390000,1043.0,3.0,2.0,1.0,7,1,1,0,1,0,1,0,1998.0,15.0,900.0,Apartment,Freehold,Non Bumi Lot,Unknown,Kuala Lumpur,Kuala Lumpur
330000,920.0,3.0,2.0,2.0,8,1,0,0,1,1,1,0,1999.0,15.0,690.0,Condominium,Leasehold,Non Bumi Lot,Unknown,Kuala Lumpur,Kuala Lumpur
1028000,2987.0,5.0,4.0,2.0,14,0,0,0,0,0,0,0,2008.0,18.0,522.0,Condominium,Leasehold,Non Bumi Lot,Medium,Selangor,Petaling Jaya
600000,1038.0,3.0,3.0,1.0,14,0,0,0,0,0,0,0,2022.0,,630.0,Service Residence,Leasehold,Non Bumi Lot,Low,Sabah,Kota Kinabalu
225000,750.0,3.0,2.0,1.0,1,1,1,1,0,1,1,0,,5.0,,Flat,Leasehold,Bumi Lot,High,Selangor,Shah Alam
199000,950.0,3.0,2.0,1.0,3,0,0,0,0,0,0,0,,,,Apartment,Freehold,Non Bumi Lot,Low,Selangor,Shah Alam
650000,1281.0,3.0,4.0,1.0,7,1,1,1,0,1,1,0,2014.0,22.0,470.0,Condominium,Leasehold,Bumi Lot,Medium,Kuala Lumpur,Kuala Lumpur
868000,1540.0,3.0,2.0,2.0,9,0,0,0,0,0,0,0,,16.0,,Condominium,Leasehold,Non Bumi Lot,Unknown,Selangor,Bandar Sunway
580000,1300.0,3.0,2.0,1.0,3,1,1,0,0,1,1,0,,12.0,,Condominium,Leasehold,Non Bumi Lot,Unknown,Kuala Lumpur,Kuala Lumpur
1080000,1828.0,3.0,2.0,2.0,8,1,1,1,0,1,1,1,2010.0,28.0,238.0,Condominium,Freehold,Non Bumi Lot,Unknown,Kuala Lumpur,Kuala Lumpur
78000,495.0,2.0,1.0,1.0,0,0,0,0,0,0,0,0,,,,Flat,Leasehold,Non Bumi Lot,Low,Sarawak,Kuching
350000,1288.0,3.0,2.0,1.0,0,0,0,0,0,0,0,0,,,,Apartment,Leasehold,Non Bumi Lot,Medium,Sarawak,Kuching
220000,703.0,3.0,2.0,1.0,2,0,0,0,0,0,0,0,,4.0,,Apartment,Leasehold,Non Bumi Lot,High,Sarawak,Kuching
479000,904.0,3.0,2.0,2.0,13,0,0,0,0,0,0,0,,,,Condominium,Freehold,Bumi Lot,High,Putrajaya,Putrajaya
430000,1075.0,3.0,2.0,1.0,9,0,0,0,0,0,0,0,2007.0,16.0,416.0,Condominium,Freehold,Non Bumi Lot,Medium,Kuala Lumpur,Kuala Lumpur
490000,947.0,2.0,2.0,1.0,6,0,0,0,0,0,0,0,2020.0,34.0,462.0,Condominium,Freehold,Non Bumi Lot,Unknown,Penang,Butterworth
688000,1009.0,3.0,2.0,2.0,12,0,0,0,0,0,0,0,2021.0,38.0,960.0,Service Residence,Leasehold,Non Bumi Lot,Low,Selangor,Cheras
445300,1110.0,3.0,2.0,2.0,0,0,0,0,0,0,0,0,,,,Condominium,Freehold,Non Bumi Lot,Medium,Unknown,Unknown
448000,1183.0,3.0,2.0,2.0,1,0,0,0,0,0,0,0,,,,Condominium,Freehold,Non Bumi Lot,Medium,Penang,Bayan Lepas
620000,1300.0,3.0,2.0,2.0,10,0,0,0,0,0,0,0,2010.0,19.0,706.0,Condominium,Freehold,Non Bumi Lot,Unknown,Penang,Bayan Baru
268000,850.0,3.0,2.0,1.0,9,0,0,0,0,0,0,0,,21.0,,Apartment,Freehold,Non Bumi Lot,Medium,Johor,Johor Bahru
288000,925.0,3.0,2.0,1.0,4,0,0,0,0,0,0,0,,21.0,,Apartment,Leasehold,Non Bumi Lot,Medium,Johor,Johor Bahru
700000,1280.0,3.0,2.0,2.0,10,1,1,1,0,1,1,0,2014.0,22.0,470.0,Condominium,Leasehold,Non Bumi Lot,Medium,Kuala Lumpur,Kuala Lumpur
270000,550.0,1.0,1.0,1.0,12,0,0,0,0,0,0,0,,,,Condominium,Freehold,Non Bumi Lot,Unknown,Selangor,Kajang
450000,878.0,3.0,2.0,2.0,0,0,0,0,0,0,0,0,,,,Service Residence,Freehold,Non Bumi Lot,Unknown,Kuala Lumpur,Kuala Lumpur
300000,810.0,3.0,2.0,1.0,0,0,0,0,0,0,0,0,,,,Service Residence,Leasehold,Non Bumi Lot,Unknown,Kuala Lumpur,Kuala Lumpur
380000,1062.0,3.0,3.0,1.0,0,0,0,0,0,0,0,0,,,,Condominium,Leasehold,Bumi Lot,Unknown,Unknown,Unknown
520000,1400.0,4.0,2.0,1.0,0,0,0,0,0,0,0,0,,,,Condominium,Leasehold,Non Bumi Lot,Unknown,Sarawak,Kuching
400000,1141.0,3.0,2.0,4.0,0,0,0,0,0,0,0,0,2021.0,21.0,613.0,Condominium,Leasehold,Non Bumi Lot,High,Johor,Skudai
550000,633.0,1.0,1.0,1.0,10,1,1,0,1,1,1,0,2014.0,21.0,720.0,Service Residence,Leasehold,Non Bumi Lot,Low,Kuala Lumpur,Kuala Lumpur
165000,670.0,3.0,2.0,1.0,2,0,0,0,0,0,0,0,,,,Apartment,Leasehold,Non Bumi Lot,Medium,Selangor,Gombak
448000,1114.0,3.0,2.0,2.0,1,0,0,0,0,0,0,0,,,,Condominium,Freehold,Non Bumi Lot,Medium,Penang,Bayan Lepas
447500,1114.0,3.0,2.0,2.0,0,0,0,0,0,0,0,0,,,,Condominium,Freehold,Non Bumi Lot,Medium,Unknown,Unknown
448000,1114.0,3.0,2.0,2.0,8,0,0,0,0,0,0,0,,,,Condominium,Freehold,Non Bumi Lot,Medium,Penang,Bayan Lepas
385000,592.0,3.0,2.0,1.0,0,0,0,0,0,0,0,0,,,,Others,Freehold,Non Bumi Lot,Unknown,Kuala Lumpur,Kuala Lumpur
447500,1112.0,3.0,2.0,2.0,0,0,0,0,0,0,0,0,,,,Condominium,Freehold,Non Bumi Lot,Medium,Penang,Sungai Ara
560000,1005.0,2.0,2.0,1.0,11,0,0,0,0,0,0,0,2018.0,,1050.0,Condominium,Freehold,Non Bumi Lot,Medium,Johor,Johor Bahru
330000,742.0,3.0,2.0,1.0,8,1,1,0,1,1,1,0,,5.0,,Apartment,Freehold,Non Bumi Lot,Low,Selangor,Subang Jaya
260000,850.0,3.0,2.0,1.0,1,0,0,0,0,0,0,0,,5.0,,Duplex,Leasehold,Non Bumi Lot,Medium,Sabah,Penampang
250000,992.0,3.0,2.0,1.0,0,0,0,0,0,0,0,0,,5.0,,Apartment,Freehold,Bumi Lot,Medium,Selangor,Kajang
135000,687.0,3.0,2.0,1.0,2,1,0,0,0,0,0,0,,,,Apartment,Leasehold,Bumi Lot,High,Selangor,Puchong
520000,1165.0,3.0,2.0,2.0,10,0,0,0,0,0,0,0,2021.0,,406.0,Condominium,Freehold,Non Bumi Lot,Unknown,Penang,Relau
600000,1315.0,3.0,2.0,2.0,10,0,0,0,0,0,0,0,2021.0,,406.0,Condominium,Freehold,Non Bumi Lot,Unknown,Penang,Relau
500000,1165.0,3.0,2.0,2.0,11,0,0,0,0,0,0,0,2021.0,,406.0,Condominium,Freehold,Non Bumi Lot,Unknown,Penang,Relau
2500000,5000.0,5.0,5.0,3.0,13,1,1,1,1,1,0,0,2012.0,,391.0,Condominium,Leasehold,Bumi Lot,Unknown,Kuala Lumpur,Kuala Lumpur
620000,1450.0,3.0,2.0,1.0,10,1,1,1,1,1,0,0,2007.0,19.0,436.0,Condominium,Leasehold,Bumi Lot,Low,Kuala Lumpur,Kuala Lumpur
650000,1382.0,3.0,2.0,2.0,14,1,1,1,1,1,0,0,2016.0,,396.0,Condominium,Leasehold,Bumi Lot,Medium,Kuala Lumpur,Kuala Lumpur
155000,494.0,2.0,1.0,1.0,0,0,0,0,0,0,0,0,,,,Flat,Freehold,Non Bumi Lot,Medium,Johor,Skudai
188000,753.0,3.0,2.0,2.0,0,0,0,0,0,0,0,0,,,,Flat,Freehold,Non Bumi Lot,High,Johor,Iskandar Puteri
170000,850.0,3.0,2.0,1.0,0,0,0,0,0,0,0,0,,5.0,,Apartment,Freehold,Bumi Lot,Low,Negeri Sembilan,Seremban
385000,1274.0,3.0,2.0,2.0,5,0,0,0,0,0,0,0,2019.0,,215.0,Apartment,Freehold,Non Bumi Lot,Medium,Selangor,Seri Kembangan
300000,829.0,3.0,2.0,1.0,6,0,0,0,0,0,0,0,,,,Apartment,Freehold,Non Bumi Lot,Medium,Kuala Lumpur,Kuala Lumpur
450000,1246.0,3.0,3.0,1.0,6,1,0,0,1,0,0,0,2011.0,29.0,1709.0,Condominium,Leasehold,Non Bumi Lot,Medium,Selangor,Batu Caves
538000,1579.0,4.0,3.0,2.0,14,0,0,0,0,0,0,0,2012.0,,350.0,Condominium,Freehold,Non Bumi Lot,Medium,Selangor,Cyberjaya
380000,1316.0,3.0,2.0,1.0,5,0,0,0,0,0,0,0,,,,Condominium,Leasehold,Non Bumi Lot,Low,Sarawak,Kuching
570000,2526.0,3.0,4.0,1.0,0,0,0,0,0,0,0,0,,,,Others,Leasehold,Non Bumi Lot,Low,Sarawak,Kuching
400000,1004.0,3.0,2.0,3.0,14,0,0,0,0,0,0,0,,,,Condominium,Freehold,Non Bumi Lot,Medium,Kuala Lumpur,Kuala Lumpur
338000,1000.0,3.0,2.0,1.0,5,0,0,0,0,0,0,0,2020.0,14.0,780.0,Apartment,Leasehold,Non Bumi Lot,Low,Penang,Butterworth
338000,991.0,3.0,2.0,1.0,6,0,0,0,0,0,0,0,,,,Condominium,Freehold,Non Bumi Lot,High,Melaka,Melaka City
370000,1050.0,3.0,2.0,3.0,14,0,0,0,0,0,0,0,,,,Condominium,Freehold,Non Bumi Lot,Medium,Kuala Lumpur,Kuala Lumpur
380000,807.0,3.0,2.0,2.0,12,0,0,0,0,0,0,0,2022.0,,1255.0,Service Residence,Freehold,Non Bumi Lot,Medium,Selangor,Sepang
148000,660.0,3.0,1.0,1.0,0,0,0,0,0,0,0,0,,,,Flat,Leasehold,Non Bumi Lot,Low,Melaka,Bachang
170000,650.0,3.0,2.0,1.0,0,0,0,0,0,0,0,0,,14.0,2296.0,Apartment,Leasehold,Non Bumi Lot,Unknown,Selangor,Damansara Damai
930000,1710.0,4.0,4.0,2.0,12,1,0,0,0,1,1,0,2014.0,,670.0,Condominium,Freehold,Non Bumi Lot,Low,Kuala Lumpur,Kuala Lumpur
628000,1463.0,3.0,2.0,1.0,8,0,0,0,0,0,0,0,2020.0,33.0,490.0,Condominium,Freehold,Non Bumi Lot,Medium,Penang,Simpang Ampat
348000,991.0,2.0,2.0,2.0,8,0,0,0,0,0,0,0,2015.0,11.0,120.0,Condominium,Freehold,Bumi Lot,Medium,Selangor,Cyberjaya
190000,720.0,3.0,2.0,1.0,2,0,0,0,0,0,0,0,,,,Apartment,Freehold,Non Bumi Lot,Medium,Penang,Butterworth
675000,800.0,2.0,2.0,1.0,13,0,0,0,0,0,0,0,2017.0,22.0,1343.0,Condominium,Freehold,Non Bumi Lot,Medium,Penang,Bayan Lepas
450000,882.0,3.0,2.0,2.0,11,1,1,0,0,1,1,0,2018.0,22.0,576.0,Service Residence,Freehold,Non Bumi Lot,Low,Selangor,Klang
500000,1059.0,4.0,2.0,1.0,10,0,0,0,0,0,0,0,2019.0,38.0,2647.0,Service Residence,Freehold,Non Bumi Lot,Low,Kuala Lumpur,Kuala Lumpur
168000,710.0,3.0,2.0,1.0,1,0,0,0,0,0,0,0,,3.0,,Apartment,Leasehold,Non Bumi Lot,Low,Johor,Johor Bahru
1300000,2300.0,5.0,3.0,3.0,13,0,0,0,0,0,0,0,2008.0,18.0,522.0,Condominium,Leasehold,Bumi Lot,Low,Selangor,Petaling Jaya
750000,1828.0,4.0,3.0,2.0,13,1,1,1,1,1,0,0,2012.0,,391.0,Condominium,Leasehold,Non Bumi Lot,Medium,Kuala Lumpur,Kuala Lumpur
487000,1000.0,3.0,2.0,2.0,9,0,0,0,0,0,0,0,,,,Condominium,Freehold,Non Bumi Lot,Unknown,Penang,Bayan Lepas
358000,1200.0,3.0,2.0,2.0,10,0,0,0,0,0,0,0,2005.0,,698.0,Apartment,Leasehold,Non Bumi Lot,Medium,Johor,Johor Bahru
235000,700.0,3.0,2.0,1.0,0,0,0,0,0,0,0,0,1992.0,17.0,3.0,Apartment,Leasehold,Non Bumi Lot,Medium,Penang,Ayer Itam
220000,550.0,2.0,2.0,1.0,0,0,0,0,0,0,0,0,1999.0,19.0,1632.0,Apartment,Leasehold,Non Bumi Lot,Low,Penang,Ayer Itam
255000,1000.0,3.0,2.0,1.0,5,0,0,0,0,0,0,0,,,,Apartment,Freehold,Non Bumi Lot,Low,Melaka,Melaka City
420000,1044.0,3.0,2.0,2.0,11,0,0,0,1,0,0,0,2016.0,30.0,551.0,Service Residence,Freehold,Non Bumi Lot,Unknown,Selangor,Balakong
280000,875.0,3.0,2.0,2.0,5,1,0,0,0,1,1,0,,10.0,,Apartment,Freehold,Non Bumi Lot,Unknown,Selangor,Serdang
325000,850.0,3.0,2.0,2.0,7,0,0,0,0,0,0,0,2020.0,17.0,299.0,Condominium,Freehold,Non Bumi Lot,Unknown,Selangor,Semenyih
440000,1100.0,3.0,2.0,1.0,9,0,0,0,0,0,0,0,1995.0,32.0,,Condominium,Freehold,Bumi Lot,High,Kuala Lumpur,Kuala Lumpur
300000,1141.0,3.0,2.0,1.0,0,0,0,0,0,0,0,0,,,,Condominium,Freehold,Non Bumi Lot,Low,Unknown,Unknown
650000,2233.0,4.0,4.0,1.0,0,0,0,0,0,0,0,0,,,,Condominium,Leasehold,Non Bumi Lot,High,Sarawak,Kuching
449000,2080.0,5.0,4.0,1.0,0,0,0,0,0,0,0,0,2005.0,,698.0,Apartment,Leasehold,Non Bumi Lot,Unknown,Johor,Johor Bahru
600000,1025.0,3.0,2.0,1.0,7,1,0,0,0,1,1,0,2020.0,32.0,228.0,Condominium,Freehold,Non Bumi Lot,Low,Kuala Lumpur,Kuala Lumpur
160000,513.0,2.0,1.0,1.0,0,0,0,0,0,0,0,0,,,,Flat,Freehold,Non Bumi Lot,Unknown,Penang,Ayer Itam
350000,872.0,2.0,2.0,1.0,0,0,0,0,0,0,0,0,,,,Condominium,Leasehold,Non Bumi Lot,Unknown,Johor,Johor Bahru
230000,700.0,3.0,2.0,1.0,2,0,0,0,0,0,0,0,1998.0,21.0,596.0,Apartment,Freehold,Non Bumi Lot,Medium,Penang,Teluk Kumbar
540000,1005.0,2.0,2.0,1.0,12,0,0,0,0,0,0,0,2018.0,,1050.0,Condominium,Freehold,Non Bumi Lot,Unknown,Johor,Johor Bahru
118000,517.0,2.0,1.0,1.0,0,0,0,0,0,0,0,0,,,,Flat,Freehold,Non Bumi Lot,Medium,Johor,Pasir Gudang
520000,918.0,4.0,2.0,2.0,11,0,0,0,0,0,0,0,2019.0,38.0,2647.0,Service Residence,Freehold,Non Bumi Lot,High,Kuala Lumpur,Kuala Lumpur
200000,807.0,3.0,2.0,1.0,4,0,0,0,0,0,0,0,,,,Apartment,Leasehold,Non Bumi Lot,Medium,Unknown,Unknown
99000,645.0,3.0,2.0,1.0,2,1,0,0,0,0,0,0,,,,Apartment,Freehold,Non Bumi Lot,Medium,Selangor,Rawang
108000,790.0,3.0,2.0,1.0,3,1,0,0,0,1,0,0,2014.0,,,Apartment,Freehold,Non Bumi Lot,Medium,Selangor,Rawang
528000,1035.0,3.0,2.0,1.0,9,0,0,0,0,0,0,0,2018.0,25.0,1255.0,Apartment,Freehold,Non Bumi Lot,Medium,Johor,Johor Bahru
98000,520.0,2.0,1.0,1.0,0,0,0,0,0,0,0,0,,,,Flat,Freehold,Bumi Lot,Low,Johor,Skudai
188000,624.0,2.0,1.0,1.0,0,0,0,0,0,0,0,0,,,,Flat,Leasehold,Non Bumi Lot,High,Kuala Lumpur,Kuala Lumpur
600000,934.0,3.0,2.0,2.0,6,1,0,1,1,1,1,0,2019.0,35.0,311.0,Service Residence,Freehold,Non Bumi Lot,High,Kuala Lumpur,Kuala Lumpur
560000,1085.0,3.0,2.0,2.0,11,1,0,1,1,1,0,0,2009.0,24.0,467.0,Service Residence,Freehold,Non Bumi Lot,Medium,Kuala Lumpur,Kuala Lumpur
770000,1234.0,3.0,2.0,2.0,9,0,0,0,0,0,0,0,2017.0,42.0,1571.0,Condominium,Leasehold,Non Bumi Lot,High,Kuala Lumpur,Kuala Lumpur
350000,635.0,1.0,1.0,1.0,7,0,0,0,0,0,1,0,2018.0,,280.0,Service Residence,Freehold,Non Bumi Lot,Unknown,Selangor,Port Klang
488000,818.0,2.0,2.0,1.0,8,0,0,0,0,0,0,0,2017.0,,,Condominium,Freehold,Non Bumi Lot,High,Johor,Johor Bahru
488000,818.0,2.0,2.0,1.0,5,0,0,0,0,0,0,0,2017.0,,,Condominium,Freehold,Non Bumi Lot,High,Johor,Johor Bahru
488000,818.0,2.0,2.0,1.0,4,0,0,0,0,0,0,0,2017.0,,,Condominium,Freehold,Non Bumi Lot,High,Johor,Johor Bahru
265000,608.0,2.0,1.0,1.0,2,0,0,0,0,0,0,0,,,,Apartment,Leasehold,Bumi Lot,Low,Sabah,Kota Kinabalu
485000,815.0,3.0,2.0,2.0,14,1,0,0,0,1,0,0,2020.0,35.0,912.0,Service Residence,Freehold,Non Bumi Lot,Low,Selangor,Cyberjaya
330000,837.0,3.0,2.0,1.0,8,0,0,0,0,0,0,0,2007.0,22.0,816.0,Condominium,Freehold,Non Bumi Lot,Low,Penang,Ayer Itam
650000,1010.0,4.0,2.0,2.0,10,1,1,1,0,1,1,0,,,,Service Residence,Freehold,Non Bumi Lot,Medium,Kuala Lumpur,Kuala Lumpur
175000,750.0,3.0,2.0,1.0,0,0,0,0,0,0,0,0,,,,Apartment,Freehold,Non Bumi Lot,Medium,Sarawak,Kuching
130000,646.0,2.0,1.0,1.0,0,0,0,0,0,0,0,0,,,,Apartment,Leasehold,Non Bumi Lot,Medium,Sarawak,Kuching
290000,640.0,2.0,2.0,1.0,3,0,0,0,0,0,0,0,,,,Apartment,Leasehold,Bumi Lot,High,Sarawak,Kuching
590000,1111.0,3.0,2.0,2.0,6,0,0,0,0,0,0,0,2010.0,38.0,,Condominium,Leasehold,Non Bumi Lot,Medium,Penang,Gelugor
430000,800.0,3.0,2.0,1.0,2,0,0,0,0,0,0,0,1994.0,6.0,672.0,Apartment,Leasehold,Non Bumi Lot,Low,Penang,Ayer Itam
990000,1463.0,3.0,2.0,2.0,11,0,0,0,0,0,0,0,2018.0,49.0,480.0,Service Residence,Freehold,Non Bumi Lot,High,Penang,Gelugor
349000,1169.0,3.0,2.0,1.0,8,1,0,1,0,1,1,0,1994.0,24.0,576.0,Condominium,Freehold,Non Bumi Lot,High,Kuala Lumpur,Kuala Lumpur
730000,1300.0,3.0,2.0,2.0,14,0,0,0,0,0,0,0,2015.0,19.0,114.0,Condominium,Freehold,Non Bumi Lot,High,Penang,Bayan Baru
196000,650.0,3.0,1.0,1.0,3,0,0,0,0,0,0,0,,,,Flat,Leasehold,Non Bumi Lot,Low,Johor,Skudai
478000,887.0,3.0,2.0,1.0,10,0,0,0,0,0,0,0,2013.0,30.0,808.0,Condominium,Freehold,Non Bumi Lot,Medium,Penang,Ayer Itam
1650000,2800.0,4.0,5.0,2.0,11,1,1,1,1,1,0,0,2005.0,36.0,180.0,Condominium,Freehold,Non Bumi Lot,Unknown,Kuala Lumpur,Kuala Lumpur
200000,614.0,3.0,2.0,1.0,3,1,0,1,1,0,0,0,,,,Apartment,Leasehold,Non Bumi Lot,Medium,Selangor,Petaling Jaya
530000,1059.0,4.0,2.0,2.0,9,0,0,0,0,0,0,0,2019.0,38.0,2647.0,Service Residence,Freehold,Non Bumi Lot,High,Kuala Lumpur,Kuala Lumpur
400000,1020.0,3.0,2.0,1.0,8,0,0,0,0,1,1,1,,,,Service Residence,Leasehold,Bumi Lot,Medium,Selangor,Seri Kembangan
377000,1023.0,3.0,2.0,1.0,6,1,0,0,1,1,1,0,2001.0,5.0,208.0,Condominium,Leasehold,Non Bumi Lot,High,Kuala Lumpur,Kuala Lumpur
375000,818.0,3.0,2.0,1.0,5,0,0,0,0,0,0,0,,5.0,,Apartment,Freehold,Bumi Lot,Low,Selangor,Puchong
460000,940.0,4.0,2.0,2.0,10,0,0,0,0,0,0,0,2019.0,38.0,2647.0,Service Residence,Freehold,Non Bumi Lot,Low,Kuala Lumpur,Kuala Lumpur
300000,800.0,3.0,2.0,1.0,0,0,0,0,0,0,0,0,,,,Apartment,Leasehold,Non Bumi Lot,Medium,Kuala Lumpur,Kuala Lumpur
480000,940.0,4.0,2.0,2.0,10,0,0,0,0,0,0,0,2019.0,38.0,2647.0,Service Residence,Freehold,Non Bumi Lot,Medium,Kuala Lumpur,Kuala Lumpur
450000,1150.0,3.0,2.0,1.0,11,0,0,0,0,0,0,0,2004.0,23.0,173.0,Condominium,Leasehold,Non Bumi Lot,Medium,Penang,Bukit Jambul
350000,1179.0,4.0,2.0,1.0,8,0,0,0,0,0,0,0,,,300.0,Apartment,Freehold,Non Bumi Lot,Unknown,Johor,Masai
315000,1024.0,3.0,2.0,1.0,10,0,0,0,0,0,0,0,2005.0,,698.0,Apartment,Leasehold,Non Bumi Lot,Medium,Johor,Johor Bahru
168000,710.0,3.0,2.0,1.0,1,0,0,0,0,0,0,0,,3.0,,Apartment,Leasehold,Non Bumi Lot,Low,Johor,Johor Bahru
358000,1200.0,3.0,2.0,2.0,10,0,0,0,0,0,0,0,2005.0,,698.0,Apartment,Leasehold,Non Bumi Lot,Medium,Johor,Johor Bahru
850000,1488.0,3.0,3.0,1.0,12,0,0,0,0,0,0,0,,15.0,,Condominium,Leasehold,Non Bumi Lot,High,Sabah,Kota Kinabalu
340000,1000.0,3.0,2.0,1.0,9,1,0,0,0,1,1,0,,5.0,,Condominium,Freehold,Non Bumi Lot,Medium,Kuala Lumpur,Kuala Lumpur
530000,950.0,2.0,1.0,1.0,8,1,0,1,0,1,1,0,2015.0,41.0,1040.0,Service Residence,Freehold,Non Bumi Lot,High,Kuala Lumpur,Kuala Lumpur
188000,1059.0,4.0,1.0,1.0,0,0,0,0,0,0,0,0,,,,Flat,Freehold,Non Bumi Lot,Medium,Melaka,Melaka City
229000,969.0,3.0,2.0,1.0,2,0,0,0,0,0,0,1,2004.0,18.0,332.0,Apartment,Freehold,Non Bumi Lot,Medium,Selangor,Kajang
245000,700.0,3.0,2.0,1.0,7,0,0,0,0,0,0,0,,19.0,180.0,Condominium,Freehold,Non Bumi Lot,Medium,Penang,Bukit Mertajam
250000,434.0,1.0,1.0,1.0,5,0,0,0,0,0,0,0,,,,Apartment,Freehold,Non Bumi Lot,Medium,Johor,Skudai
200000,750.0,3.0,2.0,1.0,9,0,0,0,0,0,0,0,,,,Apartment,Freehold,Non Bumi Lot,Medium,Putrajaya,Putrajaya
360000,804.0,3.0,2.0,2.0,10,1,0,1,0,0,0,0,,,,Service Residence,Freehold,Non Bumi Lot,Medium,Selangor,Setia Alam
335000,1288.0,3.0,2.0,2.0,9,0,0,0,0,0,0,0,2015.0,21.0,455.0,Condominium,Freehold,Non Bumi Lot,Low,Selangor,Kajang
290000,934.0,3.0,2.0,1.0,11,0,0,0,0,0,0,0,2013.0,,300.0,Condominium,Freehold,Non Bumi Lot,Low,Selangor,Kajang
860000,1421.0,4.0,3.0,2.0,14,1,1,0,1,0,1,0,2007.0,,376.0,Condominium,Freehold,Non Bumi Lot,High,Selangor,Petaling Jaya
1000000,1567.0,4.0,5.0,3.0,8,1,0,1,1,1,0,0,,40.0,,Service Residence,Freehold,Non Bumi Lot,High,Kuala Lumpur,Kuala Lumpur
180000,854.0,3.0,2.0,1.0,3,0,0,0,0,0,0,0,,,,Apartment,Freehold,Bumi Lot,Medium,Selangor,Kajang
145000,500.0,2.0,1.0,1.0,2,0,0,0,0,0,0,0,,,,Flat,Freehold,Non Bumi Lot,Medium,Johor,Johor Bahru
160000,650.0,3.0,2.0,1.0,2,1,0,0,1,1,1,1,2007.0,,,Apartment,Freehold,Bumi Lot,Low,Selangor,Putra Heights
150000,700.0,3.0,1.0,1.0,0,0,0,0,0,0,0,0,,,,Flat,Freehold,Non Bumi Lot,Unknown,Melaka,Durian Tunggal
310000,1288.0,3.0,2.0,1.0,0,0,0,0,0,0,0,0,,,,Apartment,Leasehold,Non Bumi Lot,Medium,Sarawak,Kuching
168000,660.0,2.0,1.0,1.0,0,0,0,0,0,0,0,0,,,,Apartment,Leasehold,Non Bumi Lot,High,Sarawak,Kuching
150000,550.0,2.0,2.0,1.0,2,0,0,0,0,0,0,0,,,,Flat,Leasehold,Non Bumi Lot,Medium,Penang,Ayer Itam
245000,914.0,3.0,2.0,1.0,0,0,0,0,0,0,0,0,,,,Apartment,Freehold,Non Bumi Lot,Low,Melaka,Melaka City
458000,1018.0,3.0,2.0,2.0,11,1,0,1,0,1,1,0,,,,Condominium,Leasehold,Non Bumi Lot,Medium,Kuala Lumpur,Kuala Lumpur
480000,1399.0,3.0,2.0,1.0,7,1,0,1,0,0,1,0,2004.0,8.0,,Condominium,Leasehold,Non Bumi Lot,Unknown,Selangor,Shah Alam
295000,715.0,2.0,1.0,1.0,14,0,0,0,0,0,0,0,,,392.0,Apartment,Freehold,Non Bumi Lot,Medium,Johor,Senai
195000,600.0,3.0,2.0,1.0,3,0,0,0,0,0,0,0,,4.0,352.0,Apartment,Leasehold,Bumi Lot,Low,Sabah,Penampang
450000,1068.0,3.0,2.0,2.0,11,0,0,0,0,0,0,0,2016.0,30.0,311.0,Condominium,Freehold,Non Bumi Lot,Medium,Johor,Johor Bahru
135000,580.0,2.0,1.0,1.0,0,1,0,0,0,1,1,0,,,,Apartment,Leasehold,Bumi Lot,Unknown,Selangor,Shah Alam
185000,580.0,2.0,1.0,1.0,0,1,0,0,0,1,1,0,,,,Apartment,Leasehold,Bumi Lot,Unknown,Selangor,Shah Alam
320000,835.0,3.0,2.0,1.0,2,1,0,0,0,1,0,0,,15.0,,Apartment,Leasehold,Bumi Lot,Unknown,Selangor,Shah Alam
138000,624.0,2.0,1.0,1.0,0,0,0,0,0,0,0,0,,,,Apartment,Leasehold,Non Bumi Lot,Medium,Sarawak,Kota Samarahan
178000,750.0,3.0,2.0,1.0,0,0,0,0,0,0,0,0,,,,Apartment,Freehold,Non Bumi Lot,Medium,Sarawak,Kuching
185000,720.0,3.0,2.0,1.0,9,1,0,0,0,0,1,0,,9.0,900.0,Apartment,Leasehold,Bumi Lot,Medium,Kuala Lumpur,Kuala Lumpur
298000,750.0,3.0,2.0,1.0,0,0,0,0,0,0,0,0,,,,Condominium,Freehold,Non Bumi Lot,Medium,Penang,Tanjong Tokong
270000,891.0,3.0,2.0,1.0,0,1,0,0,0,1,1,0,,,,Apartment,Freehold,Non Bumi Lot,Unknown,Selangor,Shah Alam
230000,680.0,3.0,2.0,1.0,3,0,0,0,0,0,0,0,2009.0,22.0,900.0,Apartment,Leasehold,Non Bumi Lot,Unknown,Penang,Jelutong
165000,580.0,2.0,1.0,1.0,0,1,0,0,0,1,1,0,,,,Apartment,Leasehold,Bumi Lot,Unknown,Selangor,Shah Alam
998000,864.0,3.0,2.0,1.0,5,1,1,1,1,1,1,1,2021.0,,1200.0,Service Residence,Freehold,Non Bumi Lot,Unknown,Kuala Lumpur,Kuala Lumpur
240000,646.0,3.0,1.0,1.0,6,0,0,0,0,0,0,0,2009.0,23.0,2208.0,Apartment,Leasehold,Bumi Lot,Low,Penang,George Town
210000,600.0,2.0,1.0,2.0,4,1,1,1,1,1,0,0,,4.0,192.0,Apartment,Freehold,Non Bumi Lot,Unknown,Kuala Lumpur,Kuala Lumpur
250000,850.0,3.0,2.0,1.0,0,0,0,0,0,0,0,0,,5.0,,Apartment,Leasehold,Non Bumi Lot,High,Sabah,Penampang
85000,540.0,2.0,1.0,1.0,2,0,0,1,0,0,0,0,,,,Flat,Freehold,Non Bumi Lot,Medium,Selangor,Kajang
560000,1200.0,3.0,2.0,1.0,10,1,0,0,1,1,1,0,2008.0,20.0,1400.0,Condominium,Freehold,Non Bumi Lot,Low,Kuala Lumpur,Kuala Lumpur
250000,632.0,3.0,2.0,1.0,2,0,0,0,0,0,0,0,,4.0,,Apartment,Leasehold,Non Bumi Lot,High,Sarawak,Kuching
188000,700.0,3.0,2.0,1.0,0,0,0,0,0,0,0,0,,,,Apartment,Leasehold,Non Bumi Lot,Medium,Unknown,Unknown
275000,800.0,3.0,2.0,1.0,2,0,0,0,0,0,0,0,,,,Apartment,Leasehold,Non Bumi Lot,High,Sarawak,Kuching
360000,1259.0,3.0,2.0,1.0,8,0,1,1,0,0,0,0,2010.0,22.0,1074.0,Condominium,Leasehold,Bumi Lot,Unknown,Selangor,Selayang
350000,946.0,3.0,2.0,1.0,7,1,1,1,0,0,1,0,2008.0,17.0,616.0,Condominium,Leasehold,Bumi Lot,High,Selangor,Ampang
179000,650.0,3.0,1.0,1.0,0,0,0,1,0,0,1,0,,,,Flat,Leasehold,Bumi Lot,Medium,Selangor,Seri Kembangan
432000,646.0,2.0,1.0,1.0,11,1,1,0,0,1,1,0,2021.0,63.0,956.0,Service Residence,Freehold,Non Bumi Lot,Unknown,Kuala Lumpur,Kuala Lumpur
780000,1155.0,3.0,2.0,1.0,8,0,0,0,0,0,0,0,2021.0,,998.0,Service Residence,Freehold,Non Bumi Lot,Medium,Selangor,Seri Kembangan
460000,847.0,2.0,2.0,2.0,9,0,0,0,0,0,0,0,2016.0,35.0,,Service Residence,Freehold,Non Bumi Lot,Unknown,Selangor,Cheras
520000,2124.0,4.0,5.0,2.0,8,0,0,0,0,0,0,0,,14.0,319.0,Apartment,Freehold,Non Bumi Lot,High,Johor,Skudai
456000,926.0,3.0,2.0,2.0,9,0,0,0,0,0,0,0,,,,Service Residence,Freehold,Non Bumi Lot,Low,Selangor,Klang
500000,960.0,3.0,2.0,1.0,3,0,0,0,0,0,0,0,1989.0,3.0,186.0,Apartment,Freehold,Non Bumi Lot,Low,Penang,Gelugor
155000,656.0,3.0,2.0,1.0,0,1,0,0,1,0,0,0,,,,Apartment,Leasehold,Bumi Lot,Medium,Selangor,Batu Caves
260000,845.0,3.0,2.0,1.0,10,1,0,0,0,0,1,0,2002.0,21.0,744.0,Condominium,Freehold,Non Bumi Lot,Unknown,Kuala Lumpur,Kuala Lumpur
750000,1283.0,3.0,2.0,1.0,9,0,0,0,0,0,0,0,,35.0,547.0,Condominium,Freehold,Non Bumi Lot,Medium,Penang,Gelugor
270000,904.0,3.0,2.0,1.0,6,1,1,1,1,1,1,1,,,,Condominium,Freehold,Non Bumi Lot,High,Kuala Lumpur,Kuala Lumpur
360000,1069.0,3.0,2.0,2.0,0,0,0,0,0,0,0,0,,,,Apartment,Leasehold,Non Bumi Lot,Medium,Melaka,Melaka City
580000,1160.0,3.0,2.0,1.0,7,0,0,0,0,0,0,0,,,,Apartment,Leasehold,Non Bumi Lot,Medium,Sarawak,Kuching
308000,860.0,3.0,2.0,1.0,3,1,0,0,1,1,0,0,,,,Apartment,Leasehold,Non Bumi Lot,Medium,Kuala Lumpur,Kuala Lumpur
340000,850.0,3.0,2.0,1.0,3,0,0,0,0,0,0,0,,10.0,65.0,Service Residence,Leasehold,Non Bumi Lot,Medium,Johor,Johor Bahru
350000,1433.0,4.0,3.0,2.0,8,0,0,0,0,0,0,0,2010.0,20.0,300.0,Condominium,Freehold,Non Bumi Lot,Unknown,Selangor,Cheras
415000,1222.0,3.0,2.0,2.0,4,0,0,0,0,0,0,0,,8.0,67.0,Apartment,Freehold,Non Bumi Lot,Low,Selangor,Cheras
210000,802.0,3.0,2.0,2.0,1,1,0,1,0,1,1,0,1995.0,14.0,1008.0,Condominium,Leasehold,Non Bumi Lot,Unknown,Kuala Lumpur,Kuala Lumpur
360000,1093.0,3.0,2.0,1.0,8,0,1,0,0,1,1,0,,,634.0,Condominium,Leasehold,Non Bumi Lot,Unknown,Selangor,Seri Kembangan
238000,590.0,3.0,1.0,1.0,0,0,0,0,0,0,0,0,,,,Flat,Leasehold,Non Bumi Lot,Low,Selangor,Batu Caves
165000,678.0,2.0,1.0,1.0,5,0,0,0,0,0,0,0,,,,Apartment,Leasehold,Bumi Lot,Medium,Selangor,Gombak
235000,735.0,3.0,2.0,1.0,1,1,1,0,1,1,1,0,2017.0,14.0,560.0,Apartment,Leasehold,Non Bumi Lot,Medium,Kuala Lumpur,Kuala Lumpur
140000,650.0,3.0,2.0,1.0,3,0,0,0,0,0,0,1,,,,Apartment,Leasehold,Bumi Lot,High,Selangor,Kajang
140000,650.0,3.0,2.0,1.0,7,0,0,0,0,0,0,0,2011.0,,,Flat,Freehold,Bumi Lot,High,Selangor,Semenyih
450000,1116.0,3.0,2.0,1.0,8,0,0,0,0,0,0,0,,,,Condominium,Leasehold,Non Bumi Lot,Unknown,Sarawak,Kuching
460000,1190.0,3.0,2.0,2.0,0,0,0,0,0,0,0,0,,,,Condominium,Leasehold,Non Bumi Lot,Unknown,Sarawak,Kuching
430000,1680.0,4.0,2.0,1.0,2,0,0,0,0,0,0,0,,,,Apartment,Freehold,Non Bumi Lot,High,Sarawak,Kuching
410000,802.0,2.0,2.0,1.0,10,0,0,0,0,0,0,0,2020.0,33.0,490.0,Condominium,Freehold,Non Bumi Lot,High,Penang,Simpang Ampat
245000,850.0,3.0,2.0,1.0,5,0,0,0,0,0,0,0,2015.0,20.0,1440.0,Condominium,Leasehold,Non Bumi Lot,Low,Selangor,Damansara Perdana
380000,1076.0,3.0,2.0,1.0,6,0,0,0,0,0,0,0,,,,Apartment,Freehold,Non Bumi Lot,Medium,Penang,Simpang Ampat
400000,735.0,2.0,2.0,1.0,0,0,0,0,0,0,0,0,,,,Apartment,Leasehold,Non Bumi Lot,Medium,Sarawak,Kuching
600000,1257.0,4.0,3.0,2.0,7,0,0,0,0,0,0,0,,12.0,200.0,Apartment,Leasehold,Non Bumi Lot,Medium,Sarawak,Kuching
260000,950.0,3.0,2.0,1.0,8,0,0,0,0,0,0,0,,5.0,,Apartment,Freehold,Non Bumi Lot,Low,Selangor,Kajang
480000,1399.0,3.0,2.0,1.0,3,0,0,0,0,0,0,0,,,,Condominium,Freehold,Non Bumi Lot,Low,Sarawak,Kuching
230000,850.0,3.0,2.0,2.0,14,0,1,0,0,0,0,0,2019.0,,635.0,Apartment,Freehold,Non Bumi Lot,High,Selangor,Semenyih
290000,818.0,2.0,2.0,1.0,8,1,1,0,1,0,1,0,,22.0,500.0,Service Residence,Freehold,Non Bumi Lot,High,Kuala Lumpur,Kuala Lumpur
500000,940.0,2.0,2.0,1.0,10,0,0,0,0,0,0,0,2020.0,34.0,462.0,Service Residence,Freehold,Non Bumi Lot,High,Penang,Butterworth
229000,844.0,4.0,2.0,1.0,5,0,0,0,0,0,0,0,,,,Apartment,Leasehold,Bumi Lot,Medium,Selangor,Bangi
310000,1100.0,3.0,2.0,1.0,8,1,0,0,1,1,1,0,2010.0,20.0,300.0,Condominium,Leasehold,Non Bumi Lot,Medium,Kuala Lumpur,Kuala Lumpur
670000,1223.0,3.0,2.0,1.0,8,0,0,0,0,0,0,0,,,,Condominium,Leasehold,Non Bumi Lot,Medium,Unknown,Unknown
200000,750.0,3.0,2.0,1.0,2,1,0,0,0,1,1,0,,5.0,300.0,Apartment,Leasehold,Non Bumi Lot,Medium,Selangor,Seri Kembangan
480000,870.0,3.0,2.0,1.0,6,0,0,0,0,0,0,0,2016.0,29.0,391.0,Condominium,Leasehold,Non Bumi Lot,Medium,Sabah,Kota Kinabalu
320000,1106.0,3.0,2.0,1.0,4,0,0,0,0,0,0,0,,,,Apartment,Freehold,Bumi Lot,Low,Selangor,Cheras
320000,926.0,3.0,2.0,1.0,11,0,1,1,0,0,0,0,2010.0,22.0,1074.0,Condominium,Leasehold,Bumi Lot,Medium,Selangor,Selayang
658000,1184.0,3.0,2.0,2.0,9,1,1,1,0,1,1,1,,,144.0,Condominium,Leasehold,Non Bumi Lot,Medium,Kuala Lumpur,Kuala Lumpur
250000,755.0,3.0,2.0,1.0,5,0,0,0,0,0,0,0,2010.0,14.0,336.0,Condominium,Freehold,Bumi Lot,High,Kuala Lumpur,Kuala Lumpur
370000,1052.0,3.0,2.0,2.0,9,0,0,0,0,0,0,0,,,,Condominium,Freehold,Bumi Lot,High,Selangor,Hulu Langat
490000,1272.0,4.0,2.0,1.0,11,1,1,1,0,1,1,0,,,,Condominium,Leasehold,Non Bumi Lot,High,Kuala Lumpur,Kuala Lumpur
260000,770.0,3.0,2.0,1.0,0,1,0,0,1,1,1,0,2006.0,18.0,200.0,Apartment,Leasehold,Non Bumi Lot,Medium,Selangor,Petaling Jaya
229999,901.0,3.0,2.0,1.0,7,1,0,0,0,0,1,0,2005.0,20.0,606.0,Condominium,Leasehold,Non Bumi Lot,Medium,Selangor,Seri Kembangan
182000,615.0,2.0,2.0,1.0,0,1,0,0,0,0,1,0,,,,Flat,Freehold,Non Bumi Lot,Low,Selangor,Seri Kembangan
630000,1642.0,4.0,3.0,2.0,10,0,0,0,0,0,0,0,2015.0,,222.0,Condominium,Freehold,Non Bumi Lot,Unknown,Penang,Paya Terubong
390000,800.0,3.0,2.0,1.0,6,0,0,0,0,0,0,0,1998.0,24.0,342.0,Condominium,Freehold,Non Bumi Lot,Unknown,Penang,Jelutong
230000,901.0,3.0,2.0,1.0,13,1,0,0,0,0,1,0,2005.0,20.0,606.0,Condominium,Leasehold,Non Bumi Lot,High,Selangor,Seri Kembangan
220000,850.0,3.0,2.0,1.0,12,1,1,0,0,1,1,0,,9.0,,Apartment,Leasehold,Non Bumi Lot,Medium,Kuala Lumpur,Kuala Lumpur
290000,685.0,1.0,1.0,1.0,7,0,0,0,0,0,0,0,,,,Service Residence,Leasehold,Non Bumi Lot,High,Johor,Johor Bahru
398000,800.0,2.0,2.0,1.0,13,1,0,0,1,1,0,0,,,,Service Residence,Freehold,Non Bumi Lot,Medium,Kuala Lumpur,Kuala Lumpur
499000,720.0,3.0,2.0,2.0,12,0,0,0,0,0,0,0,2003.0,20.0,480.0,Condominium,Freehold,Non Bumi Lot,Medium,Penang,Jelutong
155000,650.0,3.0,1.0,1.0,0,1,0,0,0,0,1,0,,2.0,,Apartment,Freehold,Non Bumi Lot,High,Selangor,Klang
1500000,1185.0,3.0,2.0,1.0,0,0,0,0,0,0,0,0,2019.0,38.0,572.0,Service Residence,Freehold,Non Bumi Lot,Unknown,Penang,Tanjong Tokong
270000,850.0,3.0,2.0,1.0,3,0,0,0,0,0,0,0,,17.0,,Flat,Freehold,Bumi Lot,Medium,Putrajaya,Putrajaya
480000,1150.0,3.0,2.0,1.0,3,0,0,0,0,0,0,0,,,,Apartment,Leasehold,Non Bumi Lot,High,Melaka,Bachang
200000,650.0,2.0,1.0,1.0,0,0,0,0,0,0,0,0,,,,Apartment,Leasehold,Bumi Lot,High,Kuala Lumpur,Kuala Lumpur
498000,852.0,3.0,2.0,1.0,11,0,0,0,0,0,0,0,2014.0,17.0,403.0,Condominium,Freehold,Non Bumi Lot,Medium,Kuala Lumpur,Kuala Lumpur
308000,715.0,1.0,1.0,1.0,12,0,0,0,0,0,0,0,2019.0,12.0,392.0,Apartment,Freehold,Non Bumi Lot,Low,Johor,Senai
308000,715.0,1.0,1.0,1.0,14,0,0,0,0,0,0,0,,,392.0,Apartment,Freehold,Non Bumi Lot,Low,Johor,Senai
180000,700.0,3.0,1.0,1.0,0,1,0,1,0,1,1,0,,,,Apartment,Leasehold,Bumi Lot,Unknown,Kuala Lumpur,Kuala Lumpur
200000,650.0,1.0,1.0,1.0,6,0,0,0,0,0,0,0,,20.0,,Apartment,Freehold,Non Bumi Lot,Medium,Pahang,Genting Highlands
175000,550.0,2.0,1.0,1.0,3,0,0,0,0,0,0,0,,,,Flat,Freehold,Non Bumi Lot,Low,Selangor,Selayang
125000,750.0,3.0,2.0,1.0,0,0,0,0,0,0,0,0,,,,Apartment,Freehold,Bumi Lot,Low,Johor,Masai
228000,1588.0,4.0,2.0,1.0,0,1,0,0,0,0,0,0,,4.0,,Apartment,Leasehold,Bumi Lot,Medium,Selangor,Ampang
530000,1600.0,3.0,2.0,1.0,0,0,0,0,0,0,0,0,,,,Condominium,Leasehold,Non Bumi Lot,Medium,Sarawak,Kuching
1420000,1185.0,3.0,2.0,1.0,0,0,0,0,0,0,0,0,2019.0,38.0,572.0,Service Residence,Freehold,Non Bumi Lot,Unknown,Penang,Tanjong Tokong
308000,715.0,1.0,1.0,1.0,12,0,0,0,0,0,0,0,2019.0,12.0,392.0,Apartment,Freehold,Non Bumi Lot,Low,Johor,Senai
290000,700.0,3.0,2.0,1.0,2,0,0,0,0,0,0,0,,,,Apartment,Freehold,Non Bumi Lot,Medium,Penang,Gelugor
238000,849.0,3.0,2.0,1.0,14,0,0,0,0,0,0,0,,,,Apartment,Freehold,Bumi Lot,Unknown,Selangor,Shah Alam
490000,1097.0,3.0,2.0,1.0,0,0,0,0,0,0,0,0,2008.0,22.0,188.0,Apartment,Freehold,Non Bumi Lot,High,Johor,Johor Bahru
788000,1251.0,3.0,3.0,2.0,11,0,0,0,0,0,0,0,2018.0,26.0,1326.0,Service Residence,Freehold,Non Bumi Lot,Medium,Putrajaya,Putrajaya
1000000,2306.0,5.0,5.0,2.0,5,0,0,0,0,0,0,0,,5.0,,Condominium,Freehold,Non Bumi Lot,High,Penang,Gelugor
210000,1001.0,3.0,2.0,1.0,0,0,0,0,0,0,0,0,,4.0,,Apartment,Leasehold,Non Bumi Lot,High,Johor,Johor Bahru
560000,990.0,3.0,2.0,1.0,7,1,0,0,1,1,0,0,2021.0,35.0,284.0,Condominium,Leasehold,Non Bumi Lot,High,Kuala Lumpur,Kuala Lumpur
670000,1900.0,4.0,3.0,2.0,6,1,1,1,0,1,1,0,2017.0,,350.0,Condominium,Freehold,Bumi Lot,Low,Selangor,Cyberjaya
380000,1200.0,3.0,2.0,1.0,3,0,0,0,0,0,0,0,,10.0,,Condominium,Freehold,Non Bumi Lot,Medium,Penang,Butterworth
530000,1207.0,3.0,2.0,2.0,8,1,0,0,0,1,1,0,2013.0,18.0,250.0,Service Residence,Leasehold,Bumi Lot,Medium,Kuala Lumpur,Kuala Lumpur
130000,600.0,2.0,1.0,1.0,14,0,0,0,0,0,0,0,,,,Flat,Leasehold,Non Bumi Lot,Medium,Johor,Johor Bahru
360000,903.0,3.0,2.0,1.0,7,0,0,0,0,0,0,0,,11.0,,Condominium,Freehold,Bumi Lot,High,Selangor,Shah Alam
738000,1020.0,3.0,2.0,1.0,14,0,0,0,0,0,0,0,2017.0,22.0,1343.0,Condominium,Freehold,Non Bumi Lot,High,Penang,Bayan Lepas
330000,850.0,3.0,2.0,1.0,4,0,0,0,0,0,0,0,2008.0,16.0,196.0,Apartment,Leasehold,Bumi Lot,Medium,Johor,Johor Bahru
160000,646.0,3.0,2.0,1.0,0,1,0,0,0,0,0,0,,,,Flat,Leasehold,Non Bumi Lot,Medium,Selangor,Ampang
180000,820.0,3.0,2.0,1.0,3,0,0,0,0,0,0,0,,5.0,,Apartment,Freehold,Non Bumi Lot,High,Selangor,Cheras
525000,1645.0,4.0,3.0,2.0,13,0,0,0,0,0,0,0,2006.0,10.0,733.0,Condominium,Leasehold,Bumi Lot,Low,Selangor,Damansara Damai
206000,710.0,3.0,2.0,1.0,3,0,0,0,0,0,0,0,,3.0,,Apartment,Leasehold,Bumi Lot,Low,Johor,Johor Bahru
98000,650.0,3.0,2.0,1.0,10,0,0,0,1,1,0,1,,5.0,1100.0,Apartment,Leasehold,Bumi Lot,Low,Selangor,Damansara Damai
350000,850.0,3.0,2.0,2.0,13,0,0,0,0,0,0,0,2019.0,35.0,1843.0,Service Residence,Freehold,Non Bumi Lot,High,Johor,Johor Bahru
270000,1055.0,3.0,2.0,1.0,6,0,0,0,0,0,0,0,,,,Apartment,Freehold,Non Bumi Lot,Unknown,Selangor,Kajang
420000,700.0,3.0,2.0,1.0,4,0,0,0,0,0,0,0,2006.0,18.0,182.0,Apartment,Freehold,Non Bumi Lot,Medium,Penang,Jelutong
200000,580.0,3.0,2.0,1.0,4,0,0,0,0,0,0,0,2009.0,23.0,2208.0,Apartment,Leasehold,Non Bumi Lot,High,Penang,George Town
178000,800.0,3.0,2.0,1.0,0,0,0,0,1,0,1,0,,,,Apartment,Leasehold,Non Bumi Lot,Low,Kuala Lumpur,Kuala Lumpur
360000,700.0,3.0,2.0,1.0,4,0,0,0,0,0,0,0,2006.0,18.0,182.0,Apartment,Freehold,Non Bumi Lot,Medium,Penang,Jelutong
299000,660.0,1.0,1.0,1.0,10,1,0,0,0,1,1,0,2007.0,20.0,196.0,Condominium,Freehold,Non Bumi Lot,Medium,Kuala Lumpur,Kuala Lumpur
495000,920.0,3.0,2.0,1.0,0,0,1,0,1,1,0,0,,,,Condominium,Freehold,Non Bumi Lot,Unknown,Selangor,Bandar Sri Damansara
215000,812.0,3.0,2.0,1.0,1,1,0,1,0,1,1,0,1995.0,14.0,1008.0,Condominium,Leasehold,Non Bumi Lot,Unknown,Kuala Lumpur,Kuala Lumpur
270000,1100.0,3.0,2.0,1.0,0,0,0,0,0,0,0,0,,,,Condominium,Freehold,Non Bumi Lot,Medium,Negeri Sembilan,Seremban
700000,845.0,3.0,2.0,2.0,2,0,0,0,0,0,0,0,2022.0,,478.0,Condominium,Leasehold,Non Bumi Lot,Unknown,Penang,Jelutong
246000,936.0,3.0,2.0,1.0,4,0,0,0,0,0,0,0,,21.0,,Apartment,Leasehold,Bumi Lot,Medium,Johor,Johor Bahru
75000,750.0,3.0,1.0,1.0,0,0,0,0,0,0,0,0,,,,Apartment,Freehold,Non Bumi Lot,Unknown,Selangor,Klang
97000,645.0,3.0,2.0,1.0,0,1,0,0,0,0,0,0,,,,Apartment,Freehold,Non Bumi Lot,Low,Selangor,Rawang
115000,700.0,3.0,2.0,1.0,0,1,0,0,0,1,0,0,,5.0,,Apartment,Leasehold,Non Bumi Lot,Low,Selangor,Bukit Beruntung
500000,1849.0,4.0,3.0,2.0,6,0,0,0,0,0,0,0,,7.0,,Condominium,Leasehold,Non Bumi Lot,High,Selangor,Rawang
69000,720.0,3.0,1.0,1.0,0,1,0,1,1,0,0,0,,,,Apartment,Freehold,Non Bumi Lot,High,Selangor,Rawang
63000,650.0,3.0,1.0,1.0,0,0,0,0,0,0,0,0,,,,Flat,Freehold,Non Bumi Lot,Medium,Selangor,Rawang
65000,581.0,3.0,1.0,1.0,0,0,0,0,0,0,0,0,,,,Flat,Freehold,Bumi Lot,Medium,Selangor,Rawang
285000,700.0,3.0,2.0,1.0,0,0,0,0,0,0,0,0,1992.0,17.0,3.0,Apartment,Leasehold,Non Bumi Lot,Unknown,Penang,Ayer Itam
260000,650.0,3.0,2.0,1.0,3,0,0,0,0,0,0,0,,,405.0,Apartment,Freehold,Non Bumi Lot,Unknown,Penang,Ayer Itam
220000,750.0,3.0,2.0,1.0,6,0,0,0,0,0,1,0,,5.0,,Apartment,Freehold,Non Bumi Lot,High,Selangor,Klang
300000,800.0,3.0,2.0,1.0,9,1,1,1,0,1,1,0,2026.0,,3600.0,Service Residence,Leasehold,Non Bumi Lot,Unknown,Kuala Lumpur,Kuala Lumpur
420000,951.0,3.0,2.0,1.0,10,0,1,0,0,0,0,0,2018.0,42.0,1675.0,Service Residence,Freehold,Non Bumi Lot,High,Selangor,Balakong
310000,1087.0,3.0,3.0,2.0,10,0,0,0,0,0,0,0,2022.0,,552.0,Condominium,Freehold,Non Bumi Lot,Unknown,Selangor,Kajang
450000,900.0,3.0,2.0,2.0,14,0,0,0,0,0,0,0,,,,Condominium,Freehold,Bumi Lot,High,Putrajaya,Putrajaya
515000,850.0,3.0,2.0,2.0,0,0,0,0,0,0,0,0,2016.0,49.0,2155.0,Condominium,Leasehold,Non Bumi Lot,Unknown,Penang,Tanjong Tokong
600000,850.0,3.0,2.0,2.0,0,0,0,0,0,0,0,0,2016.0,49.0,2155.0,Condominium,Leasehold,Non Bumi Lot,Unknown,Penang,Tanjong Tokong
379888,668.0,2.0,2.0,1.0,11,1,1,0,1,0,0,0,2021.0,44.0,2136.0,Service Residence,Leasehold,Non Bumi Lot,Unknown,Kuala Lumpur,Kuala Lumpur
300000,745.0,3.0,2.0,1.0,4,0,0,0,0,0,0,0,,5.0,,Apartment,Freehold,Non Bumi Lot,Low,Selangor,Puchong
740000,1450.0,3.0,3.0,2.0,10,0,0,0,0,0,0,0,2019.0,40.0,486.0,Condominium,Freehold,Non Bumi Lot,Medium,Penang,Tanjong Tokong
850000,1098.0,3.0,2.0,2.0,1,0,0,0,0,0,0,0,,,846.0,Condominium,Freehold,Non Bumi Lot,Unknown,Penang,Bayan Lepas
129000,650.0,3.0,2.0,1.0,0,0,0,0,0,0,0,0,,,,Flat,Leasehold,Bumi Lot,Unknown,Selangor,Bandar Saujana Putra
530000,850.0,3.0,2.0,1.0,0,0,0,0,0,0,0,0,2016.0,49.0,2155.0,Condominium,Leasehold,Non Bumi Lot,Unknown,Penang,Tanjong Tokong
305000,1028.0,3.0,2.0,1.0,2,0,0,0,0,0,0,0,2005.0,,698.0,Apartment,Leasehold,Non Bumi Lot,Unknown,Johor,Johor Bahru
288000,914.0,3.0,2.0,1.0,8,0,0,0,0,0,0,0,2006.0,21.0,565.0,Apartment,Leasehold,Non Bumi Lot,Unknown,Johor,Johor Bahru
170000,783.0,3.0,2.0,1.0,4,1,0,0,0,1,0,0,,,,Apartment,Leasehold,Bumi Lot,High,Selangor,Rawang
280000,736.0,3.0,2.0,1.0,0,0,0,0,0,1,0,1,2010.0,,596.0,Apartment,Freehold,Non Bumi Lot,Low,Selangor,Shah Alam
980000,969.0,2.0,2.0,2.0,0,0,0,0,0,0,0,0,2018.0,44.0,276.0,Condominium,Freehold,Non Bumi Lot,High,Selangor,Petaling Jaya
480000,848.0,3.0,2.0,2.0,10,0,0,0,0,0,0,0,2017.0,,,Condominium,Leasehold,Non Bumi Lot,Medium,Sabah,Penampang
298000,1141.0,3.0,2.0,1.0,9,0,0,0,0,0,0,0,,18.0,240.0,Condominium,Leasehold,Non Bumi Lot,High,Kuala Lumpur,Kuala Lumpur
300000,748.0,3.0,2.0,1.0,6,1,1,0,1,1,0,1,,,,Condominium,Leasehold,Bumi Lot,Low,Kuala Lumpur,Kuala Lumpur
738000,1550.0,3.0,2.0,1.0,11,1,1,0,0,1,0,0,1998.0,39.0,,Condominium,Freehold,Non Bumi Lot,Unknown,Kuala Lumpur,Kuala Lumpur
155000,657.0,3.0,2.0,9.0,0,0,0,0,0,0,0,0,,,,Apartment,Freehold,Non Bumi Lot,Low,Selangor,Klang
230000,750.0,3.0,2.0,1.0,4,0,0,0,0,0,0,0,,,,Apartment,Freehold,Non Bumi Lot,High,Selangor,Semenyih
410000,720.0,2.0,2.0,1.0,10,0,0,0,0,0,0,0,2016.0,,,Service Residence,Freehold,Non Bumi Lot,Medium,Negeri Sembilan,Nilai
380000,835.0,3.0,2.0,1.0,8,0,0,0,0,0,0,0,2007.0,22.0,816.0,Condominium,Freehold,Non Bumi Lot,Unknown,Penang,Ayer Itam
390000,1148.0,3.0,2.0,1.0,10,0,0,0,0,0,0,0,,17.0,,Condominium,Freehold,Non Bumi Lot,High,Kuala Lumpur,Kuala Lumpur
300000,760.0,3.0,2.0,1.0,2,0,0,1,0,1,0,0,,5.0,480.0,Apartment,Freehold,Non Bumi Lot,High,Selangor,Bandar Sri Damansara
550000,1001.0,3.0,2.0,2.0,8,0,0,0,0,0,0,0,2020.0,44.0,1400.0,Apartment,Freehold,Non Bumi Lot,Medium,Kuala Lumpur,Kuala Lumpur
170000,864.0,4.0,2.0,1.0,0,0,0,0,0,0,0,0,,,,Flat,Leasehold,Non Bumi Lot,Low,Labuan,Labuan
265000,815.0,3.0,2.0,2.0,7,0,1,0,0,1,1,0,2004.0,20.0,998.0,Apartment,Leasehold,Non Bumi Lot,Unknown,Selangor,Seri Kembangan
199000,868.0,3.0,2.0,1.0,4,0,0,0,0,0,0,0,,5.0,,Apartment,Freehold,Bumi Lot,Low,Selangor,Rawang
240000,963.0,3.0,2.0,1.0,0,0,0,0,0,0,0,0,2013.0,4.0,1.0,Apartment,Freehold,Non Bumi Lot,Unknown,Johor,Johor Bahru
150000,550.0,2.0,1.0,1.0,0,0,0,0,0,0,0,0,,,,Flat,Leasehold,Non Bumi Lot,Unknown,Penang,Ayer Itam
350000,800.0,3.0,2.0,1.0,7,0,0,0,0,0,0,0,1998.0,21.0,406.0,Condominium,Freehold,Non Bumi Lot,Unknown,Penang,George Town
380000,800.0,3.0,2.0,1.0,5,0,0,0,0,0,0,0,1998.0,21.0,406.0,Condominium,Freehold,Non Bumi Lot,Unknown,Penang,George Town
368000,800.0,3.0,2.0,1.0,6,0,0,0,0,0,0,0,1998.0,21.0,406.0,Condominium,Freehold,Non Bumi Lot,Unknown,Penang,George Town
1300000,1766.0,3.0,3.0,2.0,0,0,0,0,0,0,0,0,2012.0,17.0,328.0,Condominium,Freehold,Non Bumi Lot,Unknown,Penang,Gelugor
128000,800.0,3.0,2.0,1.0,2,0,0,0,0,0,0,0,,,,Apartment,Leasehold,Non Bumi Lot,Unknown,Johor,Gelang Patah
450000,1060.0,3.0,2.0,1.0,8,0,0,0,0,0,0,0,1996.0,25.0,237.0,Condominium,Freehold,Non Bumi Lot,Unknown,Penang,Jelutong
568000,860.0,2.0,2.0,2.0,9,0,0,0,0,0,0,0,2026.0,48.0,1332.0,Condominium,Leasehold,Non Bumi Lot,Medium,Kuala Lumpur,Kuala Lumpur
920000,1600.0,4.0,3.0,2.0,8,1,1,1,1,1,0,0,2024.0,58.0,1300.0,Service Residence,Leasehold,Non Bumi Lot,Unknown,Kuala Lumpur,Kuala Lumpur
578000,990.0,3.0,2.0,2.0,8,1,1,1,1,1,0,0,2024.0,58.0,1300.0,Service Residence,Leasehold,Non Bumi Lot,Unknown,Kuala Lumpur,Kuala Lumpur
330000,1151.0,3.0,2.0,2.0,0,0,0,0,0,0,0,0,,,,Townhouse Condo,Freehold,Non Bumi Lot,Low,Penang,Bukit Mertajam
388000,871.0,3.0,2.0,1.0,5,1,0,1,0,1,1,0,,5.0,,Apartment,Freehold,Non Bumi Lot,Low,Selangor,Puchong
300000,850.0,3.0,2.0,1.0,5,1,0,1,0,1,1,0,,5.0,,Apartment,Freehold,Non Bumi Lot,High,Selangor,Puchong
490000,1195.0,2.0,2.0,1.0,6,0,0,0,0,0,0,0,,,,Condominium,Freehold,Non Bumi Lot,Medium,Johor,Johor Bahru
590000,1000.0,3.0,2.0,2.0,0,0,0,0,0,0,0,0,2012.0,18.0,348.0,Service Residence,Leasehold,Non Bumi Lot,Medium,Selangor,Kota Damansara
288888,854.0,3.0,2.0,1.0,3,1,0,0,1,1,1,0,,9.0,8.0,Apartment,Leasehold,Non Bumi Lot,Low,Selangor,Cheras
580000,1200.0,3.0,2.0,2.0,1,0,0,0,0,0,0,0,,19.0,142.0,Condominium,Freehold,Non Bumi Lot,Unknown,Penang,Gelugor
380000,866.0,3.0,2.0,1.0,0,0,0,0,0,0,0,0,,,,Condominium,Leasehold,Bumi Lot,Low,Sabah,Kota Kinabalu
390000,830.0,3.0,2.0,2.0,0,0,0,0,0,0,0,0,,17.0,,Apartment,Freehold,Non Bumi Lot,High,Penang,Ayer Itam
680000,1642.0,3.0,3.0,2.0,9,0,0,0,0,0,0,0,2015.0,,222.0,Condominium,Freehold,Non Bumi Lot,High,Penang,Paya Terubong
270000,700.0,3.0,2.0,1.0,2,0,0,0,0,0,0,0,1995.0,11.0,100.0,Apartment,Freehold,Non Bumi Lot,High,Penang,Ayer Itam
1680000,6000.0,5.0,5.0,3.0,10,1,1,1,1,1,0,0,2012.0,,391.0,Condominium,Leasehold,Non Bumi Lot,High,Kuala Lumpur,Kuala Lumpur
350000,1100.0,3.0,2.0,1.0,7,1,0,1,0,0,1,0,,,760.0,Apartment,Freehold,Non Bumi Lot,Low,Selangor,Klang
288888,650.0,1.0,1.0,1.0,6,0,0,0,0,0,0,0,2014.0,,410.0,Condominium,Freehold,Non Bumi Lot,Medium,Penang,Butterworth
395000,1080.0,3.0,2.0,1.0,0,0,0,0,0,0,0,0,2007.0,16.0,416.0,Condominium,Freehold,Non Bumi Lot,Unknown,Kuala Lumpur,Kuala Lumpur
235000,495.0,1.0,1.0,1.0,9,0,0,0,0,0,0,0,,27.0,303.0,Condominium,Leasehold,Non Bumi Lot,Medium,Johor,Johor Bahru
130000,521.0,2.0,1.0,1.0,0,0,0,0,0,0,0,0,,13.0,1020.0,Apartment,Freehold,Non Bumi Lot,Medium,Penang,Ayer Itam
300000,854.0,3.0,2.0,1.0,6,0,0,0,0,0,0,0,,,,Apartment,Leasehold,Non Bumi Lot,Medium,Kuala Lumpur,Kuala Lumpur
580000,1270.0,4.0,2.0,2.0,8,0,0,0,0,0,0,0,2017.0,31.0,476.0,Condominium,Freehold,Non Bumi Lot,High,Penang,Sungai Ara
328000,2524.0,4.0,2.0,2.0,0,0,0,0,0,0,0,0,,,,Others,Freehold,Non Bumi Lot,Unknown,Penang,Perai
628000,1642.0,4.0,2.0,2.0,0,0,0,0,0,0,0,0,2015.0,,222.0,Condominium,Freehold,Non Bumi Lot,Medium,Penang,Paya Terubong
450000,1060.0,3.0,2.0,1.0,6,0,0,0,0,0,0,0,1996.0,25.0,237.0,Condominium,Freehold,Non Bumi Lot,Unknown,Penang,Jelutong
380000,769.0,2.0,2.0,1.0,0,0,0,0,0,0,0,0,2021.0,21.0,613.0,Condominium,Leasehold,Non Bumi Lot,Medium,Johor,Skudai
280000,645.0,3.0,2.0,1.0,4,0,0,0,0,0,0,0,,27.0,454.0,Apartment,Freehold,Non Bumi Lot,High,Penang,Jelutong
270000,1050.0,3.0,2.0,1.0,12,0,0,0,0,0,0,0,,,,Flat,Freehold,Bumi Lot,High,Selangor,Semenyih
88000,646.0,3.0,3.0,1.0,0,1,0,0,0,0,0,0,,4.0,,Flat,Freehold,Non Bumi Lot,Low,Selangor,Klang
145000,650.0,2.0,1.0,1.0,0,1,1,0,1,1,1,1,,,,Flat,Leasehold,Bumi Lot,Medium,Kuala Lumpur,Kuala Lumpur
338000,853.0,2.0,2.0,1.0,11,0,0,0,0,0,0,0,,,,Service Residence,Leasehold,Non Bumi Lot,Low,Johor,Johor Bahru
890000,836.0,2.0,2.0,1.0,7,0,0,0,0,0,0,0,2020.0,,510.0,Condominium,Freehold,Non Bumi Lot,Unknown,Kuala Lumpur,Kuala Lumpur
280000,750.0,3.0,2.0,1.0,6,0,0,0,0,0,1,0,,5.0,,Apartment,Freehold,Non Bumi Lot,Low,Selangor,Klang
690000,1316.0,3.0,2.0,2.0,10,1,0,1,0,0,1,0,,18.0,248.0,Condominium,Freehold,Non Bumi Lot,Medium,Kuala Lumpur,Kuala Lumpur
899000,2200.0,3.0,2.0,2.0,8,0,0,0,0,0,0,0,,19.0,168.0,Apartment,Freehold,Non Bumi Lot,High,Penang,Ayer Itam
800000,1800.0,4.0,3.0,2.0,4,0,0,0,0,0,0,0,,14.0,,Condominium,Freehold,Non Bumi Lot,Low,Penang,Greenlane
420000,860.0,3.0,2.0,1.0,7,0,0,0,0,0,0,0,2005.0,27.0,,Condominium,Freehold,Non Bumi Lot,Unknown,Penang,Greenlane
430000,860.0,3.0,2.0,1.0,7,0,0,0,0,0,0,0,2005.0,27.0,,Condominium,Freehold,Non Bumi Lot,Unknown,Penang,Greenlane
428000,860.0,3.0,2.0,1.0,7,0,0,0,0,0,0,0,2005.0,27.0,,Condominium,Freehold,Non Bumi Lot,Unknown,Penang,Greenlane
350000,775.0,2.0,2.0,1.0,6,0,0,0,0,0,0,0,,17.0,312.0,Service Residence,Freehold,Non Bumi Lot,Unknown,Penang,Simpang Ampat
299000,900.0,3.0,2.0,2.0,10,0,0,0,0,0,0,0,2019.0,,635.0,Apartment,Freehold,Non Bumi Lot,High,Selangor,Semenyih
590000,926.0,3.0,2.0,1.0,7,1,0,0,0,1,1,0,2020.0,32.0,2000.0,Condominium,Leasehold,Non Bumi Lot,High,Kuala Lumpur,Kuala Lumpur
1150000,2335.0,5.0,3.0,4.0,14,0,0,0,0,0,0,0,2011.0,38.0,420.0,Condominium,Freehold,Non Bumi Lot,High,Penang,Ayer Itam
580000,936.0,3.0,2.0,2.0,14,0,0,0,0,0,0,0,2011.0,38.0,420.0,Condominium,Freehold,Non Bumi Lot,Medium,Penang,Ayer Itam
1700000,3735.0,4.0,5.0,2.0,4,0,0,0,0,0,0,0,,12.0,150.0,Condominium,Freehold,Non Bumi Lot,High,Selangor,Ampang
650000,1023.0,3.0,2.0,2.0,9,1,1,0,0,1,1,0,2021.0,63.0,956.0,Service Residence,Freehold,Non Bumi Lot,Unknown,Kuala Lumpur,Kuala Lumpur
60000,726.0,3.0,1.0,1.0,0,0,0,0,0,0,0,0,,,,Apartment,Leasehold,Non Bumi Lot,Medium,Selangor,Rawang
399000,1097.0,3.0,3.0,1.0,10,0,0,0,0,0,0,0,,,,Service Residence,Freehold,Non Bumi Lot,Unknown,Johor,Johor Bahru
428000,1050.0,3.0,3.0,1.0,10,0,0,0,0,0,0,0,,,,Service Residence,Freehold,Non Bumi Lot,Low,Johor,Johor Bahru
310000,956.0,3.0,2.0,1.0,13,0,0,0,0,0,0,0,,19.0,392.0,Condominium,Freehold,Bumi Lot,High,Selangor,Seri Kembangan
530000,800.0,3.0,2.0,2.0,9,0,0,0,0,0,0,0,2018.0,45.0,1168.0,Condominium,Freehold,Non Bumi Lot,High,Penang,Tanjong Tokong
213000,950.0,3.0,2.0,1.0,14,1,1,0,0,1,1,0,2002.0,,1188.0,Condominium,Freehold,Non Bumi Lot,Medium,Selangor,Cyberjaya
680000,1316.0,4.0,2.0,1.0,10,1,0,1,0,0,1,0,,18.0,248.0,Condominium,Freehold,Non Bumi Lot,Low,Kuala Lumpur,Kuala Lumpur
285000,736.0,3.0,2.0,1.0,4,0,0,0,0,1,0,1,2010.0,,596.0,Apartment,Freehold,Bumi Lot,Medium,Selangor,Shah Alam
620000,1100.0,3.0,2.0,1.0,4,0,0,0,0,0,0,0,1997.0,14.0,96.0,Condominium,Freehold,Non Bumi Lot,Unknown,Penang,Jelutong
580000,1100.0,3.0,2.0,1.0,4,0,0,0,0,0,0,0,1997.0,14.0,96.0,Condominium,Freehold,Non Bumi Lot,Unknown,Penang,Jelutong
578000,1100.0,3.0,2.0,1.0,4,0,0,0,0,0,0,0,1997.0,14.0,96.0,Condominium,Freehold,Non Bumi Lot,Unknown,Penang,Jelutong
590000,1100.0,3.0,2.0,1.0,4,0,0,0,0,0,0,0,1997.0,14.0,96.0,Condominium,Freehold,Non Bumi Lot,Unknown,Penang,Jelutong
740000,1226.0,3.0,2.0,2.0,8,0,0,0,0,0,0,0,2018.0,38.0,473.0,Condominium,Freehold,Non Bumi Lot,Unknown,Penang,Tanjong Tokong
1700000,2314.0,3.0,4.0,2.0,7,0,0,0,0,0,0,0,2010.0,,228.0,Condominium,Freehold,Non Bumi Lot,High,Penang,Gelugor
270000,700.0,3.0,2.0,1.0,3,0,0,0,0,0,0,0,,14.0,,Apartment,Freehold,Non Bumi Lot,Unknown,Penang,Greenlane
330000,700.0,3.0,2.0,1.0,9,0,0,0,0,0,0,0,2012.0,30.0,500.0,Apartment,Freehold,Non Bumi Lot,Unknown,Penang,Ayer Itam
1600000,2476.0,4.0,5.0,2.0,9,0,0,0,0,0,0,0,2010.0,,228.0,Condominium,Freehold,Non Bumi Lot,Unknown,Penang,Gelugor
950000,1646.0,3.0,3.0,2.0,9,0,0,0,0,0,0,0,2018.0,44.0,378.0,Condominium,Freehold,Non Bumi Lot,High,Penang,Jelutong
498000,887.0,3.0,2.0,2.0,10,0,0,0,0,0,0,0,2013.0,30.0,808.0,Condominium,Freehold,Non Bumi Lot,High,Penang,Ayer Itam
325000,700.0,3.0,2.0,1.0,5,0,0,0,0,0,0,0,1997.0,20.0,205.0,Condominium,Freehold,Non Bumi Lot,High,Penang,George Town
1300000,1819.0,3.0,3.0,2.0,8,0,0,0,0,0,0,0,2010.0,,228.0,Condominium,Freehold,Non Bumi Lot,High,Penang,Gelugor
590000,1110.0,3.0,2.0,2.0,7,0,0,0,0,0,0,0,2010.0,38.0,,Condominium,Leasehold,Non Bumi Lot,Unknown,Penang,Gelugor
270000,700.0,3.0,2.0,1.0,3,0,0,0,0,0,0,0,1995.0,11.0,100.0,Apartment,Freehold,Non Bumi Lot,Unknown,Penang,Ayer Itam
590000,1091.0,3.0,3.0,1.0,10,0,0,0,0,0,0,0,2013.0,30.0,808.0,Condominium,Freehold,Non Bumi Lot,Unknown,Penang,Ayer Itam
320000,700.0,3.0,2.0,1.0,6,0,0,0,0,0,0,0,1995.0,17.0,224.0,Apartment,Freehold,Non Bumi Lot,Unknown,Penang,Paya Terubong
630000,1222.0,3.0,3.0,2.0,10,0,0,0,0,0,0,0,2013.0,30.0,808.0,Condominium,Freehold,Non Bumi Lot,Unknown,Penang,Ayer Itam
350000,800.0,3.0,2.0,1.0,7,0,0,0,0,0,0,0,1998.0,21.0,406.0,Condominium,Freehold,Non Bumi Lot,Low,Penang,George Town
198000,550.0,2.0,1.0,2.0,14,0,0,0,0,0,0,0,,,,Condominium,Freehold,Bumi Lot,High,Selangor,Cyberjaya
598000,1270.0,4.0,2.0,2.0,7,0,0,0,0,0,0,0,2005.0,27.0,,Condominium,Freehold,Non Bumi Lot,Unknown,Penang,Greenlane
570000,1055.0,3.0,2.0,2.0,8,0,0,0,0,0,0,0,2007.0,16.0,122.0,Condominium,Freehold,Non Bumi Lot,High,Penang,Ayer Itam
450000,442.0,1.0,2.0,1.0,14,1,0,0,0,1,1,0,,,,Service Residence,Freehold,Non Bumi Lot,Low,Kuala Lumpur,Kuala Lumpur
380000,1076.0,3.0,2.0,1.0,6,0,0,0,0,0,0,0,,,,Apartment,Freehold,Non Bumi Lot,Unknown,Penang,Simpang Ampat
270000,700.0,2.0,2.0,1.0,6,0,0,0,0,0,0,0,,17.0,,Flat,Freehold,Bumi Lot,Medium,Putrajaya,Putrajaya
335000,939.0,3.0,2.0,1.0,0,0,0,0,0,0,0,0,2015.0,25.0,636.0,Apartment,Freehold,Non Bumi Lot,Medium,Selangor,Setia Alam
300000,1152.0,3.0,2.0,1.0,7,0,0,0,0,0,0,0,,,,Apartment,Freehold,Non Bumi Lot,High,Johor,Skudai
79000,506.0,2.0,1.0,1.0,0,0,0,0,0,0,0,0,,,,Flat,Leasehold,Non Bumi Lot,Unknown,Johor,Johor Bahru
555000,936.0,2.0,2.0,2.0,14,0,0,0,0,0,0,0,2011.0,38.0,420.0,Condominium,Freehold,Non Bumi Lot,Medium,Penang,Ayer Itam
498000,936.0,3.0,2.0,3.0,14,0,0,0,0,0,0,0,2011.0,38.0,420.0,Condominium,Freehold,Non Bumi Lot,Medium,Penang,Ayer Itam
598000,1087.0,3.0,2.0,2.0,14,0,0,0,0,0,0,0,2011.0,38.0,420.0,Condominium,Freehold,Non Bumi Lot,Medium,Penang,Ayer Itam
530000,936.0,3.0,2.0,2.0,14,0,0,0,0,0,0,0,2011.0,38.0,420.0,Condominium,Freehold,Non Bumi Lot,High,Penang,Ayer Itam
368000,900.0,2.0,2.0,1.0,0,0,0,0,0,0,0,0,1994.0,22.0,504.0,Condominium,Freehold,Non Bumi Lot,Medium,Penang,Gelugor
368000,749.0,2.0,2.0,1.0,9,0,0,0,0,0,0,0,2018.0,27.0,712.0,Service Residence,Leasehold,Non Bumi Lot,Low,Johor,Johor Bahru
408000,1100.0,4.0,2.0,2.0,14,0,0,0,0,0,0,0,,,,Condominium,Freehold,Non Bumi Lot,Low,Selangor,Bandar Mahkota Cheras
378000,916.0,3.0,2.0,2.0,6,0,0,0,0,0,0,0,2016.0,22.0,328.0,Apartment,Leasehold,Non Bumi Lot,Medium,Johor,Johor Bahru
370000,1140.0,3.0,2.0,2.0,11,0,0,0,0,0,0,0,2017.0,14.0,608.0,Condominium,Freehold,Non Bumi Lot,Low,Penang,Simpang Ampat
295000,900.0,3.0,2.0,1.0,2,0,0,0,0,0,0,0,,4.0,,Apartment,Freehold,Non Bumi Lot,High,Kuala Lumpur,Kuala Lumpur
200000,720.0,3.0,2.0,1.0,3,0,0,0,0,0,0,0,,,,Apartment,Freehold,Non Bumi Lot,Low,Penang,Butterworth
198000,550.0,2.0,1.0,2.0,14,0,0,0,0,0,0,0,,,,Condominium,Freehold,Bumi Lot,High,Selangor,Cyberjaya
580000,1280.0,4.0,3.0,3.0,14,0,0,0,0,0,0,0,,,,Condominium,Freehold,Non Bumi Lot,Medium,Kuala Lumpur,Kuala Lumpur
710000,1463.0,3.0,3.0,1.0,8,1,1,0,1,0,1,1,,,,Condominium,Leasehold,Bumi Lot,Low,Selangor,Petaling Jaya
598000,1270.0,4.0,2.0,2.0,7,0,0,0,0,0,0,0,2005.0,27.0,,Condominium,Freehold,Non Bumi Lot,Unknown,Penang,Greenlane
340000,830.0,3.0,2.0,1.0,6,1,0,1,0,1,1,0,,,,Apartment,Leasehold,Bumi Lot,Medium,Kuala Lumpur,Kuala Lumpur
490000,850.0,3.0,2.0,2.0,14,1,1,0,1,1,1,1,2023.0,50.0,3600.0,Condominium,Freehold,Non Bumi Lot,Low,Kuala Lumpur,Kuala Lumpur
350000,700.0,3.0,2.0,1.0,9,0,0,0,0,0,0,0,2012.0,30.0,500.0,Apartment,Freehold,Non Bumi Lot,Unknown,Penang,Ayer Itam
360000,700.0,3.0,2.0,1.0,9,0,0,0,0,0,0,0,2012.0,30.0,500.0,Apartment,Freehold,Non Bumi Lot,Unknown,Penang,Ayer Itam
330000,700.0,3.0,2.0,1.0,9,0,0,0,0,0,0,0,2012.0,30.0,500.0,Apartment,Freehold,Non Bumi Lot,Unknown,Penang,Ayer Itam
250000,550.0,1.0,1.0,1.0,8,0,0,0,0,0,0,0,,,,Apartment,Leasehold,Non Bumi Lot,Medium,Johor,Skudai
380000,1405.0,4.0,3.0,1.0,14,0,0,0,0,0,0,0,,15.0,192.0,Condominium,Freehold,Non Bumi Lot,Low,Selangor,Puchong
520000,800.0,3.0,2.0,2.0,9,0,0,0,0,0,0,0,2018.0,45.0,1168.0,Condominium,Freehold,Non Bumi Lot,High,Penang,Tanjong Tokong
1050000,1582.0,3.0,2.0,1.0,7,1,1,1,1,1,1,0,2012.0,34.0,310.0,Service Residence,Freehold,Non Bumi Lot,High,Kuala Lumpur,Kuala Lumpur
400000,1065.0,3.0,2.0,2.0,8,0,0,0,0,0,0,0,2014.0,23.0,418.0,Service Residence,Leasehold,Non Bumi Lot,Medium,Selangor,Seri Kembangan
350000,998.0,3.0,2.0,1.0,5,0,0,0,0,0,0,0,1990.0,10.0,,Condominium,Leasehold,Bumi Lot,Low,Selangor,Ampang
400000,1141.0,3.0,2.0,1.0,0,0,0,0,0,0,0,0,2021.0,21.0,613.0,Apartment,Leasehold,Non Bumi Lot,Medium,Johor,Skudai
535000,1237.0,3.0,2.0,4.0,8,0,0,0,0,0,0,0,2014.0,13.0,666.0,Service Residence,Freehold,Non Bumi Lot,High,Selangor,Shah Alam
340000,920.0,3.0,2.0,1.0,7,1,0,0,1,1,1,0,1999.0,15.0,690.0,Condominium,Leasehold,Bumi Lot,Medium,Kuala Lumpur,Kuala Lumpur
390000,1222.0,3.0,2.0,2.0,3,0,0,0,0,0,0,0,,8.0,67.0,Apartment,Freehold,Non Bumi Lot,Low,Selangor,Cheras
160000,1272.0,2.0,2.0,2.0,7,0,0,0,0,0,0,0,,,,Condominium,Leasehold,Non Bumi Lot,Medium,Melaka,Tanjong Kling
330000,1131.0,2.0,2.0,2.0,14,1,0,0,1,0,0,0,2021.0,,443.0,Condominium,Freehold,Non Bumi Lot,Medium,Kuala Lumpur,Kuala Lumpur
290000,667.0,1.0,1.0,1.0,10,1,1,1,0,1,1,0,2014.0,22.0,470.0,Service Residence,Leasehold,Non Bumi Lot,High,Kuala Lumpur,Kuala Lumpur
268000,883.0,3.0,2.0,1.0,14,0,0,0,0,0,0,0,,24.0,,Condominium,Freehold,Non Bumi Lot,High,Penang,Butterworth
240000,780.0,2.0,2.0,2.0,4,0,0,0,0,0,0,0,,,,Apartment,Freehold,Non Bumi Lot,High,Penang,Butterworth
690000,1991.0,4.0,3.0,2.0,9,1,1,1,1,0,1,0,,8.0,825.0,Condominium,Leasehold,Non Bumi Lot,High,Kuala Lumpur,Kuala Lumpur
355000,838.0,3.0,2.0,1.0,9,0,0,0,0,0,0,0,2007.0,22.0,816.0,Condominium,Freehold,Non Bumi Lot,Unknown,Penang,Ayer Itam
385000,838.0,3.0,2.0,2.0,9,0,0,0,0,0,0,0,2007.0,22.0,816.0,Condominium,Freehold,Non Bumi Lot,Unknown,Penang,Ayer Itam
380000,838.0,3.0,2.0,1.0,9,0,0,0,0,0,0,0,2007.0,22.0,816.0,Condominium,Freehold,Non Bumi Lot,Unknown,Penang,Ayer Itam
380000,838.0,3.0,2.0,1.0,9,0,0,0,0,0,0,0,2007.0,22.0,816.0,Condominium,Freehold,Non Bumi Lot,Unknown,Penang,Ayer Itam
299000,1300.0,4.0,3.0,2.0,14,0,0,0,0,0,0,0,,,,Condominium,Freehold,Non Bumi Lot,Medium,Putrajaya,Putrajaya
460000,1333.0,4.0,2.0,2.0,8,1,1,1,0,1,1,0,2014.0,25.0,800.0,Condominium,Leasehold,Non Bumi Lot,Unknown,Kuala Lumpur,Kuala Lumpur
400000,750.0,2.0,2.0,1.0,12,0,0,0,0,0,0,0,2017.0,40.0,420.0,Service Residence,Freehold,Non Bumi Lot,Medium,Penang,Butterworth
380000,700.0,3.0,2.0,1.0,6,0,0,0,0,0,0,0,1998.0,21.0,406.0,Condominium,Freehold,Non Bumi Lot,Medium,Penang,George Town
299000,1100.0,4.0,2.0,2.0,14,0,0,0,0,0,0,0,,,,Condominium,Freehold,Non Bumi Lot,Medium,Putrajaya,Putrajaya
330000,825.0,2.0,1.0,2.0,0,0,0,0,0,0,0,0,2021.0,21.0,613.0,Condominium,Leasehold,Non Bumi Lot,Medium,Johor,Skudai
265000,949.0,3.0,2.0,2.0,7,0,0,0,0,0,0,0,2019.0,,635.0,Apartment,Freehold,Non Bumi Lot,Medium,Selangor,Semenyih
483000,1742.0,3.0,2.0,2.0,9,0,0,0,0,0,0,0,2014.0,30.0,600.0,Condominium,Freehold,Non Bumi Lot,Medium,Selangor,Cyberjaya
245000,850.0,3.0,2.0,1.0,5,0,0,0,0,0,0,0,2015.0,20.0,1440.0,Apartment,Leasehold,Non Bumi Lot,Medium,Selangor,Damansara Perdana
448000,1477.0,4.0,3.0,2.0,12,0,0,0,0,0,0,0,2015.0,22.0,229.0,Condominium,Freehold,Non Bumi Lot,Unknown,Selangor,Cheras
300000,1300.0,4.0,3.0,2.0,14,0,0,0,0,0,0,0,,,,Condominium,Freehold,Non Bumi Lot,Medium,Putrajaya,Putrajaya
85000,743.0,3.0,2.0,1.0,0,0,0,0,0,0,0,0,,,,Apartment,Leasehold,Non Bumi Lot,High,Melaka,Melaka City
290000,750.0,3.0,2.0,2.0,14,0,0,0,0,0,1,0,,,460.0,Apartment,Freehold,Non Bumi Lot,High,Selangor,Shah Alam
460000,1000.0,3.0,2.0,1.0,4,0,0,0,0,0,0,0,,5.0,108.0,Condominium,Freehold,Non Bumi Lot,Low,Penang,Bukit Dumbar
99000,613.0,3.0,2.0,1.0,0,0,0,0,0,0,0,0,,,,Flat,Leasehold,Non Bumi Lot,Medium,Johor,Skudai
299000,1100.0,4.0,2.0,2.0,14,0,0,0,0,0,0,0,2021.0,42.0,1311.0,Condominium,Freehold,Non Bumi Lot,Medium,Selangor,Cyberjaya
138000,800.0,3.0,2.0,1.0,0,0,0,0,0,0,0,0,,,,Apartment,Leasehold,Non Bumi Lot,Medium,Johor,Gelang Patah
180000,650.0,3.0,2.0,1.0,4,0,0,0,0,0,0,0,,,,Apartment,Leasehold,Bumi Lot,High,Kuala Lumpur,Kuala Lumpur
299000,1300.0,4.0,3.0,2.0,14,0,0,0,0,0,0,0,2017.0,16.0,128.0,Condominium,Freehold,Non Bumi Lot,Medium,Selangor,Cyberjaya
245000,850.0,3.0,2.0,1.0,5,1,0,1,0,0,1,0,2000.0,10.0,20.0,Apartment,Leasehold,Bumi Lot,Low,Selangor,Shah Alam
385000,897.0,3.0,2.0,1.0,10,1,0,0,0,1,0,0,2010.0,,704.0,Condominium,Leasehold,Bumi Lot,Low,Selangor,Batu Caves
635000,1345.0,4.0,3.0,2.0,0,0,0,0,0,0,0,0,2014.0,,600.0,Condominium,Leasehold,Non Bumi Lot,High,Selangor,USJ
530000,1091.0,3.0,3.0,1.0,10,0,0,0,0,0,0,0,2013.0,30.0,808.0,Condominium,Freehold,Non Bumi Lot,Unknown,Penang,Ayer Itam
600000,1285.0,3.0,3.0,1.0,10,0,0,0,0,0,0,0,2013.0,30.0,808.0,Condominium,Freehold,Non Bumi Lot,Unknown,Penang,Ayer Itam
495000,887.0,3.0,2.0,2.0,10,0,0,0,0,0,0,0,2013.0,30.0,808.0,Condominium,Freehold,Non Bumi Lot,Unknown,Penang,Ayer Itam
450000,887.0,3.0,2.0,1.0,10,0,0,0,0,0,0,0,2013.0,30.0,808.0,Condominium,Freehold,Non Bumi Lot,Unknown,Penang,Ayer Itam
450000,1009.0,3.0,2.0,2.0,0,0,0,0,0,0,0,0,,,,Condominium,Leasehold,Non Bumi Lot,Medium,Sabah,Penampang
778000,1550.0,4.0,3.0,2.0,12,1,0,0,0,0,1,0,2016.0,,474.0,Condominium,Freehold,Non Bumi Lot,Unknown,Kuala Lumpur,Kuala Lumpur
820000,1227.0,3.0,2.0,2.0,14,1,0,0,1,0,1,0,2018.0,41.0,1115.0,Service Residence,Freehold,Non Bumi Lot,Medium,Kuala Lumpur,Kuala Lumpur
299000,1300.0,4.0,3.0,2.0,14,0,1,0,0,0,0,0,,,52.0,Condominium,Freehold,Non Bumi Lot,Medium,Selangor,Cyberjaya
468000,1285.0,3.0,2.0,1.0,11,1,1,1,1,0,1,0,,16.0,96.0,Condominium,Leasehold,Non Bumi Lot,Low,Selangor,Ampang
650000,1202.0,4.0,3.0,2.0,9,0,0,0,0,0,0,0,2021.0,,363.0,Condominium,Freehold,Non Bumi Lot,Low,Putrajaya,Putrajaya
1150000,1661.0,4.0,3.0,2.0,5,1,1,1,0,1,1,1,2011.0,41.0,192.0,Condominium,Freehold,Non Bumi Lot,Medium,Kuala Lumpur,Kuala Lumpur
410000,1100.0,3.0,2.0,1.0,3,1,1,0,0,1,1,0,,12.0,,Condominium,Leasehold,Non Bumi Lot,High,Kuala Lumpur,Kuala Lumpur
340000,1100.0,3.0,2.0,1.0,7,1,0,0,0,1,1,0,1996.0,19.0,,Condominium,Leasehold,Non Bumi Lot,Unknown,Kuala Lumpur,Kuala Lumpur
350000,1311.0,2.0,2.0,2.0,14,1,1,0,1,1,1,0,2007.0,30.0,151.0,Condominium,Freehold,Non Bumi Lot,Medium,Kuala Lumpur,Kuala Lumpur
120000,480.0,2.0,1.0,1.0,2,0,0,0,0,0,0,1,,,,Flat,Freehold,Non Bumi Lot,Low,Selangor,Kajang
380000,838.0,3.0,2.0,2.0,9,0,0,0,0,0,0,0,2007.0,22.0,816.0,Condominium,Freehold,Non Bumi Lot,Unknown,Penang,Ayer Itam
450000,994.0,2.0,2.0,1.0,6,1,1,0,1,0,1,0,,18.0,600.0,Condominium,Freehold,Non Bumi Lot,Low,Kuala Lumpur,Kuala Lumpur
240000,720.0,3.0,2.0,1.0,3,0,0,0,0,0,0,0,1992.0,17.0,3.0,Apartment,Leasehold,Non Bumi Lot,Unknown,Penang,Ayer Itam
250000,720.0,3.0,2.0,1.0,3,0,0,0,0,0,0,0,1992.0,17.0,3.0,Apartment,Leasehold,Non Bumi Lot,Unknown,Penang,Ayer Itam
785000,2415.0,5.0,5.0,1.0,14,0,0,0,0,0,0,0,2020.0,24.0,670.0,Condominium,Leasehold,Non Bumi Lot,Medium,Selangor,Puchong
340000,1213.0,4.0,2.0,1.0,10,0,0,0,0,0,0,0,2004.0,40.0,500.0,Condominium,Freehold,Non Bumi Lot,High,Johor,Johor Bahru
678000,1168.0,3.0,2.0,2.0,10,1,0,0,0,1,1,0,2013.0,24.0,467.0,Condominium,Freehold,Non Bumi Lot,Medium,Kuala Lumpur,Kuala Lumpur
1050000,2400.0,4.0,3.0,2.0,2,0,0,0,0,0,0,0,,,,Condominium,Freehold,Non Bumi Lot,High,Penang,George Town
135000,700.0,3.0,2.0,1.0,3,0,0,0,0,0,0,0,2003.0,23.0,2115.0,Flat,Freehold,Non Bumi Lot,Unknown,Penang,Ayer Itam
168000,818.0,3.0,3.0,1.0,0,0,0,0,0,0,0,0,,,,Flat,Leasehold,Non Bumi Lot,Unknown,Melaka,Melaka City
5000000,9800.0,6.0,5.0,3.0,7,0,0,0,0,0,0,0,,5.0,20.0,Condominium,Freehold,Non Bumi Lot,Low,Penang,Batu Ferringhi
490000,1273.0,3.0,2.0,2.0,6,0,0,0,0,0,0,0,,,,Condominium,Freehold,Non Bumi Lot,Unknown,Penang,Butterworth
400000,1206.0,4.0,2.0,1.0,7,1,0,0,0,1,0,0,,,,Condominium,Leasehold,Bumi Lot,Medium,Kuala Lumpur,Kuala Lumpur
620000,1225.0,3.0,3.0,1.0,5,0,0,0,0,0,0,0,2017.0,,,Condominium,Freehold,Non Bumi Lot,Medium,Johor,Johor Bahru
150000,650.0,3.0,2.0,1.0,0,1,0,0,0,0,1,0,2015.0,3.0,,Apartment,Freehold,Non Bumi Lot,High,Selangor,Klang
155000,657.0,3.0,2.0,1.0,0,0,0,0,0,0,0,0,,,,Apartment,Freehold,Non Bumi Lot,Medium,Selangor,Klang
355000,750.0,3.0,2.0,1.0,1,0,0,0,0,0,1,0,,5.0,,Apartment,Freehold,Non Bumi Lot,Low,Selangor,Klang
298000,947.0,3.0,2.0,1.0,5,0,0,0,0,0,1,0,,14.0,248.0,Condominium,Freehold,Bumi Lot,Medium,Selangor,Seri Kembangan
620000,800.0,3.0,2.0,2.0,13,0,0,0,0,0,0,0,2017.0,22.0,1343.0,Condominium,Freehold,Non Bumi Lot,Unknown,Penang,Bayan Lepas
308000,500.0,1.0,1.0,2.0,11,0,0,0,1,0,0,0,2016.0,30.0,551.0,Service Residence,Freehold,Non Bumi Lot,High,Selangor,Balakong
349999,883.0,3.0,2.0,1.0,8,1,0,0,1,1,1,0,,10.0,,Apartment,Freehold,Non Bumi Lot,Medium,Selangor,Petaling Jaya
212000,957.0,3.0,2.0,1.0,3,0,0,0,0,0,0,0,,,,Apartment,Freehold,Non Bumi Lot,Medium,Selangor,Kajang
395000,1052.0,3.0,2.0,2.0,10,0,0,0,0,0,0,0,2020.0,14.0,244.0,Condominium,Freehold,Non Bumi Lot,Medium,Selangor,Kajang
260000,830.0,3.0,2.0,1.0,9,0,0,0,0,0,0,0,2004.0,21.0,,Condominium,Leasehold,Non Bumi Lot,Medium,Selangor,Seri Kembangan
288000,830.0,3.0,2.0,1.0,10,0,0,0,0,0,0,0,2004.0,21.0,,Condominium,Leasehold,Non Bumi Lot,Medium,Selangor,Seri Kembangan
285000,864.0,4.0,2.0,1.0,4,0,1,0,0,1,1,0,,5.0,,Apartment,Leasehold,Non Bumi Lot,Low,Selangor,Seri Kembangan
1150000,1100.0,2.0,2.0,1.0,8,0,0,0,0,0,0,0,2014.0,9.0,631.0,Service Residence,Leasehold,Non Bumi Lot,Low,Sabah,Kota Kinabalu
238000,760.0,3.0,2.0,1.0,1,1,1,1,1,1,1,1,,3.0,,Apartment,Freehold,Non Bumi Lot,Low,Kuala Lumpur,Kuala Lumpur
1700000,1991.0,3.0,4.0,3.0,7,0,0,0,0,0,0,0,2017.0,6.0,98.0,Condominium,Freehold,Non Bumi Lot,Unknown,Penang,Gelugor
1150000,1750.0,3.0,2.0,2.0,13,0,0,0,0,0,0,0,2017.0,22.0,1343.0,Condominium,Freehold,Non Bumi Lot,Unknown,Penang,Bayan Lepas
960000,1400.0,3.0,3.0,2.0,9,1,1,0,1,0,1,0,2013.0,135.0,,Condominium,Freehold,Non Bumi Lot,Low,Kuala Lumpur,Kuala Lumpur
229000,844.0,4.0,2.0,1.0,5,0,0,0,0,0,0,0,,,,Apartment,Leasehold,Bumi Lot,Medium,Selangor,Bangi
622000,800.0,3.0,2.0,2.0,13,0,0,0,0,0,0,0,2017.0,22.0,1343.0,Condominium,Freehold,Non Bumi Lot,Unknown,Penang,Bayan Lepas
1230000,2600.0,4.0,4.0,2.0,8,0,0,0,0,0,0,0,2010.0,25.0,,Condominium,Freehold,Non Bumi Lot,Unknown,Penang,Greenlane
1350000,1539.0,3.0,3.0,2.0,0,0,0,0,0,0,0,0,2012.0,17.0,328.0,Condominium,Freehold,Non Bumi Lot,Unknown,Penang,Gelugor
1200000,1539.0,3.0,3.0,2.0,0,0,0,0,0,0,0,0,2012.0,17.0,328.0,Condominium,Freehold,Non Bumi Lot,Unknown,Penang,Gelugor
660000,872.0,3.0,2.0,1.0,13,0,0,0,0,0,0,0,,,,Condominium,Freehold,Non Bumi Lot,Unknown,Unknown,Unknown
165000,650.0,2.0,1.0,1.0,4,0,0,0,0,0,0,0,,,,Flat,Freehold,Non Bumi Lot,Medium,Penang,Relau
580000,955.0,3.0,2.0,1.0,8,0,0,0,0,0,0,0,,,,Condominium,Leasehold,Non Bumi Lot,Medium,Sabah,Penampang
1450000,2600.0,5.0,4.0,3.0,8,0,0,0,0,0,0,0,2010.0,25.0,,Condominium,Freehold,Non Bumi Lot,Unknown,Penang,Greenlane
430000,1043.0,3.0,2.0,1.0,6,0,0,0,0,0,0,0,,,226.0,Condominium,Freehold,Non Bumi Lot,High,Putrajaya,Putrajaya
295000,715.0,1.0,1.0,1.0,14,0,0,0,0,0,0,0,,,392.0,Apartment,Freehold,Non Bumi Lot,Medium,Johor,Senai
230000,830.0,3.0,2.0,2.0,9,0,1,0,0,0,0,0,2019.0,,635.0,Apartment,Freehold,Non Bumi Lot,Low,Selangor,Semenyih
199000,810.0,3.0,2.0,1.0,3,0,1,0,0,0,0,0,,,,Apartment,Freehold,Non Bumi Lot,Medium,Selangor,Semenyih
275000,1410.0,3.0,2.0,2.0,9,0,0,0,0,0,0,0,2013.0,27.0,569.0,Condominium,Leasehold,Non Bumi Lot,Medium,Selangor,Shah Alam
265000,700.0,3.0,1.0,1.0,2,0,0,0,0,0,0,0,1997.0,22.0,1008.0,Apartment,Freehold,Non Bumi Lot,Medium,Penang,Jelutong
928000,1320.0,4.0,3.0,2.0,13,0,0,0,0,0,0,0,,,,Condominium,Freehold,Non Bumi Lot,Unknown,Unknown,Unknown
250000,900.0,3.0,2.0,2.0,8,0,0,0,0,0,0,0,,,,Condominium,Freehold,Non Bumi Lot,Medium,Johor,Pasir Gudang
1700000,1862.0,4.0,4.0,3.0,13,0,0,0,0,0,0,0,,,,Condominium,Freehold,Non Bumi Lot,Unknown,Unknown,Unknown
920000,1646.0,4.0,3.0,2.0,7,0,0,0,0,0,0,0,2018.0,44.0,378.0,Condominium,Freehold,Non Bumi Lot,Unknown,Penang,Jelutong
1250000,1469.0,4.0,2.0,1.0,7,0,0,0,0,0,0,0,2021.0,24.0,1235.0,Condominium,Freehold,Non Bumi Lot,Unknown,Penang,Batu Uban
110000,700.0,3.0,2.0,1.0,2,0,1,0,0,0,0,0,,5.0,7810.0,Apartment,Freehold,Non Bumi Lot,Low,Selangor,Beranang
345000,700.0,3.0,2.0,1.0,6,0,0,0,0,0,0,0,,30.0,,Apartment,Freehold,Non Bumi Lot,Unknown,Penang,Ayer Itam
350000,700.0,2.0,2.0,2.0,6,0,0,0,0,0,0,0,,30.0,,Apartment,Freehold,Non Bumi Lot,Unknown,Penang,Ayer Itam
318000,700.0,3.0,2.0,1.0,4,0,0,0,0,0,0,0,,24.0,234.0,Apartment,Freehold,Non Bumi Lot,Unknown,Penang,Ayer Itam
145000,750.0,3.0,2.0,1.0,0,0,0,0,0,0,0,0,,,,Flat,Freehold,Non Bumi Lot,High,Johor,Johor Bahru
255000,800.0,3.0,2.0,1.0,4,0,0,0,0,0,0,0,,,242.0,Apartment,Freehold,Non Bumi Lot,High,Penang,Butterworth
225000,680.0,3.0,2.0,1.0,6,0,0,0,0,0,0,0,,22.0,714.0,Apartment,Leasehold,Non Bumi Lot,Low,Penang,Gelugor
240000,850.0,3.0,2.0,2.0,9,0,1,0,0,0,0,0,2019.0,,635.0,Apartment,Freehold,Non Bumi Lot,Medium,Selangor,Semenyih
550000,550.0,2.0,1.0,1.0,13,0,0,0,0,0,0,0,2017.0,22.0,1343.0,Condominium,Freehold,Non Bumi Lot,Unknown,Penang,Bayan Lepas
550000,615.0,2.0,1.0,1.0,13,0,0,0,0,0,0,0,2017.0,22.0,1343.0,Condominium,Freehold,Non Bumi Lot,Unknown,Penang,Bayan Lepas
595000,872.0,3.0,2.0,1.0,13,0,0,0,0,0,0,0,2017.0,22.0,1343.0,Condominium,Freehold,Non Bumi Lot,Unknown,Penang,Bayan Lepas
445000,951.0,3.0,2.0,1.0,12,0,1,0,0,0,0,0,2018.0,42.0,1675.0,Service Residence,Freehold,Non Bumi Lot,Medium,Selangor,Balakong
169999,650.0,3.0,2.0,1.0,4,1,0,0,0,1,1,0,,,,Apartment,Leasehold,Non Bumi Lot,Medium,Selangor,Petaling Jaya
305000,807.0,3.0,2.0,1.0,5,0,0,0,0,0,0,0,2005.0,6.0,,Condominium,Leasehold,Non Bumi Lot,Medium,Selangor,Kota Damansara
400000,1000.0,4.0,2.0,2.0,9,0,0,0,0,0,0,0,,,,Condominium,Freehold,Non Bumi Lot,Medium,Selangor,Kajang
430000,1333.0,4.0,2.0,2.0,7,0,0,0,0,0,0,0,2016.0,15.0,139.0,Condominium,Freehold,Non Bumi Lot,Unknown,Penang,Butterworth
235000,850.0,4.0,2.0,1.0,1,0,0,0,0,0,0,0,,5.0,,Apartment,Leasehold,Bumi Lot,Low,Johor,Johor Bahru
440000,1243.0,3.0,3.0,2.0,7,0,1,1,0,0,0,0,2021.0,24.0,240.0,Service Residence,Leasehold,Non Bumi Lot,Unknown,Selangor,Batu Caves
400000,1213.0,3.0,3.0,2.0,9,0,0,0,0,0,0,0,2016.0,21.0,482.0,Condominium,Leasehold,Non Bumi Lot,Unknown,Selangor,Selayang
1239000,1700.0,4.0,2.0,2.0,5,0,0,0,0,0,0,0,1993.0,17.0,,Condominium,Freehold,Non Bumi Lot,High,Kuala Lumpur,Kuala Lumpur
239000,1008.0,3.0,2.0,1.0,6,0,0,0,0,0,0,0,2015.0,12.0,306.0,Condominium,Freehold,Non Bumi Lot,Medium,Selangor,Kajang
850000,1234.0,3.0,3.0,2.0,14,1,1,0,1,1,1,0,2019.0,36.0,618.0,Condominium,Freehold,Non Bumi Lot,High,Kuala Lumpur,Kuala Lumpur
310000,1400.0,3.0,2.0,1.0,10,0,0,0,0,0,0,0,,,,Condominium,Freehold,Non Bumi Lot,Medium,Johor,Johor Bahru
482000,969.0,3.0,2.0,2.0,14,0,0,0,0,0,0,0,,,,Service Residence,Freehold,Non Bumi Lot,Medium,Putrajaya,Putrajaya
155000,728.0,3.0,2.0,1.0,4,0,0,0,0,0,0,0,,,,Condominium,Freehold,Non Bumi Lot,Medium,Negeri Sembilan,Nilai
158000,753.0,2.0,2.0,1.0,0,0,0,0,0,0,0,0,,,,Flat,Freehold,Non Bumi Lot,High,Johor,Masai
320000,973.0,3.0,2.0,1.0,0,0,0,0,0,0,0,0,2015.0,,352.0,Condominium,Leasehold,Non Bumi Lot,Medium,Johor,Johor Bahru
270000,888.0,3.0,1.0,1.0,0,0,0,0,0,0,0,0,,,,Apartment,Freehold,Non Bumi Lot,Low,Kuala Lumpur,Kuala Lumpur
240000,700.0,3.0,2.0,1.0,5,0,0,0,0,0,0,0,,25.0,,Apartment,Leasehold,Non Bumi Lot,Unknown,Penang,Ayer Itam
145000,650.0,3.0,2.0,1.0,0,1,0,0,0,0,1,0,,2.0,,Apartment,Freehold,Non Bumi Lot,Medium,Selangor,Klang
380000,700.0,3.0,2.0,1.0,9,0,0,0,0,0,0,0,2012.0,30.0,500.0,Apartment,Freehold,Non Bumi Lot,Unknown,Penang,Ayer Itam
473000,703.0,2.0,2.0,1.0,14,1,0,1,1,1,1,0,2019.0,35.0,311.0,Service Residence,Freehold,Non Bumi Lot,High,Kuala Lumpur,Kuala Lumpur
378000,916.0,3.0,2.0,2.0,7,0,0,0,0,0,0,0,2016.0,22.0,328.0,Apartment,Leasehold,Non Bumi Lot,Medium,Johor,Johor Bahru
385000,961.0,3.0,2.0,1.0,9,0,0,0,0,0,0,0,2014.0,,561.0,Apartment,Freehold,Non Bumi Lot,Medium,Johor,Johor Bahru
398000,850.0,3.0,2.0,1.0,13,0,0,0,0,0,0,0,2019.0,35.0,1843.0,Service Residence,Freehold,Non Bumi Lot,Medium,Johor,Johor Bahru
350000,903.0,3.0,2.0,1.0,6,0,0,0,0,0,0,0,2016.0,5.0,469.0,Apartment,Freehold,Non Bumi Lot,Low,Selangor,Kajang
190000,700.0,3.0,2.0,1.0,4,0,0,0,0,0,0,0,,5.0,,Apartment,Freehold,Non Bumi Lot,Medium,Selangor,Shah Alam
450000,969.0,3.0,2.0,2.0,9,0,0,0,0,0,0,0,2020.0,23.0,241.0,Service Residence,Leasehold,Non Bumi Lot,Low,Selangor,Puchong
260000,700.0,3.0,2.0,1.0,4,0,0,0,0,0,0,0,,24.0,234.0,Apartment,Freehold,Non Bumi Lot,Unknown,Penang,Ayer Itam
300000,700.0,3.0,2.0,1.0,4,0,0,0,0,0,0,0,,24.0,234.0,Apartment,Freehold,Non Bumi Lot,Unknown,Penang,Ayer Itam
315000,700.0,3.0,2.0,1.0,4,0,0,0,0,0,0,0,,24.0,234.0,Apartment,Freehold,Non Bumi Lot,Unknown,Penang,Ayer Itam
288000,800.0,3.0,2.0,1.0,7,0,0,0,0,0,0,0,1994.0,6.0,672.0,Apartment,Leasehold,Non Bumi Lot,Unknown,Penang,Ayer Itam
88000,648.0,1.0,1.0,10.0,6,0,0,0,0,0,0,0,,,,Condominium,Leasehold,Non Bumi Lot,Medium,Melaka,Tanjong Kling
470000,829.0,3.0,2.0,2.0,14,0,0,0,0,0,0,0,,,,Service Residence,Freehold,Non Bumi Lot,Medium,Putrajaya,Putrajaya
600000,933.0,3.0,2.0,1.0,8,0,0,0,0,0,0,0,,,,Service Residence,Leasehold,Non Bumi Lot,Unknown,Sarawak,Kuching
385000,897.0,3.0,2.0,1.0,8,1,0,0,0,1,0,0,2010.0,,704.0,Condominium,Leasehold,Bumi Lot,Medium,Selangor,Batu Caves
350000,1311.0,2.0,2.0,2.0,14,1,0,0,1,0,1,0,,13.0,,Condominium,Freehold,Non Bumi Lot,Low,Kuala Lumpur,Kuala Lumpur
900000,1400.0,4.0,2.0,2.0,5,1,0,0,1,1,1,0,2016.0,,,Condominium,Leasehold,Non Bumi Lot,Low,Kuala Lumpur,Kuala Lumpur
458000,700.0,3.0,2.0,1.0,5,0,0,0,0,0,0,0,2008.0,22.0,754.0,Condominium,Leasehold,Non Bumi Lot,Medium,Penang,Jelutong
300000,850.0,3.0,2.0,1.0,10,0,0,0,0,0,0,0,,12.0,1012.0,Apartment,Leasehold,Non Bumi Lot,Unknown,Sabah,Penampang
299000,655.0,1.0,1.0,1.0,14,0,0,0,0,0,0,0,2014.0,10.0,84.0,Condominium,Freehold,Non Bumi Lot,Low,Selangor,Shah Alam
133000,550.0,2.0,2.0,1.0,6,0,0,0,0,0,0,0,,26.0,,Apartment,Freehold,Non Bumi Lot,Medium,Penang,Paya Terubong
298000,914.0,3.0,1.0,2.0,8,0,0,0,0,0,0,0,,,,Apartment,Freehold,Non Bumi Lot,Medium,Johor,Muar
476000,900.0,3.0,2.0,1.0,10,0,0,0,0,0,0,0,2008.0,22.0,754.0,Condominium,Leasehold,Non Bumi Lot,Medium,Penang,Jelutong
450000,1960.0,4.0,3.0,1.0,10,0,0,0,0,0,0,0,,,,Condominium,Leasehold,Non Bumi Lot,Medium,Melaka,Tanjong Kling
285000,750.0,3.0,2.0,1.0,10,0,0,0,0,0,0,0,,,,Condominium,Freehold,Non Bumi Lot,Medium,Penang,Bayan Lepas
220000,391.0,1.0,1.0,1.0,7,0,0,0,0,0,0,0,,,,Condominium,Leasehold,Non Bumi Lot,Medium,Sabah,Kota Kinabalu
630000,560.0,1.0,1.0,2.0,14,1,0,1,0,1,1,0,2020.0,46.0,1012.0,Service Residence,Leasehold,Non Bumi Lot,High,Selangor,Ampang
420000,1050.0,3.0,2.0,1.0,11,0,0,0,0,0,0,0,1998.0,,428.0,Condominium,Freehold,Non Bumi Lot,High,Penang,Tanjung Bungah
600000,1056.0,3.0,2.0,1.0,11,0,0,0,0,0,0,0,,,,Apartment,Leasehold,Non Bumi Lot,Low,Pahang,Cameron Highlands
440000,1465.0,4.0,2.0,1.0,11,1,0,0,1,0,1,1,1996.0,16.0,,Condominium,Freehold,Non Bumi Lot,Low,Kuala Lumpur,Kuala Lumpur
390000,660.0,2.0,2.0,1.0,11,0,0,0,0,0,0,0,,,,Service Residence,Leasehold,Bumi Lot,Medium,Kuala Lumpur,Kuala Lumpur
470000,1003.0,3.0,2.0,2.0,4,0,0,0,0,0,0,0,2006.0,12.0,260.0,Condominium,Leasehold,Non Bumi Lot,Low,Selangor,Shah Alam
170000,600.0,2.0,1.0,1.0,0,1,1,0,1,1,1,0,,,,Flat,Leasehold,Bumi Lot,Medium,Selangor,Seri Kembangan
850000,1213.0,2.0,2.0,2.0,8,1,1,0,1,1,1,0,2016.0,24.0,403.0,Condominium,Leasehold,Non Bumi Lot,Medium,Kuala Lumpur,Kuala Lumpur
350000,945.0,3.0,2.0,2.0,8,0,0,0,0,0,0,0,2017.0,2.0,669.0,Service Residence,Freehold,Bumi Lot,Medium,Selangor,Bangi
265000,850.0,3.0,2.0,1.0,8,0,0,0,0,0,0,0,,,,Apartment,Leasehold,Bumi Lot,Medium,Sabah,Kota Kinabalu
158000,1540.0,3.0,2.0,1.0,10,0,0,0,0,0,0,0,,,,Condominium,Leasehold,Non Bumi Lot,Medium,Melaka,Alor Gajah
115000,606.0,3.0,2.0,1.0,3,0,0,0,0,0,0,0,,,,Apartment,Leasehold,Non Bumi Lot,Low,Selangor,Puchong
389000,812.0,3.0,2.0,2.0,9,1,0,0,0,0,1,0,2014.0,33.0,1002.0,Service Residence,Leasehold,Non Bumi Lot,Medium,Selangor,Puchong
78000,1480.0,2.0,2.0,10.0,8,0,0,0,0,0,0,0,,,,Condominium,Leasehold,Non Bumi Lot,Medium,Melaka,Tanjong Kling
370000,960.0,3.0,2.0,1.0,5,0,0,1,1,0,1,0,,9.0,,Condominium,Leasehold,Non Bumi Lot,High,Kuala Lumpur,Kuala Lumpur
550000,1100.0,3.0,2.0,2.0,10,1,1,0,1,1,1,0,,19.0,,Condominium,Freehold,Non Bumi Lot,High,Kuala Lumpur,Kuala Lumpur
289999,1084.0,3.0,2.0,1.0,9,1,0,0,0,1,1,0,,10.0,160.0,Condominium,Freehold,Non Bumi Lot,Medium,Kuala Lumpur,Kuala Lumpur
600000,1398.0,3.0,3.0,1.0,12,1,0,0,0,0,1,0,1998.0,18.0,,Condominium,Freehold,Non Bumi Lot,Medium,Selangor,Petaling Jaya
550000,1100.0,3.0,2.0,2.0,6,0,0,0,0,0,0,0,,,,Condominium,Leasehold,Non Bumi Lot,Low,Sarawak,Kuching
165000,963.0,3.0,2.0,1.0,2,0,0,0,0,0,0,0,,,,Apartment,Freehold,Bumi Lot,Medium,Melaka,Sungei Petai
500000,1216.0,3.0,2.0,2.0,14,0,0,0,0,0,0,0,,,,Service Residence,Freehold,Non Bumi Lot,Medium,Putrajaya,Putrajaya
380000,1023.0,3.0,2.0,1.0,8,1,1,0,1,1,1,0,2004.0,5.0,200.0,Apartment,Leasehold,Non Bumi Lot,Low,Selangor,Bandar Sunway
230000,850.0,3.0,2.0,1.0,3,0,0,0,0,0,0,0,,,,Apartment,Freehold,Non Bumi Lot,Low,Penang,Butterworth
235000,1000.0,3.0,2.0,2.0,7,0,0,0,0,0,0,0,,16.0,576.0,Flat,Leasehold,Bumi Lot,Medium,Johor,Johor Bahru
255000,856.0,3.0,2.0,1.0,8,0,0,0,0,0,0,0,2015.0,13.0,682.0,Apartment,Leasehold,Non Bumi Lot,Medium,Selangor,Subang Bestari
240000,650.0,3.0,2.0,1.0,5,1,1,0,1,1,1,0,,,,Apartment,Leasehold,Non Bumi Lot,Medium,Kuala Lumpur,Kuala Lumpur
99999,650.0,3.0,2.0,1.0,3,0,0,0,0,0,0,0,,,,Apartment,Leasehold,Non Bumi Lot,Medium,Selangor,Damansara Damai
255000,907.0,3.0,2.0,1.0,7,0,0,0,0,0,0,0,,12.0,,Condominium,Leasehold,Non Bumi Lot,Medium,Selangor,Shah Alam
850000,1670.0,3.0,2.0,3.0,11,0,1,0,1,0,1,1,2015.0,14.0,539.0,Condominium,Freehold,Non Bumi Lot,Low,Selangor,Shah Alam
530000,800.0,3.0,2.0,1.0,5,0,0,0,0,0,0,0,2018.0,45.0,1168.0,Condominium,Freehold,Non Bumi Lot,High,Penang,Tanjong Tokong
410000,950.0,3.0,2.0,1.0,4,1,1,0,1,1,1,0,2015.0,31.0,4225.0,Service Residence,Freehold,Non Bumi Lot,Unknown,Kuala Lumpur,Kuala Lumpur
420000,960.0,3.0,2.0,1.0,4,1,1,0,1,1,1,0,2015.0,31.0,4225.0,Service Residence,Freehold,Non Bumi Lot,Unknown,Kuala Lumpur,Kuala Lumpur
400000,1019.0,2.0,2.0,1.0,8,0,0,0,0,0,0,0,2015.0,,644.0,Condominium,Leasehold,Non Bumi Lot,Medium,Johor,Iskandar Puteri
490000,861.0,3.0,2.0,1.0,9,1,1,0,1,1,1,0,,26.0,,Condominium,Freehold,Non Bumi Lot,Medium,Kuala Lumpur,Kuala Lumpur
450000,850.0,3.0,2.0,1.0,0,0,0,0,0,0,0,0,,,,Condominium,Leasehold,Non Bumi Lot,Unknown,Kuala Lumpur,Kuala Lumpur
350000,956.0,4.0,2.0,2.0,10,0,0,0,0,0,0,0,,,,Service Residence,Freehold,Bumi Lot,Medium,Selangor,Bangi
100000,579.0,1.0,1.0,1.0,0,0,0,0,0,0,0,0,,,,Condominium,Freehold,Non Bumi Lot,Low,Kedah,Langkawi
730000,850.0,2.0,2.0,2.0,9,1,1,0,1,0,0,0,2020.0,24.0,508.0,Service Residence,Freehold,Bumi Lot,Medium,Kuala Lumpur,Kuala Lumpur
110000,950.0,3.0,2.0,1.0,3,0,0,0,0,0,0,0,,,,Flat,Freehold,Non Bumi Lot,High,Melaka,Melaka Tengah
90000,1141.0,3.0,2.0,2.0,2,0,0,0,0,0,0,0,,,,Apartment,Leasehold,Non Bumi Lot,Low,Perak,Semanggol
368000,818.0,3.0,2.0,2.0,8,0,0,0,0,0,0,0,,20.0,300.0,Apartment,Freehold,Bumi Lot,Low,Johor,Johor Bahru
350000,1300.0,3.0,2.0,2.0,9,0,0,0,0,0,0,0,2015.0,21.0,455.0,Condominium,Freehold,Non Bumi Lot,High,Selangor,Kajang
728888,1520.0,3.0,2.0,1.0,13,0,0,0,0,0,0,0,,,,Condominium,Leasehold,Non Bumi Lot,High,Sarawak,Miri
470000,904.0,3.0,2.0,2.0,14,0,0,0,0,0,0,0,,,,Service Residence,Freehold,Non Bumi Lot,Medium,Putrajaya,Putrajaya
215000,893.0,4.0,2.0,1.0,7,0,0,0,0,0,0,0,2017.0,20.0,,Apartment,Freehold,Bumi Lot,Unknown,Johor,Johor Bahru
150000,520.0,2.0,2.0,1.0,2,0,0,0,0,0,0,0,,,,Flat,Leasehold,Non Bumi Lot,Low,Penang,Ayer Itam
170000,710.0,3.0,2.0,1.0,2,0,0,0,0,0,0,0,,,,Condominium,Freehold,Non Bumi Lot,Medium,Negeri Sembilan,Nilai
230000,1000.0,3.0,2.0,1.0,6,0,0,0,0,0,0,1,2007.0,13.0,445.0,Apartment,Freehold,Non Bumi Lot,Low,Selangor,Kajang
618000,1036.0,3.0,2.0,1.0,6,1,1,0,0,1,1,1,2013.0,24.0,406.0,Service Residence,Leasehold,Non Bumi Lot,Medium,Selangor,Bandar Sunway
365000,1230.0,3.0,2.0,1.0,8,1,0,0,0,0,0,0,,15.0,,Condominium,Leasehold,Bumi Lot,High,Selangor,Ampang
290000,800.0,3.0,2.0,1.0,7,0,0,0,0,0,0,0,1994.0,6.0,672.0,Apartment,Leasehold,Non Bumi Lot,Unknown,Penang,Ayer Itam
330000,800.0,3.0,2.0,1.0,7,0,0,0,0,0,0,0,1994.0,6.0,672.0,Apartment,Leasehold,Non Bumi Lot,Unknown,Penang,Ayer Itam
300000,800.0,3.0,2.0,2.0,5,0,0,0,0,0,0,0,1994.0,6.0,672.0,Apartment,Leasehold,Non Bumi Lot,Unknown,Penang,Ayer Itam
295000,800.0,3.0,2.0,2.0,5,0,0,0,0,0,0,0,1994.0,6.0,672.0,Apartment,Leasehold,Non Bumi Lot,Unknown,Penang,Ayer Itam
438000,960.0,3.0,2.0,1.0,4,1,1,0,1,1,1,0,2015.0,31.0,4225.0,Service Residence,Freehold,Non Bumi Lot,Unknown,Kuala Lumpur,Kuala Lumpur
420000,1021.0,3.0,2.0,5.0,11,0,0,0,0,0,0,0,2013.0,20.0,899.0,Condominium,Leasehold,Non Bumi Lot,Low,Selangor,Petaling Jaya
268000,906.0,3.0,2.0,1.0,9,0,0,0,0,0,0,0,2006.0,21.0,565.0,Apartment,Leasehold,Non Bumi Lot,High,Johor,Johor Bahru
300000,1131.0,3.0,2.0,1.0,8,0,0,0,0,0,0,0,,,266.0,Apartment,Leasehold,Non Bumi Lot,High,Johor,Johor Bahru
124999,650.0,3.0,2.0,1.0,0,1,0,0,0,0,1,0,2015.0,3.0,,Apartment,Freehold,Non Bumi Lot,Unknown,Selangor,Klang
475000,947.0,3.0,2.0,2.0,14,0,0,0,0,0,0,0,,,,Service Residence,Freehold,Non Bumi Lot,Medium,Putrajaya,Putrajaya
445000,969.0,3.0,2.0,2.0,11,0,0,0,1,0,0,0,2019.0,,1196.0,Apartment,Freehold,Non Bumi Lot,Medium,Selangor,Cheras
199000,850.0,3.0,2.0,1.0,0,0,0,0,0,0,0,0,,,,Apartment,Freehold,Non Bumi Lot,Unknown,Selangor,Kajang
350000,907.0,3.0,2.0,1.0,8,1,0,0,0,1,1,0,2009.0,,256.0,Condominium,Freehold,Non Bumi Lot,Unknown,Selangor,Puchong
280000,700.0,3.0,2.0,1.0,6,0,0,0,0,0,0,0,,25.0,,Apartment,Leasehold,Non Bumi Lot,Unknown,Penang,Ayer Itam
270000,800.0,3.0,2.0,1.0,5,0,0,0,0,0,0,0,2005.0,22.0,,Apartment,Leasehold,Non Bumi Lot,Unknown,Penang,Ayer Itam
250000,800.0,3.0,2.0,1.0,4,0,0,0,0,0,0,0,2005.0,22.0,,Apartment,Leasehold,Non Bumi Lot,Unknown,Penang,Ayer Itam
300000,800.0,3.0,2.0,1.0,4,0,0,0,0,0,0,0,2005.0,22.0,,Apartment,Leasehold,Non Bumi Lot,Unknown,Penang,Ayer Itam
290000,1100.0,3.0,2.0,2.0,8,1,1,1,1,1,1,0,2016.0,38.0,787.0,Condominium,Leasehold,Non Bumi Lot,Unknown,Selangor,Petaling Jaya
290000,1200.0,4.0,2.0,2.0,12,0,0,0,0,0,0,0,,,,Condominium,Freehold,Non Bumi Lot,Unknown,Selangor,Cheras
295000,750.0,2.0,2.0,1.0,0,0,0,0,0,0,0,0,,,,Condominium,Freehold,Non Bumi Lot,Unknown,Penang,Bayan Lepas
310000,1200.0,3.0,2.0,1.0,0,1,0,0,0,0,1,0,,5.0,,Apartment,Freehold,Non Bumi Lot,Low,Selangor,Klang
456000,926.0,3.0,2.0,2.0,9,0,0,0,0,0,0,0,,,,Service Residence,Freehold,Non Bumi Lot,Low,Selangor,Klang
168000,650.0,3.0,2.0,1.0,3,1,0,0,0,1,1,0,,5.0,,Apartment,Freehold,Non Bumi Lot,Medium,Selangor,Puchong
450000,1068.0,3.0,2.0,2.0,9,0,0,0,0,0,0,0,2016.0,30.0,311.0,Condominium,Freehold,Non Bumi Lot,High,Johor,Johor Bahru
350000,700.0,3.0,2.0,1.0,8,0,0,0,0,0,0,0,1995.0,17.0,224.0,Apartment,Freehold,Non Bumi Lot,Unknown,Penang,Paya Terubong
350000,775.0,2.0,2.0,2.0,6,0,0,0,0,0,0,0,,17.0,312.0,Service Residence,Freehold,Non Bumi Lot,Unknown,Penang,Simpang Ampat
299000,700.0,3.0,2.0,1.0,4,0,0,0,0,0,0,0,1997.0,20.0,205.0,Condominium,Freehold,Non Bumi Lot,Unknown,Penang,George Town
300000,1000.0,3.0,2.0,1.0,1,0,0,0,0,0,0,0,,,,Apartment,Leasehold,Non Bumi Lot,Medium,Sabah,Penampang
165000,1033.0,3.0,2.0,1.0,2,0,0,0,0,0,0,0,,,,Apartment,Freehold,Non Bumi Lot,Medium,Melaka,Melaka City
228000,860.0,3.0,2.0,1.0,6,0,0,0,0,0,0,0,,,,Apartment,Leasehold,Non Bumi Lot,Unknown,Penang,George Town
370000,1300.0,3.0,2.0,1.0,5,0,0,0,0,0,0,0,2017.0,15.0,368.0,Condominium,Freehold,Bumi Lot,Medium,Kuala Lumpur,Kuala Lumpur
105000,650.0,3.0,2.0,1.0,0,0,0,0,0,0,0,0,,,,Apartment,Leasehold,Non Bumi Lot,High,Unknown,Unknown
128000,700.0,3.0,2.0,1.0,4,1,0,0,1,1,1,0,,5.0,,Apartment,Leasehold,Non Bumi Lot,High,Selangor,Seri Kembangan
290000,657.0,4.0,2.0,1.0,4,0,0,0,0,0,0,0,,,,Apartment,Freehold,Non Bumi Lot,Medium,Penang,Jelutong
438000,700.0,3.0,2.0,1.0,9,0,0,0,0,0,0,0,2003.0,20.0,480.0,Condominium,Freehold,Non Bumi Lot,High,Penang,Jelutong
440000,894.0,2.0,2.0,1.0,6,1,0,0,0,1,1,0,2013.0,,654.0,Condominium,Freehold,Non Bumi Lot,Medium,Kuala Lumpur,Kuala Lumpur
250000,484.0,1.0,1.0,1.0,9,0,0,0,0,0,0,0,2013.0,,1160.0,Service Residence,Freehold,Non Bumi Lot,Medium,Johor,Johor Bahru
460000,1232.0,3.0,2.0,1.0,10,0,0,0,0,0,0,0,,22.0,768.0,Condominium,Leasehold,Non Bumi Lot,Medium,Kuala Lumpur,Kuala Lumpur
450000,1400.0,3.0,2.0,1.0,4,0,0,0,0,0,0,0,,19.0,,Service Residence,Leasehold,Non Bumi Lot,Medium,Johor,Johor Bahru
365000,1150.0,3.0,2.0,1.0,8,1,1,1,1,0,0,0,2005.0,,,Condominium,Freehold,Non Bumi Lot,High,Kuala Lumpur,Kuala Lumpur
265000,800.0,3.0,2.0,1.0,8,0,0,0,0,0,0,0,,,,Apartment,Leasehold,Non Bumi Lot,Low,Selangor,Shah Alam
280000,654.0,3.0,1.0,1.0,4,0,0,0,0,0,0,0,,7.0,36.0,Apartment,Freehold,Non Bumi Lot,High,Penang,George Town
360000,795.0,3.0,2.0,1.0,1,0,0,0,0,0,0,0,,7.0,150.0,Flat,Freehold,Non Bumi Lot,Unknown,Penang,Jelutong
275000,1410.0,3.0,2.0,2.0,0,1,1,1,1,1,1,0,,,,Apartment,Leasehold,Non Bumi Lot,Low,Selangor,Shah Alam
268000,1206.0,3.0,2.0,1.0,5,1,1,1,1,1,1,1,2003.0,20.0,290.0,Condominium,Freehold,Non Bumi Lot,Medium,Kuala Lumpur,Kuala Lumpur
421000,900.0,3.0,2.0,1.0,0,0,0,0,0,0,0,0,,,,Apartment,Freehold,Non Bumi Lot,Unknown,Penang,Bayan Lepas
238000,606.0,3.0,2.0,1.0,4,1,0,0,1,1,1,0,2008.0,17.0,144.0,Apartment,Leasehold,Non Bumi Lot,Unknown,Kuala Lumpur,Kuala Lumpur
155000,608.0,3.0,1.0,1.0,0,0,0,1,1,0,1,0,,5.0,,Apartment,Leasehold,Non Bumi Lot,Unknown,Selangor,Ampang
195000,760.0,3.0,2.0,1.0,0,1,1,0,1,0,1,0,,,,Apartment,Leasehold,Non Bumi Lot,Unknown,Kuala Lumpur,Kuala Lumpur
350000,1100.0,3.0,2.0,1.0,3,0,0,0,0,0,0,0,,,,Condominium,Freehold,Non Bumi Lot,Medium,Melaka,Melaka City
300000,1216.0,4.0,3.0,2.0,12,0,0,0,0,0,0,0,,,,Apartment,Freehold,Non Bumi Lot,Medium,Johor,Johor Bahru
480000,1092.0,3.0,2.0,2.0,10,1,0,0,0,1,1,0,2014.0,17.0,435.0,Condominium,Freehold,Non Bumi Lot,Low,Kuala Lumpur,Kuala Lumpur
750000,3200.0,4.0,3.0,3.0,6,1,0,0,1,0,1,0,2006.0,17.0,702.0,Condominium,Leasehold,Non Bumi Lot,High,Selangor,Ampang
315000,914.0,3.0,2.0,1.0,9,1,1,1,1,1,1,0,2006.0,15.0,464.0,Apartment,Freehold,Non Bumi Lot,Low,Selangor,Shah Alam
270000,1055.0,3.0,2.0,1.0,9,0,1,1,0,0,0,0,2010.0,22.0,1074.0,Condominium,Leasehold,Non Bumi Lot,High,Selangor,Selayang
295000,850.0,3.0,2.0,1.0,5,1,0,1,0,0,1,0,,,,Apartment,Freehold,Non Bumi Lot,High,Selangor,Shah Alam
365000,900.0,3.0,2.0,1.0,0,0,0,0,0,0,0,0,,,,Apartment,Freehold,Bumi Lot,High,Penang,Bayan Lepas
499000,1021.0,3.0,2.0,1.0,14,1,1,1,0,1,1,0,,,,Service Residence,Leasehold,Non Bumi Lot,High,Kuala Lumpur,Kuala Lumpur
505000,1198.0,3.0,2.0,1.0,0,0,0,0,1,1,0,0,2016.0,,537.0,Condominium,Leasehold,Bumi Lot,Medium,Selangor,Damansara Damai
990000,2253.0,5.0,3.0,4.0,8,1,0,0,1,0,1,0,2015.0,18.0,252.0,Condominium,Leasehold,Non Bumi Lot,Medium,Kuala Lumpur,Kuala Lumpur
529000,1162.0,4.0,2.0,2.0,9,0,1,1,1,0,1,0,2016.0,25.0,576.0,Service Residence,Leasehold,Non Bumi Lot,Medium,Kuala Lumpur,Kuala Lumpur
168000,800.0,3.0,2.0,1.0,1,1,1,1,1,0,1,0,,,,Apartment,Leasehold,Non Bumi Lot,Medium,Kuala Lumpur,Kuala Lumpur
270000,936.0,3.0,2.0,1.0,9,0,0,0,0,0,0,0,,23.0,,Condominium,Freehold,Bumi Lot,Unknown,Melaka,Cheras
170000,494.0,2.0,1.0,1.0,0,0,0,0,0,0,0,0,,,,Apartment,Freehold,Non Bumi Lot,Low,Johor,Skudai
350000,750.0,3.0,2.0,1.0,10,0,0,0,0,0,0,0,1997.0,32.0,988.0,Condominium,Freehold,Non Bumi Lot,High,Penang,Gelugor
498000,900.0,3.0,2.0,2.0,9,0,0,0,0,0,0,0,2024.0,33.0,149.0,Condominium,Freehold,Malay Reserved,Unknown,Kuala Lumpur,Kuala Lumpur
160000,789.0,3.0,2.0,1.0,0,0,0,0,0,0,0,0,,,,Apartment,Freehold,Non Bumi Lot,Low,Selangor,Bukit Beruntung
180000,753.0,3.0,2.0,1.0,2,0,0,0,0,1,0,0,,5.0,112.0,Apartment,Leasehold,Non Bumi Lot,Medium,Selangor,Damansara Damai
312800,828.0,3.0,2.0,1.0,6,1,1,0,1,0,1,0,2000.0,11.0,1240.0,Condominium,Freehold,Non Bumi Lot,Medium,Kuala Lumpur,Kuala Lumpur
230000,680.0,3.0,1.0,1.0,1,0,0,0,0,0,0,0,,,,Apartment,Freehold,Non Bumi Lot,High,Penang,Bukit Jambul
355000,549.0,1.0,1.0,1.0,12,0,0,0,0,0,0,0,2016.0,25.0,528.0,Apartment,Leasehold,Non Bumi Lot,High,Johor,Johor Bahru
1250000,1333.0,3.0,2.0,2.0,10,1,1,1,0,1,1,1,2019.0,35.0,245.0,Condominium,Freehold,Non Bumi Lot,High,Kuala Lumpur,Kuala Lumpur
388000,1288.0,3.0,2.0,1.0,7,0,0,0,0,0,0,0,2015.0,21.0,455.0,Condominium,Freehold,Non Bumi Lot,Medium,Selangor,Kajang
900000,1008.0,1.0,1.0,1.0,0,0,0,0,0,0,0,0,,,,Service Residence,Freehold,Non Bumi Lot,Unknown,Penang,George Town
125000,520.0,2.0,1.0,1.0,0,0,0,0,0,0,0,0,,13.0,1020.0,Apartment,Leasehold,Non Bumi Lot,High,Penang,Ayer Itam
220000,755.0,3.0,2.0,1.0,0,0,0,0,0,0,0,0,,5.0,,Apartment,Freehold,Non Bumi Lot,Unknown,Selangor,Shah Alam
298000,1100.0,4.0,3.0,2.0,14,0,0,0,0,0,0,0,,,,Condominium,Freehold,Non Bumi Lot,Medium,Selangor,PUTRAJAYA CYBERJAYA KOTA WARISAN SEPANG SELANGOR
300000,973.0,3.0,2.0,1.0,7,0,0,0,0,0,0,0,2015.0,,352.0,Condominium,Leasehold,Non Bumi Lot,Low,Johor,Johor Bahru
388000,1109.0,3.0,2.0,1.0,0,0,0,0,0,0,0,0,,,,Condominium,Freehold,Non Bumi Lot,Medium,Johor,Johor Bahru
105000,650.0,3.0,2.0,1.0,1,0,0,0,0,0,0,0,,,,Flat,Freehold,Non Bumi Lot,Unknown,Selangor,Seri Kembangan
1059888,1557.0,4.0,3.0,2.0,14,0,0,0,0,0,0,0,,,,Condominium,Leasehold,Non Bumi Lot,High,Sabah,Kota Kinabalu
165000,850.0,3.0,2.0,1.0,4,0,0,0,0,0,0,0,,5.0,,Apartment,Leasehold,Non Bumi Lot,Unknown,Selangor,Balakong
168000,950.0,3.0,2.0,1.0,4,0,0,0,0,0,0,0,,5.0,,Apartment,Freehold,Non Bumi Lot,Unknown,Selangor,Kajang
560000,909.0,3.0,2.0,2.0,6,1,1,0,1,1,1,0,2017.0,29.0,412.0,Condominium,Freehold,Non Bumi Lot,Unknown,Kuala Lumpur,Kuala Lumpur
1200000,1830.0,3.0,3.0,2.0,8,0,0,0,0,0,0,0,,,,Condominium,Leasehold,Non Bumi Lot,High,Sabah,Kota Kinabalu
168000,830.0,3.0,2.0,1.0,3,1,1,1,1,0,1,0,,,,Apartment,Leasehold,Non Bumi Lot,Medium,Kuala Lumpur,Kuala Lumpur
390000,2670.0,3.0,2.0,2.0,1,0,0,0,0,0,0,0,,,,Others,Leasehold,Non Bumi Lot,Medium,Sabah,Tawau
200000,750.0,3.0,2.0,1.0,0,0,0,0,0,0,0,0,,5.0,,Apartment,Freehold,Non Bumi Lot,High,Selangor,Shah Alam
278000,918.0,3.0,2.0,2.0,6,0,0,0,0,0,0,0,,17.0,595.0,Apartment,Leasehold,Non Bumi Lot,Medium,Kuala Lumpur,Kuala Lumpur
1150000,1309.0,3.0,2.0,1.0,8,0,0,0,0,0,0,0,,26.0,286.0,Condominium,Leasehold,Non Bumi Lot,High,Sabah,Kota Kinabalu
355000,1288.0,3.0,2.0,2.0,9,0,0,0,0,0,0,0,2015.0,21.0,455.0,Condominium,Freehold,Non Bumi Lot,Unknown,Selangor,Kajang
280000,850.0,3.0,2.0,2.0,5,0,0,0,0,0,0,0,,,,Apartment,Leasehold,Non Bumi Lot,Medium,Sabah,Kota Kinabalu
170000,770.0,3.0,2.0,1.0,6,0,0,0,0,0,0,0,,8.0,76.0,Apartment,Freehold,Non Bumi Lot,Low,Johor,Masai
550000,1001.0,4.0,2.0,2.0,8,0,0,0,0,0,0,0,2021.0,47.0,1413.0,Apartment,Freehold,Non Bumi Lot,Low,Kuala Lumpur,Kuala Lumpur
735000,1668.0,3.0,2.0,2.0,13,1,0,0,1,1,0,0,,14.0,224.0,Condominium,Freehold,Non Bumi Lot,High,Selangor,Petaling Jaya
570000,936.0,3.0,2.0,2.0,11,0,0,0,0,0,0,0,,,,Condominium,Freehold,Non Bumi Lot,High,Selangor,Shah Alam
539000,1023.0,3.0,2.0,2.0,14,1,1,0,1,0,1,0,2020.0,40.0,1052.0,Condominium,Leasehold,Non Bumi Lot,Medium,Kuala Lumpur,Kuala Lumpur
298000,950.0,3.0,2.0,1.0,8,1,0,0,1,0,0,0,2011.0,29.0,1709.0,Condominium,Leasehold,Bumi Lot,High,Selangor,Batu Caves
530000,848.0,3.0,2.0,2.0,6,0,0,0,0,0,0,0,2017.0,,,Condominium,Leasehold,Non Bumi Lot,High,Sabah,Penampang
102000,603.0,2.0,2.0,1.0,3,1,0,0,0,1,0,0,,,,Flat,Leasehold,Non Bumi Lot,Medium,Selangor,Batu Caves
110000,550.0,2.0,1.0,1.0,0,0,0,0,0,0,0,0,,,,Flat,Freehold,Non Bumi Lot,High,Penang,Sungai Ara
404800,1149.0,4.0,2.0,2.0,10,1,0,1,1,1,1,0,,,464.0,Condominium,Freehold,Non Bumi Lot,High,Selangor,Shah Alam
338800,850.0,3.0,2.0,1.0,4,1,1,0,1,0,1,1,2000.0,8.0,,Apartment,Freehold,Non Bumi Lot,Medium,Selangor,Subang Jaya
299000,850.0,4.0,2.0,1.0,5,1,0,0,0,0,1,0,2017.0,5.0,400.0,Apartment,Freehold,Non Bumi Lot,Low,Selangor,Klang
400000,1019.0,2.0,2.0,1.0,8,0,0,0,0,0,0,0,2015.0,,644.0,Condominium,Leasehold,Non Bumi Lot,Medium,Johor,Iskandar Puteri
250000,750.0,3.0,2.0,1.0,6,1,0,0,1,1,1,0,2002.0,11.0,792.0,Apartment,Leasehold,Bumi Lot,High,Kuala Lumpur,Kuala Lumpur
340000,1091.0,3.0,2.0,1.0,8,0,0,0,1,0,1,0,2010.0,18.0,569.0,Condominium,Freehold,Non Bumi Lot,High,Kuala Lumpur,Kuala Lumpur
950000,1338.0,3.0,2.0,2.0,5,0,0,0,0,0,0,0,,,,Condominium,Leasehold,Non Bumi Lot,High,Sabah,Kota Kinabalu
438000,870.0,3.0,2.0,1.0,9,0,0,0,0,0,0,0,2016.0,29.0,391.0,Service Residence,Leasehold,Non Bumi Lot,Medium,Sabah,Kota Kinabalu
530000,890.0,2.0,2.0,1.0,9,1,0,0,0,0,0,0,,,414.0,Apartment,Freehold,Non Bumi Lot,Medium,Selangor,Glenmarie
360000,1431.0,3.0,2.0,1.0,4,0,0,0,0,0,0,0,1987.0,15.0,200.0,Condominium,Freehold,Non Bumi Lot,Medium,Selangor,Ampang
630000,1400.0,3.0,2.0,1.0,11,0,0,0,0,0,0,0,2010.0,16.0,246.0,Condominium,Freehold,Malay Reserved,Medium,Kuala Lumpur,Kuala Lumpur
330000,820.0,3.0,2.0,1.0,2,0,0,0,0,0,0,0,,5.0,,Apartment,Freehold,Non Bumi Lot,Unknown,Penang,Tanjung Bungah
190000,700.0,3.0,2.0,1.0,5,0,0,0,0,0,0,0,,,,Apartment,Leasehold,Non Bumi Lot,Unknown,Selangor,Damansara Damai
249000,710.0,3.0,2.0,1.0,4,0,0,0,0,0,0,0,,5.0,40.0,Apartment,Leasehold,Non Bumi Lot,Unknown,Selangor,Petaling Jaya
299000,710.0,3.0,2.0,1.0,5,0,0,0,0,0,0,0,,5.0,40.0,Apartment,Leasehold,Non Bumi Lot,Unknown,Selangor,Petaling Jaya
305000,862.0,2.0,2.0,1.0,0,0,0,0,0,0,0,0,,,,Service Residence,Freehold,Non Bumi Lot,Unknown,Johor,Masai
488000,770.0,2.0,2.0,1.0,9,0,0,0,0,0,0,0,2014.0,21.0,780.0,Service Residence,Freehold,Non Bumi Lot,Medium,Johor,Johor Bahru
364000,1036.0,3.0,2.0,2.0,0,0,0,0,0,0,0,0,,,,Service Residence,Freehold,Non Bumi Lot,Unknown,Johor,Masai
505000,953.0,2.0,2.0,1.0,6,0,0,0,0,0,0,0,2019.0,36.0,1148.0,Apartment,Freehold,Non Bumi Lot,Unknown,Johor,Johor Bahru
275000,850.0,3.0,2.0,1.0,7,0,0,0,0,0,0,0,,12.0,1012.0,Apartment,Leasehold,Non Bumi Lot,Low,Sabah,Penampang
1150000,993.0,3.0,2.0,2.0,9,0,0,0,0,0,0,0,2018.0,33.0,299.0,Condominium,Freehold,Non Bumi Lot,Medium,Penang,George Town
219999,850.0,3.0,2.0,1.0,3,0,0,0,0,0,0,0,,4.0,,Apartment,Freehold,Non Bumi Lot,Medium,Selangor,Cheras
470000,878.0,3.0,2.0,1.0,0,0,0,0,0,0,0,0,2022.0,55.0,1598.0,Service Residence,Freehold,Non Bumi Lot,Unknown,Kuala Lumpur,Kuala Lumpur
960000,1710.0,4.0,3.0,1.0,0,1,0,0,0,0,1,0,2022.0,,1342.0,Condominium,Leasehold,Non Bumi Lot,Unknown,Kuala Lumpur,Kuala Lumpur
215000,700.0,3.0,2.0,1.0,4,0,0,0,0,0,0,0,,,,Apartment,Leasehold,Non Bumi Lot,Low,Unknown,Unknown
239000,700.0,3.0,2.0,1.0,4,0,0,0,0,0,0,0,,,,Apartment,Leasehold,Non Bumi Lot,Unknown,Unknown,Unknown
235000,700.0,3.0,2.0,1.0,4,0,0,0,0,0,0,0,,,,Apartment,Leasehold,Non Bumi Lot,Unknown,Unknown,Unknown
239000,700.0,3.0,2.0,1.0,4,0,0,0,0,0,0,0,,,,Apartment,Leasehold,Non Bumi Lot,Unknown,Unknown,Unknown
190000,700.0,3.0,2.0,1.0,4,0,0,0,0,0,0,0,,,,Apartment,Leasehold,Non Bumi Lot,Unknown,Selangor,Damansara Damai
180000,700.0,3.0,2.0,1.0,4,0,0,0,0,0,0,0,,,,Apartment,Leasehold,Non Bumi Lot,Unknown,Selangor,Damansara Damai
130000,650.0,3.0,2.0,1.0,1,0,0,0,0,0,0,0,,,,Apartment,Leasehold,Non Bumi Lot,Unknown,Unknown,Unknown
210000,700.0,3.0,2.0,1.0,4,0,0,0,0,0,0,0,,,,Apartment,Leasehold,Non Bumi Lot,Unknown,Unknown,Unknown
234000,850.0,3.0,2.0,1.0,4,0,0,0,0,0,0,0,,,,Apartment,Leasehold,Non Bumi Lot,Unknown,Selangor,Damansara Damai
287000,850.0,3.0,1.0,1.0,0,0,0,0,0,0,0,0,,,,Apartment,Leasehold,Non Bumi Lot,Unknown,Unknown,Unknown
184000,710.0,3.0,2.0,1.0,0,0,0,0,0,0,0,0,,,,Apartment,Leasehold,Non Bumi Lot,Unknown,Unknown,Unknown
330000,1058.0,3.0,2.0,1.0,8,0,0,0,0,0,0,0,,16.0,260.0,Apartment,Freehold,Non Bumi Lot,High,Selangor,Puchong
260000,811.0,3.0,2.0,2.0,0,0,0,0,0,0,0,0,,,,Apartment,Freehold,Non Bumi Lot,Medium,Selangor,Setia Alam
140000,687.0,3.0,2.0,1.0,2,1,0,0,0,0,0,0,,,,Apartment,Leasehold,Bumi Lot,Unknown,Selangor,Puchong
430000,1175.0,3.0,2.0,1.0,7,0,0,0,0,0,0,0,1995.0,32.0,,Condominium,Freehold,Bumi Lot,Unknown,Kuala Lumpur,Kuala Lumpur
490000,1396.0,4.0,3.0,2.0,14,0,0,0,0,0,0,0,2013.0,20.0,899.0,Condominium,Leasehold,Non Bumi Lot,Medium,Selangor,Petaling Jaya
180000,391.0,1.0,1.0,1.0,6,0,0,0,0,0,0,0,,,,Condominium,Leasehold,Non Bumi Lot,Low,Sabah,Kota Kinabalu
660000,841.0,3.0,2.0,2.0,9,0,0,0,0,0,0,0,2021.0,23.0,237.0,Condominium,Freehold,Non Bumi Lot,High,Penang,Bayan Lepas
415000,1162.0,3.0,3.0,1.0,6,0,1,1,1,1,1,0,2016.0,22.0,616.0,Service Residence,Freehold,Non Bumi Lot,Medium,Selangor,Shah Alam
308000,661.0,1.0,1.0,1.0,8,0,0,0,0,0,0,0,2015.0,13.0,420.0,Service Residence,Freehold,Non Bumi Lot,High,Johor,Johor Bahru
398000,1000.0,3.0,2.0,1.0,4,0,0,0,0,0,0,0,,,,Condominium,Leasehold,Non Bumi Lot,Medium,Sabah,Kota Kinabalu
950000,1058.0,2.0,2.0,1.0,11,0,0,0,0,0,0,0,2014.0,9.0,631.0,Service Residence,Leasehold,Non Bumi Lot,Medium,Sabah,Kota Kinabalu
700000,1213.0,2.0,2.0,2.0,9,1,1,0,1,1,1,0,2016.0,24.0,403.0,Condominium,Leasehold,Non Bumi Lot,Medium,Kuala Lumpur,Kuala Lumpur
235000,773.0,3.0,2.0,1.0,3,1,0,0,0,0,1,1,,,400.0,Apartment,Freehold,Non Bumi Lot,Unknown,Selangor,Puchong
400000,1200.0,3.0,2.0,2.0,12,0,0,0,0,1,1,1,,,,Condominium,Leasehold,Non Bumi Lot,Medium,Selangor,Seri Kembangan
400000,780.0,2.0,2.0,2.0,11,0,0,0,0,0,0,0,2019.0,,961.0,Condominium,Leasehold,Non Bumi Lot,Medium,Johor,Iskandar Puteri
790000,1711.0,4.0,3.0,1.0,13,1,1,0,0,1,1,0,2012.0,10.0,210.0,Condominium,Freehold,Bumi Lot,High,Selangor,Cyberjaya
455000,1100.0,3.0,2.0,1.0,11,1,0,0,0,1,1,0,2013.0,28.0,222.0,Condominium,Freehold,Non Bumi Lot,Medium,Kuala Lumpur,Kuala Lumpur
398000,1100.0,3.0,2.0,1.0,9,1,0,0,0,1,0,0,,6.0,180.0,Condominium,Leasehold,Bumi Lot,Medium,Kuala Lumpur,Kuala Lumpur
390000,1331.0,4.0,2.0,1.0,7,0,0,0,0,0,0,0,2013.0,17.0,475.0,Condominium,Freehold,Non Bumi Lot,Medium,Kuala Lumpur,Kuala Lumpur
385000,1400.0,3.0,2.0,2.0,10,1,0,0,1,1,0,1,,18.0,288.0,Condominium,Leasehold,Non Bumi Lot,Medium,Kuala Lumpur,Kuala Lumpur
450000,1200.0,3.0,2.0,2.0,14,0,0,0,0,0,0,0,,,,Condominium,Freehold,Non Bumi Lot,Medium,Putrajaya,Putrajaya
600000,850.0,3.0,2.0,2.0,3,1,0,0,1,1,1,0,2023.0,31.0,836.0,Service Residence,Freehold,Non Bumi Lot,Unknown,Selangor,Subang Jaya
303000,1024.0,3.0,2.0,1.0,2,0,0,0,0,0,0,0,,4.0,,Apartment,Leasehold,Non Bumi Lot,Low,Johor,Johor Bahru
1300000,1409.0,3.0,3.0,2.0,7,0,0,0,0,0,0,0,2019.0,26.0,220.0,Condominium,Freehold,Non Bumi Lot,Unknown,Penang,Gelugor
1300000,1409.0,3.0,3.0,2.0,7,0,0,0,0,0,0,0,2019.0,26.0,220.0,Condominium,Freehold,Non Bumi Lot,Unknown,Penang,Gelugor
244000,1008.0,3.0,2.0,1.0,5,0,0,0,0,0,0,0,2015.0,12.0,306.0,Condominium,Freehold,Non Bumi Lot,Unknown,Selangor,Kajang
450000,1000.0,3.0,2.0,1.0,7,0,0,0,0,0,0,0,,,109.0,Condominium,Leasehold,Non Bumi Lot,Medium,Sabah,Kota Kinabalu
230000,512.0,2.0,1.0,1.0,6,0,0,0,0,0,0,0,,,,Condominium,Leasehold,Non Bumi Lot,Low,Sabah,Kota Kinabalu
600000,409.0,2.0,1.0,1.0,5,0,0,0,0,0,0,0,,,,Service Residence,Leasehold,Non Bumi Lot,High,Sabah,Kota Kinabalu
350000,970.0,3.0,2.0,1.0,9,1,1,0,1,1,1,0,,16.0,1000.0,Condominium,Leasehold,Non Bumi Lot,Medium,Selangor,Puchong
589000,935.0,3.0,2.0,1.0,11,1,0,0,0,1,0,0,1997.0,22.0,1008.0,Service Residence,Freehold,Non Bumi Lot,Medium,Kuala Lumpur,Kuala Lumpur
310000,850.0,3.0,2.0,1.0,4,0,0,0,0,0,0,0,,,,Apartment,Leasehold,Non Bumi Lot,Medium,Sabah,Kota Kinabalu
499000,1200.0,3.0,3.0,2.0,14,0,0,0,0,0,0,0,,,,Condominium,Freehold,Non Bumi Lot,High,Selangor,Seri Kembangan
289000,850.0,3.0,2.0,1.0,3,1,0,1,0,0,1,0,,5.0,,Condominium,Freehold,Non Bumi Lot,Unknown,Selangor,Klang
299000,467.0,1.0,1.0,1.0,4,1,1,1,0,1,1,0,,43.0,956.0,Studio,Freehold,Non Bumi Lot,Unknown,Selangor,Shah Alam
400000,526.0,1.0,1.0,1.0,0,0,0,0,0,0,0,0,,,,Service Residence,Freehold,Non Bumi Lot,High,Johor,Johor Bahru
420000,987.0,3.0,2.0,1.0,7,0,0,0,0,0,0,0,2017.0,5.0,80.0,Apartment,Leasehold,Non Bumi Lot,High,Sabah,Penampang
450000,1000.0,3.0,2.0,1.0,6,0,0,0,0,0,0,0,,,109.0,Condominium,Leasehold,Non Bumi Lot,Medium,Sabah,Kota Kinabalu
810000,1130.0,3.0,2.0,2.0,10,0,0,0,0,0,0,0,,,,Condominium,Freehold,Non Bumi Lot,High,Penang,Gelugor
170000,689.0,3.0,2.0,1.0,0,1,0,0,0,1,1,1,,,,Apartment,Freehold,Non Bumi Lot,Unknown,Selangor,Subang Jaya
90000,728.0,3.0,2.0,1.0,0,1,0,0,0,1,0,0,,,,Flat,Leasehold,Non Bumi Lot,Unknown,Selangor,Rawang
110000,650.0,3.0,2.0,1.0,1,0,0,0,0,0,0,0,,,,Flat,Freehold,Non Bumi Lot,Unknown,Selangor,Seri Kembangan
80000,728.0,3.0,2.0,1.0,0,1,0,0,0,1,0,0,,,,Flat,Leasehold,Bumi Lot,Unknown,Selangor,Rawang
460000,1100.0,3.0,2.0,2.0,14,1,0,1,0,1,1,0,,,,Condominium,Leasehold,Non Bumi Lot,High,Kuala Lumpur,Kuala Lumpur
140000,900.0,3.0,2.0,1.0,2,0,0,0,0,0,0,0,,5.0,,Apartment,Freehold,Bumi Lot,High,Selangor,Bangi
269000,1538.0,3.0,2.0,1.0,8,0,0,0,0,0,0,0,2000.0,14.0,1339.0,Condominium,Freehold,Non Bumi Lot,Unknown,Selangor,Cheras
360000,886.0,2.0,2.0,1.0,0,0,0,0,0,0,0,0,,,,Apartment,Leasehold,Non Bumi Lot,Low,Sabah,Kota Kinabalu
212000,945.0,3.0,2.0,2.0,2,1,0,0,1,1,1,0,,4.0,,Apartment,Leasehold,Non Bumi Lot,Low,Kuala Lumpur,Kuala Lumpur
599900,1490.0,3.0,2.0,2.0,14,0,0,0,0,0,0,0,,,,Condominium,Leasehold,Non Bumi Lot,Low,Kuala Lumpur,Kuala Lumpur
209000,650.0,3.0,2.0,1.0,0,0,0,0,0,0,0,0,,,,Apartment,Freehold,Non Bumi Lot,Medium,Penang,Sungai Ara
158000,657.0,3.0,1.0,1.0,4,0,0,0,0,0,0,0,,,,Flat,Leasehold,Non Bumi Lot,Medium,Selangor,Selayang
500000,1198.0,3.0,2.0,2.0,6,0,0,0,0,0,0,0,2021.0,,406.0,Condominium,Freehold,Non Bumi Lot,Medium,Penang,Relau
1050000,1750.0,4.0,3.0,3.0,0,0,0,0,0,0,0,0,2013.0,38.0,203.0,Condominium,Freehold,Non Bumi Lot,High,Penang,Tanjong Tokong
340000,960.0,3.0,2.0,1.0,11,0,0,1,0,0,0,0,2000.0,12.0,480.0,Condominium,Freehold,Non Bumi Lot,Medium,Selangor,Kajang
890000,1160.0,3.0,2.0,2.0,7,0,0,0,0,0,0,0,1996.0,18.0,68.0,Apartment,Freehold,Non Bumi Lot,Medium,Penang,George Town
480000,1399.0,3.0,2.0,1.0,4,0,0,0,0,0,0,0,,,,Condominium,Leasehold,Non Bumi Lot,Medium,Sarawak,Kuching
317000,805.0,3.0,2.0,1.0,4,0,0,0,0,0,0,0,2005.0,6.0,,Condominium,Leasehold,Bumi Lot,Low,Selangor,Kota Damansara
490000,1153.0,3.0,2.0,1.0,13,0,0,0,0,0,0,0,,,,Condominium,Leasehold,Non Bumi Lot,Unknown,Sarawak,Kuching
700000,1474.0,4.0,2.0,1.0,8,0,0,0,0,0,0,0,2004.0,23.0,173.0,Condominium,Leasehold,Non Bumi Lot,Unknown,Penang,Bukit Jambul
639000,1523.0,3.0,2.0,1.0,14,0,0,0,0,0,0,0,,,,Condominium,Leasehold,Non Bumi Lot,Medium,Kuala Lumpur,Kuala Lumpur
230000,650.0,3.0,1.0,1.0,5,0,0,0,0,0,0,0,,,,Flat,Leasehold,Bumi Lot,Medium,Kuala Lumpur,Kuala Lumpur
600000,1520.0,3.0,2.0,1.0,0,0,0,0,0,0,0,0,,,,Apartment,Freehold,Non Bumi Lot,Unknown,Sarawak,Kuching
370000,969.0,3.0,2.0,1.0,5,0,0,0,0,0,0,0,2006.0,12.0,260.0,Condominium,Leasehold,Bumi Lot,Medium,Selangor,Shah Alam
113400,665.0,3.0,2.0,1.0,0,0,0,0,0,0,0,0,,,,Apartment,Leasehold,Non Bumi Lot,Medium,Sabah,Papar
530000,774.0,3.0,2.0,1.0,9,0,0,0,1,0,1,0,2016.0,36.0,630.0,Service Residence,Leasehold,Non Bumi Lot,Medium,Kuala Lumpur,Kuala Lumpur
270000,700.0,3.0,2.0,1.0,5,1,0,1,0,0,1,1,,10.0,360.0,Apartment,Freehold,Non Bumi Lot,High,Selangor,Setia Alam
220000,850.0,3.0,2.0,2.0,1,0,0,0,0,0,0,0,,5.0,,Apartment,Leasehold,Bumi Lot,High,Johor,Johor Bahru
155000,680.0,3.0,2.0,1.0,0,0,0,0,0,0,0,0,,5.0,,Apartment,Freehold,Bumi Lot,High,Selangor,Shah Alam
499000,1200.0,3.0,3.0,2.0,14,0,0,0,0,0,0,0,,,,Condominium,Freehold,Non Bumi Lot,High,Selangor,Seri Kembangan
499000,1200.0,3.0,3.0,2.0,14,0,0,0,0,0,0,0,,,,Condominium,Freehold,Non Bumi Lot,High,Selangor,Seri Kembangan
195000,700.0,3.0,2.0,1.0,2,0,0,0,0,1,0,0,,5.0,750.0,Apartment,Freehold,Bumi Lot,Medium,Selangor,Damansara Damai
290000,1300.0,4.0,3.0,2.0,14,0,0,0,0,0,0,0,,,,Condominium,Freehold,Bumi Lot,High,Negeri Sembilan,Nilai
170000,825.0,3.0,2.0,1.0,6,0,1,1,0,1,1,1,2021.0,,359.0,Apartment,Leasehold,Non Bumi Lot,Unknown,Selangor,Petaling Jaya
245000,786.0,3.0,2.0,1.0,3,1,0,1,1,1,1,0,,,,Apartment,Freehold,Non Bumi Lot,Unknown,Selangor,Subang Jaya
185000,803.0,3.0,2.0,1.0,6,0,0,0,0,0,0,0,2021.0,,203.0,Apartment,Leasehold,Non Bumi Lot,Unknown,Selangor,Rawang
133650,750.0,3.0,2.0,1.0,4,0,0,0,0,0,0,0,,,,Apartment,Leasehold,Non Bumi Lot,Medium,Sabah,Tuaran
350000,1197.0,3.0,2.0,1.0,7,0,0,0,0,0,0,0,,,300.0,Apartment,Freehold,Non Bumi Lot,Medium,Johor,Masai
728888,1528.0,3.0,2.0,1.0,8,0,0,0,0,0,0,0,,,,Condominium,Leasehold,Non Bumi Lot,Medium,Sarawak,Miri
240000,1050.0,3.0,2.0,1.0,11,0,0,0,0,0,0,0,2007.0,10.0,102.0,Condominium,Freehold,Non Bumi Lot,Unknown,Selangor,Cyberjaya
220000,1079.0,3.0,2.0,1.0,9,1,1,0,0,1,1,0,2002.0,,1188.0,Condominium,Freehold,Non Bumi Lot,Unknown,Selangor,Cyberjaya
252000,452.0,1.0,1.0,1.0,8,1,1,0,0,1,1,0,2016.0,18.0,504.0,Service Residence,Leasehold,Non Bumi Lot,Medium,Selangor,Seri Kembangan
275000,850.0,3.0,2.0,1.0,4,1,0,0,0,0,0,0,,,,Apartment,Leasehold,Bumi Lot,Low,Selangor,Rawang
350000,932.0,3.0,2.0,1.0,7,1,1,1,1,1,1,0,2006.0,15.0,464.0,Apartment,Freehold,Non Bumi Lot,Medium,Selangor,Shah Alam
359999,1098.0,3.0,2.0,1.0,7,1,0,0,1,0,0,0,,,684.0,Condominium,Leasehold,Non Bumi Lot,Medium,Selangor,Batu Caves
339999,1062.0,3.0,2.0,1.0,8,0,0,0,0,0,0,0,2006.0,21.0,800.0,Apartment,Leasehold,Non Bumi Lot,Medium,Kuala Lumpur,Kuala Lumpur
1150000,1409.0,3.0,3.0,2.0,7,0,0,0,0,0,0,0,2019.0,26.0,220.0,Condominium,Freehold,Non Bumi Lot,Unknown,Penang,Gelugor
330000,915.0,3.0,2.0,1.0,3,0,0,0,0,0,0,0,,5.0,,Apartment,Freehold,Non Bumi Lot,Low,Selangor,Balakong
520000,581.0,2.0,1.0,1.0,8,1,1,0,1,1,1,0,2021.0,36.0,816.0,Service Residence,Leasehold,Non Bumi Lot,High,Selangor,Bandar Sunway
339000,806.0,2.0,2.0,1.0,0,0,0,0,0,0,0,0,,,,Apartment,Leasehold,Non Bumi Lot,Unknown,Sarawak,Kuching
262000,1045.0,3.0,3.0,2.0,8,0,0,0,0,0,0,0,,,,Condominium,Freehold,Non Bumi Lot,High,Selangor,Bangi
190000,770.0,3.0,2.0,1.0,4,0,0,0,0,0,0,0,,,,Flat,Freehold,Non Bumi Lot,High,Johor,Permas Jaya
390000,1139.0,4.0,2.0,1.0,6,0,0,0,0,0,0,0,2008.0,12.0,196.0,Condominium,Freehold,Non Bumi Lot,Unknown,Selangor,Selayang
198000,700.0,3.0,2.0,1.0,3,0,0,0,0,0,0,0,1985.0,17.0,1296.0,Apartment,Leasehold,Non Bumi Lot,Medium,Penang,Bayan Lepas
635000,1550.0,4.0,2.0,2.0,7,1,1,0,1,0,0,0,2010.0,,600.0,Condominium,Freehold,Bumi Lot,High,Kuala Lumpur,Kuala Lumpur
180000,650.0,3.0,2.0,1.0,4,0,0,0,0,0,0,0,,14.0,90.0,Apartment,Freehold,Bumi Lot,High,Kuala Lumpur,Kuala Lumpur
180000,679.0,3.0,1.0,1.0,1,0,0,0,0,0,0,0,,,,Apartment,Freehold,Non Bumi Lot,Medium,Selangor,Cheras
430000,1200.0,3.0,2.0,2.0,14,0,0,0,0,0,0,0,,,,Condominium,Leasehold,Non Bumi Lot,Low,Kuala Lumpur,Kuala Lumpur
310000,950.0,3.0,2.0,1.0,7,1,0,0,1,0,0,0,2011.0,29.0,1709.0,Condominium,Leasehold,Non Bumi Lot,Medium,Selangor,Batu Caves
1250000,2044.0,3.0,4.0,2.0,2,0,0,0,0,0,0,0,2014.0,,135.0,Condominium,Leasehold,Non Bumi Lot,Low,Sabah,Kota Kinabalu
250000,712.0,2.0,1.0,1.0,4,0,0,0,0,0,0,0,,,,Apartment,Leasehold,Non Bumi Lot,Medium,Sabah,Tuaran
368000,700.0,3.0,2.0,1.0,5,0,0,0,0,0,0,0,,,,Apartment,Freehold,Non Bumi Lot,Unknown,Penang,Bayan Lepas
250000,712.0,2.0,1.0,1.0,4,0,0,0,0,0,0,0,,,,Apartment,Leasehold,Non Bumi Lot,Medium,Sabah,Tuaran
360000,902.0,3.0,2.0,1.0,3,0,0,0,0,0,0,0,,4.0,,Apartment,Leasehold,Non Bumi Lot,High,Sabah,Kota Kinabalu
328000,700.0,3.0,2.0,1.0,4,0,0,0,0,0,0,0,,,,Apartment,Freehold,Non Bumi Lot,Unknown,Penang,Bayan Lepas
379999,1206.0,4.0,2.0,2.0,9,1,0,0,1,0,0,0,,,684.0,Condominium,Leasehold,Non Bumi Lot,Medium,Selangor,Batu Caves
270000,863.0,3.0,2.0,1.0,3,1,0,0,0,1,0,0,,,,Apartment,Leasehold,Bumi Lot,Medium,Selangor,Puncak Alam
1150000,1646.0,4.0,3.0,2.0,7,0,0,0,0,0,0,0,2018.0,44.0,378.0,Condominium,Freehold,Non Bumi Lot,High,Penang,Jelutong
225000,820.0,3.0,2.0,1.0,6,0,0,0,0,0,0,0,,5.0,480.0,Apartment,Freehold,Non Bumi Lot,Low,Selangor,Cheras
295000,1164.0,5.0,2.0,1.0,6,0,0,0,0,0,0,0,,5.0,,Apartment,Freehold,Non Bumi Lot,Medium,Johor,Skudai
680000,1033.0,3.0,2.0,2.0,7,0,0,0,0,0,0,0,2014.0,18.0,96.0,Condominium,Freehold,Non Bumi Lot,Medium,Penang,George Town
160000,712.0,3.0,2.0,1.0,6,0,0,0,0,0,0,0,2010.0,,,Service Residence,Leasehold,Non Bumi Lot,Unknown,Selangor,Bandar Kinrara
190000,800.0,3.0,2.0,1.0,3,0,0,0,0,0,0,0,,10.0,,Apartment,Leasehold,Non Bumi Lot,Unknown,Selangor,Seri Kembangan
190000,900.0,3.0,2.0,1.0,0,0,0,0,0,0,0,0,,,,Flat,Freehold,Non Bumi Lot,Low,Johor,Iskandar Puteri
170000,850.0,3.0,2.0,1.0,3,1,0,0,0,0,0,0,,,,Apartment,Freehold,Non Bumi Lot,Unknown,Selangor,Klang
300000,928.0,3.0,2.0,2.0,3,1,1,1,1,1,1,0,,,,Apartment,Leasehold,Non Bumi Lot,Unknown,Selangor,Shah Alam
270000,705.0,3.0,1.0,1.0,2,1,0,0,0,1,1,0,,,,Flat,Leasehold,Bumi Lot,Unknown,Selangor,Shah Alam
480000,1399.0,3.0,2.0,1.0,0,0,0,0,0,0,0,0,,,,Apartment,Leasehold,Non Bumi Lot,Medium,Sarawak,Kuching
1500000,1986.0,4.0,4.0,1.0,6,0,0,0,0,0,0,0,,,82.0,Condominium,Leasehold,Non Bumi Lot,Low,Sabah,Likas
456000,915.0,3.0,2.0,2.0,0,0,0,0,0,0,0,0,,,,Apartment,Freehold,Non Bumi Lot,Medium,Johor,Skudai
399000,932.0,3.0,2.0,1.0,4,1,1,0,1,0,1,0,2003.0,17.0,2240.0,Condominium,Leasehold,Non Bumi Lot,Medium,Selangor,Kota Damansara
550000,1228.0,4.0,2.0,2.0,11,0,0,0,1,1,0,0,2019.0,26.0,618.0,Service Residence,Leasehold,Non Bumi Lot,Unknown,Selangor,Damansara Damai
369999,1062.0,4.0,2.0,1.0,8,1,1,0,1,1,1,0,2005.0,25.0,588.0,Service Residence,Freehold,Non Bumi Lot,Unknown,Selangor,Subang Jaya
420000,995.0,3.0,2.0,1.0,8,1,1,0,1,1,1,0,2009.0,,521.0,Condominium,Freehold,Non Bumi Lot,Unknown,Selangor,Subang Jaya
239999,811.0,3.0,2.0,1.0,5,0,0,1,0,1,0,0,1996.0,4.0,368.0,Apartment,Freehold,Non Bumi Lot,Unknown,Selangor,Bandar Sri Damansara
250000,771.0,3.0,2.0,1.0,0,1,0,0,1,1,1,0,2006.0,18.0,200.0,Apartment,Leasehold,Non Bumi Lot,Unknown,Selangor,Petaling Jaya
290000,895.0,3.0,2.0,1.0,3,0,0,0,0,0,0,0,,5.0,240.0,Apartment,Freehold,Non Bumi Lot,Low,Selangor,Kajang
330000,1200.0,3.0,2.0,2.0,8,1,0,0,0,0,1,0,2008.0,27.0,798.0,Condominium,Freehold,Bumi Lot,Medium,Selangor,Seri Kembangan
300000,1185.0,3.0,2.0,2.0,4,0,0,0,0,0,0,0,,,,Apartment,Freehold,Bumi Lot,Medium,Selangor,Kajang
229999,721.0,3.0,2.0,1.0,4,1,1,0,1,1,0,1,2008.0,15.0,,Apartment,Leasehold,Bumi Lot,Unknown,Kuala Lumpur,Kuala Lumpur
355000,1062.0,3.0,2.0,1.0,0,0,0,0,0,0,0,0,2006.0,21.0,800.0,Apartment,Leasehold,Non Bumi Lot,Medium,Kuala Lumpur,Kuala Lumpur
229999,721.0,3.0,2.0,1.0,6,1,1,0,1,1,0,1,2008.0,15.0,,Apartment,Leasehold,Bumi Lot,Medium,Kuala Lumpur,Kuala Lumpur
329999,1144.0,3.0,2.0,1.0,3,1,0,0,1,0,0,0,2011.0,29.0,1709.0,Condominium,Leasehold,Bumi Lot,Medium,Selangor,Batu Caves
480000,1204.0,3.0,2.0,1.0,5,0,0,0,0,0,0,0,,,,Condominium,Freehold,Non Bumi Lot,Medium,Sabah,Penampang
273000,700.0,3.0,2.0,1.0,6,0,0,0,0,0,0,0,2001.0,18.0,492.0,Apartment,Freehold,Non Bumi Lot,Unknown,Penang,Relau
1100000,3200.0,4.0,4.0,3.0,5,0,0,0,0,0,0,0,1995.0,6.0,36.0,Condominium,Freehold,Non Bumi Lot,Unknown,Penang,George Town
1450000,1249.0,3.0,2.0,3.0,7,0,0,0,0,0,0,0,2020.0,33.0,256.0,Condominium,Freehold,Non Bumi Lot,Unknown,Penang,Gelugor
1500000,1459.0,3.0,3.0,2.0,7,0,0,0,0,0,0,0,2019.0,26.0,220.0,Condominium,Freehold,Non Bumi Lot,Unknown,Penang,Gelugor
365000,1237.0,3.0,2.0,2.0,6,0,0,0,0,0,0,0,,8.0,67.0,Apartment,Freehold,Non Bumi Lot,Medium,Selangor,Cheras
720000,900.0,2.0,2.0,1.0,9,1,1,1,0,1,1,0,2008.0,35.0,302.0,Condominium,Freehold,Non Bumi Lot,Unknown,Kuala Lumpur,Kuala Lumpur
480000,1399.0,3.0,2.0,1.0,7,0,0,0,0,0,0,0,,,,Condominium,Leasehold,Non Bumi Lot,Unknown,Sarawak,Kuching
238000,388.0,1.0,1.0,1.0,4,0,0,0,0,0,0,0,2017.0,36.0,756.0,Condominium,Leasehold,Non Bumi Lot,Medium,Johor,Iskandar Puteri
688000,1036.0,3.0,2.0,2.0,9,0,0,0,0,0,0,0,2021.0,33.0,550.0,Condominium,Freehold,Non Bumi Lot,Unknown,Penang,Jelutong
269000,1055.0,3.0,2.0,1.0,0,0,0,0,0,0,0,0,,,,Apartment,Freehold,Non Bumi Lot,Unknown,Selangor,Kajang
220000,743.0,3.0,2.0,1.0,3,0,0,0,0,0,0,0,,,,Apartment,Freehold,Non Bumi Lot,Low,Selangor,Sepang
79900,513.0,2.0,1.0,1.0,4,0,0,0,0,0,0,0,,,,Flat,Freehold,Non Bumi Lot,High,Johor,Johor Bahru
310000,880.0,2.0,2.0,1.0,3,0,0,0,0,0,0,0,,,,Condominium,Leasehold,Bumi Lot,Medium,Sabah,Kota Kinabalu
141750,550.0,2.0,1.0,1.0,0,0,0,0,0,0,0,0,,,,Apartment,Freehold,Bumi Lot,Medium,Sabah,Kota Kinabalu
680000,1539.0,3.0,2.0,1.0,5,0,0,0,0,0,0,0,,,,Condominium,Leasehold,Non Bumi Lot,High,Sarawak,Kuching
695000,1056.0,2.0,2.0,2.0,0,0,0,0,0,0,0,0,,,,Condominium,Leasehold,Non Bumi Lot,High,Sarawak,Kuching
190000,830.0,3.0,2.0,2.0,6,0,0,0,0,0,0,0,2004.0,21.0,,Condominium,Leasehold,Non Bumi Lot,Unknown,Selangor,Seri Kembangan
388000,1400.0,3.0,2.0,1.0,7,0,0,0,0,0,0,0,,5.0,,Apartment,Freehold,Non Bumi Lot,Low,Johor,Johor Bahru
530000,1000.0,3.0,2.0,2.0,8,0,0,0,0,0,0,0,,,,Condominium,Freehold,Non Bumi Lot,Low,Penang,Bayan Lepas
3200000,6000.0,4.0,4.0,3.0,14,0,0,0,0,0,0,0,,,,Condominium,Freehold,Non Bumi Lot,High,Penang,George Town
690000,1008.0,3.0,2.0,2.0,10,0,0,0,0,0,0,0,,,,Condominium,Freehold,Non Bumi Lot,Medium,Penang,George Town
238000,833.0,4.0,2.0,1.0,8,0,0,0,0,0,0,0,2017.0,20.0,,Apartment,Freehold,Non Bumi Lot,Unknown,Johor,Johor Bahru
245000,915.0,3.0,2.0,1.0,0,0,0,0,0,0,0,0,,,,Apartment,Freehold,Non Bumi Lot,Low,Melaka,Melaka City
645000,1493.0,3.0,2.0,2.0,13,0,0,0,0,0,0,0,,,390.0,Condominium,Freehold,Non Bumi Lot,Unknown,Penang,Batu Ferringhi
90000,650.0,3.0,2.0,1.0,3,0,0,0,0,0,1,0,,5.0,720.0,Flat,Leasehold,Non Bumi Lot,Unknown,Selangor,Seri Kembangan
270000,1055.0,3.0,2.0,1.0,14,0,0,0,0,0,0,0,,,,Apartment,Freehold,Non Bumi Lot,Unknown,Selangor,Kajang
300000,1023.0,3.0,2.0,2.0,14,0,0,0,0,0,0,0,2019.0,,1200.0,Condominium,Freehold,Non Bumi Lot,Unknown,Selangor,Kajang
138000,650.0,3.0,1.0,1.0,0,0,1,1,0,1,1,0,,,,Apartment,Leasehold,Non Bumi Lot,Unknown,Selangor,Seri Kembangan
280000,795.0,3.0,2.0,1.0,5,0,0,0,0,0,0,0,,,,Apartment,Freehold,Bumi Lot,Low,Sabah,Kota Kinabalu
320000,800.0,3.0,2.0,1.0,9,0,0,0,0,0,0,0,2008.0,29.0,,Condominium,Freehold,Non Bumi Lot,Low,Penang,Bayan Lepas
320000,860.0,3.0,2.0,2.0,9,0,0,0,0,0,0,0,2020.0,17.0,299.0,Condominium,Freehold,Non Bumi Lot,Low,Selangor,Semenyih
680000,1010.0,3.0,2.0,2.0,4,0,0,0,0,0,0,0,2011.0,22.0,531.0,Condominium,Leasehold,Non Bumi Lot,Unknown,Penang,George Town
248000,890.0,3.0,2.0,1.0,7,0,0,0,0,0,0,0,,,,Apartment,Leasehold,Non Bumi Lot,Medium,Selangor,Seri Kembangan
418000,1050.0,3.0,2.0,2.0,8,0,0,0,0,0,0,0,,,,Condominium,Leasehold,Non Bumi Lot,Medium,Selangor,Ampang
418000,1050.0,3.0,2.0,2.0,9,1,0,0,1,1,1,0,2015.0,12.0,280.0,Condominium,Leasehold,Non Bumi Lot,Medium,Kuala Lumpur,Kuala Lumpur
258000,860.0,3.0,2.0,1.0,8,0,0,0,0,0,0,0,1998.0,9.0,378.0,Condominium,Leasehold,Non Bumi Lot,Medium,Kuala Lumpur,Kuala Lumpur
500000,1184.0,4.0,2.0,2.0,10,1,0,0,0,1,1,0,2020.0,32.0,2000.0,Condominium,Leasehold,Bumi Lot,Medium,Kuala Lumpur,Kuala Lumpur
528000,1200.0,3.0,3.0,3.0,3,0,0,0,0,0,0,0,,,,Condominium,Freehold,Non Bumi Lot,Low,Kuala Lumpur,Kuala Lumpur
306000,931.0,3.0,2.0,1.0,5,0,1,1,0,1,1,1,2007.0,,516.0,Service Residence,Leasehold,Bumi Lot,Medium,Selangor,Bandar Sunway
2199999,2266.0,5.0,4.0,2.0,13,0,0,0,0,0,0,0,,28.0,,Condominium,Leasehold,Non Bumi Lot,High,Sabah,Kota Kinabalu
405000,438.0,1.0,1.0,1.0,6,0,0,0,0,0,0,0,,,,Service Residence,Freehold,Non Bumi Lot,High,Sabah,Kota Kinabalu
299999,950.0,3.0,2.0,1.0,3,1,0,0,1,0,0,0,2011.0,29.0,1709.0,Condominium,Leasehold,Non Bumi Lot,Medium,Selangor,Batu Caves
299999,926.0,3.0,2.0,1.0,9,1,0,0,1,0,0,0,,,684.0,Condominium,Leasehold,Non Bumi Lot,Unknown,Selangor,Batu Caves
359999,1098.0,3.0,2.0,1.0,7,1,0,0,1,0,0,0,,,684.0,Condominium,Leasehold,Non Bumi Lot,Medium,Selangor,Batu Caves
375000,1206.0,4.0,2.0,2.0,9,1,0,0,1,0,0,0,,,684.0,Condominium,Leasehold,Non Bumi Lot,Medium,Selangor,Batu Caves
320000,689.0,1.0,1.0,1.0,9,0,0,0,0,0,0,0,2017.0,40.0,1360.0,Service Residence,Leasehold,Non Bumi Lot,Unknown,Melaka,Melaka Tengah
330000,730.0,3.0,2.0,1.0,0,1,0,0,0,0,1,0,2017.0,5.0,400.0,Apartment,Freehold,Non Bumi Lot,Low,Selangor,Klang
2800000,3072.0,3.0,5.0,3.0,9,0,0,0,0,0,0,0,2013.0,25.0,1200.0,Condominium,Freehold,Non Bumi Lot,Unknown,Penang,Tanjong Tokong
305000,918.0,3.0,2.0,1.0,11,1,1,0,0,1,1,0,1997.0,15.0,450.0,Condominium,Leasehold,Non Bumi Lot,Medium,Kuala Lumpur,Kuala Lumpur
140000,549.0,2.0,1.0,1.0,0,1,0,1,0,1,1,0,,,,Apartment,Leasehold,Non Bumi Lot,Low,Selangor,Shah Alam
200000,900.0,3.0,2.0,2.0,2,0,0,0,0,0,0,0,,,,Apartment,Freehold,Non Bumi Lot,Low,Johor,Kulai
529000,625.0,2.0,1.0,1.0,3,0,0,0,0,0,0,0,,,240.0,Service Residence,Leasehold,Non Bumi Lot,Unknown,Penang,Jelutong
158000,828.0,2.0,2.0,1.0,1,0,0,0,0,0,0,0,,,,Apartment,Freehold,Non Bumi Lot,Medium,Johor,Kulai
144000,455.0,2.0,1.0,1.0,0,0,0,0,0,0,0,0,,,,Apartment,Freehold,Bumi Lot,Medium,Sabah,Penampang
290000,689.0,1.0,1.0,1.0,9,0,0,0,0,0,0,0,2017.0,40.0,1360.0,Service Residence,Leasehold,Non Bumi Lot,Unknown,Melaka,Melaka Tengah
308000,1033.0,2.0,2.0,1.0,6,0,0,0,0,0,0,0,,,,Condominium,Freehold,Non Bumi Lot,Unknown,Melaka,Klebang
2300000,1400.0,4.0,3.0,2.0,0,0,0,0,0,0,0,0,2022.0,,450.0,Condominium,Freehold,Non Bumi Lot,Unknown,Penang,Bayan Lepas
210000,615.0,3.0,1.0,1.0,4,0,0,0,0,0,0,0,,12.0,,Apartment,Leasehold,Bumi Lot,Medium,Kuala Lumpur,Kuala Lumpur
448000,1088.0,3.0,2.0,1.0,4,0,0,0,0,0,0,0,2020.0,,809.0,Service Residence,Freehold,Non Bumi Lot,Unknown,Melaka,Bukit Baru
165000,680.0,3.0,2.0,1.0,3,0,0,0,0,0,1,0,,10.0,,Apartment,Freehold,Non Bumi Lot,Unknown,Selangor,Puchong
310000,850.0,3.0,2.0,1.0,3,0,0,0,0,0,0,0,1992.0,20.0,632.0,Apartment,Leasehold,Non Bumi Lot,Medium,Penang,Jelutong
485000,1213.0,3.0,2.0,1.0,12,0,0,0,0,0,0,0,2014.0,26.0,440.0,Apartment,Freehold,Non Bumi Lot,Unknown,Johor,Johor Bahru
148000,850.0,3.0,2.0,1.0,1,0,0,0,0,0,0,0,,,,Flat,Leasehold,Non Bumi Lot,Medium,Sarawak,Kuching
145000,750.0,3.0,2.0,1.0,0,0,0,0,0,0,0,0,,,,Flat,Freehold,Non Bumi Lot,Low,Johor,Tebrau
790000,1226.0,3.0,2.0,2.0,8,0,0,0,0,0,0,0,2018.0,38.0,473.0,Condominium,Freehold,Non Bumi Lot,High,Penang,Tanjong Tokong
280000,877.0,3.0,2.0,1.0,14,1,0,0,0,1,1,0,2009.0,13.0,,Condominium,Leasehold,Non Bumi Lot,Unknown,Kuala Lumpur,Kuala Lumpur
295000,850.0,3.0,2.0,1.0,5,0,0,1,0,1,1,0,2010.0,,435.0,Apartment,Freehold,Non Bumi Lot,Unknown,Selangor,Shah Alam
230000,850.0,3.0,2.0,1.0,4,1,0,0,0,0,0,0,,,,Apartment,Leasehold,Non Bumi Lot,Unknown,Selangor,Rawang
120000,560.0,3.0,1.0,1.0,1,0,0,0,0,0,0,0,2005.0,20.0,,Flat,Freehold,Non Bumi Lot,High,Penang,Batu Ferringhi
210000,743.0,3.0,2.0,1.0,4,1,1,0,0,1,0,0,,,306.0,Apartment,Freehold,Bumi Lot,High,Selangor,Shah Alam
180000,657.0,3.0,1.0,1.0,6,1,0,0,1,1,1,0,,,,Apartment,Leasehold,Non Bumi Lot,High,Kuala Lumpur,Kuala Lumpur
360000,936.0,3.0,2.0,1.0,5,0,0,0,0,0,0,0,2002.0,10.0,,Condominium,Freehold,Non Bumi Lot,Unknown,Selangor,Shah Alam
185000,850.0,3.0,2.0,1.0,4,0,0,0,0,0,0,0,,,,Apartment,Leasehold,Bumi Lot,Medium,Selangor,Shah Alam
688888,1227.74,3.0,2.0,2.0,6,0,0,0,0,0,0,0,,,,Condominium,Leasehold,Non Bumi Lot,High,Sabah,Kota Kinabalu
130000,650.0,3.0,1.0,1.0,0,0,0,0,0,0,0,0,,,,Flat,Freehold,Non Bumi Lot,Low,Johor,Pasir Gudang
118000,650.0,3.0,2.0,1.0,0,0,0,0,0,0,0,0,,,,Flat,Freehold,Non Bumi Lot,High,Johor,Masai
363000,510.0,1.0,1.0,1.0,4,0,0,0,0,0,0,0,,,295.0,Service Residence,Freehold,Non Bumi Lot,High,Sabah,Penampang
460000,1065.0,3.0,2.0,2.0,7,0,0,0,0,0,0,0,,,,Condominium,Leasehold,Non Bumi Lot,Unknown,Sabah,Penampang
255000,833.0,3.0,2.0,1.0,8,1,1,1,1,0,1,0,2007.0,24.0,299.0,Apartment,Leasehold,Non Bumi Lot,Medium,Selangor,Ampang
185000,800.0,3.0,2.0,1.0,1,0,0,0,0,0,0,0,,,,Apartment,Freehold,Bumi Lot,High,Selangor,Hulu Langat
178000,765.0,2.0,2.0,1.0,6,0,0,0,0,0,0,0,2020.0,22.0,348.0,Condominium,Freehold,Non Bumi Lot,Unknown,Perak,Ipoh
288000,1018.0,3.0,2.0,1.0,6,1,1,1,1,0,1,0,2007.0,23.0,299.0,Apartment,Leasehold,Non Bumi Lot,Medium,Selangor,Ampang
188000,880.0,3.0,2.0,1.0,4,0,0,0,0,0,0,0,,5.0,90.0,Apartment,Leasehold,Non Bumi Lot,Medium,Selangor,Ampang
280000,1392.0,3.0,2.0,1.0,3,0,0,0,0,0,0,0,,,,Flat,Leasehold,Non Bumi Lot,Unknown,Sarawak,Kuching
400000,1151.0,3.0,2.0,1.0,3,0,0,0,0,0,0,0,,,,Service Residence,Freehold,Non Bumi Lot,Medium,Johor,Johor Bahru
680000,1570.0,4.0,3.0,3.0,9,0,0,0,0,0,0,0,2019.0,40.0,580.0,Condominium,Leasehold,Non Bumi Lot,Unknown,Kuala Lumpur,Kuala Lumpur
578000,2088.0,5.0,3.0,2.0,14,0,0,0,0,0,0,0,,19.0,,Service Residence,Leasehold,Non Bumi Lot,High,Johor,Johor Bahru
438000,904.0,3.0,2.0,2.0,2,0,0,0,0,0,0,0,2021.0,36.0,310.0,Condominium,Freehold,Non Bumi Lot,Unknown,Melaka,Melaka City
175000,570.0,2.0,1.0,1.0,5,0,0,0,0,0,0,0,,,,Flat,Freehold,Non Bumi Lot,Low,Johor,Tebrau
295000,715.0,1.0,1.0,1.0,12,0,0,0,0,0,0,0,,,392.0,Apartment,Freehold,Non Bumi Lot,Medium,Johor,Senai
448000,1206.0,3.0,3.0,1.0,0,0,0,0,0,0,0,0,2015.0,11.0,488.0,Condominium,Freehold,Non Bumi Lot,Low,Johor,Iskandar Puteri
500000,900.0,2.0,2.0,2.0,8,0,0,0,0,0,0,0,2018.0,38.0,473.0,Condominium,Freehold,Non Bumi Lot,Low,Penang,Tanjong Tokong
708000,1200.0,3.0,2.0,2.0,8,0,0,0,0,0,0,0,2018.0,38.0,473.0,Condominium,Freehold,Non Bumi Lot,Low,Penang,Tanjong Tokong
250000,750.0,3.0,2.0,1.0,6,0,0,0,0,0,0,0,,,,Apartment,Freehold,Bumi Lot,Medium,Selangor,Semenyih
558000,996.0,3.0,2.0,2.0,12,0,0,1,0,0,1,0,2018.0,46.0,519.0,Others,Leasehold,Non Bumi Lot,Medium,Selangor,Seri Kembangan
550000,1073.0,3.0,2.0,1.0,5,1,1,0,0,1,1,0,,,,Apartment,Leasehold,Non Bumi Lot,High,Selangor,Shah Alam
120000,860.0,3.0,2.0,1.0,0,0,0,0,0,0,0,0,,,,Flat,Leasehold,Non Bumi Lot,Unknown,Melaka,Cheng
300000,850.0,3.0,2.0,1.0,4,0,0,0,0,0,0,0,,,,Apartment,Leasehold,Non Bumi Lot,Low,Sabah,Kota Kinabalu
880000,1288.0,3.0,2.0,1.0,6,0,0,0,0,0,0,0,,,,Condominium,Leasehold,Non Bumi Lot,Low,Sabah,Kota Kinabalu
174000,882.0,3.0,2.0,1.0,3,0,0,0,0,0,0,0,,,,Apartment,Leasehold,Non Bumi Lot,High,Melaka,Bukit Baru
485000,840.0,2.0,2.0,2.0,12,1,0,0,0,0,1,0,2025.0,35.0,1378.0,Condominium,Freehold,Non Bumi Lot,Medium,Kuala Lumpur,Kuala Lumpur
190000,770.0,3.0,2.0,1.0,0,0,0,0,0,0,0,0,,,,Flat,Freehold,Non Bumi Lot,Low,Johor,Iskandar Puteri
308000,650.0,2.0,2.0,1.0,13,0,0,0,0,0,0,0,2019.0,35.0,1843.0,Service Residence,Freehold,Non Bumi Lot,High,Johor,Johor Bahru
341000,843.0,3.0,2.0,1.0,14,0,0,0,0,0,0,0,2016.0,,175.0,Service Residence,Leasehold,Bumi Lot,Unknown,Pahang,Cameron Highlands
570000,1044.0,3.0,2.0,2.0,12,0,0,0,0,0,0,0,,,,Condominium,Leasehold,Non Bumi Lot,Medium,Kuala Lumpur,Kuala Lumpur
450000,950.0,3.0,2.0,2.0,12,0,0,0,0,0,0,0,,,,Condominium,Freehold,Non Bumi Lot,Medium,Kuala Lumpur,Kuala Lumpur
144000,383.0,1.0,1.0,1.0,0,0,0,0,0,0,0,0,,,,Apartment,Leasehold,Bumi Lot,Medium,Sabah,Penampang
340000,775.0,3.0,2.0,1.0,3,0,0,0,0,0,0,0,,4.0,,Apartment,Leasehold,Non Bumi Lot,Low,Sarawak,Miri
240000,818.0,3.0,2.0,1.0,4,0,0,0,0,0,0,1,,,,Apartment,Leasehold,Bumi Lot,High,Selangor,Kajang
196000,540.0,2.0,1.0,1.0,5,0,0,0,0,0,0,0,,,,Apartment,Freehold,Non Bumi Lot,Low,Selangor,Cheras
1213200,2219.0,3.0,3.0,3.0,7,0,0,0,0,0,0,0,2014.0,19.0,149.0,Condominium,Leasehold,Non Bumi Lot,Unknown,Sabah,Kota Kinabalu
480760,1270.0,3.0,2.0,2.0,9,0,0,0,0,0,0,0,2022.0,10.0,120.0,Condominium,Leasehold,Non Bumi Lot,Unknown,Sabah,Sandakan
285000,733.0,3.0,2.0,1.0,8,1,0,0,1,1,1,0,,8.0,480.0,Apartment,Freehold,Non Bumi Lot,Low,Kuala Lumpur,Kuala Lumpur
380000,850.0,3.0,2.0,2.0,11,0,0,0,0,0,0,0,,,,Apartment,Freehold,Bumi Lot,Medium,Selangor,Sepang
435000,1300.0,3.0,2.0,1.0,7,0,0,0,0,0,0,0,,10.0,,Condominium,Freehold,Non Bumi Lot,Medium,Penang,Butterworth
618800,1550.0,3.0,2.0,3.0,14,0,0,0,0,0,0,0,,,,Condominium,Leasehold,Non Bumi Lot,Medium,Kuala Lumpur,Kuala Lumpur
604000,1400.0,4.0,2.0,2.0,14,1,0,0,1,0,1,0,,12.0,90.0,Condominium,Freehold,Non Bumi Lot,Low,Kuala Lumpur,Kuala Lumpur
260000,850.0,3.0,2.0,1.0,5,0,0,0,0,0,0,0,,12.0,1012.0,Apartment,Leasehold,Non Bumi Lot,Medium,Sabah,Penampang
628888,1530.0,3.0,2.0,1.0,8,1,0,0,1,0,1,0,,12.0,90.0,Condominium,Freehold,Non Bumi Lot,Low,Kuala Lumpur,Kuala Lumpur
160000,764.0,3.0,1.0,1.0,5,0,0,0,0,0,0,0,2001.0,14.0,,Apartment,Leasehold,Bumi Lot,Medium,Kuala Lumpur,Kuala Lumpur
820000,1130.0,3.0,2.0,2.0,9,0,0,0,0,0,0,0,,,,Condominium,Freehold,Non Bumi Lot,Medium,Penang,Gelugor
195000,700.0,3.0,2.0,1.0,1,1,0,0,1,1,1,0,,,,Flat,Leasehold,Non Bumi Lot,Unknown,Kuala Lumpur,Kuala Lumpur
252000,850.0,3.0,2.0,1.0,7,0,0,0,0,0,0,0,,12.0,1012.0,Apartment,Freehold,Non Bumi Lot,Medium,Sabah,Penampang
190000,720.0,3.0,2.0,1.0,1,0,0,0,0,1,0,0,,,,Apartment,Leasehold,Bumi Lot,Medium,Selangor,Puncak Alam
185000,850.0,3.0,2.0,1.0,4,0,0,0,0,0,0,0,,,,Apartment,Leasehold,Bumi Lot,Medium,Selangor,Rawang
598000,951.0,3.0,2.0,2.0,9,0,0,0,0,0,0,0,,,,Service Residence,Leasehold,Non Bumi Lot,Medium,Unknown,Unknown
210000,550.0,2.0,1.0,1.0,3,0,0,0,0,0,0,0,1995.0,17.0,224.0,Apartment,Freehold,Non Bumi Lot,Low,Penang,Paya Terubong
265000,900.0,3.0,2.0,2.0,6,0,0,0,0,0,0,0,2019.0,,,Apartment,Freehold,Non Bumi Lot,High,Selangor,Semenyih
550000,1239.0,4.0,3.0,2.0,0,0,0,0,0,0,0,0,2023.0,44.0,684.0,Service Residence,Freehold,Non Bumi Lot,Medium,Kuala Lumpur,Kuala Lumpur
390000,991.0,3.0,2.0,1.0,11,1,0,0,0,1,0,0,2010.0,,704.0,Condominium,Leasehold,Bumi Lot,High,Selangor,Batu Caves
210000,615.0,3.0,1.0,1.0,4,0,0,0,0,0,0,0,,12.0,,Apartment,Leasehold,Bumi Lot,Medium,Kuala Lumpur,Kuala Lumpur
150000,850.0,3.0,2.0,1.0,7,0,0,0,0,0,0,0,,12.0,,Apartment,Freehold,Non Bumi Lot,Medium,Melaka,Batu Berendam
315000,890.0,3.0,2.0,1.0,9,0,0,0,0,0,0,0,2008.0,16.0,196.0,Apartment,Leasehold,Non Bumi Lot,Medium,Johor,Johor Bahru
315000,890.0,3.0,2.0,1.0,10,0,0,0,0,0,0,0,2008.0,16.0,196.0,Apartment,Leasehold,Non Bumi Lot,Medium,Johor,Johor Bahru
485000,1035.0,3.0,2.0,1.0,14,0,0,0,0,0,0,0,2018.0,25.0,1255.0,Apartment,Freehold,Non Bumi Lot,Medium,Johor,Johor Bahru
248000,1010.0,3.0,2.0,1.0,10,1,0,0,1,0,1,0,2007.0,18.0,648.0,Condominium,Leasehold,Non Bumi Lot,Unknown,Kuala Lumpur,Kuala Lumpur
300000,850.0,3.0,2.0,1.0,6,1,1,0,0,1,1,0,,5.0,,Apartment,Leasehold,Non Bumi Lot,Unknown,Selangor,Seri Kembangan
169000,753.0,3.0,2.0,1.0,0,0,0,0,0,0,0,0,,,,Apartment,Freehold,Non Bumi Lot,Unknown,Selangor,Semenyih
195000,850.0,3.0,2.0,2.0,0,1,0,0,0,0,0,0,,,,Apartment,Freehold,Non Bumi Lot,Unknown,Selangor,Rawang
368000,800.0,3.0,2.0,1.0,9,0,0,0,0,0,0,0,2000.0,25.0,534.0,Condominium,Freehold,Non Bumi Lot,Low,Penang,Batu Ferringhi
230000,738.0,3.0,2.0,1.0,6,0,0,0,0,0,0,0,,,,Apartment,Leasehold,Non Bumi Lot,High,Selangor,Ampang
960000,1313.0,3.0,2.0,3.0,0,0,0,0,0,0,0,0,2007.0,,396.0,Condominium,Freehold,Non Bumi Lot,Low,Penang,Gelugor
470000,1495.0,4.0,2.0,2.0,7,0,0,0,0,0,0,0,,19.0,,Condominium,Freehold,Non Bumi Lot,Medium,Penang,Butterworth
295000,956.0,3.0,2.0,1.0,12,0,0,0,0,0,0,0,,19.0,392.0,Condominium,Freehold,Non Bumi Lot,Unknown,Selangor,Seri Kembangan
290000,811.0,3.0,2.0,1.0,3,1,0,0,1,1,0,0,,12.0,,Apartment,Leasehold,Non Bumi Lot,Medium,Selangor,Petaling Jaya
255000,764.0,3.0,2.0,1.0,5,1,0,0,1,1,1,0,2006.0,18.0,200.0,Apartment,Leasehold,Bumi Lot,Medium,Selangor,Petaling Jaya
825000,1302.0,3.0,3.0,2.0,9,0,0,0,0,0,0,0,,,,Condominium,Freehold,Non Bumi Lot,Medium,Penang,Gelugor
435000,1258.0,4.0,2.0,1.0,6,0,0,0,0,0,0,0,,,,Condominium,Freehold,Non Bumi Lot,Medium,Penang,Butterworth
125000,500.0,2.0,1.0,1.0,0,0,0,0,0,0,0,0,,,,Flat,Leasehold,Non Bumi Lot,Unknown,Penang,Ayer Itam
250000,883.0,3.0,2.0,1.0,8,0,0,0,0,0,0,0,2001.0,14.0,704.0,Condominium,Leasehold,Non Bumi Lot,High,Selangor,Bandar Sungai Long
375000,1012.0,3.0,2.0,2.0,8,1,0,0,1,0,0,0,2014.0,23.0,744.0,Service Residence,Freehold,Non Bumi Lot,Medium,Selangor,Batu Caves
200000,613.0,3.0,2.0,1.0,5,0,0,0,0,0,0,0,,12.0,,Apartment,Leasehold,Bumi Lot,Low,Kuala Lumpur,Kuala Lumpur
200000,650.0,3.0,2.0,1.0,0,1,0,0,0,0,1,0,,2.0,,Apartment,Freehold,Non Bumi Lot,Unknown,Selangor,Klang
310000,1023.0,3.0,2.0,2.0,14,0,0,0,0,0,0,0,2019.0,,1200.0,Condominium,Freehold,Non Bumi Lot,Medium,Selangor,Kajang
320000,1212.0,3.0,2.0,2.0,14,0,0,0,0,0,0,0,,,538.0,Apartment,Freehold,Non Bumi Lot,Unknown,Selangor,Cheras
268000,1024.0,3.0,2.0,2.0,5,0,0,0,0,0,0,0,,4.0,,Apartment,Leasehold,Non Bumi Lot,Low,Johor,Johor Bahru
245000,678.0,1.0,1.0,1.0,4,0,0,0,0,0,0,0,,27.0,303.0,Condominium,Leasehold,Non Bumi Lot,Low,Johor,Johor Bahru
396000,1010.0,2.0,2.0,1.0,14,0,0,0,0,0,0,0,2019.0,25.0,2003.0,Service Residence,Freehold,Non Bumi Lot,Medium,Johor,Johor Bahru
378000,800.0,3.0,2.0,1.0,0,0,0,0,0,0,0,0,,8.0,95.0,Condominium,Freehold,Non Bumi Lot,Medium,Penang,George Town
570000,1216.0,3.0,2.0,1.0,6,0,0,0,0,0,0,0,,,,Condominium,Leasehold,Non Bumi Lot,Low,Sabah,Kota Kinabalu
365000,850.0,3.0,2.0,1.0,9,0,0,0,0,0,0,0,2013.0,19.0,448.0,Condominium,Freehold,Non Bumi Lot,Medium,Penang,Sungai Ara
225000,557.0,1.0,1.0,1.0,9,0,0,0,0,0,0,0,2017.0,,296.0,Condominium,Leasehold,Non Bumi Lot,Unknown,Selangor,Ampang
279999,1055.0,3.0,2.0,1.0,3,0,0,0,0,0,0,0,2017.0,,,Apartment,Freehold,Non Bumi Lot,Medium,Selangor,Kajang
139999,667.0,3.0,2.0,1.0,3,0,0,0,0,0,0,0,,,,Flat,Freehold,Bumi Lot,High,Selangor,Cheras
69999,550.0,2.0,1.0,1.0,0,0,0,0,0,0,0,0,,,,Flat,Freehold,Bumi Lot,High,Selangor,Semenyih
84999,550.0,2.0,1.0,1.0,0,0,0,0,0,0,0,0,,,,Flat,Freehold,Non Bumi Lot,Low,Selangor,Semenyih
168000,650.0,3.0,2.0,1.0,7,0,0,0,1,1,0,1,,5.0,1100.0,Apartment,Leasehold,Non Bumi Lot,Low,Selangor,Damansara Damai
175000,900.0,3.0,2.0,1.0,0,0,0,0,0,0,0,0,,,,Apartment,Leasehold,Non Bumi Lot,Unknown,Melaka,Bukit Baru
275000,775.0,3.0,2.0,1.0,4,1,0,0,1,1,1,0,2006.0,18.0,200.0,Apartment,Leasehold,Bumi Lot,Low,Selangor,Petaling Jaya
230000,650.0,3.0,1.0,1.0,0,0,0,0,0,0,0,0,,,,Apartment,Freehold,Non Bumi Lot,Unknown,Selangor,Klang
420000,620.0,2.0,2.0,1.0,4,1,1,1,0,1,1,0,,43.0,956.0,Condominium,Freehold,Non Bumi Lot,Unknown,Selangor,Shah Alam
310000,1200.0,3.0,2.0,1.0,12,0,0,0,0,0,0,0,,,,Apartment,Freehold,Non Bumi Lot,Low,Johor,Johor Bahru
260000,764.0,3.0,2.0,1.0,5,1,0,0,1,1,1,0,2006.0,18.0,200.0,Apartment,Leasehold,Bumi Lot,Medium,Selangor,Petaling Jaya
240000,860.0,3.0,2.0,1.0,8,1,0,0,0,0,0,0,,,,Apartment,Freehold,Non Bumi Lot,Low,Selangor,Klang
355000,750.0,3.0,2.0,1.0,3,0,0,0,0,0,0,0,,,,Apartment,Freehold,Non Bumi Lot,Unknown,Penang,George Town
280000,802.0,3.0,2.0,1.0,8,1,0,1,0,0,1,0,,,760.0,Apartment,Freehold,Non Bumi Lot,Medium,Selangor,Klang
360000,700.0,3.0,2.0,1.0,3,0,0,0,0,0,0,0,1997.0,8.0,68.0,Apartment,Freehold,Non Bumi Lot,Unknown,Penang,Jelutong
468000,708.0,2.0,2.0,1.0,7,0,0,0,0,0,0,0,2014.0,,177.0,Condominium,Freehold,Bumi Lot,High,Pahang,Kuantan
130000,650.0,3.0,2.0,1.0,0,1,0,0,1,0,0,0,,,,Apartment,Freehold,Non Bumi Lot,Unknown,Selangor,Port Klang
580000,721.0,2.0,1.0,2.0,10,1,0,0,0,0,1,0,2018.0,,594.0,Condominium,Leasehold,Non Bumi Lot,Unknown,Selangor,Kota Kemuning
155000,660.0,3.0,2.0,1.0,3,0,0,0,1,0,0,0,,5.0,,Apartment,Freehold,Bumi Lot,Medium,Selangor,Sepang
290000,850.0,3.0,2.0,1.0,2,0,0,0,0,0,1,0,,11.0,220.0,Apartment,Freehold,Non Bumi Lot,Unknown,Selangor,Shah Alam
680000,724.0,2.0,2.0,1.0,7,0,1,0,0,1,1,1,,,629.0,Service Residence,Leasehold,Non Bumi Lot,High,Selangor,Petaling Jaya
1350000,1539.0,3.0,3.0,2.0,0,0,0,0,0,0,0,0,2012.0,17.0,328.0,Condominium,Freehold,Non Bumi Lot,Unknown,Penang,Gelugor
1220000,1539.0,3.0,3.0,3.0,0,0,0,0,0,0,0,0,2012.0,17.0,328.0,Condominium,Freehold,Non Bumi Lot,Unknown,Penang,Gelugor
245000,999.0,3.0,3.0,1.0,5,0,0,0,0,0,0,0,,,,Condominium,Leasehold,Non Bumi Lot,Low,Perak,Chemor
227000,650.0,2.0,1.0,1.0,0,0,0,0,0,0,0,0,,,,Flat,Leasehold,Non Bumi Lot,Unknown,Kuala Lumpur,Kuala Lumpur
300000,850.0,4.0,2.0,1.0,7,1,0,0,0,1,0,0,2013.0,15.0,,Condominium,Freehold,Non Bumi Lot,High,Selangor,Ampang
300000,775.0,3.0,2.0,1.0,6,1,0,0,1,1,1,0,2006.0,18.0,200.0,Apartment,Leasehold,Bumi Lot,Medium,Selangor,Petaling Jaya
340000,1295.0,3.0,2.0,1.0,8,1,1,1,1,1,1,1,,,,Condominium,Freehold,Non Bumi Lot,Low,Kuala Lumpur,Kuala Lumpur
450000,1006.0,3.0,2.0,2.0,7,0,0,0,0,0,0,0,,,,Apartment,Freehold,Bumi Lot,Medium,Putrajaya,Putrajaya
270000,745.0,3.0,2.0,1.0,4,1,1,0,1,0,1,0,2000.0,11.0,1240.0,Condominium,Freehold,Non Bumi Lot,Low,Kuala Lumpur,Kuala Lumpur
350000,1000.0,3.0,2.0,1.0,6,1,1,1,1,0,0,0,,18.0,,Condominium,Leasehold,Non Bumi Lot,High,Kuala Lumpur,Kuala Lumpur
246000,1000.0,3.0,2.0,2.0,4,0,0,0,0,0,0,0,,21.0,,Apartment,Leasehold,Bumi Lot,Medium,Johor,Johor Bahru
100000,700.0,3.0,2.0,1.0,1,0,0,0,0,0,0,0,,,,Flat,Freehold,Non Bumi Lot,Medium,Selangor,Kajang
320000,430.0,1.0,1.0,1.0,6,1,1,0,0,1,1,0,,,,Service Residence,Freehold,Non Bumi Lot,Low,Kuala Lumpur,Kuala Lumpur
218000,818.0,4.0,2.0,1.0,7,0,0,0,0,0,0,0,2017.0,20.0,,Apartment,Freehold,Non Bumi Lot,Medium,Johor,Johor Bahru
188000,815.0,3.0,2.0,1.0,6,0,0,0,0,1,1,1,,21.0,,Apartment,Leasehold,Non Bumi Lot,Unknown,Selangor,Seri Kembangan
465000,1200.0,3.0,2.0,2.0,8,1,0,0,0,1,1,0,,,,Condominium,Leasehold,Bumi Lot,Medium,Selangor,Shah Alam
275000,949.0,3.0,2.0,2.0,10,0,0,0,0,0,0,0,2019.0,,635.0,Apartment,Freehold,Non Bumi Lot,Medium,Selangor,Semenyih
170000,650.0,3.0,2.0,1.0,0,1,0,0,0,0,1,0,2015.0,3.0,,Apartment,Freehold,Non Bumi Lot,Low,Selangor,Klang
368000,1038.0,3.0,2.0,1.0,7,1,0,1,0,0,1,0,,,760.0,Apartment,Freehold,Non Bumi Lot,Low,Selangor,Klang
599000,815.0,3.0,2.0,1.0,1,0,1,0,0,1,0,0,,,,Service Residence,Freehold,Non Bumi Lot,Medium,Selangor,Klang
499000,1200.0,3.0,2.0,1.0,0,1,0,0,1,1,1,0,,,572.0,Condominium,Freehold,Non Bumi Lot,High,Kuala Lumpur,Kuala Lumpur
428000,871.0,2.0,2.0,1.0,2,0,0,0,0,0,0,0,,,316.0,Service Residence,Freehold,Non Bumi Lot,Medium,Johor,Iskandar Puteri
310000,614.0,1.0,1.0,1.0,0,0,0,0,0,0,0,0,2015.0,11.0,488.0,Condominium,Freehold,Non Bumi Lot,High,Johor,Iskandar Puteri
310000,1200.0,3.0,2.0,1.0,12,0,0,0,0,0,0,0,,,,Apartment,Freehold,Non Bumi Lot,Low,Johor,Johor Bahru
400000,1004.0,3.0,2.0,1.0,0,0,0,0,0,0,0,0,,,,Condominium,Freehold,Non Bumi Lot,Medium,Johor,Iskandar Puteri
495000,578.0,1.0,1.0,1.0,5,1,1,1,1,1,1,0,2003.0,35.0,1200.0,Condominium,Freehold,Non Bumi Lot,High,Kuala Lumpur,Kuala Lumpur
270000,870.0,3.0,2.0,1.0,0,0,0,0,0,0,0,0,,,,Apartment,Leasehold,Bumi Lot,Medium,Selangor,Selayang
135000,657.0,3.0,2.0,1.0,0,0,0,0,0,0,0,0,,,,Flat,Freehold,Bumi Lot,Low,Johor,Pasir Gudang
450000,1376.0,3.0,2.0,1.0,7,1,1,1,0,0,1,0,2008.0,17.0,616.0,Condominium,Leasehold,Non Bumi Lot,Medium,Selangor,Ampang
132000,730.0,3.0,2.0,1.0,0,0,0,0,0,0,0,0,,,,Flat,Freehold,Non Bumi Lot,High,Johor,Ulu Tiram
315000,1021.0,3.0,2.0,2.0,0,0,1,1,0,0,0,0,,,551.0,Apartment,Freehold,Non Bumi Lot,Unknown,Selangor,Cheras
395000,1015.0,3.0,2.0,1.0,7,1,0,1,1,1,0,0,2006.0,21.0,800.0,Apartment,Leasehold,Non Bumi Lot,High,Kuala Lumpur,Kuala Lumpur
738238,649.0,1.0,1.0,1.0,5,0,0,0,0,0,0,0,2022.0,56.0,819.0,Service Residence,Leasehold,Non Bumi Lot,Medium,Sabah,Kota Kinabalu
195000,753.0,3.0,2.0,1.0,1,0,0,0,0,0,0,0,,,,Flat,Leasehold,Bumi Lot,Medium,Selangor,Shah Alam
480000,1259.0,3.0,2.0,1.0,7,1,0,1,0,0,1,0,2004.0,8.0,,Condominium,Leasehold,Bumi Lot,Low,Selangor,Shah Alam
330000,872.0,3.0,2.0,1.0,3,0,0,0,0,0,0,0,,,,Condominium,Freehold,Non Bumi Lot,High,Johor,Johor Bahru
310000,1082.0,3.0,3.0,2.0,10,0,0,0,0,0,0,0,2022.0,,552.0,Condominium,Freehold,Non Bumi Lot,Medium,Selangor,Kajang
365000,1091.0,3.0,2.0,1.0,10,0,0,0,0,0,0,0,2008.0,14.0,480.0,Condominium,Freehold,Non Bumi Lot,Medium,Selangor,Ampang
215000,650.0,3.0,2.0,1.0,6,0,0,0,0,0,0,0,2014.0,,,Apartment,Freehold,Non Bumi Lot,Unknown,Penang,Sungai Ara
175000,650.0,3.0,1.0,1.0,4,0,0,0,0,0,0,0,,,,Apartment,Leasehold,Non Bumi Lot,Unknown,Penang,Ayer Itam
269000,700.0,3.0,2.0,2.0,7,0,0,0,0,0,1,0,,,460.0,Apartment,Freehold,Non Bumi Lot,Medium,Selangor,Shah Alam
289000,850.0,3.0,2.0,2.0,7,0,0,0,0,0,1,0,2018.0,16.0,730.0,Apartment,Freehold,Bumi Lot,Medium,Selangor,Setia Alam
330000,800.0,3.0,2.0,1.0,8,0,0,0,0,0,0,0,1999.0,23.0,433.0,Apartment,Freehold,Non Bumi Lot,Unknown,Penang,Jelutong
295000,850.0,3.0,2.0,1.0,3,1,0,0,0,0,1,0,2017.0,5.0,400.0,Apartment,Freehold,Non Bumi Lot,High,Selangor,Klang
295000,950.0,3.0,2.0,1.0,5,0,0,0,0,0,0,0,1989.0,17.0,592.0,Apartment,Leasehold,Non Bumi Lot,Unknown,Penang,Jelutong
299000,820.0,3.0,2.0,2.0,10,1,0,0,0,0,1,0,2020.0,,723.0,Apartment,Freehold,Non Bumi Lot,Unknown,Selangor,Setia Alam
270000,850.0,3.0,2.0,2.0,6,1,0,0,0,1,1,0,,,,Apartment,Leasehold,Non Bumi Lot,Unknown,Selangor,Klang
259000,1103.0,3.0,2.0,1.0,6,0,0,0,0,0,0,0,,12.0,,Apartment,Leasehold,Non Bumi Lot,Medium,Selangor,Balakong
260000,850.0,3.0,2.0,2.0,9,0,1,0,0,0,0,0,2019.0,,635.0,Apartment,Freehold,Non Bumi Lot,Medium,Selangor,Semenyih
269000,700.0,3.0,2.0,2.0,7,1,0,1,0,0,1,1,,10.0,360.0,Apartment,Freehold,Non Bumi Lot,Medium,Selangor,Setia Alam
299000,1140.0,3.0,2.0,1.0,7,0,0,0,0,0,0,0,,,,Apartment,Freehold,Non Bumi Lot,Medium,Selangor,Semenyih
309000,1033.0,4.0,3.0,2.0,10,1,0,0,0,1,1,0,2014.0,12.0,228.0,Service Residence,Leasehold,Non Bumi Lot,Medium,Selangor,Seri Kembangan
170000,980.0,3.0,2.0,1.0,3,1,0,0,1,0,0,0,,,,Apartment,Leasehold,Non Bumi Lot,Low,Selangor,Port Klang
269000,1001.0,4.0,2.0,1.0,4,0,0,0,0,0,0,0,,,,Apartment,Leasehold,Non Bumi Lot,Medium,Selangor,Semenyih
315000,700.0,3.0,2.0,1.0,3,0,0,0,0,0,0,0,2001.0,31.0,360.0,Apartment,Freehold,Non Bumi Lot,Low,Penang,Jelutong
188000,650.0,3.0,2.0,1.0,0,1,0,0,0,0,1,0,2015.0,3.0,,Apartment,Freehold,Non Bumi Lot,Medium,Selangor,Klang
385000,1140.0,3.0,2.0,2.0,7,0,0,0,0,0,0,0,2017.0,14.0,608.0,Condominium,Freehold,Non Bumi Lot,Medium,Penang,Simpang Ampat
275000,863.0,3.0,2.0,1.0,5,1,0,0,0,1,0,0,,,,Apartment,Leasehold,Bumi Lot,Unknown,Selangor,Puncak Alam
395000,1170.0,3.0,2.0,2.0,11,1,1,0,0,1,1,0,,15.0,,Condominium,Leasehold,Non Bumi Lot,Unknown,Selangor,Shah Alam
260000,850.0,3.0,2.0,1.0,7,1,1,0,0,1,1,0,,,,Condominium,Leasehold,Non Bumi Lot,Medium,Kuala Lumpur,Kuala Lumpur
500000,1184.0,4.0,2.0,2.0,11,1,0,0,0,1,1,0,2020.0,32.0,2000.0,Condominium,Leasehold,Bumi Lot,Medium,Kuala Lumpur,Kuala Lumpur
270000,614.0,3.0,2.0,1.0,6,0,0,0,0,0,0,0,2009.0,22.0,900.0,Apartment,Leasehold,Non Bumi Lot,Unknown,Penang,Jelutong
225000,420.0,2.0,2.0,1.0,7,1,1,0,1,1,0,0,,,,Apartment,Freehold,Non Bumi Lot,Medium,Selangor,Shah Alam
140000,650.0,3.0,2.0,1.0,0,0,0,0,0,0,0,0,,,,Apartment,Leasehold,Bumi Lot,Medium,Kuala Lumpur,Kuala Lumpur
177000,650.0,3.0,2.0,1.0,4,1,0,0,1,1,1,0,2002.0,11.0,792.0,Apartment,Leasehold,Bumi Lot,Medium,Kuala Lumpur,Kuala Lumpur
150000,667.0,3.0,2.0,1.0,3,1,0,1,0,1,1,0,,5.0,,Apartment,Freehold,Non Bumi Lot,High,Selangor,Puchong
145000,794.0,3.0,2.0,1.0,0,1,0,1,0,0,0,0,,,,Apartment,Freehold,Non Bumi Lot,High,Selangor,Rawang
288000,858.0,3.0,2.0,1.0,2,1,1,1,1,0,1,0,,5.0,,Apartment,Leasehold,Non Bumi Lot,Medium,Selangor,Ampang
280000,764.0,3.0,2.0,1.0,6,1,0,0,1,1,1,0,2006.0,18.0,200.0,Apartment,Leasehold,Bumi Lot,Medium,Selangor,Petaling Jaya
950000,1230.0,3.0,2.0,1.0,10,0,0,0,0,0,0,0,2017.0,39.0,202.0,Condominium,Freehold,Non Bumi Lot,High,Penang,Tanjong Tokong
255000,850.0,3.0,2.0,1.0,3,1,1,0,1,1,1,0,,5.0,,Apartment,Leasehold,Non Bumi Lot,Medium,Selangor,Bandar Sunway
235000,883.0,3.0,2.0,1.0,4,1,0,0,0,0,1,0,,5.0,,Apartment,Leasehold,Non Bumi Lot,High,Selangor,Ampang
328000,1200.0,4.0,2.0,1.0,5,0,0,0,0,1,1,1,,13.0,,Apartment,Leasehold,Non Bumi Lot,Unknown,Selangor,Seri Kembangan
398000,997.0,3.0,2.0,1.0,8,0,0,0,0,0,0,0,1997.0,14.0,528.0,Apartment,Leasehold,Non Bumi Lot,High,Penang,Sungai Dua
170000,645.0,3.0,2.0,1.0,2,0,0,0,1,1,0,1,,,,Apartment,Freehold,Non Bumi Lot,Medium,Selangor,Petaling Jaya
207100,688.0,2.0,1.0,1.0,0,0,0,0,0,0,0,0,,,,Service Residence,Freehold,Non Bumi Lot,Medium,Melaka,Klebang
345000,850.0,3.0,2.0,1.0,14,0,0,0,0,0,0,0,2019.0,35.0,1843.0,Service Residence,Freehold,Bumi Lot,Medium,Johor,Johor Bahru
650000,1367.0,3.0,2.0,2.0,12,0,0,0,0,0,0,0,2019.0,43.0,352.0,Service Residence,Freehold,Non Bumi Lot,High,Selangor,Cheras
180000,624.0,3.0,1.0,1.0,0,0,0,0,0,0,0,0,,5.0,,Apartment,Freehold,Non Bumi Lot,High,Penang,Bukit Mertajam
270000,764.0,3.0,2.0,1.0,5,1,0,0,1,1,1,0,2006.0,18.0,200.0,Apartment,Leasehold,Bumi Lot,Low,Selangor,Petaling Jaya
175000,900.0,3.0,2.0,1.0,0,0,0,0,0,0,0,0,,,,Apartment,Freehold,Bumi Lot,Low,Melaka,Sungei Petai
249000,1102.0,3.0,2.0,2.0,7,1,0,1,0,0,0,0,,,,Apartment,Freehold,Non Bumi Lot,Medium,Selangor,Klang
250000,900.0,3.0,2.0,1.0,0,0,0,0,0,0,0,0,2007.0,5.0,,Apartment,Freehold,Non Bumi Lot,High,Selangor,Klang
168000,750.0,3.0,2.0,1.0,1,0,0,0,0,0,0,0,,,,Flat,Freehold,Non Bumi Lot,Medium,Johor,Ulu Tiram
550000,516.0,2.0,1.0,1.0,8,1,1,1,0,1,1,0,,43.0,200.0,Service Residence,Freehold,Non Bumi Lot,Medium,Selangor,Shah Alam
734450,832.0,2.0,2.0,2.0,5,0,0,0,0,0,0,0,2022.0,56.0,819.0,Service Residence,Leasehold,Non Bumi Lot,Medium,Sabah,Kota Kinabalu
804011,1270.0,2.0,2.0,2.0,5,0,0,0,0,0,0,0,2022.0,56.0,819.0,Service Residence,Leasehold,Bumi Lot,Medium,Sabah,Kota Kinabalu
338000,800.0,3.0,2.0,2.0,8,0,0,0,0,0,0,0,,,420.0,Condominium,Freehold,Non Bumi Lot,Medium,Melaka,Cheng
380000,1097.0,3.0,2.0,1.0,7,0,0,0,0,0,0,0,,,300.0,Apartment,Freehold,Non Bumi Lot,Medium,Johor,Masai
3600000,3878.0,4.0,4.0,4.0,11,0,0,0,0,0,0,0,2016.0,,210.0,Condominium,Freehold,Non Bumi Lot,Low,Penang,Tanjong Tokong
500000,1050.0,3.0,2.0,2.0,7,0,0,0,0,0,0,0,,,,Condominium,Freehold,Non Bumi Lot,Medium,Penang,Bayan Lepas
305000,1288.0,3.0,2.0,2.0,9,0,0,0,0,0,0,0,2015.0,21.0,455.0,Condominium,Freehold,Non Bumi Lot,Medium,Selangor,Kajang
250000,1000.0,3.0,2.0,1.0,3,0,0,0,0,0,0,0,2006.0,22.0,246.0,Apartment,Freehold,Non Bumi Lot,Medium,Selangor,Kajang
350000,1288.0,3.0,2.0,2.0,11,0,0,0,0,0,0,0,2016.0,,428.0,Condominium,Freehold,Non Bumi Lot,Medium,Selangor,Kajang
199000,850.0,3.0,2.0,1.0,8,0,0,0,0,0,0,0,2017.0,20.0,,Apartment,Freehold,Non Bumi Lot,High,Johor,Johor Bahru
88000,680.0,3.0,1.0,1.0,0,1,0,0,0,0,0,0,,,,Apartment,Freehold,Bumi Lot,Medium,Selangor,Pulau Indah (Pulau Lumut)
150000,720.0,3.0,2.0,1.0,3,1,0,0,0,1,0,0,,,,Apartment,Leasehold,Bumi Lot,High,Selangor,Puncak Alam
450000,1267.0,3.0,3.0,1.0,11,1,1,1,1,1,0,0,2010.0,20.0,1317.0,Condominium,Freehold,Bumi Lot,Low,Kuala Lumpur,Kuala Lumpur
380000,1200.0,3.0,2.0,1.0,5,0,0,0,0,0,0,0,,,,Condominium,Freehold,Non Bumi Lot,High,Johor,Johor Bahru
300000,748.0,3.0,2.0,1.0,8,1,1,0,1,1,0,1,,,,Condominium,Leasehold,Bumi Lot,Low,Kuala Lumpur,Kuala Lumpur
788000,1334.0,3.0,2.0,2.0,11,0,0,0,0,0,0,0,2020.0,,803.0,Condominium,Freehold,Non Bumi Lot,Unknown,Penang,Jelutong
520000,2124.0,3.0,4.0,1.0,10,0,0,0,0,0,0,0,,14.0,319.0,Apartment,Freehold,Non Bumi Lot,Medium,Johor,Skudai
270000,650.0,3.0,1.0,1.0,4,0,0,0,0,0,0,0,,,,Apartment,Freehold,Non Bumi Lot,Unknown,Penang,Jelutong
298000,700.0,3.0,2.0,1.0,3,0,0,0,0,0,0,0,1997.0,22.0,1008.0,Apartment,Freehold,Non Bumi Lot,Unknown,Penang,Jelutong
415286,865.0,3.0,2.0,2.0,9,0,0,0,0,0,0,0,,,,Condominium,Freehold,Non Bumi Lot,Medium,Sabah,Kota Kinabalu
285000,750.0,2.0,2.0,1.0,12,0,0,0,0,0,0,0,,,,Apartment,Leasehold,Non Bumi Lot,Medium,Sabah,Kota Kinabalu
200000,530.0,2.0,1.0,1.0,2,0,0,0,0,0,0,0,,,,Flat,Freehold,Non Bumi Lot,High,Penang,Gelugor
668000,753.0,2.0,1.0,1.0,10,1,1,1,1,0,1,1,2023.0,47.0,685.0,Service Residence,Leasehold,Non Bumi Lot,Unknown,Selangor,Petaling Jaya
255000,850.0,3.0,2.0,1.0,6,0,0,0,0,0,0,0,,19.0,180.0,Condominium,Freehold,Non Bumi Lot,High,Penang,Bukit Mertajam
998000,1329.0,2.0,2.0,1.0,6,0,0,0,0,0,0,0,2014.0,9.0,631.0,Service Residence,Leasehold,Non Bumi Lot,Unknown,Sabah,Kota Kinabalu
2100000,2266.0,4.0,5.0,1.0,8,0,0,0,0,0,0,0,,28.0,,Condominium,Leasehold,Non Bumi Lot,High,Sabah,Kota Kinabalu
260000,789.0,3.0,1.0,1.0,4,1,1,0,1,1,0,1,,10.0,320.0,Apartment,Leasehold,Bumi Lot,Medium,Kuala Lumpur,Kuala Lumpur
466000,1007.0,3.0,2.0,2.0,12,0,0,0,0,0,0,0,2020.0,,912.0,Service Residence,Leasehold,Non Bumi Lot,Medium,Sabah,Kota Kinabalu
489819,1007.0,3.0,2.0,2.0,12,0,0,0,0,0,0,0,2020.0,,912.0,Condominium,Leasehold,Bumi Lot,Low,Sabah,Kota Kinabalu
478200,904.0,3.0,2.0,2.0,12,0,0,0,0,0,0,0,2020.0,,912.0,Service Residence,Leasehold,Non Bumi Lot,Low,Sabah,Kota Kinabalu
320000,1120.0,3.0,2.0,1.0,5,1,1,0,1,1,1,0,1997.0,14.0,204.0,Condominium,Freehold,Non Bumi Lot,Medium,Kuala Lumpur,Kuala Lumpur
180000,700.0,2.0,1.0,1.0,0,0,0,0,0,0,0,0,,5.0,260.0,Flat,Leasehold,Bumi Lot,High,Johor,Johor Bahru
1080000,1047.0,3.0,2.0,2.0,8,0,0,0,0,0,0,0,2019.0,33.0,1106.0,Condominium,Freehold,Non Bumi Lot,High,Penang,Tanjong Tokong
188000,700.0,3.0,2.0,1.0,3,0,0,0,0,0,0,0,,,,Apartment,Freehold,Non Bumi Lot,Unknown,Penang,Paya Terubong
110000,640.0,1.0,1.0,1.0,4,0,0,0,0,0,0,0,,,,Apartment,Freehold,Non Bumi Lot,High,Perak,Lumut
210000,798.0,3.0,2.0,1.0,6,0,0,0,0,0,0,0,,,,Apartment,Leasehold,Bumi Lot,Medium,Perak,Seri Iskandar
495000,1281.0,3.0,2.0,1.0,6,0,0,0,0,0,0,0,1998.0,15.0,198.0,Townhouse Condo,Freehold,Non Bumi Lot,Low,Putrajaya,Putrajaya
280000,450.0,1.0,1.0,1.0,9,1,1,1,0,1,1,0,2012.0,,196.0,Condominium,Leasehold,Non Bumi Lot,High,Selangor,Shah Alam
700000,1100.0,3.0,2.0,2.0,2,0,0,0,0,0,0,0,,,,Condominium,Freehold,Non Bumi Lot,High,Penang,Bayan Lepas
175000,650.0,3.0,2.0,1.0,4,0,0,0,1,0,1,0,,,,Apartment,Leasehold,Non Bumi Lot,High,Kuala Lumpur,Kuala Lumpur
695000,1288.0,3.0,3.0,1.0,10,0,0,0,0,0,0,0,2013.0,30.0,808.0,Condominium,Freehold,Non Bumi Lot,Unknown,Penang,Ayer Itam
350000,700.0,3.0,2.0,1.0,8,0,0,0,0,0,0,0,2012.0,30.0,500.0,Apartment,Freehold,Non Bumi Lot,High,Penang,Ayer Itam
370000,700.0,3.0,2.0,1.0,8,0,0,0,0,0,0,0,2012.0,30.0,500.0,Apartment,Freehold,Non Bumi Lot,Unknown,Penang,Ayer Itam
165000,800.0,3.0,2.0,1.0,4,0,0,0,0,0,0,0,1997.0,,,Apartment,Leasehold,Bumi Lot,Unknown,Selangor,Puchong
420000,1300.0,3.0,2.0,1.0,10,1,1,1,1,0,1,0,,17.0,400.0,Condominium,Leasehold,Non Bumi Lot,Medium,Selangor,Ampang
368000,925.0,3.0,2.0,1.0,2,1,0,0,0,1,1,0,,5.0,,Apartment,Freehold,Non Bumi Lot,Low,Selangor,Puchong
660000,1206.0,3.0,2.0,2.0,12,0,0,0,0,0,0,0,2018.0,28.0,585.0,Apartment,Freehold,Non Bumi Lot,High,Johor,Masai
175000,710.0,3.0,2.0,1.0,1,0,0,0,0,0,0,0,,3.0,,Apartment,Leasehold,Non Bumi Lot,Medium,Johor,Johor Bahru
110000,657.0,2.0,2.0,1.0,3,0,0,0,0,0,0,0,,,,Flat,Freehold,Non Bumi Lot,Unknown,Penang,Bukit Mertajam
180000,650.0,3.0,2.0,1.0,3,1,1,1,1,0,1,0,,15.0,,Apartment,Leasehold,Bumi Lot,Unknown,Kuala Lumpur,Kuala Lumpur
298000,1051.0,3.0,2.0,1.0,7,0,0,1,0,1,1,0,,20.0,320.0,Condominium,Freehold,Non Bumi Lot,High,Kuala Lumpur,Kuala Lumpur
170000,603.0,3.0,1.0,1.0,3,0,0,0,0,0,0,0,,,,Flat,Leasehold,Non Bumi Lot,Medium,Penang,Bukit Mertajam
380000,850.0,3.0,2.0,1.0,0,0,0,0,0,0,0,0,2014.0,17.0,403.0,Condominium,Freehold,Non Bumi Lot,Unknown,Kuala Lumpur,Kuala Lumpur
440000,1101.0,4.0,2.0,1.0,6,1,0,0,1,1,1,0,,17.0,,Condominium,Leasehold,Non Bumi Lot,Unknown,Kuala Lumpur,Kuala Lumpur
178000,600.0,3.0,2.0,1.0,7,1,1,0,1,1,1,0,,,,Apartment,Leasehold,Non Bumi Lot,Unknown,Kuala Lumpur,Kuala Lumpur
290000,764.0,3.0,2.0,1.0,0,1,1,0,0,1,1,0,,,,Apartment,Leasehold,Non Bumi Lot,Unknown,Kuala Lumpur,Kuala Lumpur
218800,605.0,1.0,1.0,1.0,7,0,0,0,0,0,0,0,,,,Service Residence,Freehold,Non Bumi Lot,Medium,Negeri Sembilan,Port Dickson
378000,1222.0,3.0,2.0,1.0,9,1,0,0,1,0,1,1,1996.0,16.0,,Condominium,Freehold,Non Bumi Lot,Low,Kuala Lumpur,Kuala Lumpur
260000,900.0,3.0,2.0,2.0,10,1,0,0,1,0,0,0,2014.0,23.0,744.0,Service Residence,Freehold,Non Bumi Lot,Medium,Selangor,Batu Caves
275000,874.0,3.0,2.0,1.0,4,1,0,1,0,1,1,0,,11.0,,Apartment,Leasehold,Non Bumi Lot,Low,Selangor,Puchong
265000,700.0,3.0,1.0,1.0,6,0,0,0,0,0,0,0,,17.0,,Flat,Freehold,Non Bumi Lot,Low,Putrajaya,Putrajaya
330000,873.0,2.0,1.0,1.0,0,0,0,0,0,0,0,0,,,,Condominium,Leasehold,Non Bumi Lot,High,Johor,Johor Bahru
450000,1900.0,3.0,3.0,3.0,12,1,0,0,1,0,0,0,2014.0,23.0,744.0,Service Residence,Freehold,Non Bumi Lot,High,Selangor,Batu Caves
450000,770.0,1.0,1.0,1.0,8,0,0,0,0,0,0,0,,,,Others,Leasehold,Non Bumi Lot,Unknown,Negeri Sembilan,Port Dickson
270000,926.0,3.0,2.0,1.0,8,0,0,0,0,0,0,0,,14.0,340.0,Apartment,Freehold,Bumi Lot,Unknown,Selangor,Shah Alam
300000,1100.0,2.0,2.0,1.0,10,0,0,1,0,1,1,0,,20.0,320.0,Condominium,Freehold,Non Bumi Lot,Medium,Kuala Lumpur,Kuala Lumpur
420000,1062.0,4.0,2.0,1.0,8,1,1,0,1,1,1,0,2005.0,25.0,588.0,Service Residence,Freehold,Non Bumi Lot,Unknown,Selangor,Subang Jaya
465000,887.0,3.0,2.0,1.0,5,0,0,0,0,0,0,0,,,808.0,Condominium,Freehold,Non Bumi Lot,Medium,Penang,Ayer Itam
538000,1295.0,3.0,2.0,2.0,13,0,0,0,0,0,0,0,2015.0,6.0,225.0,Condominium,Freehold,Non Bumi Lot,Unknown,Penang,Bayan Lepas
328000,1250.0,4.0,3.0,1.0,12,0,0,0,0,0,0,0,,,,Apartment,Freehold,Non Bumi Lot,Low,Johor,Johor Bahru
450000,887.0,3.0,2.0,1.0,10,0,0,0,0,0,0,0,2013.0,30.0,808.0,Condominium,Freehold,Non Bumi Lot,Low,Penang,Ayer Itam
750000,1288.0,3.0,3.0,2.0,10,0,0,0,0,0,0,0,2013.0,30.0,808.0,Condominium,Freehold,Non Bumi Lot,Unknown,Penang,Ayer Itam
495000,887.0,3.0,2.0,2.0,10,0,0,0,0,0,0,0,2013.0,30.0,808.0,Condominium,Freehold,Non Bumi Lot,Medium,Penang,Ayer Itam
355000,950.0,3.0,2.0,1.0,6,1,1,0,0,0,0,0,,15.0,,Apartment,Leasehold,Bumi Lot,Low,Kuala Lumpur,Kuala Lumpur
229000,844.0,3.0,2.0,1.0,5,0,0,0,0,0,0,0,,,,Apartment,Leasehold,Bumi Lot,Medium,Selangor,Bangi
288000,800.0,3.0,2.0,1.0,2,0,0,0,0,0,0,0,1994.0,6.0,672.0,Apartment,Leasehold,Non Bumi Lot,Medium,Penang,Ayer Itam
330000,800.0,3.0,2.0,1.0,2,0,0,0,0,0,0,0,1994.0,6.0,672.0,Apartment,Leasehold,Non Bumi Lot,Low,Penang,Ayer Itam
234000,900.0,3.0,2.0,1.0,2,0,0,0,0,0,0,0,2003.0,5.0,,Apartment,Leasehold,Bumi Lot,High,Selangor,Ampang
1150000,2335.0,4.0,3.0,4.0,14,0,0,0,0,0,0,0,2011.0,38.0,420.0,Condominium,Freehold,Non Bumi Lot,Unknown,Penang,Ayer Itam
1080000,1507.0,4.0,3.0,3.0,12,1,0,0,1,0,0,0,2020.0,31.0,660.0,Service Residence,Leasehold,Non Bumi Lot,Medium,Selangor,Sungai Buloh
750000,1250.0,3.0,3.0,2.0,11,0,0,0,0,0,0,0,2015.0,36.0,981.0,Condominium,Freehold,Non Bumi Lot,Medium,Kuala Lumpur,Kuala Lumpur
850000,1500.0,4.0,3.0,2.0,12,0,0,0,0,0,0,0,,,,Condominium,Freehold,Non Bumi Lot,Low,Kuala Lumpur,Kuala Lumpur
890000,1319.0,3.0,2.0,2.0,12,1,1,0,0,1,1,1,2017.0,29.0,369.0,Condominium,Freehold,Non Bumi Lot,High,Kuala Lumpur,Kuala Lumpur
338000,775.0,3.0,2.0,1.0,6,1,0,0,1,1,1,0,2006.0,18.0,200.0,Apartment,Leasehold,Bumi Lot,Low,Selangor,Petaling Jaya
210000,711.0,3.0,2.0,1.0,2,0,0,0,0,0,0,0,,,,Flat,Leasehold,Bumi Lot,Unknown,Selangor,Ampang
249900,861.0,2.0,2.0,1.0,3,0,0,0,0,0,0,0,,,,Condominium,Leasehold,Non Bumi Lot,Medium,Melaka,Melaka City
320000,800.0,3.0,2.0,1.0,8,0,0,0,0,0,0,0,1999.0,,224.0,Apartment,Freehold,Non Bumi Lot,Medium,Penang,Sungai Ara
150000,560.0,3.0,1.0,1.0,1,0,0,0,0,0,0,0,,,,Flat,Leasehold,Bumi Lot,Low,Selangor,Puchong
240000,910.0,3.0,2.0,1.0,8,0,1,0,1,0,0,1,2007.0,15.0,,Apartment,Freehold,Non Bumi Lot,Low,Selangor,Kajang
85000,620.0,2.0,1.0,1.0,0,0,0,0,0,0,0,0,,,,Flat,Freehold,Non Bumi Lot,Medium,Selangor,Kajang
400000,1100.0,3.0,2.0,2.0,10,1,0,0,0,1,1,0,2004.0,25.0,1220.0,Condominium,Freehold,Non Bumi Lot,Low,Kuala Lumpur,Kuala Lumpur
370000,737.0,1.0,1.0,1.0,10,1,0,0,0,0,1,0,1998.0,16.0,239.0,Service Residence,Leasehold,Bumi Lot,Medium,Selangor,Shah Alam
240000,840.0,3.0,1.0,1.0,1,0,0,0,0,0,0,0,1996.0,11.0,,Apartment,Leasehold,Non Bumi Lot,Medium,Penang,Bayan Lepas
215000,650.0,3.0,2.0,1.0,4,0,0,0,0,0,0,0,2014.0,,,Apartment,Freehold,Non Bumi Lot,Medium,Penang,Sungai Ara
320000,1130.0,3.0,2.0,1.0,7,0,0,0,0,0,0,0,2006.0,5.0,414.0,Apartment,Leasehold,Bumi Lot,Low,Selangor,Gombak
780000,2650.0,5.0,4.0,1.0,2,0,0,0,0,0,0,0,,5.0,,Condominium,Freehold,Non Bumi Lot,Medium,Johor,Johor Bahru
210000,1001.0,3.0,2.0,1.0,0,0,0,0,0,0,0,0,,4.0,,Apartment,Leasehold,Non Bumi Lot,Medium,Johor,Johor Bahru
498000,1300.0,4.0,2.0,2.0,11,1,1,0,1,1,1,0,2004.0,15.0,675.0,Condominium,Leasehold,Non Bumi Lot,Low,Selangor,Bandar Sunway
250000,700.0,3.0,2.0,1.0,3,0,0,0,0,0,0,0,2005.0,22.0,,Apartment,Leasehold,Non Bumi Lot,Unknown,Penang,Ayer Itam
325000,1017.0,3.0,2.0,1.0,5,0,0,0,0,0,0,0,,9.0,,Apartment,Freehold,Non Bumi Lot,Medium,Selangor,Cheras
650000,809.0,2.0,1.0,1.0,9,0,0,0,1,1,0,1,2018.0,,247.0,Service Residence,Freehold,Bumi Lot,Low,Selangor,Sungai Buloh
598000,1087.0,3.0,2.0,2.0,14,0,0,0,0,0,0,0,2011.0,38.0,420.0,Condominium,Freehold,Non Bumi Lot,High,Penang,Ayer Itam
298000,800.0,3.0,2.0,2.0,2,0,0,0,0,0,0,0,1994.0,6.0,672.0,Apartment,Leasehold,Non Bumi Lot,Medium,Penang,Ayer Itam
298000,800.0,3.0,2.0,2.0,2,0,0,0,0,0,0,0,1994.0,6.0,672.0,Apartment,Leasehold,Non Bumi Lot,Unknown,Penang,Ayer Itam
498000,936.0,3.0,2.0,2.0,14,0,0,0,0,0,0,0,2011.0,38.0,420.0,Condominium,Freehold,Non Bumi Lot,Unknown,Penang,Ayer Itam
988000,1365.0,2.0,3.0,1.0,10,0,0,0,0,0,0,0,,,174.0,Service Residence,Freehold,Non Bumi Lot,High,Penang,Tanjong Tokong
498000,936.0,3.0,2.0,3.0,14,0,0,0,0,0,0,0,2011.0,38.0,420.0,Condominium,Freehold,Non Bumi Lot,Unknown,Penang,Ayer Itam
508800,930.0,3.0,2.0,1.0,7,0,0,0,0,0,0,0,2024.0,23.0,254.0,Condominium,Leasehold,Bumi Lot,High,Sabah,Penampang
395000,1405.0,3.0,2.0,1.0,8,0,0,0,0,0,0,0,2004.0,18.0,304.0,Condominium,Leasehold,Bumi Lot,Medium,Selangor,Batu Caves
680000,1372.0,3.0,2.0,2.0,11,0,1,0,1,0,1,1,2015.0,14.0,539.0,Condominium,Freehold,Non Bumi Lot,Unknown,Selangor,Shah Alam
820000,1302.0,4.0,2.0,3.0,9,0,0,0,0,0,0,0,2016.0,17.0,91.0,Condominium,Freehold,Non Bumi Lot,Unknown,Penang,Jelutong
3701000,3701.0,5.0,4.0,3.0,11,0,0,0,0,0,0,0,,18.0,,Condominium,Leasehold,Non Bumi Lot,High,Sabah,Kota Kinabalu
6016000,6016.0,5.0,7.0,4.0,11,0,0,0,0,0,0,0,,18.0,,Condominium,Leasehold,Non Bumi Lot,High,Sabah,Kota Kinabalu
635000,1023.0,3.0,2.0,1.0,8,1,1,0,0,1,1,0,2021.0,63.0,956.0,Service Residence,Freehold,Non Bumi Lot,Medium,Kuala Lumpur,Kuala Lumpur
285000,497.0,1.0,1.0,1.0,9,1,1,1,0,0,0,0,,12.0,240.0,Apartment,Freehold,Non Bumi Lot,Unknown,Kuala Lumpur,Kuala Lumpur
354000,874.0,3.0,2.0,1.0,0,1,0,0,0,1,1,0,2009.0,13.0,,Condominium,Leasehold,Bumi Lot,Low,Kuala Lumpur,Kuala Lumpur
298000,1000.0,3.0,2.0,1.0,2,0,0,0,0,0,0,0,,,,Apartment,Freehold,Non Bumi Lot,Medium,Johor,Gelang Patah
530000,1295.0,3.0,2.0,1.0,9,1,0,0,0,1,1,0,2007.0,36.0,1022.0,Condominium,Freehold,Non Bumi Lot,Low,Kuala Lumpur,Kuala Lumpur
320000,936.0,3.0,2.0,1.0,9,0,0,0,0,0,0,0,,23.0,,Condominium,Freehold,Bumi Lot,Low,Melaka,Cheras
250000,947.0,3.0,2.0,1.0,4,0,0,0,0,0,0,0,,8.0,,Apartment,Freehold,Non Bumi Lot,Medium,Selangor,Bangi
380000,938.0,3.0,2.0,1.0,9,1,1,1,0,1,1,0,2000.0,22.0,659.0,Condominium,Freehold,Bumi Lot,Low,Kuala Lumpur,Kuala Lumpur
200000,816.0,3.0,2.0,1.0,3,0,0,0,0,0,0,0,,,,Apartment,Freehold,Malay Reserved,Low,Negeri Sembilan,Rasah
225000,430.0,2.0,2.0,1.0,5,1,1,0,1,1,0,0,,,,Apartment,Freehold,Non Bumi Lot,High,Selangor,Shah Alam
400000,657.0,3.0,2.0,1.0,4,0,0,0,0,0,0,0,,,,Service Residence,Freehold,Non Bumi Lot,Unknown,Unknown,Unknown
480000,1100.0,3.0,2.0,2.0,11,0,0,0,0,0,0,1,2017.0,20.0,424.0,Condominium,Freehold,Non Bumi Lot,Medium,Selangor,Kajang
180000,650.0,3.0,2.0,1.0,3,0,0,0,0,0,0,0,,,,Flat,Leasehold,Non Bumi Lot,Medium,Selangor,Ampang
220000,850.0,3.0,2.0,1.0,1,0,0,0,0,0,0,0,,5.0,,Apartment,Leasehold,Non Bumi Lot,Medium,Kuala Lumpur,Kuala Lumpur
170000,783.0,3.0,2.0,1.0,0,1,0,0,0,1,0,0,,,,Apartment,Leasehold,Bumi Lot,Medium,Selangor,Rawang
520000,936.0,3.0,2.0,2.0,14,0,0,0,0,0,0,0,2011.0,38.0,420.0,Condominium,Freehold,Non Bumi Lot,Unknown,Penang,Ayer Itam
598000,1087.0,3.0,2.0,2.0,14,0,0,0,0,0,0,0,2011.0,38.0,420.0,Condominium,Freehold,Non Bumi Lot,Medium,Penang,Ayer Itam
700000,1195.0,3.0,2.0,2.0,14,0,0,0,0,0,0,0,2011.0,38.0,420.0,Condominium,Freehold,Non Bumi Lot,Unknown,Penang,Ayer Itam
530000,936.0,3.0,2.0,2.0,14,0,0,0,0,0,0,0,2011.0,38.0,420.0,Condominium,Freehold,Non Bumi Lot,Medium,Penang,Ayer Itam
490000,883.0,3.0,2.0,2.0,9,1,0,0,0,1,0,0,2021.0,33.0,746.0,Service Residence,Leasehold,Non Bumi Lot,Medium,Selangor,Puchong
418000,1006.0,3.0,2.0,2.0,0,0,0,0,0,0,0,0,,,,Apartment,Freehold,Non Bumi Lot,Medium,Putrajaya,Putrajaya
970000,1211.0,3.0,3.0,1.0,0,0,0,0,0,0,0,0,,,,Service Residence,Leasehold,Non Bumi Lot,Unknown,Unknown,Unknown
290000,957.0,3.0,2.0,1.0,6,0,0,0,0,0,0,0,,,,Condominium,Leasehold,Bumi Lot,Low,Unknown,Unknown
365000,1173.0,3.0,2.0,1.0,9,0,0,0,0,0,0,0,,,,Apartment,Freehold,Non Bumi Lot,High,Perak,Ipoh
380000,964.0,3.0,2.0,1.0,10,0,0,0,0,0,0,0,,,,Condominium,Leasehold,Non Bumi Lot,Medium,Perak,Ipoh
320000,926.0,3.0,2.0,1.0,9,0,1,1,0,0,0,0,2010.0,22.0,1074.0,Condominium,Leasehold,Bumi Lot,Medium,Selangor,Selayang
255000,850.0,3.0,2.0,1.0,4,0,0,0,0,0,0,0,2009.0,13.0,,Apartment,Leasehold,Non Bumi Lot,Low,Johor,Johor Bahru
465000,870.0,3.0,3.0,1.0,8,0,0,0,0,0,0,0,2016.0,29.0,391.0,Service Residence,Leasehold,Non Bumi Lot,Medium,Sabah,Kota Kinabalu
380000,849.0,1.0,1.0,1.0,6,0,0,0,0,0,0,0,,,,Condominium,Leasehold,Non Bumi Lot,Medium,Unknown,Unknown
220000,925.0,4.0,2.0,1.0,0,0,0,0,0,0,0,0,,,,Apartment,Freehold,Bumi Lot,Low,Selangor,Cheras
395000,1052.0,3.0,2.0,2.0,0,0,0,0,0,0,0,0,,,,Apartment,Freehold,Non Bumi Lot,Medium,Unknown,Unknown
299000,420.0,1.0,1.0,1.0,6,0,0,0,0,0,0,0,,,,Condominium,Freehold,Non Bumi Lot,High,Unknown,Unknown
289000,850.0,3.0,2.0,1.0,0,0,0,0,0,0,0,0,,,,Apartment,Freehold,Non Bumi Lot,Medium,Unknown,Unknown
360000,910.0,3.0,2.0,1.0,8,0,0,0,0,0,0,0,,,,Condominium,Leasehold,Non Bumi Lot,Medium,Unknown,Unknown
220000,746.0,3.0,2.0,1.0,5,0,0,0,0,0,0,0,,,,Apartment,Leasehold,Bumi Lot,Low,Selangor,Gombak
255000,811.0,3.0,2.0,1.0,5,0,0,0,0,0,0,0,,,,Apartment,Leasehold,Non Bumi Lot,Medium,Unknown,Unknown
285000,850.0,3.0,2.0,1.0,3,0,0,0,0,0,0,0,,,,Apartment,Leasehold,Non Bumi Lot,Medium,Unknown,Unknown
308000,1000.0,3.0,2.0,2.0,6,0,0,0,0,0,0,0,,,,Condominium,Freehold,Non Bumi Lot,Medium,Unknown,Unknown
299000,1000.0,3.0,2.0,1.0,6,0,0,0,0,0,0,0,,,,Condominium,Freehold,Non Bumi Lot,Unknown,Unknown,Unknown
228000,900.0,3.0,2.0,1.0,3,0,0,0,0,0,0,0,,,,Apartment,Freehold,Non Bumi Lot,Medium,Unknown,Unknown
383950,1052.0,3.0,2.0,1.0,2,0,0,0,0,0,0,0,,,,Condominium,Freehold,Non Bumi Lot,Unknown,Unknown,Unknown
320000,915.0,3.0,2.0,1.0,2,0,0,0,1,0,1,0,,,,Apartment,Freehold,Non Bumi Lot,Low,Kuala Lumpur,Kuala Lumpur
235000,600.0,2.0,1.0,1.0,0,1,1,0,1,0,0,0,,5.0,,Flat,Freehold,Bumi Lot,Medium,Kuala Lumpur,Kuala Lumpur
260000,870.0,3.0,2.0,1.0,8,0,0,0,0,0,0,0,,18.0,,Apartment,Leasehold,Bumi Lot,High,Selangor,Gombak
299000,950.0,3.0,2.0,1.0,6,0,0,0,0,0,0,0,2019.0,,635.0,Apartment,Freehold,Bumi Lot,Medium,Selangor,Semenyih
155000,850.0,3.0,2.0,1.0,0,0,0,0,0,0,0,0,2014.0,4.0,348.0,Flat,Freehold,Non Bumi Lot,Medium,Johor,Pasir Gudang
245000,800.0,3.0,2.0,1.0,7,0,0,0,0,0,0,0,2014.0,4.0,75.0,Apartment,Freehold,Non Bumi Lot,High,Selangor,Semenyih
450000,918.0,3.0,2.0,1.0,9,1,1,0,0,1,1,0,1997.0,15.0,450.0,Condominium,Leasehold,Non Bumi Lot,Medium,Kuala Lumpur,Kuala Lumpur
290000,860.0,3.0,2.0,1.0,0,0,0,0,0,1,1,0,,,,Apartment,Freehold,Non Bumi Lot,High,Selangor,Shah Alam
315000,980.0,3.0,2.0,1.0,6,1,0,0,0,1,1,0,,5.0,,Apartment,Leasehold,Non Bumi Lot,Low,Selangor,Puchong
186000,899.0,3.0,2.0,1.0,4,0,0,0,0,0,0,0,,,,Apartment,Freehold,Bumi Lot,Medium,Perak,Ipoh
555000,1200.0,3.0,2.0,1.0,7,1,1,0,1,1,1,0,,6.0,116.0,Condominium,Freehold,Non Bumi Lot,Low,Kuala Lumpur,Kuala Lumpur
395000,1335.0,4.0,2.0,1.0,9,0,0,0,0,0,0,0,2006.0,17.0,950.0,Condominium,Freehold,Non Bumi Lot,High,Kuala Lumpur,Kuala Lumpur
275000,778.0,3.0,2.0,1.0,3,0,0,0,0,0,0,0,2005.0,7.0,1274.0,Apartment,Leasehold,Bumi Lot,Low,Selangor,Shah Alam
415000,1350.0,4.0,2.0,1.0,4,0,0,0,0,0,0,0,2015.0,4.0,96.0,Apartment,Leasehold,Non Bumi Lot,High,Sabah,Kota Kinabalu
650000,1824.0,4.0,4.0,1.0,6,0,0,0,0,0,0,0,,12.0,168.0,Condominium,Leasehold,Non Bumi Lot,Medium,Sabah,Kota Kinabalu
135000,650.0,3.0,2.0,1.0,4,0,0,0,0,0,0,0,,,,Flat,Freehold,Non Bumi Lot,Medium,Johor,Permas Jaya
310000,877.0,3.0,2.0,1.0,9,1,0,0,0,1,1,0,2009.0,13.0,,Condominium,Leasehold,Bumi Lot,Low,Kuala Lumpur,Kuala Lumpur
780000,1484.0,3.0,3.0,2.0,8,0,0,0,0,0,0,0,2014.0,,135.0,Condominium,Leasehold,Non Bumi Lot,Medium,Sabah,Kota Kinabalu
350000,872.0,3.0,2.0,1.0,4,1,1,1,1,1,1,0,,5.0,,Apartment,Freehold,Non Bumi Lot,Low,Selangor,Subang Jaya
280000,953.0,3.0,2.0,1.0,7,0,0,0,0,0,0,0,,,,Apartment,Freehold,Non Bumi Lot,Medium,Selangor,Bandar Mahkota Cheras
180000,850.0,3.0,2.0,1.0,5,0,0,0,0,0,0,0,2014.0,4.0,348.0,Flat,Freehold,Non Bumi Lot,Medium,Johor,Pasir Gudang
429000,1350.0,4.0,3.0,1.0,2,0,0,0,0,0,0,0,,13.0,198.0,Condominium,Freehold,Non Bumi Lot,Low,Penang,Seberang Jaya
199000,657.0,2.0,1.0,1.0,3,0,0,0,0,0,0,0,1996.0,15.0,438.0,Apartment,Leasehold,Bumi Lot,Medium,Kuala Lumpur,Kuala Lumpur
300000,1185.0,3.0,2.0,2.0,0,0,0,0,0,0,0,0,,,,Apartment,Freehold,Bumi Lot,Low,Selangor,Kajang
198000,850.0,3.0,2.0,1.0,5,0,0,0,0,0,0,0,2014.0,4.0,348.0,Flat,Freehold,Non Bumi Lot,Low,Johor,Pasir Gudang
600000,1090.0,3.0,2.0,1.0,8,0,0,0,0,0,0,0,,16.0,,Condominium,Leasehold,Non Bumi Lot,High,Sabah,Kota Kinabalu
174000,689.0,3.0,2.0,1.0,0,0,0,0,0,0,0,0,1992.0,17.0,3.0,Apartment,Freehold,Non Bumi Lot,Low,Penang,Ayer Itam
180000,657.0,3.0,1.0,1.0,4,1,0,0,0,0,1,0,,,,Apartment,Leasehold,Non Bumi Lot,Low,Selangor,Puchong
1700000,1755.0,3.0,3.0,1.0,7,0,0,0,0,0,0,0,2014.0,9.0,631.0,Service Residence,Leasehold,Non Bumi Lot,Low,Sabah,Kota Kinabalu
554000,1765.0,3.0,3.0,1.0,7,1,0,0,1,0,0,0,2020.0,31.0,660.0,Service Residence,Leasehold,Non Bumi Lot,Medium,Selangor,Sungai Buloh
155000,798.0,3.0,2.0,1.0,7,0,0,0,0,0,0,0,,,,Apartment,Freehold,Bumi Lot,Low,Perak,Lumut
195000,750.0,2.0,3.0,1.0,7,0,0,0,0,0,0,0,,18.0,,Apartment,Freehold,Non Bumi Lot,Medium,Selangor,Kajang
490000,774.0,3.0,2.0,2.0,9,0,0,0,1,0,1,0,2016.0,36.0,630.0,Service Residence,Leasehold,Non Bumi Lot,Medium,Kuala Lumpur,Kuala Lumpur
335000,884.0,3.0,2.0,1.0,3,0,0,0,0,0,0,0,,,,Apartment,Freehold,Bumi Lot,Medium,Kuala Lumpur,Kuala Lumpur
255000,815.0,3.0,2.0,1.0,0,0,0,0,0,0,0,0,,,,Apartment,Leasehold,Non Bumi Lot,Medium,Selangor,Rawang
578000,1300.0,3.0,2.0,1.0,3,0,0,0,0,0,0,0,,,,Condominium,Leasehold,Non Bumi Lot,Medium,Sabah,Kota Kinabalu
1420000,2236.0,4.0,4.0,1.0,5,0,0,0,0,0,0,0,2007.0,,73.0,Condominium,Leasehold,Non Bumi Lot,Medium,Sabah,Kota Kinabalu
325000,1044.0,3.0,2.0,1.0,6,1,1,0,1,1,1,0,2004.0,5.0,200.0,Apartment,Leasehold,Non Bumi Lot,Medium,Selangor,Bandar Sunway
200000,450.0,1.0,1.0,1.0,14,0,0,0,0,0,0,0,2017.0,38.0,1424.0,Service Residence,Freehold,Non Bumi Lot,Medium,Selangor,Cyberjaya
460000,1100.0,3.0,2.0,1.0,14,0,0,0,0,0,0,0,2016.0,,944.0,Condominium,Leasehold,Non Bumi Lot,Medium,Johor,Johor Bahru
710000,1307.0,4.0,3.0,2.0,7,0,0,0,0,0,0,0,,28.0,390.0,Condominium,Freehold,Non Bumi Lot,Medium,Penang,Tanjung Bungah
548000,1561.0,4.0,4.0,3.0,10,0,0,0,0,0,0,0,2020.0,32.0,632.0,Condominium,Freehold,Non Bumi Lot,Unknown,Penang,Batu Ferringhi
460000,590.0,1.0,1.0,1.0,11,1,1,1,1,1,1,0,2012.0,38.0,1033.0,Service Residence,Freehold,Non Bumi Lot,High,Kuala Lumpur,Kuala Lumpur
450000,1068.0,3.0,2.0,1.0,1,0,0,0,0,0,0,0,2016.0,,944.0,Condominium,Leasehold,Non Bumi Lot,High,Johor,Johor Bahru
445000,1068.0,3.0,2.0,1.0,1,0,0,0,0,0,0,0,2016.0,,944.0,Condominium,Leasehold,Non Bumi Lot,Medium,Johor,Johor Bahru
360000,1100.0,3.0,2.0,1.0,9,0,0,0,0,0,0,0,2006.0,16.0,512.0,Apartment,Leasehold,Non Bumi Lot,High,Johor,Johor Bahru
470000,1390.0,4.0,2.0,2.0,11,0,0,0,0,0,0,0,2014.0,21.0,460.0,Service Residence,Freehold,Non Bumi Lot,Low,Johor,Johor Bahru
2368000,2368.0,4.0,4.0,3.0,14,1,1,1,1,1,0,0,2009.0,,77.0,Condominium,Freehold,Non Bumi Lot,Medium,Kuala Lumpur,Kuala Lumpur
390000,1224.0,3.0,2.0,1.0,0,0,0,0,0,0,0,0,,18.0,,Condominium,Freehold,Non Bumi Lot,Low,Kuala Lumpur,Kuala Lumpur
260000,1030.0,3.0,2.0,1.0,8,0,1,1,0,0,0,0,2010.0,22.0,1074.0,Condominium,Leasehold,Non Bumi Lot,Medium,Selangor,Selayang
270000,689.0,2.0,1.0,1.0,4,1,1,0,1,0,1,0,2000.0,11.0,1240.0,Condominium,Freehold,Non Bumi Lot,High,Kuala Lumpur,Kuala Lumpur
340000,800.0,3.0,2.0,1.0,4,1,1,0,1,0,1,0,2000.0,11.0,1240.0,Condominium,Freehold,Non Bumi Lot,Low,Kuala Lumpur,Kuala Lumpur
65000,550.0,2.0,1.0,1.0,0,0,0,0,0,0,0,0,,,,Flat,Freehold,Non Bumi Lot,High,Selangor,Semenyih
400000,947.0,3.0,2.0,1.0,0,0,0,0,0,0,0,0,,,,Service Residence,Leasehold,Bumi Lot,Low,Johor,Johor Bahru
185000,531.0,2.0,1.0,1.0,0,1,1,1,1,0,0,0,,,,Flat,Leasehold,Bumi Lot,Medium,Kuala Lumpur,Kuala Lumpur
280000,710.0,3.0,2.0,1.0,0,0,0,0,0,0,0,0,,5.0,40.0,Apartment,Leasehold,Non Bumi Lot,Unknown,Selangor,Petaling Jaya
380000,1100.0,3.0,2.0,1.0,5,1,1,1,0,1,1,0,,11.0,60.0,Condominium,Freehold,Non Bumi Lot,Medium,Selangor,Petaling Jaya
300000,732.0,3.0,2.0,1.0,3,0,0,0,0,0,0,0,1997.0,5.0,160.0,Apartment,Freehold,Non Bumi Lot,Medium,Penang,Jelutong
600000,760.0,2.0,1.0,2.0,7,0,0,0,0,0,0,0,2021.0,24.0,1235.0,Condominium,Freehold,Non Bumi Lot,Unknown,Penang,Batu Uban
400000,1100.0,3.0,2.0,1.0,9,1,0,0,0,1,1,0,2004.0,25.0,1220.0,Condominium,Freehold,Non Bumi Lot,Unknown,Kuala Lumpur,Kuala Lumpur
340000,845.0,2.0,2.0,1.0,11,1,0,0,1,1,0,0,,,,Service Residence,Freehold,Non Bumi Lot,Medium,Kuala Lumpur,Kuala Lumpur
135000,657.0,3.0,2.0,1.0,0,0,0,0,0,0,0,0,,,,Flat,Freehold,Bumi Lot,High,Johor,Pasir Gudang
575000,1050.0,3.0,2.0,2.0,8,0,1,0,0,1,1,1,,40.0,558.0,Service Residence,Leasehold,Non Bumi Lot,Medium,Kuala Lumpur,Kuala Lumpur
920000,950.0,2.0,2.0,2.0,0,0,0,0,0,0,0,0,2022.0,,450.0,Condominium,Freehold,Non Bumi Lot,Unknown,Penang,Bayan Lepas
1200000,950.0,2.0,2.0,2.0,0,0,0,0,0,0,0,0,2022.0,,450.0,Condominium,Freehold,Non Bumi Lot,Unknown,Penang,Bayan Lepas
930000,950.0,2.0,3.0,2.0,0,0,0,0,0,0,0,0,2022.0,,450.0,Condominium,Freehold,Non Bumi Lot,Unknown,Penang,Bayan Lepas
290000,1055.0,3.0,2.0,2.0,14,0,0,0,0,0,0,0,,,,Apartment,Freehold,Bumi Lot,High,Selangor,Kajang
538000,1300.0,3.0,2.0,2.0,13,0,0,0,0,0,0,0,2015.0,6.0,225.0,Condominium,Freehold,Non Bumi Lot,Unknown,Penang,Bayan Lepas
230000,850.0,3.0,2.0,1.0,14,0,0,1,0,1,0,0,,,536.0,Apartment,Freehold,Bumi Lot,High,Selangor,Setia Alam
380000,1533.0,4.0,2.0,1.0,8,0,0,0,0,0,0,0,1996.0,18.0,500.0,Condominium,Freehold,Bumi Lot,Medium,Kuala Lumpur,Kuala Lumpur
173000,460.0,1.0,1.0,1.0,9,0,0,0,0,0,0,0,2004.0,21.0,,Condominium,Leasehold,Non Bumi Lot,Medium,Selangor,Seri Kembangan
132000,730.0,3.0,2.0,1.0,0,0,0,0,0,0,0,0,,,,Flat,Freehold,Non Bumi Lot,High,Johor,Ulu Tiram
260000,950.0,3.0,2.0,2.0,14,0,0,0,0,0,0,0,2019.0,,635.0,Apartment,Freehold,Bumi Lot,High,Selangor,Semenyih
250000,750.0,3.0,2.0,1.0,13,0,0,0,0,0,0,0,,,,Apartment,Freehold,Bumi Lot,Low,Selangor,Setia Alam
315000,856.0,2.0,2.0,1.0,14,1,0,0,0,1,1,0,2017.0,36.0,1338.0,Service Residence,Leasehold,Non Bumi Lot,High,Kuala Lumpur,Kuala Lumpur
180000,850.0,3.0,2.0,1.0,14,0,0,0,0,0,0,0,,,891.0,Apartment,Leasehold,Bumi Lot,High,Selangor,Rawang
560000,947.0,3.0,2.0,2.0,9,0,0,0,0,0,0,0,2017.0,22.0,396.0,Condominium,Leasehold,Non Bumi Lot,Unknown,Penang,Jelutong
502000,925.0,3.0,2.0,2.0,9,0,0,0,0,0,0,0,2017.0,22.0,396.0,Condominium,Leasehold,Non Bumi Lot,Unknown,Penang,Jelutong
400000,795.0,2.0,2.0,2.0,5,0,0,0,0,0,0,0,2017.0,42.0,670.0,Condominium,Freehold,Non Bumi Lot,Unknown,Penang,Sungai Ara
610000,1598.0,3.0,3.0,2.0,5,0,0,0,0,0,0,0,2017.0,42.0,670.0,Condominium,Freehold,Non Bumi Lot,Unknown,Penang,Sungai Ara
558888,1483.0,3.0,2.0,2.0,11,0,0,0,0,0,0,0,2017.0,46.0,1134.0,Service Residence,Freehold,Non Bumi Lot,High,Johor,Masai
185000,753.0,3.0,2.0,1.0,6,0,0,0,0,0,0,0,,,,Apartment,Freehold,Non Bumi Lot,Unknown,Selangor,Semenyih
520000,1214.0,3.0,2.0,1.0,12,0,0,0,0,0,0,0,,,374.0,Service Residence,Freehold,Non Bumi Lot,Medium,Johor,Johor Bahru
290000,1033.0,3.0,2.0,1.0,8,0,0,0,0,0,0,0,,,228.0,Service Residence,Leasehold,Non Bumi Lot,Unknown,Selangor,Seri Kembangan
230000,850.0,3.0,2.0,2.0,5,1,0,0,0,0,0,0,,,,Apartment,Leasehold,Non Bumi Lot,Unknown,Selangor,Rawang
290000,1033.0,3.0,2.0,1.0,3,1,0,0,0,1,1,0,2014.0,12.0,228.0,Service Residence,Leasehold,Non Bumi Lot,Unknown,Selangor,Seri Kembangan
480000,850.0,3.0,2.0,1.0,6,1,1,0,1,1,1,1,2023.0,50.0,3600.0,Condominium,Leasehold,Non Bumi Lot,Unknown,Kuala Lumpur,Kuala Lumpur
380000,650.0,2.0,2.0,1.0,7,1,1,0,1,0,0,0,2021.0,44.0,2136.0,Service Residence,Leasehold,Non Bumi Lot,High,Kuala Lumpur,Kuala Lumpur
440000,819.0,3.0,2.0,1.0,6,1,1,0,1,0,0,0,2021.0,44.0,2136.0,Service Residence,Leasehold,Non Bumi Lot,High,Kuala Lumpur,Kuala Lumpur
750000,1400.0,3.0,2.0,2.0,8,0,0,0,0,0,0,0,2003.0,25.0,285.0,Condominium,Freehold,Non Bumi Lot,Low,Penang,Tanjong Tokong
311000,850.0,3.0,2.0,2.0,14,0,0,0,0,0,0,0,2021.0,42.0,1311.0,Condominium,Freehold,Bumi Lot,High,Selangor,Cyberjaya
290000,956.0,3.0,2.0,2.0,14,0,0,0,0,0,0,0,,,,Service Residence,Freehold,Bumi Lot,High,Selangor,Bangi
270000,750.0,3.0,2.0,2.0,14,1,0,1,0,0,1,1,,10.0,360.0,Apartment,Freehold,Bumi Lot,Low,Selangor,Setia Alam
660000,1012.0,3.0,2.0,2.0,7,0,0,0,0,0,0,0,2011.0,22.0,531.0,Condominium,Leasehold,Non Bumi Lot,Unknown,Penang,George Town
615000,1598.0,3.0,3.0,2.0,7,0,0,0,0,0,0,0,2017.0,42.0,670.0,Condominium,Freehold,Non Bumi Lot,Unknown,Penang,Sungai Ara
499000,1165.0,3.0,2.0,1.0,6,0,0,0,0,0,0,0,2021.0,,406.0,Condominium,Freehold,Non Bumi Lot,Unknown,Penang,Relau
680000,1161.0,4.0,2.0,2.0,6,0,0,0,0,0,0,0,2021.0,38.0,406.0,Condominium,Freehold,Non Bumi Lot,Unknown,Penang,Sungai Ara
645000,1161.0,3.0,2.0,2.0,6,0,0,0,0,0,0,0,2021.0,38.0,406.0,Condominium,Freehold,Non Bumi Lot,Unknown,Penang,Sungai Ara
950000,3000.0,5.0,4.0,3.0,6,0,0,0,0,0,0,0,2021.0,,406.0,Condominium,Freehold,Non Bumi Lot,Unknown,Penang,Relau
750000,1650.0,4.0,3.0,2.0,8,0,0,0,0,0,0,0,2014.0,16.0,470.0,Condominium,Freehold,Non Bumi Lot,Unknown,Penang,Bayan Lepas
258000,780.0,3.0,2.0,1.0,6,0,0,0,0,0,0,0,,,,Apartment,Leasehold,Non Bumi Lot,Medium,Selangor,Puchong
298888,1164.0,5.0,2.0,1.0,6,0,0,0,0,0,0,0,,5.0,,Apartment,Freehold,Non Bumi Lot,Medium,Johor,Skudai
330000,1020.0,3.0,2.0,1.0,6,1,1,0,1,1,1,0,1989.0,12.0,140.0,Condominium,Freehold,Non Bumi Lot,Unknown,Kuala Lumpur,Kuala Lumpur
410000,990.0,3.0,2.0,2.0,8,1,0,0,0,1,1,0,2007.0,20.0,196.0,Condominium,Freehold,Non Bumi Lot,Unknown,Kuala Lumpur,Kuala Lumpur
160000,650.0,3.0,2.0,1.0,5,0,0,0,0,0,1,0,,16.0,,Apartment,Freehold,Bumi Lot,Medium,Kuala Lumpur,Kuala Lumpur
200000,682.0,3.0,2.0,1.0,5,1,0,1,0,0,1,0,,5.0,,Apartment,Freehold,Bumi Lot,Medium,Selangor,Setia Alam
299000,1024.0,3.0,2.0,1.0,0,0,0,0,0,0,0,0,,4.0,,Apartment,Leasehold,Non Bumi Lot,Low,Johor,Johor Bahru
470000,1018.0,3.0,2.0,2.0,6,1,0,1,0,1,1,0,,,,Condominium,Leasehold,Non Bumi Lot,Unknown,Kuala Lumpur,Kuala Lumpur
450000,1250.0,3.0,2.0,2.0,6,1,0,0,0,0,1,0,2016.0,,474.0,Condominium,Freehold,Non Bumi Lot,Unknown,Kuala Lumpur,Kuala Lumpur
530000,1106.0,3.0,3.0,2.0,10,1,0,0,1,1,1,0,2021.0,43.0,493.0,Condominium,Leasehold,Non Bumi Lot,High,Kuala Lumpur,Kuala Lumpur
380000,1150.0,3.0,2.0,1.0,7,1,1,1,1,0,0,0,2005.0,,,Condominium,Freehold,Non Bumi Lot,Unknown,Kuala Lumpur,Kuala Lumpur
108000,514.0,2.0,1.0,1.0,0,0,0,0,0,0,0,0,,,,Flat,Freehold,Non Bumi Lot,Medium,Johor,Skudai
225000,506.0,1.0,1.0,1.0,0,0,0,0,0,0,0,0,2021.0,21.0,613.0,Condominium,Leasehold,Non Bumi Lot,High,Johor,Skudai
285000,1050.0,3.0,2.0,1.0,0,0,0,0,0,0,0,0,1993.0,14.0,,Apartment,Freehold,Non Bumi Lot,Unknown,Kuala Lumpur,Kuala Lumpur
238000,667.0,2.0,1.0,1.0,0,0,0,0,0,0,0,0,,,,Apartment,Leasehold,Non Bumi Lot,High,Sabah,Kota Kinabalu
218000,850.0,3.0,2.0,1.0,4,0,0,0,0,0,0,0,2009.0,13.0,,Apartment,Leasehold,Non Bumi Lot,High,Johor,Johor Bahru
400000,900.0,3.0,2.0,2.0,0,0,0,0,0,0,0,0,2019.0,42.0,2685.0,Condominium,Freehold,Non Bumi Lot,Unknown,Penang,Bayan Lepas
218000,850.0,3.0,2.0,1.0,6,0,0,0,0,0,0,0,,,,Apartment,Freehold,Non Bumi Lot,Low,Johor,Masai
537500,914.0,3.0,2.0,1.0,0,0,0,0,0,0,0,0,,,,Condominium,Freehold,Non Bumi Lot,Medium,Sabah,Kota Kinabalu
545000,1050.0,3.0,2.0,2.0,6,0,0,0,0,0,0,0,2016.0,20.0,771.0,Condominium,Freehold,Non Bumi Lot,Unknown,Penang,Sungai Ara
550000,1200.0,3.0,2.0,2.0,6,0,0,0,0,0,0,0,2016.0,20.0,771.0,Condominium,Freehold,Non Bumi Lot,Unknown,Penang,Sungai Ara
299000,1024.0,3.0,2.0,1.0,0,0,0,0,0,0,0,0,,4.0,,Apartment,Leasehold,Non Bumi Lot,Low,Johor,Johor Bahru
670000,1270.0,4.0,2.0,2.0,7,0,0,0,0,0,0,0,2005.0,27.0,,Condominium,Freehold,Non Bumi Lot,Unknown,Penang,Greenlane
875000,1487.0,4.0,2.0,3.0,8,0,0,0,0,0,0,0,2015.0,18.0,107.0,Condominium,Freehold,Non Bumi Lot,Unknown,Penang,Bayan Lepas
295000,960.0,3.0,2.0,1.0,3,0,0,0,0,1,1,1,,8.0,,Apartment,Leasehold,Non Bumi Lot,High,Selangor,Seri Kembangan
380000,667.0,1.0,1.0,2.0,9,1,0,0,0,1,0,0,2015.0,18.0,238.0,Service Residence,Freehold,Non Bumi Lot,Medium,Selangor,Shah Alam
625000,1700.0,3.0,2.0,3.0,8,1,0,0,0,1,1,0,2018.0,29.0,447.0,Service Residence,Leasehold,Non Bumi Lot,Medium,Selangor,Subang Jaya
510000,1364.0,4.0,2.0,1.0,8,0,0,0,0,0,0,0,2015.0,24.0,900.0,Condominium,Leasehold,Non Bumi Lot,Medium,Kuala Lumpur,Kuala Lumpur
460000,1142.0,4.0,2.0,1.0,8,0,0,0,0,0,0,0,2015.0,24.0,900.0,Condominium,Leasehold,Non Bumi Lot,Unknown,Kuala Lumpur,Kuala Lumpur
320000,547.0,1.0,1.0,1.0,10,0,0,0,1,0,0,0,2019.0,,1196.0,Condominium,Freehold,Non Bumi Lot,High,Selangor,Cheras
480000,850.0,3.0,2.0,1.0,6,1,1,0,1,1,1,1,2023.0,50.0,3600.0,Condominium,Leasehold,Non Bumi Lot,Unknown,Kuala Lumpur,Kuala Lumpur
470000,1018.0,3.0,2.0,2.0,6,1,0,1,0,1,1,0,,,,Condominium,Leasehold,Non Bumi Lot,High,Kuala Lumpur,Kuala Lumpur
490000,1142.0,4.0,2.0,2.0,8,0,0,0,0,0,0,0,2015.0,24.0,900.0,Condominium,Leasehold,Non Bumi Lot,Low,Kuala Lumpur,Kuala Lumpur
360000,650.0,2.0,2.0,1.0,7,1,1,0,1,0,0,0,2021.0,44.0,2136.0,Service Residence,Leasehold,Non Bumi Lot,Unknown,Kuala Lumpur,Kuala Lumpur
270000,872.0,3.0,2.0,1.0,6,0,0,0,1,1,0,0,,,,Condominium,Leasehold,Bumi Lot,High,Selangor,Petaling Jaya
168000,494.0,2.0,1.0,1.0,0,0,0,0,0,0,0,0,,,,Apartment,Freehold,Non Bumi Lot,Medium,Johor,Skudai
210000,295.0,1.0,1.0,1.0,10,0,0,0,0,0,0,0,,,1737.0,Service Residence,Freehold,Non Bumi Lot,Unknown,Johor,Johor Bahru
302000,657.0,2.0,2.0,1.0,0,0,0,0,0,0,0,0,,,,Condominium,Leasehold,Non Bumi Lot,Unknown,Johor,Johor Bahru
210000,463.0,1.0,8.0,1.0,0,0,0,0,0,0,0,0,,,,Condominium,Freehold,Non Bumi Lot,Unknown,Johor,Johor Bahru
530000,700.0,2.0,2.0,1.0,0,0,0,0,0,0,0,0,,,,Condominium,Freehold,Non Bumi Lot,Unknown,Penang,Jelutong
515000,1690.0,3.0,2.0,1.0,5,0,0,0,0,0,0,0,2014.0,10.0,117.0,Apartment,Freehold,Non Bumi Lot,Low,Selangor,Cyberjaya
420000,1690.0,3.0,2.0,2.0,4,0,0,0,0,0,0,0,2014.0,10.0,117.0,Apartment,Freehold,Non Bumi Lot,Low,Selangor,Cyberjaya
522500,1021.0,3.0,2.0,1.0,12,0,0,0,0,0,0,0,2009.0,10.0,280.0,Apartment,Freehold,Non Bumi Lot,Medium,Selangor,Subang Jaya
500000,1034.0,3.0,2.0,2.0,7,0,0,0,0,0,0,0,2007.0,16.0,122.0,Condominium,Freehold,Non Bumi Lot,Unknown,Penang,Ayer Itam
230000,700.0,3.0,2.0,1.0,3,0,0,0,0,0,0,0,2003.0,23.0,2115.0,Flat,Freehold,Non Bumi Lot,Unknown,Penang,Ayer Itam
280000,880.0,3.0,2.0,1.0,3,0,1,0,0,0,0,0,,6.0,,Apartment,Freehold,Non Bumi Lot,Medium,Selangor,Kajang
399000,926.0,3.0,2.0,1.0,0,0,0,0,0,0,0,0,2018.0,,382.0,Apartment,Freehold,Non Bumi Lot,High,Johor,Johor Bahru
550000,1100.0,3.0,2.0,2.0,8,0,0,0,0,0,0,0,2016.0,30.0,816.0,Condominium,Freehold,Non Bumi Lot,Unknown,Penang,Sungai Ara
530000,1100.0,3.0,2.0,2.0,8,0,0,0,0,0,0,0,2016.0,30.0,816.0,Condominium,Freehold,Non Bumi Lot,Unknown,Penang,Sungai Ara
490000,1273.0,3.0,2.0,1.0,0,0,0,0,0,0,0,0,2016.0,33.0,412.0,Condominium,Freehold,Non Bumi Lot,High,Penang,Bukit Mertajam
65000,848.0,3.0,2.0,1.0,0,0,0,0,0,0,0,0,,,,Flat,Freehold,Non Bumi Lot,Medium,Penang,Butterworth
330000,700.0,3.0,2.0,1.0,10,0,0,0,0,0,0,0,1999.0,23.0,433.0,Apartment,Freehold,Non Bumi Lot,Medium,Penang,Jelutong
390000,838.0,3.0,2.0,2.0,8,0,0,0,0,0,0,0,2007.0,22.0,816.0,Condominium,Freehold,Non Bumi Lot,Unknown,Penang,Ayer Itam
158000,494.0,2.0,1.0,1.0,0,0,0,0,0,0,0,0,,,,Flat,Freehold,Non Bumi Lot,Low,Johor,Skudai
320000,723.0,1.0,1.0,1.0,9,0,0,0,0,1,1,0,2014.0,21.0,308.0,Condominium,Leasehold,Non Bumi Lot,Medium,Selangor,Shah Alam
1200000,1475.0,3.0,3.0,2.0,11,0,0,0,0,0,0,0,2012.0,17.0,328.0,Condominium,Freehold,Non Bumi Lot,Unknown,Penang,Gelugor
440000,819.0,3.0,2.0,1.0,6,1,1,0,1,0,0,0,2021.0,44.0,2136.0,Service Residence,Leasehold,Non Bumi Lot,Unknown,Kuala Lumpur,Kuala Lumpur
580000,990.0,3.0,2.0,2.0,6,1,0,0,1,1,0,0,2021.0,35.0,284.0,Condominium,Leasehold,Non Bumi Lot,High,Kuala Lumpur,Kuala Lumpur
510000,1104.0,3.0,2.0,2.0,8,1,0,0,1,1,1,0,2021.0,43.0,493.0,Condominium,Leasehold,Non Bumi Lot,High,Kuala Lumpur,Kuala Lumpur
2280000,4300.0,5.0,5.0,3.0,9,0,0,0,0,0,0,0,2011.0,31.0,34.0,Condominium,Freehold,Non Bumi Lot,Unknown,Penang,Pulau Tikus
290000,614.0,2.0,2.0,1.0,0,0,0,0,0,0,0,0,2018.0,,382.0,Apartment,Freehold,Non Bumi Lot,Unknown,Johor,Johor Bahru
180000,650.0,3.0,2.0,1.0,4,0,0,0,0,0,0,0,2003.0,23.0,1064.0,Apartment,Leasehold,Non Bumi Lot,Unknown,Penang,George Town
158000,494.0,2.0,1.0,1.0,0,0,0,0,0,0,0,0,,,,Flat,Freehold,Bumi Lot,Low,Johor,Skudai
367000,991.0,4.0,2.0,2.0,10,0,0,0,0,0,0,0,2022.0,,1255.0,Service Residence,Freehold,Non Bumi Lot,Medium,Selangor,Sepang
350000,743.0,2.0,2.0,1.0,14,0,0,0,0,0,0,0,2020.0,44.0,1400.0,Others,Freehold,Non Bumi Lot,High,Kuala Lumpur,Kuala Lumpur
428000,845.0,2.0,1.0,1.0,7,1,1,1,1,1,1,0,,,,Service Residence,Freehold,Non Bumi Lot,High,Selangor,Puchong
498000,1124.0,3.0,3.0,2.0,6,0,1,1,1,1,1,0,2016.0,22.0,616.0,Service Residence,Freehold,Non Bumi Lot,Low,Selangor,Shah Alam
168000,833.0,3.0,2.0,1.0,7,0,0,0,0,0,0,0,,5.0,,Apartment,Leasehold,Bumi Lot,Low,Selangor,Kajang
185000,550.0,2.0,1.0,1.0,0,0,0,0,0,0,0,0,,,,Flat,Leasehold,Non Bumi Lot,Low,Penang,Ayer Itam
320000,939.0,3.0,2.0,1.0,0,0,0,0,0,0,0,0,2015.0,25.0,636.0,Apartment,Freehold,Non Bumi Lot,Unknown,Selangor,Setia Alam
330000,535.0,1.0,1.0,1.0,7,0,0,0,0,0,0,0,,,,Service Residence,Freehold,Non Bumi Lot,Unknown,Johor,Johor Bahru
570000,1000.0,3.0,2.0,2.0,4,0,0,0,0,0,0,0,2021.0,45.0,938.0,Condominium,Freehold,Non Bumi Lot,Unknown,Penang,Bayan Lepas
350000,900.0,3.0,2.0,1.0,6,0,0,0,0,0,0,0,1999.0,23.0,730.0,Condominium,Freehold,Non Bumi Lot,High,Penang,Gelugor
280000,700.0,3.0,2.0,2.0,2,0,0,0,0,0,0,0,,,,Apartment,Freehold,Non Bumi Lot,High,Penang,Gelugor
485000,728.0,2.0,2.0,2.0,5,0,0,0,0,0,0,0,2017.0,42.0,670.0,Condominium,Freehold,Non Bumi Lot,Medium,Penang,Sungai Ara
368000,800.0,3.0,2.0,1.0,2,0,0,0,0,0,0,0,1998.0,20.0,80.0,Apartment,Freehold,Non Bumi Lot,Low,Penang,George Town
538000,1018.0,3.0,2.0,2.0,6,1,0,1,0,1,1,0,,,,Condominium,Leasehold,Non Bumi Lot,High,Kuala Lumpur,Kuala Lumpur
490000,1230.0,3.0,2.0,2.0,6,0,0,0,0,0,0,0,2017.0,27.0,357.0,Condominium,Freehold,Non Bumi Lot,Unknown,Penang,Teluk Kumbar
155000,657.0,3.0,2.0,1.0,0,0,0,0,0,0,0,0,,,,Apartment,Freehold,Non Bumi Lot,Medium,Selangor,Port Klang
150000,650.0,3.0,2.0,1.0,0,1,0,0,0,0,1,0,2015.0,3.0,,Apartment,Freehold,Non Bumi Lot,Low,Selangor,Klang
730000,1250.0,3.0,2.0,2.0,6,0,0,0,0,0,0,0,2016.0,,252.0,Condominium,Freehold,Non Bumi Lot,Unknown,Penang,Jelutong
530000,1000.0,4.0,3.0,2.0,6,1,1,0,1,1,1,1,2023.0,50.0,3600.0,Condominium,Leasehold,Non Bumi Lot,Unknown,Kuala Lumpur,Kuala Lumpur
428000,819.0,3.0,2.0,1.0,7,1,1,0,1,0,0,0,2021.0,44.0,2136.0,Service Residence,Leasehold,Non Bumi Lot,Unknown,Kuala Lumpur,Kuala Lumpur
480000,956.0,5.0,2.0,1.0,6,1,1,0,1,0,0,0,2019.0,,258.0,Service Residence,Freehold,Non Bumi Lot,High,Kuala Lumpur,Kuala Lumpur
698000,2510.0,3.0,5.0,2.0,9,0,0,0,0,0,0,0,2015.0,3.0,117.0,Townhouse Condo,Freehold,Non Bumi Lot,Unknown,Johor,Iskandar Puteri
240000,721.0,3.0,2.0,1.0,1,0,0,0,0,0,0,0,,,,Flat,Leasehold,Bumi Lot,Medium,Kuala Lumpur,Kuala Lumpur
180000,850.0,3.0,2.0,1.0,0,0,0,0,0,0,0,0,,,,Apartment,Freehold,Non Bumi Lot,Medium,Johor,Masai
120000,506.0,2.0,1.0,1.0,0,0,0,0,0,0,0,0,,,,Apartment,Freehold,Non Bumi Lot,High,Johor,Skudai
155000,750.0,3.0,2.0,1.0,3,0,0,0,0,0,0,0,,5.0,,Apartment,Freehold,Non Bumi Lot,Medium,Selangor,Rawang
190000,800.0,3.0,2.0,1.0,4,1,0,0,0,0,0,0,,,,Apartment,Freehold,Non Bumi Lot,Medium,Selangor,Rawang
325000,1100.0,3.0,2.0,1.0,8,1,1,1,1,0,0,0,,18.0,,Condominium,Leasehold,Non Bumi Lot,Low,Kuala Lumpur,Kuala Lumpur
350000,1280.0,3.0,2.0,1.0,6,0,0,0,0,0,0,0,,16.0,,Apartment,Freehold,Non Bumi Lot,Medium,Selangor,Puchong
690000,1654.0,3.0,2.0,2.0,6,0,0,0,0,0,0,0,1998.0,15.0,198.0,Condominium,Freehold,Non Bumi Lot,Medium,Putrajaya,Putrajaya
325000,700.0,3.0,2.0,1.0,9,0,0,0,0,0,0,0,2012.0,30.0,500.0,Apartment,Freehold,Non Bumi Lot,High,Penang,Ayer Itam
265000,700.0,3.0,2.0,1.0,4,0,0,0,0,0,0,0,1994.0,5.0,360.0,Condominium,Freehold,Non Bumi Lot,Unknown,Penang,Relau
260000,650.0,3.0,2.0,1.0,4,0,0,0,0,0,0,0,,,,Apartment,Freehold,Non Bumi Lot,High,Penang,Jelutong
500000,980.0,3.0,2.0,1.0,3,0,0,0,0,0,0,0,1989.0,3.0,186.0,Apartment,Freehold,Non Bumi Lot,Low,Penang,Gelugor
980000,1419.0,3.0,2.0,2.0,8,0,0,0,0,0,0,0,2021.0,24.0,1235.0,Condominium,Freehold,Non Bumi Lot,High,Penang,Batu Uban
600000,1130.0,3.0,2.0,2.0,14,0,0,0,0,0,0,0,2016.0,26.0,548.0,Condominium,Freehold,Non Bumi Lot,Medium,Penang,Bayan Lepas
250000,850.0,3.0,2.0,1.0,10,1,0,0,0,0,1,0,2002.0,21.0,744.0,Condominium,Freehold,Non Bumi Lot,Medium,Kuala Lumpur,Kuala Lumpur
240000,840.0,3.0,2.0,2.0,9,0,1,0,0,0,0,0,2019.0,,635.0,Apartment,Freehold,Non Bumi Lot,Medium,Selangor,Semenyih
430000,1020.0,3.0,2.0,2.0,9,1,0,0,0,1,1,0,2013.0,16.0,1120.0,Condominium,Leasehold,Non Bumi Lot,Unknown,Selangor,Petaling Jaya
245000,700.0,3.0,2.0,1.0,11,0,0,0,0,0,0,0,1998.0,35.0,,Condominium,Freehold,Non Bumi Lot,High,Penang,Bayan Lepas
650000,850.0,2.0,2.0,1.0,8,1,0,1,0,1,1,0,2019.0,52.0,495.0,Service Residence,Freehold,Non Bumi Lot,Unknown,Kuala Lumpur,Kuala Lumpur
390000,960.0,3.0,2.0,1.0,6,1,0,0,1,1,0,0,1998.0,21.0,640.0,Condominium,Leasehold,Non Bumi Lot,High,Kuala Lumpur,Kuala Lumpur
420000,819.0,3.0,2.0,1.0,6,1,1,0,1,0,0,0,2021.0,44.0,2136.0,Service Residence,Leasehold,Non Bumi Lot,Unknown,Kuala Lumpur,Kuala Lumpur
270000,834.0,3.0,2.0,1.0,0,0,0,0,0,0,0,0,2023.0,26.0,832.0,Service Residence,Leasehold,Non Bumi Lot,High,Selangor,Shah Alam
232000,1389.0,3.0,3.0,1.0,5,1,0,0,0,1,1,0,2017.0,,300.0,Service Residence,Freehold,Non Bumi Lot,High,Selangor,Puchong
700000,1036.0,3.0,2.0,2.0,9,0,0,0,0,0,0,0,2021.0,33.0,550.0,Condominium,Freehold,Non Bumi Lot,Unknown,Penang,Jelutong
870000,1239.0,3.0,2.0,2.0,9,0,0,0,0,0,0,0,2021.0,33.0,550.0,Condominium,Freehold,Non Bumi Lot,Unknown,Penang,Jelutong
798000,1100.0,3.0,2.0,1.0,3,0,0,0,0,0,0,0,,,240.0,Condominium,Leasehold,Non Bumi Lot,Unknown,Penang,Jelutong
260000,779.0,3.0,2.0,1.0,0,0,0,0,0,0,0,0,2005.0,7.0,1274.0,Apartment,Leasehold,Bumi Lot,Unknown,Selangor,Shah Alam
770000,1345.0,4.0,2.0,2.0,9,0,0,0,0,0,0,0,2016.0,17.0,91.0,Condominium,Freehold,Non Bumi Lot,Unknown,Penang,Jelutong
285000,850.0,3.0,2.0,1.0,4,0,0,1,0,1,0,0,,,536.0,Apartment,Freehold,Bumi Lot,Unknown,Selangor,Setia Alam
260000,828.0,3.0,2.0,1.0,0,0,0,0,0,0,0,0,,,,Apartment,Leasehold,Bumi Lot,Unknown,Selangor,Shah Alam
148000,576.0,1.0,2.0,1.0,7,0,1,0,0,1,0,0,2009.0,,272.0,Service Residence,Freehold,Bumi Lot,Medium,Selangor,Cyberjaya
250000,950.0,3.0,2.0,1.0,6,0,0,0,0,0,0,0,,17.0,,Apartment,Leasehold,Bumi Lot,Low,Johor,Tampoi
338000,762.0,2.0,2.0,1.0,3,0,0,0,0,0,0,0,,,512.0,Apartment,Leasehold,Non Bumi Lot,Low,Sabah,Kota Kinabalu
105000,613.0,3.0,2.0,1.0,0,0,0,0,0,0,0,0,,,,Flat,Leasehold,Bumi Lot,High,Johor,Skudai
450000,1003.0,3.0,3.0,2.0,11,1,0,0,1,0,1,1,2019.0,38.0,980.0,Condominium,Leasehold,Bumi Lot,Medium,Kuala Lumpur,Kuala Lumpur
385000,1200.0,3.0,2.0,1.0,4,0,0,0,0,0,0,0,,19.0,,Service Residence,Leasehold,Non Bumi Lot,Medium,Johor,Johor Bahru
543000,880.0,1.0,1.0,2.0,14,1,1,1,0,1,1,0,2016.0,36.0,670.0,Studio,Freehold,Non Bumi Lot,Medium,Selangor,Cyberjaya
700000,1450.0,3.0,2.0,1.0,8,0,0,0,0,0,0,0,2014.0,16.0,470.0,Condominium,Freehold,Non Bumi Lot,Unknown,Penang,Bayan Lepas
320000,751.0,2.0,2.0,1.0,9,0,0,1,0,0,0,0,1991.0,19.0,,Condominium,Leasehold,Non Bumi Lot,Unknown,Selangor,Selayang
350000,1043.0,3.0,2.0,1.0,5,0,0,0,0,0,0,0,2006.0,12.0,260.0,Condominium,Leasehold,Bumi Lot,Unknown,Selangor,Shah Alam
890000,2101.0,3.0,3.0,3.0,11,0,0,0,0,0,0,0,2020.0,42.0,150.0,Condominium,Freehold,Non Bumi Lot,High,Penang,Batu Uban
288000,810.0,3.0,2.0,1.0,3,0,0,0,0,0,0,0,1999.0,,252.0,Apartment,Freehold,Non Bumi Lot,Medium,Penang,Sungai Ara
380000,850.0,3.0,2.0,1.0,4,0,0,0,0,0,0,0,1998.0,21.0,406.0,Condominium,Freehold,Non Bumi Lot,Low,Penang,George Town
250000,700.0,3.0,2.0,1.0,3,0,0,0,0,0,0,0,,25.0,,Apartment,Leasehold,Non Bumi Lot,Medium,Penang,Ayer Itam
250000,872.0,3.0,2.0,1.0,7,0,0,0,0,0,0,0,,11.0,708.0,Apartment,Leasehold,Non Bumi Lot,Low,Johor,Masai
270000,1077.0,3.0,2.0,1.0,4,0,0,0,0,0,0,0,,12.0,,Apartment,Freehold,Non Bumi Lot,High,Selangor,Kajang
363000,1126.0,3.0,2.0,1.0,14,0,0,0,0,0,0,0,,,226.0,Condominium,Freehold,Bumi Lot,Medium,Putrajaya,Putrajaya
165000,803.0,3.0,2.0,1.0,3,0,0,0,0,0,0,0,,,,Apartment,Freehold,Non Bumi Lot,Unknown,Selangor,Shah Alam
598000,1496.0,3.0,2.0,2.0,11,0,0,0,0,0,0,0,2017.0,46.0,1134.0,Condominium,Freehold,Non Bumi Lot,High,Johor,Masai
299000,865.0,2.0,2.0,1.0,10,0,0,0,0,0,0,0,,,,Condominium,Freehold,Non Bumi Lot,Medium,Johor,Masai
700000,1314.0,3.0,2.0,3.0,7,0,0,0,0,0,0,0,2016.0,38.0,434.0,Condominium,Freehold,Non Bumi Lot,Unknown,Penang,Sungai Ara
565000,1095.0,3.0,2.0,1.0,7,0,0,0,0,0,0,0,2016.0,38.0,434.0,Condominium,Freehold,Non Bumi Lot,Unknown,Penang,Sungai Ara
380000,950.0,3.0,2.0,1.0,9,0,0,0,0,0,0,0,2000.0,21.0,,Condominium,Freehold,Non Bumi Lot,Medium,Penang,Bayan Lepas
185000,614.0,3.0,2.0,1.0,3,0,0,0,0,0,0,0,,,,Apartment,Leasehold,Non Bumi Lot,Low,Penang,Ayer Itam
1600000,1982.0,4.0,4.0,3.0,9,0,0,0,0,0,0,0,2021.0,24.0,1235.0,Condominium,Freehold,Non Bumi Lot,High,Penang,Relau
615000,1598.0,3.0,3.0,2.0,5,0,0,0,0,0,0,0,2017.0,42.0,670.0,Condominium,Freehold,Non Bumi Lot,Medium,Penang,Sungai Ara
520000,900.0,3.0,2.0,2.0,5,0,0,0,0,0,0,0,2017.0,42.0,670.0,Condominium,Freehold,Non Bumi Lot,High,Penang,Sungai Ara
330000,700.0,3.0,2.0,1.0,4,0,0,0,0,0,0,0,1994.0,18.0,136.0,Condominium,Freehold,Non Bumi Lot,Medium,Penang,Bayan Lepas
380000,700.0,3.0,2.0,1.0,8,0,0,0,0,0,0,0,2009.0,23.0,,Apartment,Freehold,Non Bumi Lot,Medium,Penang,Jelutong
340000,850.0,3.0,2.0,1.0,11,0,0,0,0,0,0,0,1997.0,28.0,422.0,Condominium,Freehold,Non Bumi Lot,Medium,Penang,Gelugor
158000,700.0,3.0,2.0,1.0,4,0,0,0,0,0,0,0,,5.0,,Apartment,Freehold,Non Bumi Lot,Medium,Selangor,Shah Alam
850000,1518.0,3.0,3.0,1.0,12,1,1,0,1,1,0,0,,,,Service Residence,Leasehold,Bumi Lot,Medium,Kuala Lumpur,Kuala Lumpur
480000,1272.0,4.0,2.0,2.0,10,1,1,1,0,1,1,0,,,,Condominium,Leasehold,Non Bumi Lot,Unknown,Kuala Lumpur,Kuala Lumpur
600000,1275.0,3.0,2.0,2.0,0,0,0,0,0,0,0,0,2017.0,30.0,410.0,Condominium,Freehold,Non Bumi Lot,Unknown,Penang,Sungai Ara
488000,1742.0,3.0,2.0,2.0,11,0,0,0,0,0,0,0,2014.0,30.0,600.0,Condominium,Freehold,Non Bumi Lot,Medium,Selangor,Cyberjaya
600000,1270.0,3.0,2.0,2.0,0,0,0,0,0,0,0,0,2017.0,30.0,410.0,Condominium,Freehold,Non Bumi Lot,Unknown,Penang,Sungai Ara
320000,547.0,1.0,1.0,1.0,10,0,0,0,1,0,0,0,2019.0,,1196.0,Condominium,Freehold,Non Bumi Lot,High,Selangor,Cheras
490000,1018.0,3.0,2.0,2.0,6,1,0,1,0,1,1,0,,,,Condominium,Leasehold,Non Bumi Lot,Medium,Kuala Lumpur,Kuala Lumpur
475000,1018.0,3.0,2.0,2.0,6,1,0,1,0,1,1,0,,,,Condominium,Leasehold,Non Bumi Lot,Unknown,Kuala Lumpur,Kuala Lumpur
290000,800.0,3.0,2.0,1.0,0,0,0,0,0,0,0,0,,,,Apartment,Leasehold,Bumi Lot,Low,Selangor,Shah Alam
300000,1141.0,3.0,2.0,1.0,12,0,1,0,1,0,0,0,1995.0,19.0,486.0,Condominium,Leasehold,Bumi Lot,Low,Kuala Lumpur,Kuala Lumpur
265000,845.0,3.0,2.0,1.0,5,0,0,0,0,0,0,0,,,,Apartment,Leasehold,Non Bumi Lot,Low,Sabah,Kota Kinabalu
539999,1238.0,3.0,2.0,1.0,3,0,0,0,0,0,0,0,,,90.0,Condominium,Leasehold,Non Bumi Lot,Medium,Sabah,Kota Kinabalu
1500000,1000.0,3.0,2.0,2.0,9,0,0,0,0,0,0,0,2015.0,32.0,71.0,Condominium,Freehold,Non Bumi Lot,Medium,Penang,Pulau Tikus
750000,900.0,3.0,2.0,2.0,10,0,0,0,0,0,0,0,2018.0,38.0,473.0,Condominium,Freehold,Non Bumi Lot,Low,Penang,Tanjong Tokong
650000,900.0,2.0,2.0,2.0,11,0,0,0,0,0,0,0,2018.0,38.0,473.0,Condominium,Freehold,Non Bumi Lot,Low,Penang,Tanjong Tokong
480000,1417.0,2.0,2.0,1.0,7,0,0,0,0,0,0,0,2017.0,21.0,564.0,Service Residence,Freehold,Non Bumi Lot,Medium,Selangor,Shah Alam
208000,650.0,3.0,2.0,1.0,2,1,1,1,1,0,1,0,,15.0,,Apartment,Leasehold,Non Bumi Lot,Unknown,Kuala Lumpur,Kuala Lumpur
248000,850.0,3.0,2.0,1.0,2,0,0,0,0,0,0,0,,5.0,,Apartment,Freehold,Non Bumi Lot,Unknown,Selangor,Cheras
620000,1016.0,2.0,2.0,2.0,7,0,0,0,0,0,0,0,2018.0,44.0,378.0,Condominium,Freehold,Non Bumi Lot,Unknown,Penang,Jelutong
700000,1155.0,3.0,2.0,2.0,0,0,0,0,0,0,0,0,,,,Condominium,Leasehold,Non Bumi Lot,Unknown,Penang,Bayan Lepas
530000,1120.0,3.0,2.0,2.0,8,0,0,0,0,0,0,0,2017.0,31.0,476.0,Condominium,Freehold,Non Bumi Lot,Medium,Penang,Sungai Ara
1190000,3070.0,4.0,3.0,4.0,0,0,0,0,0,0,0,0,2015.0,,222.0,Condominium,Freehold,Non Bumi Lot,High,Penang,Paya Terubong
430000,1334.0,3.0,2.0,2.0,7,0,0,0,0,0,0,0,,15.0,,Condominium,Freehold,Non Bumi Lot,Unknown,Penang,Butterworth
179500,710.0,3.0,2.0,1.0,0,0,0,0,0,0,0,0,,18.0,,Apartment,Freehold,Non Bumi Lot,High,Selangor,Kajang
240000,850.0,3.0,2.0,1.0,6,0,0,0,0,0,1,0,2012.0,9.0,344.0,Apartment,Leasehold,Bumi Lot,Low,Selangor,Puchong
630000,1276.0,3.0,2.0,2.0,5,1,0,0,1,0,1,1,,30.0,720.0,Condominium,Leasehold,Non Bumi Lot,Medium,Kuala Lumpur,Kuala Lumpur
490000,1000.0,3.0,2.0,1.0,5,0,0,0,0,0,0,0,2015.0,,,Condominium,Leasehold,Non Bumi Lot,Medium,Sabah,Kota Kinabalu
150000,650.0,3.0,1.0,1.0,4,1,0,0,0,0,1,0,,14.0,90.0,Apartment,Freehold,Bumi Lot,High,Selangor,Ampang
360000,1170.0,3.0,2.0,1.0,9,1,1,0,0,1,1,0,2007.0,10.0,396.0,Condominium,Freehold,Non Bumi Lot,Medium,Selangor,Klang
320000,838.0,4.0,2.0,2.0,2,1,0,0,0,1,0,0,,15.0,,Apartment,Leasehold,Bumi Lot,Medium,Selangor,Shah Alam
1100000,1249.0,3.0,2.0,2.0,7,0,0,0,0,0,0,0,2020.0,33.0,256.0,Condominium,Freehold,Non Bumi Lot,Unknown,Penang,Gelugor
820000,1055.0,2.0,2.0,2.0,7,0,0,0,0,0,0,0,2020.0,33.0,256.0,Condominium,Freehold,Non Bumi Lot,Unknown,Penang,Gelugor
235000,883.0,3.0,2.0,1.0,7,0,0,0,0,0,1,0,2015.0,,156.0,Service Residence,Leasehold,Non Bumi Lot,Unknown,Selangor,Puchong
320000,973.0,3.0,2.0,1.0,5,0,0,0,0,0,0,0,2015.0,,352.0,Condominium,Leasehold,Non Bumi Lot,Medium,Johor,Johor Bahru
420000,1018.0,3.0,2.0,1.0,9,0,0,0,0,0,0,0,2004.0,11.0,228.0,Condominium,Freehold,Non Bumi Lot,Medium,Penang,Sungai Ara
690000,1353.0,3.0,2.0,2.0,5,0,0,0,0,0,0,0,2018.0,49.0,480.0,Service Residence,Freehold,Non Bumi Lot,Low,Penang,Gelugor
340000,850.0,3.0,2.0,1.0,0,0,0,0,0,0,0,0,1998.0,21.0,406.0,Condominium,Freehold,Non Bumi Lot,Low,Penang,George Town
690000,1155.0,3.0,2.0,2.0,5,0,0,0,0,0,0,0,,,,Condominium,Freehold,Non Bumi Lot,Medium,Penang,Bayan Lepas
1050000,1818.0,4.0,3.0,2.0,8,0,0,0,0,0,0,0,2021.0,24.0,1235.0,Condominium,Freehold,Non Bumi Lot,High,Penang,Batu Uban
285000,531.0,1.0,1.0,1.0,12,0,0,1,0,0,1,0,,,,Service Residence,Leasehold,Non Bumi Lot,Medium,Selangor,Seri Kembangan
3200000,3900.0,5.0,4.0,3.0,9,1,1,0,1,1,1,0,2009.0,33.0,388.0,Condominium,Freehold,Non Bumi Lot,High,Kuala Lumpur,Kuala Lumpur
670000,1465.0,4.0,2.0,2.0,6,1,0,1,1,1,0,0,,22.0,352.0,Condominium,Freehold,Non Bumi Lot,High,Kuala Lumpur,Kuala Lumpur
520000,1106.0,3.0,3.0,2.0,7,1,0,0,1,1,1,0,2021.0,43.0,493.0,Condominium,Leasehold,Non Bumi Lot,Medium,Kuala Lumpur,Kuala Lumpur
415000,825.0,2.0,2.0,2.0,6,1,1,0,1,0,1,0,2017.0,34.0,542.0,Service Residence,Leasehold,Non Bumi Lot,Unknown,Kuala Lumpur,Kuala Lumpur
468000,997.0,2.0,2.0,1.0,7,1,1,0,1,1,0,0,2006.0,,,Service Residence,Leasehold,Non Bumi Lot,Unknown,Kuala Lumpur,Kuala Lumpur
190000,550.0,2.0,1.0,1.0,8,0,0,0,0,0,0,0,,,1456.0,Apartment,Leasehold,Non Bumi Lot,Medium,Sabah,Kota Kinabalu
100000,689.0,3.0,2.0,1.0,0,0,0,0,0,0,0,0,,,,Flat,Freehold,Non Bumi Lot,Medium,Penang,Permatang Pauh
283500,900.0,3.0,2.0,1.0,6,0,0,0,0,0,0,0,,,,Apartment,Freehold,Non Bumi Lot,Medium,Penang,Bayan Lepas
390000,1035.0,3.0,2.0,1.0,11,0,0,0,0,0,0,0,2008.0,14.0,480.0,Condominium,Freehold,Non Bumi Lot,Medium,Selangor,Ampang
285000,950.0,3.0,2.0,2.0,9,0,0,0,0,0,0,0,2019.0,,,Apartment,Freehold,Non Bumi Lot,Low,Selangor,Semenyih
265000,705.0,3.0,2.0,1.0,5,0,0,0,0,0,0,0,,4.0,328.0,Apartment,Leasehold,Non Bumi Lot,Medium,Sabah,Kota Kinabalu
300000,732.0,3.0,2.0,1.0,4,0,0,0,0,0,0,0,,,,Apartment,Leasehold,Non Bumi Lot,Medium,Sabah,Kota Kinabalu
330000,800.0,3.0,2.0,1.0,9,0,0,0,0,0,0,0,1999.0,23.0,433.0,Apartment,Freehold,Non Bumi Lot,Unknown,Penang,Jelutong
140000,650.0,3.0,1.0,1.0,5,0,0,0,0,0,0,0,2015.0,20.0,1440.0,Condominium,Leasehold,Bumi Lot,Unknown,Selangor,Damansara Perdana
750000,1500.0,4.0,3.0,2.0,11,0,0,0,0,0,0,0,2015.0,43.0,218.0,Condominium,Freehold,Non Bumi Lot,Unknown,Penang,Tanjong Tokong
788000,1600.0,4.0,4.0,2.0,11,0,0,0,0,0,0,0,2015.0,43.0,218.0,Condominium,Freehold,Non Bumi Lot,Low,Penang,Tanjong Tokong
420000,800.0,3.0,2.0,1.0,9,0,0,0,0,0,0,0,2018.0,45.0,1168.0,Condominium,Freehold,Non Bumi Lot,Medium,Penang,Tanjong Tokong
480000,800.0,3.0,2.0,2.0,8,0,0,0,0,0,0,0,2018.0,45.0,1168.0,Condominium,Freehold,Non Bumi Lot,Low,Penang,Tanjong Tokong
473000,1302.0,3.0,2.0,2.0,14,0,0,0,0,0,0,0,2012.0,,350.0,Condominium,Freehold,Non Bumi Lot,Medium,Selangor,Cyberjaya
760000,1483.0,3.0,3.0,2.0,9,0,0,0,0,0,0,0,2017.0,37.0,299.0,Condominium,Freehold,Non Bumi Lot,Medium,Penang,Relau
400000,838.0,3.0,2.0,2.0,9,0,0,0,0,0,0,0,2007.0,22.0,816.0,Condominium,Freehold,Non Bumi Lot,High,Penang,Ayer Itam
390000,890.0,3.0,2.0,1.0,4,0,0,0,0,0,0,0,2009.0,22.0,398.0,Apartment,Leasehold,Non Bumi Lot,Medium,Penang,Ayer Itam
600000,800.0,3.0,2.0,1.0,13,0,0,0,0,0,0,0,2017.0,22.0,1343.0,Condominium,Freehold,Non Bumi Lot,Unknown,Penang,Bayan Lepas
400000,1285.0,4.0,2.0,2.0,12,0,0,0,0,0,0,0,2008.0,23.0,354.0,Condominium,Freehold,Non Bumi Lot,Medium,Penang,Butterworth
380000,850.0,3.0,2.0,1.0,0,0,0,0,0,0,0,0,1998.0,21.0,406.0,Condominium,Freehold,Non Bumi Lot,Low,Penang,George Town
820000,1130.0,3.0,2.0,2.0,9,0,0,0,0,0,0,0,,,,Condominium,Freehold,Non Bumi Lot,Low,Penang,Gelugor
655000,1343.0,4.0,2.0,2.0,7,0,0,0,0,0,0,0,,22.0,144.0,Condominium,Freehold,Non Bumi Lot,High,Penang,Gelugor
135000,650.0,3.0,2.0,1.0,0,0,0,0,0,0,0,0,,5.0,,Flat,Freehold,Non Bumi Lot,Low,Selangor,Klang
145000,650.0,3.0,2.0,1.0,0,0,0,0,0,0,0,0,,,,Flat,Freehold,Non Bumi Lot,Low,Selangor,Klang
155000,657.0,3.0,2.0,1.0,0,0,0,0,0,0,0,0,,,,Apartment,Freehold,Non Bumi Lot,Low,Selangor,Port Klang
222000,600.0,2.0,1.0,1.0,7,0,0,0,0,0,0,0,,,,Condominium,Leasehold,Non Bumi Lot,Medium,Sabah,Kota Kinabalu
155000,650.0,3.0,2.0,1.0,3,1,0,0,1,1,0,0,,,,Apartment,Leasehold,Non Bumi Lot,High,Selangor,Cheras
248000,895.0,3.0,2.0,1.0,7,0,0,1,0,0,1,0,,,,Apartment,Leasehold,Non Bumi Lot,Low,Selangor,Seri Kembangan
375000,1453.0,4.0,2.0,1.0,4,0,0,0,0,0,0,0,,,,Service Residence,Freehold,Non Bumi Lot,High,Johor,Johor Bahru
600000,1038.0,3.0,3.0,2.0,14,0,0,0,0,0,0,0,2022.0,,630.0,Service Residence,Leasehold,Non Bumi Lot,Medium,Sabah,Kota Kinabalu
198000,850.0,3.0,2.0,1.0,0,0,0,0,0,0,0,0,2010.0,5.0,,Flat,Freehold,Non Bumi Lot,High,Johor,Johor Bahru
248000,750.0,3.0,2.0,1.0,0,0,0,0,0,0,0,0,,,,Apartment,Freehold,Non Bumi Lot,Medium,Penang,Butterworth
388000,700.0,3.0,2.0,1.0,8,0,0,0,0,0,0,0,2008.0,22.0,754.0,Condominium,Leasehold,Non Bumi Lot,High,Penang,Jelutong
399000,1050.0,3.0,2.0,2.0,0,0,0,0,0,0,0,0,1994.0,22.0,504.0,Condominium,Freehold,Non Bumi Lot,Low,Penang,Gelugor
680000,1250.0,3.0,2.0,2.0,14,0,0,0,0,0,0,0,2015.0,19.0,114.0,Condominium,Freehold,Non Bumi Lot,Unknown,Penang,Bayan Baru
340000,1442.0,3.0,2.0,1.0,6,0,0,0,0,0,0,0,,,,Condominium,Freehold,Non Bumi Lot,Medium,Penang,Butterworth
730000,1300.0,4.0,2.0,2.0,14,0,0,0,0,0,0,0,2015.0,19.0,114.0,Condominium,Freehold,Non Bumi Lot,Unknown,Penang,Bayan Baru
140000,700.0,3.0,1.0,1.0,4,0,0,0,0,0,0,0,,,,Apartment,Leasehold,Malay Reserved,Low,Sabah,Tuaran
620000,1442.0,3.0,2.0,2.0,12,0,0,0,0,0,0,0,2016.0,,800.0,Condominium,Freehold,Non Bumi Lot,Medium,Selangor,Cyberjaya
370000,850.0,3.0,2.0,1.0,9,0,0,0,0,0,0,0,2007.0,22.0,816.0,Condominium,Freehold,Non Bumi Lot,High,Penang,Ayer Itam
85000,700.0,3.0,2.0,1.0,2,0,1,0,0,0,0,0,,5.0,7810.0,Apartment,Freehold,Non Bumi Lot,High,Selangor,Beranang
260000,733.0,2.0,2.0,1.0,6,0,0,0,0,0,0,0,,12.0,,Condominium,Leasehold,Bumi Lot,Unknown,Selangor,Shah Alam
598000,1233.0,3.0,2.0,2.0,0,0,0,0,0,0,0,0,2017.0,30.0,410.0,Condominium,Freehold,Non Bumi Lot,Unknown,Penang,Sungai Ara
350000,700.0,3.0,2.0,1.0,5,0,0,0,0,0,0,0,2013.0,31.0,780.0,Apartment,Freehold,Non Bumi Lot,High,Penang,Gelugor
980000,1419.0,4.0,2.0,2.0,8,0,0,0,0,0,0,0,2021.0,24.0,1235.0,Condominium,Freehold,Non Bumi Lot,High,Penang,Batu Uban
397000,850.0,3.0,2.0,2.0,13,0,0,0,0,0,0,0,1998.0,16.0,488.0,Condominium,Leasehold,Non Bumi Lot,Medium,Penang,Bayan Lepas
360000,700.0,3.0,2.0,2.0,7,0,0,0,0,0,0,0,1997.0,32.0,988.0,Condominium,Freehold,Non Bumi Lot,Low,Penang,Gelugor
685000,1598.0,3.0,3.0,2.0,5,0,0,0,0,0,0,0,2017.0,42.0,670.0,Condominium,Freehold,Non Bumi Lot,Medium,Penang,Sungai Ara
300000,750.0,3.0,2.0,1.0,6,1,1,0,1,1,0,1,,,,Condominium,Leasehold,Bumi Lot,Low,Kuala Lumpur,Kuala Lumpur
420000,1055.0,3.0,2.0,1.0,10,0,0,0,0,0,0,0,1998.0,15.0,336.0,Condominium,Freehold,Non Bumi Lot,Unknown,Penang,Sungai Ara
230000,856.0,3.0,2.0,1.0,6,0,0,0,0,0,0,0,,9.0,,Condominium,Freehold,Non Bumi Lot,Low,Selangor,Bandar Mahkota Cheras
150000,707.0,3.0,1.0,1.0,2,0,0,0,0,0,0,1,,,,Flat,Freehold,Bumi Lot,Medium,Selangor,Kajang
255000,965.0,3.0,2.0,1.0,0,1,1,1,0,0,1,0,,12.0,,Condominium,Leasehold,Non Bumi Lot,Medium,Selangor,Cheras
428000,1200.0,3.0,2.0,1.0,0,0,0,0,0,0,0,0,1994.0,22.0,504.0,Condominium,Freehold,Non Bumi Lot,Unknown,Penang,Gelugor
600000,1275.0,3.0,2.0,2.0,0,0,0,0,0,0,0,0,2017.0,30.0,410.0,Condominium,Freehold,Non Bumi Lot,Unknown,Penang,Sungai Ara
284000,1324.0,3.0,2.0,1.0,6,0,0,0,0,0,0,0,,,698.0,Apartment,Freehold,Non Bumi Lot,Low,Johor,Masai
520000,1076.0,3.0,2.0,1.0,7,0,0,0,0,0,0,0,2016.0,38.0,434.0,Condominium,Freehold,Non Bumi Lot,Low,Penang,Sungai Ara
998000,1350.0,3.0,2.0,2.0,7,0,0,0,0,0,0,0,,,,Service Residence,Freehold,Non Bumi Lot,Medium,Penang,Tanjong Tokong
430000,1000.0,3.0,2.0,2.0,3,0,0,0,0,0,0,0,,,1000.0,Service Residence,Freehold,Non Bumi Lot,Medium,Penang,Ayer Itam
530000,936.0,3.0,2.0,2.0,14,0,0,0,0,0,0,0,2011.0,38.0,420.0,Condominium,Freehold,Non Bumi Lot,Medium,Penang,Ayer Itam
340000,850.0,3.0,2.0,1.0,3,0,0,0,0,0,0,0,2008.0,29.0,,Apartment,Freehold,Non Bumi Lot,High,Penang,Bayan Lepas
620000,1100.0,3.0,2.0,4.0,9,0,0,0,0,0,0,0,2016.0,30.0,816.0,Condominium,Freehold,Non Bumi Lot,High,Penang,Sungai Ara
320000,841.0,3.0,2.0,1.0,5,1,1,1,1,0,1,0,,12.0,576.0,Apartment,Freehold,Non Bumi Lot,High,Kuala Lumpur,Kuala Lumpur
390000,1072.0,3.0,2.0,1.0,13,1,0,0,0,1,1,1,2012.0,,1000.0,Condominium,Freehold,Non Bumi Lot,Low,Selangor,Puchong
245000,680.0,3.0,2.0,1.0,2,0,0,0,0,0,0,0,,,,Condominium,Leasehold,Non Bumi Lot,Unknown,Penang,Tanjong Tokong
210000,720.0,3.0,1.0,1.0,0,0,0,0,0,0,0,0,,,,Apartment,Leasehold,Bumi Lot,High,Kuala Lumpur,Kuala Lumpur
309000,960.0,3.0,2.0,1.0,5,1,0,1,0,0,1,0,,8.0,,Apartment,Freehold,Non Bumi Lot,High,Selangor,Klang
130000,614.0,3.0,1.0,1.0,0,0,0,0,0,0,0,0,,,,Flat,Freehold,Non Bumi Lot,High,Penang,Ayer Itam
250000,736.0,3.0,2.0,1.0,6,0,0,0,0,1,0,1,2010.0,,596.0,Apartment,Freehold,Non Bumi Lot,Medium,Selangor,Shah Alam
368000,700.0,3.0,2.0,1.0,7,0,0,0,0,0,0,0,1999.0,19.0,322.0,Apartment,Freehold,Non Bumi Lot,Low,Penang,Jelutong
630000,1113.0,3.0,2.0,2.0,7,0,0,0,0,0,0,0,2010.0,38.0,,Condominium,Leasehold,Non Bumi Lot,High,Penang,Gelugor
610000,1084.0,3.0,2.0,1.0,13,0,0,0,0,0,0,0,1999.0,17.0,412.0,Condominium,Leasehold,Non Bumi Lot,Low,Penang,Bayan Lepas
2300000,1406.0,3.0,3.0,2.0,9,1,1,0,1,0,0,1,2017.0,27.0,271.0,Service Residence,Leasehold,Non Bumi Lot,Unknown,Selangor,Petaling Jaya
430000,700.0,3.0,2.0,1.0,0,0,0,0,0,0,0,0,,7.0,36.0,Apartment,Freehold,Non Bumi Lot,Unknown,Penang,George Town
395000,1238.0,3.0,3.0,1.0,8,1,0,0,0,0,1,0,2008.0,27.0,798.0,Condominium,Freehold,Non Bumi Lot,Unknown,Selangor,Seri Kembangan
460000,958.0,2.0,2.0,1.0,9,0,0,0,0,0,0,0,2014.0,28.0,1149.0,Service Residence,Freehold,Non Bumi Lot,Medium,Johor,Johor Bahru
530000,1600.0,4.0,2.0,2.0,1,0,0,0,0,0,0,0,,24.0,234.0,Condominium,Freehold,Non Bumi Lot,Unknown,Penang,Ayer Itam
230000,820.0,3.0,2.0,1.0,5,1,0,1,0,0,1,0,,15.0,,Apartment,Freehold,Non Bumi Lot,Unknown,Selangor,Klang
638000,1250.0,3.0,2.0,1.0,6,0,0,0,0,0,0,0,1998.0,23.0,208.0,Condominium,Freehold,Non Bumi Lot,Unknown,Penang,Tanjung Bungah
170000,592.0,2.0,1.0,2.0,5,0,0,0,0,0,0,0,,,,Flat,Leasehold,Non Bumi Lot,High,Selangor,Shah Alam
354000,874.0,3.0,2.0,1.0,6,1,0,0,0,1,1,0,2009.0,13.0,,Condominium,Leasehold,Bumi Lot,High,Kuala Lumpur,Kuala Lumpur
255000,850.0,3.0,2.0,1.0,3,1,0,0,0,1,0,0,2013.0,,120.0,Apartment,Leasehold,Bumi Lot,Low,Selangor,Shah Alam
210000,835.0,3.0,2.0,1.0,0,0,0,1,1,1,0,0,,,,Apartment,Leasehold,Bumi Lot,Low,Selangor,Shah Alam
130000,700.0,3.0,1.0,1.0,1,0,0,0,0,0,0,0,2003.0,23.0,2115.0,Flat,Freehold,Non Bumi Lot,Medium,Penang,Ayer Itam
530000,774.0,3.0,2.0,1.0,9,0,0,0,1,0,1,0,2016.0,36.0,630.0,Service Residence,Leasehold,Non Bumi Lot,Medium,Kuala Lumpur,Kuala Lumpur
145000,650.0,3.0,2.0,1.0,0,0,0,0,0,0,0,0,,,,Flat,Freehold,Bumi Lot,High,Johor,Tebrau
343000,807.0,3.0,2.0,1.0,5,0,0,0,0,0,0,0,2017.0,17.0,322.0,Apartment,Freehold,Bumi Lot,High,Johor,Iskandar Puteri
229000,987.0,3.0,2.0,1.0,4,0,0,0,0,0,0,0,,,,Apartment,Freehold,Non Bumi Lot,Unknown,Selangor,Kajang
210000,753.0,3.0,2.0,1.0,2,0,0,0,0,0,0,0,,,,Flat,Freehold,Non Bumi Lot,High,Johor,Iskandar Puteri
338800,850.0,3.0,2.0,1.0,4,1,1,0,1,0,1,1,2000.0,8.0,,Apartment,Freehold,Non Bumi Lot,Medium,Selangor,Subang Jaya
360000,850.0,3.0,2.0,1.0,4,1,1,0,1,0,1,1,2000.0,8.0,,Apartment,Freehold,Non Bumi Lot,Low,Selangor,Subang Jaya
429999,1075.0,3.0,2.0,1.0,6,0,0,0,0,0,0,0,,,,Condominium,Leasehold,Bumi Lot,Medium,Sabah,Kota Kinabalu
489999,1000.0,3.0,2.0,1.0,8,0,0,0,0,0,0,0,2015.0,,,Condominium,Leasehold,Non Bumi Lot,Medium,Sabah,Kota Kinabalu
158000,550.0,2.0,1.0,1.0,0,0,0,0,0,0,0,0,,,,Apartment,Freehold,Non Bumi Lot,Medium,Penang,Ayer Itam
480000,1060.0,1.0,2.0,1.0,5,0,0,0,0,0,0,0,,17.0,160.0,Condominium,Freehold,Non Bumi Lot,Low,Penang,Batu Ferringhi
2300000,4800.0,4.0,4.0,2.0,9,0,0,0,0,0,0,0,,31.0,34.0,Condominium,Freehold,Non Bumi Lot,Medium,Penang,Pulau Tikus
315000,857.0,3.0,2.0,1.0,12,1,0,0,1,0,0,0,2014.0,23.0,744.0,Service Residence,Freehold,Non Bumi Lot,High,Selangor,Batu Caves
388000,560.0,1.0,1.0,1.0,11,1,1,1,1,1,1,0,2012.0,38.0,1033.0,Service Residence,Freehold,Non Bumi Lot,High,Kuala Lumpur,Kuala Lumpur
950000,1310.0,3.0,2.0,2.0,8,0,0,0,0,0,0,0,2021.0,24.0,1235.0,Condominium,Freehold,Non Bumi Lot,Medium,Penang,Batu Uban
340000,750.0,3.0,2.0,1.0,6,0,0,0,0,0,0,0,,20.0,608.0,Apartment,Freehold,Non Bumi Lot,Low,Penang,Bayan Lepas
310000,750.0,3.0,2.0,1.0,4,0,0,0,0,0,0,0,1999.0,8.0,224.0,Apartment,Freehold,Non Bumi Lot,Medium,Penang,George Town
860000,1475.0,3.0,2.0,2.0,2,0,0,0,0,0,0,0,1992.0,5.0,,Condominium,Freehold,Non Bumi Lot,Unknown,Penang,George Town
150000,700.0,3.0,1.0,1.0,2,0,1,0,0,0,0,0,,5.0,7810.0,Apartment,Freehold,Non Bumi Lot,Low,Selangor,Beranang
438000,776.0,2.0,2.0,2.0,5,0,0,0,0,0,0,0,2017.0,42.0,670.0,Condominium,Freehold,Non Bumi Lot,Unknown,Penang,Sungai Ara
365000,750.0,3.0,2.0,2.0,9,0,0,0,0,0,0,0,1997.0,32.0,988.0,Condominium,Freehold,Non Bumi Lot,Medium,Penang,Gelugor
430000,592.0,1.0,1.0,1.0,5,0,0,0,0,0,0,0,,18.0,,Condominium,Freehold,Non Bumi Lot,Medium,Pahang,Genting Highlands
460000,1130.0,3.0,2.0,2.0,0,0,0,0,0,0,0,0,,,,Condominium,Freehold,Non Bumi Lot,Unknown,Penang,Bukit Mertajam
660000,852.0,2.0,2.0,2.0,8,1,1,0,1,1,1,0,2019.0,52.0,1633.0,Service Residence,Freehold,Non Bumi Lot,Low,Kuala Lumpur,Kuala Lumpur
394000,1065.0,3.0,2.0,2.0,9,0,0,0,0,0,1,0,2016.0,4.0,1054.0,Service Residence,Freehold,Non Bumi Lot,Medium,Selangor,Seri Kembangan
155000,600.0,3.0,1.0,1.0,3,0,0,0,0,0,0,0,,,,Flat,Leasehold,Non Bumi Lot,Medium,Selangor,Batu Caves
128000,650.0,3.0,2.0,1.0,2,1,1,0,1,0,1,0,,,,Apartment,Leasehold,Non Bumi Lot,High,Selangor,Puchong
215000,720.0,3.0,2.0,1.0,9,1,0,0,0,1,1,0,,,,Condominium,Leasehold,Non Bumi Lot,Medium,Selangor,Puchong
145000,540.0,3.0,1.0,1.0,3,0,0,0,0,0,0,0,,,,Apartment,Leasehold,Non Bumi Lot,Medium,Selangor,Puchong
380000,1331.0,4.0,2.0,1.0,6,0,0,0,0,0,0,0,2013.0,17.0,475.0,Condominium,Freehold,Non Bumi Lot,Unknown,Kuala Lumpur,Kuala Lumpur
260000,800.0,3.0,2.0,1.0,3,0,0,0,0,0,0,0,,,,Apartment,Leasehold,Bumi Lot,Unknown,Kuala Lumpur,Kuala Lumpur
355000,700.0,3.0,2.0,2.0,0,0,0,0,0,0,0,0,2000.0,12.0,,Apartment,Freehold,Non Bumi Lot,Unknown,Penang,George Town
630000,1100.0,3.0,2.0,4.0,9,0,0,0,0,0,0,0,2016.0,30.0,816.0,Condominium,Freehold,Non Bumi Lot,High,Penang,Sungai Ara
330000,750.0,3.0,2.0,1.0,9,0,0,0,0,0,0,0,2012.0,30.0,500.0,Apartment,Freehold,Non Bumi Lot,High,Penang,Ayer Itam
1500000,2600.0,6.0,5.0,2.0,10,0,0,0,0,0,0,0,2011.0,36.0,326.0,Condominium,Freehold,Non Bumi Lot,Unknown,Penang,Greenlane
528000,1300.0,3.0,2.0,2.0,13,0,0,0,0,0,0,0,2015.0,6.0,225.0,Condominium,Freehold,Non Bumi Lot,Unknown,Penang,Bayan Lepas
350000,700.0,3.0,2.0,1.0,2,0,0,0,0,0,0,0,1999.0,21.0,520.0,Apartment,Freehold,Non Bumi Lot,Medium,Penang,Tanjong Tokong
430000,850.0,3.0,2.0,1.0,2,0,0,0,0,0,0,0,,,,Apartment,Freehold,Non Bumi Lot,Medium,Penang,Jelutong
345000,680.0,3.0,2.0,1.0,5,0,0,0,0,0,0,0,2013.0,31.0,780.0,Apartment,Freehold,Non Bumi Lot,High,Penang,Gelugor
320000,700.0,3.0,2.0,1.0,3,0,0,0,0,0,0,0,,14.0,,Condominium,Freehold,Non Bumi Lot,Medium,Penang,Greenlane
450000,776.0,2.0,2.0,2.0,5,0,0,0,0,0,0,0,2017.0,42.0,670.0,Condominium,Freehold,Non Bumi Lot,High,Penang,Sungai Ara
780000,1500.0,4.0,3.0,1.0,9,0,0,0,0,0,0,0,2009.0,21.0,258.0,Condominium,Freehold,Non Bumi Lot,Low,Penang,Gelugor
550000,1200.0,3.0,2.0,2.0,6,0,0,0,0,0,0,0,2016.0,20.0,771.0,Condominium,Freehold,Non Bumi Lot,Unknown,Penang,Sungai Ara
280000,1055.0,3.0,2.0,2.0,5,0,0,0,0,0,0,0,2006.0,22.0,246.0,Apartment,Freehold,Non Bumi Lot,High,Selangor,Kajang
360000,1000.0,4.0,2.0,1.0,5,0,0,0,0,0,0,0,,,1000.0,Apartment,Freehold,Non Bumi Lot,High,Penang,Ayer Itam
750000,4177.0,6.0,7.0,3.0,0,0,1,1,0,0,0,0,,,551.0,Condominium,Freehold,Non Bumi Lot,Unknown,Selangor,Cheras
344000,893.0,3.0,2.0,1.0,7,0,0,0,0,0,0,0,2016.0,49.0,2155.0,Condominium,Leasehold,Non Bumi Lot,Medium,Penang,Tanjong Tokong
270000,700.0,3.0,2.0,1.0,3,0,0,0,0,0,0,0,2005.0,22.0,,Apartment,Leasehold,Non Bumi Lot,Medium,Penang,Ayer Itam
420000,915.0,3.0,2.0,1.0,3,1,1,0,1,1,1,0,1991.0,4.0,,Condominium,Freehold,Non Bumi Lot,Low,Selangor,Subang Jaya
380000,700.0,3.0,2.0,1.0,9,0,0,0,0,0,0,0,2012.0,30.0,500.0,Apartment,Freehold,Non Bumi Lot,Medium,Penang,Ayer Itam
230000,818.0,3.0,2.0,1.0,6,0,0,0,0,0,0,0,,5.0,480.0,Apartment,Freehold,Bumi Lot,High,Selangor,Cheras
255000,936.0,3.0,2.0,1.0,9,0,0,0,0,0,0,0,,23.0,,Condominium,Freehold,Bumi Lot,Low,Melaka,Cheras
200000,840.0,3.0,2.0,1.0,2,0,0,0,0,0,0,0,,5.0,1.0,Apartment,Freehold,Bumi Lot,High,Selangor,Ampang
858520,1651.0,3.0,2.0,1.0,6,0,0,0,0,0,0,0,,,,Service Residence,Leasehold,Non Bumi Lot,Unknown,Sarawak,Kuching
385000,800.0,3.0,2.0,2.0,7,0,0,0,0,0,0,0,2008.0,29.0,,Apartment,Freehold,Non Bumi Lot,Unknown,Penang,Bayan Lepas
390000,982.0,3.0,2.0,1.0,5,1,0,0,1,0,1,0,,16.0,,Condominium,Freehold,Non Bumi Lot,Unknown,Kuala Lumpur,Kuala Lumpur
358000,995.0,3.0,2.0,1.0,8,1,0,0,0,1,1,1,,,188.0,Apartment,Freehold,Non Bumi Lot,Unknown,Kuala Lumpur,Kuala Lumpur
390000,1000.0,2.0,2.0,1.0,6,1,0,0,1,0,1,0,2008.0,22.0,500.0,Condominium,Leasehold,Non Bumi Lot,Medium,Kuala Lumpur,Kuala Lumpur
420000,1191.0,2.0,2.0,1.0,7,0,0,0,0,0,0,0,2016.0,20.0,973.0,Apartment,Leasehold,Non Bumi Lot,Medium,Johor,Johor Bahru
185000,500.0,2.0,1.0,1.0,3,0,0,0,0,0,0,0,2002.0,15.0,932.0,Apartment,Freehold,Non Bumi Lot,Unknown,Penang,Jelutong
680000,635.0,1.0,1.0,1.0,4,1,0,1,0,0,1,0,2006.0,,,Condominium,Freehold,Non Bumi Lot,Low,Kuala Lumpur,Kuala Lumpur
430000,500.0,1.0,1.0,1.0,7,0,0,0,0,0,0,0,,,,Service Residence,Freehold,Non Bumi Lot,Medium,Unknown,Unknown
500000,1124.0,3.0,3.0,2.0,6,0,1,1,1,1,1,0,2016.0,22.0,616.0,Service Residence,Freehold,Non Bumi Lot,High,Selangor,Shah Alam
550000,468.0,1.0,1.0,1.0,0,0,0,0,0,0,0,0,,,,Condominium,Freehold,Non Bumi Lot,Unknown,Unknown,Unknown
505000,1645.0,4.0,3.0,2.0,0,0,0,0,0,0,0,0,,,,Condominium,Freehold,Non Bumi Lot,Unknown,Unknown,Unknown
300000,904.0,3.0,2.0,1.0,2,0,0,0,0,0,0,0,,,,Apartment,Freehold,Non Bumi Lot,Unknown,Unknown,Unknown
350000,1142.0,3.0,2.0,1.0,7,0,0,0,0,0,0,0,,,,Condominium,Freehold,Non Bumi Lot,Unknown,Unknown,Unknown
645000,904.0,2.0,2.0,1.0,6,0,0,0,0,0,0,0,,,,Service Residence,Freehold,Non Bumi Lot,Low,Unknown,Unknown
570000,1200.0,3.0,2.0,1.0,5,0,0,0,0,0,0,0,,,,Condominium,Freehold,Non Bumi Lot,High,Unknown,Unknown
620000,1519.0,3.0,2.0,1.0,9,0,0,0,0,0,0,0,,,,Condominium,Freehold,Non Bumi Lot,Unknown,Unknown,Unknown
625000,1450.0,3.0,2.0,1.0,3,0,0,0,0,0,0,0,1989.0,3.0,186.0,Apartment,Freehold,Non Bumi Lot,Unknown,Penang,Gelugor
400000,916.0,3.0,2.0,1.0,0,0,0,0,0,0,0,0,,,,Condominium,Freehold,Non Bumi Lot,Unknown,Unknown,Unknown
520000,1214.0,3.0,2.0,1.0,2,0,0,0,0,0,0,0,,,374.0,Service Residence,Freehold,Non Bumi Lot,Medium,Johor,Johor Bahru
220000,791.0,3.0,2.0,1.0,0,0,0,0,0,0,0,1,,,,Apartment,Freehold,Non Bumi Lot,Unknown,Selangor,Kajang
420000,850.0,3.0,2.0,1.0,2,0,0,0,0,0,0,0,1994.0,4.0,60.0,Apartment,Freehold,Non Bumi Lot,Unknown,Penang,Sungai Nibong
700000,1100.0,3.0,2.0,2.0,7,0,0,0,0,0,0,0,2011.0,22.0,531.0,Condominium,Leasehold,Non Bumi Lot,High,Penang,George Town
480000,2045.0,6.0,4.0,2.0,11,0,0,0,0,0,0,0,,21.0,360.0,Condominium,Leasehold,Non Bumi Lot,High,Johor,Tampoi
290000,955.0,2.0,3.0,1.0,0,1,0,1,0,0,0,0,,,,Apartment,Freehold,Bumi Lot,Low,Selangor,Klang
520000,818.0,2.0,2.0,3.0,9,0,0,0,0,0,0,0,2017.0,,,Condominium,Freehold,Non Bumi Lot,High,Sarawak,Kuching
220000,600.0,2.0,1.0,1.0,5,0,0,0,0,0,0,0,2004.0,6.0,210.0,Apartment,Leasehold,Non Bumi Lot,Low,Penang,Jelutong
170000,650.0,3.0,1.0,1.0,2,1,0,0,1,1,1,1,,12.0,3045.0,Apartment,Leasehold,Non Bumi Lot,Low,Selangor,Petaling Jaya
430000,450.0,1.0,1.0,1.0,9,0,0,0,0,0,0,0,2006.0,41.0,417.0,Condominium,Freehold,Non Bumi Lot,Unknown,Kuala Lumpur,Kuala Lumpur
285000,883.0,3.0,2.0,1.0,2,0,0,0,0,0,1,0,,,,Apartment,Leasehold,Non Bumi Lot,Unknown,Selangor,Shah Alam
300000,944.0,3.0,2.0,1.0,0,1,0,0,1,0,1,0,,,,Apartment,Freehold,Non Bumi Lot,Unknown,Selangor,Petaling Jaya
328000,1250.0,3.0,2.0,1.0,0,0,0,0,0,0,0,0,2016.0,,428.0,Condominium,Freehold,Non Bumi Lot,Unknown,Selangor,Kajang
368000,1222.0,3.0,2.0,1.0,11,1,0,0,1,0,1,1,1996.0,16.0,,Condominium,Freehold,Non Bumi Lot,Unknown,Kuala Lumpur,Kuala Lumpur
290000,833.0,3.0,2.0,1.0,11,1,1,1,1,0,1,0,2007.0,24.0,299.0,Apartment,Leasehold,Bumi Lot,High,Selangor,Ampang
395000,1335.0,4.0,2.0,1.0,14,0,0,0,0,0,0,0,2006.0,17.0,950.0,Condominium,Freehold,Non Bumi Lot,Medium,Kuala Lumpur,Kuala Lumpur
330000,750.0,3.0,2.0,1.0,9,0,0,0,0,0,0,0,2012.0,30.0,500.0,Apartment,Freehold,Non Bumi Lot,High,Penang,Ayer Itam
760000,1254.0,3.0,2.0,2.0,9,0,0,0,0,0,0,0,2018.0,44.0,378.0,Condominium,Freehold,Non Bumi Lot,High,Penang,Jelutong
825000,1254.0,3.0,2.0,2.0,7,0,0,0,0,0,0,0,2018.0,44.0,378.0,Condominium,Freehold,Non Bumi Lot,Medium,Penang,Jelutong
410000,1000.0,3.0,2.0,2.0,3,0,0,0,0,0,0,0,,,1000.0,Service Residence,Freehold,Non Bumi Lot,High,Penang,Ayer Itam
430000,592.0,1.0,1.0,1.0,6,0,0,0,0,0,0,0,,18.0,,Condominium,Freehold,Non Bumi Lot,Medium,Pahang,Genting Highlands
160000,789.0,3.0,2.0,1.0,2,1,0,0,0,1,0,0,,4.0,,Apartment,Freehold,Non Bumi Lot,Low,Selangor,Rawang
425000,1259.0,3.0,2.0,1.0,6,0,0,0,0,0,0,1,,5.0,,Apartment,Freehold,Bumi Lot,High,Selangor,Kajang
590000,1357.0,4.0,3.0,2.0,7,0,0,0,0,0,0,0,2015.0,16.0,94.0,Condominium,Leasehold,Bumi Lot,Unknown,Selangor,Ampang
193000,760.0,3.0,2.0,1.0,2,1,0,0,0,1,0,0,,,,Apartment,Leasehold,Bumi Lot,Low,Selangor,Puncak Alam
547000,2293.0,5.0,4.0,2.0,14,0,0,0,0,0,0,0,1999.0,16.0,520.0,Condominium,Freehold,Non Bumi Lot,High,Selangor,Puchong
400000,541.0,1.0,1.0,1.0,8,0,0,0,0,0,0,0,2019.0,15.0,760.0,Service Residence,Freehold,Non Bumi Lot,Unknown,Pahang,Kuantan
310000,1011.0,3.0,2.0,1.0,5,0,0,0,0,0,0,0,2018.0,,296.0,Apartment,Freehold,Non Bumi Lot,Low,Selangor,Kajang
275000,700.0,3.0,2.0,1.0,3,0,0,0,0,0,0,0,,27.0,454.0,Apartment,Freehold,Non Bumi Lot,High,Penang,Jelutong
255000,700.0,2.0,2.0,1.0,0,0,0,0,0,0,0,0,,,,Apartment,Leasehold,Non Bumi Lot,Low,Penang,Ayer Itam
380000,800.0,3.0,2.0,2.0,3,0,0,0,0,0,0,0,2016.0,,1900.0,Apartment,Leasehold,Non Bumi Lot,High,Penang,George Town
295000,700.0,3.0,2.0,1.0,3,0,0,0,0,0,0,0,2000.0,22.0,403.0,Condominium,Freehold,Non Bumi Lot,Low,Penang,Gelugor
500000,900.0,3.0,2.0,1.0,5,0,0,0,0,0,0,0,2004.0,29.0,274.0,Condominium,Freehold,Non Bumi Lot,High,Penang,Gelugor
360000,850.0,3.0,2.0,1.0,5,0,0,0,0,0,0,0,1998.0,21.0,406.0,Condominium,Freehold,Non Bumi Lot,Low,Penang,George Town
159000,550.0,2.0,1.0,1.0,0,0,0,0,0,0,0,0,,,,Flat,Leasehold,Non Bumi Lot,Low,Johor,Johor Bahru
160000,770.0,3.0,2.0,1.0,0,0,0,0,0,0,0,0,,,,Apartment,Leasehold,Bumi Lot,Medium,Johor,Perling
295000,850.0,3.0,2.0,1.0,5,0,0,1,0,1,1,0,2010.0,,435.0,Apartment,Freehold,Non Bumi Lot,Unknown,Selangor,Shah Alam
480000,887.0,3.0,2.0,2.0,10,0,0,0,0,0,0,0,2013.0,30.0,808.0,Condominium,Freehold,Non Bumi Lot,Low,Penang,Ayer Itam
425000,1055.0,4.0,2.0,2.0,5,0,0,0,0,0,0,0,,14.0,504.0,Apartment,Leasehold,Non Bumi Lot,High,Kuala Lumpur,Kuala Lumpur
288000,950.0,3.0,2.0,1.0,0,0,0,0,0,0,0,0,,,,Apartment,Leasehold,Non Bumi Lot,High,Johor,Gelang Patah
420000,1065.0,3.0,2.0,1.0,0,0,0,0,0,0,0,0,,,144.0,Condominium,Freehold,Non Bumi Lot,Unknown,Selangor,Sungai Buloh
390000,1050.0,4.0,2.0,1.0,6,1,1,1,0,0,0,0,,5.0,,Condominium,Leasehold,Non Bumi Lot,Unknown,Kuala Lumpur,Kuala Lumpur
240000,800.0,3.0,2.0,1.0,0,1,0,0,0,1,1,0,,,,Apartment,Leasehold,Bumi Lot,Unknown,Kuala Lumpur,Kuala Lumpur
495000,1152.0,3.0,2.0,1.0,6,0,0,0,1,1,1,0,2017.0,21.0,792.0,Condominium,Leasehold,Non Bumi Lot,Unknown,Kuala Lumpur,Kuala Lumpur
285000,915.0,3.0,2.0,1.0,0,1,1,1,0,0,1,0,,5.0,,Apartment,Leasehold,Bumi Lot,High,Selangor,Ampang
355000,850.0,3.0,2.0,1.0,5,0,0,0,0,0,0,0,2016.0,,1900.0,Apartment,Leasehold,Non Bumi Lot,High,Penang,George Town
360000,850.0,3.0,2.0,1.0,5,0,0,0,0,0,0,0,1998.0,21.0,406.0,Condominium,Freehold,Non Bumi Lot,Medium,Penang,George Town
900000,1946.0,3.0,2.0,3.0,11,0,0,0,0,0,0,0,2020.0,42.0,150.0,Condominium,Freehold,Non Bumi Lot,Low,Penang,Batu Uban
531000,1200.0,3.0,3.0,1.0,3,1,0,0,1,1,1,0,,5.0,,Condominium,Freehold,Non Bumi Lot,Medium,Kuala Lumpur,Kuala Lumpur
532000,1200.0,3.0,3.0,3.0,2,1,0,0,1,1,1,0,,5.0,,Condominium,Freehold,Non Bumi Lot,High,Kuala Lumpur,Kuala Lumpur
250000,650.0,3.0,2.0,1.0,3,0,0,0,0,0,0,0,,27.0,454.0,Apartment,Freehold,Non Bumi Lot,Medium,Penang,Jelutong
260000,700.0,3.0,2.0,1.0,3,0,0,0,0,0,0,0,1997.0,22.0,1008.0,Apartment,Freehold,Non Bumi Lot,Low,Penang,Jelutong
498000,939.0,3.0,2.0,3.0,14,0,0,0,0,0,0,0,2011.0,38.0,420.0,Condominium,Freehold,Non Bumi Lot,High,Penang,Ayer Itam
410000,810.0,3.0,2.0,2.0,3,0,0,0,0,0,0,0,2016.0,,1900.0,Apartment,Leasehold,Non Bumi Lot,High,Penang,George Town
530500,1200.0,3.0,3.0,3.0,3,1,0,0,1,1,1,0,,5.0,,Condominium,Freehold,Non Bumi Lot,Low,Kuala Lumpur,Kuala Lumpur
280000,850.0,3.0,2.0,1.0,0,1,1,0,1,0,1,0,,,,Apartment,Leasehold,Bumi Lot,Medium,Selangor,Ampang
405000,800.0,2.0,2.0,1.0,0,1,0,0,1,1,0,0,,,,Service Residence,Freehold,Non Bumi Lot,Unknown,Kuala Lumpur,Kuala Lumpur
330000,1270.0,3.0,2.0,1.0,12,0,0,0,0,0,0,0,,18.0,,Condominium,Freehold,Non Bumi Lot,Unknown,Kuala Lumpur,Kuala Lumpur
160000,650.0,3.0,2.0,1.0,0,0,0,0,0,0,0,0,,,,Apartment,Freehold,Bumi Lot,Medium,Selangor,Kajang
750000,1300.0,3.0,2.0,2.0,5,0,0,0,1,0,1,0,2016.0,35.0,236.0,Service Residence,Freehold,Non Bumi Lot,Medium,Kuala Lumpur,Kuala Lumpur
195000,650.0,3.0,2.0,1.0,5,1,0,0,0,1,1,0,2007.0,10.0,,Apartment,Freehold,Bumi Lot,Medium,Selangor,USJ
890000,1600.0,4.0,3.0,2.0,8,1,1,1,1,1,0,0,2024.0,58.0,1300.0,Service Residence,Leasehold,Non Bumi Lot,Unknown,Kuala Lumpur,Kuala Lumpur
230000,476.0,1.0,1.0,1.0,9,0,0,0,0,0,0,0,2014.0,,561.0,Apartment,Freehold,Non Bumi Lot,Medium,Johor,Johor Bahru
425000,1180.0,3.0,2.0,1.0,0,0,0,0,0,0,0,0,2003.0,,,Apartment,Leasehold,Non Bumi Lot,Low,Johor,Johor Bahru
85000,571.0,3.0,2.0,1.0,1,0,0,0,0,0,0,0,,,,Flat,Freehold,Non Bumi Lot,High,Johor,Kulai
1700000,2874.0,4.0,4.0,6.0,14,1,1,0,1,1,1,0,2022.0,38.0,734.0,Condominium,Leasehold,Non Bumi Lot,Medium,Kuala Lumpur,Kuala Lumpur
468000,650.0,2.0,1.0,1.0,5,0,0,0,0,0,0,0,,,,Condominium,Freehold,Non Bumi Lot,Medium,Penang,Jelutong
480000,600.0,2.0,1.0,1.0,6,0,0,0,0,0,0,0,2018.0,49.0,480.0,Service Residence,Freehold,Non Bumi Lot,High,Penang,Gelugor
250000,650.0,3.0,2.0,1.0,3,0,0,0,0,0,0,0,,27.0,454.0,Apartment,Freehold,Non Bumi Lot,Medium,Penang,Jelutong
290000,650.0,3.0,2.0,1.0,3,0,0,0,0,0,0,0,,27.0,454.0,Apartment,Freehold,Non Bumi Lot,High,Penang,Jelutong
185000,689.0,3.0,2.0,1.0,3,0,0,0,0,0,0,0,,11.0,,Apartment,Freehold,Non Bumi Lot,Medium,Selangor,Cheras
359000,990.0,3.0,2.0,1.0,14,0,0,0,0,0,0,0,,,,Apartment,Freehold,Non Bumi Lot,Medium,Johor,Gelang Patah
300000,619.0,1.0,1.0,1.0,4,1,1,0,1,0,1,0,2017.0,34.0,542.0,Service Residence,Leasehold,Non Bumi Lot,High,Kuala Lumpur,Kuala Lumpur
600000,1250.0,3.0,2.0,2.0,0,0,0,0,0,0,0,0,2017.0,30.0,410.0,Condominium,Freehold,Non Bumi Lot,High,Penang,Sungai Ara
330000,925.0,3.0,2.0,1.0,5,0,0,0,0,0,1,0,,11.0,,Apartment,Freehold,Non Bumi Lot,Unknown,Selangor,Seri Kembangan
440000,917.0,3.0,2.0,1.0,9,1,1,0,1,1,1,1,2014.0,16.0,1.0,Service Residence,Leasehold,Non Bumi Lot,Unknown,Kuala Lumpur,Kuala Lumpur
188000,814.0,3.0,2.0,1.0,2,0,0,0,0,0,0,0,2013.0,7.0,359.0,Apartment,Freehold,Non Bumi Lot,Unknown,Selangor,Dengkil
280000,1052.0,3.0,2.0,1.0,0,0,0,0,0,0,0,0,,,,Apartment,Freehold,Non Bumi Lot,Unknown,Selangor,Cheras
275000,1050.0,3.0,2.0,1.0,1,0,0,0,0,0,0,0,,,,Apartment,Leasehold,Non Bumi Lot,Unknown,Selangor,Semenyih
170000,850.0,3.0,2.0,1.0,3,1,0,0,0,0,1,0,,5.0,,Apartment,Leasehold,Non Bumi Lot,Unknown,Selangor,Seri Kembangan
1312000,2333.0,4.0,3.0,2.0,10,0,0,0,0,0,0,0,2013.0,30.0,808.0,Condominium,Freehold,Non Bumi Lot,High,Penang,Ayer Itam
570000,1000.0,3.0,2.0,2.0,0,0,0,0,0,0,0,0,2017.0,30.0,410.0,Condominium,Freehold,Non Bumi Lot,Medium,Penang,Sungai Ara
580000,1100.0,3.0,2.0,2.0,9,0,0,0,0,0,0,0,2016.0,30.0,816.0,Condominium,Freehold,Non Bumi Lot,High,Penang,Sungai Ara
340000,750.0,3.0,2.0,1.0,6,0,0,0,0,0,0,0,,20.0,608.0,Apartment,Freehold,Non Bumi Lot,High,Penang,Bayan Lepas
2200000,1636.0,3.0,4.0,2.0,6,0,0,0,0,0,0,0,2018.0,5.0,115.0,Condominium,Freehold,Non Bumi Lot,Low,Penang,George Town
480000,1060.0,3.0,2.0,2.0,4,0,0,0,0,0,0,0,1996.0,25.0,237.0,Condominium,Freehold,Non Bumi Lot,Medium,Penang,Jelutong
378000,800.0,3.0,2.0,1.0,3,0,0,0,0,0,0,0,,18.0,112.0,Apartment,Freehold,Non Bumi Lot,High,Penang,Jelutong
368000,700.0,3.0,2.0,1.0,7,0,0,0,0,0,0,0,1999.0,19.0,322.0,Apartment,Freehold,Non Bumi Lot,Low,Penang,Jelutong
280000,700.0,3.0,2.0,1.0,3,0,0,0,0,0,0,0,,24.0,234.0,Apartment,Freehold,Non Bumi Lot,Medium,Penang,Ayer Itam
405000,800.0,2.0,2.0,1.0,10,0,0,0,0,0,0,0,,,,Service Residence,Leasehold,Non Bumi Lot,Medium,Kuala Lumpur,Kuala Lumpur
300000,1023.0,3.0,2.0,2.0,6,0,0,0,0,0,0,0,2019.0,,1205.0,Condominium,Freehold,Non Bumi Lot,Medium,Selangor,Kajang
300000,1023.0,3.0,2.0,2.0,0,0,0,0,0,0,0,0,2019.0,,1200.0,Condominium,Freehold,Non Bumi Lot,Medium,Selangor,Kajang
320000,1068.0,3.0,2.0,1.0,7,0,0,0,0,0,0,0,2007.0,14.0,702.0,Apartment,Freehold,Non Bumi Lot,Unknown,Selangor,Puchong
340000,1221.0,3.0,2.0,1.0,5,0,0,0,0,0,0,0,,5.0,,Condominium,Freehold,Non Bumi Lot,Unknown,Selangor,Ampang
210000,711.0,3.0,2.0,1.0,0,0,0,0,0,0,0,0,,,,Apartment,Leasehold,Bumi Lot,Medium,Selangor,Ampang
1540000,1066.0,2.0,2.0,2.0,14,0,0,0,0,0,0,0,2026.0,,831.0,Service Residence,Freehold,Non Bumi Lot,Low,Kedah,Langkawi
345000,800.0,3.0,2.0,1.0,10,1,1,0,0,1,1,1,2008.0,22.0,246.0,Condominium,Freehold,Non Bumi Lot,Medium,Kuala Lumpur,Kuala Lumpur
345000,800.0,3.0,2.0,1.0,10,1,1,0,0,1,1,1,2008.0,22.0,246.0,Condominium,Freehold,Non Bumi Lot,Medium,Kuala Lumpur,Kuala Lumpur
1580000,2400.0,4.0,3.0,2.0,0,0,0,0,0,0,0,0,2011.0,35.0,195.0,Condominium,Freehold,Non Bumi Lot,Medium,Penang,Tanjong Tokong
1400000,2750.0,4.0,3.0,2.0,7,0,0,0,0,0,0,0,2011.0,35.0,195.0,Condominium,Freehold,Non Bumi Lot,Low,Penang,Tanjong Tokong
230000,753.0,3.0,2.0,1.0,2,0,1,0,0,0,0,0,,,,Apartment,Freehold,Non Bumi Lot,High,Selangor,Cheras
120000,700.0,3.0,2.0,1.0,0,0,0,0,0,0,0,0,,,,Flat,Freehold,Non Bumi Lot,Low,Penang,Ayer Itam
400000,1250.0,4.0,2.0,1.0,5,0,0,0,0,0,0,0,,,,Service Residence,Leasehold,Non Bumi Lot,Medium,Johor,Johor Bahru
1050000,1600.0,3.0,2.0,2.0,9,0,0,0,0,0,0,0,2011.0,35.0,195.0,Condominium,Freehold,Non Bumi Lot,Low,Penang,Tanjong Tokong
170000,550.0,2.0,1.0,1.0,0,0,0,0,0,0,0,0,,,,Apartment,Freehold,Non Bumi Lot,Medium,Penang,Relau
480000,900.0,3.0,2.0,2.0,5,0,0,0,0,0,0,0,2019.0,42.0,2685.0,Condominium,Freehold,Non Bumi Lot,Low,Penang,Bayan Lepas
780000,1500.0,4.0,2.0,2.0,7,0,0,0,0,0,0,0,,22.0,144.0,Condominium,Freehold,Non Bumi Lot,High,Penang,Gelugor
498000,1195.0,3.0,2.0,1.0,8,0,0,0,0,0,0,0,2021.0,,406.0,Condominium,Freehold,Non Bumi Lot,High,Penang,Relau
400000,1000.0,4.0,2.0,2.0,5,0,0,0,0,0,0,0,,14.0,504.0,Apartment,Leasehold,Bumi Lot,Unknown,Kuala Lumpur,Kuala Lumpur
380790,797.0,2.0,2.0,1.0,11,0,0,0,0,0,0,0,,,,Condominium,Leasehold,Non Bumi Lot,Unknown,Johor,Johor Bahru
240000,295.0,1.0,1.0,1.0,10,0,0,0,0,0,0,0,,,1737.0,Service Residence,Freehold,Non Bumi Lot,Unknown,Johor,Johor Bahru
230000,535.0,1.0,1.0,1.0,0,1,1,1,0,1,1,0,2009.0,,356.0,Service Residence,Leasehold,Bumi Lot,Unknown,Selangor,Cyberjaya
230000,700.0,3.0,2.0,1.0,3,1,0,0,0,0,1,0,,5.0,,Apartment,Leasehold,Bumi Lot,Unknown,Kuala Lumpur,Kuala Lumpur
265000,950.0,3.0,2.0,1.0,0,0,0,0,0,0,0,0,2019.0,,635.0,Apartment,Freehold,Non Bumi Lot,Unknown,Selangor,Semenyih
420000,908.0,3.0,2.0,1.0,9,1,1,1,1,1,1,0,2010.0,21.0,340.0,Condominium,Leasehold,Bumi Lot,Unknown,Kuala Lumpur,Kuala Lumpur
370000,840.0,3.0,2.0,1.0,0,0,0,1,0,1,0,0,,,,Apartment,Freehold,Non Bumi Lot,Unknown,Selangor,Bandar Sri Damansara
798000,1850.0,5.0,5.0,3.0,10,0,0,0,0,0,0,0,2014.0,18.0,156.0,Condominium,Freehold,Non Bumi Lot,Low,Kuala Lumpur,Kuala Lumpur
570000,936.0,3.0,2.0,2.0,14,0,0,0,0,0,0,0,2011.0,38.0,420.0,Condominium,Freehold,Non Bumi Lot,Medium,Penang,Ayer Itam
428000,826.0,3.0,2.0,1.0,5,0,0,0,0,0,0,0,,,,Apartment,Freehold,Non Bumi Lot,Low,Penang,Relau
380000,850.0,3.0,2.0,1.0,5,0,0,0,0,0,0,0,1998.0,24.0,342.0,Condominium,Freehold,Non Bumi Lot,Medium,Penang,Jelutong
495000,1000.0,3.0,2.0,2.0,5,0,0,0,0,0,0,0,,,,Condominium,Freehold,Non Bumi Lot,Medium,Penang,Bayan Lepas
400000,1300.0,3.0,2.0,1.0,3,0,0,0,0,0,0,0,1997.0,8.0,68.0,Apartment,Freehold,Non Bumi Lot,Medium,Penang,Jelutong
380000,800.0,3.0,2.0,2.0,3,0,0,0,0,0,0,0,2016.0,,1900.0,Apartment,Leasehold,Non Bumi Lot,High,Penang,George Town
520000,947.0,3.0,2.0,2.0,10,0,0,0,0,0,0,0,2017.0,22.0,396.0,Condominium,Leasehold,Non Bumi Lot,Low,Penang,Jelutong
888000,1646.0,4.0,3.0,2.0,9,0,0,0,0,0,0,0,2018.0,44.0,378.0,Condominium,Freehold,Non Bumi Lot,High,Penang,Jelutong
318000,938.0,3.0,2.0,1.0,9,0,0,0,0,0,0,0,,23.0,,Condominium,Freehold,Non Bumi Lot,High,Melaka,Cheras
388000,665.0,3.0,1.0,1.0,6,0,0,0,0,0,0,0,2006.0,20.0,,Apartment,Freehold,Non Bumi Lot,High,Penang,Jelutong
800000,800.0,2.0,2.0,1.0,1,1,1,1,1,1,1,0,2021.0,,1100.0,Service Residence,Freehold,Non Bumi Lot,High,Kuala Lumpur,Kuala Lumpur
380000,769.0,2.0,2.0,2.0,8,0,0,0,0,0,0,0,2021.0,21.0,613.0,Condominium,Freehold,Non Bumi Lot,Medium,Johor,Skudai
165000,850.0,3.0,2.0,1.0,6,0,0,0,0,0,0,0,,5.0,,Apartment,Freehold,Bumi Lot,Low,Negeri Sembilan,Seremban
430000,850.0,3.0,2.0,2.0,12,0,0,0,0,0,0,0,2021.0,47.0,1413.0,Service Residence,Freehold,Non Bumi Lot,High,Kuala Lumpur,Kuala Lumpur
65000,650.0,3.0,2.0,1.0,1,1,0,0,0,1,0,0,,6.0,,Apartment,Leasehold,Bumi Lot,High,Selangor,Serendah
319000,750.0,3.0,2.0,1.0,5,0,0,0,0,0,0,0,1999.0,19.0,322.0,Apartment,Freehold,Non Bumi Lot,High,Penang,Jelutong
800000,1450.0,3.0,3.0,2.0,9,0,0,0,0,0,0,0,2014.0,16.0,470.0,Condominium,Freehold,Non Bumi Lot,Low,Penang,Bayan Lepas
700000,1450.0,4.0,3.0,2.0,9,0,0,0,0,0,0,0,2014.0,16.0,470.0,Condominium,Freehold,Non Bumi Lot,Low,Penang,Bayan Lepas
750000,1650.0,3.0,3.0,2.0,9,0,0,0,0,0,0,0,2014.0,16.0,470.0,Condominium,Freehold,Non Bumi Lot,High,Penang,Bayan Lepas
750000,1450.0,3.0,3.0,2.0,8,0,0,0,0,0,0,0,2014.0,16.0,470.0,Condominium,Freehold,Non Bumi Lot,Medium,Penang,Bayan Lepas
880000,1646.0,4.0,3.0,1.0,10,0,0,0,0,0,0,0,2018.0,44.0,378.0,Condominium,Freehold,Non Bumi Lot,Medium,Penang,Jelutong
420000,1038.0,3.0,2.0,1.0,10,0,0,0,0,0,0,0,,14.0,319.0,Apartment,Freehold,Non Bumi Lot,Medium,Johor,Skudai
565000,1313.0,3.0,2.0,4.0,8,0,0,0,0,0,0,0,2014.0,13.0,666.0,Service Residence,Freehold,Bumi Lot,Low,Selangor,Shah Alam
360000,700.0,3.0,2.0,1.0,5,0,0,0,0,0,0,0,,,,Apartment,Freehold,Non Bumi Lot,Low,Penang,Gelugor
750000,1650.0,4.0,3.0,2.0,9,0,0,0,0,0,0,0,2014.0,16.0,470.0,Condominium,Freehold,Non Bumi Lot,Medium,Penang,Bayan Lepas
185000,500.0,2.0,1.0,1.0,2,0,0,0,0,0,0,0,2002.0,15.0,932.0,Apartment,Freehold,Non Bumi Lot,Medium,Penang,Jelutong
330000,700.0,3.0,2.0,1.0,3,0,0,0,0,0,0,0,,,,Flat,Freehold,Non Bumi Lot,Low,Penang,Bayan Lepas
640000,1100.0,3.0,2.0,1.0,3,0,0,0,0,0,0,0,1997.0,14.0,96.0,Condominium,Freehold,Non Bumi Lot,Low,Penang,Jelutong
380000,1000.0,3.0,2.0,1.0,9,0,0,0,0,0,0,0,2004.0,11.0,228.0,Condominium,Freehold,Non Bumi Lot,High,Penang,Sungai Ara
260000,700.0,3.0,2.0,1.0,3,0,0,0,0,0,0,0,1997.0,22.0,1008.0,Apartment,Freehold,Non Bumi Lot,Medium,Penang,Jelutong
420000,1062.0,4.0,2.0,1.0,8,1,1,0,1,1,1,0,2005.0,25.0,588.0,Service Residence,Freehold,Non Bumi Lot,Low,Selangor,Subang Jaya
270000,700.0,3.0,2.0,1.0,8,0,0,0,0,0,0,0,,,,Apartment,Freehold,Bumi Lot,Medium,Putrajaya,Putrajaya
718000,1500.0,3.0,4.0,2.0,8,0,0,0,0,0,0,0,2015.0,43.0,218.0,Condominium,Freehold,Non Bumi Lot,High,Penang,Tanjong Tokong
230000,974.0,3.0,2.0,1.0,3,0,0,0,0,0,0,0,2010.0,10.0,243.0,Condominium,Leasehold,Non Bumi Lot,Unknown,Selangor,Dengkil
150000,650.0,3.0,2.0,1.0,4,1,0,0,1,1,1,0,2002.0,11.0,792.0,Apartment,Leasehold,Bumi Lot,Unknown,Kuala Lumpur,Kuala Lumpur
150000,786.0,3.0,2.0,1.0,2,0,0,0,0,0,0,0,,5.0,,Apartment,Freehold,Bumi Lot,Unknown,Selangor,Bangi
1680000,2304.0,5.0,4.0,3.0,10,0,0,0,0,0,0,0,2013.0,30.0,808.0,Condominium,Freehold,Non Bumi Lot,High,Penang,Ayer Itam
600000,1130.0,3.0,3.0,2.0,14,0,0,0,0,0,0,0,2016.0,26.0,548.0,Condominium,Freehold,Non Bumi Lot,Medium,Penang,Bayan Lepas
340000,850.0,3.0,2.0,1.0,5,0,0,0,0,0,0,0,1998.0,21.0,406.0,Condominium,Freehold,Non Bumi Lot,Low,Penang,George Town
1350000,2750.0,6.0,5.0,1.0,5,0,0,0,0,0,0,0,,,79.0,Condominium,Freehold,Non Bumi Lot,Medium,Johor,Johor Bahru
443000,404.0,1.0,1.0,1.0,10,0,0,0,0,0,0,0,,31.0,230.0,Service Residence,Freehold,Non Bumi Lot,Medium,Penang,Jelutong
850000,1450.0,4.0,3.0,2.0,8,0,0,0,0,0,0,0,2016.0,,252.0,Condominium,Freehold,Non Bumi Lot,High,Penang,Jelutong
800000,1302.0,3.0,2.0,2.0,10,0,0,0,0,0,0,0,2016.0,17.0,91.0,Condominium,Freehold,Non Bumi Lot,Medium,Penang,Jelutong
919000,1313.0,3.0,3.0,2.0,5,0,0,0,0,0,0,0,2007.0,,396.0,Condominium,Freehold,Non Bumi Lot,Low,Penang,Gelugor
453000,1250.0,3.0,2.0,1.0,12,1,1,0,0,1,1,0,2000.0,13.0,320.0,Condominium,Freehold,Non Bumi Lot,Unknown,Kuala Lumpur,Kuala Lumpur
395000,1507.0,4.0,3.0,1.0,0,0,0,0,0,0,0,0,1996.0,18.0,500.0,Condominium,Freehold,Bumi Lot,Unknown,Kuala Lumpur,Kuala Lumpur
360000,1170.0,3.0,2.0,1.0,10,1,1,0,0,1,1,0,2007.0,10.0,396.0,Condominium,Freehold,Non Bumi Lot,High,Selangor,Klang
1050000,2200.0,4.0,4.0,4.0,2,0,0,0,0,0,0,0,,,,Condominium,Freehold,Non Bumi Lot,High,Penang,Bayan Lepas
580000,1180.0,3.0,2.0,2.0,6,0,0,0,0,0,0,0,2016.0,20.0,771.0,Condominium,Freehold,Non Bumi Lot,High,Penang,Sungai Ara
380000,1097.0,3.0,2.0,1.0,7,0,0,0,0,0,0,0,,,300.0,Condominium,Freehold,Non Bumi Lot,Medium,Johor,Masai
610000,1598.0,3.0,3.0,2.0,9,0,0,0,0,0,0,0,2017.0,42.0,670.0,Condominium,Freehold,Non Bumi Lot,Unknown,Penang,Sungai Ara
240000,906.0,3.0,2.0,1.0,6,0,0,0,0,0,0,0,,21.0,,Apartment,Leasehold,Non Bumi Lot,High,Johor,Johor Bahru
588000,1275.0,3.0,2.0,2.0,10,0,0,0,0,0,0,0,2017.0,31.0,476.0,Condominium,Freehold,Non Bumi Lot,High,Penang,Sungai Ara
318000,1085.0,3.0,2.0,1.0,4,0,0,0,0,0,0,0,2016.0,5.0,469.0,Apartment,Freehold,Non Bumi Lot,Medium,Selangor,Kajang
520000,1250.0,3.0,2.0,2.0,8,0,0,0,0,0,0,0,2018.0,,461.0,Condominium,Freehold,Bumi Lot,High,Selangor,Kajang
520000,900.0,3.0,2.0,2.0,10,0,0,0,0,0,0,0,2015.0,25.0,300.0,Condominium,Freehold,Non Bumi Lot,Medium,Penang,Sungai Ara
490000,1182.0,3.0,2.0,2.0,10,0,0,0,0,0,0,0,2015.0,25.0,300.0,Condominium,Freehold,Non Bumi Lot,Medium,Penang,Sungai Ara
525000,1295.0,3.0,2.0,2.0,13,0,0,0,0,0,0,0,2015.0,6.0,225.0,Condominium,Freehold,Non Bumi Lot,Medium,Penang,Bayan Lepas
500000,1000.0,3.0,2.0,2.0,14,0,0,0,0,0,0,0,2013.0,38.0,203.0,Condominium,Freehold,Non Bumi Lot,Low,Penang,Tanjong Tokong
470000,1250.0,3.0,2.0,1.0,0,0,0,0,0,0,0,0,2019.0,30.0,461.0,Condominium,Freehold,Bumi Lot,Unknown,Selangor,Kajang
298000,810.0,2.0,2.0,1.0,8,0,0,0,0,0,0,0,2019.0,25.0,2003.0,Service Residence,Freehold,Non Bumi Lot,Unknown,Johor,Johor Bahru
538000,1304.0,3.0,2.0,2.0,13,0,0,0,0,0,0,0,2015.0,6.0,225.0,Condominium,Freehold,Non Bumi Lot,High,Penang,Bayan Lepas
1050000,2729.0,5.0,4.0,3.0,5,0,0,0,0,0,0,0,2017.0,42.0,670.0,Condominium,Freehold,Non Bumi Lot,High,Penang,Sungai Ara
815000,1219.0,3.0,2.0,2.0,9,0,0,0,0,0,0,0,2021.0,24.0,1235.0,Condominium,Freehold,Non Bumi Lot,High,Penang,Relau
700000,1598.0,3.0,3.0,2.0,5,0,0,0,0,0,0,0,2017.0,42.0,670.0,Condominium,Freehold,Non Bumi Lot,High,Penang,Sungai Ara
235000,750.0,3.0,2.0,1.0,2,0,0,0,0,0,0,0,1992.0,17.0,3.0,Apartment,Leasehold,Non Bumi Lot,Medium,Penang,Ayer Itam
390000,890.0,3.0,2.0,1.0,4,0,0,0,0,0,0,0,2009.0,22.0,398.0,Apartment,Leasehold,Non Bumi Lot,Low,Penang,Ayer Itam
750000,1905.0,8.0,3.0,2.0,11,0,0,1,0,0,0,0,2000.0,18.0,160.0,Condominium,Freehold,Non Bumi Lot,Medium,Selangor,Kajang
585000,1488.0,4.0,3.0,2.0,7,0,0,1,0,0,0,0,1998.0,9.0,208.0,Condominium,Freehold,Non Bumi Lot,Medium,Selangor,Kajang
160000,834.0,3.0,2.0,1.0,2,0,0,0,0,0,0,0,,,,Apartment,Freehold,Bumi Lot,High,Selangor,Hulu Langat
149000,560.0,2.0,1.0,1.0,1,1,0,1,0,1,1,0,,,,Flat,Leasehold,Non Bumi Lot,Medium,Kuala Lumpur,Kuala Lumpur
280000,850.0,3.0,2.0,1.0,2,1,0,0,0,0,1,0,,5.0,,Apartment,Freehold,Bumi Lot,Unknown,Selangor,Ampang
250000,1000.0,3.0,2.0,1.0,3,0,0,0,0,0,0,0,,,,Apartment,Freehold,Non Bumi Lot,Unknown,Selangor,Shah Alam
349999,1056.0,3.0,2.0,1.0,6,1,1,0,0,1,1,0,2007.0,18.0,715.0,Condominium,Leasehold,Non Bumi Lot,Unknown,Kuala Lumpur,Kuala Lumpur
380000,880.0,3.0,2.0,1.0,0,0,0,0,0,0,0,0,,5.0,1.0,Apartment,Freehold,Non Bumi Lot,Unknown,Selangor,Puchong
400000,1040.0,3.0,2.0,1.0,7,1,1,1,0,1,1,0,2016.0,28.0,700.0,Service Residence,Leasehold,Non Bumi Lot,Unknown,Kuala Lumpur,Kuala Lumpur
360000,840.0,3.0,2.0,1.0,0,0,0,0,0,0,0,0,2015.0,25.0,600.0,Service Residence,Freehold,Non Bumi Lot,Unknown,Selangor,Shah Alam
398000,1210.0,3.0,3.0,2.0,9,0,0,0,0,0,0,0,2016.0,21.0,482.0,Condominium,Leasehold,Non Bumi Lot,Unknown,Selangor,Selayang
379000,1009.0,3.0,2.0,2.0,6,1,0,0,0,1,1,0,2017.0,36.0,1338.0,Service Residence,Leasehold,Non Bumi Lot,High,Kuala Lumpur,Kuala Lumpur
350000,700.0,3.0,2.0,1.0,6,0,0,0,0,0,0,0,,30.0,,Apartment,Freehold,Non Bumi Lot,High,Penang,Ayer Itam
680000,1155.0,3.0,2.0,2.0,5,0,0,0,0,0,0,0,,,,Condominium,Leasehold,Non Bumi Lot,Medium,Penang,Bayan Lepas
730000,517.0,1.0,1.0,2.0,5,0,0,0,0,0,0,0,2014.0,7.0,297.0,Condominium,Freehold,Non Bumi Lot,Medium,Penang,Gelugor
498000,939.0,3.0,2.0,3.0,14,0,0,0,0,0,0,0,2011.0,38.0,420.0,Condominium,Freehold,Non Bumi Lot,High,Penang,Ayer Itam
380000,850.0,3.0,2.0,2.0,9,0,0,0,0,0,0,0,2007.0,22.0,816.0,Condominium,Freehold,Non Bumi Lot,Low,Penang,Ayer Itam
300000,700.0,2.0,1.0,1.0,2,0,0,0,0,0,0,0,,,,Apartment,Freehold,Non Bumi Lot,Low,Penang,George Town
370000,700.0,3.0,2.0,1.0,9,0,0,0,0,0,0,0,1999.0,23.0,433.0,Apartment,Freehold,Non Bumi Lot,Low,Penang,Jelutong
520000,1000.0,3.0,2.0,2.0,9,0,0,0,0,0,0,0,2020.0,,,Apartment,Freehold,Non Bumi Lot,High,Penang,George Town
313000,700.0,3.0,2.0,1.0,3,0,0,0,0,0,0,0,,28.0,,Apartment,Freehold,Non Bumi Lot,Medium,Penang,Jelutong
820000,1345.0,3.0,2.0,3.0,10,0,0,0,0,0,0,0,2016.0,17.0,91.0,Condominium,Freehold,Non Bumi Lot,Medium,Penang,Jelutong
760000,1254.0,3.0,2.0,2.0,9,0,0,0,0,0,0,0,2018.0,44.0,378.0,Condominium,Freehold,Non Bumi Lot,High,Penang,Jelutong
498000,1410.0,4.0,3.0,1.0,8,0,0,0,0,0,0,0,,15.0,192.0,Condominium,Freehold,Non Bumi Lot,Low,Selangor,Puchong
880000,1487.0,4.0,2.0,1.0,6,0,0,0,0,0,0,0,2015.0,18.0,107.0,Condominium,Freehold,Non Bumi Lot,Medium,Penang,Bayan Lepas
380000,950.0,3.0,2.0,1.0,4,1,1,0,1,1,1,0,2015.0,31.0,4225.0,Service Residence,Freehold,Non Bumi Lot,Unknown,Kuala Lumpur,Kuala Lumpur
240000,818.0,3.0,2.0,1.0,6,0,0,0,0,0,0,0,,12.0,,Condominium,Leasehold,Non Bumi Lot,Unknown,Kuala Lumpur,Kuala Lumpur
280000,850.0,3.0,2.0,1.0,6,1,0,0,0,1,0,0,2013.0,15.0,,Condominium,Freehold,Bumi Lot,Unknown,Selangor,Ampang
400000,1210.0,3.0,2.0,1.0,0,0,0,0,0,0,0,0,2016.0,21.0,482.0,Condominium,Leasehold,Bumi Lot,Unknown,Selangor,Selayang
360000,1106.0,4.0,2.0,2.0,12,0,0,0,0,0,0,0,,19.0,392.0,Condominium,Freehold,Non Bumi Lot,Unknown,Selangor,Seri Kembangan
720000,1186.0,3.0,3.0,1.0,10,0,0,0,0,0,0,0,2017.0,38.0,916.0,Condominium,Freehold,Non Bumi Lot,Medium,Kuala Lumpur,Kuala Lumpur
1200000,1162.0,2.0,3.0,1.0,9,1,0,1,1,1,1,0,2011.0,40.0,811.0,Condominium,Freehold,Non Bumi Lot,High,Kuala Lumpur,Kuala Lumpur
560000,872.0,2.0,2.0,1.0,6,1,1,0,1,1,1,0,2011.0,33.0,378.0,Service Residence,Freehold,Non Bumi Lot,Medium,Kuala Lumpur,Kuala Lumpur
350000,1023.0,3.0,2.0,2.0,8,0,0,0,0,0,0,0,2019.0,,1200.0,Condominium,Freehold,Non Bumi Lot,High,Selangor,Kajang
125000,650.0,3.0,2.0,1.0,0,0,0,0,0,0,0,0,,,,Flat,Leasehold,Bumi Lot,High,Johor,Skudai
370000,867.0,2.0,2.0,1.0,11,1,1,1,1,0,1,1,,20.0,,Condominium,Freehold,Non Bumi Lot,High,Selangor,Petaling Jaya
485000,1074.0,3.0,2.0,2.0,9,0,0,0,1,1,0,0,2013.0,,,Condominium,Leasehold,Non Bumi Lot,Low,Kuala Lumpur,Kuala Lumpur
422888,871.0,2.0,2.0,1.0,9,0,0,0,0,0,0,0,,,316.0,Service Residence,Freehold,Non Bumi Lot,High,Johor,Iskandar Puteri
190000,710.0,3.0,2.0,1.0,0,0,0,0,0,0,0,0,,,,Flat,Leasehold,Non Bumi Lot,Low,Johor,Johor Bahru
630000,1598.0,3.0,3.0,2.0,8,0,0,0,0,0,0,0,2017.0,42.0,670.0,Condominium,Freehold,Non Bumi Lot,Medium,Penang,Sungai Ara
650000,1598.0,3.0,3.0,2.0,8,0,0,0,0,0,0,0,2017.0,42.0,670.0,Condominium,Freehold,Non Bumi Lot,Medium,Penang,Sungai Ara
440000,776.0,2.0,2.0,2.0,5,0,0,0,0,0,0,0,2017.0,42.0,670.0,Condominium,Freehold,Non Bumi Lot,High,Penang,Sungai Ara
450000,955.0,3.0,2.0,1.0,10,1,0,0,1,0,1,0,,,,Apartment,Freehold,Non Bumi Lot,Low,Selangor,Puchong
135000,650.0,3.0,2.0,1.0,0,1,0,0,0,0,1,0,,,,Flat,Freehold,Non Bumi Lot,Medium,Selangor,Kapar
550000,1041.0,3.0,2.0,2.0,3,0,0,0,0,0,0,0,1995.0,16.0,,Condominium,Freehold,Non Bumi Lot,Medium,Penang,Tanjung Bungah
600000,1150.0,3.0,2.0,1.0,5,0,0,0,0,0,0,0,1997.0,14.0,96.0,Condominium,Freehold,Non Bumi Lot,Low,Penang,Jelutong
1400000,1458.0,3.0,2.0,2.0,8,0,0,0,0,0,0,0,2019.0,26.0,220.0,Condominium,Freehold,Non Bumi Lot,High,Penang,Gelugor
505000,1000.0,3.0,2.0,2.0,5,0,0,0,0,0,0,0,,,,Condominium,Freehold,Non Bumi Lot,Low,Penang,Bayan Lepas
638000,1349.0,4.0,2.0,1.0,8,0,0,0,0,0,0,0,2008.0,28.0,134.0,Condominium,Freehold,Non Bumi Lot,Low,Penang,Gelugor
380000,850.0,3.0,2.0,1.0,6,0,0,0,0,0,0,0,1998.0,24.0,342.0,Condominium,Freehold,Non Bumi Lot,Medium,Penang,Jelutong
160000,700.0,3.0,2.0,1.0,4,0,0,0,0,0,0,0,,,,Apartment,Leasehold,Non Bumi Lot,Medium,Selangor,Damansara Damai
480000,1161.0,3.0,2.0,2.0,9,0,1,0,0,0,0,0,2017.0,11.0,336.0,Condominium,Freehold,Non Bumi Lot,Medium,Selangor,Cheras
630000,1453.0,3.0,3.0,2.0,7,0,0,1,0,0,0,0,1998.0,9.0,208.0,Condominium,Freehold,Non Bumi Lot,Medium,Selangor,Kajang
265000,955.0,3.0,2.0,1.0,5,0,0,0,0,0,0,0,,17.0,595.0,Apartment,Leasehold,Non Bumi Lot,Low,Kuala Lumpur,Kuala Lumpur
210000,958.0,3.0,2.0,1.0,4,1,0,0,0,0,1,0,,5.0,,Apartment,Leasehold,Non Bumi Lot,High,Selangor,Ampang
330000,1012.0,3.0,2.0,1.0,8,0,0,0,0,0,0,0,2001.0,11.0,704.0,Condominium,Freehold,Non Bumi Lot,Medium,Selangor,Kajang
349000,654.0,3.0,2.0,1.0,4,0,0,0,0,0,0,0,2014.0,38.0,554.0,Apartment,Freehold,Non Bumi Lot,Medium,Penang,Tanjong Tokong
565000,1115.0,3.0,2.0,2.0,7,0,0,0,0,0,0,0,2017.0,25.0,419.0,Condominium,Freehold,Non Bumi Lot,High,Penang,Bayan Lepas
600000,1115.0,3.0,2.0,2.0,8,0,0,0,0,0,0,0,2017.0,25.0,419.0,Condominium,Freehold,Non Bumi Lot,Medium,Penang,Bayan Lepas
290000,818.0,3.0,2.0,2.0,5,0,0,0,0,0,1,0,2018.0,16.0,730.0,Apartment,Freehold,Bumi Lot,Medium,Selangor,Setia Alam
700000,1100.0,3.0,2.0,2.0,9,0,0,0,0,0,0,0,,,,Condominium,Freehold,Non Bumi Lot,Medium,Penang,Bayan Lepas
300000,800.0,3.0,2.0,1.0,9,1,1,1,0,1,1,0,2026.0,,3600.0,Apartment,Leasehold,Bumi Lot,Medium,Kuala Lumpur,Kuala Lumpur
665000,1250.0,3.0,2.0,2.0,9,0,0,0,0,0,0,0,2017.0,30.0,410.0,Condominium,Freehold,Non Bumi Lot,Medium,Penang,Sungai Ara
600000,1250.0,3.0,2.0,2.0,9,0,0,0,0,0,0,0,2017.0,30.0,410.0,Condominium,Freehold,Non Bumi Lot,High,Penang,Sungai Ara
508000,950.0,2.0,2.0,1.0,14,1,1,1,1,1,1,0,,4.0,,Condominium,Freehold,Non Bumi Lot,High,Kuala Lumpur,Kuala Lumpur
375000,982.0,3.0,2.0,1.0,5,1,0,0,1,0,1,0,,16.0,,Condominium,Freehold,Non Bumi Lot,Unknown,Kuala Lumpur,Kuala Lumpur
699999,886.0,2.0,2.0,1.0,0,1,0,0,0,1,1,0,,,,Service Residence,Leasehold,Non Bumi Lot,Unknown,Kuala Lumpur,Kuala Lumpur
320000,956.0,3.0,2.0,1.0,12,0,0,0,0,0,0,0,,19.0,392.0,Condominium,Freehold,Non Bumi Lot,Unknown,Selangor,Seri Kembangan
450000,1100.0,3.0,2.0,1.0,14,0,0,0,0,0,0,0,2019.0,43.0,1472.0,Condominium,Leasehold,Non Bumi Lot,Unknown,Kuala Lumpur,Kuala Lumpur
420000,850.0,3.0,2.0,1.0,9,0,0,0,0,0,0,0,2007.0,22.0,816.0,Condominium,Freehold,Non Bumi Lot,Medium,Penang,Ayer Itam
660000,1300.0,3.0,3.0,2.0,14,0,0,0,0,0,0,0,2016.0,26.0,548.0,Condominium,Freehold,Non Bumi Lot,Low,Penang,Bayan Lepas
800000,3350.0,6.0,5.0,4.0,1,0,0,0,0,0,0,0,,24.0,234.0,Condominium,Freehold,Non Bumi Lot,High,Penang,Ayer Itam
485000,1087.0,4.0,2.0,1.0,5,0,0,0,0,0,0,0,1998.0,,428.0,Condominium,Freehold,Non Bumi Lot,Low,Penang,Tanjung Bungah
1100000,2330.0,5.0,4.0,3.0,8,0,0,0,0,0,0,0,2021.0,,406.0,Condominium,Freehold,Non Bumi Lot,Low,Penang,Relau
620000,1275.0,3.0,2.0,2.0,5,0,0,0,0,0,0,0,2017.0,30.0,410.0,Condominium,Freehold,Non Bumi Lot,Low,Penang,Sungai Ara
350000,800.0,3.0,2.0,1.0,10,0,0,0,0,0,0,0,1999.0,23.0,433.0,Apartment,Freehold,Non Bumi Lot,Medium,Penang,Jelutong
430000,856.0,3.0,2.0,2.0,3,0,0,0,0,0,0,0,,10.0,48.0,Apartment,Freehold,Non Bumi Lot,Medium,Penang,Jelutong
320000,721.0,3.0,2.0,1.0,5,0,0,0,0,0,0,0,1999.0,16.0,256.0,Condominium,Freehold,Non Bumi Lot,Medium,Penang,Batu Ferringhi
350000,700.0,3.0,2.0,1.0,7,0,0,0,0,0,0,0,1997.0,32.0,988.0,Condominium,Freehold,Non Bumi Lot,Medium,Penang,Gelugor
1300000,1750.0,3.0,2.0,4.0,11,0,0,0,0,0,0,0,2021.0,33.0,550.0,Condominium,Freehold,Non Bumi Lot,High,Penang,Jelutong
1100000,1424.0,3.0,2.0,3.0,11,0,0,0,0,0,0,0,2021.0,33.0,550.0,Condominium,Freehold,Non Bumi Lot,High,Penang,Jelutong
360000,700.0,3.0,2.0,1.0,3,0,0,0,0,0,0,0,1997.0,8.0,68.0,Apartment,Freehold,Non Bumi Lot,Low,Penang,Jelutong
1400000,2000.0,5.0,5.0,4.0,5,0,0,0,0,0,0,0,,,,Condominium,Freehold,Non Bumi Lot,High,Penang,Jelutong
275000,811.0,3.0,2.0,1.0,3,0,0,0,0,0,1,0,,11.0,220.0,Apartment,Freehold,Bumi Lot,Medium,Selangor,Shah Alam
355000,1323.0,3.0,2.0,1.0,9,1,1,0,1,1,1,0,1999.0,18.0,,Condominium,Freehold,Non Bumi Lot,Unknown,Kuala Lumpur,Kuala Lumpur
445000,1001.0,3.0,2.0,1.0,0,1,0,0,0,1,0,0,2014.0,21.0,391.0,Service Residence,Leasehold,Non Bumi Lot,Unknown,Selangor,Gombak
293000,916.0,3.0,2.0,1.0,7,0,0,0,0,0,0,0,2013.0,12.0,352.0,Condominium,Leasehold,Bumi Lot,Unknown,Selangor,Batu Caves
378000,1022.0,3.0,2.0,2.0,10,0,0,0,0,0,0,0,2013.0,29.0,372.0,Condominium,Freehold,Non Bumi Lot,Medium,Selangor,Cyberjaya
423000,1272.0,3.0,2.0,1.0,0,1,0,0,1,1,1,0,,,572.0,Condominium,Freehold,Non Bumi Lot,Unknown,Kuala Lumpur,Kuala Lumpur
335000,1010.0,3.0,2.0,1.0,7,0,1,1,0,0,0,0,2008.0,23.0,375.0,Condominium,Freehold,Bumi Lot,Unknown,Selangor,Selayang
175000,657.0,3.0,2.0,1.0,0,1,0,0,0,1,1,0,,,,Flat,Leasehold,Non Bumi Lot,Medium,Selangor,Subang Jaya
358000,893.0,3.0,2.0,1.0,7,0,1,0,1,1,0,0,,10.0,,Condominium,Freehold,Non Bumi Lot,Unknown,Selangor,Bandar Sri Damansara
585000,500.0,1.0,1.0,1.0,5,0,0,0,0,0,0,0,,,,Service Residence,Leasehold,Non Bumi Lot,High,Sabah,Kota Kinabalu
145000,572.0,2.0,1.0,1.0,1,0,0,0,0,1,0,0,2009.0,,376.0,Flat,Leasehold,Bumi Lot,High,Selangor,Shah Alam
690000,1196.0,3.0,2.0,2.0,0,1,1,0,0,0,0,0,,,,Condominium,Leasehold,Bumi Lot,Medium,Kuala Lumpur,Kuala Lumpur
698000,1020.0,3.0,2.0,1.0,13,0,0,0,0,0,0,0,2017.0,22.0,1343.0,Condominium,Freehold,Non Bumi Lot,Medium,Penang,Bayan Lepas
600000,1590.0,4.0,3.0,3.0,4,0,0,0,0,0,0,0,2014.0,18.0,96.0,Condominium,Freehold,Non Bumi Lot,Unknown,Penang,Bayan Lepas
380000,916.0,3.0,2.0,1.0,7,0,0,0,0,0,0,0,2016.0,22.0,328.0,Apartment,Leasehold,Non Bumi Lot,High,Johor,Johor Bahru
470000,1050.0,4.0,3.0,2.0,13,0,0,0,0,0,0,0,,,,Condominium,Leasehold,Non Bumi Lot,Unknown,Kuala Lumpur,Kuala Lumpur
350000,811.0,3.0,2.0,1.0,5,0,0,1,0,1,0,0,1996.0,4.0,368.0,Condominium,Freehold,Non Bumi Lot,Low,Selangor,Bandar Sri Damansara
400000,1616.0,3.0,2.0,1.0,9,0,0,0,0,0,0,0,1999.0,19.0,216.0,Condominium,Leasehold,Non Bumi Lot,Medium,Johor,Johor Bahru
342000,950.0,3.0,2.0,2.0,9,0,0,1,0,0,0,0,,,,Condominium,Freehold,Non Bumi Lot,Unknown,Selangor,Bandar Sungai Long
650000,1598.0,3.0,3.0,2.0,5,0,0,0,0,0,0,0,2017.0,42.0,670.0,Condominium,Freehold,Non Bumi Lot,Medium,Penang,Sungai Ara
368000,620.0,1.0,1.0,1.0,5,1,1,1,1,1,1,0,2012.0,38.0,1033.0,Service Residence,Freehold,Non Bumi Lot,Medium,Kuala Lumpur,Kuala Lumpur
245000,974.0,3.0,2.0,1.0,3,0,0,0,0,0,0,0,2010.0,10.0,243.0,Condominium,Leasehold,Bumi Lot,Medium,Selangor,Dengkil
240000,570.0,2.0,1.0,1.0,2,1,0,1,1,1,0,0,,,,Apartment,Leasehold,Bumi Lot,Medium,Kuala Lumpur,Kuala Lumpur
360000,1270.0,3.0,2.0,1.0,8,0,0,0,0,0,0,0,2017.0,15.0,368.0,Condominium,Freehold,Bumi Lot,Medium,Kuala Lumpur,Kuala Lumpur
318000,618.0,1.0,1.0,2.0,12,0,0,0,0,0,1,0,2015.0,28.0,467.0,Condominium,Leasehold,Non Bumi Lot,Medium,Kuala Lumpur,Kuala Lumpur
390000,1100.0,3.0,2.0,1.0,11,0,0,0,0,0,0,0,2008.0,14.0,480.0,Condominium,Freehold,Non Bumi Lot,Medium,Selangor,Ampang
445000,1087.0,3.0,2.0,2.0,8,0,0,0,0,0,0,0,,,148.0,Condominium,Freehold,Non Bumi Lot,High,Penang,Perai
1399000,1128.0,3.0,2.0,2.0,9,0,0,0,0,0,0,0,2014.0,9.0,631.0,Condominium,Leasehold,Non Bumi Lot,High,Sabah,Kota Kinabalu
229000,1470.0,3.0,2.0,1.0,7,0,0,0,0,0,0,0,2000.0,14.0,1339.0,Condominium,Freehold,Non Bumi Lot,Low,Selangor,Cheras
390000,891.0,3.0,2.0,1.0,8,1,0,0,0,1,1,0,2009.0,13.0,,Condominium,Leasehold,Bumi Lot,High,Kuala Lumpur,Kuala Lumpur
225000,820.0,3.0,2.0,1.0,1,0,0,0,0,0,0,0,,,,Apartment,Freehold,Bumi Lot,High,Selangor,Cheras
600000,1200.0,3.0,2.0,2.0,9,0,0,0,0,0,0,0,2016.0,30.0,816.0,Condominium,Freehold,Non Bumi Lot,Medium,Penang,Sungai Ara
170000,626.0,3.0,2.0,1.0,3,0,0,0,0,0,0,0,,13.0,1020.0,Apartment,Leasehold,Non Bumi Lot,High,Penang,Ayer Itam
600000,1100.0,3.0,2.0,2.0,9,0,0,0,0,0,0,0,2016.0,30.0,816.0,Condominium,Freehold,Non Bumi Lot,High,Penang,Sungai Ara
615000,1200.0,3.0,2.0,4.0,9,0,0,0,0,0,0,0,2016.0,30.0,816.0,Condominium,Freehold,Non Bumi Lot,Medium,Penang,Sungai Ara
369000,950.0,3.0,2.0,1.0,5,0,0,0,0,0,0,0,1997.0,13.0,72.0,Condominium,Freehold,Non Bumi Lot,Medium,Penang,Ayer Itam
230000,625.0,3.0,1.0,1.0,5,0,0,0,0,0,0,0,,,,Flat,Freehold,Non Bumi Lot,High,Penang,Bayan Lepas
387000,1041.0,3.0,2.0,2.0,8,1,1,0,0,1,1,0,,,,Apartment,Leasehold,Non Bumi Lot,Low,Selangor,Shah Alam
660000,1100.0,3.0,2.0,2.0,10,0,0,0,0,0,0,0,,,,Condominium,Freehold,Non Bumi Lot,High,Penang,Bayan Lepas
600000,1130.0,3.0,2.0,2.0,14,0,0,0,0,0,0,0,2016.0,26.0,548.0,Condominium,Freehold,Non Bumi Lot,Medium,Penang,Bayan Lepas
280000,700.0,3.0,2.0,1.0,0,0,0,0,0,0,0,0,1992.0,17.0,3.0,Apartment,Leasehold,Non Bumi Lot,Medium,Penang,Ayer Itam
740000,1300.0,3.0,3.0,2.0,14,0,0,0,0,0,0,0,2016.0,26.0,548.0,Condominium,Freehold,Non Bumi Lot,Medium,Penang,Bayan Lepas
570000,1200.0,3.0,2.0,2.0,9,0,0,0,0,0,0,0,2016.0,20.0,771.0,Condominium,Freehold,Non Bumi Lot,Low,Penang,Sungai Ara
660000,1200.0,3.0,2.0,2.0,7,0,0,0,0,0,0,0,2016.0,20.0,771.0,Condominium,Freehold,Non Bumi Lot,High,Penang,Sungai Ara
150000,670.0,3.0,2.0,1.0,9,1,0,0,0,1,1,0,2004.0,18.0,332.0,Apartment,Freehold,Non Bumi Lot,Unknown,Selangor,Puchong
280000,810.0,3.0,2.0,1.0,0,0,0,0,0,0,0,0,1999.0,,252.0,Apartment,Freehold,Non Bumi Lot,Medium,Penang,Sungai Ara
620000,1195.0,3.0,2.0,2.0,14,0,0,0,0,0,0,0,2011.0,38.0,420.0,Condominium,Freehold,Non Bumi Lot,Medium,Penang,Ayer Itam
1250000,1123.0,1.0,1.0,1.0,11,0,0,0,0,0,0,0,2013.0,25.0,1200.0,Condominium,Freehold,Non Bumi Lot,High,Penang,Tanjong Tokong
800000,1566.0,3.0,2.0,2.0,8,0,0,0,0,0,0,0,,,17.0,Condominium,Leasehold,Non Bumi Lot,Medium,Penang,Bayan Lepas
320000,700.0,3.0,2.0,1.0,10,0,0,0,0,0,0,0,1999.0,23.0,433.0,Apartment,Freehold,Non Bumi Lot,Medium,Penang,Jelutong
495000,1000.0,3.0,2.0,2.0,9,0,0,0,0,0,0,0,2020.0,,,Apartment,Leasehold,Non Bumi Lot,High,Penang,George Town
420000,800.0,3.0,2.0,2.0,3,0,0,0,0,0,0,0,2016.0,,1900.0,Apartment,Leasehold,Non Bumi Lot,High,Penang,George Town
418000,640.0,1.0,1.0,1.0,13,0,0,0,0,0,0,0,2018.0,,1050.0,Condominium,Freehold,Non Bumi Lot,High,Johor,Johor Bahru
759000,1690.0,3.0,3.0,3.0,10,0,0,0,0,0,0,0,2014.0,18.0,156.0,Condominium,Leasehold,Non Bumi Lot,Medium,Kuala Lumpur,Kuala Lumpur
290000,1050.0,3.0,2.0,1.0,0,0,0,0,0,0,0,0,2019.0,,1200.0,Condominium,Freehold,Non Bumi Lot,Unknown,Selangor,Kajang
849000,950.0,3.0,2.0,1.0,11,0,0,0,0,0,0,0,2020.0,43.0,639.0,Service Residence,Leasehold,Bumi Lot,High,Kuala Lumpur,Kuala Lumpur
275000,1300.0,4.0,3.0,1.0,8,0,0,0,0,0,0,0,2010.0,20.0,300.0,Condominium,Freehold,Non Bumi Lot,High,Selangor,Cheras
365000,732.0,2.0,1.0,1.0,14,0,0,0,0,0,0,0,2016.0,,418.0,Service Residence,Freehold,Non Bumi Lot,Medium,Johor,Johor Bahru
295000,911.0,3.0,2.0,1.0,10,1,0,1,0,1,1,0,1994.0,24.0,576.0,Condominium,Freehold,Non Bumi Lot,Unknown,Kuala Lumpur,Kuala Lumpur
395000,1080.0,3.0,2.0,1.0,0,0,0,0,0,0,0,0,2007.0,16.0,416.0,Condominium,Freehold,Bumi Lot,Unknown,Kuala Lumpur,Kuala Lumpur
233000,753.0,3.0,2.0,1.0,2,0,0,0,1,0,1,0,,,,Apartment,Freehold,Non Bumi Lot,Unknown,Kuala Lumpur,Kuala Lumpur
260000,733.0,2.0,2.0,1.0,8,0,0,0,0,0,0,0,,12.0,,Condominium,Leasehold,Bumi Lot,Medium,Selangor,Shah Alam
318000,750.0,3.0,2.0,1.0,4,0,0,0,0,0,0,0,1999.0,,224.0,Apartment,Freehold,Non Bumi Lot,Medium,Penang,Sungai Ara
345000,920.0,3.0,2.0,1.0,7,1,0,0,1,1,1,0,1999.0,15.0,690.0,Condominium,Leasehold,Non Bumi Lot,Unknown,Kuala Lumpur,Kuala Lumpur
535000,1207.0,4.0,2.0,1.0,6,1,0,0,0,1,1,0,2013.0,18.0,250.0,Service Residence,Leasehold,Non Bumi Lot,Low,Kuala Lumpur,Kuala Lumpur
250000,778.0,3.0,2.0,1.0,5,0,0,0,0,0,0,0,2005.0,7.0,1274.0,Apartment,Leasehold,Bumi Lot,Low,Selangor,Shah Alam
430000,541.0,1.0,1.0,1.0,8,0,0,0,0,0,0,0,2019.0,15.0,760.0,Service Residence,Freehold,Bumi Lot,Medium,Pahang,Kuantan
215000,1055.0,3.0,2.0,1.0,2,1,0,0,0,1,0,0,2011.0,,,Apartment,Leasehold,Bumi Lot,High,Selangor,Shah Alam
360000,900.0,3.0,2.0,2.0,0,0,0,0,0,0,0,0,2008.0,22.0,754.0,Condominium,Leasehold,Non Bumi Lot,Unknown,Penang,Jelutong
285000,1005.0,3.0,2.0,1.0,3,1,0,1,1,1,0,0,,23.0,,Condominium,Leasehold,Bumi Lot,Unknown,Kuala Lumpur,Kuala Lumpur
418000,1076.0,3.0,2.0,1.0,7,1,0,1,0,1,1,0,,15.0,,Condominium,Freehold,Non Bumi Lot,Medium,Selangor,Puchong
175000,570.0,2.0,1.0,1.0,0,0,0,0,0,0,0,0,,,,Flat,Freehold,Non Bumi Lot,Low,Johor,Tebrau
650000,1250.0,4.0,3.0,2.0,9,1,1,0,0,1,1,1,2015.0,36.0,981.0,Condominium,Freehold,Bumi Lot,Medium,Kuala Lumpur,Kuala Lumpur
280001,646.0,3.0,1.0,1.0,3,0,0,0,0,0,0,0,,12.0,556.0,Condominium,Leasehold,Non Bumi Lot,Medium,Penang,Jelutong
565000,925.0,3.0,2.0,2.0,10,0,0,0,0,0,0,0,2017.0,22.0,396.0,Condominium,Leasehold,Non Bumi Lot,Medium,Penang,Jelutong
510000,890.0,3.0,2.0,1.0,7,1,0,0,0,0,0,0,,,414.0,Apartment,Freehold,Non Bumi Lot,High,Selangor,Glenmarie
530000,774.0,3.0,2.0,1.0,14,0,0,0,1,0,1,0,2016.0,36.0,630.0,Service Residence,Leasehold,Non Bumi Lot,Medium,Kuala Lumpur,Kuala Lumpur
252000,1069.0,3.0,2.0,1.0,5,0,0,0,0,0,0,0,2006.0,22.0,246.0,Apartment,Freehold,Non Bumi Lot,Unknown,Selangor,Kajang
258000,700.0,3.0,2.0,2.0,0,0,0,0,0,0,0,0,,,,Apartment,Leasehold,Non Bumi Lot,Low,Penang,Ayer Itam
270000,721.0,3.0,2.0,1.0,5,0,0,0,0,0,0,0,1998.0,13.0,496.0,Condominium,Freehold,Non Bumi Lot,Medium,Penang,Gelugor
338000,700.0,3.0,2.0,1.0,3,0,0,0,0,0,0,0,2000.0,22.0,403.0,Condominium,Freehold,Non Bumi Lot,High,Penang,Gelugor
175000,570.0,2.0,1.0,1.0,0,0,0,0,0,0,0,0,,,,Flat,Freehold,Non Bumi Lot,Low,Johor,Tebrau
550000,1188.0,2.0,2.0,2.0,9,1,0,0,0,0,1,0,2008.0,24.0,296.0,Condominium,Leasehold,Bumi Lot,Medium,Selangor,Petaling Jaya
100000,650.0,3.0,2.0,1.0,2,0,0,0,0,0,0,0,,5.0,,Flat,Leasehold,Bumi Lot,Medium,Selangor,Semenyih
200000,603.0,3.0,1.0,1.0,2,0,0,0,0,0,0,0,,,,Apartment,Leasehold,Bumi Lot,Medium,Selangor,Ampang
299000,852.0,3.0,2.0,1.0,10,1,0,0,0,1,1,0,2000.0,12.0,,Apartment,Leasehold,Non Bumi Lot,High,Selangor,Puchong
400000,765.0,2.0,2.0,2.0,5,0,0,0,0,0,0,0,2017.0,42.0,670.0,Condominium,Freehold,Non Bumi Lot,High,Penang,Sungai Ara
320000,565.0,2.0,2.0,2.0,7,1,1,0,0,1,0,0,2015.0,27.0,526.0,Apartment,Freehold,Non Bumi Lot,High,Kuala Lumpur,Kuala Lumpur
250000,800.0,3.0,2.0,1.0,9,0,1,0,0,0,0,0,2019.0,,635.0,Apartment,Freehold,Non Bumi Lot,Unknown,Selangor,Semenyih
599999,1019.0,3.0,2.0,1.0,8,1,1,0,0,1,1,1,2015.0,36.0,981.0,Condominium,Freehold,Non Bumi Lot,Unknown,Kuala Lumpur,Kuala Lumpur
499999,1363.0,3.0,2.0,1.0,0,0,0,0,0,0,0,0,2015.0,26.0,360.0,Condominium,Leasehold,Non Bumi Lot,Unknown,Kuala Lumpur,Kuala Lumpur
238000,833.0,3.0,2.0,1.0,7,0,0,0,0,0,0,0,2017.0,20.0,,Apartment,Freehold,Non Bumi Lot,Medium,Johor,Johor Bahru
250000,830.0,3.0,2.0,1.0,9,1,0,1,0,1,1,0,1995.0,14.0,1008.0,Condominium,Leasehold,Non Bumi Lot,Medium,Kuala Lumpur,Kuala Lumpur
400000,800.0,3.0,2.0,1.0,11,1,0,0,0,1,0,0,2017.0,34.0,1502.0,Apartment,Leasehold,Non Bumi Lot,Medium,Kuala Lumpur,Kuala Lumpur
278000,730.0,3.0,2.0,1.0,3,0,0,0,0,0,0,0,,10.0,184.0,Apartment,Leasehold,Non Bumi Lot,Low,Penang,George Town
750000,1036.0,3.0,2.0,2.0,11,0,0,0,0,0,0,0,2021.0,33.0,550.0,Condominium,Freehold,Non Bumi Lot,Medium,Penang,Jelutong
739000,851.0,3.0,2.0,2.0,5,0,0,0,0,0,0,0,2022.0,,478.0,Condominium,Leasehold,Non Bumi Lot,Medium,Penang,Jelutong
385000,700.0,3.0,2.0,1.0,8,0,0,0,0,0,0,0,2009.0,23.0,,Apartment,Freehold,Non Bumi Lot,Medium,Penang,Jelutong
420000,800.0,3.0,2.0,1.0,3,0,0,0,0,0,0,0,2016.0,,1900.0,Apartment,Leasehold,Non Bumi Lot,Medium,Penang,George Town
420000,800.0,3.0,2.0,2.0,3,0,0,0,0,0,0,0,2016.0,,1900.0,Apartment,Leasehold,Non Bumi Lot,Medium,Penang,George Town
399000,700.0,3.0,2.0,1.0,7,0,0,0,0,0,0,0,2006.0,20.0,,Apartment,Freehold,Non Bumi Lot,Low,Penang,Jelutong
175000,624.0,2.0,1.0,1.0,0,1,1,1,1,0,0,0,,,,Flat,Leasehold,Non Bumi Lot,Unknown,Kuala Lumpur,Kuala Lumpur
140000,628.0,3.0,2.0,1.0,4,1,0,0,0,0,1,0,,14.0,90.0,Apartment,Leasehold,Bumi Lot,Medium,Selangor,Ampang
360000,1049.0,3.0,2.0,1.0,8,0,0,0,0,0,0,0,2006.0,12.0,260.0,Condominium,Leasehold,Bumi Lot,Medium,Selangor,Shah Alam
420000,1050.0,4.0,2.0,1.0,6,1,1,1,0,0,0,0,,5.0,,Condominium,Leasehold,Bumi Lot,Unknown,Kuala Lumpur,Kuala Lumpur
375000,999.0,3.0,2.0,1.0,4,0,0,0,0,0,0,0,,8.0,,Condominium,Leasehold,Bumi Lot,Low,Selangor,Petaling Jaya
529000,1328.0,4.0,2.0,2.0,10,1,1,1,0,1,1,0,2014.0,25.0,800.0,Condominium,Leasehold,Non Bumi Lot,High,Kuala Lumpur,Kuala Lumpur
433094,1399.0,4.0,3.0,2.0,5,0,0,0,0,0,0,0,2020.0,17.0,676.0,Condominium,Freehold,Non Bumi Lot,Medium,Putrajaya,Putrajaya
120000,775.0,3.0,2.0,1.0,0,0,0,0,0,0,0,0,,,,Apartment,Leasehold,Bumi Lot,Unknown,Selangor,Kajang
485000,1035.0,3.0,2.0,1.0,0,0,0,0,0,0,0,0,2018.0,25.0,1255.0,Apartment,Freehold,Non Bumi Lot,Medium,Johor,Johor Bahru
350000,1090.0,3.0,2.0,1.0,0,0,0,0,1,0,0,0,2015.0,14.0,270.0,Service Residence,Freehold,Non Bumi Lot,Unknown,Selangor,Kajang
250000,815.0,3.0,2.0,1.0,1,1,1,1,1,1,0,1,,14.0,,Apartment,Leasehold,Bumi Lot,Unknown,Kuala Lumpur,Kuala Lumpur
510000,856.0,3.0,2.0,2.0,5,0,0,0,0,0,0,0,,,808.0,Condominium,Freehold,Non Bumi Lot,Medium,Penang,Ayer Itam
660000,1600.0,4.0,3.0,2.0,9,0,0,0,0,0,0,0,2007.0,22.0,816.0,Condominium,Freehold,Non Bumi Lot,Medium,Penang,Ayer Itam
330000,700.0,3.0,2.0,1.0,5,0,0,0,0,0,0,0,,16.0,256.0,Apartment,Freehold,Non Bumi Lot,Medium,Penang,Paya Terubong
340000,750.0,3.0,2.0,1.0,6,0,0,0,0,0,0,0,,20.0,608.0,Apartment,Freehold,Non Bumi Lot,Low,Penang,Bayan Lepas
690000,1353.0,3.0,2.0,2.0,5,0,0,0,0,0,0,0,2018.0,49.0,480.0,Service Residence,Freehold,Non Bumi Lot,Medium,Penang,Gelugor
168000,465.0,1.0,1.0,1.0,8,0,0,0,0,0,0,0,2004.0,21.0,,Apartment,Leasehold,Non Bumi Lot,High,Selangor,Seri Kembangan
535000,1207.0,4.0,2.0,1.0,6,1,0,0,0,1,1,0,2013.0,18.0,250.0,Service Residence,Leasehold,Non Bumi Lot,Low,Kuala Lumpur,Kuala Lumpur
250000,1007.0,3.0,2.0,1.0,5,0,0,0,0,0,0,0,,,,Apartment,Leasehold,Bumi Lot,Low,Sabah,Tuaran
1870000,1701.0,4.0,3.0,3.0,14,0,0,0,0,0,0,0,2014.0,7.0,297.0,Condominium,Freehold,Non Bumi Lot,Unknown,Penang,Gelugor
823628,1002.0,2.0,2.0,2.0,5,1,1,0,1,1,1,1,2018.0,,363.0,Service Residence,Freehold,Non Bumi Lot,Medium,Kuala Lumpur,Kuala Lumpur
230000,750.0,3.0,2.0,1.0,0,0,0,0,0,0,0,0,,,,Apartment,Freehold,Non Bumi Lot,Medium,Selangor,Semenyih
195000,650.0,3.0,2.0,1.0,4,1,0,0,0,1,1,0,2007.0,10.0,,Apartment,Freehold,Non Bumi Lot,Unknown,Selangor,Subang Jaya
230000,835.0,3.0,2.0,1.0,0,0,0,1,1,1,0,0,,,,Apartment,Leasehold,Bumi Lot,Low,Selangor,Shah Alam
2100000,2184.0,4.0,3.0,4.0,14,0,0,0,0,0,0,0,2017.0,6.0,98.0,Condominium,Freehold,Non Bumi Lot,Unknown,Penang,Gelugor
920000,1302.0,4.0,3.0,2.0,14,0,0,0,0,0,0,0,2007.0,,396.0,Condominium,Freehold,Non Bumi Lot,High,Penang,Gelugor
340000,868.0,3.0,2.0,1.0,6,0,0,1,0,0,1,0,2010.0,,300.0,Apartment,Leasehold,Bumi Lot,Unknown,Selangor,Seri Kembangan
325000,1016.0,3.0,2.0,1.0,3,1,0,1,1,1,0,0,2006.0,21.0,800.0,Apartment,Leasehold,Non Bumi Lot,Unknown,Kuala Lumpur,Kuala Lumpur
258000,912.0,4.0,2.0,1.0,4,0,0,0,0,0,0,0,2004.0,38.0,1112.0,Apartment,Freehold,Non Bumi Lot,Low,Johor,Pasir Gudang
260000,883.0,3.0,2.0,1.0,0,1,0,0,0,0,0,0,,,,Apartment,Leasehold,Bumi Lot,Unknown,Kuala Lumpur,Kuala Lumpur
305000,950.0,3.0,2.0,1.0,7,0,0,0,0,0,0,0,2006.0,15.0,,Apartment,Leasehold,Non Bumi Lot,Unknown,Kuala Lumpur,Kuala Lumpur
405000,1018.0,3.0,2.0,1.0,0,1,0,0,0,1,1,0,,,,Apartment,Leasehold,Non Bumi Lot,Unknown,Kuala Lumpur,Kuala Lumpur
443000,915.0,3.0,2.0,2.0,10,0,0,0,0,0,0,0,,,750.0,Service Residence,Freehold,Non Bumi Lot,Unknown,Selangor,Puchong
660000,1270.0,3.0,2.0,2.0,0,0,0,0,0,0,0,0,2017.0,30.0,410.0,Condominium,Freehold,Bumi Lot,Unknown,Penang,Sungai Ara
190000,614.0,3.0,1.0,1.0,0,0,0,0,0,0,0,0,,5.0,,Apartment,Freehold,Non Bumi Lot,Low,Penang,Bukit Mertajam
288888,818.0,2.0,2.0,1.0,7,0,0,0,0,0,0,0,,,711.0,Apartment,Leasehold,Non Bumi Lot,Medium,Johor,Kota Tinggi
878720,1003.0,3.0,2.0,2.0,5,1,1,0,1,1,1,1,2018.0,,363.0,Service Residence,Freehold,Non Bumi Lot,Medium,Kuala Lumpur,Kuala Lumpur
576000,1346.0,3.0,2.0,2.0,0,0,0,0,0,0,0,0,2015.0,,128.0,Condominium,Leasehold,Non Bumi Lot,Medium,Sabah,Kota Kinabalu
140000,650.0,2.0,1.0,1.0,4,0,0,0,0,0,0,0,,,,Apartment,Leasehold,Non Bumi Lot,High,Sarawak,Kuching
562880,609.0,1.0,1.0,1.0,5,1,1,0,1,1,1,1,2018.0,,363.0,Service Residence,Freehold,Non Bumi Lot,Medium,Kuala Lumpur,Kuala Lumpur
674969,826.0,2.0,2.0,1.0,5,1,1,0,1,1,1,1,2018.0,,363.0,Service Residence,Freehold,Non Bumi Lot,Medium,Kuala Lumpur,Kuala Lumpur
200000,945.0,3.0,2.0,1.0,3,0,0,0,0,0,0,0,,5.0,,Apartment,Leasehold,Non Bumi Lot,Low,Kuala Lumpur,Kuala Lumpur
170000,756.0,3.0,2.0,1.0,0,0,0,0,1,0,0,0,,,,Apartment,Freehold,Bumi Lot,Medium,Selangor,Kajang
2700000,6000.0,5.0,5.0,3.0,3,0,0,0,0,0,0,0,,,,Condominium,Leasehold,Non Bumi Lot,High,Sabah,Kota Kinabalu
199999,768.0,3.0,2.0,1.0,5,0,0,0,0,0,0,0,,5.0,40.0,Apartment,Leasehold,Non Bumi Lot,Medium,Selangor,Petaling Jaya
280000,753.0,3.0,2.0,1.0,6,0,0,0,0,0,0,0,2010.0,14.0,336.0,Condominium,Freehold,Non Bumi Lot,Low,Kuala Lumpur,Kuala Lumpur
155000,650.0,3.0,2.0,1.0,2,1,0,0,0,1,1,0,,,,Apartment,Leasehold,Non Bumi Lot,Medium,Selangor,Subang Jaya
330000,855.0,3.0,2.0,1.0,5,0,0,0,0,0,0,0,,,576.0,Service Residence,Freehold,Non Bumi Lot,Unknown,Selangor,Kajang
279999,861.0,3.0,2.0,1.0,3,0,0,1,1,0,1,0,,5.0,,Apartment,Leasehold,Non Bumi Lot,Unknown,Kuala Lumpur,Kuala Lumpur
299999,1600.0,3.0,2.0,1.0,5,0,0,0,0,1,0,0,,22.0,320.0,Condominium,Freehold,Bumi Lot,Unknown,Selangor,Ampang
275000,833.0,3.0,2.0,1.0,0,1,1,1,1,0,1,0,2007.0,24.0,299.0,Apartment,Leasehold,Non Bumi Lot,Unknown,Selangor,Ampang
350000,927.0,3.0,2.0,1.0,3,1,0,0,1,1,1,0,2001.0,5.0,208.0,Condominium,Leasehold,Bumi Lot,Unknown,Kuala Lumpur,Kuala Lumpur
215000,600.0,2.0,1.0,2.0,2,0,0,0,0,0,0,0,,,,Flat,Leasehold,Non Bumi Lot,Low,Kuala Lumpur,Kuala Lumpur
460000,860.0,3.0,2.0,2.0,7,0,0,0,0,0,0,0,2005.0,27.0,,Condominium,Freehold,Non Bumi Lot,Unknown,Penang,Greenlane
450000,860.0,3.0,2.0,1.0,7,0,0,0,0,0,0,0,2005.0,27.0,,Condominium,Freehold,Non Bumi Lot,Unknown,Penang,Greenlane
450000,860.0,3.0,2.0,2.0,7,0,0,0,0,0,0,0,2005.0,27.0,,Condominium,Freehold,Non Bumi Lot,Unknown,Penang,Greenlane
420000,860.0,3.0,2.0,1.0,7,0,0,0,0,0,0,0,2005.0,27.0,,Condominium,Freehold,Non Bumi Lot,Unknown,Penang,Greenlane
380000,700.0,3.0,2.0,1.0,8,0,0,0,0,0,0,0,2009.0,23.0,,Apartment,Freehold,Non Bumi Lot,Medium,Penang,Jelutong
380000,700.0,3.0,2.0,1.0,3,0,0,0,0,0,0,0,,16.0,,Apartment,Freehold,Non Bumi Lot,Low,Penang,Jelutong
530000,1000.0,3.0,2.0,2.0,9,0,0,0,0,0,0,0,2020.0,,,Apartment,Freehold,Non Bumi Lot,High,Penang,George Town
740000,1270.0,3.0,2.0,2.0,5,0,0,0,0,0,0,0,,,,Condominium,Freehold,Non Bumi Lot,Medium,Penang,Jelutong
910000,1313.0,3.0,3.0,3.0,5,0,0,0,0,0,0,0,2007.0,,396.0,Condominium,Freehold,Non Bumi Lot,Medium,Penang,Gelugor
518000,947.0,3.0,2.0,2.0,10,0,0,0,0,0,0,0,2017.0,22.0,396.0,Condominium,Leasehold,Non Bumi Lot,High,Penang,Jelutong
246000,697.0,2.0,2.0,1.0,1,1,1,0,1,1,1,0,,,,Flat,Leasehold,Bumi Lot,Unknown,Kuala Lumpur,Kuala Lumpur
368000,954.0,3.0,2.0,1.0,9,0,0,0,0,0,0,0,2013.0,,512.0,Service Residence,Freehold,Non Bumi Lot,Medium,Johor,Johor Bahru
210000,750.0,3.0,2.0,1.0,3,1,0,0,0,0,0,0,,,,Apartment,Leasehold,Bumi Lot,Low,Selangor,Jenjarom
60000,454.0,1.0,1.0,1.0,3,0,0,0,0,0,0,0,,,,Apartment,Freehold,Bumi Lot,Medium,Negeri Sembilan,Pasir Panjang
2250000,2872.0,4.0,5.0,3.0,6,0,0,0,0,0,0,0,,,,Duplex,Freehold,Malay Reserved,Low,Kuala Lumpur,Kuala Lumpur
315000,800.0,3.0,2.0,1.0,2,0,0,0,0,0,0,0,,6.0,,Apartment,Leasehold,Bumi Lot,Unknown,Selangor,Kota Damansara
600000,1244.0,3.0,2.0,2.0,10,0,0,0,0,0,0,0,2019.0,36.0,1148.0,Apartment,Freehold,Non Bumi Lot,Medium,Johor,Johor Bahru
550000,1041.0,3.0,2.0,2.0,4,0,0,0,0,0,0,0,1995.0,16.0,,Condominium,Freehold,Non Bumi Lot,Medium,Penang,Tanjung Bungah
550000,1650.0,4.0,2.0,2.0,5,0,0,0,0,0,0,0,,24.0,234.0,Condominium,Freehold,Non Bumi Lot,High,Penang,Ayer Itam
780000,1036.0,3.0,2.0,2.0,11,0,0,0,0,0,0,0,2021.0,33.0,550.0,Condominium,Freehold,Non Bumi Lot,High,Penang,Jelutong
165000,550.0,2.0,2.0,1.0,0,0,0,0,0,0,0,0,,,,Flat,Freehold,Non Bumi Lot,Medium,Penang,Ayer Itam
543000,1050.0,3.0,2.0,2.0,6,0,0,0,0,0,0,0,2016.0,20.0,771.0,Condominium,Freehold,Non Bumi Lot,High,Penang,Sungai Ara
1250000,1788.0,4.0,3.0,2.0,11,1,1,0,0,1,1,1,2017.0,29.0,369.0,Condominium,Freehold,Non Bumi Lot,Unknown,Kuala Lumpur,Kuala Lumpur
729000,1590.0,4.0,2.0,2.0,13,1,0,0,0,1,1,0,2013.0,,654.0,Condominium,Freehold,Non Bumi Lot,High,Kuala Lumpur,Kuala Lumpur
193000,450.0,3.0,2.0,2.0,11,0,0,0,0,0,0,0,2015.0,,1149.0,Service Residence,Freehold,Non Bumi Lot,Unknown,Selangor,Cyberjaya
470000,1240.0,2.0,2.0,2.0,10,0,0,0,0,0,0,0,,24.0,,Apartment,Freehold,Non Bumi Lot,Low,Kuala Lumpur,Kuala Lumpur
445000,940.0,3.0,2.0,1.0,0,0,0,0,0,0,0,0,2019.0,38.0,2647.0,Service Residence,Freehold,Bumi Lot,Unknown,Kuala Lumpur,Kuala Lumpur
388000,982.0,3.0,2.0,1.0,5,1,0,0,1,0,1,0,,16.0,,Condominium,Freehold,Non Bumi Lot,Unknown,Kuala Lumpur,Kuala Lumpur
250000,870.0,3.0,2.0,1.0,8,0,0,0,0,0,0,0,,18.0,,Apartment,Leasehold,Bumi Lot,Unknown,Selangor,Gombak
120000,560.0,2.0,1.0,1.0,0,1,1,0,1,1,1,0,,,,Flat,Freehold,Non Bumi Lot,High,Selangor,Seri Kembangan
410000,1040.0,3.0,2.0,1.0,7,1,1,0,1,0,1,0,1998.0,15.0,900.0,Apartment,Freehold,Non Bumi Lot,Unknown,Kuala Lumpur,Kuala Lumpur
109000,650.0,3.0,2.0,1.0,3,0,0,0,0,0,1,0,,5.0,720.0,Flat,Leasehold,Bumi Lot,Medium,Selangor,Seri Kembangan
490000,975.0,2.0,2.0,1.0,13,1,0,0,0,1,1,0,2013.0,,654.0,Condominium,Freehold,Non Bumi Lot,Medium,Kuala Lumpur,Kuala Lumpur
595000,1520.0,3.0,2.0,2.0,0,0,0,0,0,0,0,0,,,,Apartment,Freehold,Non Bumi Lot,Medium,Sarawak,Kuching
120000,542.0,2.0,1.0,1.0,0,0,0,0,0,0,0,0,,,,Apartment,Freehold,Non Bumi Lot,Medium,Selangor,Balakong
188000,450.0,3.0,2.0,2.0,11,0,0,0,0,0,0,0,2015.0,,1149.0,Service Residence,Freehold,Non Bumi Lot,Unknown,Selangor,Cyberjaya
218000,818.0,3.0,2.0,1.0,7,0,0,0,0,0,0,0,2017.0,20.0,,Apartment,Freehold,Non Bumi Lot,Medium,Johor,Johor Bahru
425000,1417.0,3.0,2.0,1.0,0,0,0,0,0,0,0,0,2000.0,18.0,752.0,Condominium,Leasehold,Non Bumi Lot,Unknown,Kuala Lumpur,Kuala Lumpur
155000,850.0,3.0,2.0,1.0,5,0,0,0,0,0,0,0,2014.0,4.0,348.0,Flat,Freehold,Non Bumi Lot,High,Johor,Pasir Gudang
270000,1023.0,3.0,2.0,1.0,9,0,1,1,0,0,0,0,2010.0,22.0,1074.0,Condominium,Leasehold,Non Bumi Lot,Unknown,Selangor,Selayang
310000,1050.0,3.0,2.0,1.0,9,0,0,0,0,0,0,0,,,,Condominium,Freehold,Non Bumi Lot,Low,Melaka,Ujong Pasir
330000,618.0,1.0,1.0,1.0,9,0,0,0,0,0,1,0,2015.0,28.0,467.0,Service Residence,Leasehold,Non Bumi Lot,Unknown,Kuala Lumpur,Kuala Lumpur
240000,650.0,2.0,1.0,1.0,2,0,0,0,0,0,0,0,,,,Flat,Leasehold,Non Bumi Lot,Medium,Kuala Lumpur,Kuala Lumpur
225000,850.0,3.0,2.0,1.0,3,1,0,1,0,0,1,0,2000.0,10.0,20.0,Apartment,Leasehold,Non Bumi Lot,Low,Selangor,Shah Alam
410000,1262.0,4.0,2.0,2.0,6,0,0,0,0,0,0,1,,5.0,,Apartment,Freehold,Non Bumi Lot,Medium,Selangor,Kajang
420000,893.0,3.0,2.0,1.0,8,0,0,0,0,0,0,0,2017.0,23.0,763.0,Condominium,Freehold,Non Bumi Lot,High,Selangor,Semenyih
470000,890.0,3.0,3.0,2.0,14,0,0,0,0,0,0,0,,,,Condominium,Freehold,Non Bumi Lot,Medium,Putrajaya,Putrajaya
360000,1130.0,3.0,2.0,2.0,13,0,0,0,0,0,0,0,2017.0,15.0,210.0,Apartment,Leasehold,Non Bumi Lot,Medium,Perak,Ipoh
620000,1130.0,3.0,2.0,1.0,0,0,0,0,0,0,0,0,,,,Service Residence,Freehold,Non Bumi Lot,Unknown,Sarawak,Kuching
120000,650.0,3.0,2.0,1.0,0,0,0,0,0,0,0,0,,,,Flat,Freehold,Non Bumi Lot,Low,Penang,Ayer Itam
250000,926.0,3.0,2.0,1.0,8,0,0,0,0,0,0,0,,14.0,340.0,Apartment,Leasehold,Non Bumi Lot,Unknown,Selangor,Shah Alam
590000,1200.0,3.0,2.0,2.0,14,0,0,0,0,0,0,0,,,,Condominium,Freehold,Non Bumi Lot,Medium,Putrajaya,Putrajaya
130000,650.0,3.0,2.0,1.0,4,0,0,0,0,0,1,0,,16.0,,Apartment,Freehold,Non Bumi Lot,Unknown,Kuala Lumpur,Kuala Lumpur
489999,1365.0,3.0,2.0,1.0,0,0,0,0,0,0,0,0,,19.0,306.0,Service Residence,Leasehold,Bumi Lot,Unknown,Selangor,Shah Alam
400000,1100.0,3.0,2.0,1.0,7,1,0,0,0,1,1,0,1996.0,19.0,,Condominium,Leasehold,Non Bumi Lot,Unknown,Kuala Lumpur,Kuala Lumpur
300000,900.0,3.0,2.0,1.0,5,1,0,0,0,0,0,0,,12.0,,Apartment,Leasehold,Non Bumi Lot,Unknown,Selangor,Ampang
200000,840.0,3.0,3.0,1.0,2,0,0,0,0,0,0,0,,5.0,180.0,Apartment,Freehold,Non Bumi Lot,Unknown,Selangor,Cheras
400000,1299.0,3.0,2.0,1.0,5,1,1,0,1,1,1,0,1999.0,16.0,320.0,Condominium,Freehold,Non Bumi Lot,Unknown,Kuala Lumpur,Kuala Lumpur
190000,700.0,3.0,2.0,1.0,0,0,0,0,0,0,0,0,,,,Flat,Leasehold,Bumi Lot,Unknown,Kuala Lumpur,Kuala Lumpur
380000,700.0,3.0,2.0,1.0,7,0,0,0,0,0,0,0,1999.0,19.0,322.0,Apartment,Freehold,Non Bumi Lot,Medium,Penang,Jelutong
800000,1175.0,3.0,2.0,2.0,5,0,0,0,0,0,0,0,,,,Condominium,Freehold,Non Bumi Lot,High,Penang,Jelutong
840000,1338.0,3.0,2.0,2.0,7,0,0,0,0,0,0,0,2020.0,,803.0,Condominium,Freehold,Non Bumi Lot,High,Penang,Jelutong
520000,1000.0,3.0,2.0,2.0,9,0,0,0,0,0,0,0,2020.0,,,Apartment,Freehold,Non Bumi Lot,High,Penang,George Town
388000,700.0,3.0,2.0,1.0,7,0,0,0,0,0,0,0,2006.0,20.0,,Condominium,Freehold,Non Bumi Lot,Low,Penang,Jelutong
393000,700.0,3.0,2.0,1.0,8,0,0,0,0,0,0,0,2009.0,23.0,,Apartment,Freehold,Non Bumi Lot,High,Penang,Jelutong
313000,650.0,3.0,2.0,1.0,6,0,0,0,0,0,0,0,,,,Apartment,Freehold,Non Bumi Lot,Low,Penang,Jelutong
220000,855.0,2.0,2.0,1.0,0,0,0,0,0,0,0,0,2005.0,9.0,672.0,Condominium,Leasehold,Non Bumi Lot,High,Kuala Lumpur,Kuala Lumpur
105000,671.0,3.0,2.0,2.0,0,1,0,0,0,1,0,0,,,,Apartment,Leasehold,Non Bumi Lot,Medium,Selangor,Rawang
265000,700.0,3.0,2.0,1.0,0,0,0,0,0,0,0,0,1992.0,17.0,3.0,Apartment,Leasehold,Non Bumi Lot,High,Penang,Ayer Itam
115000,700.0,3.0,2.0,2.0,0,0,0,0,0,0,0,0,,,,Apartment,Leasehold,Non Bumi Lot,Low,Unknown,Unknown
380000,1062.0,4.0,2.0,1.0,8,1,1,0,1,1,1,0,2005.0,25.0,588.0,Service Residence,Freehold,Non Bumi Lot,Unknown,Selangor,Subang Jaya
445000,1068.0,3.0,2.0,1.0,10,0,0,0,0,0,0,0,2016.0,,944.0,Condominium,Leasehold,Non Bumi Lot,High,Johor,Johor Bahru
600000,1285.0,4.0,3.0,1.0,10,0,0,0,0,0,0,0,2013.0,30.0,808.0,Condominium,Freehold,Non Bumi Lot,High,Penang,Ayer Itam
460000,856.0,3.0,2.0,1.0,5,0,0,0,0,0,0,0,,,808.0,Condominium,Freehold,Non Bumi Lot,Medium,Penang,Ayer Itam
530000,1091.0,3.0,2.0,1.0,10,0,0,0,0,0,0,0,2013.0,30.0,808.0,Condominium,Freehold,Non Bumi Lot,Medium,Penang,Ayer Itam
350000,700.0,3.0,2.0,1.0,9,0,0,0,0,0,0,0,2012.0,30.0,500.0,Apartment,Freehold,Non Bumi Lot,Medium,Penang,Ayer Itam
99000,560.0,2.0,1.0,2.0,2,0,0,0,0,0,0,0,,,,Flat,Freehold,Non Bumi Lot,High,Johor,Johor Bahru
500000,887.0,3.0,2.0,1.0,10,0,0,0,0,0,0,0,2013.0,30.0,808.0,Condominium,Freehold,Non Bumi Lot,High,Penang,Ayer Itam
430000,850.0,3.0,2.0,2.0,9,0,0,0,0,0,0,0,2007.0,22.0,816.0,Condominium,Freehold,Non Bumi Lot,Medium,Penang,Ayer Itam
249000,663.0,2.0,2.0,1.0,14,0,0,0,0,0,0,0,,20.0,720.0,Apartment,Freehold,Non Bumi Lot,Medium,Johor,Johor Bahru
1150000,2337.0,5.0,4.0,4.0,14,0,0,0,0,0,0,0,2011.0,38.0,420.0,Condominium,Freehold,Non Bumi Lot,High,Penang,Ayer Itam
500000,1473.0,3.0,2.0,2.0,11,1,1,1,0,1,1,0,2014.0,25.0,800.0,Condominium,Leasehold,Bumi Lot,High,Kuala Lumpur,Kuala Lumpur
538000,624.0,1.0,1.0,1.0,0,1,1,1,1,1,1,0,2008.0,,256.0,Service Residence,Freehold,Non Bumi Lot,Medium,Kuala Lumpur,Kuala Lumpur
245000,870.0,3.0,2.0,1.0,6,0,0,0,0,0,0,0,2019.0,20.0,1101.0,Apartment,Leasehold,Bumi Lot,Unknown,Selangor,Kajang
420000,838.0,3.0,2.0,1.0,9,0,0,0,0,0,0,0,2007.0,22.0,816.0,Condominium,Freehold,Non Bumi Lot,Unknown,Penang,Ayer Itam
600000,840.0,3.0,2.0,2.0,11,1,1,0,1,1,0,0,,,,Service Residence,Freehold,Bumi Lot,Medium,Kuala Lumpur,Kuala Lumpur
375000,900.0,3.0,2.0,1.0,4,0,0,0,0,0,0,0,2016.0,43.0,474.0,Condominium,Freehold,Non Bumi Lot,Unknown,Selangor,Cheras
180000,850.0,3.0,2.0,1.0,5,0,0,0,0,0,0,0,2014.0,4.0,348.0,Flat,Freehold,Non Bumi Lot,Low,Johor,Pasir Gudang
225000,850.0,3.0,2.0,1.0,2,0,0,0,0,0,0,0,,15.0,303.0,Apartment,Freehold,Non Bumi Lot,Medium,Johor,Johor Bahru
295000,742.0,3.0,1.0,1.0,4,1,1,0,0,1,1,1,,11.0,,Apartment,Freehold,Non Bumi Lot,Medium,Kuala Lumpur,Kuala Lumpur
380000,460.0,1.0,1.0,1.0,14,0,0,0,0,0,0,0,,,,Service Residence,Freehold,Non Bumi Lot,Unknown,Pahang,Genting Highlands
420000,650.0,1.0,1.0,1.0,14,1,0,0,0,1,1,0,2016.0,35.0,457.0,Service Residence,Freehold,Non Bumi Lot,Medium,Selangor,Subang Jaya
415000,1059.0,3.0,2.0,1.0,10,1,0,1,1,0,0,0,2009.0,23.0,346.0,Condominium,Leasehold,Non Bumi Lot,Low,Selangor,Kota Damansara
339000,893.0,3.0,2.0,2.0,8,0,0,0,0,0,0,0,2017.0,23.0,763.0,Service Residence,Freehold,Non Bumi Lot,High,Selangor,Semenyih
410000,1238.0,3.0,2.0,1.0,14,1,1,0,0,1,1,0,2007.0,18.0,715.0,Condominium,Leasehold,Non Bumi Lot,Unknown,Kuala Lumpur,Kuala Lumpur
140000,650.0,3.0,2.0,1.0,2,0,0,0,0,0,0,0,,,,Apartment,Freehold,Non Bumi Lot,Unknown,Kuala Lumpur,Kuala Lumpur
430000,1334.0,4.0,2.0,1.0,8,0,0,0,0,0,0,0,,15.0,,Condominium,Freehold,Non Bumi Lot,High,Penang,Butterworth
315000,1156.0,5.0,3.0,1.0,5,0,0,0,0,0,0,0,2005.0,21.0,536.0,Condominium,Freehold,Bumi Lot,High,Selangor,Seri Kembangan
310000,1100.0,3.0,2.0,1.0,6,1,1,1,1,1,0,0,,17.0,,Condominium,Freehold,Non Bumi Lot,Medium,Kuala Lumpur,Kuala Lumpur
520000,865.0,3.0,2.0,2.0,4,1,0,1,0,1,1,1,2020.0,,736.0,Service Residence,Freehold,Non Bumi Lot,Medium,Selangor,Shah Alam
360000,954.0,3.0,2.0,1.0,4,0,0,0,0,0,0,0,2013.0,,512.0,Service Residence,Freehold,Non Bumi Lot,Medium,Johor,Johor Bahru
390000,1250.0,3.0,2.0,1.0,0,1,0,0,0,0,1,0,2016.0,,474.0,Condominium,Freehold,Non Bumi Lot,Unknown,Kuala Lumpur,Kuala Lumpur
318000,950.0,3.0,2.0,1.0,4,0,0,0,0,0,0,0,,,,Apartment,Freehold,Non Bumi Lot,Unknown,Unknown,Unknown
700000,980.0,2.0,2.0,1.0,5,0,0,0,0,0,0,0,,,,Service Residence,Freehold,Non Bumi Lot,Unknown,Unknown,Unknown
350000,1200.0,3.0,2.0,1.0,0,0,0,0,0,0,0,0,,,,Condominium,Freehold,Non Bumi Lot,Unknown,Unknown,Unknown
379888,665.0,3.0,2.0,1.0,8,0,0,0,0,0,0,0,2009.0,23.0,,Apartment,Freehold,Non Bumi Lot,Medium,Penang,Jelutong
228000,850.0,3.0,2.0,1.0,4,0,0,0,0,0,0,0,2009.0,13.0,,Apartment,Leasehold,Non Bumi Lot,Low,Johor,Johor Bahru
238000,850.0,3.0,2.0,1.0,4,0,0,0,0,0,0,0,2009.0,13.0,,Apartment,Leasehold,Non Bumi Lot,Medium,Johor,Johor Bahru
358000,997.0,3.0,2.0,1.0,8,1,0,0,0,1,1,1,,,188.0,Condominium,Freehold,Bumi Lot,Unknown,Kuala Lumpur,Kuala Lumpur
393000,1378.0,3.0,2.0,1.0,4,0,0,0,0,0,0,0,2017.0,15.0,368.0,Condominium,Freehold,Bumi Lot,Unknown,Kuala Lumpur,Kuala Lumpur
320000,1141.0,3.0,2.0,1.0,8,0,1,0,1,0,0,0,1995.0,19.0,486.0,Condominium,Leasehold,Bumi Lot,Unknown,Kuala Lumpur,Kuala Lumpur
425000,1200.0,3.0,2.0,1.0,10,1,0,0,0,1,1,0,2007.0,20.0,196.0,Condominium,Freehold,Bumi Lot,Unknown,Kuala Lumpur,Kuala Lumpur
388000,972.0,2.0,2.0,1.0,4,0,0,0,0,0,0,0,,,400.0,Apartment,Freehold,Non Bumi Lot,Medium,Johor,Iskandar Puteri
220000,551.0,2.0,1.0,1.0,3,0,0,0,0,0,0,0,,,,Flat,Leasehold,Non Bumi Lot,High,Kuala Lumpur,Kuala Lumpur
178000,550.0,2.0,1.0,1.0,1,1,1,0,1,0,1,0,,,,Apartment,Freehold,Non Bumi Lot,Unknown,Kuala Lumpur,Kuala Lumpur
450000,650.0,1.0,1.0,1.0,14,1,1,0,1,1,1,0,2016.0,19.0,457.0,Condominium,Freehold,Non Bumi Lot,Medium,Selangor,Subang Jaya
450000,950.0,3.0,2.0,2.0,11,0,0,0,0,0,0,0,,,,Apartment,Leasehold,Non Bumi Lot,Unknown,Kuala Lumpur,Kuala Lumpur
289000,1159.0,3.0,2.0,1.0,7,0,0,0,0,0,0,0,2006.0,5.0,414.0,Apartment,Leasehold,Non Bumi Lot,Unknown,Selangor,Gombak
360000,700.0,3.0,2.0,1.0,6,0,0,0,0,0,0,0,,30.0,,Apartment,Freehold,Non Bumi Lot,Unknown,Penang,Ayer Itam
160000,853.0,3.0,2.0,1.0,1,0,0,1,0,0,0,0,,5.0,,Apartment,Freehold,Non Bumi Lot,Unknown,Selangor,Ampang
448500,1110.0,3.0,2.0,2.0,7,0,0,0,0,0,0,0,2021.0,,410.0,Condominium,Freehold,Non Bumi Lot,Medium,Penang,Bayan Lepas
228000,1045.0,3.0,2.0,1.0,4,0,0,0,0,0,0,0,,,,Apartment,Leasehold,Non Bumi Lot,High,Selangor,Subang Bestari
228000,920.0,4.0,2.0,1.0,5,0,0,0,0,0,0,0,2017.0,20.0,,Apartment,Freehold,Non Bumi Lot,Medium,Johor,Johor Bahru
379000,1144.0,3.0,2.0,1.0,8,1,0,0,1,0,0,0,2011.0,29.0,1709.0,Condominium,Leasehold,Non Bumi Lot,Medium,Selangor,Batu Caves
189000,600.0,2.0,1.0,1.0,1,0,0,0,0,0,0,0,,,,Apartment,Leasehold,Non Bumi Lot,Medium,Penang,George Town
320000,1167.0,3.0,2.0,1.0,7,0,0,0,0,0,0,0,,17.0,,Condominium,Freehold,Non Bumi Lot,Unknown,Kuala Lumpur,Kuala Lumpur
350000,430.0,2.0,2.0,1.0,0,1,1,1,1,1,1,0,2021.0,,1100.0,Service Residence,Leasehold,Non Bumi Lot,Unknown,Kuala Lumpur,Kuala Lumpur
570000,1044.0,3.0,2.0,2.0,14,1,0,0,0,1,1,0,2024.0,11.0,628.0,Condominium,Leasehold,Non Bumi Lot,Medium,Kuala Lumpur,Kuala Lumpur
210000,650.0,3.0,2.0,1.0,2,0,0,0,0,0,0,0,,,,Apartment,Leasehold,Non Bumi Lot,Unknown,Penang,Sungai Ara
245000,650.0,3.0,2.0,1.0,5,0,0,0,0,0,0,0,,,,Apartment,Leasehold,Non Bumi Lot,Unknown,Penang,Tanjong Tokong
610000,1113.0,3.0,2.0,2.0,7,0,0,0,0,0,0,0,2010.0,38.0,,Condominium,Leasehold,Non Bumi Lot,Unknown,Penang,Gelugor
438000,972.0,2.0,2.0,1.0,5,0,0,0,0,0,0,0,,,42.0,Apartment,Freehold,Non Bumi Lot,Medium,Johor,Skudai
260000,820.0,3.0,2.0,1.0,7,1,0,0,0,1,1,0,,14.0,,Apartment,Freehold,Non Bumi Lot,Medium,Selangor,Puchong
365000,1012.0,3.0,2.0,1.0,5,0,0,0,0,0,0,0,,5.0,,Apartment,Freehold,Non Bumi Lot,Low,Selangor,Puchong
198000,447.0,1.0,1.0,1.0,7,0,0,0,0,0,0,0,2015.0,21.0,455.0,Condominium,Freehold,Non Bumi Lot,Unknown,Selangor,Kajang
299999,1150.0,3.0,2.0,1.0,0,0,0,0,0,0,0,0,,,,Apartment,Freehold,Non Bumi Lot,Unknown,Selangor,Klang
180000,852.0,3.0,2.0,1.0,4,1,1,0,1,1,1,0,2015.0,5.0,,Apartment,Leasehold,Non Bumi Lot,Unknown,Selangor,Petaling Jaya
245000,815.0,3.0,2.0,1.0,0,0,0,0,0,0,0,0,,5.0,,Apartment,Freehold,Non Bumi Lot,Unknown,Selangor,Shah Alam
210000,450.0,1.0,1.0,1.0,6,1,1,0,0,1,1,0,2015.0,24.0,400.0,Condominium,Freehold,Non Bumi Lot,Unknown,Selangor,Cyberjaya
330000,714.0,2.0,2.0,1.0,6,0,0,0,0,0,0,0,2014.0,16.0,512.0,Service Residence,Leasehold,Non Bumi Lot,Unknown,Selangor,Shah Alam
263000,967.0,3.0,2.0,1.0,7,0,0,0,0,0,0,0,,,,Apartment,Freehold,Non Bumi Lot,Medium,Selangor,Kajang
330000,1010.0,3.0,2.0,1.0,7,1,1,1,1,0,1,0,2007.0,,397.0,Apartment,Leasehold,Non Bumi Lot,Unknown,Kuala Lumpur,Kuala Lumpur
448000,1001.0,3.0,2.0,2.0,9,1,0,0,0,1,0,0,2014.0,21.0,391.0,Service Residence,Leasehold,Non Bumi Lot,High,Selangor,Gombak
790000,1345.0,3.0,2.0,2.0,10,0,0,0,0,0,0,0,2016.0,17.0,91.0,Condominium,Freehold,Non Bumi Lot,Medium,Penang,Jelutong
345000,680.0,3.0,2.0,1.0,9,0,0,0,0,0,0,0,2020.0,,,Apartment,Freehold,Non Bumi Lot,High,Penang,George Town
675000,1012.0,3.0,2.0,2.0,8,0,0,0,0,0,0,0,2011.0,22.0,531.0,Condominium,Leasehold,Non Bumi Lot,High,Penang,George Town
930000,1464.0,4.0,3.0,2.0,8,0,0,0,0,0,0,0,2011.0,22.0,531.0,Condominium,Leasehold,Non Bumi Lot,Low,Penang,George Town
380000,915.0,3.0,2.0,1.0,8,0,0,0,0,0,0,0,,,226.0,Condominium,Freehold,Non Bumi Lot,High,Putrajaya,Putrajaya
199990,750.0,3.0,2.0,1.0,3,1,0,0,0,0,0,0,,,,Apartment,Leasehold,Bumi Lot,Low,Selangor,Jenjarom
199900,850.0,3.0,2.0,1.0,4,0,0,0,0,0,0,0,,5.0,,Apartment,Freehold,Bumi Lot,Medium,Selangor,Shah Alam
99000,624.0,3.0,2.0,1.0,0,0,0,0,0,0,0,0,,5.0,,Apartment,Freehold,Non Bumi Lot,Low,Penang,Bukit Mertajam
330000,920.0,3.0,2.0,2.0,7,1,0,0,1,1,1,0,1999.0,15.0,690.0,Condominium,Leasehold,Non Bumi Lot,Medium,Kuala Lumpur,Kuala Lumpur
230000,581.0,2.0,2.0,1.0,6,0,0,0,0,0,0,0,,,,Apartment,Leasehold,Non Bumi Lot,Medium,Penang,George Town
338000,750.0,3.0,2.0,1.0,3,0,0,0,0,0,0,0,2000.0,12.0,,Apartment,Freehold,Non Bumi Lot,Medium,Penang,George Town
145000,650.0,3.0,1.0,1.0,0,0,0,0,0,0,0,0,,,,Apartment,Leasehold,Non Bumi Lot,Unknown,Kuala Lumpur,Kuala Lumpur
163000,790.0,3.0,2.0,1.0,0,1,0,0,0,1,0,0,2014.0,,,Apartment,Freehold,Non Bumi Lot,Medium,Selangor,Rawang
315000,890.0,3.0,2.0,1.0,0,0,0,0,0,0,0,0,2008.0,16.0,196.0,Apartment,Leasehold,Non Bumi Lot,Medium,Johor,Johor Bahru
355000,700.0,3.0,2.0,1.0,6,0,0,0,0,0,0,0,,30.0,,Apartment,Freehold,Non Bumi Lot,High,Penang,Ayer Itam
698000,1271.0,4.0,2.0,2.0,5,0,0,0,0,0,0,0,2017.0,30.0,410.0,Condominium,Freehold,Non Bumi Lot,High,Penang,Sungai Ara
480000,900.0,3.0,2.0,2.0,5,0,0,0,0,0,0,0,2019.0,42.0,2685.0,Condominium,Freehold,Non Bumi Lot,Low,Penang,Bayan Lepas
510000,887.0,3.0,2.0,1.0,10,0,0,0,0,0,0,0,2013.0,30.0,808.0,Condominium,Freehold,Non Bumi Lot,Medium,Penang,Ayer Itam
680000,1066.0,4.0,2.0,2.0,6,1,1,0,0,1,0,0,2020.0,12.0,136.0,Condominium,Freehold,Non Bumi Lot,High,Selangor,Shah Alam
345000,865.0,3.0,2.0,1.0,7,0,0,0,0,0,0,0,,,,Apartment,Freehold,Non Bumi Lot,Medium,Selangor,Kajang
295000,850.0,3.0,2.0,1.0,7,0,0,0,0,0,0,0,,15.0,,Apartment,Freehold,Non Bumi Lot,Medium,Johor,Johor Bahru
608000,1300.0,2.0,3.0,1.0,9,0,0,0,0,0,0,0,,,,Condominium,Leasehold,Non Bumi Lot,Low,Sabah,Kota Kinabalu
390000,719.0,2.0,1.0,1.0,0,1,0,0,0,1,1,0,,,,Apartment,Leasehold,Non Bumi Lot,Unknown,Kuala Lumpur,Kuala Lumpur
468000,1135.0,3.0,2.0,2.0,1,0,0,0,0,0,0,0,,,,Condominium,Leasehold,Non Bumi Lot,Unknown,Unknown,Unknown
3039000,1894.0,3.0,3.0,2.0,7,0,0,0,0,0,0,0,,,,Condominium,Freehold,Non Bumi Lot,Unknown,Unknown,Unknown
168000,753.0,3.0,2.0,2.0,6,0,0,0,0,0,0,0,,,,Apartment,Freehold,Non Bumi Lot,Low,Selangor,Semenyih
380000,1009.0,3.0,2.0,2.0,11,1,0,0,0,1,1,0,2017.0,36.0,1338.0,Service Residence,Leasehold,Non Bumi Lot,Medium,Kuala Lumpur,Kuala Lumpur
450000,1142.0,4.0,2.0,1.0,8,0,0,0,0,0,0,0,2015.0,24.0,900.0,Condominium,Leasehold,Bumi Lot,Medium,Kuala Lumpur,Kuala Lumpur
318000,973.0,3.0,2.0,1.0,9,0,0,0,0,0,0,0,2015.0,,352.0,Condominium,Leasehold,Non Bumi Lot,Medium,Johor,Johor Bahru
221000,700.0,3.0,2.0,1.0,2,0,0,0,0,0,0,0,,,,Apartment,Freehold,Non Bumi Lot,Medium,Putrajaya,Putrajaya
398000,720.0,1.0,1.0,1.0,7,1,1,1,1,1,1,0,,12.0,,Condominium,Freehold,Non Bumi Lot,Unknown,Kuala Lumpur,Kuala Lumpur
255000,870.0,3.0,2.0,1.0,8,0,0,0,0,0,0,0,,18.0,,Apartment,Leasehold,Bumi Lot,Medium,Selangor,Gombak
738000,1281.0,4.0,3.0,2.0,10,0,0,0,0,0,0,0,2017.0,22.0,396.0,Condominium,Leasehold,Non Bumi Lot,High,Penang,Jelutong
389000,1096.0,3.0,2.0,1.0,7,0,0,0,0,0,0,0,2019.0,19.0,256.0,Condominium,Leasehold,Non Bumi Lot,Unknown,Selangor,Sepang
200000,750.0,3.0,2.0,1.0,0,0,0,0,0,0,0,0,,14.0,,Condominium,Leasehold,Non Bumi Lot,Unknown,Kuala Lumpur,Kuala Lumpur
205000,850.0,3.0,2.0,1.0,4,1,1,0,0,1,1,0,,9.0,,Apartment,Leasehold,Non Bumi Lot,Unknown,Kuala Lumpur,Kuala Lumpur
400000,1050.0,3.0,2.0,1.0,8,1,0,0,0,1,1,0,2014.0,17.0,435.0,Condominium,Freehold,Non Bumi Lot,Unknown,Kuala Lumpur,Kuala Lumpur
185000,750.0,3.0,2.0,1.0,3,0,0,0,0,0,0,0,,5.0,,Flat,Leasehold,Bumi Lot,Medium,Selangor,Kuala Langat
260000,1185.0,3.0,2.0,2.0,2,0,0,0,0,0,0,0,,,,Apartment,Freehold,Non Bumi Lot,Unknown,Selangor,Kajang
410000,698.0,2.0,1.0,1.0,5,1,0,0,1,1,1,0,2016.0,,,Condominium,Leasehold,Non Bumi Lot,Medium,Kuala Lumpur,Kuala Lumpur
330000,1212.0,3.0,2.0,1.0,2,0,0,0,0,0,0,0,,,538.0,Apartment,Freehold,Non Bumi Lot,Unknown,Selangor,Cheras
265000,800.0,3.0,2.0,1.0,4,0,0,0,0,0,0,0,,5.0,,Apartment,Leasehold,Bumi Lot,Unknown,Selangor,Ampang
280000,810.0,2.0,2.0,1.0,0,0,0,0,0,0,0,0,2019.0,25.0,2003.0,Service Residence,Freehold,Non Bumi Lot,High,Johor,Johor Bahru
378000,1006.0,3.0,2.0,1.0,10,0,0,0,0,0,0,0,,,,Condominium,Leasehold,Non Bumi Lot,High,Sarawak,Kuching
448500,1100.0,3.0,2.0,2.0,4,0,0,0,0,0,0,0,2013.0,30.0,,Service Residence,Freehold,Non Bumi Lot,Medium,Penang,Bayan Lepas
450000,1206.0,3.0,2.0,1.0,11,0,0,0,0,0,0,0,,,,Condominium,Leasehold,Non Bumi Lot,High,Sarawak,Kuching
650000,1259.0,3.0,2.0,1.0,9,0,0,0,0,0,0,0,,,,Condominium,Leasehold,Non Bumi Lot,Medium,Sarawak,Kuching
350000,1000.0,4.0,2.0,2.0,11,1,1,1,0,1,1,0,2025.0,,1443.0,Service Residence,Leasehold,Non Bumi Lot,Medium,Kuala Lumpur,Kuala Lumpur
528000,1265.0,3.0,2.0,1.0,9,1,0,0,0,1,1,0,2020.0,32.0,228.0,Condominium,Freehold,Non Bumi Lot,Medium,Kuala Lumpur,Kuala Lumpur
550000,1050.0,4.0,3.0,2.0,11,0,0,0,0,0,0,0,2023.0,44.0,684.0,Service Residence,Freehold,Non Bumi Lot,High,Kuala Lumpur,Kuala Lumpur
280000,700.0,3.0,2.0,1.0,2,0,0,0,0,0,0,0,1995.0,12.0,240.0,Apartment,Freehold,Non Bumi Lot,Low,Penang,Ayer Itam
530000,1200.0,3.0,3.0,2.0,9,0,0,0,0,0,0,0,,,,Condominium,Freehold,Non Bumi Lot,Medium,Kuala Lumpur,Kuala Lumpur
495000,1115.0,3.0,2.0,1.0,7,0,0,0,0,0,0,0,2010.0,38.0,,Condominium,Leasehold,Non Bumi Lot,Unknown,Penang,Gelugor
600000,1116.0,3.0,2.0,2.0,7,0,0,0,0,0,0,0,2010.0,38.0,,Condominium,Leasehold,Non Bumi Lot,Unknown,Penang,Gelugor
350000,1091.0,3.0,2.0,1.0,8,0,0,0,1,0,1,0,2010.0,18.0,569.0,Condominium,Freehold,Non Bumi Lot,Unknown,Kuala Lumpur,Kuala Lumpur
440000,847.0,2.0,2.0,1.0,0,0,0,0,0,0,0,0,2016.0,35.0,,Service Residence,Freehold,Non Bumi Lot,Unknown,Selangor,Cheras
460000,1100.0,3.0,2.0,2.0,11,1,1,1,0,1,1,0,2022.0,30.0,265.0,Condominium,Freehold,Bumi Lot,Low,Selangor,Cyberjaya
313000,855.0,3.0,2.0,2.0,10,0,0,0,0,0,0,0,,,,Apartment,Freehold,Non Bumi Lot,High,Selangor,Sepang
108000,800.0,3.0,2.0,1.0,0,0,0,0,0,0,0,0,,,,Flat,Leasehold,Non Bumi Lot,Medium,Selangor,Seri Kembangan
145000,648.0,3.0,2.0,1.0,5,0,0,0,0,0,0,0,,5.0,,Apartment,Freehold,Non Bumi Lot,Low,Selangor,Puchong
290000,911.0,3.0,2.0,1.0,10,1,0,1,0,1,1,0,1994.0,24.0,576.0,Condominium,Freehold,Non Bumi Lot,Unknown,Kuala Lumpur,Kuala Lumpur
200000,450.0,1.0,1.0,1.0,0,0,0,0,0,0,0,0,2016.0,40.0,946.0,Condominium,Freehold,Non Bumi Lot,Unknown,Selangor,Cyberjaya
200000,500.0,1.0,1.0,1.0,7,0,0,0,0,0,0,0,2013.0,29.0,372.0,Condominium,Freehold,Non Bumi Lot,Unknown,Selangor,Cyberjaya
160000,813.0,3.0,2.0,1.0,5,0,0,0,0,1,1,1,,21.0,,Apartment,Leasehold,Non Bumi Lot,Unknown,Selangor,Seri Kembangan
240000,450.0,1.0,1.0,1.0,0,1,1,1,0,1,1,0,2012.0,,196.0,Condominium,Leasehold,Non Bumi Lot,Unknown,Selangor,Shah Alam
270000,418.0,1.0,1.0,1.0,0,0,0,0,0,0,0,0,2014.0,25.0,1211.0,Service Residence,Freehold,Non Bumi Lot,Unknown,Selangor,USJ
235000,454.0,1.0,1.0,1.0,8,1,1,0,0,1,1,0,,15.0,766.0,Service Residence,Leasehold,Non Bumi Lot,Unknown,Selangor,Seri Kembangan
230000,280.0,1.0,1.0,1.0,13,1,1,1,1,1,1,0,,,,Service Residence,Leasehold,Non Bumi Lot,Unknown,Kuala Lumpur,Kuala Lumpur
450000,1000.0,3.0,2.0,2.0,3,0,0,0,0,0,0,0,,,1000.0,Service Residence,Freehold,Non Bumi Lot,High,Penang,Ayer Itam
750000,1036.0,3.0,2.0,2.0,11,0,0,0,0,0,0,0,2021.0,33.0,550.0,Condominium,Freehold,Non Bumi Lot,Medium,Penang,Jelutong
378000,850.0,3.0,2.0,2.0,7,0,0,0,0,0,0,0,1998.0,13.0,140.0,Apartment,Freehold,Non Bumi Lot,Medium,Penang,Ayer Itam
480000,1060.0,3.0,2.0,2.0,4,0,0,0,0,0,0,0,1996.0,25.0,237.0,Condominium,Freehold,Non Bumi Lot,Medium,Penang,Jelutong
480000,887.0,3.0,2.0,2.0,10,0,0,0,0,0,0,0,2013.0,30.0,808.0,Condominium,Freehold,Non Bumi Lot,Medium,Penang,Ayer Itam
255000,700.0,3.0,2.0,1.0,3,0,0,0,0,0,0,0,,17.0,,Apartment,Freehold,Bumi Lot,Low,Putrajaya,Putrajaya
835000,1646.0,4.0,3.0,2.0,9,0,0,0,0,0,0,0,2018.0,44.0,378.0,Condominium,Freehold,Non Bumi Lot,Medium,Penang,Jelutong
390000,826.0,3.0,2.0,1.0,5,0,0,0,0,0,0,0,,,,Apartment,Freehold,Non Bumi Lot,Low,Penang,Relau
815000,1219.0,3.0,2.0,2.0,9,0,0,0,0,0,0,0,2021.0,24.0,1235.0,Condominium,Freehold,Non Bumi Lot,High,Penang,Relau
170000,513.0,2.0,1.0,1.0,3,0,0,0,0,0,0,0,,,,Flat,Leasehold,Non Bumi Lot,Medium,Penang,Ayer Itam
780000,1036.0,3.0,2.0,2.0,11,0,0,0,0,0,0,0,2021.0,33.0,550.0,Condominium,Freehold,Non Bumi Lot,High,Penang,Jelutong
825000,1254.0,3.0,2.0,2.0,9,0,0,0,0,0,0,0,2018.0,44.0,378.0,Condominium,Freehold,Non Bumi Lot,Medium,Penang,Jelutong
415000,700.0,3.0,2.0,1.0,7,0,0,0,0,0,0,0,2006.0,18.0,182.0,Apartment,Freehold,Non Bumi Lot,Medium,Penang,Jelutong
420000,800.0,3.0,2.0,1.0,7,0,0,0,0,0,0,0,2006.0,18.0,182.0,Apartment,Freehold,Non Bumi Lot,Medium,Penang,Jelutong
360000,700.0,3.0,2.0,2.0,7,0,0,0,0,0,0,0,1997.0,32.0,988.0,Condominium,Freehold,Non Bumi Lot,Low,Penang,Gelugor
310000,650.0,3.0,2.0,1.0,6,0,0,0,0,0,0,0,,,,Apartment,Freehold,Non Bumi Lot,Low,Penang,Jelutong
305000,650.0,3.0,2.0,1.0,2,0,0,0,0,0,0,0,,,,Apartment,Leasehold,Non Bumi Lot,Medium,Penang,Jelutong
580000,409.0,1.0,1.0,1.0,2,0,0,0,0,0,0,0,,,,Service Residence,Leasehold,Non Bumi Lot,High,Sabah,Kota Kinabalu
164000,650.0,3.0,2.0,1.0,3,1,0,0,1,1,1,1,,,,Flat,Leasehold,Bumi Lot,Low,Selangor,Petaling Jaya
165000,600.0,3.0,2.0,1.0,4,1,0,1,1,0,0,0,,,,Apartment,Leasehold,Bumi Lot,High,Selangor,Petaling Jaya
360000,1012.0,3.0,2.0,1.0,9,1,0,0,0,1,1,0,1994.0,,437.0,Condominium,Freehold,Non Bumi Lot,Unknown,Kuala Lumpur,Kuala Lumpur
440000,1150.0,3.0,2.0,1.0,7,1,0,1,0,1,1,0,2017.0,28.0,650.0,Condominium,Leasehold,Non Bumi Lot,Unknown,Kuala Lumpur,Kuala Lumpur
389000,915.0,3.0,2.0,1.0,10,1,0,0,0,1,0,0,2010.0,,704.0,Apartment,Leasehold,Non Bumi Lot,Medium,Selangor,Batu Caves
488000,1143.0,4.0,2.0,2.0,13,0,0,0,0,0,0,0,2011.0,,664.0,Condominium,Leasehold,Non Bumi Lot,Low,Selangor,Petaling Jaya
430000,990.0,3.0,2.0,1.0,10,1,1,1,1,0,1,1,2013.0,21.0,358.0,Condominium,Leasehold,Non Bumi Lot,Unknown,Selangor,Petaling Jaya
850000,1467.0,4.0,2.0,2.0,6,0,0,0,0,0,0,0,2015.0,18.0,107.0,Condominium,Freehold,Non Bumi Lot,Medium,Penang,Bayan Lepas
630000,1500.0,4.0,3.0,2.0,0,0,0,0,0,0,0,0,2015.0,,222.0,Condominium,Freehold,Non Bumi Lot,Medium,Penang,Paya Terubong
630000,1200.0,3.0,2.0,2.0,5,0,0,0,0,0,0,0,2017.0,30.0,410.0,Condominium,Freehold,Non Bumi Lot,High,Penang,Sungai Ara
1177000,1646.0,4.0,3.0,2.0,9,0,0,0,0,0,0,0,2018.0,44.0,378.0,Condominium,Freehold,Non Bumi Lot,High,Penang,Jelutong
170000,630.0,3.0,1.0,1.0,0,0,0,0,0,0,0,0,,,,Apartment,Leasehold,Non Bumi Lot,Medium,Kuala Lumpur,Kuala Lumpur
550000,1069.0,3.0,2.0,1.0,8,0,0,0,0,0,0,0,,16.0,,Condominium,Leasehold,Non Bumi Lot,High,Sabah,Kota Kinabalu
218000,943.0,3.0,2.0,1.0,5,0,0,0,0,0,0,0,,8.0,,Apartment,Leasehold,Non Bumi Lot,Unknown,Kuala Lumpur,Kuala Lumpur
208000,935.0,3.0,2.0,1.0,8,0,0,0,0,0,0,0,2017.0,20.0,,Apartment,Freehold,Bumi Lot,High,Johor,Johor Bahru
430000,1050.0,3.0,2.0,1.0,5,0,0,0,0,0,0,0,,,226.0,Condominium,Freehold,Non Bumi Lot,Medium,Putrajaya,Putrajaya
110000,1000.0,1.0,1.0,1.0,0,0,0,0,0,0,0,0,,,,Flat,Freehold,Non Bumi Lot,Medium,Penang,Bukit Mertajam
1500000,1528.0,3.0,2.0,2.0,10,0,0,0,0,0,0,0,,,846.0,Condominium,Freehold,Non Bumi Lot,Unknown,Penang,Bayan Lepas
450000,861.0,3.0,2.0,1.0,5,1,0,0,0,1,1,0,,5.0,,Service Residence,Freehold,Non Bumi Lot,Low,Selangor,Subang Jaya
79000,506.0,2.0,1.0,1.0,0,0,0,0,0,0,0,0,,,,Flat,Leasehold,Non Bumi Lot,Medium,Johor,Johor Bahru
218000,850.0,3.0,2.0,1.0,4,0,0,0,0,0,0,0,,15.0,303.0,Apartment,Freehold,Non Bumi Lot,High,Johor,Johor Bahru
880000,1513.0,4.0,3.0,2.0,9,1,0,0,1,0,1,1,2015.0,35.0,881.0,Condominium,Freehold,Non Bumi Lot,Low,Kuala Lumpur,Kuala Lumpur
920000,1302.0,3.0,3.0,2.0,6,0,0,0,0,0,0,0,2007.0,,396.0,Condominium,Freehold,Non Bumi Lot,High,Penang,Gelugor
278000,838.0,3.0,2.0,1.0,0,0,0,0,0,0,0,0,,20.0,780.0,Apartment,Leasehold,Non Bumi Lot,Unknown,Kuala Lumpur,Kuala Lumpur
248000,700.0,3.0,2.0,1.0,3,0,0,0,0,0,0,0,,25.0,,Apartment,Leasehold,Non Bumi Lot,Unknown,Penang,Ayer Itam
598000,2200.0,4.0,3.0,2.0,7,0,0,1,0,0,1,0,2016.0,20.0,456.0,Condominium,Leasehold,Non Bumi Lot,Low,Selangor,Seri Kembangan
480000,1445.0,4.0,3.0,1.0,8,0,0,1,0,0,1,0,2016.0,20.0,456.0,Condominium,Leasehold,Non Bumi Lot,Unknown,Selangor,Seri Kembangan
355000,1009.0,3.0,2.0,2.0,11,1,0,0,0,1,1,0,2017.0,36.0,1338.0,Service Residence,Leasehold,Non Bumi Lot,Low,Kuala Lumpur,Kuala Lumpur
350000,1009.0,3.0,2.0,2.0,11,1,0,0,0,1,1,0,2017.0,36.0,1338.0,Service Residence,Leasehold,Non Bumi Lot,Medium,Kuala Lumpur,Kuala Lumpur
365000,1004.0,3.0,2.0,1.0,6,1,0,0,1,0,1,0,2008.0,22.0,500.0,Condominium,Leasehold,Non Bumi Lot,High,Kuala Lumpur,Kuala Lumpur
528000,1260.0,3.0,2.0,2.0,11,1,0,0,0,1,1,0,2017.0,36.0,1338.0,Service Residence,Leasehold,Non Bumi Lot,High,Kuala Lumpur,Kuala Lumpur
470000,1009.0,3.0,2.0,2.0,11,1,0,0,0,1,1,0,2017.0,36.0,1338.0,Service Residence,Leasehold,Non Bumi Lot,Low,Kuala Lumpur,Kuala Lumpur
150000,750.0,3.0,2.0,1.0,0,0,0,0,0,0,0,0,,,,Apartment,Freehold,Bumi Lot,Medium,Selangor,Kajang
285000,965.0,4.0,2.0,1.0,0,0,0,0,0,0,0,0,2010.0,14.0,336.0,Condominium,Freehold,Non Bumi Lot,Unknown,Kuala Lumpur,Kuala Lumpur
240000,845.0,3.0,2.0,1.0,10,1,0,0,0,0,1,0,2002.0,21.0,744.0,Condominium,Freehold,Non Bumi Lot,Unknown,Kuala Lumpur,Kuala Lumpur
550000,1389.0,4.0,2.0,1.0,11,0,0,0,0,0,0,0,2008.0,22.0,800.0,Condominium,Leasehold,Bumi Lot,Medium,Kuala Lumpur,Kuala Lumpur
429000,1033.0,3.0,2.0,1.0,11,1,1,0,1,0,1,0,2007.0,4.0,,Condominium,Leasehold,Bumi Lot,Medium,Selangor,Ampang
715000,1600.0,3.0,2.0,1.0,8,0,0,1,0,1,1,0,,12.0,150.0,Service Residence,Freehold,Non Bumi Lot,Low,Kuala Lumpur,Kuala Lumpur
350000,1020.0,3.0,2.0,1.0,6,1,1,0,1,1,1,0,1989.0,12.0,140.0,Condominium,Freehold,Non Bumi Lot,Unknown,Kuala Lumpur,Kuala Lumpur
340000,900.0,3.0,2.0,1.0,1,0,0,0,0,0,0,0,,4.0,,Apartment,Leasehold,Non Bumi Lot,Low,Sarawak,Miri
695000,850.0,3.0,2.0,2.0,2,0,0,0,0,0,0,0,2022.0,,478.0,Condominium,Leasehold,Non Bumi Lot,Unknown,Penang,Jelutong
98000,790.0,3.0,2.0,1.0,0,1,0,0,0,1,0,0,2014.0,,,Apartment,Freehold,Non Bumi Lot,High,Selangor,Rawang
330000,950.0,3.0,2.0,1.0,10,1,0,0,1,0,0,0,2011.0,29.0,1709.0,Condominium,Leasehold,Bumi Lot,Medium,Selangor,Batu Caves
298000,1050.0,3.0,2.0,1.0,0,0,0,0,0,0,0,0,1993.0,14.0,,Apartment,Freehold,Non Bumi Lot,Unknown,Kuala Lumpur,Kuala Lumpur
480000,872.0,3.0,2.0,1.0,7,0,0,0,0,0,0,0,,11.0,,Apartment,Leasehold,Non Bumi Lot,Medium,Penang,Jelutong
495000,883.0,3.0,2.0,2.0,5,0,0,0,0,0,0,0,2017.0,42.0,670.0,Condominium,Freehold,Non Bumi Lot,High,Penang,Sungai Ara
238000,600.0,3.0,2.0,1.0,5,0,0,0,0,0,0,0,,,,Apartment,Leasehold,Non Bumi Lot,High,Unknown,Unknown
588000,1100.0,3.0,2.0,1.0,5,0,0,0,0,0,0,0,,,,Condominium,Freehold,Non Bumi Lot,Low,Unknown,Unknown
410000,1012.0,3.0,2.0,1.0,9,1,0,0,0,0,1,0,2021.0,32.0,398.0,Service Residence,Leasehold,Non Bumi Lot,Unknown,Selangor,Seri Kembangan
300000,700.0,3.0,2.0,1.0,4,0,0,0,0,0,0,0,1994.0,5.0,360.0,Condominium,Freehold,Non Bumi Lot,Low,Penang,Relau
326500,1029.0,3.0,2.0,1.0,4,0,0,0,0,0,0,0,,,,Apartment,Leasehold,Bumi Lot,Medium,Sabah,Telipok
450000,870.0,3.0,2.0,2.0,9,0,0,0,0,0,0,0,2016.0,29.0,391.0,Service Residence,Leasehold,Non Bumi Lot,High,Sabah,Kota Kinabalu
390000,1000.0,3.0,2.0,2.0,0,0,0,0,0,0,0,0,,,1000.0,Condominium,Freehold,Non Bumi Lot,Unknown,Penang,Ayer Itam
245000,700.0,3.0,2.0,1.0,5,0,0,0,0,0,0,0,1998.0,35.0,,Condominium,Freehold,Non Bumi Lot,High,Penang,Bayan Lepas
235000,850.0,3.0,2.0,1.0,4,1,0,0,0,1,1,0,,5.0,,Apartment,Freehold,Non Bumi Lot,Medium,Selangor,Puchong
245000,700.0,3.0,2.0,1.0,5,0,0,0,0,0,0,0,1998.0,35.0,,Condominium,Freehold,Non Bumi Lot,High,Penang,Bayan Lepas
343999,1010.0,3.0,2.0,1.0,5,0,0,0,0,0,0,0,,5.0,,Apartment,Freehold,Non Bumi Lot,High,Selangor,Puchong
515000,1160.0,3.0,2.0,1.0,9,1,1,1,1,1,1,0,2011.0,38.0,,Condominium,Freehold,Non Bumi Lot,Unknown,Kuala Lumpur,Kuala Lumpur
395000,1161.0,3.0,2.0,1.0,5,1,1,0,0,1,1,0,2007.0,10.0,396.0,Condominium,Freehold,Non Bumi Lot,Low,Selangor,Klang
399000,770.0,3.0,2.0,1.0,5,1,0,0,0,1,0,0,2017.0,34.0,1502.0,Apartment,Leasehold,Non Bumi Lot,Low,Kuala Lumpur,Kuala Lumpur
580000,1463.0,3.0,2.0,2.0,6,0,0,0,0,0,0,0,2013.0,,1929.0,Condominium,Leasehold,Non Bumi Lot,Unknown,Selangor,Damansara Perdana
440000,1556.0,4.0,3.0,1.0,3,0,1,0,0,1,1,0,,5.0,,Apartment,Leasehold,Non Bumi Lot,Low,Selangor,Seri Kembangan
293000,936.0,3.0,2.0,1.0,14,0,0,0,0,0,0,0,2006.0,5.0,480.0,Condominium,Freehold,Non Bumi Lot,Medium,Selangor,Puchong
230000,850.0,3.0,2.0,1.0,3,0,0,0,0,0,0,0,2015.0,20.0,1440.0,Condominium,Leasehold,Non Bumi Lot,Unknown,Selangor,Damansara Perdana
440000,960.0,3.0,2.0,1.0,3,1,0,0,0,0,1,0,,13.0,234.0,Apartment,Leasehold,Non Bumi Lot,Low,Kuala Lumpur,Kuala Lumpur
1100000,1500.0,4.0,3.0,1.0,7,1,1,1,1,1,1,0,2009.0,27.0,152.0,Service Residence,Freehold,Non Bumi Lot,Medium,Kuala Lumpur,Kuala Lumpur
980000,950.0,2.0,2.0,2.0,0,0,0,0,0,0,0,0,2022.0,,450.0,Condominium,Freehold,Non Bumi Lot,Unknown,Penang,Bayan Lepas
259000,850.0,3.0,2.0,1.0,3,0,0,0,0,0,0,0,2015.0,20.0,1440.0,Condominium,Leasehold,Bumi Lot,Medium,Selangor,Damansara Perdana
490000,1100.0,3.0,2.0,1.0,7,0,0,0,0,0,0,0,,,109.0,Condominium,Leasehold,Non Bumi Lot,Unknown,Sabah,Kota Kinabalu
300000,853.0,3.0,2.0,1.0,3,0,0,0,0,0,0,0,2016.0,,,Apartment,Freehold,Bumi Lot,Medium,Selangor,Sepang
610000,522.0,2.0,1.0,1.0,5,0,0,0,0,0,0,0,2020.0,26.0,324.0,Service Residence,Leasehold,Non Bumi Lot,High,Sabah,Kota Kinabalu
220000,860.0,3.0,2.0,2.0,0,0,1,0,0,0,0,0,2017.0,15.0,720.0,Service Residence,Freehold,Non Bumi Lot,Unknown,Selangor,Semenyih
400000,838.0,3.0,2.0,1.0,9,0,0,0,0,0,0,0,2007.0,22.0,816.0,Condominium,Freehold,Non Bumi Lot,Unknown,Penang,Ayer Itam
278000,1012.0,3.0,2.0,1.0,8,1,0,0,1,0,0,0,2014.0,23.0,744.0,Service Residence,Freehold,Non Bumi Lot,Unknown,Selangor,Batu Caves
660000,1600.0,4.0,3.0,2.0,9,0,0,0,0,0,0,0,2007.0,22.0,816.0,Condominium,Freehold,Non Bumi Lot,Unknown,Penang,Ayer Itam
245000,830.0,3.0,3.0,1.0,8,1,1,0,0,1,1,0,1994.0,10.0,,Condominium,Leasehold,Non Bumi Lot,Unknown,Kuala Lumpur,Kuala Lumpur
300000,1105.0,3.0,2.0,1.0,4,1,0,0,1,1,1,0,,5.0,,Apartment,Freehold,Non Bumi Lot,Medium,Selangor,Puchong
392000,800.0,3.0,2.0,1.0,4,0,0,0,0,0,0,0,1998.0,24.0,342.0,Condominium,Freehold,Non Bumi Lot,Low,Penang,Jelutong
508000,1000.0,3.0,2.0,2.0,11,0,0,0,0,0,0,0,2013.0,38.0,203.0,Condominium,Freehold,Non Bumi Lot,Low,Penang,Tanjong Tokong
380000,850.0,3.0,2.0,1.0,6,0,0,0,0,0,0,0,1999.0,13.0,209.0,Apartment,Freehold,Non Bumi Lot,Medium,Penang,George Town
435000,1081.0,3.0,2.0,1.0,11,1,0,0,0,1,1,0,2011.0,23.0,284.0,Condominium,Freehold,Non Bumi Lot,Unknown,Kuala Lumpur,Kuala Lumpur
500000,1396.0,4.0,2.0,2.0,14,0,0,0,0,0,0,0,,8.0,414.0,Condominium,Freehold,Non Bumi Lot,Medium,Selangor,Bandar Mahkota Cheras
180000,680.0,2.0,2.0,1.0,3,0,0,0,0,0,0,0,,,,Apartment,Leasehold,Bumi Lot,Low,Unknown,Unknown
460000,925.0,3.0,2.0,1.0,0,0,0,0,0,0,0,0,2016.0,35.0,,Service Residence,Freehold,Non Bumi Lot,Unknown,Selangor,Cheras
470000,1116.0,3.0,2.0,1.0,12,0,1,0,0,1,1,0,,,634.0,Condominium,Leasehold,Bumi Lot,Medium,Selangor,Seri Kembangan
135000,650.0,3.0,2.0,1.0,0,0,0,0,0,0,0,0,,,,Apartment,Freehold,Non Bumi Lot,Unknown,Johor,Masai
650000,689.0,2.0,1.0,1.0,7,0,0,0,0,0,0,0,2020.0,,510.0,Condominium,Freehold,Non Bumi Lot,Unknown,Kuala Lumpur,Kuala Lumpur
260000,798.0,3.0,2.0,1.0,7,1,1,0,1,0,1,0,,22.0,500.0,Service Residence,Freehold,Non Bumi Lot,Unknown,Kuala Lumpur,Kuala Lumpur
470000,1283.0,4.0,2.0,1.0,10,1,1,1,0,0,1,1,1997.0,11.0,236.0,Condominium,Freehold,Non Bumi Lot,Unknown,Selangor,Petaling Jaya
460000,1313.0,4.0,2.0,1.0,7,0,0,0,0,0,0,0,2013.0,,700.0,Condominium,Freehold,Non Bumi Lot,Unknown,Kuala Lumpur,Kuala Lumpur
400000,1114.0,3.0,2.0,1.0,9,1,0,0,0,1,1,0,2001.0,22.0,,Apartment,Freehold,Non Bumi Lot,Unknown,Selangor,Shah Alam
235000,1045.0,3.0,2.0,1.0,6,0,0,0,0,0,0,1,2007.0,13.0,445.0,Apartment,Freehold,Non Bumi Lot,Unknown,Selangor,Kajang
330000,1295.0,3.0,2.0,1.0,8,1,1,1,1,1,1,1,,,,Condominium,Freehold,Non Bumi Lot,Unknown,Kuala Lumpur,Kuala Lumpur
249999,820.0,3.0,2.0,1.0,9,1,0,0,0,0,0,0,,17.0,,Condominium,Leasehold,Bumi Lot,Unknown,Selangor,Batu Caves
290000,870.0,3.0,2.0,1.0,3,1,1,1,1,1,0,0,,,,Apartment,Leasehold,Non Bumi Lot,Unknown,Kuala Lumpur,Kuala Lumpur
370000,1012.0,2.0,2.0,1.0,6,1,1,0,1,0,1,0,,18.0,600.0,Condominium,Freehold,Non Bumi Lot,Unknown,Kuala Lumpur,Kuala Lumpur
468000,650.0,2.0,1.0,1.0,3,0,0,0,0,0,0,0,,,,Condominium,Freehold,Non Bumi Lot,Medium,Penang,Jelutong
850000,1338.0,3.0,3.0,2.0,7,0,0,0,0,0,0,0,2020.0,,803.0,Condominium,Freehold,Non Bumi Lot,High,Penang,Jelutong
780000,1230.0,4.0,3.0,2.0,11,0,0,0,0,0,0,0,2017.0,22.0,396.0,Condominium,Leasehold,Non Bumi Lot,Medium,Penang,Jelutong
730000,1270.0,3.0,2.0,2.0,3,0,0,0,0,0,0,0,,,,Condominium,Freehold,Non Bumi Lot,Medium,Penang,Jelutong
420000,700.0,3.0,2.0,1.0,7,0,0,0,0,0,0,0,2006.0,18.0,182.0,Apartment,Freehold,Non Bumi Lot,Medium,Penang,Jelutong
560000,700.0,2.0,1.0,1.0,3,0,0,0,0,0,0,0,,,,Condominium,Freehold,Non Bumi Lot,Medium,Penang,Jelutong
360000,700.0,3.0,2.0,1.0,10,0,0,0,0,0,0,0,1999.0,23.0,433.0,Apartment,Freehold,Non Bumi Lot,Medium,Penang,Jelutong
412000,700.0,3.0,2.0,1.0,3,0,0,0,0,0,0,0,,18.0,112.0,Apartment,Freehold,Non Bumi Lot,Medium,Penang,Jelutong
378000,1153.0,3.0,2.0,1.0,13,1,0,0,0,1,1,1,2012.0,,1000.0,Condominium,Freehold,Non Bumi Lot,High,Selangor,Puchong
277000,850.0,3.0,2.0,3.0,10,0,0,0,0,0,0,0,2025.0,,,Apartment,Freehold,Bumi Lot,Medium,Johor,Johor Bahru
396000,1010.0,3.0,2.0,1.0,0,0,0,0,0,0,0,0,2019.0,25.0,2003.0,Service Residence,Freehold,Non Bumi Lot,Unknown,Johor,Johor Bahru
330000,825.0,2.0,1.0,2.0,6,0,0,0,0,0,0,0,2021.0,21.0,613.0,Condominium,Leasehold,Non Bumi Lot,Low,Johor,Skudai
530000,1200.0,3.0,2.0,1.0,11,1,0,0,0,1,1,0,2006.0,,1022.0,Condominium,Freehold,Non Bumi Lot,Medium,Kuala Lumpur,Kuala Lumpur
880000,578.0,2.0,2.0,1.0,9,1,1,1,1,1,1,0,,,,Service Residence,Freehold,Non Bumi Lot,High,Kuala Lumpur,Kuala Lumpur
255000,833.0,3.0,2.0,1.0,7,1,1,1,1,0,1,0,2007.0,24.0,299.0,Apartment,Leasehold,Bumi Lot,High,Selangor,Ampang
468000,870.0,3.0,2.0,1.0,9,0,0,0,0,0,0,0,2016.0,29.0,391.0,Service Residence,Leasehold,Non Bumi Lot,Medium,Sabah,Kota Kinabalu
428000,1039.0,3.0,3.0,1.0,14,0,0,0,0,0,0,0,,,,Service Residence,Freehold,Non Bumi Lot,High,Johor,Johor Bahru
395000,1010.0,3.0,2.0,1.0,11,0,0,0,0,0,0,0,2013.0,,1160.0,Service Residence,Freehold,Non Bumi Lot,Medium,Johor,Johor Bahru
200000,912.0,3.0,2.0,1.0,9,0,0,0,0,0,0,0,,5.0,,Apartment,Freehold,Non Bumi Lot,Medium,Johor,Johor Bahru
180000,850.0,3.0,2.0,1.0,13,0,0,0,0,0,0,0,,,,Flat,Freehold,Non Bumi Lot,Low,Johor,Johor Bahru
280000,800.0,3.0,2.0,1.0,4,0,0,0,0,0,0,0,2005.0,22.0,,Apartment,Leasehold,Non Bumi Lot,Unknown,Penang,Ayer Itam
280000,866.0,3.0,2.0,1.0,4,0,0,0,0,0,0,0,,,,Apartment,Leasehold,Non Bumi Lot,High,Sabah,Kota Kinabalu
400000,1009.0,3.0,2.0,2.0,7,1,1,1,1,1,1,0,2006.0,15.0,464.0,Apartment,Freehold,Non Bumi Lot,High,Selangor,Shah Alam
230000,650.0,2.0,1.0,1.0,3,1,1,1,0,1,1,0,1998.0,18.0,1064.0,Apartment,Freehold,Bumi Lot,High,Kuala Lumpur,Kuala Lumpur
270000,1040.0,3.0,2.0,1.0,0,0,0,0,0,0,0,0,,,,Apartment,Freehold,Bumi Lot,Medium,Sabah,Penampang
465000,1399.0,3.0,2.0,2.0,0,0,0,0,0,0,0,0,,,,Condominium,Freehold,Non Bumi Lot,High,Penang,Bukit Minyak
350000,1091.0,3.0,2.0,1.0,8,0,0,0,1,0,1,0,2010.0,18.0,569.0,Condominium,Freehold,Non Bumi Lot,Unknown,Kuala Lumpur,Kuala Lumpur
380000,1010.0,3.0,2.0,1.0,8,0,1,1,0,0,0,0,2008.0,23.0,375.0,Condominium,Freehold,Non Bumi Lot,Medium,Selangor,Selayang
218000,484.0,1.0,1.0,1.0,14,0,0,0,0,0,0,0,2013.0,,1160.0,Service Residence,Freehold,Non Bumi Lot,Unknown,Johor,Johor Bahru
430000,1680.0,4.0,2.0,1.0,1,0,0,0,0,0,0,0,,,,Apartment,Leasehold,Non Bumi Lot,High,Sarawak,Kuching
335000,1169.0,3.0,2.0,1.0,11,1,0,1,0,1,1,0,1994.0,24.0,576.0,Condominium,Freehold,Non Bumi Lot,High,Kuala Lumpur,Kuala Lumpur
195000,650.0,3.0,2.0,1.0,6,1,0,0,0,1,1,0,2007.0,10.0,,Apartment,Freehold,Non Bumi Lot,Medium,Selangor,USJ
395000,1231.0,3.0,2.0,2.0,5,0,0,0,1,0,1,0,2010.0,18.0,569.0,Condominium,Freehold,Non Bumi Lot,Medium,Kuala Lumpur,Kuala Lumpur
390000,947.0,3.0,2.0,1.0,3,1,0,0,0,1,1,0,,5.0,,Apartment,Leasehold,Non Bumi Lot,Low,Kuala Lumpur,Kuala Lumpur
440000,1001.0,3.0,2.0,1.0,3,0,0,0,0,0,0,0,2005.0,4.0,,Apartment,Leasehold,Bumi Lot,Low,Selangor,Kota Damansara
620000,1100.0,3.0,2.0,4.0,8,0,0,0,0,0,0,0,2016.0,30.0,816.0,Condominium,Freehold,Non Bumi Lot,Unknown,Penang,Sungai Ara
465000,1224.0,3.0,2.0,1.0,5,0,0,0,0,0,0,0,,18.0,,Condominium,Freehold,Non Bumi Lot,Unknown,Kuala Lumpur,Kuala Lumpur
75000,700.0,3.0,2.0,1.0,0,0,0,0,0,0,0,0,,,,Apartment,Leasehold,Non Bumi Lot,Unknown,Unknown,Unknown
150000,700.0,3.0,2.0,1.0,1,0,0,0,0,0,0,0,,,,Flat,Freehold,Non Bumi Lot,Low,Penang,Bukit Mertajam
499000,1037.0,3.0,2.0,2.0,8,0,1,1,1,0,1,0,2016.0,25.0,576.0,Service Residence,Leasehold,Non Bumi Lot,Medium,Kuala Lumpur,Kuala Lumpur
510000,1050.0,3.0,2.0,1.0,5,0,0,0,0,0,0,0,1998.0,,428.0,Condominium,Freehold,Non Bumi Lot,Medium,Penang,Tanjung Bungah
310000,700.0,3.0,2.0,1.0,3,0,0,0,0,0,0,0,,24.0,234.0,Apartment,Freehold,Non Bumi Lot,Medium,Penang,Ayer Itam
560000,1230.0,3.0,2.0,2.0,6,0,0,0,0,0,0,0,2017.0,27.0,357.0,Condominium,Freehold,Non Bumi Lot,High,Penang,Teluk Kumbar
530000,1650.0,4.0,2.0,2.0,5,0,0,0,0,0,0,0,,24.0,234.0,Condominium,Freehold,Non Bumi Lot,High,Penang,Ayer Itam
450000,1050.0,3.0,2.0,1.0,5,0,0,0,0,0,0,0,1998.0,,428.0,Condominium,Freehold,Non Bumi Lot,Low,Penang,Tanjung Bungah
318000,700.0,3.0,2.0,1.0,3,0,0,0,0,0,0,0,,24.0,234.0,Apartment,Freehold,Non Bumi Lot,High,Penang,Ayer Itam
610000,1222.0,3.0,3.0,2.0,5,0,0,0,0,0,0,0,,,,Condominium,Freehold,Non Bumi Lot,High,Unknown,Unknown
480000,600.0,2.0,1.0,1.0,4,0,0,0,0,0,0,0,,,,Service Residence,Freehold,Non Bumi Lot,High,Unknown,Unknown
280000,700.0,3.0,2.0,1.0,4,0,0,0,0,0,0,0,2005.0,22.0,,Apartment,Leasehold,Non Bumi Lot,Medium,Penang,Ayer Itam
520000,856.0,3.0,2.0,1.0,10,0,0,0,0,0,0,0,2013.0,30.0,808.0,Condominium,Freehold,Non Bumi Lot,High,Penang,Ayer Itam
700000,1288.0,3.0,3.0,1.0,10,0,0,0,0,0,0,0,2013.0,30.0,808.0,Condominium,Freehold,Non Bumi Lot,High,Penang,Ayer Itam
550000,1650.0,4.0,2.0,1.0,5,0,0,0,0,0,0,0,,,,Condominium,Freehold,Non Bumi Lot,Medium,Unknown,Unknown
480000,1100.0,3.0,2.0,2.0,14,0,0,0,0,0,0,0,,,,Condominium,Leasehold,Non Bumi Lot,High,Unknown,Unknown
660000,1504.0,4.0,3.0,2.0,5,0,0,0,0,0,0,0,,,,Condominium,Freehold,Non Bumi Lot,Low,Unknown,Unknown
330000,700.0,3.0,2.0,1.0,6,0,0,0,0,0,0,0,1994.0,18.0,136.0,Condominium,Freehold,Non Bumi Lot,Medium,Penang,Bayan Lepas
535000,1650.0,4.0,2.0,2.0,5,0,0,0,0,0,0,0,,,,Condominium,Freehold,Non Bumi Lot,High,Unknown,Unknown
600000,1150.0,3.0,2.0,1.0,4,0,0,0,0,0,0,0,,,,Condominium,Freehold,Non Bumi Lot,Medium,Unknown,Unknown
620000,1173.0,3.0,2.0,2.0,14,0,0,0,0,0,0,0,,,,Condominium,Freehold,Non Bumi Lot,High,Unknown,Unknown
408000,710.0,3.0,2.0,1.0,1,0,0,0,0,0,0,0,,,,Condominium,Freehold,Non Bumi Lot,Unknown,Penang,Tanjung Bungah
600000,1650.0,4.0,2.0,2.0,5,0,0,0,0,0,0,0,,,,Condominium,Freehold,Non Bumi Lot,High,Unknown,Unknown
600000,1315.0,3.0,2.0,2.0,8,0,0,0,0,0,0,0,2021.0,,406.0,Condominium,Freehold,Non Bumi Lot,High,Penang,Relau
1100000,2400.0,5.0,4.0,3.0,10,0,0,0,0,0,0,0,,,,Condominium,Freehold,Non Bumi Lot,High,Unknown,Unknown
450000,887.0,3.0,2.0,1.0,10,0,0,0,0,0,0,0,2013.0,30.0,808.0,Condominium,Freehold,Non Bumi Lot,Medium,Penang,Ayer Itam
495000,887.0,3.0,2.0,2.0,10,0,0,0,0,0,0,0,2013.0,30.0,808.0,Condominium,Freehold,Non Bumi Lot,High,Penang,Ayer Itam
780000,1384.0,5.0,4.0,2.0,10,0,0,0,0,0,0,0,,,,Condominium,Freehold,Non Bumi Lot,High,Unknown,Unknown
1258000,2304.0,4.0,4.0,2.0,10,0,0,0,0,0,0,0,,,,Condominium,Freehold,Non Bumi Lot,High,Unknown,Unknown
388000,850.0,3.0,2.0,1.0,9,0,0,0,0,0,0,0,2007.0,22.0,816.0,Condominium,Freehold,Non Bumi Lot,Medium,Penang,Ayer Itam
395000,1300.0,3.0,2.0,1.0,12,1,0,0,0,0,0,0,2017.0,15.0,368.0,Condominium,Leasehold,Bumi Lot,Medium,Selangor,Ampang
598000,1292.0,4.0,2.0,3.0,8,0,1,1,1,0,1,0,2016.0,25.0,576.0,Service Residence,Leasehold,Non Bumi Lot,Medium,Kuala Lumpur,Kuala Lumpur
399999,1010.0,3.0,2.0,1.0,7,1,1,1,1,0,1,0,2007.0,,397.0,Apartment,Leasehold,Non Bumi Lot,Medium,Kuala Lumpur,Kuala Lumpur
380000,1049.0,3.0,2.0,1.0,8,1,1,0,1,0,1,0,2007.0,12.0,196.0,Apartment,Leasehold,Bumi Lot,Unknown,Selangor,Ampang
260000,592.0,2.0,1.0,1.0,3,1,1,1,1,1,0,0,,4.0,192.0,Apartment,Freehold,Bumi Lot,Low,Kuala Lumpur,Kuala Lumpur
345000,853.0,2.0,2.0,1.0,14,0,0,0,0,0,0,0,,,,Service Residence,Leasehold,Non Bumi Lot,Unknown,Johor,Johor Bahru
229000,712.0,3.0,2.0,1.0,6,0,0,0,0,0,0,0,2010.0,,,Service Residence,Leasehold,Non Bumi Lot,High,Selangor,Bandar Kinrara
378250,1180.0,3.0,2.0,1.0,8,0,0,0,0,0,0,0,2021.0,5.0,320.0,Apartment,Leasehold,Bumi Lot,Low,Johor,Johor Bahru
735000,1250.0,4.0,2.0,2.0,8,0,0,0,0,0,0,0,2016.0,,252.0,Condominium,Freehold,Non Bumi Lot,High,Penang,Jelutong
350000,1010.0,3.0,2.0,1.0,8,0,1,1,0,0,0,0,2008.0,23.0,375.0,Condominium,Freehold,Non Bumi Lot,Medium,Selangor,Selayang
385000,700.0,3.0,2.0,1.0,9,0,0,0,0,0,0,0,2012.0,30.0,500.0,Apartment,Freehold,Non Bumi Lot,Unknown,Penang,Ayer Itam
798000,2071.0,4.0,3.0,2.0,3,0,0,0,0,0,0,0,,23.0,132.0,Condominium,Freehold,Non Bumi Lot,Medium,Penang,Sungai Ara
665000,1275.0,3.0,2.0,2.0,9,0,0,0,0,0,0,0,2017.0,30.0,410.0,Condominium,Freehold,Non Bumi Lot,Medium,Penang,Sungai Ara
399000,807.0,3.0,2.0,1.0,0,0,0,0,0,0,0,0,,8.0,95.0,Condominium,Freehold,Non Bumi Lot,Medium,Penang,George Town
399000,1020.0,3.0,2.0,1.0,0,0,0,0,0,0,0,0,1998.0,5.0,189.0,Condominium,Leasehold,Non Bumi Lot,Low,Penang,Ayer Itam
170000,626.0,3.0,2.0,1.0,3,0,0,0,0,0,0,0,,13.0,1020.0,Apartment,Leasehold,Non Bumi Lot,High,Penang,Ayer Itam
295000,893.0,3.0,2.0,1.0,3,1,0,0,0,1,1,0,,11.0,,Apartment,Leasehold,Non Bumi Lot,Medium,Selangor,Subang Jaya
310000,700.0,3.0,2.0,1.0,9,0,0,0,0,0,0,0,2012.0,30.0,500.0,Apartment,Freehold,Non Bumi Lot,Unknown,Penang,Ayer Itam
270000,736.0,3.0,2.0,1.0,0,0,0,0,0,1,0,1,2010.0,,596.0,Apartment,Freehold,Non Bumi Lot,Unknown,Selangor,Shah Alam
290000,682.0,3.0,2.0,1.0,8,1,1,0,1,1,1,0,2005.0,25.0,588.0,Service Residence,Freehold,Non Bumi Lot,Medium,Selangor,Subang Jaya
488000,891.0,3.0,2.0,2.0,5,0,0,0,0,0,1,0,2018.0,,280.0,Service Residence,Freehold,Non Bumi Lot,Unknown,Selangor,Port Klang
195000,750.0,3.0,2.0,1.0,0,0,0,0,0,0,0,0,,,,Apartment,Leasehold,Bumi Lot,Low,Selangor,Bangi
148000,550.0,2.0,1.0,1.0,0,0,0,0,0,0,0,0,,,,Apartment,Leasehold,Non Bumi Lot,Unknown,Penang,Ayer Itam
220000,720.0,3.0,2.0,1.0,2,0,0,0,0,0,0,0,1992.0,17.0,3.0,Apartment,Leasehold,Non Bumi Lot,Unknown,Penang,Ayer Itam
400000,1131.0,3.0,2.0,1.0,10,1,0,0,0,1,0,0,,6.0,180.0,Condominium,Leasehold,Non Bumi Lot,Low,Kuala Lumpur,Kuala Lumpur
940000,1708.0,2.0,3.0,3.0,4,0,0,0,0,0,0,0,2013.0,30.0,,Service Residence,Freehold,Non Bumi Lot,Unknown,Penang,Bayan Lepas
250000,700.0,3.0,2.0,1.0,3,0,0,0,0,0,0,0,,25.0,,Apartment,Leasehold,Non Bumi Lot,Unknown,Penang,Ayer Itam
138000,650.0,3.0,1.0,1.0,2,1,0,0,0,0,0,0,,,,Apartment,Leasehold,Bumi Lot,Low,Selangor,Puchong
350000,960.0,4.0,4.0,1.0,4,1,0,0,1,0,0,0,,10.0,372.0,Apartment,Leasehold,Bumi Lot,Medium,Selangor,Batu Caves
270000,847.0,4.0,2.0,1.0,7,0,0,0,0,0,0,0,,,,Apartment,Leasehold,Bumi Lot,Medium,Selangor,Bangi
405000,1204.0,3.0,2.0,1.0,8,0,0,0,0,0,0,0,2021.0,5.0,320.0,Apartment,Leasehold,Non Bumi Lot,Unknown,Johor,Johor Bahru
650000,783.0,2.0,2.0,1.0,6,0,0,0,0,0,0,0,,,,Service Residence,Freehold,Non Bumi Lot,High,Pahang,Genting Highlands
250000,550.0,2.0,1.0,1.0,0,1,1,1,1,0,0,0,,,,Flat,Leasehold,Bumi Lot,Low,Kuala Lumpur,Kuala Lumpur
850000,727.0,1.0,1.0,1.0,9,1,1,0,0,0,1,0,2020.0,44.0,477.0,Service Residence,Freehold,Non Bumi Lot,Unknown,Kuala Lumpur,Kuala Lumpur
439000,1082.0,3.0,2.0,2.0,7,0,1,1,0,1,1,0,,17.0,444.0,Service Residence,Leasehold,Bumi Lot,Medium,Selangor,Shah Alam
285000,926.0,3.0,2.0,1.0,9,0,0,0,0,0,0,0,,14.0,340.0,Apartment,Leasehold,Bumi Lot,Medium,Selangor,Shah Alam
330000,1288.0,3.0,2.0,1.0,7,0,0,0,0,0,0,0,2015.0,21.0,455.0,Condominium,Freehold,Non Bumi Lot,Unknown,Selangor,Kajang
280000,800.0,3.0,2.0,1.0,4,1,1,1,0,0,1,0,,13.0,,Condominium,Leasehold,Non Bumi Lot,Unknown,Kuala Lumpur,Kuala Lumpur
365000,816.0,2.0,2.0,2.0,7,1,0,0,0,1,0,0,2015.0,18.0,238.0,Service Residence,Freehold,Non Bumi Lot,Unknown,Selangor,Shah Alam
330000,1200.0,3.0,2.0,1.0,6,1,1,1,1,0,0,0,,18.0,,Condominium,Leasehold,Non Bumi Lot,Unknown,Kuala Lumpur,Kuala Lumpur
550000,883.0,3.0,2.0,1.0,9,1,1,0,1,1,1,0,2019.0,37.0,711.0,Service Residence,Freehold,Non Bumi Lot,Unknown,Kuala Lumpur,Kuala Lumpur
290000,811.0,3.0,2.0,1.0,5,0,0,1,0,1,0,0,1996.0,4.0,368.0,Condominium,Freehold,Non Bumi Lot,Unknown,Selangor,Bandar Sri Damansara
115000,800.0,3.0,2.0,1.0,2,0,0,0,0,0,0,0,,,,Apartment,Freehold,Non Bumi Lot,High,Selangor,Bukit Beruntung
428000,1093.0,3.0,3.0,1.0,0,0,0,0,0,0,0,0,,,,Service Residence,Freehold,Non Bumi Lot,Unknown,Johor,Johor Bahru
270000,782.0,3.0,2.0,1.0,9,0,0,1,1,0,1,0,,5.0,,Apartment,Leasehold,Non Bumi Lot,Low,Kuala Lumpur,Kuala Lumpur
360000,1068.0,3.0,2.0,1.0,11,0,0,0,0,0,0,0,2007.0,14.0,702.0,Condominium,Freehold,Non Bumi Lot,High,Selangor,Puchong
330000,1353.0,4.0,2.0,2.0,13,0,0,0,0,0,0,0,2026.0,,,Apartment,Freehold,Bumi Lot,Medium,Johor,Johor Bahru
420000,1221.0,3.0,2.0,1.0,0,1,0,0,0,1,1,1,2012.0,,1000.0,Condominium,Freehold,Non Bumi Lot,Unknown,Selangor,Puchong
300000,1300.0,4.0,2.0,2.0,13,0,0,0,0,0,0,0,2026.0,,,Apartment,Leasehold,Bumi Lot,Medium,Johor,Johor Bahru
340000,1353.0,4.0,2.0,2.0,13,0,0,0,0,0,0,0,2026.0,,,Apartment,Freehold,Bumi Lot,Medium,Johor,Johor Bahru
340000,1353.0,4.0,2.0,2.0,13,0,0,0,0,0,0,0,2026.0,,,Apartment,Freehold,Bumi Lot,Medium,Johor,Johor Bahru
288000,460.0,1.0,1.0,1.0,3,1,1,0,0,1,0,0,2020.0,12.0,136.0,Service Residence,Freehold,Non Bumi Lot,Unknown,Selangor,Shah Alam
318000,1100.0,3.0,2.0,1.0,6,1,0,0,1,1,1,0,,5.0,,Apartment,Freehold,Non Bumi Lot,Medium,Selangor,Puchong
335000,1018.0,3.0,2.0,1.0,7,1,1,0,1,1,1,0,,16.0,1000.0,Condominium,Leasehold,Bumi Lot,Medium,Selangor,Puchong
469000,880.0,3.0,2.0,1.0,7,0,0,0,0,0,0,0,,11.0,,Apartment,Leasehold,Non Bumi Lot,Low,Penang,Jelutong
520000,1265.0,3.0,2.0,2.0,6,1,0,0,0,1,1,0,2020.0,32.0,228.0,Condominium,Freehold,Non Bumi Lot,Unknown,Kuala Lumpur,Kuala Lumpur
255000,850.0,3.0,2.0,1.0,2,0,0,0,1,1,0,0,,,,Condominium,Leasehold,Non Bumi Lot,Low,Selangor,Petaling Jaya
600000,2045.0,4.0,4.0,2.0,10,0,0,0,0,0,0,0,2006.0,10.0,733.0,Condominium,Leasehold,Bumi Lot,Medium,Selangor,Damansara Damai
830000,958.0,2.0,2.0,1.0,5,0,0,0,0,0,0,0,,,,Service Residence,Leasehold,Non Bumi Lot,Low,Unknown,Unknown
433000,1103.0,3.0,2.0,2.0,8,0,0,0,0,0,0,0,2026.0,40.0,684.0,Service Residence,Leasehold,Non Bumi Lot,Medium,Kuala Lumpur,Kuala Lumpur
179000,753.0,3.0,2.0,1.0,0,1,0,0,0,0,0,0,,,,Apartment,Leasehold,Non Bumi Lot,Medium,Selangor,Jenjarom
570000,1238.0,4.0,3.0,2.0,5,1,1,0,1,1,1,0,2009.0,18.0,181.0,Condominium,Freehold,Non Bumi Lot,Unknown,Kuala Lumpur,Kuala Lumpur
420000,700.0,2.0,1.0,1.0,8,0,0,0,0,0,0,0,,,,Apartment,Freehold,Non Bumi Lot,Medium,Unknown,Unknown
235000,620.0,2.0,2.0,1.0,2,0,0,0,0,0,0,0,,,,Apartment,Freehold,Non Bumi Lot,Low,Unknown,Unknown
330000,700.0,3.0,2.0,1.0,5,0,0,0,0,0,0,0,1994.0,18.0,136.0,Condominium,Freehold,Non Bumi Lot,Medium,Penang,Bayan Lepas
260000,780.0,3.0,2.0,1.0,4,0,0,0,0,0,0,0,,5.0,281.0,Apartment,Freehold,Non Bumi Lot,Low,Selangor,Puchong
429000,1033.0,3.0,2.0,1.0,11,0,0,0,0,0,0,0,,,,Condominium,Leasehold,Bumi Lot,Unknown,Unknown,Unknown
248000,850.0,3.0,2.0,1.0,14,1,1,0,0,1,1,0,,5.0,,Apartment,Leasehold,Non Bumi Lot,Medium,Selangor,Seri Kembangan
295000,770.0,3.0,2.0,1.0,14,0,0,0,0,0,0,0,,,392.0,Apartment,Freehold,Non Bumi Lot,Medium,Johor,Senai
290000,900.0,3.0,2.0,1.0,6,0,0,0,0,0,0,0,,,,Apartment,Leasehold,Non Bumi Lot,High,Penang,Batu Kawan
260000,930.0,3.0,2.0,1.0,7,0,0,0,0,0,0,0,2006.0,15.0,,Apartment,Leasehold,Bumi Lot,Unknown,Kuala Lumpur,Kuala Lumpur
328000,622.0,3.0,1.0,1.0,0,0,0,0,0,0,0,0,,,,Apartment,Freehold,Non Bumi Lot,Unknown,Penang,Ayer Itam
305000,806.0,3.0,2.0,1.0,5,1,0,0,0,0,1,0,2007.0,20.0,1.0,Condominium,Freehold,Non Bumi Lot,Low,Kuala Lumpur,Kuala Lumpur
250000,956.0,3.0,2.0,1.0,5,0,0,0,0,0,0,0,,,,Apartment,Freehold,Bumi Lot,Medium,Negeri Sembilan,Mantin
220000,829.0,3.0,2.0,1.0,4,0,0,0,0,0,0,0,,6.0,225.0,Apartment,Freehold,Non Bumi Lot,Medium,Selangor,Kajang
560000,1205.0,3.0,2.0,2.0,8,0,0,0,0,0,0,0,2016.0,,,Condominium,Freehold,Non Bumi Lot,Medium,Putrajaya,Putrajaya
380000,1126.0,4.0,2.0,1.0,9,0,0,0,0,0,0,0,,,226.0,Condominium,Freehold,Non Bumi Lot,Medium,Putrajaya,Putrajaya
565000,1450.0,3.0,2.0,2.0,10,0,0,0,0,0,0,0,2012.0,26.0,250.0,Condominium,Leasehold,Non Bumi Lot,Unknown,Penang,Bayan Lepas
250000,753.0,3.0,2.0,1.0,3,1,0,0,0,0,1,0,,,,Apartment,Leasehold,Bumi Lot,High,Selangor,Petaling Jaya
680000,1050.0,3.0,2.0,1.0,3,0,0,0,0,0,0,0,,8.0,,Apartment,Freehold,Non Bumi Lot,Unknown,Penang,Pulau Tikus
450000,829.0,2.0,2.0,2.0,5,0,0,0,0,0,0,0,2020.0,17.0,676.0,Condominium,Freehold,Non Bumi Lot,Unknown,Putrajaya,Putrajaya
230000,645.0,3.0,2.0,1.0,2,0,0,0,0,0,0,0,,17.0,,Apartment,Leasehold,Bumi Lot,Unknown,Kuala Lumpur,Kuala Lumpur
255000,850.0,3.0,2.0,1.0,4,1,0,0,0,0,0,0,,,,Apartment,Leasehold,Bumi Lot,Medium,Selangor,Rawang
269000,700.0,3.0,2.0,2.0,5,0,0,0,0,0,0,0,,25.0,,Apartment,Leasehold,Non Bumi Lot,Unknown,Penang,Ayer Itam
270000,700.0,3.0,2.0,1.0,4,0,0,0,0,0,0,0,,25.0,,Apartment,Leasehold,Non Bumi Lot,Unknown,Penang,Ayer Itam
59000,650.0,3.0,1.0,1.0,1,0,0,0,0,0,0,0,,,,Apartment,Leasehold,Bumi Lot,Medium,Selangor,Bukit Beruntung
260000,750.0,3.0,2.0,1.0,0,0,0,0,0,0,0,0,,,,Apartment,Freehold,Non Bumi Lot,Medium,Selangor,Setia Alam
325000,654.0,3.0,2.0,1.0,4,0,0,0,0,0,0,0,2014.0,38.0,554.0,Apartment,Freehold,Non Bumi Lot,Medium,Penang,Tanjong Tokong
348000,710.0,3.0,2.0,1.0,2,0,0,0,0,0,0,0,,18.0,,Apartment,Freehold,Non Bumi Lot,Medium,Penang,Sungai Ara
315000,925.0,3.0,2.0,2.0,0,0,0,0,0,0,0,0,2008.0,16.0,196.0,Apartment,Leasehold,Non Bumi Lot,High,Johor,Johor Bahru
345000,900.0,3.0,2.0,1.0,5,1,1,0,1,1,1,0,1997.0,5.0,,Apartment,Freehold,Non Bumi Lot,Unknown,Selangor,Subang Jaya
200000,992.0,3.0,2.0,1.0,4,0,0,0,0,0,0,0,,5.0,,Flat,Freehold,Bumi Lot,Medium,Selangor,Kajang
280800,1001.0,3.0,2.0,1.0,9,0,0,0,0,0,0,0,,,400.0,Apartment,Leasehold,Non Bumi Lot,Low,Johor,Johor Bahru
355000,1100.0,3.0,2.0,2.0,11,0,0,0,0,0,0,0,,38.0,350.0,Condominium,Freehold,Non Bumi Lot,Medium,Penang,Perai
1580000,3000.0,6.0,5.0,2.0,9,0,0,0,0,0,0,0,2008.0,,256.0,Condominium,Freehold,Non Bumi Lot,High,Penang,Tanjung Bungah
450000,1004.0,3.0,2.0,1.0,10,0,0,0,0,0,0,0,,,,Condominium,Leasehold,Non Bumi Lot,Medium,Sarawak,Kuching
518000,1119.0,3.0,2.0,1.0,7,0,0,0,0,0,0,0,,,,Service Residence,Freehold,Non Bumi Lot,Medium,Melaka,Melaka City
275000,700.0,3.0,2.0,1.0,3,0,0,0,0,0,0,0,,,,Apartment,Freehold,Non Bumi Lot,High,Unknown,Unknown
320000,850.0,3.0,2.0,1.0,4,0,0,0,0,0,0,0,1992.0,20.0,632.0,Apartment,Leasehold,Non Bumi Lot,Medium,Penang,Jelutong
1177000,1646.0,4.0,3.0,2.0,9,0,0,0,0,0,0,0,2018.0,44.0,378.0,Condominium,Freehold,Non Bumi Lot,High,Penang,Jelutong
550000,1041.0,3.0,2.0,2.0,5,0,0,0,0,0,0,0,,,,Condominium,Freehold,Non Bumi Lot,Medium,Unknown,Unknown
470000,1100.0,3.0,2.0,1.0,6,0,0,0,0,0,0,0,,,,Apartment,Freehold,Non Bumi Lot,High,Unknown,Unknown
460000,650.0,2.0,1.0,1.0,3,0,0,0,0,0,0,0,,,,Condominium,Freehold,Non Bumi Lot,Medium,Penang,Jelutong
950000,1302.0,3.0,3.0,2.0,5,0,0,0,0,0,0,0,2007.0,,396.0,Condominium,Freehold,Non Bumi Lot,High,Penang,Gelugor
480000,1000.0,3.0,2.0,1.0,0,0,0,0,0,0,0,0,,,,Apartment,Freehold,Non Bumi Lot,Medium,Unknown,Unknown
480000,600.0,2.0,1.0,1.0,6,0,0,0,0,0,0,0,,,,Service Residence,Freehold,Non Bumi Lot,High,Unknown,Unknown
400000,700.0,3.0,2.0,1.0,8,0,0,0,0,0,0,0,,,,Apartment,Freehold,Non Bumi Lot,Low,Unknown,Unknown
399000,970.0,3.0,2.0,1.0,3,0,0,0,0,0,0,0,2003.0,11.0,,Apartment,Leasehold,Non Bumi Lot,Low,Penang,Gelugor
568000,1195.0,3.0,3.0,2.0,0,0,0,0,0,0,0,0,,,,Condominium,Freehold,Non Bumi Lot,Medium,Penang,Bukit Jambul
415000,900.0,3.0,2.0,5.0,5,0,0,0,0,0,0,0,2008.0,22.0,754.0,Condominium,Leasehold,Non Bumi Lot,Medium,Penang,Jelutong
480000,872.0,3.0,2.0,1.0,7,0,0,0,0,0,0,0,,11.0,,Apartment,Leasehold,Non Bumi Lot,Medium,Penang,Jelutong
1200000,1475.0,3.0,3.0,2.0,5,0,0,0,0,0,0,0,2012.0,17.0,328.0,Condominium,Freehold,Non Bumi Lot,Medium,Penang,Gelugor
760000,1036.0,3.0,2.0,2.0,11,0,0,0,0,0,0,0,2021.0,33.0,550.0,Condominium,Freehold,Non Bumi Lot,Medium,Penang,Jelutong
440000,750.0,3.0,2.0,1.0,11,0,0,0,0,0,0,0,2003.0,20.0,480.0,Condominium,Freehold,Non Bumi Lot,Low,Penang,Jelutong
545000,700.0,2.0,2.0,2.0,3,0,0,0,0,0,0,0,,,,Condominium,Freehold,Non Bumi Lot,Medium,Penang,Jelutong
1050000,1239.0,3.0,2.0,2.0,11,0,0,0,0,0,0,0,2021.0,33.0,550.0,Condominium,Freehold,Non Bumi Lot,Low,Penang,Jelutong
345000,850.0,3.0,2.0,1.0,7,0,0,0,0,0,0,0,2008.0,29.0,,Apartment,Freehold,Non Bumi Lot,High,Penang,Bayan Lepas
360000,1862.0,3.0,2.0,1.0,0,0,0,0,0,0,0,0,,,,Condominium,Freehold,Non Bumi Lot,Low,Johor,Johor Bahru
535000,1300.0,4.0,3.0,3.0,12,0,0,0,0,0,0,0,2023.0,44.0,684.0,Service Residence,Freehold,Non Bumi Lot,Medium,Kuala Lumpur,Kuala Lumpur
260000,860.0,3.0,2.0,1.0,7,0,1,0,0,0,0,0,,,,Apartment,Freehold,Non Bumi Lot,Low,Selangor,Semenyih
