listing_id,actual_price,scenario_b_fold,ridge_prediction,random_forest_prediction,gradient_boosting_prediction,position_regex_lightgbm_prediction
98187451,340000.0,2,638024.7103011359,630950.3330565041,655191.4632667869,665651.0135776207
101683090,250000.0,3,309887.80423207965,298136.4459349319,327532.4537411463,285936.68791163096
103792905,230000.0,2,215612.30394978332,271445.2372033011,262469.55717298656,250578.34951598017
103806240,158000.0,3,140095.50743991774,152397.182645336,143996.73480349802,154888.19492104393
103806234,305000.0,5,321101.310050502,300593.992956228,294892.48329012905,297308.84220975754
103739787,425000.0,4,502276.1682420919,471078.48931170127,419374.8527169875,441826.48910213995
103690767,230000.0,1,262190.34744221263,266564.0521833304,249176.46132396202,249640.5390758341
103615852,200000.0,4,192741.11874306368,259540.1164351602,248217.06486860514,248334.73491404994
103615849,275000.0,4,324059.37944685976,352951.8783191851,342430.52735993214,351838.5601506407
102460346,300000.0,1,243744.61303986298,284997.686788295,294441.5686774538,302007.0322308884
103806285,265000.0,2,218518.89256793473,236396.26917447607,234540.31625872574,243539.53432836875
103739661,790000.0,4,845651.739273704,874902.1207663504,866191.377068212,847191.0056066969
103696451,230000.0,3,199425.47855906203,191561.01528697435,188667.3687324595,167491.4138995088
103580644,340000.0,4,380430.14176967094,366227.20013107255,374123.3251317896,382914.4191854705
102452522,230000.0,2,322907.2989466433,344796.67525526707,314563.5878004001,362163.25257576216
103806203,430000.0,5,565908.0094476742,575193.8843557821,517876.6232325468,510993.0465587449
103806202,155000.0,2,196696.89098211884,187902.624724721,180245.9330696123,190517.12776542248
103806192,500000.0,4,500998.19209421123,479344.8080331772,476548.1155809871,474455.3390084043
103246638,350000.0,4,312938.20069738704,290072.43890261767,262119.52771392942,327954.5032724034
103740356,620000.0,2,694198.6799782827,643687.8545790319,633992.7298205579,636056.7355951417
103589322,310000.0,3,254606.43140563613,281288.57732849324,271388.01483307197,276117.5257001531
103582335,240000.0,2,226847.57502075587,220135.0587859114,204507.0112559324,201903.33327605604
103386504,500000.0,1,653819.9077979019,638002.4599456408,636834.6100277723,609463.0808216557
103684680,341500.0,2,287220.3563243634,292791.5368628562,309136.64870848577,292965.16510576697
103683568,230500.0,1,218232.20258518477,231173.38633371063,238914.20820659294,303049.98968420574
103806074,515000.0,3,534724.4331599893,541076.5215528645,549329.897762144,546035.7022669746
103805967,200000.0,2,205298.59295059717,193503.04157347805,196344.6877629056,192929.63350319874
103805963,298000.0,3,355491.4959031134,348795.53733660525,334308.3843274222,351996.87807198474
103805953,418000.0,2,402065.8982262671,418195.2937181469,452988.36711039784,456718.7547027251
103615831,220000.0,1,255583.42230252892,273323.8141619986,270195.20158028253,280170.19198061666
102461841,320000.0,1,428312.45677495253,394391.3421741937,400422.8025396124,400398.08354970906
101979792,280000.0,1,425404.16178867576,385088.6530225442,384315.34323885344,408477.12647126097
103806053,1150000.0,4,1116505.6176272312,1162713.0919624018,1037919.1499426943,1035791.9159263995
103715477,320000.0,2,205015.26146519653,261316.59003588092,250857.18989713237,237130.46676799818
103805909,880000.0,2,683203.9297830666,929413.9251495692,985081.2777245605,897516.9404443555
103805998,550000.0,4,380976.02365191455,425939.87552418397,411390.63877776766,406555.45787738473
103292386,180000.0,3,195979.2025580845,198972.40793319445,183608.956759642,195151.26497213036
103292345,200000.0,5,87473.01096208031,136810.72239843933,128930.73153786367,140100.53885195073
103292300,300000.0,5,225566.78907117408,265432.9946324338,238072.29602978777,261721.1367169213
101804692,438000.0,3,295320.35968408454,222018.52959910242,233006.20744399616,201555.7806415511
100462242,700000.0,4,667267.5193689297,746183.4848245777,772942.3631967433,726794.2507435826
103703580,195000.0,4,174166.79471351652,171455.68631792767,164760.92107580366,193478.1522525499
103640175,493000.0,1,498459.9249799601,526144.9369933286,477138.67902973975,510008.97023472027
102709021,195000.0,5,266867.38210162625,250558.29014085254,254834.40148194908,257329.97690553826
103805884,420000.0,1,378500.88211841136,413730.19941078854,401934.1585772056,400752.6075555932
103125815,255000.0,2,211418.6074631663,207622.56281725483,220580.3714276382,227962.92434329411
103755519,240000.0,5,250041.18932170593,233953.90131919683,233633.3147527223,239804.73779075424
103690820,350000.0,1,423101.6186419779,411714.71270575764,366914.207504837,366539.378098968
102135985,978000.0,3,1122913.3761097123,1052769.210864052,980542.4956074097,1143022.0216109005
103637327,260000.0,3,220600.7795482993,237066.87687819317,222642.9190226039,228260.97433957428
103594449,263000.0,5,243530.27256278455,268217.84555314167,266053.95878370607,247587.07526407932
103142753,168000.0,1,219328.5710091071,186222.06138481462,222811.8710584848,181601.6533688506
103754290,530000.0,2,412881.5525872821,421256.3026915657,387015.40300194925,366270.04808202566
103805698,950000.0,5,564234.1354885768,516520.4110217115,493046.89743579604,535998.6612968289
103805692,375000.0,4,392499.12278491625,504380.0861582623,624009.0978476991,529932.5337962003
102399058,200000.0,1,173218.85742513556,171955.91117372553,170820.37420483635,177286.87702748258
102725008,580000.0,1,542990.3681046437,539420.3536000674,530069.7071835045,510667.2895596769
102664029,228000.0,2,178456.4866430029,252755.7533666833,253839.1336464066,249098.81041656988
103042046,368000.0,1,349578.92253044056,342422.41523762746,327067.2665795783,331303.24782274733
103805672,530000.0,3,421096.2927924991,528531.6172453429,468147.1929353198,565592.250435106
103805666,670000.0,1,656731.346404639,575394.3242025811,558073.6514551764,519205.83276333666
103805719,295000.0,3,219266.97034280165,250839.12425660237,266667.302986823,261066.95514878526
103805714,320000.0,4,329822.4882497426,320541.0654293526,341333.5273676055,356081.77649375366
103805712,410000.0,4,510798.70946555625,452563.67051143374,430792.9957023135,497744.2407956248
102887743,100000.0,3,68545.7310295174,103557.8068593881,95961.89767876513,90054.37074607146
103120855,148000.0,1,192884.34632014993,200911.61961071834,184434.23774126096,219703.72242721543
103795255,380500.0,3,439039.1914393062,405611.82091598865,359011.13724775653,384973.4851065945
103708653,620000.0,4,835015.3469729503,682053.4579651759,647739.2730211746,626462.4553004149
103795254,380000.0,4,449120.8506348093,417007.91477949906,386834.50319614745,402689.09928799217
103795238,380300.0,1,423658.1619249379,389899.5917137744,375776.6482646071,371708.29005964816
103663119,280000.0,3,217728.95514053642,265807.8948893653,272644.1891337657,269809.82056125894
103537807,300000.0,2,240078.72871977164,264816.728105157,262179.86320499185,257950.04112566722
101480721,298000.0,3,280927.23557541455,368094.3374041998,338800.1426850939,369639.9318074843
103530633,469000.0,3,488187.25000141864,501053.92994600127,467288.062467891,475018.8971462632
103805563,270000.0,3,248346.15693025943,234701.04254600883,239322.74783582776,240026.83983459123
103805555,320000.0,2,320363.89493160445,310775.36698075075,306617.09436510643,319545.97895979235
102631653,550000.0,1,622258.9205586466,538928.1142565488,554155.8374303437,495595.92797774094
102006980,470000.0,2,557568.246689882,569304.7135760683,597416.741745291,624817.1516286996
103805644,245000.0,3,236892.32964772926,240943.21178291674,233390.36549242644,225992.32643830375
103073792,580000.0,5,530674.5651888232,504316.1879735494,513522.28904524696,516508.482997351
102725022,650000.0,4,532849.3946619063,632189.1448455171,655019.0543632876,665772.5902057455
102850930,369900.0,5,398716.97314694826,323525.37015666964,336815.1069217324,337413.40376286674
103149030,320000.0,5,271373.5161284581,269908.6144018188,260207.12779284443,277481.2917372504
103805620,220000.0,1,155432.14373836486,190011.39439891334,191849.5611536792,184625.4629560569
103805611,220000.0,5,235931.5341803209,236231.72164723658,247577.29356894,215235.343502148
103805539,320000.0,1,348971.7327352296,353180.70929056354,287148.77729890484,320252.2962585693
103581872,118000.0,4,112536.24278664208,99805.44250988771,91032.65793213205,99641.27755166701
103563958,125000.0,3,118042.83539624294,117141.90043596202,112152.23487649614,119553.27841730844
103443920,530000.0,1,583282.2903630234,522036.37556233426,560839.0110419063,565598.4083075589
103383454,518000.0,1,734664.8488656458,678405.1485438365,621079.4596146393,612748.8106863761
103351715,110000.0,4,166660.19846035057,125441.26067041385,125104.25376440519,142161.4025578043
103323847,659900.0,3,628864.2690754196,702550.0484822438,716695.2010435271,693107.9085215712
103293875,738000.0,1,837772.2542756972,827097.5631992554,755489.2899300709,856090.346296633
103199527,545000.0,1,717847.9556080332,691550.6075171366,629676.435423138,612225.582230595
102738500,97999.0,5,232396.50879246937,212973.0249830991,190657.59747624418,181104.4778209343
102492658,128000.0,4,109200.5079596581,122232.94533095365,127611.24497943737,138838.4007399459
102343002,230000.0,5,302237.8898388942,271586.55727882026,281004.43724995066,263158.56945559895
102223783,450000.0,3,436355.9128876035,462257.6245744939,426897.8331321144,487580.1468198632
102211027,445000.0,5,435903.38917882903,456077.84322147793,484458.8145161308,450565.26863103313
100883751,205000.0,3,193129.10387364443,205635.4857922003,213743.8989224816,247497.87013963197
99869405,135000.0,4,129472.97384073304,154473.78864715146,139625.77328815125,148742.3057641733
103098770,120000.0,3,149942.4382144645,132059.63767163322,125918.72942925764,135439.76362088206
103805449,290000.0,3,257708.80062964617,306575.3759988802,331798.3962356823,322467.29394559655
102631668,550000.0,1,619702.936199168,528944.3008333562,540661.648980411,505328.485962521
103805522,548000.0,5,652738.2951860724,608471.9089154974,551723.7627645022,601836.6954340771
103805519,350000.0,5,394351.3657009966,332876.953427478,307317.59504533105,341141.7965687353
103805518,350000.0,5,326642.0557820893,342719.43208875967,333638.2710741883,336277.48935906106
103805514,560000.0,5,644315.9696867217,608295.3020678074,618447.4213019512,542124.7971004446
103805511,245000.0,4,291473.1244418265,272910.9041105325,271889.6643964886,278947.42099498975
103805510,298000.0,1,269437.0186035829,298401.558013844,285713.1996795715,280747.1488189126
103805502,650000.0,1,431247.003441766,533075.1287084767,580421.5966089774,631822.2910069751
103805427,1095000.0,5,858484.4707922356,891716.1887006793,913760.1151089366,912689.4346477288
103805422,200000.0,1,317792.905131204,242036.4025158814,259614.49266736902,230061.10758722865
102631678,437400.0,2,698630.9120799496,649164.0322955041,676508.4884272505,667813.8935109936
101602694,620000.0,1,823763.3408347847,860516.1303606456,782758.829088321,827917.5572179446
103734716,290000.0,1,269103.1960024567,250179.65756515498,273249.6056827632,245074.5147226201
102649103,225500.0,4,274021.85337101406,301160.66632684326,291831.4380981163,310308.63137130375
102790896,465500.0,5,486042.5395830111,523809.8882741243,512811.4169580004,517894.96285376884
103338849,250000.0,1,312664.2732869983,260305.1468564137,253914.97934376542,276347.36459318735
103805308,850000.0,1,699339.3023957205,638244.5513086373,667559.9311859754,561641.8511337965
101224511,300000.0,1,356217.1729655562,305694.6451948981,319165.8336115047,315255.73466080317
103805444,488000.0,1,437056.63295864756,410708.05508838996,435449.358940441,422478.03377076983
103805439,335000.0,1,403288.272753469,380990.721835361,378040.9061646912,363205.4267856643
103273883,368000.0,4,260618.3307176554,300164.36910254555,315400.1359792882,321642.85800051887
103805409,340000.0,2,478478.1125522415,443364.5179584913,426688.5524793342,416185.98049803404
103805406,447000.0,2,475214.84337665193,446076.40787887736,443556.635804445,448208.29474911327
103805404,450000.0,2,456422.0232379459,467628.9214003129,461917.34695200936,460192.48326874996
103805403,178000.0,3,241187.180601336,235448.71053057408,224132.06226911242,217460.00373788548
103805401,220000.0,5,154709.83074927714,194533.11551377742,214465.66401103488,192300.75874836277
103805398,245000.0,2,234559.1665712794,244578.68249878136,235661.32913295424,243495.89090271608
103805396,300000.0,2,272492.2338581822,253535.30953882373,269758.27438110835,260902.1149646934
103805390,230000.0,4,231289.19748381915,255289.30373508847,226321.49135086202,241255.51690878742
94739862,630000.0,5,589365.7171801479,533283.3700526692,500511.7535341887,520222.5484727932
100922534,150000.0,4,166622.7616787831,168634.65037158105,145087.59364873602,118446.89221812654
103805375,235000.0,4,193518.6414915208,188855.4739396169,197797.6347564447,195248.59744835238
103805366,450000.0,1,405148.32378878415,412446.6403467219,404572.6226956655,417950.3906646007
102859087,345000.0,1,356417.4505028052,354960.1815001248,367577.4461907014,354747.51806816686
100049703,345000.0,1,334208.309317528,334543.8697939054,349798.0181639231,328811.54812669073
103805244,276000.0,1,194220.61902982916,205068.46099858117,190494.6769176749,204471.64728790807
101557901,260000.0,2,220014.012659932,278039.327111289,284180.6300146293,278483.8033324558
103705457,300000.0,3,306474.9409072063,351693.03966934566,337029.2142937361,381176.574780793
103705756,555000.0,2,640700.5835800194,591059.6026276923,590965.5808517943,580862.9627202858
103805331,290000.0,3,275375.753330812,249930.0073868999,227161.65665842002,220939.65497844174
103805321,339000.0,5,420480.47535959847,405395.08402772364,390440.29107480554,375611.04043908557
102920513,288000.0,5,338527.6159012335,334766.45192730235,336014.58659164805,332821.28858041635
103187350,220000.0,1,391509.95721615717,359302.5106965246,353371.26568982506,324862.16971308785
103805305,560000.0,1,509650.23607860267,459749.8019418436,420772.6852023563,414056.6015235181
103539418,380000.0,3,335843.85859126144,347634.45850342925,349891.2997733901,352675.1358252875
103050905,340000.0,1,336188.84810007585,356630.8892302213,346281.3697434537,363195.5406582287
103176156,400000.0,2,503266.1669957507,501318.43370935105,482704.10876258166,452623.34552236437
103050937,350000.0,3,335751.95454763283,347348.7130580301,349891.2997733901,352186.35717863485
103805177,250000.0,1,305223.46864184155,283079.558376546,299284.4961671628,273497.3909702316
103805172,260000.0,1,193055.11976993992,157250.44465421786,186971.09231594086,165420.24580251513
102554797,399000.0,1,466137.6229546504,434962.63579889364,432675.0102207232,433606.60677170975
101907204,329000.0,3,440186.0981646985,429094.4089317564,407387.749820952,427369.66692735004
101830037,550000.0,1,479295.94464136934,497259.67215544987,510564.72765955195,540324.3544601295
103805238,190000.0,5,197385.9062966309,221257.94398098154,231327.35905159515,240446.4782671628
103805222,125000.0,1,151788.51176147768,132492.06270429396,149806.15987582563,118485.64066666734
30964923,538000.0,3,477985.1171623287,476959.18464298215,467149.1708060522,447539.298954882
103652447,320000.0,1,356417.4505028052,354960.1815001248,367577.4461907014,354747.51806816686
100049749,303000.0,2,360632.6826969717,344502.550626509,348979.81399815844,334744.78921951045
103805089,320000.0,2,369983.5501816178,362780.70838102465,373278.51867545076,369575.366555582
103805118,150000.0,5,97540.97816283142,105058.94411090057,117063.12338206047,113751.02728559647
103805117,270000.0,3,311571.34945053904,305112.0392548736,300385.2347969688,297103.21639200486
103805207,300000.0,3,367542.589590567,361187.10913397715,325278.8645278191,404879.326721152
103792460,570000.0,2,386236.1933293189,475399.46550863166,557250.7625471456,594120.8798332242
103487988,420000.0,5,385518.8541497944,416435.829681194,420415.6658380609,403955.53511260886
103436550,348000.0,1,390183.85442146333,395203.75785502145,431659.26220626716,420927.3292172771
103805030,365000.0,5,307719.5656860356,295184.7501069839,307911.73274781194,284360.97673122474
103434472,420000.0,3,383925.9343166453,393106.75321996125,380285.9477118428,411960.4793771321
103805026,547000.0,3,584442.3920201663,579455.198272731,507898.5737493867,575431.7957822862
103610151,488000.0,4,688567.9160830377,584383.1665964044,512001.8405871813,516905.60255976603
100751667,170000.0,4,188424.9811296964,209795.04801019916,232985.70124347683,220918.41245419113
103805021,530000.0,1,525300.3031067449,636441.4335944178,544527.4316322664,536417.470353584
103694293,320000.0,4,378680.29779315833,366553.39087784284,370779.2874425251,361076.05519242317
103509966,443000.0,2,394063.9973417869,372647.81287453906,373810.36633909703,420609.61976771
103804933,250000.0,3,200474.0901375246,265335.00711980945,253801.1483509499,267290.6415848876
103648844,1500000.0,4,630072.1992820367,648606.2594887366,561315.8197624331,617877.8620617974
102467837,700000.0,1,379994.32504983334,429416.7935504174,458935.90511719196,483615.57410475257
103804857,480000.0,5,563395.4626537153,506260.13846693636,492881.90663996973,507998.33535362943
101776501,688000.0,4,790169.6211815279,673333.4274127468,690578.3903791715,723233.4190435086
101812252,300000.0,5,375599.00477439945,326841.6520757488,354042.4102146643,364758.4008955362
101817399,1500000.0,4,1007646.8355703534,911808.5633402002,1057481.0175665352,1032283.7338463342
100780015,780000.0,1,663574.2737910704,767541.3671515664,825125.7749341652,830340.7671058525
101709396,950000.0,4,761936.414715927,994333.2572037177,849722.8071669157,948906.0232356247
102990565,532000.0,2,553620.6083277802,506533.08180391387,541454.2015308192,504505.39851269714
103804826,395000.0,5,565345.3227022297,576448.1164606283,592066.5489033854,576257.6217006888
103804825,578000.0,1,526856.2774368514,486039.40256828855,465223.4782777931,538118.8442251486
103493683,320000.0,5,389523.7559940609,317284.20210857707,334238.47201684304,326043.1341603186
103465493,750000.0,5,676733.4983308925,654142.6446603325,731658.5982354297,693296.8188491402
103126986,600000.0,3,568454.5317312685,553692.0551175025,615365.7078247188,520469.07879391604
101186465,575000.0,1,374306.280959413,473568.26431331324,434453.02639223286,496234.69638180186
100503785,495000.0,5,382022.166910651,320211.21002659324,421417.0611669352,383083.4922358739
100338053,715000.0,5,431150.8892027266,432884.77840447513,430738.0136169492,473229.0537882872
83622800,500000.0,2,227503.4272177382,212157.0335923386,247314.04554246963,237301.0500691163
103249540,299900.0,2,195494.42617718264,247097.09042978898,238277.72190994216,237043.31120603328
103804692,270000.0,4,245631.36436284258,220375.44954714426,217374.95708617466,223160.3128656946
100369189,510000.0,4,412251.36908905755,472579.6464378742,497799.0821253957,471822.9013965083
102754019,65000.0,3,215533.2826688646,163144.6532514859,176294.17725883084,138327.8908098764
96323999,930000.0,3,939931.2672638276,942331.1219717538,948471.2889415476,912959.4230639988
96324225,1030000.0,2,1084455.1447857055,1023959.6443147718,1031891.7359911638,1112748.065066198
95783518,470000.0,1,609746.8645034124,511299.5947591741,342981.2023504635,453455.6153388205
102352239,2680000.0,4,1478250.983778033,1791104.0818834808,1889750.9605696236,2058693.6105220472
96433542,220000.0,2,310425.5096238827,334892.8236871076,309482.018640333,286438.8751314845
103804595,225000.0,1,208168.83614004322,230173.24440109477,209031.7642003188,219025.74327666158
103804591,368000.0,4,284509.1663891244,313384.28735193727,338066.2221663539,342643.0104988858
103804585,550000.0,3,644041.100120027,562375.7471600106,571647.4350340279,572685.8253129689
103804652,320000.0,1,267002.485024606,247271.89246450752,262601.3008296189,270602.7199476732
103791585,268000.0,2,269307.71481868887,283835.72218026017,294789.6511461011,281185.5430144986
103739574,330000.0,3,301399.17508154834,294508.46212453296,300493.96052788815,279812.85129618633
103644888,275000.0,2,247408.03605052186,242845.028570239,215227.03557865086,233509.1050901581
103612129,300000.0,3,312807.71488940244,316756.5914452157,287936.4923041587,304122.27456835675
103558767,266000.0,2,247343.92621286475,281145.6821226609,243481.0153221158,255609.06408251758
102514324,230000.0,2,255673.4654022984,240231.02833804776,213647.61015532413,236794.28679911667
103169491,168000.0,5,138619.01118256856,190663.454050872,196543.70932189137,191273.5819065245
103804567,300000.0,3,381810.90535367245,348352.73639531864,344626.1019515236,390846.81702980754
103804632,355000.0,3,399978.9094425426,371804.44928105525,366425.3460509943,366008.3198756391
103224951,185000.0,4,230562.01768892806,234153.67676330716,211590.41457617027,215680.36280701868
103804617,550000.0,4,640038.8013853731,537737.4888771091,548479.376445676,536775.0093776761
102462695,430000.0,3,501182.6982524116,466773.9303375257,413201.4779458275,389890.05808419903
103804483,390000.0,2,356264.0243031371,370933.74585622246,380762.9920065128,386470.50427696836
103804560,140000.0,4,174467.14588407346,147427.3602399997,157877.7628433424,152904.2961364207
103804467,386000.0,2,309567.8926264469,321308.39777281304,317888.4920692378,290643.58822923386
103804464,245000.0,2,304989.1151901896,360365.0722951596,378824.08067102573,392886.492438424
103804443,394000.0,4,395287.2357035886,396717.07755395793,388264.8695055123,390843.12812069384
102900811,380000.0,5,503171.6864662046,495149.57391524315,419875.66647970723,490524.7259954693
101602939,930000.0,4,1101993.772088854,1028186.5108118175,1038732.1510818559,1099181.4652871464
102493387,295000.0,1,256380.97393808173,254253.35275573214,267626.71611806384,238645.88409637028
103804549,488000.0,5,410483.6942960835,331918.7672134361,296045.6810307568,325023.1545235501
103804544,530000.0,1,542339.8761654749,517293.8668652919,538903.8042561372,543109.0354677452
103804540,200500.0,1,226746.69825906868,275167.2322992484,261529.6249936244,293720.8874854185
102917391,335000.0,1,346893.6018694377,345548.25290422863,332138.75280293287,330065.3963745322
102900939,350000.0,4,352721.5230106109,352159.1625219438,348315.26158777525,344212.9427934614
102886250,370000.0,3,377631.91378116363,375749.8288571758,371119.4203716496,368377.97160048457
102885651,135000.0,5,132874.15095487505,161090.5850833909,170113.11379280378,195092.4581718321
102464027,645000.0,5,677095.9234827292,670119.5278594489,564347.2340186948,607521.6640486326
103804534,200200.0,5,216399.56200064317,251449.7568347093,204713.16765144267,217990.19546195064
103278649,485000.0,1,511262.2148291702,440220.7148367089,461592.9960527846,425222.3120833613
96102884,350000.0,5,378817.03674191836,395702.40540559374,419050.2974661875,398183.1947215671
103804489,200000.0,1,227628.04510964834,282218.4342743622,265414.4458041366,273092.5543878459
101443504,505000.0,3,402651.30502129,380338.06380338647,355119.88078446925,421369.3389691816
102462863,468000.0,2,482103.4018958268,464870.7522366644,425627.7559141266,447929.619984077
103402067,280000.0,1,362979.5459946235,347838.16005629284,311172.2051319579,324634.40560328733
99617847,250000.0,3,319289.4516266779,282910.09332145023,280910.7932483315,307197.56295356597
102271412,360000.0,5,383940.2630776394,346376.0024542529,352171.36499686015,327931.4655343382
103804319,390000.0,1,390774.848806792,376634.7990022016,353738.8117414445,381480.00758230576
103804318,324000.0,4,326049.90432877565,363312.7446162725,329045.8367637566,358414.22407330066
103804387,325000.0,2,312437.0144232181,309494.03541310865,331781.1898463584,319532.4295165259
103804295,365000.0,3,439219.8951163423,422409.7921427496,401680.8959788713,415134.6291288442
103804357,229999.0,4,306031.32112641085,298990.84128115216,295211.98141656996,302014.18412292656
103804345,360000.0,3,387206.38131859544,381319.6683889978,372734.4469147428,368555.43842700194
102156206,355000.0,1,412721.15478021797,372792.38073820533,358485.8674993691,372710.31187775335
103804258,340000.0,5,320227.46486753394,283311.7754172306,302632.5887619782,267037.2594064966
103804237,489000.0,3,499622.6561272868,461896.79741457896,459514.39284103917,460543.69960049156
102624302,99000.0,1,161622.43369367454,125900.83073131803,117624.79845476354,108242.9088539908
102967909,175000.0,2,218030.78835075867,219411.56681884307,212325.59779593517,188473.48975045394
103580930,380790.0,1,376969.17169093253,354584.5630079318,345622.12221634545,346160.208197386
102799732,170000.0,1,200652.4494939824,183475.56323289088,194734.245769038,158799.4135386027
102862641,295000.0,4,300847.3380650509,320272.0499772634,296064.1323569269,314458.5421276065
103804124,499000.0,2,466662.2279219384,488269.8312229119,510409.53222254635,483919.80129232735
103644314,610000.0,4,457444.5745883552,484202.6256672825,564193.0601991907,576084.6606639394
103804112,1059888.0,2,1077634.602935579,1027273.285721229,990006.7381167384,1058980.1992825628
103804107,549000.0,1,639824.6079482608,623475.5002200354,569714.6642859721,589349.1327435967
103804101,285000.0,5,256412.00858352106,247726.99132229204,251851.68034899663,259087.80438885992
103804090,456000.0,3,446209.46934468835,411899.68662787316,449096.1042260027,445617.4009565827
103804083,520000.0,2,610747.1775129464,565278.3929568991,554385.9987818174,533434.9265656411
103804213,400000.0,2,431477.44457963156,408481.9116237348,405997.5851649355,408596.0093867312
96434057,1480000.0,2,1128702.365927722,1318841.215980671,1412451.9330494925,1425198.2374291045
103804189,1450000.0,5,1065490.1775855494,1385719.8417088005,1330294.411923978,1439719.0647387055
103804025,379000.0,4,257305.13208176452,317583.6994551634,333788.1730194764,354720.6423164409
103804022,1338000.0,1,1367067.5337179953,1372686.9453437643,1424781.5876536581,1375729.7192670384
103804173,360000.0,4,319190.2189588089,339309.83282124274,336751.65992641845,372241.93704529066
103655077,380000.0,2,354936.78655467683,345726.4905915502,318136.2670811408,350674.36755058577
103655467,210000.0,3,236057.53560634019,242504.98072699286,235820.3901889431,242659.1680423827
101555323,520000.0,4,632390.8354787396,601333.2518768794,600000.6172493937,546876.5372410819
103804159,772090.0,3,622711.7831335745,633080.8079513833,701272.9968550628,608165.7268988625
90290816,950000.0,4,1112533.278743,976077.2283134086,942751.6497404483,954411.0432607934
103312515,515000.0,3,570118.699914306,520167.7689476304,534131.9092189306,557287.1079178791
102775997,408000.0,4,492590.1828746491,440678.8904233974,420076.0261812623,420543.22986803274
103804145,620000.0,5,614582.5839170358,538298.8313732437,553191.7227721161,521250.66513348575
103804135,300000.0,2,366517.9014651778,325379.9581396143,285931.830360872,278319.7059667686
103804132,380000.0,4,424096.9787087715,392068.4334076985,389877.15237013047,371354.87148845365
102851956,259999.0,5,308988.9020288209,256131.90483722478,238535.4018067424,254208.69881099742
103372239,240000.0,2,332946.89340430015,327292.81756401045,340820.69946301886,321193.0949562714
103532846,360000.0,2,377829.02228846157,378713.5694267916,380282.5084850297,375235.2064970369
103804063,250000.0,2,230134.37464709568,269407.6467268577,296288.36383246793,272440.91909184755
103496074,350000.0,1,303740.23345697176,314738.0596921674,304133.5530268934,297707.3233425444
98991063,142000.0,5,157370.6710383395,134911.02975101143,139848.5013217001,144700.2999281012
103125797,410000.0,1,483447.9568067864,457395.2186782121,493071.3543163038,456342.39552998374
103125858,415000.0,5,472912.9988968147,445121.8707873288,481090.63673384057,475280.327441215
103784481,230000.0,4,291697.47801290004,272797.3849448516,283528.8603929898,300114.7051207564
103804037,280000.0,3,269846.89366005163,266417.8270942009,273198.3172264182,265070.7244384402
99300583,260000.0,4,272310.73194038065,375722.0495760987,404493.29616104584,400174.4168866029
103803987,180000.0,3,192518.6822178262,162268.24292476158,155296.63550425076,137905.73234739323
103803848,365000.0,3,436408.4558631595,425376.02540820127,400397.3551962228,420186.8395401732
103803843,300000.0,3,245749.18410780316,237380.05209149185,251959.7038198781,244845.20091149447
100329236,170000.0,4,199599.06936065058,180045.01823711538,167876.48966305782,176995.82077338506
101547589,338000.0,3,279054.2905348612,311310.23504378326,308176.156445608,304818.36727006856
101538341,330000.0,4,297485.398627111,332910.3879156347,323715.7389697118,327661.9485421923
103533247,366000.0,2,265568.24276131374,293684.84070884925,280060.93617304857,345352.97674856836
102709083,338000.0,3,267197.4423077748,310613.37107170507,312681.72710379073,299746.65169928625
103803972,394000.0,1,373225.74337714637,362603.1799581323,347416.1569844511,369737.9174518667
103730519,399000.0,2,548754.9990108858,562213.7407293735,552110.0979546439,591620.3700011364
103268614,209000.0,2,231186.9345115969,240192.7867816756,224153.9192978515,220632.08101465597
103803960,288000.0,3,213639.3509535081,251420.09169800772,246685.68603849804,244706.62947346127
103803959,450000.0,3,419955.2905373747,442333.49286518403,438260.905123308,464251.8209703357
103803955,450000.0,2,448261.5778493992,444424.10263013624,478877.63746419735,460821.6310113748
102035044,1200000.0,1,930016.3004328063,1100798.7668704086,1120978.3820154786,1088304.112300108
97263588,990000.0,2,928461.6957824625,1058074.9698960055,1125347.8868683416,1117102.8149437318
103803942,318000.0,1,270709.5187013076,311532.0852769037,324242.5663130946,316510.2460391256
103803941,275000.0,3,235338.4400707897,252332.70459156134,247357.7794878417,241990.42188859027
103803936,228000.0,1,247674.8784438585,232571.64364486636,232732.23479687236,236740.91966496094
103803935,660000.0,3,530486.5645423024,451850.7305193548,484913.8769057033,468253.6098456294
103803933,245000.0,4,271777.11410886876,306771.7242339822,306126.41709994944,287572.8214458569
96241155,930000.0,1,919215.679007229,1103623.534452282,1137527.8271789383,1089751.7876730931
95654067,388000.0,5,430098.32928830356,425654.165736719,424263.75660226017,460248.8015814844
103803919,270000.0,1,225173.39367806862,217734.85117511297,210571.33780131128,210892.11809332418
103803819,330000.0,1,387484.19104401604,408476.5523459472,450006.3617509327,403857.57234445337
101655915,345000.0,4,256580.4131612707,310162.5186316883,300536.13649210613,282917.48237107985
102776186,451000.0,4,539038.8539921382,485333.06626097596,453404.2201735041,467714.17430695886
96660735,528000.0,3,503978.7904387006,474457.6373572363,444147.84809130774,460280.1565242981
98359134,607000.0,1,459932.2465993155,423575.4060885263,452625.6890563404,417789.782748853
100180638,215000.0,3,250002.05124650602,228095.3078194963,222932.77175459653,207897.90314920322
102994144,680000.0,3,480693.2001570682,537643.6085808018,533658.4156991284,579778.5377920152
102264994,520000.0,1,522690.6994916469,536720.3921127417,520886.27500855486,548534.1592086861
102812723,298000.0,2,251721.80616671604,278402.8052564317,267793.6195643623,265214.3574846053
103318297,395000.0,1,556140.9062308013,431248.4164137002,461200.87365628616,448716.9800415468
103803795,530000.0,2,567309.2395767093,513754.38801657746,462670.80689610355,475669.99470348156
103803788,480000.0,4,404852.9809886606,420459.010712924,509132.3984132283,500126.8656059879
103803620,470000.0,5,480115.70329756034,433651.5504334204,486219.0860790623,467325.5675986026
103803600,770000.0,3,747941.4002628519,672844.636477287,647412.2990943843,626178.074135605
103803776,470000.0,4,485807.1174248362,444093.7300752223,459343.0041281471,441041.9761226764
103803747,99000.0,4,233645.4744170898,320863.7777141973,255106.71323429825,342014.9529906908
103803736,328000.0,4,286936.369009914,305052.6207424251,320808.66928585485,315979.76369962614
103803723,128000.0,3,90890.93776141643,148337.27637194327,133778.37221436587,128435.81181788527
103803564,450000.0,4,376206.65343468735,405790.00008709246,403468.619639448,376510.6762257055
103803546,195000.0,2,186754.83549090728,186243.3469504005,162140.09685144154,189063.23185387874
103803536,410000.0,3,378413.62400318275,405428.8881451356,407310.0012744444,381953.0709491617
103774002,280000.0,4,256429.91633476812,284880.47029509966,271342.0498685109,269277.85831529286
103803711,245000.0,3,314252.6257112402,291012.9331435306,312418.4917091705,257603.15615410652
102162371,548000.0,5,666531.464504007,717411.5317309345,699380.3758487809,687069.6421814495
100454337,420000.0,1,352157.40809022705,370976.83878819284,319083.97475240636,385708.2502168291
103803693,318000.0,4,280403.2306798825,293960.3450667029,264790.90092175215,271400.54795212
103109120,200000.0,3,282593.01388596656,246235.3035304093,256393.6657787775,249957.19496725494
103462482,450000.0,2,409346.4728602842,366675.8863051739,365835.8087350596,381222.0246491719
103162725,299000.0,3,353701.17396062426,338434.4903907197,346468.179478984,363215.6149488865
102257653,319000.0,2,397712.5510325952,381920.7825700792,396043.0276104733,333098.3285156542
103162722,320000.0,4,381890.10111257696,365635.77638429834,338476.3341123753,355477.7852024288
102240958,210000.0,1,255616.68074971123,218391.36805204058,215412.54105543543,239731.25228123702
101629542,270000.0,2,412369.6187680527,424061.4345681068,412670.10418559116,430264.73698048363
100763945,258000.0,1,364586.800176573,367592.7751374722,303188.840539208,355348.2344643918
90406231,220000.0,5,252144.73606826426,242648.03171269738,220935.19426093614,202439.47433266355
101798229,300000.0,5,304655.52929569123,283236.61580542783,288268.6145744188,295870.9037415721
103803570,500000.0,5,479488.1743560801,393062.1537200052,401744.33420944423,375881.18883445364
102622871,360000.0,1,303175.6780109356,318580.74579429993,343233.4853112378,335017.39062502084
102642827,430000.0,4,521454.9405788925,425462.41775029886,411531.0428313654,453015.65548371617
103803521,480000.0,3,558935.2266856465,552552.1920018134,564704.1274893993,506257.3876901384
100929943,479000.0,3,550099.7435294262,482342.4150154893,461762.17230632243,465113.5493060439
100303196,250000.0,1,246414.88282211553,255674.9083161951,257293.08330763227,256070.360529203
99305459,240000.0,5,233320.02604120324,250464.19855669013,252639.8782625251,248586.9175231629
103803482,790000.0,1,913206.1360334263,1012946.2251206947,839990.8837798801,850922.8452273726
102776483,535000.0,2,592160.4700396853,494102.3500510614,509762.67121387203,526651.8489377849
103803464,410000.0,2,443486.6255090807,395381.31112744904,420066.1539114006,405006.14984001155
103803456,835000.0,3,811888.594856056,723918.6908918117,725981.2874008839,751419.9299789955
103803437,350000.0,5,371768.1125351102,365501.11012696224,348196.5233780886,359115.8036067298
103207867,199000.0,1,247817.11545814734,263087.2464366918,266213.9174468234,311552.6847565107
103349480,596957.0,3,552681.6194272363,544109.2183761997,591008.8364519782,517338.2983098368
93765460,355000.0,5,336255.0316378228,305867.1179940472,319715.65244095906,311871.3876609867
103803423,800000.0,2,244767.1606786949,348826.16429733613,301689.1340796956,305259.7663019703
102226188,315000.0,2,291083.7161240766,277142.47427811427,280059.39520859974,267070.5401170935
98533078,165000.0,3,165698.69854095043,139252.55196259878,144113.86269894752,141374.2812348006
103640552,400000.0,2,460701.3814163013,403261.4689992181,390145.81010003184,444470.2364380804
103803277,220000.0,5,193356.0078061786,133501.30722599107,130412.28943013394,152911.01852305725
103803252,229000.0,2,171747.74968168666,233088.55053992965,235351.39096607425,229167.4604332594
103803250,358000.0,3,252840.56623013702,243766.6465144766,283822.16573300277,251917.84749287603
103239470,175000.0,2,168045.5006522791,155559.11213290697,156813.65336557195,182753.6633707467
102731169,500000.0,1,521675.66285432014,513079.6855329591,497750.59786988,525555.4822735533
103803090,350000.0,4,345207.65892928804,366282.2345575433,372066.62657900836,368454.97601161234
103803067,270000.0,3,233768.17756702958,233801.08497543584,242322.63119918015,238335.24688896618
103803062,410000.0,1,327389.5452258985,359943.8866109379,381741.01389254763,365223.47099562036
103803221,1150000.0,2,710629.1359056667,1126502.2961844231,867247.8913875633,1189704.7758484222
103695244,2080000.0,5,1552370.8557608586,1727486.2855851422,1675733.3374519136,1223882.6286936454
102288304,350000.0,5,318817.25121155055,346933.91801738756,346617.5703880576,380096.02596277394
103273543,108000.0,2,165473.86631357868,120842.5796974326,98141.14019679552,110401.7716173534
102383514,570000.0,2,505909.3140731756,456792.3087151218,486013.85944908345,450301.86551864614
103803186,570000.0,5,470365.3889847323,511502.90443749767,498230.0158174403,480147.87397619436
103803179,490000.0,2,484577.95591328753,480874.52830037253,493509.33054816717,468143.9751840887
102865764,290000.0,2,389508.89346785925,376679.030490285,387432.9568919399,331965.6073079172
100430829,290000.0,1,405650.06950320746,396413.27867615334,364677.025123278,366434.64996555913
103802984,385000.0,5,476474.0558145055,437811.2554096907,442673.9227992434,436940.85541726695
103802979,352000.0,1,429475.4524063481,417658.0129920652,421678.9493102313,450386.4193284654
103802963,690000.0,3,521057.081744614,606576.5138544227,674628.7486088808,533228.798575207
103802960,1009000.0,3,868951.9266359581,1083895.2404808057,1035271.7165213883,948466.4906716644
103802953,399000.0,4,445655.07259317214,453816.3910788677,476095.60580424534,465264.67741225846
103802937,100000.0,1,169880.2770576216,140277.98548329587,127392.94466361575,131569.4069223564
103802919,195000.0,2,205500.74237737464,192214.74350026317,187848.53442507467,208553.98925735525
101749735,840000.0,1,875464.3057104247,811210.6100665459,820201.8150224916,824926.0145090714
99710009,800000.0,3,841010.2794397922,832219.84437551,840268.4898780244,812510.9803825537
101827169,258000.0,1,343778.1134294165,313743.9387364541,320116.65683891857,283421.111856765
103609830,788000.0,4,177855.44292309225,282383.6172628548,272387.0502149112,290032.41965980997
103803144,298000.0,5,260508.73890421746,216030.84371194014,237853.39227102013,243794.66475145443
103803131,200000.0,1,273838.93847479386,250218.04005208673,254756.6112922584,253077.6059759242
103326916,220000.0,1,183668.76038555926,164611.95369694778,173315.4170457382,175613.52109629154
103704397,105000.0,2,136018.88207431248,148850.55796823284,135822.41263905517,128246.99271979959
101856614,275000.0,1,275053.05762419384,279703.47413102543,275122.16102189,268529.64882924245
103632408,375000.0,3,419293.3791133563,384165.8664662705,365589.12870603945,373335.74152183667
103803066,360000.0,4,329078.8459517684,318465.98826581385,289866.5265497504,301093.91863724036
103803053,715000.0,1,368800.5175535759,360334.54104892345,341782.04439930024,295729.77469248674
103462919,325000.0,4,355085.2683618144,306865.34717028844,323272.5616338591,328706.6493344548
102562785,350000.0,3,403537.88330601796,356601.19115085894,342367.695959597,352694.96635189734
103698129,232000.0,4,213605.77274101143,253736.58857942093,231920.79924979628,239528.08386721654
101963666,223880.0,4,189645.39397592683,191676.60799023273,186323.4244256882,167209.2485647484
86810806,400000.0,2,435931.6010836114,392459.03991929506,390228.1297827637,398028.56670204736
97077831,348000.0,2,431647.68087777885,460272.5799171282,426052.684277683,460641.2049556874
103517969,315000.0,5,264638.91749912367,281675.10803714907,302607.0006439621,289143.6096953655
103802910,380000.0,3,353233.69600440504,352884.8884433347,357851.1322136094,356439.5315491526
103802802,160000.0,2,218505.4753011711,231526.08797172015,218974.1700583795,220432.91179898594
103802797,630000.0,4,472114.0000409988,528771.1866588045,586763.4843676359,565685.9327046593
103802908,190000.0,2,263108.2580778819,249830.45308158576,230639.6934803245,271535.955877552
103802899,548000.0,1,624106.7299551471,636250.5423224319,513788.18184814986,531459.2121384455
103802897,198000.0,3,138914.67175133227,187586.03277672874,154713.27424453935,173397.031909337
101615471,505000.0,1,427809.9826006467,449226.81734766625,481187.14934695885,437444.32464510284
103802890,500000.0,4,533088.288515874,472107.57596043596,511078.2063022379,479926.345767399
103354046,218000.0,5,177887.455110316,172159.4317255295,160477.13608585382,177589.98883161886
103802735,390000.0,2,396017.781850286,386760.5674361329,386776.55968051567,377443.52932962246
103802723,428000.0,1,380944.1217246114,389588.73819050187,416356.840291626,439394.09120824444
103751681,79000.0,3,186183.64754750428,148167.11550060665,119040.94044400917,127115.52301964084
103751333,180000.0,2,292264.5225807436,277783.77134763147,286313.75812649017,266027.12312434654
103750172,268000.0,5,256445.46347225254,257459.3554734702,234786.84262660038,228283.12442448517
97225270,318000.0,1,455326.83522004477,413176.44955464,380683.1584407285,414449.7782941277
103753407,560000.0,3,567976.6109243885,524344.7130750054,520875.66759926383,461130.54625446635
103748128,700000.0,4,551660.0207490806,609169.1233883156,614320.1299229941,618032.0447521827
103746480,128000.0,1,183658.12912196782,171117.53114513095,169203.9892629713,169529.01422779707
103489349,295000.0,1,175981.55743516042,208868.84710208306,225634.54969347446,224168.08491493724
103751057,365000.0,5,371143.34970742074,350200.82704459864,334672.46222651796,339487.9426502845
103753480,830000.0,4,754741.2314902014,790539.0337564728,750123.5156968203,828930.8254839821
103746056,275000.0,1,347926.30537442875,295477.51489846996,322004.84343390894,296238.18750962324
103746579,600000.0,1,670665.3856520725,785844.9129116096,773901.6551844552,850613.5191790018
103434871,460000.0,3,484056.1148772634,459117.9118398685,501758.695426381,454559.3635477166
103651492,99000.0,3,359993.1551457179,321747.21042911184,309670.87772157026,313889.2583595757
103748406,95000.0,2,130821.99879105225,121928.4318712783,110208.15954918451,130599.72926394455
103678414,270000.0,4,220754.9490986819,182641.99876531886,182619.65626752918,171679.09760734497
103633056,450000.0,3,373114.57021463214,355812.6040057093,334822.34122507315,351483.86631434975
103632775,660000.0,5,641370.7252899846,645802.5824539469,617909.3113623621,645061.1870580139
103748878,488888.0,5,519835.2330347225,476712.48246132035,508805.3796616243,497675.8032678352
102236931,3499999.0,2,1058692.7740435384,2149902.0273051346,1997223.871077148,2546779.2563632126
103743397,98000.0,4,195605.64493791008,138385.40722887515,116000.88743304435,142506.09256709594
103747070,558000.0,3,581378.3170373861,555417.6081747351,554686.1139034973,582708.1456161877
103743867,150000.0,5,161952.04521869088,136166.5379435669,113541.69393763616,124918.21986890267
103744256,460000.0,2,388636.5615887447,415920.23573080084,399334.081976915,428549.64530732436
103521973,250000.0,2,198054.84513546637,179951.24417214625,173030.7418098747,187237.5862794747
103677492,155000.0,2,218075.66197652108,234566.84656836,231396.34058409938,227754.76272501933
103508663,175000.0,4,170986.55205104372,156711.69552167115,134468.6276020499,116746.49534405027
103084402,550000.0,4,502777.01620669937,540210.8206942175,524362.1441120034,584846.7227303978
102442625,270000.0,2,213276.06605943994,203325.79476757627,194595.96956519753,204195.35925664537
103745573,365000.0,3,394991.8010437589,376044.90530534287,377749.89910288097,352722.78018972115
103743473,245000.0,3,137101.31933610947,177972.52551218888,157210.54477128468,156727.84584266285
101514080,198000.0,3,178733.13128390352,198334.43425789816,213148.00255400213,214314.57959906332
103607666,425000.0,3,359320.1806050077,340673.60583985725,382706.4429710366,365844.888730265
103520534,140000.0,4,194134.2021367035,188095.5989598391,179984.21725583088,192651.2560185169
100482067,470000.0,1,671106.3528665621,612049.1950515439,481512.66568532906,573690.8581173256
101856001,396000.0,4,546982.3235202231,488543.5335731174,449195.2751805449,455838.83906792756
102706714,260000.0,3,264141.0752286273,287808.3028098921,277611.7351382008,280759.3089509443
96130266,230000.0,1,274736.12179821794,274129.61536139826,244441.81213564982,275038.6792654444
103730893,260000.0,4,243997.73560831626,268512.00475037657,280563.63629331853,280365.96388639207
101910541,315000.0,4,313800.10372363677,303319.65640639875,291473.096854594,300259.4253647468
103632498,185000.0,4,163849.36915932293,178139.29860620087,182663.29128021933,183109.46963215
103802709,1520000.0,4,1158281.0505894881,1784895.5412574694,1474508.9041264758,2039439.3193022707
103421703,600000.0,2,590240.3743013231,535340.5305793677,541629.9310744881,523466.38410237833
103802510,660000.0,4,578972.5563209291,662734.1198577355,663603.1832382209,657668.3071543381
103802487,120000.0,4,202545.60973133138,141385.2274535038,114534.42025559078,112387.32900691607
103802482,390000.0,4,387678.70666500204,380449.02748226566,383483.33140910993,382672.50942811015
103802658,285000.0,5,253751.646941865,264911.99938777013,241315.81407993127,246154.17827782256
103802652,395000.0,2,403153.63804528565,394302.46586935094,385697.9548825442,376033.31935592124
103128842,420000.0,1,453663.24034495355,435181.0877739297,460688.4407705299,467481.2773011165
103734876,582000.0,1,503327.4647275123,438684.0868101517,420541.31662431837,447908.67578965577
103802645,355000.0,1,378285.71857529937,382338.9568581488,417019.0612898308,383390.78996286175
103418149,220000.0,2,323881.82083898416,294759.5118578655,310852.30359679734,292929.40292550455
103566171,248000.0,2,254948.02012533907,271875.07624621975,276910.2292961068,293363.8783552972
103566334,328000.0,5,317367.130311968,319882.2646862348,290799.75262739696,316172.0749192006
101267413,680000.0,5,639699.6545866412,710708.0976512214,709334.7527703358,768951.502463912
102843643,199000.0,1,214974.1988180539,263002.0804924291,271059.53184386005,259023.76901927567
103735534,380000.0,1,422616.0818115754,377390.24284411565,398953.3934218764,397892.0496586429
102551061,265000.0,4,255187.20857055674,276653.7456031551,285159.22162510443,274164.2744852518
102079764,460000.0,1,465363.55044459645,413089.86471343564,423711.0733424531,433214.9862886905
103204105,396000.0,4,546982.3235202231,488543.5335731174,449195.2751805449,455838.83906792756
103299358,420000.0,2,526267.3078758585,456667.83896830876,444621.4193989808,439166.6522286611
99232624,400000.0,4,446746.7191047803,396661.9913697347,383494.3543984635,419984.0119990541
103802411,360000.0,1,379901.5171065444,377614.6896317636,368475.4410394546,376165.6899468208
102850108,4000000.0,2,4607467.177349608,5470007.611145724,5533452.511018158,4982627.8676862195
103802298,470000.0,1,557757.0925828367,457906.94545818854,432590.8874691023,432878.14680772205
99220843,3100000.0,1,3335953.6485110093,3542517.9313846957,3367043.607769606,3550770.015442722
99042447,900000.0,3,664466.0730756745,693719.695171932,678673.1457960138,666954.0808732571
103432627,280000.0,5,294856.00692294963,318039.5626075016,322175.37327995,328162.6823139253
103802386,240000.0,3,246689.22179391314,258407.82884000946,261389.44178134348,219870.28671250644
103650199,158000.0,5,133246.70081563844,152981.76655421674,160024.01295494597,173926.08071350525
103421269,500000.0,3,565994.2472701316,542082.7324463589,531946.1833561943,507618.707683808
103802380,210000.0,3,177948.16599899554,239863.4692505463,229652.0319182774,233557.77230244238
103057333,410000.0,4,460150.4604501797,438319.54000685754,449164.4536350292,454438.2256400156
103199162,467000.0,2,450467.10773371765,459510.4179154066,448914.2557015038,470290.79335863306
103137354,368000.0,3,453991.0806498193,431771.36173259164,388775.1463799295,434866.9666472283
102632820,410000.0,4,495907.3950926091,477213.79208299494,479675.9053556943,511167.22899384086
103376889,160000.0,5,129099.13400198416,168466.1237534674,168124.8659174692,178649.90245306687
103697124,280000.0,3,272166.45134173083,250640.85415442544,271902.2704956575,274196.7343415873
103498037,320000.0,2,286283.12521013524,316061.89916751266,304126.02441738726,305319.16972312296
97083199,370000.0,1,328975.6393596328,356799.5184445934,340303.3239599844,396041.5370152554
100774316,320000.0,4,368725.8339645717,375321.1663315913,367492.3855579689,349961.460262754
103697292,560000.0,4,642229.5825854382,559625.6693596202,536876.9856509097,553760.5899423625
103751168,550000.0,2,667226.5563047441,581151.9114735081,576179.1332587904,571182.266676689
103372124,560000.0,5,616059.3479911543,542454.445678874,530471.9224933836,541781.7920244053
103653485,600000.0,1,622641.4902513959,626217.8006511818,545789.5218577,609737.4501671647
102596275,255000.0,1,254353.68977161607,290703.6082825128,263802.98101505404,259037.92086559715
103541448,510000.0,5,439292.66453187296,456592.95190886705,420458.35378518346,508644.4704452543
103671095,288000.0,1,334639.77832146664,305238.04324495455,300963.758207732,303152.19727157534
99511162,1750000.0,5,1619765.41536821,1742324.6451724826,2179047.511487383,1839938.6332153874
102468043,1850000.0,4,1489668.0582237146,1624494.868916883,1942577.581724311,1725216.1825979487
103462826,265000.0,5,210335.2059034458,250299.00646232945,247933.1826623135,245794.7852748315
102731755,270000.0,3,230165.31212283924,269769.299649328,267806.0442857843,262220.94084425695
102463250,280000.0,3,242229.31786794687,267369.78351810516,251267.8675455555,251473.3496965672
103093439,190000.0,2,202102.57997657737,164884.81299836165,167293.22236359474,176003.25999302138
102912557,530000.0,5,384782.5354308899,391544.5999738784,410504.02269241546,435038.0897288822
101881260,299000.0,1,571700.6728540807,528482.8974636075,471965.3096370144,451786.99541405664
101881017,299000.0,1,487160.09736914025,419108.72424528364,346657.60104521655,364869.82293006557
103174215,375000.0,1,462332.7381466541,420771.5228000845,396421.1895607737,417041.6719684827
103674063,708000.0,4,693906.7413738297,688088.987817632,681402.9585463513,642657.0133940659
103461736,515000.0,2,597947.9896206586,504870.1393660871,524518.9323405693,483236.19475953205
103203509,250000.0,2,294520.2888346034,258328.36838303722,234913.03514613654,245913.85987048774
103210555,220000.0,3,215549.27395132734,185663.48197800972,195954.74296106008,190909.70781548842
102676149,910000.0,3,903663.1943286592,987452.8356595747,1081352.1150689041,1021759.3691968832
103749593,458000.0,4,472034.00348635076,443214.04277732177,464808.31762232544,509358.61985283106
103802052,392000.0,3,398564.71079252096,386156.01078662474,359542.96286499756,367117.86331600836
102464106,150000.0,1,153772.02483328164,196730.65651528788,196676.03066966083,192848.21302050492
103802084,360000.0,4,388555.1143385259,321020.02959721803,314477.49666417943,314862.35350646864
102912556,210000.0,1,223157.5019148525,201360.3142930595,207800.55797618188,218753.71282353022
103802196,630000.0,3,531735.8878225563,498450.53717075195,524999.0084684798,509983.3226006289
103802184,708000.0,5,720494.2020981176,667413.8489736805,610658.7514859225,655331.4306428807
102862598,150000.0,1,142237.01346990067,124666.4093837237,134720.47934868577,140703.19677584356
103656676,210000.0,4,168821.33560494616,176102.9757136069,178898.21177014895,168763.09224773027
103313935,550000.0,3,568493.885120781,527835.1513792642,531472.875017355,560976.1917365866
103214213,598000.0,5,520893.9919976823,597959.229667441,661521.1158726426,634241.4192015218
100951974,140000.0,1,131014.80678754207,176178.95740819935,184199.53853464854,161584.92696326663
92691295,930000.0,4,957737.5775195598,1045895.7657458327,1035845.9978385175,1019285.3633502619
102010291,175000.0,1,100843.15261050804,135010.7412310564,136634.94101140264,116884.79751165258
102770089,365000.0,5,391009.2302576424,331701.64346078184,359756.9747314291,346307.9432079443
102574262,360000.0,3,262626.9657082043,292754.2443102568,292621.9974768736,300233.8042209896
103113103,685000.0,3,610817.6005222106,670632.7272242795,605465.650415699,672076.2683934171
102606195,310000.0,3,333525.4337309895,305368.1513931705,291783.22915147385,360088.7501543047
103482702,210000.0,1,220478.35255516774,200028.2628588387,204427.16032813358,154517.19851446646
103801819,390000.0,1,356248.2031755589,353050.31808322715,338890.66226176405,350254.24502890976
102897721,279000.0,4,314083.57014576346,276420.29223313305,262618.44442007534,296306.5924137838
103801783,225000.0,4,152853.0322488531,173100.30682739324,172224.9510092348,172456.03099648334
103801751,230000.0,3,197679.13898022956,245212.94668884602,242639.976244162,242985.20733055435
101823729,298000.0,3,355042.1515363805,364423.0120435175,365830.0644526023,372911.278407755
103801927,1300000.0,4,806043.2611917607,1013376.3603396557,1087698.9349934962,866687.4720534701
102513812,465000.0,5,418594.33381912817,357933.69879362755,356988.42534598534,323346.6082562802
103801912,85000.0,1,216061.31500983262,161561.9622117107,130748.70887789322,143144.74008051417
99640511,1100000.0,1,1325000.363222602,1251565.0514045309,1472981.6565862638,1401842.7911563544
93374145,650000.0,5,574460.0973699752,575705.9391239091,548324.8588304891,585790.6153479954
97710120,710000.0,5,811440.3814857993,757398.7124117076,718942.5667757962,735664.3681428697
102150503,338000.0,3,434001.99076747894,411708.57564213633,405024.29820613127,399761.4684733799
101804740,700000.0,5,945977.3870736395,867376.5351853553,850059.6481148171,843374.0825306138
100414528,448000.0,2,498238.1581961037,436587.3887179436,422936.91767936706,415621.86145223473
101462457,430000.0,1,489280.0059079956,491973.0144291437,508642.71123128315,482648.5457462683
103342242,318000.0,5,300209.2235446279,299844.0950226361,275819.36887424026,291300.64692681294
103536838,280000.0,3,337785.8504520734,343588.12721728213,325679.52112682007,331679.53653839976
103551604,285000.0,1,349530.4165921101,305508.9321144982,312588.3607291862,309089.0090963793
97710489,310000.0,2,235084.92960032387,276859.2269250785,292511.55111861293,280853.22826125874
103801802,225000.0,5,228827.0014940392,210779.03115323687,196939.16855539448,287369.48261429416
102745079,490000.0,4,613557.5174355432,615334.1619655944,592433.7516961794,592016.2284385306
103472459,2100000.0,1,1763333.6110249297,1925033.6887838698,2012149.065547136,1900881.0855800586
103572842,1990000.0,3,1530580.5584977516,1644457.2826489168,1655019.0902390943,1782095.312970748
103801746,105000.0,1,171937.65622270023,120019.2688096051,148154.77284603805,118892.29380534215
102137074,95000.0,1,151342.6101172204,128367.57767583059,142791.61003241077,135617.55641197672
103801734,460000.0,1,420286.19680678,440639.78847803787,433056.28217395744,455214.1983731679
103801632,498000.0,5,340846.63228487497,332284.206722043,328326.8753439783,326055.39254430326
103801585,295000.0,5,253654.03984498425,299334.7557124141,303540.9537245364,291953.30757694674
102925183,598000.0,4,659814.9013134791,588656.934382307,545438.1960711996,561575.6658497561
102924519,480000.0,2,597498.3968067897,626513.3204835267,577024.0420003193,621042.4675391681
102335995,450000.0,5,828356.7743193364,767734.0521679049,817401.6908075615,739858.7492475491
103801733,1850000.0,2,1578316.5316145835,1702904.3518224072,1891050.2936395651,1814266.825470347
103801716,530000.0,1,511930.7832902495,452585.4686935663,468028.6208702335,503576.2913713926
102487841,399000.0,4,365139.7549415163,405617.4704419489,411155.38893243624,371892.64864307
103801575,190000.0,4,258292.89753497584,257594.61360046844,218696.04642486948,230026.36817650116
103801557,489000.0,4,513911.68365549465,457763.65872787125,447219.32397647086,475266.0139387592
103478023,130000.0,1,166659.79710097844,145077.48532924367,166071.3508270769,166557.8786630799
103801681,408000.0,3,467448.09451689053,420474.37552548834,379483.6898139586,385768.3631373424
99988688,528000.0,3,586775.849037177,587792.8399434198,531760.5052725595,599324.2316900614
89964581,980000.0,5,1080421.942228492,1117483.5481395493,972215.4983493829,1118907.3928119605
103801679,600000.0,5,439187.76451676624,553838.0848236125,603477.3287706367,537299.399260606
103801676,62000.0,3,205013.68756289507,152975.22551642175,149729.92980631124,158004.62631833198
103801669,340000.0,4,366533.17036651354,363129.5997700055,380334.727995169,370105.06299731124
103694761,230000.0,2,343350.60110349563,348730.54504290165,346918.4961625392,338911.86443966534
103673952,420000.0,1,502082.39008052106,456883.0147542778,479613.919459491,535877.5285449245
103801651,335000.0,2,409131.4158005872,380351.5088692299,379153.8865311899,333813.410437953
99241319,438000.0,2,490210.0100718184,554856.1946198557,581076.2443628842,671348.7497437792
103801609,110000.0,5,247095.89551360795,153540.7867177569,131894.5977143105,134169.6743683331
103723393,240000.0,3,183063.0294657887,217164.62854841189,223600.88489451946,235026.37653349157
103199016,225000.0,1,260937.07114642634,257418.71692799975,271007.01562423573,317408.7985628583
103801567,570000.0,2,581742.8151707419,601696.5990020982,658829.5764159698,645604.1721495751
103151143,175000.0,5,157453.8622932435,167401.841851819,166976.48129921852,186302.34711434034
103150184,175000.0,5,157453.8622932435,167401.841851819,166976.48129921852,186302.34711434034
99482072,415000.0,1,529646.0136251976,546731.7834428296,548495.6222484326,621314.5830247174
100419415,300000.0,5,375290.6834886082,324384.48726139514,362876.3311715261,362119.8741081618
103465462,446400.0,2,295607.90622088633,330986.809384221,292481.3410375877,366010.7582552417
103479229,280000.0,5,244896.45607890698,259382.81203814026,255400.6106984643,289439.70729462284
103801398,270000.0,2,195945.13894732128,234811.58368794102,223443.11324392955,235581.51981149556
101957025,498000.0,2,526302.4912697342,481468.4607631677,448206.60538001335,463467.78427272156
103185276,269000.0,1,231320.89473058766,327533.6745846454,298468.1351387385,314182.06562167546
103801497,320000.0,1,509234.60813309654,480627.98977044295,525299.4424351783,503812.35208771203
103613681,465000.0,2,549959.5884085431,495187.78049202677,478992.7845617761,473948.0443822423
102692697,270000.0,5,314439.0457619697,299815.9381419084,277061.71503990225,280231.42923873593
103425796,690000.0,5,587556.6605236046,640992.0243241775,734507.9038289748,704904.8141000943
103685803,440000.0,4,456458.4035022157,424507.638778017,438557.32057563605,419358.9859522881
101370721,280000.0,1,310352.13530988107,351890.15919500956,397081.7228204028,359957.16751082736
97406224,245000.0,4,189264.7176303525,205255.54931010748,170645.24350290504,209374.8712368324
102487756,371000.0,4,286005.8259393311,273291.5178560525,239098.1092856022,289939.1666638273
103801368,100000.0,1,152694.95244362508,146161.4284689113,138531.5398681473,144128.309157827
103801360,235000.0,5,280462.74508306704,246371.7163611351,241758.3651073877,231866.6084585265
103210722,220000.0,5,212140.01877158493,183920.1056141722,187573.16107898188,174707.50990890138
103305154,211000.0,1,262524.77903662954,314811.4155703134,326434.26040113205,319623.4477450593
103178152,320000.0,2,273319.8597224286,274168.4597210702,261862.46141030712,266713.8564680015
103463637,155000.0,1,181308.12680779418,125563.86744809466,122317.23817745493,123751.16652866316
102469434,340000.0,4,388426.7740504945,375869.3138841799,353023.53030892723,360856.8182728434
103721323,350000.0,5,341829.4399301609,357778.36485330656,346517.6739087155,355786.3123549565
103739549,330000.0,3,395269.617969692,383866.16013665067,339795.2497612919,364270.69518128823
103302118,380000.0,3,362692.271725501,360115.16387251916,363403.2588424657,360224.26771120704
103381053,369000.0,5,407565.4857926556,355172.15541249886,371758.0910972462,392614.56556935114
103801242,410000.0,2,464779.9721350295,433537.3638990311,447002.05780651566,417495.7061850099
103746354,265000.0,1,222912.25526280858,210755.36010162078,186528.55259444032,182633.48361697575
102744896,510000.0,3,550480.4266103219,507100.21762224805,472133.3529628525,487158.062924824
102744856,420000.0,1,447149.9896532215,458538.63135182264,446848.23882742284,474857.88861775
100274940,408000.0,1,261537.1918857576,331682.4460101636,382480.9320095317,338457.2821825999
103465492,398000.0,2,261259.46486380624,220699.3015898607,207760.0955951244,224107.3856769198
103801208,265000.0,1,288647.23393697455,269769.388743379,275035.6115758973,243080.76830418588
103801203,280000.0,4,146150.32645120792,191024.575790006,197320.16651332838,194750.43658383648
102879777,285000.0,5,234810.02822197517,258943.6102715845,249970.28197414312,260479.27664045474
102335990,260000.0,2,267792.0964223182,277662.5843145677,261865.7468831633,264388.63242804876
101471270,475000.0,2,452923.8457535863,461205.6178490341,505521.5831314507,503339.1374585716
103801312,380000.0,1,344437.2254147194,333796.08207093115,352116.8470656676,355376.931842762
103801192,485000.0,5,552325.5360397857,528314.8246816699,542592.9256975884,556579.9283271027
103801180,340000.0,5,443032.9432927554,406084.591328325,370168.5101897723,381258.98317095946
103801159,290000.0,3,306049.08925436914,245256.1377745606,250708.58727206886,254618.07299710816
103801156,130000.0,1,160146.62739863046,178903.7584977727,141777.11903706426,156603.3285065606
103801153,170000.0,1,102741.20817068139,120072.31850312346,122075.22885175186,130501.95826110737
103466174,240000.0,5,246713.82621839535,249489.3080762733,250251.83320198522,233240.05619623585
103435595,390000.0,5,284605.59113319905,293712.8703164773,305341.92173672526,316902.36755317944
97087241,345000.0,5,275504.0931723014,304207.75621292985,309244.1442322175,307074.04955179914
103801266,380000.0,4,318242.3747192229,338641.150179106,320316.61203782365,357548.1520742983
102308940,440000.0,4,356803.43792363635,392804.7687046025,398571.27898032876,398367.74798015103
101811990,120000.0,3,185673.01756765653,195674.19949633678,208057.79205879034,194351.15844556203
103607946,350000.0,5,261846.75716212983,261479.88014671285,263406.504038211,294576.76299045386
103037509,210000.0,4,256463.30341269952,243865.8325264563,243390.8731717777,236296.20817979713
103037377,320000.0,2,366567.27152926516,325694.9598366569,301479.4493199396,295477.24411658
101761357,530000.0,3,724211.7772524456,625795.0291529064,595368.3966556307,632612.1871614397
100635823,269000.0,4,189570.5500056576,235042.56331104753,254393.66266782535,233562.76087567906
103666072,1200000.0,3,1144181.0134920748,1286132.957365281,1140499.5581162823,1149771.869572923
103666982,440000.0,3,374357.6847661274,360524.1194324362,367374.31552214065,370240.50924048194
95763369,349000.0,3,317637.5491265623,346901.2663390272,359660.65870433254,352893.2465278035
95149506,373000.0,5,328399.9224869992,382757.0071436891,372298.9014376155,369318.2864889478
101847016,340000.0,5,408709.30648306676,392913.37944671145,378531.1856969303,385822.71220981336
102566624,360000.0,4,364428.3832241804,335565.0421595062,330061.8411501323,363121.42829882243
103550482,335000.0,4,330236.23331141897,319779.8662393167,309309.60368863825,351032.6075905342
80258486,250000.0,5,206882.091378865,232459.78406697695,221100.88832942664,235773.965061436
103746381,330000.0,4,337572.6026521554,317152.29511915037,331274.4093040667,316966.7676641653
103744742,290000.0,4,425771.7567400669,402194.77494467277,411365.8366420979,407333.2712975771
103761635,138000.0,5,188796.27860891557,170801.12080851445,162226.54053231273,148521.04710388999
97315482,460000.0,5,453997.73270108877,442164.6082286128,464990.75211241643,460370.5614566507
103244628,168000.0,2,145544.52108713056,195500.51633836247,176420.117095404,212274.41785538592
103745112,130000.0,1,253590.3199553577,240356.08327822664,252667.10938248885,238115.49241766278
103801145,150000.0,4,172013.6989964708,151977.2091160022,154359.19511420518,144492.3191523471
103800952,423000.0,2,425328.24257929286,437022.8675005405,441197.14254066575,393720.1972047156
103800951,470000.0,4,563186.7382499287,468523.91232273064,454705.50754474587,456963.98830234323
103800943,324400.0,5,322304.1050050667,360846.749505109,363666.1581581598,330644.20919500996
103800941,165000.0,5,250761.86939345353,226323.8766689049,211335.68762591525,248705.8857824566
102905309,900000.0,3,680637.4445275263,918916.2947927316,834356.0167631439,803219.0191188244
101682885,340200.0,2,476467.5361694757,435159.74107569654,413637.1312532004,412663.396160911
102310065,780000.0,2,680909.4384419508,772149.7228669365,1021525.1375507363,897567.6601214918
101720817,420000.0,4,473180.78238702525,442905.35766696924,451033.64306144847,445296.8246595268
82005054,420000.0,5,392905.96871242137,373841.8095623788,343314.4248288419,374704.45576820883
102841289,320000.0,2,345934.543254147,298230.9939966296,292802.51565926574,318781.9885979335
103801066,218000.0,1,150480.32419479298,219798.48241956212,202773.05408462672,219061.8074002937
103800986,355000.0,1,402461.22033751116,371902.7139500411,373399.27630904055,393790.3122453272
103800985,360000.0,3,419987.0458138773,386509.1829419787,373571.65533096617,382397.0118091865
100391017,310000.0,2,478785.4235803839,408753.5908559195,333727.5332230674,332173.11332589004
103800973,280000.0,5,228058.0234419588,250664.84572527936,238130.4348822932,248068.4870889167
102793564,310000.0,5,334780.8433459988,317624.04310510925,317251.4676236547,318759.82312609005
102833432,900000.0,3,733787.6502412504,713642.6810970875,824816.7342725233,855216.9310666474
103763130,770000.0,3,732374.4522139002,832103.6874699977,846790.1271626699,785768.5902862538
102984848,390000.0,5,509459.5920046895,486302.0783188544,487857.15401339735,509517.126717231
102660370,220000.0,5,238584.8934510386,238058.0447406242,226073.42282129347,232701.9833459362
101812258,228000.0,5,227383.3628190543,377931.2125797037,333582.6754770474,470955.11047084426
103586006,380000.0,1,360893.71477071574,374631.9641710619,369050.11998976825,374354.57288712217
102505649,115000.0,3,222723.15667255237,150828.3160876842,122160.58710494381,124448.4835049904
100405524,750000.0,4,632889.7647862365,772393.139097083,617697.8067001075,649663.9298049073
103486779,218700.0,2,425729.3320354042,446527.3197216203,490567.88718373573,448566.4813818942
103688286,138000.0,1,143296.1159668893,165038.8191306815,157808.35456943655,134919.90275765132
103001368,360000.0,2,367563.69259277085,389641.05865155766,356950.6482421368,379081.0833305842
101736332,345000.0,1,244113.87642411495,260838.53792080062,243160.0328563462,261943.15520008464
103731402,433094.0,1,621320.2402773572,578787.426863387,591399.5602588548,568492.2506371103
103462974,395000.0,2,442840.7118837178,408417.5113237509,406139.7634091491,438106.0995417773
102375382,270000.0,5,297819.3539451212,336617.7477149169,305686.505799715,299008.5454327898
103800877,278000.0,3,426664.2723607148,343672.36202751944,369837.17672403954,331457.9220293374
100867056,260000.0,5,209236.31600159037,258207.21269615134,247711.94635897322,259948.976596347
88255852,420000.0,5,481988.81841932336,435320.72037075483,470241.54314842785,465581.4203213983
103195587,330000.0,1,426072.6069655416,376899.2734470376,348433.34327879193,399900.3606213527
103800860,380000.0,5,423460.7448692004,347851.5667493549,357709.33588241704,357322.0862294274
99679030,1480000.0,4,1562958.4088446514,1554902.0825629865,1667375.2030719197,1415963.4846549362
103798060,900000.0,1,673028.2562278587,702064.9932539259,809709.2089197761,827042.0694915532
102964022,510000.0,5,329210.6085173311,385069.25693619216,388700.83602670423,357518.70558314543
102285078,460000.0,1,451234.6794008901,407105.3503044269,408591.1037772098,404818.59241946496
103725019,490000.0,1,419122.48827031045,365946.9015325437,370762.4297041759,411072.8466437684
103800828,196000.0,1,134757.3019711273,169689.3955559053,175533.4109256496,185813.78330922348
103639616,280000.0,1,348106.6143901127,409999.4834533984,382280.5189757079,364364.20837493264
103086296,150000.0,4,156856.90737378216,132097.76643874194,136703.13653755616,144011.282039005
102986746,255000.0,1,269489.9208221925,244481.80434155074,242996.22393866625,233101.0317520424
90492002,240000.0,4,236793.76869647112,271880.11395919876,253401.4927833271,258473.70303564364
102928282,368000.0,1,341988.8809667418,404677.4136849204,395858.3468765113,439798.7727470386
102661858,345000.0,2,293655.7388636879,295885.21739521454,266940.47967320925,265028.6485295828
99095036,500000.0,2,599117.8857420508,494462.88833736436,451834.8811659613,466297.1294750082
103745367,365000.0,3,438816.2037094527,436056.1725196018,393439.89329469606,414305.7669093116
102285256,310000.0,2,327135.82525097264,314504.3185869472,321704.62009333016,334136.5555383042
101747814,449000.0,4,554055.5661258065,538152.17352307,491012.985446772,525780.360128727
103800507,420000.0,2,492947.4814125147,439075.1167099648,454007.59695986763,460443.3898961733
103800505,185000.0,3,219243.9943001611,188881.4214478279,195492.1781087832,201631.06493973793
103456869,125000.0,5,174982.03549195008,161548.31005667264,179141.6940983019,153033.81502877153
103287676,168000.0,5,112461.65857363124,132198.3680016717,130466.21537557732,134622.51090181203
103473355,450000.0,2,333409.91992039594,302508.4195457258,297765.98318643816,326385.5624100602
103288790,188000.0,4,169994.14863299663,180106.5670386027,182783.25587517343,177990.61205987819
103800697,38000.0,4,285526.500649752,298736.4261011503,232060.02107501426,353094.8580206169
103800664,249000.0,1,249173.34471220465,260375.59140069262,247377.53520571374,237019.79545592098
103800445,285000.0,3,245255.72058077093,279269.5582170625,289961.9419191356,295535.53169502737
103800426,317000.0,3,220808.23072656512,259469.30067276605,246580.58100877667,267316.8651007181
102881549,240000.0,5,267044.75060682907,285656.3446181089,319335.6487054707,300640.43072291516
103800596,470000.0,4,572039.0772170834,528761.5344219626,493527.3903822489,530059.4874181697
103769629,470000.0,4,467368.5037706861,481599.2195052432,439626.9916995809,446534.71800229227
100686203,400000.0,3,433405.45639087615,463407.39679057774,544815.313790154,432889.81205645914
102247309,270000.0,5,292976.06597966206,299358.47287041054,310427.9569172765,288848.38411735825
97542049,285000.0,1,404845.5057509195,368428.4596608722,439301.37259714765,370092.1366818154
103800557,365000.0,1,382453.0025329194,353330.88230952993,353186.592759431,333551.5303709305
103782847,360000.0,3,418261.58474214614,393599.87223789433,406621.6178036117,451418.88673570927
101773854,120000.0,4,193860.98862746172,169933.16935875276,176159.3644051745,163961.8550138761
103800315,290000.0,1,340292.3209236971,307140.9889561883,303363.05024409085,332046.0120804357
96945854,200000.0,2,224414.79173515007,212562.30380224987,220488.17298892795,205136.41976927876
103800495,210000.0,2,135202.72857405146,184200.0734206129,183577.11621785705,178648.97490898037
96994776,165000.0,2,201798.11597809082,191044.2189992134,176362.76841235685,185839.45872458833
102612263,230000.0,5,216746.71967815276,262506.2321579741,256810.3791785404,275279.74411328835
103800488,170000.0,2,235320.13257239448,210003.69669304017,163862.27209727847,182214.97773515902
103556569,280000.0,4,189359.8505027509,226227.39138486344,215094.3894910129,214486.4883302303
101607682,461000.0,4,364314.025011681,381370.33503721206,397162.2005438906,366326.5675457049
103800444,200000.0,5,216521.68106478546,174664.66244605996,168260.8193983095,169528.91767510114
103800415,198000.0,1,140226.44214791016,190938.09083310238,186845.14643153598,183243.26360727774
103694256,530000.0,2,617542.5332643802,615254.5681031023,611884.4273597074,623098.8567637362
103800277,1350000.0,2,848903.7106089576,846758.3437003767,845611.148596523,929974.1910781133
103800269,370000.0,4,429261.7696499286,382137.48154881416,445898.61330748716,497186.4051127455
100170696,210000.0,3,308691.8754305676,264867.1533508566,261012.43131108148,242302.36410283728
99703737,420000.0,5,290118.1703645148,386898.2428372259,290530.7049040709,476854.94208813674
99703732,1200000.0,5,894421.0489862836,942824.6596514793,808042.9196866045,801815.1710277185
98005496,290000.0,2,376212.95556061005,360411.8474905948,349867.0577427844,343518.57206855575
103800393,220000.0,4,171155.6911866092,179461.44722070577,192492.34753670028,182930.84597488656
103800376,330000.0,2,236802.58632558733,275980.50591729896,283431.53072476777,271868.9071817883
103797239,355000.0,4,399851.12000760576,368503.7556928267,367920.1871044986,367985.58899890305
103800219,140000.0,5,191767.159121744,177480.41516142307,180959.9620668332,167861.41669829038
102495242,380000.0,4,338564.6660556159,362751.0997207732,377338.8676870571,381558.5388608678
102566897,330000.0,5,295322.211844494,286561.9719055386,294136.70481758454,291082.71379799297
103619791,143000.0,4,181009.34008192449,159946.81209067686,166315.43049379825,137696.39201673662
103638395,580000.0,4,690978.9811667763,621587.1060452071,634885.8582390767,639670.8858576618
103336484,460000.0,5,595838.7763870865,486678.8293787477,490035.76314792765,477428.4740094521
101813586,395000.0,5,459482.3129008046,455228.31554285216,407690.17036395805,402877.19650506217
103326771,350000.0,2,376075.62412320846,369257.43123819644,371054.80312276044,360918.09250254877
102723810,520000.0,5,647498.395275239,606308.1426664636,575885.3795180551,557550.8170087006
100944653,230000.0,4,255072.2398768139,236089.71029556554,233568.55009227287,249020.39865227937
102075617,220000.0,4,228248.56903441192,238989.70380199765,231917.35443297974,224477.06251780092
103387063,310000.0,4,302416.1985383396,335681.911624688,366210.7272276577,353320.9942755864
101843227,260000.0,1,221197.4844122598,276649.71514984523,271255.6051021935,274268.19704643515
103800086,145000.0,4,177206.73483675686,190275.72130979918,153386.98502586366,139333.4324654464
101177389,728000.0,2,763333.2265429212,859702.7904409234,918324.9268153758,866147.37256617
103637380,420000.0,2,488161.96335215936,447526.81522837776,425016.27664738405,425278.07527803263
103340846,135000.0,1,209668.80327021182,226703.84380426808,235104.0827899635,226637.46521257106
102890567,148000.0,1,309083.4574191459,263623.7901066952,241502.66495274735,258903.34580860697
103356373,165000.0,1,215643.0582088243,243787.09402155562,228518.8078567925,251922.99241411063
102624135,295000.0,3,335635.21726293594,323655.00853189704,346002.9746004247,325724.0563359308
101979448,250000.0,1,185487.90039816438,211466.60780438865,220828.03419209423,220049.9419349718
103800186,355000.0,3,388119.450573656,377257.0924087471,389127.2526027668,389864.7912007266
102470557,1450000.0,5,1065764.1809282976,1334757.53473918,1263260.143169066,1396890.2062639985
101058327,345000.0,5,370723.9907285301,360881.5229304771,353348.8106612529,342722.23098634067
102858673,288000.0,5,326404.8594804766,317763.4474941306,321319.04315853806,309449.25149843964
103171068,328000.0,2,476922.86991910165,457494.92384113383,199569.51655352983,226964.86540233382
101620117,150000.0,3,194218.7755330586,168720.8398257398,154047.44937991037,158778.72071680689
99466790,160000.0,1,185023.08203455707,150922.8347408126,150936.23078378255,172751.61012312787
103800023,530000.0,1,570271.0377466978,499952.68933168805,495028.6399969688,481051.50959775347
101051045,750000.0,5,563340.3168014501,561727.152874554,605559.2952858562,535076.7244902392
103133327,230000.0,3,218229.64046872593,221754.88674027333,222583.60884842087,233481.77878464566
103427084,400000.0,5,567145.8763626068,523630.0491582821,495757.42550033546,536946.9832423753
103604739,250000.0,5,369180.25157397636,417201.37426830165,430134.2546940869,397518.36128507275
103345702,1818000.0,5,982755.3355072507,1347663.4993371775,1531212.3615407,1257280.125901456
93105447,319000.0,5,261138.81903770383,266457.18833182525,319072.53900350723,304336.30179102666
102732863,275000.0,1,223394.53532270255,285040.64114284766,260796.2769440105,296429.1865993925
101691323,340000.0,2,399476.7017293991,371713.6746604478,356683.83724389324,390697.10399875493
92444547,140000.0,1,99802.5600392805,176574.4252307278,179910.3381634268,141521.31952067898
102892183,399000.0,4,545824.8262169167,529470.4084928728,561435.253358021,483070.3464915709
102866510,275000.0,5,287283.56802074186,269262.96831298695,245698.25735255305,273116.32073201996
102834051,270000.0,1,405630.90060284146,326043.46519612125,234316.06184551775,300586.82671539066
103800047,263000.0,5,211150.4703990013,208349.13979355202,210709.00136671338,232658.75478813745
102490710,272000.0,4,351507.24795219663,373158.07665385015,373803.03901480796,389127.1044262639
101998454,520000.0,5,608384.3032407083,513449.3106739467,515209.94706080476,526448.5005727954
100891027,300000.0,1,328233.2615448567,432856.6912553704,323707.37013833586,372493.7148727701
103799861,225000.0,3,153950.88432977867,183714.6824779005,179785.08990671253,194852.64349610402
103799972,400000.0,1,490204.5243625143,423303.68283916713,429268.0285794755,430111.0055637989
103799949,239000.0,4,199786.60571837364,188522.0841515841,182853.79979277603,189414.65472626127
103799934,268000.0,1,249427.84558416085,280818.18434026977,272209.50159457204,267434.1082167149
103647935,168000.0,4,179816.3996208169,162086.65721679752,171444.51839990984,165300.3748708547
102523624,288000.0,2,323102.75520658196,313363.0310869734,313737.450506129,291606.8414534123
96037286,350000.0,4,475202.88398000743,396377.5634926822,374570.456070998,387917.981851468
103743921,190000.0,5,192143.6117953572,154028.6904961481,152137.43367895242,151871.13042898607
103799785,290000.0,5,253937.3605916094,248454.2657357661,242221.8511983416,244611.20953907436
103799775,900000.0,5,641558.2423363525,634327.9567744102,633355.203098367,622157.532429703
103138503,350000.0,1,401086.0880211824,419043.9192315829,409904.54960566264,452086.22557469347
103799888,355000.0,2,316565.82554007316,304771.41274990066,315935.0884011962,293887.8483176518
102636168,395000.0,5,398513.2815739091,446351.50263846177,478958.5656746902,429960.31441818725
102912123,400000.0,5,247999.38338409533,363379.7502844711,314232.2278738464,405102.16597624065
102090875,198000.0,2,160836.50152146263,203051.8627644907,189500.3460158081,192713.86526546607
96926980,345000.0,4,328214.08836942364,367125.69016060536,364528.1086466138,342337.99466237274
94156074,400000.0,4,450322.5828712089,403053.59720303916,371081.8529409104,407968.2844729247
103605804,207000.0,4,342743.50651025126,320161.42301087885,313883.0955789913,289226.200873181
95804478,580000.0,2,659139.9105108904,658862.2931242904,579172.7212225761,611015.3133088591
99993197,485000.0,1,541087.3939961174,489172.94687765866,468382.730086964,495088.9154212349
100997471,295000.0,1,319711.34017732006,282256.6727224983,289247.1712285581,279994.5243940515
101332667,170000.0,5,80821.88156589436,164791.1921310628,173910.4634307339,176274.30462497758
103571765,205000.0,3,247074.7298109617,246200.8741587408,226890.19871792715,243990.15630690707
103179658,128000.0,3,90534.37143168323,124459.81423561706,136008.40394139686,127745.749318759
103169616,115000.0,5,95139.85569442168,138847.42661429197,136020.36166391222,136628.96690445187
98421954,270000.0,5,266964.66460326297,255375.2539427243,244409.4566587817,237908.0708412277
103690827,499000.0,2,552156.8117507049,547767.0967499875,562940.0845713741,511332.91343192663
103799666,318000.0,2,346226.7143614399,316971.49302977015,299468.36845345877,319827.2880359395
99994813,450000.0,4,555753.4359666394,460224.5216630092,470478.7819888951,464812.78716616024
102919558,500000.0,5,553689.9831653942,536041.1988121317,651455.7870160417,541473.7156127702
103721778,260000.0,3,314131.43072819564,320064.10916826496,314279.4646592048,327199.85791833093
103799725,340000.0,3,292482.4193731834,294926.4761515032,336997.7401449207,302753.0664215302
103799624,119000.0,5,145772.40693794016,130387.77657564051,99402.2158092538,118877.493540085
103799634,370000.0,1,256080.01698456905,274092.767320959,326141.89515361114,287036.9333375351
103799710,430000.0,4,347260.7833584578,350354.7410021016,343835.118569255,368070.44230733556
103476754,250000.0,1,185740.1582802985,208483.78898242925,208095.58677860908,203997.63903074976
103729670,260000.0,2,185744.50249905928,225618.57295989155,248756.1915485185,241939.23101092898
103435998,175000.0,3,184394.58967949488,231010.5713817385,224616.0935736054,236653.40040207395
102131418,210000.0,1,158605.96358052868,215347.61805351326,216372.55086432543,229278.68533721543
94769062,206500.0,3,228891.15145862394,222304.47494873434,219677.24167222838,226221.1011266533
103715387,218000.0,5,241651.09438583744,234231.3947892361,249492.77179824378,241905.898097152
103248527,770000.0,5,772425.6104399007,803187.4537822178,743886.9284023268,778803.2586598399
103622587,220000.0,3,229486.54879815722,221238.60341753773,214523.1698478637,247330.8300163999
98061891,235000.0,2,218572.17392028918,275698.220016925,236153.74978443797,211124.95380631037
102605802,477100.0,5,296016.8082094823,365991.0548733916,325896.2230446615,294865.9767393034
102992622,790000.0,2,738287.5943292157,996430.2912211331,758504.0765772643,1044165.3756421544
101332733,180000.0,1,88144.00053853558,189044.25474725923,188202.51057683586,154931.0366759758
99829674,250000.0,2,245295.2800964657,275907.8616155044,283079.88473782956,284921.49887285917
103677020,135000.0,3,69655.58225375305,118305.94884938249,124851.98723076451,114478.71087749569
101332527,275000.0,2,247784.46985130035,279620.4560573545,296151.0303965272,311756.8601995056
102134644,165000.0,1,103327.58233499191,163910.26066008996,161821.6211202315,163195.41437356043
102891064,390000.0,3,327760.94080002554,337367.0780923036,344916.40500571113,367830.34959037
103799520,235000.0,4,275744.28797836497,268027.3526476841,278693.7438462526,265179.34425570094
102860101,380000.0,2,318086.1982108248,308808.3067650612,316660.00451205554,317898.771483955
103799518,420000.0,4,311719.59565392626,339112.54903983994,357248.2841612741,351339.5661690758
103799498,450000.0,5,303270.7372383517,304301.06303495046,292226.6909057399,283088.78970064945
103799494,420000.0,5,385561.40773133666,363040.3846524916,411063.05500134773,368556.5913575358
98058544,160000.0,4,104715.20773917592,122204.06750991361,129663.67865850676,133731.11540272675
102033548,215000.0,5,151735.17223891406,182632.51358001828,185929.2152921085,185285.41802751343
103799441,250000.0,4,323754.75695562747,322392.4147204634,313985.4936293853,283707.3190475515
103799200,295000.0,2,227225.82249236671,283429.51550567447,272026.940835689,290847.7855818043
103799199,520000.0,3,616117.4377772678,543328.1521419619,532534.9827681523,522706.0613747515
103799194,125000.0,2,80731.55690272104,145062.39274961784,143693.08938957486,145033.8169594717
103799413,350000.0,2,297008.55034519435,276705.7331814783,313879.47220020165,301403.72936314496
103799391,200000.0,5,214252.32085967925,175275.3023897045,150142.62321296523,165425.77306917735
103799389,180000.0,5,251110.65178816373,206595.15590574685,178778.81976144022,150216.13131674644
103799170,470000.0,3,439741.63211773476,515359.2039007068,509243.07914314885,490455.1049569648
103799168,663000.0,5,659001.1881003302,663679.8709656681,566884.3591481604,670332.9124327019
103799162,928000.0,1,626825.436281422,672895.2471744461,671521.9452705524,710645.1228218282
103799160,560000.0,2,507840.6888769029,573171.4974628321,551800.9894584565,588900.2293689892
103799156,320000.0,1,262791.64548563556,309297.8540049965,290016.92075952253,314142.2860266772
103799362,200000.0,4,244229.51878044533,224049.97619460503,202244.09576193552,235447.7289150786
103799357,580000.0,3,653392.2265758067,725066.3287497933,649283.800798838,770451.7650812607
103799354,330000.0,4,372775.0403640828,324579.65852192394,286298.7864476445,327251.1224327234
103799353,260000.0,3,200598.38497472776,246214.1331919838,232458.48182320772,244524.2856817099
101156289,105000.0,1,200413.2843636894,173494.69907839532,193683.31604379677,146870.54047028488
103799341,480000.0,4,496154.12114279193,482754.2504396108,492738.2531626761,472547.23808416957
103799336,460000.0,1,488974.3832071251,477660.36980282806,496766.8530030006,465112.45902827766
100094465,490000.0,5,644356.2694541023,583738.9657958035,559696.5501732882,530385.6588364602
103153518,565000.0,4,612434.7463834253,558531.7332894768,556213.8088350436,548439.5035967067
103799292,525000.0,3,517154.1618143831,500183.96723329084,483252.957160844,501136.6874856507
103799289,525000.0,2,515508.7393735106,513543.30996558385,489025.33321928314,490165.54894999135
103406924,650000.0,5,567275.517743689,583243.2231869493,587235.3898091478,569682.993188998
102126408,230000.0,4,212799.31913952055,243044.6725930159,265278.965283805,217655.71864479128
71561496,1200000.0,3,938026.3268532249,982634.0045310509,1181211.3679358014,847385.5723716286
103084524,180000.0,4,203879.8996009326,199203.18413725877,178728.87594132763,168422.11281876705
103184119,50000.0,4,96463.01072560641,113978.41666123836,118421.65263688806,108400.64642022809
101525743,370000.0,1,472711.022461229,439452.3307573316,432100.5387705052,383190.2106509972
98459491,640000.0,2,654961.0211681592,599145.6976890705,608821.3801115139,584133.5243697728
98803609,680000.0,4,721556.6458610911,635869.0976276288,606160.6348364152,614945.1809451532
103799117,230000.0,5,230187.1042153171,229762.1419209458,218950.09091896185,233039.28939609448
103799104,452000.0,5,417362.1914674758,441509.8245013993,434964.3015820904,437507.70331668505
103799096,720000.0,2,665992.776292215,665756.8730426603,689675.4349412293,645750.7060330977
103798957,220000.0,5,263185.4745408038,265147.2530223832,305634.8452948076,268411.63402750116
103798925,230000.0,4,294243.5994493402,256070.46601666388,269863.7940628003,251999.2664647005
102925263,340000.0,1,327454.0716057814,341349.4593475177,329561.71880011854,338608.55226616544
103445026,235000.0,2,261663.35354273376,238535.00122739683,228561.22173447884,235450.36689308667
103799072,530000.0,2,707227.2824330316,591196.1736625001,598864.5061849692,542834.7057938591
103799060,295000.0,1,323723.9634247435,330318.8266702616,337968.5856880062,380929.9098964406
103799059,542888.0,3,734968.0023114732,597530.8414014888,592511.6514566602,579672.6402238483
70858867,328000.0,2,495943.53338333353,495901.7653992159,477236.8383542731,462702.17994486867
102185888,350000.0,2,295267.0044116454,333237.40721931786,340667.53990228183,334146.3123887518
101214539,340000.0,2,256509.75475012485,295720.5739480907,316460.48102483863,385904.99867841334
58037863,336000.0,4,320269.254417017,348108.08502249455,390170.7159496034,347239.5704440831
103711597,550000.0,5,344663.08457501815,319646.64270363364,342197.534872135,310450.9153276041
103705024,595000.0,5,429541.35828652064,451699.58930225193,497269.4209828176,496843.55385958013
103044804,338000.0,3,282923.8478584289,266134.89701332786,276822.07435425813,272296.12692381936
102922342,425000.0,4,339007.0323348471,331220.94867807307,330223.9215390682,336778.5211519609
103798754,180000.0,1,111250.52795434093,180706.0943410346,181651.71201819673,167603.3327634464
103798744,185000.0,4,213850.63263104146,199755.48067284652,205605.82268015726,205936.66062650605
103798739,85000.0,2,134368.86305415645,117051.34820698512,111387.37834840312,114066.71470151583
102884985,328000.0,2,654987.7406971275,645572.2619902806,306449.1560874838,579232.812583431
95866282,255000.0,1,250161.96664087047,251118.27169661009,250931.06919214668,260018.74413883546
103798866,378000.0,4,335012.9326265587,377595.3792900899,400730.16678505804,391548.4709533103
103798865,380000.0,3,356318.4484469876,341253.8792558481,350240.8064681632,348950.0782247133
103601823,270000.0,4,286408.25579907076,246255.4435582466,231983.90491268443,246224.4508303418
103749580,225000.0,3,209282.6913322407,263700.2076337899,276159.93830010056,269969.80650028883
103516434,250000.0,4,319583.3575933354,284552.77261940495,313277.3109710909,296333.28378748463
103683179,213000.0,4,273357.8344852981,243325.70295500162,244509.58458194492,242190.63910852573
103798808,480000.0,5,498782.2544921641,441529.9735027931,445243.6038564901,458292.6534914329
103773086,268000.0,2,179963.09224424962,244563.78027178213,233441.54448083084,244382.123797138
103798585,425000.0,5,419787.51871514245,438175.9964043586,449861.45145894866,442104.3984645264
102753020,460000.0,3,545953.8350888866,494286.8931868315,444611.81500435533,495234.4061349086
101986221,295000.0,4,416055.5719454815,412196.69474731066,448106.96590066014,434300.0119552048
101955659,460000.0,1,377776.9074809276,340358.35036758217,336370.3106574958,365110.2353331757
101514257,568000.0,3,479491.98966405634,490622.5282104667,491891.4270504079,487832.9964419708
100953366,500000.0,1,494597.61456322635,483388.9874371686,510252.0288229302,504791.6974803216
103798690,620000.0,4,348825.71789525915,374194.74732097087,380551.68852356344,399306.6377715339
103798536,215000.0,2,178093.26696091215,200395.44346035685,205050.55709332388,206995.41655716955
101998659,148000.0,3,251436.63411927235,253266.66542596556,208221.6099674689,269609.5444389636
102625173,460000.0,3,606486.9221976058,575272.5038512242,632115.4329725552,595854.1440079432
103798680,180000.0,4,191854.9446562479,196901.30977238488,168393.1850453432,183413.56897546578
103798675,90000.0,4,231765.40331449563,162971.7279884731,146595.05497624347,116801.29301960346
102043076,140000.0,4,480279.3391618603,414969.1698635031,420540.382535345,328619.40423801425
102633724,265000.0,4,192933.13887807523,247761.85791832663,232236.47630127348,253145.36563820927
99442730,315000.0,5,242015.8071325967,281797.7307240716,292413.19113064255,301451.30518746836
102920898,428000.0,4,458133.3324424257,416385.63415978657,403719.5475313291,419498.08740971884
99886818,209999.0,2,238441.3570618092,260725.45967649668,252798.51784636747,246394.72394740707
99886862,249999.0,5,358499.6262855754,421768.7216326304,377173.2029131421,377704.3576301275
102919361,325000.0,3,228160.2613917904,303047.8485660652,293453.763688282,301381.59476010496
103707832,868000.0,3,778200.5190654229,774411.3370659701,878364.2463611792,827072.7307292117
103767907,708000.0,2,536316.2685876879,615779.0903507122,622223.5305945346,627397.5121508174
101056110,369000.0,2,509222.38130780775,474726.1029029483,525501.5102721782,494033.03491266025
103726707,290000.0,1,324360.1871938108,321146.6782931928,306081.5333558792,332652.8374704003
103424893,259000.0,2,314807.6436298147,318000.3113626347,315213.70108302886,273561.09082577424
103798472,1150000.0,5,1144465.2609664497,1130496.7711906356,1154480.2696297981,1141752.810893575
103798459,335000.0,3,393104.941126404,356377.42501068633,343581.54000233655,354646.32223885873
103798458,280000.0,4,322752.48442193645,343372.76878406544,347227.20685316436,344554.4800486551
103798444,340000.0,2,261420.17890018772,265377.3681582597,252055.13271537318,264631.8105707845
103429359,270000.0,4,295259.10228500114,262897.96188620053,295610.06972510397,282070.5967330309
103362112,381000.0,1,533057.0350531045,524785.5828794047,516947.8447371032,553640.5411909599
103798266,390000.0,1,381443.10636955115,384569.8014927181,393445.1196739235,387867.84095408587
103798255,250000.0,2,221750.8857069002,253902.7950390347,266432.73650762415,240628.28599483703
102924038,275000.0,3,385374.2252072958,312538.8109772147,316635.25047272845,302533.60653220897
102923906,309000.0,4,382108.63969737996,319618.6442125986,336889.69501780387,330783.51446834835
103470374,250000.0,5,310312.930670706,311233.71418853774,300348.4315834229,302329.0532818636
103444549,320000.0,2,366493.874535658,323013.5089595909,326049.35808617686,323899.6561842582
103689187,135000.0,4,151435.04120748318,120364.19873685464,111198.37659128955,133433.06005595828
101337563,160000.0,1,191133.79016757075,168327.35860440126,180073.0281614835,181804.5349290502
103532021,300000.0,2,327950.2963466519,299841.03387219855,295931.1981945536,292529.8065138612
102543953,110000.0,2,162683.65058038605,157290.5945232124,141658.50816980255,137716.9888517363
101062046,380000.0,1,385177.5587560642,390489.2663520427,366802.60190968856,390322.7820496628
101060006,210000.0,5,148135.27232291456,220616.37003439973,273289.63667672005,224935.9425519374
101062183,340000.0,4,363900.40403905517,389374.89623566053,391330.2126767816,368478.19765226485
103691024,345000.0,4,312378.9781540739,310224.56864147924,338911.2439302602,336480.9152852133
103797273,355000.0,4,395435.7660579384,361247.04693364777,362847.2800733135,360261.33704864874
103798151,265000.0,4,202318.88540069808,242592.5830086152,237872.40284073024,250706.400984991
103798111,180000.0,2,177778.6477679196,158254.2360167686,140280.2185294716,176185.4744714548
103798101,710000.0,4,602974.7914848712,559667.9183276935,518647.32976858254,568702.7642995447
103450483,380000.0,3,359980.4147430083,320327.00784209673,317647.66206167673,323239.497774322
102288419,250000.0,2,201818.49437476473,256329.7911428197,265581.3068132316,261025.23098378826
101370530,155000.0,5,124169.47702231107,173173.5372595542,166978.22226543605,171385.46038054518
100611579,79000.0,4,95388.21674873469,120663.43481681903,107415.73741481092,126901.74487213712
103729705,360000.0,5,390428.733494048,386155.173761466,358256.10813519463,371076.14474950574
103519002,260000.0,4,304399.136892512,302599.4516020116,287314.7951545813,324429.79492605396
103278535,175000.0,2,224983.6042817112,194792.66688173945,214059.7306923797,180247.7410333489
102650548,715000.0,4,745318.7361201859,864668.8030389424,956238.7898803826,772134.1349399424
102882864,410000.0,1,371583.67775564693,357620.4559688942,341797.2359689556,336173.8600654234
101274185,470000.0,2,592736.2165950253,531986.2826105638,508470.34407986875,541283.1258399151
102128490,390000.0,2,396337.39155807346,391542.090945399,395163.7461857054,391192.9667820289
102465358,260000.0,4,274768.9913037975,279444.39754444937,277109.7637060762,297061.6131604628
103126109,213000.0,4,174879.69301014798,215379.98489346463,217262.14872381592,224928.2646905802
103685246,240000.0,5,274234.1426526904,225816.90056299767,247281.0090969341,232519.06599710183
103638186,295000.0,1,338735.0833331419,323962.88094238297,302964.13522005896,321256.0504278469
101863081,888000.0,4,692200.2102469931,699322.7347759779,625658.028962585,671695.0093246162
102845950,265000.0,5,277530.5715000373,265477.05857211014,264468.4551109891,267758.62583427835
97089343,190000.0,3,220390.0203793129,174786.26093549342,176076.75402078283,166243.77498374012
103601544,258000.0,3,201508.82057423462,226625.4067406445,220254.72410017063,249033.86593861834
103797942,249000.0,5,278281.8657883292,270848.2063842402,282063.4509007767,256164.80142286597
103797911,2300000.0,3,904701.6215139888,1128520.2943081812,1205302.5382094975,1273064.2390378618
103797909,220000.0,2,264632.3503292381,197398.81518847574,202215.0263747765,189944.62510749805
103797908,500000.0,2,553746.5303300204,519480.260941281,434798.3591253427,470832.2048531451
102847746,205000.0,1,188826.5285612153,256947.19341387192,264224.4299151246,261612.74011368997
103504570,358000.0,5,361374.02620345843,319847.0049582041,335930.9660214316,313019.8690533121
102193111,250000.0,2,291114.1481478055,272076.92633459327,276048.720682338,291393.519388113
102013146,255000.0,5,225571.96157042647,251226.29812481586,278216.68692833395,265072.69182820385
102905329,230000.0,2,166597.95585854285,165581.12819143134,163919.72865422213,179843.25794392082
103460024,220000.0,2,206383.42416116621,244051.42634053068,235561.76011556998,252564.7231090312
103338655,210000.0,5,252173.64083992704,236781.36833021228,225937.46011631205,229492.9661521353
102800930,350000.0,5,440752.8856190504,390238.3556464382,389353.38779453194,433851.03784013604
103354971,250000.0,1,244757.9760303082,253078.98188272657,239163.54110353865,260182.89687665857
103797717,135000.0,5,163343.48717573192,113395.25997003337,113434.12162237124,127411.48971354944
102622690,125000.0,5,113926.35455964656,134258.1040128115,139792.44136917227,141570.64718709618
99846072,340000.0,2,361045.06249801716,365374.1794439991,370442.7297629204,365330.4794657036
98243947,350000.0,4,342896.4490625098,363247.89484018553,365312.3158080266,374557.38974082295
103148750,138000.0,3,109873.30338609341,127211.20748696885,128823.1885348487,126635.27387974923
103124140,390000.0,4,376030.5733538745,392245.6420983486,375841.1331396862,420581.5429186986
103082575,290000.0,3,268878.59536609956,284530.07946015906,272002.00593202206,296298.047833043
102785237,700000.0,2,588782.5761062237,622065.5495796932,655242.2926335697,694289.9028219255
101458301,580000.0,3,529213.4930304206,541918.9030712519,636717.6459917004,579818.407168159
101261486,600000.0,1,519991.7998637156,535588.5696221625,641807.4164851167,562830.3607178777
101250730,688000.0,4,420257.2952166656,477949.16073760856,466003.0581622634,512634.86412416946
103324351,380000.0,3,413154.7787319812,409660.5166430105,371168.00582076894,444032.45278840966
103014507,220000.0,2,230833.59946142053,235375.53317686135,232529.39708388562,242261.73728487716
103124171,168000.0,3,167130.04916328512,164519.5762170736,157834.9813560028,176402.30056217816
102943996,275000.0,2,237391.91927964482,274839.79874974606,263069.17762539414,285139.08494367916
102706580,325000.0,3,229971.86342978745,277827.1094343997,261601.30213830527,282448.1650370383
102537454,300000.0,1,232817.7625703598,279068.2405414801,277653.24756432726,284766.44340496534
102505214,550000.0,1,465463.86334534845,471913.71358842385,516374.36832016776,521338.83505893295
102280872,188000.0,5,190233.2101459861,214373.54030806432,245649.53094783163,232346.2670944298
101337232,540000.0,4,431610.41969689133,458710.1916874824,452121.53614436253,452788.27719517675
100758841,480000.0,4,397827.54702062596,470103.8684819244,468225.9261681327,431877.53269713884
100208765,78000.0,4,81754.10708341395,91736.01183056785,88172.96814427388,97255.56963705282
99139799,280000.0,1,255610.851049986,284961.08384462504,303180.71492453484,295430.9691592739
101109810,220000.0,2,186809.18156123106,170104.70409784588,160358.38146226632,182712.41652988002
103781037,430000.0,3,377189.124625455,423401.9300234979,374054.91789536964,407013.22731431015
103222248,188000.0,3,221854.39473234984,202445.29499088935,207734.12673389007,242122.70683766264
102898854,600000.0,1,527683.9279810487,579804.3905642449,644283.1831540996,625140.2149298452
99139783,270000.0,1,233001.4667632985,281617.6907872028,280260.85006324854,287727.9740881892
102281172,390000.0,4,632576.1235200156,629091.948388168,639532.0980137488,643538.6977091841
100894957,158000.0,3,167130.04916328512,164519.5762170736,157834.9813560028,176402.30056217816
103797546,950000.0,5,1031285.282377326,1391414.9348260637,1462704.5583504417,1390488.0045125708
102757875,365000.0,1,376173.69036007335,363272.8334776539,344385.0416178103,353385.9248543521
101305880,330000.0,1,394244.62856158504,345186.29149731615,363192.96196176304,346351.4572265728
101737458,350000.0,4,299541.2827579473,326516.33599636896,324759.1979934943,299876.7980677023
103606404,330000.0,3,324654.37630450825,304545.65008404915,292169.82040649786,286003.78563505894
102097198,185000.0,4,183604.84955126484,178901.81944082002,204427.05922486214,190602.25155423846
102073582,240000.0,4,211513.45086685187,216178.55591646346,231776.99394157002,228494.6640211992
103797537,1100000.0,5,1055692.1126558485,1039360.0823528979,1038430.5264736852,1036376.4436233249
99310438,310000.0,2,330107.11759435246,344157.2368602767,350068.1173203731,354791.5434172457
101080943,170000.0,3,179759.86914544774,198120.23247160157,187008.16749025503,195488.2572729952
100804825,430000.0,4,448735.30446646473,444155.17581943935,415650.8936561968,441535.9771808391
99466291,165000.0,5,208464.773860687,222845.19667465612,254748.05694948515,339028.74176698603
103388443,298000.0,4,378236.20694570115,388253.03206993407,359298.8877031668,371995.2075800899
101380358,480000.0,3,455230.5500153945,564211.7319821266,546083.8167676501,525158.5486371041
100288529,250000.0,2,188049.28919426003,213046.87058888946,224993.12954457436,230926.2374368824
103797453,270000.0,3,304264.6630650851,288057.59312734293,292309.0774096796,301661.50295370177
101325438,500000.0,4,418350.8122393228,476994.6363562791,456832.6343186717,432553.992509251
102889847,690000.0,2,678180.222368052,743015.7638434087,720584.3689745534,757541.1496680012
103797431,380000.0,1,395983.0146547239,362420.6443247684,361628.72531111195,354509.6655932505
103416057,400000.0,5,413767.1411837905,387836.21916653414,376745.5480309438,404713.8060070507
103797428,250000.0,2,225489.77084286304,254913.43876978883,252949.09323535248,241641.24283924577
103797396,185000.0,4,236393.0294536538,254038.28682857778,226909.90250115667,219615.34358774763
103292117,230000.0,5,190814.11347575038,203950.23735256068,216558.13363537315,201706.84560922976
103797371,198000.0,3,146696.04150109907,195439.17516193332,195418.28040566566,202057.02395210863
103797361,280000.0,5,282443.6872803393,238869.20222293085,237764.14735109112,232512.58920777246
103797376,370000.0,2,304189.5486637913,282855.1918431344,299812.4786504788,306427.7253854608
103797375,255000.0,5,320678.5104416575,288185.9857479406,283698.5571926414,287920.7188048091
103797332,220000.0,4,228019.3066055069,249238.8040355324,259881.85344736394,254876.5076724207
103752244,188000.0,5,180893.8761639183,169668.17463516607,162872.25034285398,149181.1670975643
103797322,285000.0,5,308303.15594943106,316855.41365056665,303308.9341062591,320857.55494244373
103797254,420000.0,3,509307.66770802415,512862.9361408602,429148.1042768409,473734.32390729006
103023927,230000.0,2,199710.7661521981,199506.69723715613,192252.62947227588,218078.29355168424
103797277,390000.0,3,377702.60169604537,402663.1186818327,366334.39632139425,392025.78870430676
103797251,330000.0,3,364711.48936770804,358372.1434006098,334017.5097127948,367095.08162459894
101872448,1028000.0,1,1411573.9950276276,1519228.4187888529,1458922.0398289133,1507886.4153465615
103797271,600000.0,2,716802.2422158892,683156.5360416782,602222.5306751394,634868.3789106464
103797270,225000.0,5,173860.50877659427,201500.0559099813,196645.2009230497,195840.61620010666
102843782,199000.0,5,231788.3211625065,267222.968745398,264759.49544268125,274729.5989795426
103443462,650000.0,2,703999.8087482022,609443.0447719265,624528.623166453,572093.5295846867
97834253,868000.0,2,678303.906078289,661170.6913160821,641714.3580313787,508103.2133244999
97834129,580000.0,4,519857.43756508495,497257.4699595002,477134.41050569894,481260.1829583817
97832489,1080000.0,5,877263.0790229564,1088407.4939225924,1229946.4047247758,1334410.6724187932
101722900,78000.0,2,88586.0022260416,102269.66490112334,110694.35765945495,104275.41486650781
100543512,350000.0,5,283995.50842183415,323024.8211503797,301348.12292157987,300511.8241339149
102184341,220000.0,5,220061.29535038242,261253.23420177147,268291.73595594347,262009.65243898515
103797217,479000.0,2,443530.9944833771,457668.9693803861,487343.1934470064,459892.4001332521
103797164,430000.0,5,456337.6166283518,399619.3693000712,416389.5116438445,385553.99201034894
103797157,490000.0,4,526238.1675929616,477782.4359058,476932.08458900225,452031.1459514562
102036014,688000.0,5,451780.00383874227,466935.97548571375,423375.92702049867,505206.9249088687
95219758,445300.0,2,500564.897011857,444052.02442048053,431775.5854593994,472422.6661986488
101128566,448000.0,3,540612.6800997705,512083.6876904083,525089.9035784114,449308.08848500374
103585248,620000.0,2,640949.2314985114,535271.3282160177,513483.229445588,553105.1215406787
103479600,268000.0,3,299359.15160547046,317421.5091774021,307965.4850296089,290987.50020471035
103402025,288000.0,4,232654.97459090452,244198.54616121808,249312.6057926082,244232.91604346628
103740042,700000.0,5,721700.1625721937,620308.8462128314,570773.634549633,615325.3447577843
103742048,270000.0,2,239404.38251982542,268362.3352891156,264609.83160064864,256576.20996835388
100785324,450000.0,3,404300.0071536082,450351.809296039,516129.28568129905,447497.4884694776
98720154,300000.0,2,342930.32589802775,359814.8924849491,312189.80807330756,320862.961636141
98739542,380000.0,5,485198.3338260724,431172.7703392339,367508.1407767051,451793.30453116226
103374766,520000.0,4,464349.4826500998,543810.2758995169,496772.6446797364,517631.17624197114
103797103,400000.0,3,486366.6872658652,453426.75590181013,408340.62854006654,452252.2978799851
103797097,550000.0,5,413306.22086566186,449767.9756996736,427285.17930057214,487187.9141272168
103797146,165000.0,1,213263.7176967018,182800.05094882206,163781.16845970094,159860.56864269573
100916446,448000.0,4,519076.51486883324,451278.43953380175,460479.23669633747,499967.2374947362
97482842,447500.0,4,510318.2100642464,441389.72711775376,439807.36456614186,438539.30129449477
103705048,448000.0,3,555876.1714015993,525657.6114642887,533468.1862985411,534717.9865470085
103714808,385000.0,4,240042.2911320692,367669.30951644114,305708.8857264836,296157.4395220849
95892312,447500.0,3,482791.85100549756,487291.06694177043,440372.5640199713,466855.4606729717
101049834,560000.0,1,553191.6660157692,562781.6167860749,534071.6301208477,546475.2034385835
103797128,330000.0,4,256001.7138087992,244567.1152672756,240533.76053583753,263632.52998496627
103797126,260000.0,3,288928.7254088346,271451.8802527274,225270.01971838943,242881.68347244116
103797125,250000.0,2,154573.3165266459,217827.68068104616,231914.64800070648,210178.32649163692
92162624,135000.0,2,131467.92623099036,149638.8034595744,112085.36120095605,126065.38113511656
103684332,520000.0,5,614616.4222782674,538277.4229008554,553191.7227721161,521744.2787861585
103714989,600000.0,5,637527.7306728897,592931.5855227879,593150.6508697942,595262.6922319389
103717623,500000.0,4,590464.4862313992,534451.799114522,524199.87693207886,540669.2676928095
76183205,2500000.0,2,2268732.8984676343,2119973.535395482,2087557.0567303088,1870510.0032401807
90371478,620000.0,5,678649.2866027013,582105.409973942,553935.9273661642,525042.9720343903
102439373,650000.0,1,850030.1262742734,773040.8143374467,751531.4379968105,793509.5310514709
103445774,155000.0,3,119215.93289654059,119714.91836542512,119057.97328772678,122884.75203133443
103419095,188000.0,5,167520.75283673746,177706.55871122345,155984.6831229659,174846.72926117573
102894978,170000.0,4,116166.6034060211,172639.9040522482,168351.8631568446,174718.77785705542
103797076,385000.0,5,424538.259740991,393466.9716244693,424334.45504498493,446099.9376714174
103796970,300000.0,1,305997.5350617247,296872.26556694397,301552.2242051959,298918.09542613983
103796987,450000.0,5,381950.05924066243,383931.16966558946,396231.5481293924,382524.2644506657
103436990,538000.0,4,627281.1021197935,527214.1356899994,558374.7169424312,538406.8349272391
100288687,380000.0,2,406731.9811253306,401018.29412214196,403346.8963844779,417190.8641875852
99466343,570000.0,4,933899.0260482519,1163356.7976115397,979388.61864084,960704.7276168418
103797057,400000.0,3,470029.36226732534,407012.40665980807,406333.679873596,385536.257434625
103797056,338000.0,1,310714.5333180852,344853.2616646021,338746.1890392138,356335.48401681014
101019426,338000.0,5,388392.5573530956,326863.2470330072,336889.7919769486,322180.52145629236
103797048,370000.0,4,492006.37156130583,459237.6392319784,467273.2444583821,432217.3342415274
103797047,380000.0,5,369010.59336963174,334082.0440461099,321747.8627885842,351673.61597035214
101990539,148000.0,3,184382.47157407182,146132.31937963926,93797.91173477234,115682.3178573229
103796947,170000.0,1,166543.29144028595,160350.3111305609,123109.24807344063,134845.02807436598
103796936,930000.0,2,799111.7236521101,871906.140223575,734864.9732156775,914901.6148587952
103796931,628000.0,1,819615.9034316696,758464.5089155813,831418.3031521039,688121.3658008953
103423738,348000.0,5,442504.586276333,423530.6667297596,445745.5681416164,491353.37773477385
103549671,190000.0,3,252964.8577032353,200689.7514236821,213878.67032102626,211405.60025304972
103797008,675000.0,5,620968.3581138405,581268.1128373162,580100.3771254021,577042.3671835313
103450284,450000.0,1,442118.9677943924,423012.07639782043,457166.1326198352,436527.9863233223
103477237,500000.0,2,538020.2240783509,521676.6541749118,502092.25940036663,495182.68382081506
103470205,168000.0,2,153241.82095586136,191193.06606643306,202756.06268700163,200455.18199810418
102172274,1300000.0,4,769117.6011536203,764434.3411343505,734719.7094638429,722818.9502325264
94213853,750000.0,5,947339.4922587649,828211.3154757457,954378.6449824346,953360.1178893589
100025500,487000.0,1,574960.1399997525,506409.587296968,481909.7877359168,483134.0702322838
103336579,358000.0,3,286691.5576655267,337769.2332176468,343573.56330501684,332117.8184150594
101557980,235000.0,1,193800.6749278617,254607.32985226106,260151.68632999645,265521.19543092686
103715204,220000.0,3,128506.38979098901,141098.77838997214,100421.79964839056,131147.98486618177
98377340,255000.0,2,222246.50006714335,269593.48337872175,263826.12040195294,242096.4559419084
97940583,420000.0,5,587471.9191862937,524362.0108583275,523539.2218399371,532872.3712446739
95823750,280000.0,2,294597.90443929855,284844.59882126754,285262.5009342426,288388.230718444
103796815,325000.0,3,315474.9887049261,305876.5604104222,283191.4770136281,306537.13031587447
102283762,440000.0,2,449055.7195348737,426374.31951019715,400647.890898249,434886.06534795853
100815948,300000.0,1,554077.7903671815,475637.27118040284,481321.85169891524,456344.1365945882
100253281,650000.0,4,757574.5578996015,1033249.3165917371,875233.3438675285,983730.360696473
103796877,449000.0,1,409707.87142928224,631394.0024074994,500569.0183265006,532593.7980081539
103796871,600000.0,4,510978.1336573042,509374.3036948857,541233.7120391106,503223.31924657326
101941512,160000.0,1,183209.38619675377,162953.56487922277,155724.23590146223,151103.7179275177
103796796,350000.0,2,320214.97393126285,326098.1154955027,310602.351361562,331931.1398220546
103796803,230000.0,3,228611.74335361793,209327.53998874687,220266.09711506448,223100.56972410437
103282247,540000.0,1,591834.5803153863,568146.9250256702,543547.0294895098,573134.7812756848
103419115,118000.0,5,140389.70555918696,99875.41953513239,101063.08614098502,106568.5701214395
103425319,520000.0,5,489385.0204944659,470502.0327832517,471548.5219663049,451857.61258141935
98409917,200000.0,2,320374.1234039987,271449.38367947633,255782.74686129444,275538.7756095712
101279647,99000.0,5,64386.95743292954,93800.01315322009,73689.89767708564,74205.70292830419
101382844,108000.0,1,111739.37297041038,142094.1556139925,146579.17390134884,141930.5573779096
103760421,528000.0,4,413835.4892458003,434846.07379435294,480050.82051271334,463226.85412616277
103761088,98000.0,3,95770.03638833402,131619.78382382292,125026.94469401517,124074.9098724733
103235193,188000.0,1,173405.98790471346,187982.29508001372,191763.0817374128,185808.13144308692
101065984,600000.0,3,652732.8200435714,608477.1346771944,595933.987183521,593740.5645925847
99044462,560000.0,5,596711.1851227115,611273.0629596501,620368.7806737152,589148.584298597
98233164,770000.0,1,592063.8253653866,631343.466653152,606998.3415486605,590146.8179063383
103796721,350000.0,5,390849.554589116,369301.3157126874,390019.8362119144,381809.74173675897
103796707,488000.0,4,563374.8202674191,666106.4637112322,693790.0989604618,546383.800175126
103796697,488000.0,4,557180.9727954381,656152.1438475009,688870.0950846537,525472.5835182318
103796684,488000.0,4,554486.2079787789,654842.0986668092,681370.4077584678,521546.1737173522
103796787,265000.0,3,302159.2765626165,302738.72336605925,296817.82209249074,235940.31533038412
103796785,485000.0,4,395532.18107207556,415556.6002187424,427881.1648371462,384562.5295346208
103669945,330000.0,3,393587.55172665155,376238.90051370667,368292.8607917247,372701.69878180843
103421446,650000.0,3,534444.0339749835,467362.25850659545,460138.12979893415,463104.60570011166
103640101,175000.0,2,241862.3366120495,226458.0249432701,225348.3234774894,239378.2127917969
103527484,130000.0,3,147962.5221493874,147159.91042023423,145560.67262362415,153263.05146030133
103072253,290000.0,2,275249.35619772226,276088.53157367866,287137.72434462793,290518.98539999384
103465855,590000.0,3,661824.4991061314,577824.7639650302,581060.8112958752,561777.4554192274
103796778,430000.0,5,228187.03563269277,294561.1869229689,290919.01528277056,288183.43044437235
103796773,990000.0,2,1005907.6979091121,852092.9535356098,831767.7977572229,867423.2547456098
102126519,349000.0,5,407305.0600449009,354556.6466223716,364792.0471591581,362163.75579832913
103796767,730000.0,4,793071.2853046242,742780.7106398483,784482.8710133703,775425.8398407034
103796665,196000.0,5,123006.94654655071,170800.90562388045,174207.08151148848,177637.73214160718
103796664,478000.0,5,508864.831493778,484850.097738515,494075.379975304,492198.98380859673
103796660,1650000.0,4,1282231.2977840228,1892786.0826253828,1773778.9673592781,2109743.3762180405
103796743,200000.0,3,195768.06311651628,167462.31418875247,193014.60504211625,172452.87549960805
103673812,530000.0,1,539274.2174200523,533019.5179967403,498102.4536244503,525571.5273580156
100849422,400000.0,1,416310.14057949465,373825.08882512857,356757.6541788887,395727.55037471396
102485274,377000.0,3,401663.57615259977,389717.84126346366,381242.63528997137,385027.8441496072
103699105,375000.0,3,280901.52825028304,261714.90835751942,267328.43235927436,279927.02757373557
103559688,460000.0,4,490824.67470275925,483736.3397435886,469218.33663150994,470471.98992677877
102107757,300000.0,1,278120.5149487349,237510.82297262843,244046.91391803825,230511.4129124843
103538432,480000.0,3,503084.252561794,490592.9099597697,492969.6417459574,485831.02386058355
103494812,450000.0,4,592683.7676295603,665362.4532653607,626481.22757439,655233.1905693832
103446079,350000.0,5,324715.5141091818,357032.8653792922,345349.6540984756,376082.91014365177
103690877,315000.0,5,283154.9433627701,310699.8125603941,294084.1638074689,309657.41823208606
103223072,168000.0,2,153241.82095586136,191193.06606643306,202756.06268700163,200455.18199810418
103470201,358000.0,3,286691.5576655267,337769.2332176468,343573.56330501684,332117.8184150594
103796653,850000.0,5,697290.2695460562,694717.2517228035,676374.654032373,775576.4566260307
100309020,340000.0,2,438542.0851334108,389101.34561123594,373281.49507533235,389394.33504241164
102434884,530000.0,4,523699.23617063434,675697.431115722,758115.2364599305,697677.0479302302
103727257,188000.0,1,240282.32220077587,215004.60540009424,186931.5046025256,227672.54441117853
103796542,229000.0,3,286138.6003213131,267931.75361423386,228470.31276017145,251068.1587266882
103796565,245000.0,4,236416.68873706803,216176.7771067424,210417.46468463287,222816.19079546165
103389817,250000.0,1,171810.30784306448,157470.26089303545,199976.2747612994,241357.02481514862
103260845,200000.0,2,272905.0084661034,287197.6993014772,297273.07502608595,296418.6751267568
103767080,360000.0,1,367026.16597979027,336058.17086535663,359291.33433844196,333727.0764898115
103764720,335000.0,5,388015.184837923,352348.86408230703,328720.81188046763,351397.7545480853
102267563,290000.0,3,257539.32998542496,273087.8603525873,273528.946469646,268023.364124835
103796418,860000.0,3,621511.7854281641,604908.6859907855,592255.8985476217,620303.4767727667
102873781,1000000.0,3,779677.4361845932,867660.8539524095,851860.1779067228,843238.2406029174
102841105,180000.0,2,231895.59004409102,224089.94333945803,222113.5409064638,226654.96663276237
102989220,145000.0,4,149710.39248946347,127979.87857952922,133935.7107640533,126085.302624448
102097200,160000.0,5,227159.32170232918,177365.53563183322,191307.20573389786,147815.62097900087
100692333,150000.0,1,195245.309974133,130012.12580156834,119416.76889708622,103253.60624752412
102272734,310000.0,3,301047.797715421,323492.02054239163,318528.7820017147,323545.79708256456
100184788,168000.0,4,169101.16596961278,162387.34214246352,169532.1487776916,154565.0351540431
103796402,150000.0,5,165232.42117191383,159563.73445898632,170744.50701866826,166908.37673999794
103796444,245000.0,5,188659.29749554186,239953.6188069862,234890.92120417158,213374.63465551595
103685134,458000.0,5,508759.4059710876,487587.7402353921,451348.3559352677,468871.61609443463
103705936,480000.0,4,516699.8573865547,491343.6606255813,441684.6793340158,375652.591589083
101536156,295000.0,3,296757.9971921053,302719.9072985084,308659.33390639187,286363.5388231855
103796353,195000.0,1,198030.63518217302,205047.04013853671,182950.09267562165,194245.6013616533
103796349,450000.0,4,492003.8552843046,439697.2606970928,447188.2967061086,447051.4085141816
103127725,135000.0,1,155446.99039246628,174572.57338100145,186051.80686231583,179590.35918703847
103025400,185000.0,4,141499.33872004197,149727.48683319354,145392.39277373877,147674.5416311502
102198088,320000.0,4,251862.52758944515,276669.38888923597,276122.3495264751,271912.5202081433
101325789,138000.0,1,107812.24735603562,121685.18562139152,115735.25119389774,133086.81351729282
103643157,178000.0,4,236967.05646588872,221170.53812147793,227530.371454371,234836.92038594835
103796395,185000.0,5,183597.0333204983,202310.13545607225,181174.97957917716,186965.93632482307
102808479,298000.0,5,350652.84048924595,361877.03885903605,329961.90369544394,356224.1415512583
102510692,270000.0,4,278492.246010851,284599.0720465675,274355.2352345133,285837.6475804074
100499344,230000.0,2,324478.5109335271,294435.27560855914,261235.8817537231,353448.744298751
102614705,165000.0,1,155458.00656615366,174662.52274012577,183862.35256974836,177666.86685730293
103796380,998000.0,2,449101.56837627466,468015.3458406504,508810.37158854003,494705.4310466197
103050834,240000.0,2,241639.1316895743,264770.8129699415,251593.31600624268,268126.63685384556
103570806,210000.0,4,242956.00981411384,227415.51409439268,225767.0421538362,253137.5081133694
103520779,250000.0,2,227467.16813996833,260777.12470321608,225091.65807109105,229625.5693366692
99968757,85000.0,2,156559.4329829929,122162.98119318295,140240.30148337485,132174.4415508343
103014181,560000.0,4,574674.3277679279,492709.74095549644,462307.88246076804,469957.0764645845
100249876,250000.0,1,185329.41106056512,212004.03420707944,218476.05404785273,215310.3539694918
98560819,188000.0,1,269544.99398234393,214733.26907949042,196752.61490445616,189352.8493006685
97025172,275000.0,5,241778.1123003128,289341.88309432886,290203.31166420993,286700.88645680953
103796223,360000.0,5,390849.72069959104,365686.38579689374,392331.10309789184,367483.3664220452
103796197,350000.0,2,291710.80977222754,300094.001078132,296148.0779431955,307679.1618740478
103536109,179000.0,4,153500.23035145935,149750.01425215736,136470.18739117475,128009.80982534248
103796315,432000.0,1,482234.621533289,469054.3260764004,484981.7083074082,511555.05297592864
102874865,780000.0,2,487904.6791283239,487019.93201105675,447566.3774048689,471507.3525991054
103105437,460000.0,1,472093.4358802091,421940.6302067278,446166.4197162546,413762.12818341574
103796311,520000.0,1,699279.7890043731,675136.6126736645,774305.4092696632,731863.5273609363
103796162,456000.0,3,446209.46934468835,411899.68662787316,449096.1042260027,445617.4009565827
103796304,500000.0,3,405231.84890252707,440446.28928187815,462459.41833942645,459898.33389841375
103796303,155000.0,1,192074.32607706546,167166.6664396884,167266.40713349645,159138.7692309727
103438937,260000.0,2,283427.7204742104,251749.42471830774,253672.02486803284,246726.3136640028
103796293,750000.0,5,698906.8534854065,657537.5098209013,675578.0876193371,658093.2992932348
103001429,270000.0,2,440234.7145216487,376036.775326757,383324.475503563,393112.46665093856
103605382,360000.0,4,317989.95542272704,271426.4832784617,266618.28788270726,220542.90771431482
100543136,580000.0,4,427252.88583276287,455312.5919893294,427194.06409247353,460270.61261951167
103796024,308000.0,2,308487.8722775414,274001.9497020635,286942.8095399204,272679.7023115064
103796139,340000.0,4,438122.23996465706,435539.7379669666,370865.2462579005,409357.11790123244
103796014,350000.0,2,361650.60886014806,344982.8484493865,267427.2478094746,285714.98316392204
103686605,415000.0,5,394891.4754794672,389902.79298007995,436589.46276577626,406954.3486332759
103750149,210000.0,3,254571.24608349105,256603.0786137706,261896.74371295967,263286.0163794524
102482545,360000.0,1,464908.4363542664,418737.8076623958,382448.19818416605,401141.8322378289
103796092,238000.0,3,93530.15056277043,151099.87904841022,147171.98066322625,142665.11912367016
94760102,165000.0,3,233023.7105729871,225136.92141613984,218990.70964578344,206550.47326235138
100727490,235000.0,4,259392.95272514215,236320.66603966634,237445.79050954684,249870.97219153616
101981935,140000.0,2,185349.9566387854,154490.49541951984,150770.0060793078,144680.90532593182
102091178,140000.0,1,176181.62288375548,176900.41308943165,150777.8035108759,152583.49171175706
99704979,450000.0,4,467938.8406876482,494647.819657943,465267.58338009566,465985.71331434173
102654288,460000.0,4,498369.9252110555,541906.506117571,580561.3760189284,587808.5812753768
103795950,430000.0,4,337044.2602613352,424778.18594255904,437955.57964678336,407648.88290200895
103308799,410000.0,5,469574.4070969939,435564.25441689393,427343.0745718841,428008.3313086486
103795930,245000.0,4,275852.5201361711,256649.4627584077,262359.2933105821,256435.37767252832
103245620,380000.0,3,362269.29893528606,383347.3748558148,343675.26174989477,364825.24882756895
101972175,400000.0,4,272090.94103568746,280975.98425156454,266869.21550942917,310217.2989979191
102907672,600000.0,2,497563.4028684797,594041.6120032112,594655.6655343834,601597.3853174346
103442297,260000.0,4,291426.4999788927,292018.31314609793,303858.86670568574,290526.0154230804
103795891,480000.0,2,474803.1754288083,488213.65091266844,532018.74796675,502241.91420991946
101629550,230000.0,4,232058.0758278867,253087.2563086269,248906.10162324275,251150.35923371417
103339072,290000.0,4,433924.8230847016,428069.3587379714,455096.0611878205,460799.3827891737
103795815,500000.0,1,541412.9704354609,484189.0283549508,493591.7648089482,490534.98777688935
103795802,229000.0,5,163156.1269768241,242388.98880509677,240609.44744289658,243924.32219222892
103698354,310000.0,3,490230.45132403943,460920.33120150364,447918.70566612337,427254.8285893312
95706905,670000.0,3,579534.3260035726,533090.2557846105,526878.8437575565,535162.9742892832
103795799,200000.0,2,213139.1482484521,199120.6012248671,187643.5215379895,172361.65798697344
98860442,480000.0,4,515882.6647460674,449388.7738893911,422625.6926970393,412983.0173351662
103252600,320000.0,4,356166.6921807061,330211.0956064263,341190.1833768305,330131.9281114478
103795699,320000.0,4,290812.82156472636,279907.0393710312,281348.99153072713,279351.3077060384
103795697,658000.0,1,608648.6651699571,528856.6145016596,500552.30309457914,510343.3669990671
103449900,250000.0,3,277389.41938773403,256708.6717559061,253951.54092292048,260528.9728380207
103359755,370000.0,4,356200.0840356508,379531.62469231465,356746.759531898,357052.7099646297
103795669,490000.0,3,518042.51694175194,494907.7530758714,454989.46815157135,464389.9171127759
103456523,260000.0,5,235609.4157529709,254545.68682803237,247612.37928673683,261430.38719798546
100414970,229999.0,1,239105.6791381929,269562.9928903678,259494.10716851958,240515.7786887079
103795631,182000.0,2,187786.23283102099,135938.12628415928,155852.28931297452,131928.5514787294
102424719,630000.0,2,715210.8582062423,705560.986049894,698221.4140277519,671404.2338964517
102424761,390000.0,5,414818.032804376,395400.01213409094,373091.1764347066,391041.03746123344
103601526,230000.0,1,243437.4985068037,271021.3016065611,269530.22172123723,259162.27844801435
103501945,220000.0,3,238410.0265129032,248669.1883044298,223908.52216935524,228348.81487897632
103795578,290000.0,2,328343.7926685246,329974.26781728683,324103.0306050181,311675.43957160367
103795519,398000.0,2,445885.9430676064,417561.69847728853,419450.9997876784,452107.36608624057
103795515,499000.0,3,447921.38379803253,426204.95169064717,452904.3581011026,417231.4045797543
103795393,155000.0,2,143876.96149071382,159662.83044506772,153693.14692508997,157640.07081210168
102084307,1500000.0,4,1306259.548059408,1128458.9154285942,1199647.7158848988,1271102.3536070357
102083191,270000.0,3,240301.6954449922,252071.82578715537,226401.60854135148,293346.5844985236
102860545,480000.0,3,393493.64605003584,287783.57891178713,203722.11409311977,207879.54790644982
103795460,200000.0,4,224907.5001477381,187544.55781793594,195753.5034283462,163785.04069671972
103795436,498000.0,3,359406.31346895173,356740.79882272147,334634.2797610228,335834.5446865851
103795360,308000.0,4,303666.7124731137,300584.6615535516,319127.476239475,328937.1309541928
103795356,308000.0,4,295870.2326684185,285696.84261945065,296351.6789852111,291711.4426593106
102530014,180000.0,5,247038.62046290754,220390.31504887977,215030.55861296595,220760.07382343482
103795432,200000.0,5,359787.2938386274,289601.0269249513,295962.26532429416,310775.1395573226
103795413,175000.0,1,151629.03701136578,130530.69167927111,144923.8821460296,142210.2610240014
103729182,125000.0,3,219278.57963851286,199242.83499009875,213789.06261451446,192279.42499143103
101705724,228000.0,3,410759.45524135634,444015.7402662942,547542.5997918653,412307.61923447374
103795227,530000.0,1,510447.2099075029,525282.5905458118,514858.91284583096,493053.9295296271
102082460,1420000.0,2,1430965.4086598828,1144652.053114812,1211281.5830836063,1299832.6525562515
103795288,308000.0,4,303666.7124731137,300584.6615535516,319127.476239475,328937.1309541928
103567545,290000.0,4,288791.1487053298,293951.89590024046,294777.6503385063,306097.1620348465
103795203,238000.0,4,278875.7279549369,288127.265314121,270684.13035341736,279810.2424079299
103795185,490000.0,1,334889.1945522475,338285.5091516467,309498.83305046405,314810.2797488569
103795266,788000.0,1,633390.2992629459,638279.1035500002,746871.3711473929,688689.8424835254
100985420,1000000.0,4,1160411.5267653444,1401669.1575625583,1487844.183304992,1510939.3545035988
103350530,210000.0,1,253149.94231293228,242656.66164344954,236180.53277850957,238279.84847887148
103187946,560000.0,5,587914.4723523948,565211.5210509099,593458.4611284386,537907.4839594435
103089105,670000.0,3,836590.6134472545,734066.3781507402,776330.2595174247,765141.6514658944
101517371,380000.0,1,417433.166485077,391065.1413681903,382917.7456368311,383060.7155811159
103795120,530000.0,1,576056.7329167865,501341.5625535982,503798.0682396451,495826.01504497597
103795110,130000.0,3,152709.64193552054,196738.12943570627,175773.41562789853,185957.78087975187
103795107,360000.0,1,368220.4541765823,327632.15857753315,326899.52790147543,326641.59034983075
103795176,738000.0,4,762209.7975122505,820831.6180810404,800115.5396054151,790665.0322828303
103795096,330000.0,4,229538.96569270597,278261.15400964505,268897.1675340625,277129.72819524456
101672290,160000.0,3,160636.25320230649,142749.3300543948,138979.06429097435,157368.54952254388
101670291,180000.0,5,265829.68745259265,237016.24333929556,234111.3314491406,224721.07172248812
102882471,525000.0,2,454681.31349857163,491852.1778280508,522811.0846203131,538416.6201327363
103795148,206000.0,5,140228.38690485727,189560.7512177485,201097.87851309503,188667.94525596692
103795146,98000.0,1,143727.1833072672,184605.60350853804,187888.69218835936,187597.68730811498
103511282,350000.0,3,357244.5049739562,381535.71603883134,363580.8265050436,377255.5206388699
102621739,270000.0,1,246112.25121982317,282703.2638967641,276924.6845016387,277866.35112668097
103794979,420000.0,3,358118.09408912004,380104.21983604896,404275.05872610904,390744.2443012508
103794972,200000.0,2,222498.3349639212,235649.86028552536,231709.28516416362,248203.7437450797
103794936,178000.0,5,287682.02918567706,254040.47915806563,223164.13548726638,237560.667341717
103794908,360000.0,3,358104.4786752492,380082.0807819975,402281.4104160333,389669.364058537
102916819,299000.0,5,319494.669209448,311588.85092161974,345309.3041252862,300026.1528082958
102916783,495000.0,1,383013.0239543858,368270.7295488752,361359.423910789,362442.1129516342
103795068,215000.0,3,253440.46107412683,256963.19949654298,228215.0244634431,254365.9482934216
97151327,270000.0,1,365760.23782305414,321137.80767181155,359992.90477602545,271737.9300949697
103538515,700000.0,3,639952.0406936917,706417.3442252605,667106.1073860434,645406.5346076526
103794883,246000.0,5,216992.11305412746,274213.0046284096,270273.69435555785,273749.46173077286
103794878,75000.0,5,214488.36214428704,185433.7254706128,184519.1087075637,196442.71025594813
102905110,97000.0,5,65994.29334125089,98169.73871550542,81459.32763396896,80125.88182054147
102905091,115000.0,4,134099.08100771793,133701.02218843356,122984.0078906615,124396.60508883813
102889785,500000.0,5,567195.7331704329,499496.5507005199,475578.2054368671,479304.589564632
102889632,69000.0,1,182557.0004405629,129919.3342532202,134879.12190561637,105076.01677756521
102889068,63000.0,2,135850.44119953565,115708.5308509348,107045.06918783288,103447.10489097302
102889006,65000.0,2,125889.34788423596,115484.88934048681,117923.1705363613,103298.7715053188
103795029,285000.0,2,192442.28855028673,237115.43189248155,256057.3813845011,243826.26770660497
103795016,260000.0,5,238488.55231667936,244509.15463275206,216296.60902213902,237497.66933489311
103795013,220000.0,3,228308.22910354802,225282.9571504047,200689.05818293284,216254.25403007833
101837463,300000.0,1,370390.9742465821,350164.10013466893,307688.31908426475,307276.6254351048
103040014,420000.0,3,466324.89673425106,459801.3877692696,477426.4577266014,447505.9013750412
102843087,310000.0,3,419949.2395277173,397146.85156704474,376976.9730085715,373983.85245248355
103794729,450000.0,4,387433.33909781376,438138.39581144555,445093.0865784574,432068.67740002694
103794705,515000.0,5,489625.183437664,501064.53138577595,564255.8698559171,512196.2795137848
103794834,600000.0,2,492669.48047267366,469312.1613377604,473372.21348292776,499775.15949560946
103794832,379888.0,1,399689.4141558471,372787.9735736036,395525.502576548,345610.7977685396
103794818,300000.0,5,222066.16393033674,215270.83212193643,200389.38203580782,221691.64489969087
92387411,740000.0,3,807623.0492060832,907406.0253067571,969694.0982674249,858968.9312465844
103794803,850000.0,1,858273.4076657667,972147.5236113971,1188966.770704159,1058408.7633549916
103794786,129000.0,4,121225.99557109889,99873.69936780134,87939.99180528171,86510.54931532929
102297326,530000.0,3,491349.5576941389,460065.478596785,478198.979323762,421419.9172747228
103740282,305000.0,5,249021.52881498737,295816.244919108,295755.14718685055,295531.78644353006
103599839,288000.0,3,207848.8123333122,278270.1797916192,273320.2290911888,273827.6932967712
103794505,170000.0,4,146064.10085189086,176227.86278430122,167224.27662793815,164934.2090892311
103794501,280000.0,4,242513.5922601864,256606.50292152722,269122.10096115276,278668.0195865618
97828616,980000.0,1,442215.08529083396,526261.7081476749,573124.240876655,495157.3540021266
103794477,480000.0,4,486495.90720533696,471908.43141052255,468329.2068959371,475568.53868421074
103794465,298000.0,2,493535.9940084862,477174.321828004,465750.7693072804,440220.82152429427
103794442,300000.0,1,354481.4811286341,309708.1920518505,312653.6592860347,321543.20544331684
101448663,738000.0,2,677390.9929067836,751265.6840248357,729911.3025499763,696471.2713345786
103794493,155000.0,2,162663.02278950196,173997.29027787523,190175.783273663,168729.32928192103
103794636,230000.0,2,186809.68451200775,189812.50476281793,188348.51465471802,195216.9250380865
103794620,410000.0,5,337455.8479305306,286917.3403386241,239488.99147364852,310228.0219472442
103794616,380000.0,4,427883.78680974717,383536.3444716713,383497.3881351874,371246.5823555995
101970117,390000.0,2,446108.7716526568,329715.9014052931,327952.60008977185,334337.8578210943
103794402,300000.0,2,270345.1301622665,245958.3617993725,234865.29536328596,260580.22087251378
103794426,550000.0,4,462862.5634038955,486826.5415914334,493368.10978659906,510627.1071946821
96105459,170000.0,3,223118.8943128507,213117.48434561107,168863.0051546505,208984.0359708283
103401180,265000.0,3,189531.893013529,239713.02411720733,239785.17329940453,233268.27892912462
103719422,199000.0,3,234756.08512050926,214700.67193686188,226336.86251107245,220394.15818546276
103420274,240000.0,2,322984.3243928775,295736.77542085975,334572.3417377498,279082.6738258005
103653183,150000.0,5,153510.7200744329,157273.2052243044,155659.32993868008,156782.0630640928
103653397,350000.0,5,362884.32966626046,363204.227789658,356429.7989684017,357404.32808629866
103653399,380000.0,1,373901.1913733217,357133.0740479247,357683.1072027058,352678.3856936497
103653413,368000.0,4,382071.0687531058,358083.81937325664,369725.431412749,370521.7428409095
103794387,1300000.0,5,1346588.8034461297,1474804.1243118849,1465666.452776464,1567970.680998243
103794219,128000.0,4,214755.68291089375,182059.07242771078,173006.8455382259,191097.25567023654
102762016,450000.0,3,487327.4903741427,467617.8213094731,462705.741239531,469280.95762726164
103727115,568000.0,2,428067.3987053032,489543.4039173817,504760.09863428166,471674.1088638389
103073311,920000.0,2,975479.9497857235,935629.832633797,834971.3049062677,894919.6883640088
103031827,578000.0,5,646904.7365787157,623648.2805811565,611547.1912335111,551677.3530232612
103794347,330000.0,5,394461.08841984405,373423.8085981159,381681.39719475905,366393.5078275899
97835915,388000.0,4,259317.7468108226,297740.54286177823,298111.91931515804,312605.6813758069
97833112,300000.0,5,293610.1502072631,288222.52509801375,283252.0851052916,276617.87184986944
103794328,490000.0,3,506174.164426989,459119.872356048,455343.2087551061,472596.4939013854
97831618,590000.0,5,408398.6110661164,416163.875824205,419316.9192267072,432714.29938013945
101833545,288888.0,2,273443.0074587624,264305.8647604714,259294.04142840597,249012.34935867196
102820417,580000.0,1,613902.6926270272,580019.6120100089,682250.0252105296,723546.9118144888
100498095,380000.0,3,369412.69576993486,353519.3590021192,331715.2868301866,340060.5556193837
102820433,390000.0,3,320096.1650870014,291955.28548370977,308972.86865159177,306685.0327525014
102820395,680000.0,3,746610.7306660466,646894.631591816,633864.8577530852,644554.5318948537
102820397,270000.0,4,224554.19950822913,274449.7772385319,294656.5989866129,286487.27924144303
95161540,1680000.0,3,2907781.077727388,3213385.9508526605,2629510.545051569,2504340.152924459
103464980,350000.0,5,302008.83445304947,350632.7260847094,343967.54694473435,344329.9648188312
102827644,288888.0,2,328651.6315104968,326836.47317567456,279276.85817076056,296330.8715573505
103653187,395000.0,1,424041.6405397323,398881.19720542827,412796.4691647815,374918.78082789533
101624781,235000.0,4,223597.2705743537,223198.41258616382,237477.39647263923,231439.9032469767
102850319,130000.0,4,168897.55786561558,151291.20570734135,156486.6050476904,147833.8282273373
102507531,300000.0,4,305039.53123852203,284164.774235858,277028.6180779217,275775.73171539506
103188233,580000.0,3,615189.4353301729,608032.620255453,620302.7954048946,579518.2912476306
102883481,328000.0,3,883564.1406889814,886540.400659726,668674.3337304195,560971.7011237015
103073088,628000.0,5,611777.7167702854,617058.14023169,571699.3696903284,662317.4100639992
103204071,450000.0,4,486730.7298636273,475457.64300801273,468137.1921380635,477673.2849706961
103793977,380000.0,5,301890.21652441047,330655.5532513286,288492.43601764593,343182.4321170668
102059971,280000.0,2,270739.6102225577,266456.6346213384,256335.97769015311,279315.5001061811
101823513,270000.0,1,273422.6131239664,264004.1527343519,224821.8750490329,251629.78876405032
103794049,88000.0,3,173319.62586022433,144225.3176229126,151252.25395333514,115907.70578433127
103793928,145000.0,1,241444.13011909087,212505.9163588699,269374.2519198879,225148.80847440605
103793924,338000.0,2,380007.3889043201,398887.43209250027,379345.704244131,370718.2034786936
98072812,890000.0,3,672908.8308485887,733785.3469620721,838254.0621921744,750795.4840767786
103793938,280000.0,5,171257.76725704203,218898.79915448252,224784.12180927332,231607.2609740958
103793936,690000.0,5,746626.514183944,652616.9785675971,728933.256324467,696975.0228274397
102820446,899000.0,4,1003328.534113993,1099566.8609651644,1061539.7753203535,1173446.8589829288
102820176,800000.0,2,890965.115925167,899832.4537277851,901690.2846909259,952711.9401827005
102820169,420000.0,2,447561.7004236542,432084.6113981833,431988.89756283356,428590.62129797164
102820476,430000.0,1,449727.2810341052,425296.40327639243,432113.5076213109,421157.06107411097
102820448,428000.0,3,450062.6632466,427503.6306738243,419513.11412230635,418606.62497069297
100511965,350000.0,4,459496.6252114942,389801.67032907804,422612.3504261306,379315.24268172943
103432147,299000.0,2,227698.41400901566,257452.73893505608,274790.339334981,250536.30006192668
103794018,590000.0,4,423458.51099010155,461826.441425929,454313.9996046488,490273.787884693
103219662,1150000.0,2,1193325.1921793118,1252849.1406498246,1233527.6158806197,1183899.4294172814
103066708,580000.0,4,549289.6083354162,520615.16722677817,535889.8461038149,532073.2641567682
95697568,1700000.0,5,1469092.8901822688,1260222.1830803035,1914422.2667807813,1436417.2487802806
103081545,650000.0,5,701352.130400914,635222.1202994277,602062.8971552659,587665.182461122
103200597,60000.0,4,181816.30434155063,135683.71113295906,121191.93881427145,140196.02677247056
101624824,399000.0,4,538520.5156108649,432952.03434594907,431772.584944685,441640.58435752266
101624705,428000.0,1,504689.5580844642,413837.3391799817,420887.70064491424,426222.65500297
103448748,310000.0,1,327878.5232323912,329911.4442516318,328276.7013460752,336301.4240375193
103793700,530000.0,2,582942.5635592835,505253.22530399624,520663.21781541366,533695.6765260801
103793763,213000.0,4,282642.9560064271,256238.88106872162,240800.49037350772,275610.0349852668
103793762,680000.0,3,722599.7252410423,658377.2248925142,643978.1269493807,665509.4957025537
103793742,285000.0,4,227500.97033930087,247324.50405050177,249009.780231746,259602.22091038694
101673194,620000.0,2,558179.1780249781,590345.6401833361,566813.1254061596,578189.256453623
102464025,580000.0,2,558466.0635337252,590469.2715971362,571724.1076421866,578073.0116529993
103356717,578000.0,2,558492.1440345204,590469.2715971362,571724.1076421866,578073.0116529993
102464037,590000.0,5,557309.6707115778,582455.2556615549,576406.5086042982,571134.9881039262
103282764,740000.0,1,899853.6927582382,779999.2199516364,796316.1919053082,803901.0943821582
102881026,1700000.0,4,1708584.6725187122,1634938.7941169722,1669466.8148043074,1702719.5368242539
101960777,270000.0,1,310241.2736203885,324683.21177593333,314336.3958140191,321913.82665032905
102880636,330000.0,2,328735.4967084393,348803.51776634715,346940.4281241811,344900.5792243514
102881017,1600000.0,5,1863599.907342967,1800821.8783546344,1939175.595059247,1664594.2627955186
101960781,950000.0,5,1068303.1243642003,1025699.5781046427,1012340.6162886235,1058648.6971944952
102882132,498000.0,2,519055.44558374514,493794.1630433075,509510.2606309735,492725.70514245617
102892430,325000.0,2,307778.30154305295,319094.74549329805,346742.25067479594,315621.5966845051
102892432,1300000.0,2,1361384.4147210307,1273420.0126792854,1502902.2933942848,1325317.5763876839
103551285,590000.0,4,674788.0835382338,594756.4885812541,594771.1528610898,629831.0873973513
102894373,270000.0,2,228839.79898520597,273475.77403096494,283205.6786593369,269969.33908690483
102882136,590000.0,1,633423.6963616317,568016.0723576242,585222.5575290213,577514.8180421565
102894376,320000.0,3,231027.67109177265,252635.21788942357,265539.67889559135,245104.49471722284
102882138,630000.0,5,719514.6848884673,657905.4460897486,658552.9097703771,665746.7844338873
102881313,350000.0,5,372440.42436273565,356798.09801592614,348785.7125834085,339844.37404782424
101960423,198000.0,5,249763.67987145606,282392.53113475046,263536.2409304522,252641.383930648
102820450,598000.0,4,625246.9857978766,642966.5689834456,643993.0494683097,682902.2723711701
102820649,570000.0,5,523668.26697804575,497075.094544171,540332.8555817341,512715.67368191533
103793824,450000.0,1,373355.50675911934,377854.3687096344,444762.83395999577,602144.7006141754
102159640,380000.0,4,361173.27399122977,379901.05728308053,351799.65408837545,383506.3828202959
102468626,270000.0,2,224647.46741238396,246084.5954886869,250318.85358815145,261823.0254662774
103624230,335000.0,1,242974.15491726488,307773.008249199,323967.28774717153,336217.46930497035
102893089,300000.0,1,335110.0061506797,337552.4882226648,356841.11260797485,361080.8744909123
102199142,79000.0,1,98269.7670426441,88682.25414629733,85566.63817405971,87569.391385808
101499810,555000.0,1,566600.0851532042,529742.1838124074,516411.0431341328,519452.2086459435
103714789,498000.0,4,525730.4178812646,516739.93512333947,520743.4821577319,517682.86792442144
103356674,598000.0,2,647209.7312286146,601275.119546992,610015.1038763267,612665.1672858135
103301164,530000.0,5,551182.6816445384,527815.7112175308,540188.3608247958,539832.1176050736
103390061,368000.0,3,414778.1427561614,347043.73384437425,319051.5981150568,329204.4022322036
101624732,368000.0,1,361329.48370742303,366916.26067099755,374807.51255463605,370962.52995177277
102889904,408000.0,3,388179.2054514422,376094.59003124916,336545.7424447149,353583.01500451064
103793643,378000.0,5,317400.3882772104,344534.5582788972,367263.8816057828,359558.8072353279
103793473,370000.0,3,470998.2776912028,398747.8925126857,386475.1659026168,399890.1075280876
103793506,295000.0,1,317802.6353145442,315947.83369315456,300522.852745129,291200.5065875729
103793496,200000.0,3,252618.7959589427,205663.24174468985,220960.61538047623,223445.9075790233
102904007,198000.0,5,249763.67987145606,282392.53113475046,263536.2409304522,252641.383930648
102889893,580000.0,5,544959.8781234403,561770.3303064932,508667.49309567624,530796.6251870287
103489956,710000.0,2,635818.216340751,594558.9111250818,541108.3653683676,578902.678361584
103435132,598000.0,3,593836.3500808928,636504.8141109083,652655.1714117831,621698.0598087789
102741031,340000.0,5,309618.4567195557,287567.4456854356,302538.72233084746,300711.68478344916
102889874,490000.0,1,495801.27900411154,481684.55434089585,460229.7695652769,499777.90545493533
101763640,350000.0,3,320328.8027951594,340613.4890716422,341879.46642587095,342854.9109005258
102718298,360000.0,5,329986.4175557035,359325.3755707948,380749.1423185862,369800.6277893826
102717845,330000.0,4,321185.1051296467,353358.6679252193,362331.8363092924,356779.2020528233
103793587,250000.0,3,200912.01325118155,210436.7153005733,217121.96014220145,237090.4942651751
101989957,380000.0,5,509009.29505134496,472264.35277460073,499222.87260453973,538216.1316962688
103793534,520000.0,1,565243.4061937884,515633.7230814681,538127.4436808298,526831.2277971614
103113863,1050000.0,4,799281.5695957531,912084.3179383662,879025.3987276413,943482.2496769542
103793455,400000.0,5,444440.1468241048,429792.2819218895,468329.23556423944,441622.0504302813
102906295,350000.0,5,315172.39736461296,352171.37187358236,304810.1733366082,316285.2868794963
103793234,400000.0,5,400911.65622149984,375309.4089969147,348086.96932454885,415808.9960881471
103793184,535000.0,1,615857.4585318664,519517.73742799513,538873.9506558242,544931.1010099787
102906287,340000.0,1,328894.5100737871,342126.49135357776,328519.75702875067,341390.7717787669
102400730,390000.0,5,414821.1778568716,391246.7207339107,476275.8704763835,406919.957580506
103793204,160000.0,2,296681.0527170234,325135.3610296388,255192.08768840527,236969.96126344206
103793389,330000.0,5,597108.0067584348,672433.9795406667,698095.0711464626,689667.7314757463
103793385,290000.0,5,409891.93983717065,377823.4288804496,367616.7280585006,354226.11110487947
103573434,268000.0,2,426674.70556174155,372372.8466536484,348897.6103403844,368299.2069682883
103793364,240000.0,3,302947.4313705341,240805.06646596745,241265.11920743855,256306.4531258695
103793360,690000.0,4,884828.5193710261,1044162.8776876003,894950.8671052399,1186067.533695811
102501000,355000.0,4,401531.71841604856,383657.17137138126,377623.5527160728,385822.8932089878
103485603,385000.0,3,405420.962928672,383502.3121500192,390886.4547970758,390946.6637361062
102593827,380000.0,2,397202.27603151713,381481.53160401754,355442.7991172529,374418.3891658803
102500912,380000.0,1,391480.578835756,389171.0591555317,381563.1382962293,388669.10697385384
101881452,299000.0,4,523900.61739536683,560543.3063727468,524715.9906442191,463470.78466383216
103793112,460000.0,1,549055.1190465097,487030.2973373846,449984.5504269722,478361.44008642324
103793109,400000.0,3,400205.1271796627,411276.23329342913,453436.07140235265,417855.4245791891
102887335,380000.0,4,349103.8997997597,326026.43045776675,327536.77012608637,354871.4362678787
102878384,299000.0,1,331664.9417678184,322964.9644077899,263759.37439979066,269222.6128265861
103793327,330000.0,2,353771.75239781005,358653.78534549713,357693.05166555673,388522.65072599537
100582129,265000.0,1,244569.6661543241,281030.0937837695,271817.2903911222,283996.31277899485
103793317,483000.0,4,650833.7055113962,540325.9409506957,421177.3611385317,467112.76362983044
103793316,245000.0,3,196550.23311970104,229452.16785527632,196283.82370731485,220954.3840382135
103793311,448000.0,4,577430.7221457526,460923.62106730154,457496.5157344922,462503.04287940095
100481760,300000.0,3,421888.385890958,402502.68789237033,331316.2528922369,298844.9633871167
102886577,85000.0,1,220431.81133452672,181778.8068429689,197399.4863392671,180016.9573181139
103793285,290000.0,2,283346.8970465939,282565.8346990634,275011.8235204685,273705.7518864708
103793281,460000.0,1,421486.20655937376,400957.8803184702,440579.5528326629,405464.62227780104
103626074,99000.0,1,82451.78758103322,119985.84747859623,120841.18108592852,122094.92310962324
102878299,299000.0,3,426184.0868302626,496809.84198012465,440380.0770167667,420144.36519573134
103652137,138000.0,5,223691.53176602017,193045.25054223218,184028.11272305954,181235.07169973667
102776037,180000.0,3,224316.16165406996,177065.50182855796,176276.35190288557,165949.173096704
101890860,299000.0,1,575943.6005785662,502805.31072725373,407396.29808643134,453500.3148494507
97543894,245000.0,5,198178.4807927518,256111.72998007303,250983.71631599215,257882.90337089007
103752445,385000.0,4,368404.68960447714,374413.02188910614,398619.1681174535,377453.4152626009
96426992,635000.0,1,547199.5075927401,595334.8203803271,630275.9262330959,610442.6733910643
103452020,530000.0,4,595086.6076747417,571551.8375643555,556669.1523287972,562140.1639950734
103452025,600000.0,5,712924.8171959043,671149.767684485,644346.3091496517,648530.1739503244
103452017,495000.0,1,478914.7718143531,485359.7081477363,475271.72766471567,484918.1069226278
103452015,450000.0,3,492086.31276816805,482160.09113461943,480677.2653563512,483446.91695036564
98227923,450000.0,2,401844.66993754107,394512.7441688128,373315.53710575745,448972.0339800285
102903842,778000.0,5,629126.8149528936,563416.7586883776,568030.4502771166,537798.308443188
102916673,820000.0,4,661007.9140273924,730963.2398600775,730447.5106572814,813114.4497735044
101880348,299000.0,3,526038.8038474047,411287.07557161985,384994.339749108,302934.2355132215
103793098,468000.0,5,575172.3796142879,450491.804387188,497081.25962466927,458164.57411908737
103792881,650000.0,1,546095.6501542592,554528.8151548571,533467.7077010805,503508.3636006508
103792843,1150000.0,3,1135130.3988075538,1077603.3565130602,1059740.5355782555,1073341.952755278
103462548,410000.0,3,478422.32461045,414365.6314559617,365629.56314959447,391557.1615278295
103551709,340000.0,5,404430.96224617754,391085.32976124063,374593.70834104205,374417.8717512382
103793061,350000.0,5,689003.9080570963,765324.1475467854,819468.7496363267,838111.4658996469
102020919,120000.0,1,139767.30975991656,103364.81171293583,105985.30440652375,104514.27292271868
103485601,380000.0,1,396887.52916703705,390971.2331559621,408080.8177050808,402536.1565843663
103793045,450000.0,2,446228.55162567174,405677.53875652596,406232.29692535236,390614.55423861573
103248462,240000.0,3,214095.81554633094,255581.17511723936,245902.70780236003,247435.69968695036
103766881,250000.0,1,216257.14049616765,257083.26935829595,249456.7363328268,257220.09766720657
100264116,785000.0,3,844926.4806698688,905776.1765038746,679061.8596826268,819666.810405674
103792792,340000.0,4,455218.6799959243,449541.9786320148,575902.2603266946,490985.2368487007
103792790,678000.0,3,538404.5824751896,518573.81124708336,520803.6688308704,525907.2532330359
103792781,1050000.0,5,1002983.8068877329,1137125.1568295648,1093659.3402072028,991175.5954434169
103792754,135000.0,4,151010.40327542045,189316.55457583198,182477.42516197715,190464.9211503489
102473857,168000.0,3,210439.03437430685,159022.42361268328,140376.08980807223,175644.01875928172
103792765,5000000.0,4,3423239.1499222876,4877864.981319906,5289270.357645659,4427943.602875603
103793005,490000.0,3,573929.4453448424,469468.7637716245,457562.736175903,457869.35963528574
102234050,400000.0,3,473055.0598201502,483586.14026079734,452636.15390899195,436378.5203172864
103792979,620000.0,2,556370.8506408483,572527.4583076912,509758.2405519553,654043.7278550282
103792969,150000.0,3,122312.0971410381,152072.1758661238,148694.29935610437,143456.6583349836
103792968,155000.0,5,128551.04840600329,164933.13810552182,163320.94006385232,161183.14460718492
103792946,355000.0,5,166610.17249799645,214399.41665143849,226020.13704876258,227369.66209786368
103720640,298000.0,1,375885.39009090856,326149.512747495,355615.10661563167,343153.7510923968
101890669,620000.0,4,628074.208541674,642100.545318309,665251.0832489724,659457.9324443575
103792865,308000.0,2,237916.72374216883,240605.0671648222,250885.41124443282,266118.80602517177
94945757,349999.0,4,337931.28496200714,316933.0531316682,322894.7378754462,328242.6729688686
102800814,212000.0,1,283587.39765526465,252550.75911703196,268025.31802004,240780.17751671246
87127308,395000.0,5,452632.9570362316,417900.86039247137,427837.80815863365,439916.54701468867
102052469,260000.0,4,273561.51137754176,247001.98497154372,256556.4903217282,244565.66475271565
99627275,288000.0,4,273600.8091867851,247924.16209635357,255930.29466360394,251393.86427207518
101697554,285000.0,3,189750.35328817318,255160.02789845178,265612.4246230351,264159.2533435895
103789690,1150000.0,1,921780.9225827925,960349.995564981,941125.3308847166,880130.8228752571
103792718,238000.0,2,323960.2425955451,267799.2555061731,299400.1883844567,290364.88506538526
101969625,1700000.0,2,1765351.9101052745,1872654.1849076697,2104337.2202316774,1854892.5339288611
101938509,1150000.0,4,1356880.551342585,1396161.7334034096,1399331.0042758542,1371211.9744346386
103792508,960000.0,2,690155.549750274,751175.4731074467,864301.6589524536,763927.6258296425
103792452,229000.0,3,153090.8492086287,221577.53383947798,211428.35657044986,230408.97833033378
102911472,622000.0,5,572416.7956872034,578581.4552523636,579623.7945310193,567528.7470861076
102903095,1230000.0,2,1496564.3020779307,1422238.860595791,1300255.4053084124,1487030.5234979913
102903047,1350000.0,2,1193987.2851824262,1240521.610837178,1315540.1447251635,1261988.3723948188
102903014,1200000.0,2,1193640.6397625387,1238286.4346200887,1315122.7899510975,1267766.278131149
101894208,660000.0,1,419233.45013090246,402681.30400110775,390292.4212509776,385130.26017784246
103792474,165000.0,5,267134.92874011816,261986.8162274664,242998.57586089708,228807.52148001373
103792466,580000.0,4,397499.03152429505,409730.5356071708,394492.41565502225,390154.231971686
102903141,1450000.0,1,1293685.8771772147,1437437.1088768188,1130028.5267094828,1230372.7276430542
102452948,430000.0,4,425074.25380476867,382523.6847286525,387681.9677003291,379579.866727808
103792686,295000.0,1,321192.4786565097,304782.78045416635,292210.685550642,279887.39432362135
100896364,230000.0,5,227522.176039654,244531.1344597978,244533.74004500275,255778.18541553104
100271479,199000.0,1,262145.7124842081,223835.75144900393,225165.70185302026,230560.85489446388
103792653,275000.0,5,567717.4316226278,502114.32431295805,453927.19009967754,506265.5189659922
103792649,265000.0,1,237337.0894945819,278368.4100051753,284843.9945488082,280107.8274255985
101895409,928000.0,2,646133.7848914873,645282.5246085034,644610.7142148495,652412.5556831204
103792631,250000.0,1,253100.8929902067,258751.1814712416,261315.05298013284,276554.8321458503
101969583,1700000.0,4,934604.626953177,1156744.5663952352,1104128.0947697123,1249757.976843406
101997138,920000.0,1,1018026.3324892352,993797.3960898668,969047.4714196638,968467.8530369119
98859046,1250000.0,5,884794.8219180069,934278.5026449814,900167.2521367779,873481.8373709467
100502825,110000.0,1,24767.022609422183,115267.45791292493,130166.97709484458,139317.81076906167
102856895,345000.0,1,299773.9186535921,336994.6697398389,349637.4926381653,338885.8058068502
102856891,350000.0,4,315840.7875408745,327626.44578128867,340515.7590893706,350350.5123222518
102883748,318000.0,1,266732.5122672101,294173.49281919264,295070.67703854514,302761.6119595534
103792599,145000.0,5,209164.97877433995,162346.41416722673,163338.30212867976,147951.88413926825
103792570,255000.0,4,302708.5159052514,285224.8106538324,297895.24080797785,299336.4547836832
103792559,225000.0,3,299140.7127386803,276869.3149880961,270854.8425331114,308874.46490050544
100924995,240000.0,2,223135.46597515768,248105.229915525,254996.813794704,252208.34457600897
95208072,550000.0,1,430977.9154896226,445111.6504464247,458372.65392254264,419716.91223314917
103041062,550000.0,5,474466.4759593006,463483.56520456617,492118.4310705433,466097.4270615652
101762518,595000.0,2,708161.1565624493,688036.1873255335,667516.5502033313,676059.0609022188
103637604,445000.0,4,468985.59550086805,465754.24038164597,411037.14942433167,446768.284182293
103470225,169999.0,1,217321.129534322,180054.2694437006,166640.82060430222,174628.36511274052
103658209,305000.0,3,294282.2544250068,303109.09126881603,303963.95685032825,303024.39874507394
103667423,400000.0,4,376518.9691200037,392938.18476423674,366893.9571600735,396372.4349460714
102314068,430000.0,5,556140.8503063276,518543.22278792865,526834.2347874157,536929.8118789928
103106401,235000.0,5,146847.26069866787,238268.95838323055,237478.03442669,243686.62742953183
100481029,440000.0,3,574853.0713315624,519967.88531650713,499075.40763715206,507654.63205682545
102747048,400000.0,1,421899.69147441885,394102.64457105735,389432.0339532576,395991.0016867389
103610495,1239000.0,1,618861.8458409352,681601.7535876893,723419.3927533441,640902.6698942126
103763228,239000.0,1,283068.54336973885,269648.2595605094,248193.14277568815,252397.9160185271
103792395,850000.0,4,647423.5865225055,742777.9161644771,735154.8403428792,690755.9294023857
99797644,310000.0,2,537694.5027338455,445887.6058467715,406547.061089842,507216.88308702386
103792198,482000.0,5,514175.36904129013,488725.2998037199,483595.28978268337,492234.1750063736
103792181,155000.0,4,297516.5167167793,265356.6649081888,243809.8128362728,219187.967214478
103792173,158000.0,2,131346.50942392362,148637.49343893694,157387.10964195075,136610.74503154462
102879544,320000.0,2,334109.2468337287,319295.19985168596,312789.5532366563,311068.12388699054
101933895,270000.0,3,319135.5992963982,278279.35375187336,272823.7216730459,276638.9899892313
103792366,240000.0,5,234928.49846682415,257089.42270783588,266402.58021594025,259733.89889055025
101005689,145000.0,5,125040.3772908503,159752.97878521917,154339.23214882956,147630.09817021815
103792363,380000.0,3,320390.0721575785,340873.1866707931,341765.54613208445,344059.29452647147
103792331,473000.0,2,506380.88991215546,481314.0290987418,477807.63448459,509429.84363074397
103792329,378000.0,5,342372.93333766575,346862.8185804568,377838.54577758466,353746.9321621038
103665308,385000.0,3,389572.22180101724,399009.81869714183,441980.57275727426,439659.85792438994
102760831,398000.0,3,380508.3237722152,397431.3388905925,387630.93756851624,428725.11513739906
103173165,350000.0,1,201062.893827991,251689.7698165053,261635.08162210757,265698.5532023398
103792298,190000.0,1,135036.8866003951,169926.19380533186,163705.6264707628,166662.0586219311
97315489,450000.0,3,448034.27282921283,441782.777143192,436103.06835570117,418911.49643685174
103315726,260000.0,1,266732.5122672101,294173.49281919264,295070.67703854514,302761.6119595534
103289990,300000.0,3,271666.9564046261,283693.41202764615,278241.88861064886,279154.58477002085
103748225,315000.0,2,270714.359542472,290369.03839906986,287463.5584748771,298438.06940290495
103190909,288000.0,1,252907.93040069225,307759.65755438036,289658.44889351795,300471.3725770521
103738015,88000.0,5,133603.7149541547,174593.3296959117,73378.9713896612,71176.40872263785
103792147,470000.0,3,445210.6012387776,415938.1008656663,404978.0625514873,398410.6459233628
103792141,600000.0,4,563439.1271597056,545376.6139134094,557381.7218103255,485731.39175538084
103792137,385000.0,2,323820.58361815085,332073.6321161009,344063.32706894545,318426.64539365086
103792169,350000.0,5,657004.4498912271,658247.294680739,682324.6639903904,784425.675038058
103792167,900000.0,4,713399.3418277297,739412.0074344436,753345.0747744626,728786.3724219851
103738707,458000.0,3,370169.4721141609,343328.25021315255,351730.8642657432,347360.33822064835
103732912,300000.0,3,269337.2637879988,303494.60061503376,300237.8669595973,290096.21503884165
103737795,299000.0,3,319087.98261111265,303759.1557111691,284391.84180561727,310119.00453393854
103792293,133000.0,2,230273.49543868215,215850.62488480043,241915.3246976588,238279.28680728862
103729534,298000.0,5,313654.14238984545,329897.9194030218,329459.0326242633,309519.2610819836
103669851,476000.0,2,518656.8519108966,532266.4632606695,511468.0862982766,506317.4638017017
103735897,450000.0,5,216226.74594840966,455635.1052917183,127340.95136846117,221148.21075657505
103637655,285000.0,4,381290.1397857416,344381.6641377262,324893.5234019764,365627.4046919989
103728442,220000.0,3,211687.91234443474,275000.99539110117,232774.68131889813,219063.0050753943
103352777,630000.0,3,291108.9843009624,346217.0541137132,418515.61473928584,353927.0405309344
103239594,420000.0,4,444169.53654299304,457991.58130567445,471465.37665012904,458289.8192287421
102428144,600000.0,2,402195.8160883858,385753.789390998,336247.2954799785,393831.3590699934
103792274,440000.0,5,509982.24469212565,446040.8124049448,384269.5978921737,436168.6961654397
102559387,390000.0,2,314651.3647538278,364871.3358711665,331881.3168756412,324940.04148863134
103732345,470000.0,1,377893.17942261405,356556.2191644216,382637.8864224324,366661.36929911893
103518842,170000.0,4,158449.60807786533,138008.31959551666,128519.92547943839,112750.97545416148
103730142,850000.0,5,763126.9570349713,672128.2220689366,660869.2174216151,647902.0213883944
103730518,350000.0,3,382705.70368510764,354386.8994494558,336986.75881612505,367650.4462454864
103730003,265000.0,1,356983.92195760197,341798.38368122093,333320.8635984291,308260.5889057603
103734787,158000.0,1,686795.434984764,627707.1341672691,621058.1729255314,595141.9604028562
103519551,115000.0,5,127081.34234522698,169285.73550312006,177424.7572364647,168155.93585516943
103502119,389000.0,5,294127.01864044636,280191.5592634751,284030.8059702695,281710.792661919
103727934,78000.0,1,384716.78687554994,352176.25884898956,278315.96067621914,252197.85857582814
103792252,370000.0,1,430135.3421067754,374718.0683669875,368558.94332081696,382206.18878424785
103700639,550000.0,3,541460.9740450057,475174.5764993621,515214.7758948696,488415.7484651628
95070175,289999.0,1,514809.53276695096,451482.9471797884,471900.79950769,423205.11875342
103707767,600000.0,4,590001.8385245523,539861.668537226,532330.2355390907,570559.589171903
103792241,550000.0,2,492390.0108707175,509523.9625359905,521607.6265878698,544493.1288777769
103728312,165000.0,4,143147.55220284653,192138.81499506204,153508.4059742645,174289.50876031144
103792238,500000.0,3,653214.5624254241,594344.0675477713,572715.9189009368,560567.0537237419
103564933,380000.0,2,406487.55617416895,384875.12290677894,398943.8789570035,393916.40670035663
103652972,230000.0,2,305655.1352763608,267575.0839002202,256079.61755132707,265684.2448032627
103141584,235000.0,5,292385.7434464615,280341.22603233415,228201.33887373697,262377.62886312697
103658514,255000.0,3,242702.89016355647,239902.09036784552,230909.83363264072,218842.38723758797
101025143,240000.0,2,244193.52953509256,218140.8796117429,203353.64926056864,207810.7650878476
103490096,99999.0,5,128546.25680412388,162429.58877833775,151460.22746459531,146792.46377168837
103500625,255000.0,4,366369.78659971437,340082.0604992604,341568.67483375734,359911.91791395226
99312797,850000.0,1,830306.396563778,712499.2230141208,826690.1498894216,692157.6683618852
103792131,530000.0,5,514698.3114300087,502669.0914194719,497587.4579474643,484815.1569329805
103791973,410000.0,3,426054.1474126741,424606.11841728206,408078.00054681674,412217.5626384616
103792009,420000.0,4,451466.87386955385,437699.7914234643,427196.230689745,414775.5028305847
103792002,400000.0,3,465231.9610402653,465413.548161921,467628.34762503405,510297.623605794
97952413,490000.0,3,379658.0049836353,387759.35485044244,378702.5853229339,327947.28179967636
103792126,450000.0,4,335081.46506891015,322344.41729871626,301572.4156362883,306125.5346045466
101150862,350000.0,4,348069.83335074293,323745.2614011887,303663.05910866545,324401.760778783
103792109,100000.0,4,517587.5749791311,457941.27745464764,360462.6791968582,387243.0715122257
103792101,730000.0,4,454891.32225536014,533350.0111940259,507240.95669047517,571480.9128505992
103792095,110000.0,4,278329.6592407429,257028.72745376092,223400.43988124467,171301.05326216714
102038314,90000.0,3,252017.70976137475,262691.9948430379,250696.33182291282,222534.85155536022
103792086,368000.0,3,320007.79044594604,311748.4534686339,329308.56602090487,353724.9491540009
101978840,350000.0,4,408145.32142485067,363998.37760932505,344353.64688994887,330219.6147312785
103792075,728888.0,1,673839.1976129365,736286.3744404385,672222.3142577563,733155.378377375
103792072,470000.0,2,480564.15265373903,468280.7869933172,465896.9462795513,475732.896495654
103457730,215000.0,3,202993.0116044459,243764.5630863023,262485.3214413926,239264.08044081696
103791961,150000.0,2,157220.822429603,146540.26143740624,141904.8761367388,147545.91237359802
103791948,170000.0,4,270078.99676685914,256636.7815791171,221075.4542331488,188416.36050673766
103792067,230000.0,5,199493.5592062938,267071.8340385703,252104.17349832124,258641.85682076708
100913483,618000.0,2,641482.7111706244,761893.6104363566,800291.5628262793,738192.3967935801
103369412,365000.0,3,442594.09453268576,405832.23735660006,404232.87013458693,398941.0396000806
103173867,290000.0,4,246392.19213972674,302385.5174871323,297135.90072944906,306391.2810944533
103479235,330000.0,3,252548.7541463488,296694.204515361,283278.8685543048,286093.3214054369
103388580,300000.0,3,257658.09754261636,299381.6858093544,307459.34216544416,294304.1653770402
102449529,295000.0,2,258051.17550911542,304370.4836260739,309025.3695372304,308897.88952011603
103792053,438000.0,1,435602.79861885123,420920.1787667534,414833.73470770125,415515.9564804664
102291499,420000.0,3,397516.6539144378,377449.26939731423,367413.8745115791,425771.04226090433
103792046,268000.0,2,250743.53735271076,278302.3466975158,290915.30663210456,270251.35847563035
103792038,300000.0,4,371686.17257613287,396991.16323347465,344828.6645776627,368607.2376339902
100931742,124999.0,1,131720.0175974371,163213.58633075788,150721.2163499207,166429.94613625994
103792030,475000.0,4,499651.33131252386,479397.8953637081,503695.6975043093,483644.26706471684
103123118,445000.0,4,446504.9459692776,487757.8697334225,497837.1071123772,456709.7974642337
102333874,199000.0,2,241029.0994645157,204011.27063246057,206180.8644799157,196065.75511688774
102588405,350000.0,1,352585.65510271845,324861.8158859081,323157.71125066065,312984.3242308042
103485585,280000.0,3,233430.16451071049,255818.96685244754,249937.29671128545,250966.09594152245
102079455,270000.0,3,252511.83499302142,291120.3251640361,284389.4470183793,283005.73885139485
103695799,250000.0,3,260818.14613897176,293142.95101551345,285442.2239916166,290259.3127264104
103464729,300000.0,2,247752.3483339893,275751.66304860666,273350.3351759183,270192.60606319143
100445237,290000.0,2,484896.84605486464,578280.3748286123,628775.9120264695,556639.456382829
102822588,290000.0,2,433231.56639397034,418745.5716103445,413866.8011924511,408766.75801719306
103791797,295000.0,4,384883.5469526992,376710.46182697,367938.24377329275,404280.9796934868
103412167,310000.0,2,357089.89038145833,323213.8287001257,321606.0184544473,294880.9549507299
103791934,456000.0,5,457361.0858788911,439728.6228657778,472706.1497232107,475354.38885645923
92713426,168000.0,5,190562.40918375461,169524.27779388273,157409.45183857056,161377.89244094596
103791779,450000.0,5,491084.99969696824,451228.75784326793,474051.8735981009,470795.7793550746
103791777,350000.0,3,224149.12894112978,247553.2311977409,263027.62680129864,249639.39338277877
103791776,350000.0,2,453417.55285348644,409944.1041469264,417745.5644737372,444554.3038485652
103791765,299000.0,4,338117.83502194594,333205.6717467316,330729.78947641246,351537.19369193877
103791750,300000.0,4,321367.26803759986,321038.6840398296,286881.85336812603,286837.2848986195
102893752,165000.0,4,304653.39277193695,243933.63518147395,265285.14237395435,243545.34419104122
103791793,228000.0,5,268911.1348777084,271012.20711224497,283651.7781773344,305747.0092301853
103461517,370000.0,3,471627.71271191933,374081.12509862095,347642.2146245513,372013.5745910728
95030334,105000.0,1,247640.66697825846,174561.40769544637,158259.93874919065,151389.20573607937
85487683,128000.0,1,215275.57397672985,191311.01941560837,203468.6607470461,201198.48751530098
103628532,290000.0,1,265651.1728645971,287606.9287803403,299794.35778159066,286976.3570086838
103791874,438000.0,1,445314.23322144244,465553.9506114356,489032.34232046787,445204.8390299449
92003273,440000.0,4,461704.2539579046,430030.7685915532,402928.9760135971,432131.874808393
103791709,250000.0,5,241924.88926770605,237474.3769566402,229347.76738705166,207625.6655093188
103791707,460000.0,2,515190.73919291893,500244.4514538387,477494.163504221,469732.94823029207
103791734,450000.0,3,506091.0943108464,439388.56154712377,347795.6964829391,413883.37746860075
103791869,365000.0,2,457591.3175469477,375122.3282031115,382155.51050414884,372969.54443054623
103740800,265000.0,3,269798.1490079592,281181.49825488025,272650.7096173186,236840.20386514577
103791864,280000.0,2,339465.9134933655,360644.1806684848,428839.57835608145,380921.08985844476
103791854,360000.0,5,309682.37770073203,306214.2205707283,294505.84018956585,293987.81266441994
103791845,275000.0,4,484167.8568538794,444986.35651524935,424238.68566589244,383429.262545532
102754696,268000.0,2,436202.60678080225,353391.434418427,349284.9054459818,328560.5046874186
103791818,421000.0,2,342376.88388191257,337359.6756925425,359220.4386471305,357567.9522279916
103347573,238000.0,3,226167.44035917433,241066.22466088855,219419.61686611056,226459.29303138808
102588406,155000.0,3,133887.21726766432,157044.24053567482,164708.81451335535,150321.32485917385
101652348,195000.0,5,274166.3656031202,245303.38032251687,241696.63540122772,227700.86260808757
103791808,350000.0,4,393702.5428915202,334248.2578170776,300341.6534941271,321129.6046011468
103621456,300000.0,2,316051.1089979353,325700.33315052214,323689.8146990758,316008.72017999
103791562,480000.0,5,470455.5008100128,440086.4353181471,463122.8133390325,445524.51488876535
102968238,750000.0,5,1242821.621850968,1112158.016661794,1030066.1415080631,1080829.6388825395
103634450,315000.0,2,322737.6267777524,332093.5810423091,342237.23612153734,341878.29959315073
101975367,270000.0,4,346143.95219989406,315028.8650124417,294622.780286788,303655.5400785132
103791691,295000.0,1,280447.0875992259,261154.95655768298,261140.75351908093,251280.55086196234
97456389,365000.0,2,301924.14222459565,323488.6061808862,339309.573868866,302248.7611197039
103791681,499000.0,2,538985.7843478997,493350.66329067026,500580.61505048565,516338.84792356845
102835208,505000.0,1,406911.82618644985,416642.10967709863,402781.45649153466,361929.71447817713
100723840,990000.0,1,935768.8434645344,1149617.489932935,955366.2298022201,1054065.0587762326
99785850,529000.0,2,574232.7854854087,551489.2263208976,528271.5553991593,546606.5278163345
102383904,168000.0,1,295015.94587956,242274.65245146968,300845.86784595664,245682.66546366425
102906044,270000.0,4,335202.2206486975,306401.2951787757,307429.3952509921,294731.2156108705
103791668,170000.0,3,127341.65917651326,142616.50631501988,143564.1416664516,153870.4264589389
103791666,350000.0,2,413205.59814319434,389928.43193785445,392115.26351525355,367188.1062743221
101830324,498000.0,5,445157.51029808854,527175.2019709239,554122.5860630621,571249.3008388728
103791661,160000.0,3,106094.3432184375,157550.47810342928,157564.2899515947,138460.27471252266
103791654,180000.0,3,194972.7768944646,225239.1357121357,216155.48146910622,218920.9547569209
103071710,312800.0,5,322357.22461973265,316016.2167440549,311828.4325427934,301805.04741388507
103791652,230000.0,2,208285.5876614245,212565.98442702994,223010.72556965472,215569.00163930107
101278339,355000.0,3,242899.36709021794,262356.52219940216,288765.45043681265,249709.06262715976
103791635,1250000.0,4,682324.5255991314,775157.2518691906,912690.6531481565,788807.9530596305
103694365,388000.0,2,326390.6262355156,343226.72249367,372122.420864248,346908.7124181289
103791396,900000.0,5,639649.1414217672,703090.7650826806,722775.4506010888,623828.3916900763
103791624,125000.0,5,145693.8155515521,148695.9001665949,132329.3414028661,142765.87105364478
86318472,220000.0,5,186589.42735397723,227149.22092234227,223029.58086792895,221495.12944703075
103538407,298000.0,5,436904.5725853837,417071.05159175495,411527.09622103826,380216.66475925525
102681253,300000.0,3,332615.64498754765,323305.41593737085,322889.27204794623,346211.7211692465
103068119,388000.0,2,407143.05566357257,386043.21087841346,351276.1247062447,381916.53054879204
103791594,105000.0,2,91164.34998813808,119582.39757743104,101500.46366141169,102174.37232345916
103791592,1059888.0,3,1024692.6218232112,1040880.3757596439,1012685.0302979653,989417.6675904206
102587559,165000.0,3,251898.34528444544,247839.29176667266,210357.84423933958,210637.89704696703
102302792,168000.0,1,273447.015945699,255054.0682260823,261392.71885144472,245950.26246791525
103427019,560000.0,1,450719.75926209596,460747.2694251366,474171.97616616404,491250.7858686244
103713277,1200000.0,3,959029.5154434682,1071052.7689268277,907846.8708616652,1065583.8086360642
102164246,168000.0,2,301013.3060326242,266645.05361785914,251988.4231193346,250984.00764673037
102958432,390000.0,3,1082294.5774982744,1177005.1358536095,774029.6484711163,876474.6122355262
103770527,200000.0,2,188488.19551628124,209460.80637397635,215598.21176684593,209285.93966760678
99320652,278000.0,2,330839.51364976604,320746.71830159926,320500.45508367155,308560.07765073254
101888749,1150000.0,2,658329.984463683,686084.4886353156,656815.7472196687,678348.6045421992
92817548,355000.0,1,424842.4348860906,372561.62663737516,370717.62443773955,383909.0890019546
101889227,280000.0,1,332501.63297324243,338259.93193634495,336938.8378766754,295539.10120531137
103214657,170000.0,3,246775.96707837182,235414.90855528577,253554.37989883817,223048.24945740355
103791374,550000.0,2,406974.6503388004,469754.9844726051,469478.4214279601,524476.2441763767
103689427,735000.0,4,729345.7153439873,768770.895288507,842686.2740092826,842161.2327230363
101187396,570000.0,1,414013.0986564409,378947.063299383,418682.84401222994,445380.97907457827
103791353,539000.0,1,532766.966067804,506552.4258287275,461724.6238333228,443373.47108612984
103791198,298000.0,5,308314.25556838675,314060.8857482635,302258.07186020823,314486.06331789005
102348665,530000.0,3,481060.65517819783,455326.0468854513,469976.7245519815,483656.4452012225
103791217,102000.0,5,170581.23465025923,154561.64723703166,155754.62375051528,173341.90152297204
103791338,110000.0,4,193985.6370662297,194388.1530543076,208057.1904018122,168226.32603478004
103150150,404800.0,1,463193.7916893393,435050.7725942152,423246.2197174906,446278.2411968312
102988049,338800.0,4,291111.5506436382,309998.7357256443,271797.3185393743,316674.40837076906
101987861,299000.0,1,301755.5954110224,300145.85211154615,349509.2183750062,352533.2357643179
103791160,400000.0,3,465231.9610402653,465413.548161921,467628.34762503405,510297.623605794
103791154,250000.0,3,190112.95815471065,201029.650626583,186181.539543735,195433.1682218875
103791129,340000.0,1,402979.50424917863,353382.5528979025,358285.83019343816,348908.69425697596
102768584,950000.0,4,729865.8062465197,656072.1951614122,657170.7783789968,707868.7873321824
102568234,438000.0,4,549176.9489835157,458975.6805641135,449548.76903891005,448269.8779700179
103791297,530000.0,4,496370.3442373481,470353.98093683476,475804.235520501,487294.8113369858
103791296,360000.0,3,358128.1049102643,393894.81504429836,377204.3342450217,374782.15038147784
103791288,630000.0,5,605815.4600698918,543205.0819950073,542315.2328001079,567687.1317560957
103791287,330000.0,3,338452.543548066,342673.0991881247,331549.800652679,337916.85004995496
102900624,190000.0,5,152140.43752975238,190097.01522228995,190035.85834791514,178569.43109129785
102900042,249000.0,2,233395.26064278543,251623.46436787877,290688.61113390536,284462.24464480806
102900034,299000.0,5,236167.19482092067,245282.36527730266,251800.50810027955,248179.07139596553
101531112,305000.0,3,333212.858057144,312648.13970534183,321815.27370313846,302284.3095379633
103791271,488000.0,2,398228.2434107246,395092.15166674013,385794.80387757416,390385.40279883856
101513680,364000.0,4,396320.9480895173,364386.68404917297,376403.69365360786,394553.1033015607
103253282,505000.0,1,430483.7707652635,447249.7327195254,501651.2721146674,485096.63759137696
103331391,275000.0,3,261987.9749034624,303193.4818257441,302642.06836526905,298008.90545953566
103791254,1150000.0,5,571446.8230725818,645066.9151370825,660994.6300691635,741057.4406215108
99060601,219999.0,1,261263.9861115419,241894.2967616925,243872.85860988678,224459.6086916336
103302624,470000.0,2,433362.61638720916,533470.1987586893,517723.96689527744,583470.8230604782
99062291,960000.0,2,634907.8693562385,774014.1726849719,642372.9731815339,793308.9984654596
101645655,215000.0,4,295499.47231399093,247782.7444196353,272540.0518799149,241907.2688684338
101645678,239000.0,4,270280.1315031452,236445.97508533613,233182.0860986706,213589.99291497873
101848068,235000.0,5,268626.6139384327,225182.87664606847,198799.09847257123,206825.7663470378
101645434,239000.0,1,279823.78672704985,230634.33950736027,219945.94323527688,219829.79669707795
101984721,190000.0,3,146633.99071501658,174704.8398265524,162653.3389864803,168202.57893510337
101984712,180000.0,4,153185.42191754782,181901.7841304207,176792.99642468197,180667.77786195814
100701657,130000.0,5,240128.74552039048,181184.40055852543,159844.9522576617,165579.0189382717
101816977,210000.0,4,288117.3000804985,254277.3969282526,273815.72995938093,248589.6466122905
101984714,234000.0,2,176935.7212062225,217826.13274932973,209878.01379093213,214386.92619618066
101862249,287000.0,3,306206.8777873548,250081.04437850794,248495.82896406975,227365.97652419965
101862370,184000.0,3,273355.2020003542,211295.46090844902,235035.0227965886,207903.9070326672
103354341,330000.0,4,355865.64324259566,358543.29409240687,352118.13509167515,375648.4144763152
102186273,260000.0,3,251342.929171112,247383.6653590338,241990.9612041837,238443.21086741576
103638368,140000.0,4,131212.34035732466,145118.83777583437,132043.22998854792,135057.15054124838
103638367,430000.0,5,466479.1596509621,470683.280020817,488910.2643448861,478304.06889494514
103436724,490000.0,3,508657.30703465565,492407.2135677308,504052.50766671833,485968.2950796385
103790822,180000.0,4,231725.85908870626,239964.6071080635,208191.2423024537,210972.93305908242
103790789,660000.0,4,473786.06417338864,517198.61280187767,443812.65291093633,571702.9049856171
103791025,415000.0,4,621901.9848772163,525417.3719410755,510472.1966955253,497877.4638494789
103790673,308000.0,4,338410.7375796733,322981.72462395154,291747.5163643479,326539.37124307844
103790703,398000.0,1,496975.52530743787,462615.99278251955,455486.27303901623,470190.41054539586
103790693,950000.0,3,662655.7228081339,730571.8293563069,794331.7624435228,828747.6093980453
103790692,700000.0,4,831789.6628526404,872060.6481465726,879508.6396237208,796566.9310914002
103372856,235000.0,2,231554.22449132145,213776.6769062443,178788.40086129366,204119.16463738808
102783369,400000.0,2,455353.30874802545,430360.07500906044,441265.7199257088,420513.1460938027
103790933,400000.0,3,370954.4103528917,417061.1202155156,434185.6573292778,518292.0716236723
100598613,790000.0,2,718022.1777721051,576181.4754207212,584803.7650396863,633357.8817822522
103316101,455000.0,1,498481.9633803018,532050.0258004406,535429.553464284,483377.11313068896
103314204,398000.0,2,464892.26670771855,434819.7347057952,398889.930044647,395367.2166065651
102987584,390000.0,1,511128.1562821368,451903.07379157614,405560.317175437,424801.7241659484
103399608,385000.0,5,532566.0419534679,437400.25199613755,466929.1778970551,492888.46765379526
103628756,450000.0,3,574210.3718612016,529774.0250502151,511906.92574578454,499151.95995593
99053367,600000.0,1,410048.5054823564,469843.32402890286,576985.2323141495,602540.1925367886
103470204,303000.0,4,232111.15342645696,255859.94769999053,278805.1511448382,267278.20786791673
103245262,1300000.0,1,1162748.548285919,1241468.293476938,1202046.5803810135,1196561.9763070252
103245254,1300000.0,1,1162748.548285919,1241468.293476938,1202046.5803810135,1196561.9763070252
102285926,244000.0,4,295079.3171903643,287156.85329938453,257286.30749567764,245730.5549035015
103790238,450000.0,1,519836.59321146045,469820.97187192005,467880.31718543306,471688.1513727203
103790324,230000.0,1,299237.3850024934,338288.67122331366,294664.0731958444,319568.5571094058
103790302,600000.0,4,357360.2655014853,341632.48085391056,402568.3628261368,375507.54424624296
102549734,350000.0,2,385306.2894057624,365055.8850067323,330829.11322636943,354084.03112508374
103790563,589000.0,2,419803.6900713124,444263.4661258556,411923.95026018634,416076.8456863157
103790558,310000.0,1,365218.20669271954,353324.3468222393,358270.66745106387,319173.5555669982
103758671,499000.0,4,501543.3620804211,417438.4471783107,422288.2637994524,447156.9882918394
103790549,289000.0,5,307868.35518317076,307789.76949267375,272550.5682850135,268237.12697960937
103790546,299000.0,3,322989.5039122219,302351.18210937316,302844.6585807891,254755.6050973465
102894595,400000.0,1,287372.8281764471,275769.35067768476,287771.528255434,281175.40638567053
103790522,420000.0,3,380707.0485974023,403243.5877093919,473957.83434700716,420543.778849998
103790119,450000.0,5,494372.9055296225,441272.4464615757,439873.676357138,430916.95967896807
99371865,810000.0,1,803723.8491693838,789630.4665584131,810910.6946212817,811231.9135867773
101589350,170000.0,3,189158.90713843264,176176.85422698504,182429.1026692479,177089.49384019015
102669171,90000.0,5,164079.4811371595,109902.23038187163,108866.83282580579,100145.71146572151
102483884,110000.0,3,74200.06200743499,109697.88032467608,93564.71454744856,113141.68886622114
101812621,80000.0,1,152904.2198618405,128254.76139782782,117648.50701076206,124036.47427363461
103471564,460000.0,5,553168.1463036315,517797.0646063145,493011.46496088884,496491.56807465554
103583113,140000.0,2,173005.20299255318,211100.34233531254,233154.36098213063,197224.7127877775
103075737,269000.0,5,282929.7225397253,373235.42969424586,298477.3144235704,297232.0879964164
103790452,360000.0,3,334326.642249026,331904.9909164773,309406.10973306064,303304.0099449379
103790400,212000.0,1,327240.3051670162,329349.5053509877,363409.4478331266,348270.6981642997
103655710,599900.0,4,655157.3837584883,616428.2132923278,649282.197024801,599583.5113522918
100892637,209000.0,3,219993.32615765915,215343.0378639536,198146.7140198279,225780.64681959775
103789800,158000.0,5,177299.59886662508,172894.0801172769,179527.60591724815,195367.1502249286
103789773,500000.0,3,594893.9049887133,547924.083963967,540396.3181807715,527538.82649847
103245282,1050000.0,4,1007762.473159418,931959.3050848311,891512.4383326867,874416.1159573209
92973147,340000.0,3,353234.87630637136,333818.94607304124,334232.2475284471,335836.96886358125
103790073,890000.0,2,483410.0463688591,526160.0432595358,640388.0148333382,622558.9801455936
103789731,480000.0,2,505905.36078806577,483315.5433565464,534794.3581849878,502545.5605545601
103789713,317000.0,1,282213.5350699014,303748.22236306255,317072.1194030446,312090.99057293753
103790053,490000.0,5,486486.5880569691,456457.8853562557,463635.41765960096,477011.3557628782
103790048,700000.0,4,700274.9665644773,825868.1083938959,756652.7927624722,729750.0963853445
103763890,639000.0,5,658913.2650458508,633416.9916146306,598215.486547659,537347.8920019417
103596327,230000.0,3,207895.40540817776,210463.31635672954,195704.52174852838,196831.79229088326
103553140,600000.0,5,511136.0826316818,547893.1878400397,545648.9531191892,538394.7231176139
103790037,370000.0,2,336776.63243765326,344321.0972896719,360735.5763995989,344646.5337722207
103790035,113400.0,5,203439.27775193378,159755.91816230892,150695.53963850788,174330.35032337866
103790031,530000.0,5,546987.6682845363,523426.96367893164,527914.4053611713,520493.8504013354
103790007,270000.0,1,227246.17811240122,235126.30702268574,237981.16868267246,243384.64586434653
96882028,220000.0,2,196558.19004211848,228832.93436982267,231338.44101657323,230135.8687117167
102385914,155000.0,2,177118.9653528242,201789.08728629342,202264.50889166872,189979.7207959744
103758407,499000.0,4,501543.3620804211,417438.4471783107,422288.2637994524,447156.9882918394
103758389,499000.0,4,501543.3620804211,417438.4471783107,422288.2637994524,447156.9882918394
103789952,195000.0,5,203536.72449357927,169102.9879408774,170746.19829467562,174068.6961461522
103150689,290000.0,4,500172.80185878935,390665.99408328463,308300.925796845,332085.7387566118
103168254,170000.0,4,231194.6880137992,205698.77703761737,189807.81070800102,200608.44904351083
103727540,245000.0,1,287116.9635291531,262627.95778536703,250448.97655964745,262931.79926594405
101949261,185000.0,2,235810.20867393236,236113.18504092828,221505.8847793888,197132.51404533072
103789538,133650.0,5,226952.84170151973,196584.58234357787,203853.168395335,196976.19208982
103789652,350000.0,2,339165.97567609005,364869.59888585366,396121.66769080155,393614.35774829437
103789637,728888.0,2,643666.9665539052,660205.0503283655,617712.3135831278,646352.3694326085
103758821,240000.0,1,386072.3398605966,376396.1046475945,358672.4637866789,376143.49865086813
103432650,220000.0,5,269873.8475038574,268199.46740849223,259367.6298341353,255651.53353942628
103789831,252000.0,5,220652.6518470272,239075.99683278444,239358.21257314674,223389.80790215035
103789826,275000.0,2,169833.2815128315,228189.00126449208,233126.8400995528,228176.45954311438
89599240,350000.0,5,330268.59591114044,322736.61599371996,361847.6701487496,348764.53039573
103538513,359999.0,1,340097.089153627,346830.39373441244,342046.1875541291,360308.8622205616
103539417,339999.0,5,326017.73638504924,372225.71072664554,371176.29133002466,358929.3752286678
103245243,1150000.0,3,1272877.195959231,1352083.0058875622,1374793.8288650736,1390195.505007791
101035073,330000.0,1,322526.00392116245,298200.5526245202,333997.9603135245,300300.99342529615
100415483,520000.0,3,285525.8388316861,363733.3713901275,374621.6866862896,369224.0744364884
103789152,339000.0,1,291232.14288242155,290339.68006766675,305746.5160177266,298001.5288362335
103789147,262000.0,1,439287.12606926943,393403.8740502177,409176.9953365251,365600.5943960301
103789209,190000.0,1,126521.86167126459,171686.38539562878,164204.79812744947,172286.77179236198
103789186,390000.0,5,404504.9199457875,400978.72609927534,399634.0082147358,406209.8108166219
103789206,198000.0,2,226682.95565870532,261770.9151717249,244748.0441236765,274978.28146382974
103464196,635000.0,1,646465.8448054605,682981.7549143439,683883.1608733142,669418.7401214817
102767028,180000.0,4,238540.054018367,240367.8506383909,213669.48762657572,211606.9641081774
103789461,180000.0,1,197803.4253267857,184577.17623259194,176524.0980051993,175364.95719852977
103789458,430000.0,5,548105.662425071,534117.4941213034,596119.8553081534,556893.0204633338
103789445,310000.0,5,327276.1918300439,306179.27139776316,306899.2936754827,317370.4953810541
101709577,1250000.0,5,1113871.199281514,1121574.2323983866,1108048.859350575,1015545.6888381578
102652094,250000.0,3,209050.41978316323,223365.77054186913,260243.9761674535,237868.6167358159
103650886,368000.0,1,332352.24414625193,315952.8647097427,313617.070884928,341554.8886451038
102652195,250000.0,5,203877.6555768092,217199.98130420197,213242.9420440873,222849.13395145876
102703970,360000.0,1,360236.08072183194,329594.3447568448,316035.5987834706,327719.13021878357
103650466,328000.0,5,327018.368293703,336423.3968890101,364593.8350502448,347513.9113823053
103607257,379999.0,5,382159.0273341002,384319.5789435714,359141.71754258324,375728.49669334176
103789368,270000.0,4,188121.1726981013,232834.2831048344,236760.86195161336,232681.94041437592
103789133,1150000.0,1,1031699.4599232819,1024012.4611591091,1016968.5475147108,1041617.0059395297
103789131,225000.0,5,258340.1288078442,261114.1803731944,260240.1357388684,274302.40975538024
103789126,295000.0,4,271351.7813445433,346165.36049451475,299278.5799630957,324900.51764441654
103789081,680000.0,2,494702.5150141704,489560.9083381096,528742.0888761865,556399.767220875
102017052,160000.0,4,320749.3319841192,326563.67497899866,262888.552737918,264662.4332661154
103563900,190000.0,2,234901.34045291384,198105.84231652957,200813.84467918842,173768.34609621044
103789354,190000.0,3,182265.40416218486,212766.85920297322,198737.36618177444,204248.97444394682
103238106,170000.0,1,175610.60439662248,226642.58333250898,230366.0946512101,229684.73853833947
103284346,300000.0,4,340961.62632430607,313829.04437948857,320142.29418985225,325328.56011687417
103676953,270000.0,4,185075.62204754082,171772.2876147379,182319.3831489871,183919.12495525906
103789305,480000.0,2,408093.35901207203,473836.2226001273,494149.2317520565,508061.51958632946
101939273,1500000.0,5,1292178.3140279686,1273306.1297071453,1411526.1761690634,1298765.7673770948
102195277,456000.0,1,270938.07066867215,245440.77093854043,281218.94091968436,250025.10073943753
103351787,399000.0,1,384507.6024142773,376841.32637274323,362555.02554842585,363711.07020468585
102859147,550000.0,4,523106.5598446343,507449.2549917034,507606.46191990684,579461.0565155053
102893179,369999.0,2,457920.6088529383,425699.6716507284,461400.4711863028,413904.94369361555
102675888,420000.0,2,463591.0794074627,425234.3091579294,433859.19426305324,453239.59154573065
102892159,239999.0,2,267588.83384902595,292209.504859859,276107.34164154826,294541.62974639895
101358543,250000.0,2,232380.8884765464,263415.99487753515,250604.44156788607,268146.40142954333
103330589,290000.0,2,277627.03247576766,241627.65125538624,241882.2394437168,245288.9712362032
103740398,330000.0,5,372204.99131475715,404740.82902833674,428312.0461644565,406289.59787026484
103492444,300000.0,2,230381.38188194152,310920.64994011336,341839.5756549109,304691.56662699825
103588026,229999.0,3,216775.83749298446,228165.79436756994,224507.94927848142,225255.5891487664
103607557,355000.0,4,301872.0632239167,334394.72426810925,330206.4869252083,321603.0820065108
103607231,229999.0,5,240400.83325699822,238427.37051872633,266808.6175390211,239103.09511920653
103166641,329999.0,4,335838.69703704194,374785.69660825346,363676.0992252013,368057.3878767967
100689905,480000.0,5,498883.893229755,473227.82968853874,452638.3491839985,542166.4062227323
103788735,273000.0,3,250368.4145397741,263195.1293809849,234637.26029616754,242544.44729610204
103245294,1100000.0,4,1384623.2643478834,1967532.5943249816,1982035.0742360149,1842718.6930612666
103245290,1450000.0,2,1077224.4043350366,1023193.729751536,1014115.3241257468,1078889.501781721
103245248,1500000.0,4,1212147.5632481503,1313777.5462197263,1319614.775107182,1243129.6691664252
102166064,365000.0,5,416077.58076082286,397610.365033156,436573.2225998169,383733.96796260175
103789019,720000.0,4,459126.9932966517,512028.9879192396,552373.2884717804,529122.8314995342
103788715,480000.0,5,506102.59769141837,487456.88945432764,506660.5753144977,477850.3194152043
103788669,238000.0,1,201872.99993542233,267569.8951170999,273536.8639595331,344707.5968883421
103788667,688000.0,3,751527.9903102799,738659.146995449,734124.0458001185,723046.9767219044
102306156,269000.0,4,253272.16305021034,272064.22233116423,269919.91868090804,246356.6994110486
102777832,220000.0,2,239581.80361541203,224148.71164748367,219928.92248461425,222258.6352812189
103503962,79900.0,2,91106.72692145403,99433.1438140764,100296.8973943533,91359.17691719443
103788989,310000.0,5,413658.795415737,378789.55589717324,370340.8341078592,385170.46679487335
103788963,141750.0,2,231235.13433315765,210729.44524386057,202399.3641258397,212175.80616702046
102775286,680000.0,2,595685.2865278724,612585.4620756204,689619.0371515013,709002.0059367486
102374471,695000.0,4,436818.6344155278,501364.635512174,481633.1632725379,499029.2879143001
102669178,190000.0,1,263021.9086763178,265112.68829824793,291571.84885282133,257715.7169848663
102637377,388000.0,1,470811.3458772373,415331.9515880647,425882.03834113583,389554.60869621835
103788576,530000.0,2,587116.5526072091,501718.683899997,524906.4276246127,496908.8560200539
103788623,3200000.0,5,2770522.4027275867,3426621.4160912144,2791750.553507757,3411960.6918003783
103788603,690000.0,5,459952.19060668757,469939.0095076709,485990.5484297741,546766.2897984805
103788586,238000.0,3,198300.98918620753,227652.76307348622,241505.9813758017,224270.853844286
103788585,245000.0,2,182817.10211869873,230223.53534259106,233890.62513675925,220195.7818097423
103788578,645000.0,4,666682.3009274229,597630.922503597,593808.5110929263,576296.9424112668
103053414,90000.0,4,83959.91392207779,126326.39334699839,109282.93468696084,109537.84375113895
103541232,270000.0,3,243118.8472050953,277489.49535914755,276662.3418035553,271727.1776957574
103180566,300000.0,5,330918.82657380914,311937.7201982465,322740.4649238556,312466.4548177554
103788824,138000.0,1,198432.29554431784,175476.9168627309,173975.89330254713,174977.3250231904
92879606,280000.0,1,319220.03183458874,324520.1091897799,348082.44759216096,292953.85763834725
100793120,320000.0,4,405483.23336662445,387383.8725468981,397731.3629760297,387946.03428243316
99499203,320000.0,1,349188.01700878167,376948.0586582191,381547.92750455416,372442.6857526097
103788782,680000.0,4,658714.2657276567,639749.4291364175,634053.108092392,637548.8365274473
103356300,248000.0,3,276120.2339087482,275586.0596220304,274018.5138393012,260942.08849626186
103667621,418000.0,3,397574.13086867554,358432.1225571059,380494.05882762925,355874.745941271
102340257,418000.0,3,476362.1323888697,439930.69692316273,460612.7936944204,423615.9326648001
103667407,258000.0,4,345378.1660912554,332052.3402677754,328128.1798186973,304057.282566935
103623086,500000.0,1,545845.3047135926,578052.4147365177,554684.6472713613,526639.2028486187
103685469,528000.0,3,521065.4304296579,528685.4366184575,540223.8418605631,503832.66111868795
103623103,306000.0,5,501423.2616871617,526977.0791814297,502202.85781763773,591444.948530861
99722795,2199999.0,1,1865970.5368775146,2113452.608911512,2345998.6612480795,2192378.5183641845
103705347,405000.0,1,263343.3787567781,418462.19705393736,406090.12100221607,456203.82741831493
103609749,299999.0,2,293237.6168211972,312844.02574221155,311860.8549777272,327576.59775620484
103607338,299999.0,1,297653.616901481,286988.03388908476,296054.2905777963,312889.52449248545
103407021,359999.0,1,340097.089153627,346830.39373441244,342046.1875541291,360308.8622205616
103081577,375000.0,4,385838.59218887816,384518.3128225827,380800.02728408464,379975.86376039643
83436537,320000.0,4,399660.37120474724,403776.75547914975,407224.8528073429,417052.8360766412
101679663,330000.0,3,196569.6352976633,249548.9066099254,253148.57979657306,255049.88251727753
103245273,2800000.0,2,3142539.8659181907,2961125.545208209,3027024.4733669544,3019725.709056019
103667507,305000.0,1,420133.19889384095,380106.29643054225,378354.8929183776,370856.8220607742
103734054,140000.0,2,185945.27353547266,150938.28077041628,172791.44055800905,182667.6016988512
103530951,200000.0,1,237942.1662666776,199838.63974177997,211403.0400615775,205388.39473608273
103788568,529000.0,3,361799.51367388194,408960.2510872374,422927.3668957313,422713.2470299288
103788556,158000.0,5,271771.0670001946,185510.05930992702,212129.26984476036,186749.0864487077
103788322,144000.0,3,168247.50421477362,149700.62116284773,142214.83611836008,149759.9281397496
84424120,290000.0,4,418289.6787071481,417130.6896036082,429471.3672752171,461916.0182088869
96414936,308000.0,5,425524.6103835552,332791.14596821973,250546.7566160543,277748.1757814958
99182683,2300000.0,3,1211713.84101576,1481576.5307202954,1478780.7967510025,1525565.148147148
103678086,210000.0,4,187095.84454504226,201945.3907433316,201753.0143495167,200692.85997460963
70608951,448000.0,2,494175.2557851729,482363.12850562064,452600.53511223476,458199.4746789833
103563753,165000.0,5,198902.02833837317,170904.8925592332,163956.93703546157,165623.38783104796
103788256,310000.0,4,278972.9028430808,309260.4816118442,321964.7340431082,294867.87700931
103788229,485000.0,3,452736.53018642816,464157.4234537609,463764.1030461836,480656.859666492
103788197,148000.0,2,238551.21218794648,199871.21592827575,196046.18253511479,209237.0591804799
103788265,145000.0,3,206248.09331618922,179357.19659501372,192375.97674014894,200484.57582970295
103788426,790000.0,4,868338.7265162806,823581.660058876,821640.7007329358,875761.8927118701
103769441,280000.0,5,359884.19250039815,334022.2394816831,335104.2274238495,322299.1254454729
102229930,295000.0,3,261677.35019286987,285316.26137704926,290336.6755880036,281413.1090508801
102999030,230000.0,2,174453.43010069907,218383.32100006958,193376.2520822977,196745.02996194302
103788395,120000.0,2,115563.17134600921,149733.22341419637,156455.63144975598,144867.479903835
97763928,210000.0,4,259012.32289383883,244810.99511840797,234175.67219392434,241260.88052810714
102868863,180000.0,4,224968.69570186827,225201.8092228443,232256.6680281622,222138.02860505783
102639901,360000.0,1,346961.75483757234,329147.6169502543,337724.84617769346,322868.4694852829
102002964,185000.0,5,264120.7182443454,248443.18327163404,253770.62660705682,256247.78630123808
101812262,688888.0,4,617684.6491847851,611329.3227838243,566443.4168028802,697313.3421855649
103154163,130000.0,2,140647.11399176586,136174.15228521233,134332.99211296675,118870.61556682651
103154309,118000.0,3,171100.3909044902,136848.3418879421,129275.57270532136,128651.31342413579
99723027,363000.0,4,261699.81736142212,371673.81492938136,361664.86206626747,279517.3539111883
99777697,460000.0,1,481102.7360251434,492749.8952494078,443135.2466557788,473739.32671013137
103667717,255000.0,5,253800.02744888465,278625.129070761,284602.08688535244,287572.312607256
103788225,185000.0,3,213729.93882140264,152189.35436186023,135993.0487250987,151600.40555575944
103788204,178000.0,1,328505.2050837252,353573.32130437496,315797.055848956,323411.72188277374
103354877,288000.0,4,318384.3507580447,343141.3591216936,303225.41820411745,319446.55441504455
103667837,188000.0,2,187740.7790653055,241209.36686491757,235332.62539168703,231750.97164986946
103788140,280000.0,2,443466.7968085862,385332.816786199,404830.26109968626,451867.25938006403
103787955,400000.0,4,430847.07440776075,354384.4079553215,376281.0121341971,380920.5661262039
102890747,680000.0,3,735828.1802025237,826709.9165271876,833005.3607017947,818064.3273243316
102879224,578000.0,1,773677.0822882138,686637.2397885012,658854.3105883695,700311.7931735858
101211243,438000.0,2,345783.2577953644,384793.19977760187,378300.537146795,363629.7308848876
103787933,175000.0,5,124866.69727008895,160455.14389719217,178314.11858329002,170400.84553271762
103787934,295000.0,4,315234.91744717315,306468.6873945283,339357.4826792847,338933.87854171917
103787881,448000.0,4,576173.425709674,571395.3088500322,560489.734705572,570311.3843645243
103788136,500000.0,4,669688.0579424278,632893.7329010876,638009.8749914888,658682.8908982981
103788132,708000.0,3,872887.4674028439,736390.6353121643,741432.9458594968,782839.0725501555
103034296,250000.0,3,167805.41192070537,189968.0136974239,191471.3936340212,197749.9681173348
95393056,558000.0,2,391660.9561330389,459411.45197943755,488977.80593591515,510934.77004796074
103788111,550000.0,3,323520.47728024505,343476.30822826386,344369.53969678306,336458.4344638561
103788105,120000.0,1,244683.49468473374,180263.39625317976,131246.61560983243,118260.15256346694
103236815,300000.0,2,335505.34269375284,321681.24398435437,280407.5920766738,294444.72119328735
103126346,880000.0,5,637815.1999771305,624161.3260288982,585576.709880205,708591.2875617946
103788096,174000.0,3,165848.98017263832,209700.60460467165,177253.05378601162,184228.6575489591
103455771,485000.0,3,418353.5877474108,483326.40964863414,452252.67235626344,469135.77464806836
103787784,190000.0,5,153501.6503447475,179586.15434975905,192656.4507051828,171229.0837892491
103787847,308000.0,4,300515.851460663,349279.4173354559,317559.03801091504,332456.085932376
100962748,341000.0,1,436770.4692015779,454204.4192064917,448502.6057907051,421708.9976434857
102418400,570000.0,2,446569.3096600549,447336.05814956385,453418.19365772087,446703.13749094144
102539397,450000.0,5,417750.2621257201,442338.03576108563,432584.6954857259,461693.6066268526
103788022,144000.0,4,141188.15056926894,121877.64626532502,159671.1121457017,170746.55558707425
103787993,340000.0,3,246041.21354446636,291475.0416762589,291752.1260509437,292868.12409070885
103510005,240000.0,4,219990.72844184007,215595.7114430337,228394.66541803846,224874.9924385629
102909602,196000.0,5,194218.43151694245,213963.0916591905,255540.91722947324,234176.16032749554
101504251,1213200.0,5,1320554.9596359453,1510168.975230646,1885328.601461301,1855942.0030173296
99675850,480760.0,3,506712.5729818054,513812.08816620376,460936.4721112857,491190.6088078614
102912430,285000.0,5,306024.23113336007,283984.536057508,290130.8394834641,287525.1240307224
102908044,380000.0,5,267901.77382378693,286395.3476813605,292104.8201044126,291220.24158448854
103648431,435000.0,2,481657.9279661795,433411.9962268472,435953.5049996645,391737.14846998523
103764321,618800.0,5,691176.9772306193,689926.0071549761,709255.1927354698,599097.7838307343
103658024,604000.0,5,616120.7416862675,705710.7050371959,730985.2037262877,755691.8805805199
103787759,260000.0,3,246216.7159233276,280330.5728698504,308054.41169818817,274541.30251008976
103658277,628888.0,3,729118.3441910916,660139.8981353814,620787.3204238947,644518.4915668308
103040544,160000.0,3,263053.33241517155,277037.01997985115,242252.05515073574,232526.58057416746
102663507,820000.0,4,779983.1827196244,765578.3906592196,755711.8877890231,781816.9365465486
103584208,195000.0,3,241375.33224530442,209613.60413336387,219967.54333021524,209726.08591350788
103787706,252000.0,2,263506.64298447757,286454.4029306941,291898.4148526856,283544.06584771536
103324053,190000.0,4,122964.55228526634,150985.49444391773,132233.71321913283,135383.4761870418
103787523,185000.0,5,143483.92495627175,217086.96761335514,210349.8617851553,215433.61158198258
99459620,598000.0,2,505475.23626711883,506965.7066829413,545450.2932892549,602590.8305562045
103787528,210000.0,5,218865.5075079561,230283.22088530025,263923.56956974027,210348.38197498507
103787678,265000.0,2,303953.3041893693,288357.2394496971,318484.7654212059,270245.0157917409
103787670,550000.0,1,620893.9557248713,677234.1919986244,530176.705381145,600403.3947648739
103787668,390000.0,1,390757.6006509907,386111.4231121729,389169.0547222117,403448.45591787377
103787665,210000.0,5,189197.43938961107,195645.2004211978,194885.64971188136,197262.61001595468
97609039,150000.0,2,292933.99360101897,283442.2217939199,262955.8190494185,262604.25358521176
103493595,315000.0,5,294813.6326034042,322626.8477362437,347847.48688258906,323366.4699450961
103190155,315000.0,5,295044.61284191353,324659.14080237766,348649.97824037634,325240.9057117829
103458653,485000.0,3,424105.30230800225,448866.9581177226,469747.94100531546,504768.462108484
103764080,248000.0,3,437480.64681179513,383478.34495457006,393327.94063570345,372608.95343255805
103787583,300000.0,5,229908.98449583867,254616.67106043728,237113.70098233232,239232.75279637263
101873761,169000.0,1,167160.82857131684,205880.80981485953,201869.38743693163,207853.9625797803
103746823,195000.0,2,227545.20190968885,190405.75676405084,185124.22164012128,182468.57729984645
102493262,368000.0,4,312309.50371377333,334435.9425062394,348204.9717496589,335487.0777158407
103787563,230000.0,4,228173.81500157976,222038.61486548046,217999.05676357262,223179.3380696456
101354752,960000.0,2,951986.9700816367,920864.7196150161,962272.0265272952,919190.2738950619
102871873,470000.0,2,608344.8516906219,513597.39632456587,555040.3204057238,439300.7200333824
93896616,295000.0,1,329907.71083810646,324284.363771946,325530.8263302485,326607.31408405467
103787256,290000.0,4,260190.97823308725,252680.50111461402,225358.5418571387,239896.68874911344
103787259,255000.0,5,235346.30982018582,269434.22245606064,266019.98600106814,264721.55744926486
102663512,825000.0,5,957095.8695989614,925134.415275482,915210.3046639479,887491.1990144787
102895298,435000.0,4,465693.12354721443,429018.5418901152,444629.2114472605,393129.85539487324
102758185,125000.0,3,129496.73689800278,128701.6695309309,114456.16356986763,122013.34229333578
103787448,250000.0,5,242737.17427037263,255127.8563846468,250674.30602686453,242761.73894374873
103787431,375000.0,1,359534.25253012916,315654.90189328766,318827.4484080852,322419.4466154348
103090089,200000.0,4,183652.70989098708,191166.40018974122,183845.87522033398,192708.60651769798
103787196,200000.0,5,135621.470949565,163910.36364243735,168588.67752527242,165161.89281098093
93588831,310000.0,2,356750.4494714611,327927.01286082185,340053.58091754874,348997.97224721796
102583072,320000.0,3,341643.30504556565,341205.55896057724,336915.7829334468,341861.01677028637
103347769,268000.0,2,258180.59675156843,284936.61022794,288576.52543504623,290773.4800766361
103373098,245000.0,3,300412.911584457,282118.77398886485,290622.7206278708,260097.38414748816
102371463,396000.0,4,544543.9380985844,485273.05375184823,451980.0230106382,458777.377816521
103654889,378000.0,5,400834.1220362275,396747.9886329743,370496.79418389447,402329.356337045
100275485,570000.0,4,584155.2155590269,594869.4916847846,579288.6473759997,612432.207526136
102810009,365000.0,1,362120.12391666806,358690.6293791383,348304.4369652453,366154.0407137107
103691693,225000.0,2,248027.3913699951,270250.690192497,261571.25056677245,261597.0979854298
103659143,279999.0,3,247480.20700584623,290798.25560148904,257738.91904563367,292090.50917279825
103087781,139999.0,5,187193.8024228873,164366.18553296037,156583.59412637525,163981.69559965743
103345170,69999.0,1,84121.64143373138,109489.26651618154,100387.38943125775,88071.47923766133
103306018,84999.0,1,92001.43189454544,113849.50720457715,123280.96147972374,104556.94733185244
102967087,168000.0,4,111018.42112615195,142708.39669112788,127110.24199755974,137524.88188233788
100452079,175000.0,4,187484.2747004381,182765.98774325592,140531.82700817013,152602.3802861387
103787178,275000.0,1,214969.682038642,278564.5957186596,266427.129478299,283248.8534305738
103786973,230000.0,4,182131.63205633033,148448.37905483288,160972.87524691445,147220.75555053147
103786969,420000.0,1,400109.48739549005,401929.83450612985,387715.6544617222,364119.086780625
103446635,310000.0,3,305771.6751756594,335238.2865511964,353311.69215225807,316485.77611502924
103787097,260000.0,2,227839.47631937487,267273.79424556263,254540.44979398747,265287.6659108638
103672953,240000.0,4,241659.08168993186,260759.99159899895,260905.79923232037,261157.2543640671
103541498,355000.0,3,337584.50469010975,347729.26061991835,359114.30469031516,346944.61434245255
103287850,280000.0,4,231100.2993831003,258581.49605669893,253246.13088636182,252300.89019266947
103499703,360000.0,1,277958.9172812858,309574.33223477594,325408.171679804,320831.4257614815
103787076,468000.0,2,548894.4906794366,493942.395349226,428558.46027541754,484561.0102294761
103787045,130000.0,1,208258.98933964997,175874.82923730742,170507.29348901685,157665.84126086812
103787036,580000.0,4,411152.5381164647,454419.18975224625,414230.05039279116,448438.24810481427
103787028,155000.0,4,201450.1599694469,183112.3913974682,188429.054323538,177325.01975280722
103787016,290000.0,2,263050.48106760887,282107.74521380465,279509.688767223,276993.11488781095
103786966,680000.0,4,386782.6398851338,386384.55268299725,353527.66903725266,393473.9670786533
101758761,1350000.0,5,1197548.8150674931,1287238.714182439,1273151.6016363527,1379921.4075895492
103458367,1220000.0,4,1133254.3947212808,1291513.1070650497,1291771.3058637423,1234460.4194608114
103786925,245000.0,2,365232.57932908763,338305.1437597314,253034.0364516121,218928.24177277376
103786920,227000.0,3,184925.18449637122,196867.2507414593,190904.7398265826,181765.04775065172
103786675,300000.0,1,276611.1461721131,281516.6914295071,280771.6695047346,284829.33157818863
103786662,300000.0,4,212899.26310049734,259300.89222282698,256272.23101037988,262859.75144767255
103786672,340000.0,5,500986.40028471715,385687.2133165168,396204.93314050446,387721.5580348945
103786671,450000.0,4,363190.69596877263,388800.3975068628,404533.01175938535,395170.3728855466
103786670,270000.0,2,316952.5003969657,299523.50119118486,306565.287330128,337371.8091068087
103451491,350000.0,2,372094.35668539704,290619.94270260254,279791.56801665074,293776.26921234577
101803628,246000.0,1,236047.43541135197,279222.70279835124,276238.1639177002,284660.0173082665
102961888,100000.0,2,172119.7011298772,139325.15321187492,160188.82289725504,142992.39250124633
102885470,320000.0,5,232446.5834468609,379318.5450368597,311163.21579628607,457808.7281115377
103786624,218000.0,1,188725.45179245708,229205.87610972347,219578.91221316697,229387.39426279522
88501611,188000.0,3,291367.4175495611,263728.2409900277,272630.737028681,264767.382716757
103646394,465000.0,5,443507.7151907046,428735.7805960103,432317.14108676463,441037.87301352434
75039171,275000.0,5,254858.2128876316,281738.8497333754,274479.5878613718,289888.17932919663
97939158,170000.0,2,127451.08068954354,167736.98784568088,179932.4746153722,165219.44174684843
97939462,368000.0,1,289467.37707568327,323393.3196794319,318481.58562115015,332637.8762858356
97919822,599000.0,1,355741.56806156825,299284.7567346998,293390.46558976796,349020.0941204188
101140834,499000.0,1,497170.3840656873,438288.5131573359,450755.2395356334,390362.68721208605
103470396,428000.0,3,502364.9384256975,430877.1342274298,471059.828437158,425697.45143404446
103598354,310000.0,3,325287.52299631527,338008.1964810195,378119.1068475953,333545.536954088
103470394,310000.0,3,305771.6751756594,335238.2865511964,353311.69215225807,316485.77611502924
103470398,400000.0,3,430573.93010970304,399059.6150307346,373035.5371717648,402810.4453519413
102992651,495000.0,3,299062.2269938408,469864.8384464929,321073.70632939466,410105.50028921315
102826023,270000.0,5,250086.2051213991,240207.55440720246,232104.5038545028,224205.37740918997
103786760,135000.0,2,148467.62311883277,139015.6443710776,129105.59181057279,118549.22639828786
102914021,450000.0,1,497683.5375827387,465912.98569630104,463345.44465537486,452022.12176134996
103786756,132000.0,1,66017.36504129008,118797.6345378192,105995.85709237949,114238.56019913535
103786746,315000.0,1,182721.57681268483,213527.27136268423,238885.4284543931,251759.4971773438
103786720,395000.0,4,317122.2761969671,329807.03582304204,331926.8541790254,339902.9762472596
103786717,738238.0,3,476511.94390342274,437464.59283172473,386617.8896764072,422017.96493225894
102828617,195000.0,2,145670.16034026534,199029.80411958692,187103.35156712076,202651.3165558755
102314605,480000.0,4,469265.18705602456,465584.9159600853,473090.67823059915,429702.01344510296
101735701,330000.0,2,374412.6989964357,328338.489647181,317454.8987675054,342479.64144259173
103697980,310000.0,3,421691.8020030542,418552.616921326,389108.4858831709,388638.4734940466
103062987,365000.0,3,365070.6021365681,378508.43260520743,364873.1550541628,371713.81721172866
101727527,215000.0,2,260416.10706270204,233724.9041370292,215753.9214736299,209516.49675897136
101861252,175000.0,2,229871.86836408632,218424.60103748634,204747.18797404674,212052.2780774135
102990569,269000.0,5,239929.48123422696,245425.51096526725,263658.893158201,259856.0483242021
102859385,289000.0,4,240295.9245378011,287129.88245486136,328981.53922512126,323726.5980992522
103403632,330000.0,1,343449.0396983837,357527.07224909595,354812.1155720142,351356.193906095
103333082,295000.0,1,277625.0324153855,295119.4983303416,314850.8736098564,299078.3997820321
102832519,295000.0,2,298196.5560097789,329910.7871714719,307907.4502302082,292351.60447309184
102787620,299000.0,5,273655.96933973173,298591.777466316,308164.38823226525,277081.73023309285
103193809,270000.0,2,250451.28521172242,274451.2556143072,251774.15032071067,259921.70043684405
103623673,259000.0,1,380135.10677781876,399722.48349957657,384517.9985857178,322943.50050129136
103390811,260000.0,1,231084.04276524758,247993.67726435102,257699.27741045394,254771.53954696198
103105470,269000.0,3,251742.05616141646,245277.41089326754,248709.41519675867,251090.58552664617
102664413,299000.0,5,350081.2562864861,304844.06602206244,288694.41875565395,311628.4657695559
102438966,309000.0,5,415176.7620075389,415469.02936949505,418523.5257465367,402233.6973735107
103224741,170000.0,3,332898.24511124974,313427.73807732196,320260.5821572433,305795.1698348846
103413004,269000.0,5,183860.69552872717,274796.50265587826,265283.3180839189,267382.9215952711
103531600,315000.0,4,291291.4832852332,313399.4887786073,320344.98837425414,308883.98115357844
98363803,188000.0,3,125259.00664180075,156935.3317769196,151565.52560853958,152353.43121347248
103238528,385000.0,4,487909.116343292,392124.86436191166,389870.1477462159,369170.89638803445
102818177,275000.0,5,208203.41128881366,250375.7874256373,264393.322598614,258644.59201699527
102884834,395000.0,4,484218.9701998079,467558.42505663703,485510.56449305423,427666.3864087016
97081855,260000.0,1,380116.8350031253,350344.89514962037,329499.01397784054,358657.1725579384
103662225,500000.0,3,555152.850508459,577649.3299081934,539199.6353584807,551284.1925770295
103368024,270000.0,2,290960.18808113365,262750.63493098563,243191.64819574324,324688.9903868619
103633863,225000.0,3,198405.5914619652,210528.1288910194,231259.8259616341,166456.0173480983
90584487,140000.0,2,216134.77950609569,201950.77366567255,172745.43339714286,192868.22613682094
97389778,177000.0,5,173267.0674883267,191117.28948118453,166515.15250024284,175838.46009209397
103786362,150000.0,2,207714.0045736365,167164.63125523523,139481.36841692124,162348.45049164857
103786354,145000.0,2,244768.51393100352,187126.77337537945,157855.24279211444,139902.7920269809
103786348,288000.0,4,270672.6589623426,257777.82734252224,234622.1071330311,274956.05920890666
103786379,280000.0,3,223281.75158925695,271226.94576030975,269298.80301137874,274758.22346367605
103786364,950000.0,5,650367.072111824,676219.7252091016,613614.7364691442,662506.590353055
102905846,255000.0,4,299451.14555745677,274510.44903358596,227548.96453398291,251567.14481458344
103468045,235000.0,2,258229.10707331068,226059.3972920875,198134.30153024176,208611.39019123407
93320086,328000.0,2,360982.68082082097,332618.33732141077,207647.77444512627,264646.2677890513
103786505,398000.0,5,357317.7346885961,386732.49965483794,381633.2553566352,352092.27221022604
102251979,170000.0,2,194915.75298372738,188747.0128688887,188780.75937839336,188869.5980813856
98326903,207100.0,5,230139.49651919535,216657.0590590028,184060.397498947,198169.3727203934
101246373,345000.0,5,384970.84088886797,385231.4605943274,369337.97288002685,374659.4176131203
102905088,650000.0,5,669530.2992522783,546924.1422353617,552602.1448118162,743370.7696645592
103786339,180000.0,1,123992.04420666219,157264.99903240643,144965.33335581052,147317.3220749219
103786338,270000.0,3,224498.61166154905,278846.75602607336,270686.6560711926,289736.16198439593
101926333,175000.0,1,98175.14988197868,156798.3420005453,190990.73554023408,202054.23108957426
100281667,249000.0,4,305712.5866734972,326747.69287636055,328305.64731219393,314385.7135965395
103357970,250000.0,1,281634.35303233744,258715.70377074362,227774.96765803872,257740.28964315655
103786434,168000.0,1,192139.60499211124,132187.99654843812,149764.82378615052,156523.8175902991
103786426,550000.0,5,267837.2637239016,298041.4264397787,373409.8617758057,287524.2749098514
102013192,734450.0,3,600340.3545263504,553295.3797104736,534672.7739709237,534437.7883158529
98891306,804011.0,5,1147966.4516407175,1232568.934521179,1055544.6993287401,1171497.5031729718
103786320,338000.0,5,279289.23309191334,275331.3102958195,299853.36173243704,284983.8958043184
103786187,380000.0,4,325544.30625515047,315490.68595787766,319156.24518664967,316582.76364122715
103786208,3600000.0,5,2239746.257933604,2614536.4879323123,2472961.5757195307,2425695.502347722
102804147,500000.0,5,603476.2552717662,546127.9288712093,563925.9786690325,518469.4071564459
103013824,305000.0,2,359459.64685384533,348749.40153951244,361500.93014010653,341237.13210160536
103545160,250000.0,5,211848.57642914762,278028.27421781217,287601.71450691286,271447.5658654899
103493135,350000.0,3,399165.23232365504,363348.0444872416,335599.2298854653,352577.3328752126
103347602,199000.0,2,246066.97340541976,234973.7086542092,253105.7292004128,232596.17984965426
103786266,88000.0,2,221717.6582050142,180277.98553937455,183330.64539130026,140411.20676987575
103786248,150000.0,5,209740.2758476792,172101.81506530446,155840.556540501,169959.61887337253
103786245,450000.0,4,582689.2946796914,584255.7397223366,537135.4886106461,534231.4188535128
94044194,380000.0,3,359980.4147430083,320327.00784209673,317647.66206167673,323239.497774322
103786227,300000.0,3,344941.3047782611,306582.18528490805,302461.46987277025,304313.6070834522
100580305,788000.0,4,866518.5415444445,815815.2047905958,834641.0070591297,867300.9864151378
100227559,520000.0,1,711305.1187335628,671043.0319401227,668737.8152168486,698295.7322684395
103486413,270000.0,4,260174.991524551,254441.9976948977,240801.8649301128,265978.1039459411
102777872,298000.0,2,252314.29435152386,280291.5408516458,265882.233186613,266635.74816930655
102967413,415286.0,4,455047.59539466636,435371.3225843419,400585.3767412686,453206.9889465276
103786163,285000.0,2,306614.0568471412,282260.0440704,282619.46806837973,318860.7758277902
103533002,200000.0,2,218244.37664376633,190511.6723708609,186309.6828404663,168520.38477749802
103634633,668000.0,4,463156.35366927163,555059.3608418565,581989.7372079376,619975.8787266031
102487439,255000.0,1,310835.51099056815,283554.5708149389,273348.2451466912,258736.66461835714
103742171,998000.0,2,1326184.1422596243,1258192.5605238387,1179768.2123475228,1220604.9206375529
101321043,2100000.0,4,1961906.108925607,2159215.463935647,2029564.8702874286,2192593.867992878
103694229,260000.0,3,306299.7864150183,272204.45749432826,270578.6809624512,257660.15014090095
103620338,466000.0,4,635736.6408205031,551424.2038707437,547072.9479841031,588533.612218721
102551908,489819.0,1,603909.2039137746,546479.9669069186,481896.3371385901,524281.6729051047
102551985,478200.0,4,572663.4841943971,506241.04031164234,519937.21816942364,541219.5988491764
102900206,320000.0,1,504521.8509320505,426114.8600753538,472247.09787761455,419225.73154509795
103453544,180000.0,4,187292.9752912408,163857.43275930098,148552.57285851685,132755.24457628254
102906883,1080000.0,5,652998.891790292,731661.7337701633,784466.2646155901,774035.9329347858
97447033,188000.0,4,227780.69463910643,239934.27639394722,253745.59115008215,261414.64353524105
102909294,110000.0,5,214159.79935067878,153173.39712052458,127496.2682079472,105519.31088504606
102881293,210000.0,2,176736.4813161323,220907.0808214431,195580.4096090127,200800.25197996196
103786053,495000.0,4,406082.6608463025,447672.923381591,397851.4445451033,467061.12088294217
101738928,280000.0,3,268280.12012597785,265201.33768181474,238949.48865289817,225507.46059676207
103411581,700000.0,5,634538.6140991929,587172.1148694166,594659.8499395442,563055.107258878
103332473,175000.0,5,234285.91365461843,204774.03767214788,202549.70983363377,183069.4610118579
102984504,695000.0,5,713874.2564077472,672061.4904100283,649679.7562321835,654584.7641809462
103631940,350000.0,1,306793.6365407158,345242.8039664673,349461.15142075066,344750.76497739716
102440529,370000.0,2,323459.80964037764,347324.1475077956,339434.8786311294,345321.98411356355
103690965,165000.0,3,207482.27349044156,229528.84124072138,192578.25470298485,195360.56608752505
102726276,420000.0,3,563962.5416690521,462817.4649743687,441760.545251874,434089.55388460285
103785996,368000.0,1,288182.4978750021,296257.70314908866,326117.11280101433,332607.82052931533
103785958,660000.0,3,443165.13762068696,436815.5927865994,530650.3259503138,496604.7091698451
103785948,175000.0,4,168116.96711096162,177363.90761438262,180200.93214157224,183041.55250529468
103785919,110000.0,1,192413.30643280872,137598.28155430246,161124.98956681372,139252.22984015767
103712858,180000.0,5,215496.66426061012,212305.5818824048,240952.04761089524,201216.2824527402
103633658,298000.0,2,384975.8943120579,303743.38826105517,305113.37427537824,306622.83005161706
102998319,170000.0,1,150380.89371415667,133696.56542385998,135812.73806395486,123129.72203055091
101003861,380000.0,3,333099.5984398666,347655.26528267335,335036.2424224508,328438.0760261583
92463126,440000.0,3,453605.1323908272,433131.8430563861,395965.2079241183,406579.52020275564
103785740,178000.0,3,238983.79865350176,254042.60539423887,244778.7495710258,250194.07258076468
103309896,290000.0,4,263477.8974847007,225410.49677644557,204996.96975969244,212106.55018638895
101928216,218800.0,4,336852.96615004534,460916.00834448193,489665.80179653474,378781.80381732195
102883575,378000.0,2,478370.25621308776,394844.2314712716,376353.1194279654,371609.20017330756
101785819,260000.0,4,358235.0438833148,293239.8962702489,307947.6886821853,336808.78023521067
103785827,275000.0,1,264884.1135045209,268068.820380519,274044.28780474275,244651.45821548806
102937084,265000.0,3,202857.13485748696,231333.5328803114,239111.2495816053,258920.92922500774
102964752,330000.0,3,348787.86888385174,352150.8422869284,358124.0233241803,331958.5890832423
102725391,450000.0,5,729475.8773585417,544646.5199440657,443938.4429012967,525848.1717367661
102052545,450000.0,2,299087.6582888427,297686.5041858938,267938.81237024156,282581.37895662914
102917500,270000.0,2,229995.00980959076,269738.24403024954,258732.57539741884,259351.75970098987
103318000,300000.0,1,452517.58620481245,371247.71427440655,368337.55269897735,372502.1217679273
101967616,420000.0,5,434843.33806671726,409555.6321505363,413505.34923454444,413830.52905040444
103685223,465000.0,4,496071.4761805313,472238.3394200098,465654.188814332,469438.4730311592
102725192,538000.0,1,642018.5792857796,553125.8710608227,552628.4689906461,526909.3810530545
103607063,328000.0,3,260640.88756838403,342420.8498939471,316000.6498277774,309408.06521873106
103468768,450000.0,2,479628.7391530547,477151.3193752635,464348.2171039524,461360.40940926946
102984559,750000.0,5,705605.1026944779,677126.5958107277,650333.5070366809,661885.5663282826
103053777,495000.0,2,486913.276524246,486413.2167323008,499212.6120900137,495069.5277780172
102888198,355000.0,3,374841.0553485557,352169.3267888964,344221.10386293347,353992.6851102107
103785652,229000.0,2,193035.43782276125,247711.13248263212,241313.53049937706,241791.4775432607
103245356,288000.0,4,238346.16703373202,311043.2850280378,290926.6127458931,311060.6159475206
103356892,330000.0,2,246394.79053355285,316559.0143147984,295612.6963789904,326870.9871036968
100177679,234000.0,5,242594.28521164032,257363.10892149617,247374.93338378042,245374.80807352372
102434100,1150000.0,3,1261772.3242037026,1221896.3591404494,1137264.6745408033,1199854.5516854567
103785761,1080000.0,5,712930.0444950699,645679.5518016397,637323.9751528667,732602.1259332513
103785760,750000.0,5,625736.4870542496,734322.7974176623,785274.4062511678,760067.9243694039
103785759,850000.0,4,694228.805398012,704685.8199457006,694442.9372348903,760683.5111749294
103785758,890000.0,1,986325.4349714441,950322.6578657515,1039527.6281872058,1091037.544630952
102460506,338000.0,4,215528.78662435626,265266.90625814453,259866.9143036301,275164.98472030094
103779946,210000.0,3,134201.68522380167,177014.5075515999,166609.02364471054,187145.0217184097
103785752,249900.0,1,342878.61941114103,300738.32677436125,289900.11527025874,278948.1409348992
103785737,320000.0,5,292507.4000190983,321466.16309313424,320680.4977230319,321679.01137173385
101349330,150000.0,1,86776.41163104323,157851.59638050775,165814.12998296332,151336.8927184799
102679369,240000.0,1,231537.4287946184,272751.5914853179,281034.53635519906,275002.9573199304
99150727,85000.0,5,169532.21665210207,125916.67776810461,126275.01907022552,120820.75486455487
101997596,400000.0,2,441166.8186998148,412254.11536838685,412562.4236889344,418969.0473981929
103762576,370000.0,1,370362.9363659082,356161.0315007499,346635.1955997223,369636.4756398444
102427847,240000.0,3,304870.4646957825,336562.2049518454,294809.62470650073,341122.77822267637
103618862,215000.0,2,254912.30721173988,239584.41724229083,201772.18862869273,212211.5379132318
103693017,320000.0,3,250949.9205096053,304211.6219689008,323770.83571594936,306398.5945890635
102430264,780000.0,4,938506.0690235407,929105.293885772,892577.4564094581,1092367.966281712
103606336,210000.0,2,196491.1576656954,248844.99222978821,242799.49655963964,248626.58019389227
101057846,498000.0,5,555148.8215076071,571786.1635040337,576256.5822831425,588907.5857209896
103785465,250000.0,4,226362.17418513427,250208.13034149143,255556.5817142307,257040.63510380493
103785461,325000.0,3,347970.2693936142,317247.50665459625,336741.700439025,322085.3879206495
103785555,650000.0,2,453702.9292992366,504945.7744683503,488745.9370211109,547532.3265048902
103245284,598000.0,2,618424.070195982,595642.8919622913,610002.4050707913,598146.0552935429
103070459,298000.0,2,245428.95744773536,307441.8878565184,308798.5511388569,316489.9531784407
102440656,298000.0,2,246783.32547746337,305497.39450125664,304624.73945768556,310220.9609717803
102434103,498000.0,1,509986.4923207133,520176.4395894763,516011.8101421468,531122.8519335279
103677615,988000.0,1,931434.5278559079,1087266.2128632443,1231078.445421628,1143121.1440490705
102982710,498000.0,3,523317.0891785624,512279.67147585494,520123.9336226516,515084.04738155566
102943672,508800.0,3,422669.64040971943,483360.3641145448,433377.1573397303,517824.67199952883
103228865,395000.0,3,558755.4040200136,457424.4094683153,476348.153904409,451229.2175117798
103785517,680000.0,3,735425.440258873,613043.5568217023,682381.1965425786,674307.7107447435
102545215,820000.0,4,745610.8729271349,763361.705423904,812325.3747854516,803545.8733598532
102896432,3701000.0,1,3191047.3098058575,3431394.4212464388,3462055.485198549,3493418.2920394544
102908581,6016000.0,2,5367262.254274017,5671096.490538992,5860399.101018049,6084977.839426657
103184872,635000.0,2,705590.8320117845,665461.3495979256,643331.3741306383,590510.278214298
103403504,285000.0,2,259075.10938656368,231059.75783588487,279883.8568257208,291382.59813030687
103785444,354000.0,1,348782.76078757335,339928.2161738343,355436.3081411117,329182.479807978
103785370,298000.0,3,248747.66991874675,271917.28559209657,263659.10643569316,287601.396764977
103785363,530000.0,1,596689.010520284,596922.0250780198,625403.4905743428,519541.98488510866
98796275,320000.0,1,308224.22161893756,288590.5874109178,296258.99137825466,282020.53619081096
102899522,250000.0,3,293932.2226247251,258933.15243257344,241915.11991644258,255463.01487643243
98797656,380000.0,5,435709.4398200415,418757.95195829513,413960.62058799673,415194.80445768585
103785433,200000.0,1,297338.58558825223,212280.8225946836,211421.64369449107,174340.1071349552
102694938,225000.0,2,216530.7039997107,231758.46982903325,263542.68019508175,211654.7533690053
100275393,400000.0,3,325271.25613302516,380034.8504042373,466457.09269917,392526.5118331812
103785417,480000.0,1,416205.54138134135,394485.1526799813,406860.6778199765,423010.0130444803
103785353,180000.0,4,164982.2641723551,163644.18468588358,144331.5650378946,170814.95254509876
103785351,220000.0,3,300388.79207987594,277795.9879876205,258633.32224942034,264514.0006573232
101042108,170000.0,2,111373.57830499578,166767.8624180396,152518.84645002603,147409.36457758275
102433514,520000.0,4,509610.4284812653,517170.34838983585,513095.1602533964,522824.3441165286
103310232,598000.0,5,590300.3913458255,592052.6300147295,574859.8726815898,574320.05495789
102434101,700000.0,3,662254.4275677665,637028.6447563231,615839.277006979,611797.7025212261
103245325,530000.0,5,509495.26303444017,515931.57013969927,518016.5993750285,515496.3476382144
102330971,490000.0,3,366278.77186009585,396238.81326937693,391361.5306295913,384916.0362743309
103785384,418000.0,3,364332.00935937394,326495.23475431546,314128.4709652587,350174.4572291001
100950638,970000.0,5,592227.3581696008,536280.8596223149,573509.3025407346,565833.2277795644
98985239,290000.0,3,421296.42679208046,402394.47533049586,382524.8886757516,409725.8583692524
103357536,365000.0,1,414488.9700241096,366926.17213391134,339726.74059664697,360204.0524075072
103357913,380000.0,2,327988.30869391136,318349.87911199924,315599.1135402423,247427.65389833794
103009987,320000.0,3,322900.39940385194,299649.6351676137,295585.8413067687,301460.74864480185
103785334,255000.0,2,188093.30880715398,233563.80965374774,235049.4661642736,229728.79227189344
102648738,465000.0,3,515939.4241150194,443078.9745929444,437829.20762628096,451769.1333236669
101587176,380000.0,1,438016.68402113515,449656.83432331873,395113.4574219707,367887.0071199746
98987523,220000.0,5,258197.79662469012,295351.1402336641,275073.78812298545,290323.2283917014
93173193,395000.0,2,414795.18857772026,360030.3216436659,344839.1830919306,379139.84271633025
101698530,299000.0,3,210807.2273722252,305725.8648577724,257118.2615886417,244814.41465252664
101698991,289000.0,2,352972.41113004065,297244.8197332734,302782.6129401932,330737.57750980376
101699738,360000.0,1,419507.73271938495,390166.5204848277,355593.17546845705,388609.8349572688
101977802,220000.0,3,191197.63306898932,225882.88817395683,214580.14430077022,207111.86391192424
98721067,255000.0,5,296466.542343346,239264.58532452292,242524.96376569197,220412.25663769827
98721264,285000.0,5,315829.4589168156,254982.49181995913,244620.23083871527,229133.8655683154
98525479,308000.0,5,466308.1398706045,452764.9771800224,456706.3821490459,467755.45310475014
79667709,299000.0,5,477432.82293182384,433799.126839726,439535.7559082128,449904.05574444274
92554367,228000.0,1,364777.2198138495,314830.9803436528,334554.53467127547,304610.8733032025
89685429,383950.0,2,477851.22118475527,419537.84118199424,377154.1786697749,470758.5405830994
99985046,320000.0,1,267840.3812031336,299141.1601452286,318396.6647540472,294340.4513713626
99985153,235000.0,3,209794.4616461016,185510.28741140765,171462.82487662075,211289.97404151995
101975297,260000.0,5,234318.1030069725,262031.78586496666,253095.1526015377,256775.86802816944
103785214,299000.0,2,212594.36597291738,266112.6855206009,278476.48298263055,271665.9559794177
103785215,155000.0,3,82178.9623107535,171408.27164301887,153595.07073610084,160289.217246915
101244556,245000.0,2,217296.02181581664,231292.58332416363,230276.02699173917,225742.45993865287
101056102,450000.0,2,364306.9504775477,356615.07046261145,372859.36211231555,363672.9188239015
99986664,290000.0,1,282229.1183460753,262104.95678907898,276153.0585254947,266235.03811427247
100017165,315000.0,4,286912.7798591248,297884.87709215475,299526.4072990924,294570.21636660415
103785245,186000.0,5,260679.65668581307,234515.12646102323,235355.73770958695,239790.16074995886
103785243,555000.0,1,609025.1273127053,509784.61326003895,486878.8493237709,491231.7043893055
103785239,395000.0,3,536991.2006963769,512344.79733918054,505475.71282749466,583330.0392162284
103169503,275000.0,3,153661.7036111879,209966.4591142527,208402.46809421666,213848.14270949483
103664187,415000.0,4,569215.5943000303,584893.0454216506,564865.9513919683,531562.5410399197
103661229,650000.0,2,868609.8176719132,961367.0407709021,890305.4059344727,938772.4277320101
103645235,135000.0,4,113831.19495375067,147581.2631539076,137870.59201667132,154598.6389916747
102001528,310000.0,3,389404.54885192163,348237.137928501,348067.3456736193,348652.5348923134
102528106,780000.0,3,878805.6983813295,851366.9496835228,812679.4416282752,827365.901067652
103559029,350000.0,5,328894.22128592356,286488.32262045407,314371.2423593643,320025.9015037289
99986793,280000.0,3,233565.36551022824,252641.72533701453,254994.2366272946,265475.3890997206
103785113,180000.0,2,84306.89791944921,180118.62941282042,174302.99917193293,169088.14424178007
103560885,429000.0,2,524775.9656865157,533735.3670943711,506186.8379598755,477541.42917249684
103433826,199000.0,5,232166.7225929767,227877.75785972748,204549.69019283645,222297.8177225017
103741989,300000.0,3,231500.19239985378,303275.1005235651,281356.879521705,303783.17391524254
103785103,198000.0,1,88714.6194391638,184321.77783781823,201787.76265227803,200347.15124134457
103785082,600000.0,5,627395.3452025814,553474.1635596975,539548.4241726197,578979.0976793778
103785081,174000.0,1,196623.83648180467,256414.0956980721,250024.2224374366,266183.0456133911
102893091,180000.0,2,184802.3908308902,170511.7878150675,156688.40173108768,150639.7868291347
103785090,1700000.0,3,1420520.592698049,1458618.934591224,1166955.9315413162,1366072.1079361322
103785074,554000.0,2,1219304.7909424913,1238450.9456560316,1140719.581095655,1281803.3126474223
100997899,155000.0,1,202032.4522680937,191706.78342740418,200860.9010446483,224299.049071333
102284833,195000.0,2,266291.94860383804,222720.44599567354,227984.98341440436,214644.7730694111
103217208,490000.0,5,523790.0873231773,531046.7316036667,492808.4917475108,479709.22739185416
101862624,335000.0,3,317014.466790702,297972.4487363987,289217.06117339636,284968.31407692656
101794757,255000.0,4,153786.28722312665,185918.40560284135,181896.177364164,191110.99354920958
103785021,578000.0,4,647458.4362573139,592048.7483784423,530907.0903528566,594403.2628384149
103785028,1420000.0,2,942711.1605596526,1185888.4185811789,1187089.9614982298,1166679.2015264377
103473643,325000.0,2,413150.16861973243,385887.66001476534,366420.1967987353,375680.60682890506
103784995,200000.0,1,250912.28071708305,280196.04267613194,280950.3281178066,328884.4631791708
100341723,460000.0,3,443922.2021762252,430504.4923313326,377423.310279738,436100.92739163875
102870638,710000.0,4,594780.9097071995,667265.636070491,680018.8971325349,755736.3045202555
103784980,548000.0,2,701834.5714119744,852744.015758142,865558.5302391839,789757.5161422011
103784958,460000.0,3,430345.1421198484,398357.33257974376,425827.3603333612,491180.9611516694
102098867,450000.0,1,422941.09937692544,427977.74543105706,411661.66000135435,406264.8727633905
102098877,445000.0,4,420035.6571953743,428141.37124587444,392676.22761321766,418495.5234865074
82551350,360000.0,4,350873.4206342365,341447.5201432165,352868.6058142408,386709.0561093086
102574725,470000.0,5,592936.1682522922,553075.23864053,514039.38774594787,533156.3859531152
103784914,2368000.0,3,1165021.5439859983,1375237.6240111266,1123093.366984622,1461840.664983113
102874027,390000.0,2,462646.6514146908,472429.0778081061,467185.7880545137,439464.96524110145
102844096,260000.0,3,307610.8263791068,314850.3541770764,303313.1278616717,292755.375861805
102873978,270000.0,5,273894.89673841296,287060.5093042835,267417.2673883973,259465.21760964635
102844024,340000.0,4,315338.5496850475,302910.5497894019,304412.82326345565,286777.3571947813
102124597,65000.0,1,86806.74705746617,112468.43699139166,111065.41828955081,93732.1007436547
102308247,400000.0,5,416198.923222003,409866.09941077285,427610.39069672546,481614.90151175635
103401844,185000.0,2,185876.93472267038,179334.1367368475,182891.7917051603,199575.29961983152
103784889,280000.0,1,200076.71891750497,218414.70381173486,227154.60017455372,233094.3234750953
103627484,380000.0,3,470555.64222969924,416207.9095076447,401051.6133279942,441670.4402286345
103784875,300000.0,4,267652.74998663325,304841.92944984767,289645.9782907536,310767.76934538863
103256081,600000.0,5,512702.7017528297,499477.8998432102,481228.2643480268,469809.78075919463
103784867,400000.0,3,409272.97571755067,408584.65687683946,377826.70101169,377235.4692122928
103784860,340000.0,5,496799.28050905623,435110.51651223295,436023.9139349752,445738.73066782265
103784859,135000.0,2,150847.73244416132,129599.84727741705,120315.74904333228,107859.30623564617
102514170,575000.0,2,580884.5937007673,556143.9089608297,606823.8660937262,594560.43630552
102168088,920000.0,1,871935.2333794984,1116124.9162275884,1143578.736754728,1124756.691587334
103089474,1200000.0,4,805538.142634381,1010557.4847705826,979265.0972819475,967561.7784129306
103687001,930000.0,2,863051.7448896132,1068650.8473831078,1091163.3595567134,1098370.931678091
103710471,290000.0,4,244905.69436827776,271504.4788866285,279336.06941143976,271823.07134014525
103540572,538000.0,3,671603.0344998514,599221.3699876594,628205.6157856319,594337.915590524
103784826,230000.0,3,257948.84097479767,281755.9611555891,280678.74213015515,286312.1013494956
103602192,380000.0,1,437227.308513244,475634.39406183286,456673.66034469486,494236.47158019186
103784848,173000.0,3,166806.24043506093,181524.59436649116,181107.30994524644,189177.4935002319
103784825,132000.0,3,68755.69890057694,121589.53799723584,116205.64149961266,112319.59519213004
101487643,260000.0,3,242169.38430527406,285756.94494804554,276946.80441812874,279234.91020191927
102104680,250000.0,4,220266.35283302603,248897.4254607554,257985.10780182946,276037.22428617644
101629558,315000.0,5,415962.1029217172,401328.48500432604,449984.6289850591,339529.13678730465
101805212,180000.0,5,252635.70543771057,265591.88741086057,243456.52967524575,239830.81799671304
103523951,560000.0,1,582613.527954566,539184.5500752981,538267.0837696595,540416.0248042922
103433783,502000.0,3,563401.2191294513,539240.2493898821,535394.4065195114,519419.00520946755
102069787,400000.0,2,427153.1460399528,415954.74220532476,397053.8095348294,417898.6090640367
103115286,610000.0,3,877121.0391279572,696936.3783055184,664969.6558405531,673889.804659615
103784805,558888.0,5,669285.1228932597,597966.81911273,697871.5441514038,656542.4401393783
102628035,185000.0,1,183824.31619331375,218212.4877385644,216028.39483910607,221973.05005084688
103784800,520000.0,3,552712.2042818661,489170.8276833098,456131.30443558714,477538.5377898722
103278483,290000.0,1,338288.2619838644,279569.00497373345,269864.925304081,296507.1111251489
102843252,230000.0,2,184862.31470406195,234934.8470994056,222072.50029167204,211134.3251936357
103643389,290000.0,5,414632.8097631976,387566.03336739936,354828.7986379342,350409.78734977177
103726720,480000.0,5,485467.01757692517,465221.55515054776,452646.6763469487,432440.0917461962
102516357,380000.0,5,410232.07679306244,368337.6020694715,370494.73292117246,396763.4415346438
103557612,440000.0,4,480325.611797342,428924.74869678833,406871.7817184735,453238.72418065934
103347915,750000.0,3,741489.0225865897,699367.0307152484,768369.0337446226,677283.1201276319
103478301,311000.0,3,352070.1707451759,381341.59311316337,365137.662288487,349084.6775092962
101537686,290000.0,1,387234.59183420666,362725.9839108339,357993.2221389836,363189.5786135425
101487641,270000.0,4,263031.56767555245,269022.41944789764,262780.3089977592,270107.40505335823
103742278,660000.0,1,669838.8332317794,613147.1554486498,651404.0520161384,619519.5346831555
103760077,615000.0,3,855483.1474658118,696719.0501809595,661737.8273196906,706162.0105021453
102165909,499000.0,5,539507.01025783,526710.7939640403,476975.82139029115,479627.8388748893
101948028,680000.0,5,607439.0740979351,598135.6142571147,578580.3993351802,597717.3449732929
101948005,645000.0,3,661062.8527852653,626147.5310276193,617384.1237407811,633961.2389411331
103139230,950000.0,2,1310631.8588757662,1489917.335522918,1335407.0041103188,1519725.8680403878
103173608,750000.0,3,891090.815212617,793749.5446081562,737729.4569310867,733091.6338828899
101445732,258000.0,1,253434.9968873404,223354.61823282184,237715.8958054046,223397.03762342982
103784744,298888.0,4,272361.9814626856,338246.1636859681,314228.0003676055,332415.0701171826
102969901,330000.0,3,371790.5618511777,354931.50865947525,330025.40771677595,331064.769346565
100844747,410000.0,3,443893.21874454024,412147.5465684313,457725.78790027037,419604.0771555561
95544396,160000.0,3,157379.37876070285,179345.73108252167,167183.67119739167,166535.16305563756
101940436,200000.0,2,173466.07546437043,209318.07258729925,208869.10384160612,203884.84743781263
103784759,299000.0,2,238184.99704426544,264131.64905691985,282692.18012979627,276337.2358079402
103185355,470000.0,3,516875.28235253703,471301.9794426977,491065.5909576106,473366.64591903595
102498903,450000.0,1,596511.4496883091,580492.9859108954,558136.1630608032,544602.7591195457
102728771,530000.0,3,568836.6265540848,554573.1349999537,525078.0898100802,534202.8786393655
103640707,380000.0,3,430596.38310328353,371560.7536446543,348130.509040951,359124.90666755434
103402158,108000.0,3,163900.36473463423,114360.94739764377,122959.4255659504,119710.7219635444
103402064,225000.0,4,222733.02938549322,260094.98659607398,297295.5438419027,244411.50656720565
103780401,285000.0,1,263096.1868105446,307257.6538359134,273998.75279264804,302491.98640317144
103784682,238000.0,4,262495.9858731931,240993.70241619615,230700.2954836829,241910.1935900624
103385790,218000.0,5,280778.9873273005,252887.4094202653,264570.83142662735,249690.63079758146
103525074,400000.0,5,459741.7944816967,494715.1223157132,465472.2688090775,488302.7883798017
103784679,218000.0,3,279528.2758038204,265904.4787411018,279179.50837927265,269697.4127517604
102879593,537500.0,3,406956.7290273254,394649.09271373803,357103.3839929272,400063.5423520707
101948749,545000.0,1,560391.6336492494,513148.3249837528,502801.5181196339,515258.374886551
103579465,550000.0,4,660139.5307649196,581121.9715921431,561531.1019529783,573210.2961778729
103784715,299000.0,2,238184.99704426544,264131.64905691985,282692.18012979627,276337.2358079402
97829046,670000.0,1,597843.4372271955,629632.6157744271,589065.8643182317,603936.620340165
102478967,875000.0,5,848939.1616073314,830568.838868282,838243.525365603,811265.0026842994
100546214,295000.0,5,300842.62864591286,238056.9127775385,224078.97041024428,210047.494193847
103784697,380000.0,4,376819.76210252993,355027.76709657785,334570.9308851015,321351.87049702473
103784690,625000.0,3,799350.8408164104,847631.6552628387,878288.3327595535,822542.0939108434
103347418,510000.0,3,600660.5298183608,572005.5401685608,548096.4950151495,561292.3490734163
102542934,460000.0,1,488667.7192795397,450430.7078728181,416978.2640192889,437676.00247616525
102315606,320000.0,3,281223.0571590947,299467.9408220975,290208.7147462733,273951.48156579025
103446974,480000.0,5,485467.01757692517,465221.55515054776,452646.6763469487,432440.0917461962
102455704,470000.0,4,535276.3132375247,496773.8041452846,494691.88795151364,501490.27404230536
103520682,490000.0,4,471746.1811583863,450149.3920699192,447109.4386628203,454371.3910632817
103343288,360000.0,3,373668.66727995814,358047.8851651338,344581.8158960936,351206.1081255972
103606855,270000.0,1,273868.82546635997,279664.6445042112,278346.1480547248,276628.9153371463
103441882,168000.0,3,126506.06706802906,141827.47783240612,142343.11877031138,150461.4316657024
102208991,210000.0,3,201114.71410111367,215821.9545832304,267897.5162622133,273239.7196439206
103260457,302000.0,2,289575.63495148905,303281.23945338494,282742.3343885041,286652.28975351894
103207012,210000.0,3,226959.73175073427,230166.35164159597,208629.09069476151,212106.3044130166
102471529,530000.0,3,497841.81676435494,501074.1599671054,489465.06626615534,481437.9130777735
102041283,515000.0,5,589863.7314028667,546499.4107521798,507418.4682635165,499114.6527493309
99765228,420000.0,5,600981.3448590699,538192.3553492272,515861.522624117,535050.1640735038
103699772,522500.0,1,398432.5125102884,384483.9097032361,379378.1424446734,380815.52465015446
102424679,500000.0,4,500871.74325679796,527352.4669504979,548071.5448851705,548246.6159352037
82852036,230000.0,5,121867.9952959195,189791.21326069624,146981.29626487315,150372.31458272057
103193707,280000.0,5,268212.8978845771,220929.10515671968,222282.94688567866,212202.3020321679
103784628,399000.0,4,339192.09155799885,325009.4912341674,341392.9751246923,368204.9120278208
102165720,550000.0,1,616872.854348735,569946.3309157053,573257.8925249141,562024.2545836775
103638901,530000.0,5,606360.9946367684,566356.7147363176,576561.7538999133,560632.4954820368
103784627,490000.0,3,511150.75223975786,519200.98926615366,467781.1086539101,465472.8283864015
103202025,65000.0,2,258171.18261787586,218410.5062335639,191510.30431043953,238072.453215435
103722714,330000.0,4,304666.49702911364,327551.75544126687,337793.2879260407,325972.9838239316
90336468,390000.0,4,418558.610859757,384371.8974126038,389001.8155173135,387794.7607962662
103784556,158000.0,3,108924.11931120256,132091.27019223242,128278.71213237572,138385.55864180933
103784552,320000.0,5,330958.1765617371,334651.3190803657,327289.1790304319,330323.6899617828
102465842,1200000.0,5,1157958.936368764,1298488.5669612275,1250074.572132338,1357918.4363937268
103515258,440000.0,2,474038.68376983836,433284.433209589,421671.1842817622,422819.1189125755
103276781,580000.0,2,573837.7201698935,571344.3239169479,574311.1101612282,631986.5986546981
103075955,510000.0,1,578225.4137575948,554034.6487454097,519373.4294902388,510715.3388864304
97635418,2280000.0,4,2015087.7193641951,2872218.872867942,2907678.0431574914,2763759.774631985
103396295,290000.0,4,245272.9756922961,227677.4340266415,245220.3305525966,269484.05134819367
100707731,180000.0,2,228273.1050910967,240305.48553979368,207558.44452902474,249317.58691936088
103784515,158000.0,4,108455.84100884422,132223.02261000386,147047.72975441345,138566.93027703263
99179123,367000.0,3,451719.8095783816,459431.4970214602,414830.55932123476,435702.6519984909
103784543,350000.0,3,424241.0940484984,420330.48874916905,419435.40635675046,592660.4932748508
102999326,428000.0,2,432438.3052721088,452200.07684120507,446746.59318956314,441801.6830587344
103720439,498000.0,3,556744.0384226702,483573.37825448776,478295.1185463221,519224.0759073235
102607650,168000.0,4,241961.84170536883,237368.49498096696,245923.72160423073,249714.5363375117
103784501,185000.0,2,154695.38825805936,158023.4538962927,163409.57927144432,162694.08343771784
103784505,320000.0,2,253532.6073312011,311546.16804997367,299170.375294831,314609.34161768795
103784529,330000.0,2,282265.8475819772,276503.29814645444,271273.8857935838,317648.8078595672
103192681,570000.0,1,521249.02459990315,594410.4732027492,635142.5072749314,642475.0798230018
103722904,350000.0,4,417118.2229602808,412460.75976453733,406559.14638949884,401743.9213811489
103057805,280000.0,5,325475.69750971027,321717.04780862323,338762.3138787161,353659.5996894445
102784761,485000.0,2,420070.69434671133,393172.8796518509,401440.9234378708,399211.20664953435
103193821,368000.0,2,319607.8979990299,357956.9324839699,374107.46055655216,391787.62887845037
103784527,538000.0,2,531441.12802558,477150.10415312275,488584.63343540306,474952.6473038333
92990344,490000.0,1,569797.1297753679,557178.6438610456,548179.9303688518,588857.9923786097
103784472,155000.0,5,141579.9967888685,173677.59216278832,171428.19122167397,148725.26189044764
103784471,150000.0,5,127047.8749321753,165998.32588098076,156774.5146836327,163817.94371822738
101783554,730000.0,4,732085.4188222176,727289.7265895294,713493.9205851271,793366.688855301
103211089,530000.0,5,558486.0016011865,548729.4109092169,542648.9546994957,508995.75843066536
103178916,428000.0,4,458133.3324424257,416385.63415978657,403719.5475313291,419498.08740971884
103628765,480000.0,4,459374.94624159596,540007.7168505896,495996.11166493664,702969.9642362893
93303810,698000.0,5,1058250.6926271764,1145181.2796554072,1064281.971555719,1017886.2416346286
102854321,240000.0,1,216721.87570526707,205832.56362657194,213179.150900533,202266.38262661203
103064992,180000.0,3,257143.73464964985,229383.0036289411,255093.30035981015,240112.74901212932
103193400,120000.0,5,132452.74511142363,144306.23727508044,148155.08154619118,154196.28103825683
103362707,155000.0,2,195988.11094626327,167216.09810360317,149376.29678215552,134252.92867123554
103244054,190000.0,1,222284.05004913214,201124.57649697445,202803.67677409505,177301.44105953706
103784393,325000.0,5,467976.16490641376,357778.9922360526,345660.20662632806,345826.7657014776
103784457,350000.0,2,410133.57073982386,354958.5524343571,356005.2764736315,380457.1467236617
95922895,690000.0,5,609997.7175310212,596868.4791011881,584008.1760589683,593111.4447351657
103662233,325000.0,1,343642.4637724476,351027.90371893503,348318.8849679871,363162.6105213586
88001272,265000.0,4,287034.14282844396,300284.9270205045,296958.09743628645,287243.15168544493
103758368,260000.0,2,302201.15677093825,287080.1299863235,289419.28909535677,289420.47389265656
103659885,500000.0,1,421768.78772640985,443665.8277508346,429562.520106442,465001.8202153399
103391155,980000.0,2,1001338.5659952408,1003035.3300251837,970639.8125768489,986588.5586891547
103342670,600000.0,5,677940.7442991523,599060.1124940265,593387.6529484696,591400.2057053946
103660140,250000.0,4,312605.1502922407,255728.83814298295,247918.0908934381,252994.22811536767
100837645,240000.0,3,223829.73516155212,251413.26763592366,253215.29243930025,252570.81146942603
94239601,430000.0,4,432131.79023462743,461228.4517650269,533468.5006160374,454482.29556520114
103440286,245000.0,5,317917.14385558025,262110.31698006453,259057.49955177688,276581.29461062665
103784420,650000.0,1,529964.4006881509,648176.7851191782,723441.5125613445,675894.2969337202
103500946,390000.0,1,415109.5883155627,394553.2024863785,420844.4919959473,398537.0085865829
102845377,420000.0,5,458871.0188957868,405938.3080440373,402419.32255786686,359861.4118805703
102399164,270000.0,1,358266.82280360395,390182.69348726334,376751.24631497054,450315.33004093484
102399129,232000.0,5,580314.0203748577,523716.63299979316,498941.5996501081,522956.6455614312
101988012,700000.0,5,743561.1302135552,738350.2889336782,728945.1438475869,736726.739609295
103250404,870000.0,4,885301.3748262915,878471.3628943402,877831.3403325283,875261.0881800866
103192614,798000.0,3,576204.0963022711,543221.7450961277,499461.91226475366,538593.2274520999
103609267,260000.0,3,132655.1539452677,204058.43655716625,179440.2385204912,197689.63885037493
103577710,770000.0,2,776038.1178442603,823623.9383750588,811920.4730186719,814143.5336423641
103509055,285000.0,1,208748.3132272201,267852.15002842754,250930.4716967608,257795.84356003962
103499032,260000.0,4,215621.04756518407,273442.5952320687,248898.21255572137,262055.73474542872
102967493,148000.0,4,282469.22143676685,259695.5784316153,268574.09534750256,263499.2122650193
97143167,250000.0,4,194046.53730457975,254774.84833360696,251358.1561913162,260912.69749883015
96117997,338000.0,3,340582.2265962204,296023.7487646389,295762.8807127357,295246.57281489705
103411618,105000.0,5,77754.99627240296,121151.76266784138,109825.8761565745,113413.55666436991
100219006,450000.0,2,475132.4470820644,547790.2892631602,580104.8361425874,530968.2099907389
101728735,385000.0,1,448504.57678917673,387533.3237007221,369957.6592950016,373170.50042293523
102929425,543000.0,1,499486.7025837257,495750.0392671992,485417.6157070546,482793.31748454546
103784298,700000.0,1,781132.1820072705,706334.7106354063,648611.7121069862,702408.1591855559
103784297,320000.0,3,295169.07445463137,337251.14584965515,299095.3939849687,298512.4302490494
103498566,350000.0,3,373378.20918464795,376745.03799952794,370044.5864249342,378468.37827353436
102021885,890000.0,1,1250279.7391901184,1356125.4116149954,1076692.2515820607,1039758.2960352115
103451600,288000.0,3,266970.8007023902,299808.04873563215,290938.84326680936,276791.1320134122
103258798,380000.0,1,435103.4013396478,390725.07362753735,385616.036389099,377294.45678039413
103659942,250000.0,2,245410.18244200735,253838.1550597407,254620.48848832113,257900.15342830558
103784272,250000.0,1,206827.95403062395,255922.9220080868,275094.34872527677,250259.50119062912
102530768,270000.0,3,248748.52397708112,279097.8395792734,274355.9757185393,267641.0712016575
102720642,363000.0,1,481408.245628103,443713.1126964785,447719.8313709976,423637.3617269969
103489908,165000.0,5,189823.91889373952,221223.57841533943,223910.20861566876,214637.2958746907
102175810,598000.0,2,547123.5928039508,574143.7771817909,496535.7513236431,603574.196783151
102262173,299000.0,5,322840.4605009753,329479.0036932879,334102.18304073537,354264.3421694468
103577817,700000.0,1,695069.8400025516,667085.340190888,681688.4455273754,601572.2800990279
103187664,565000.0,5,566310.2760657957,555281.8528946561,534567.8598496113,553252.3429872902
101796208,380000.0,5,469100.55647253426,453153.4508205406,438751.60847789724,467501.30126494466
101447330,185000.0,3,217714.79714412562,226808.443497313,227949.88599687358,222294.48506853956
101311614,1600000.0,4,1159657.7565485758,1289923.9202357968,1284654.1306084946,1128491.7492024493
103659863,615000.0,4,879133.4899580098,672471.621526807,661492.7854428294,680214.1071135807
102784801,520000.0,3,511288.7734301289,479459.3021179852,480513.0951881561,490304.6634400053
102784672,330000.0,4,356728.4826152057,331867.855943441,333632.6968606659,334298.5118476225
103627638,380000.0,1,388946.38207381876,382288.93253234215,386172.3087314115,390654.9282959824
103113644,340000.0,2,462979.609139675,426257.3806464416,421434.0481070024,414807.5982143024
101080942,158000.0,5,159832.27353078758,206834.89802420465,215081.66126133964,204126.43372741467
103784346,850000.0,5,789557.6238314456,762568.0556631378,718176.4030299371,903912.4045434942
103784233,480000.0,4,575964.2792996897,500781.08265966125,502014.4006769698,517834.50914752786
103192227,600000.0,1,631284.6373741829,622435.8523760376,632856.4231510413,638654.358557391
101643565,488000.0,1,646119.4915472594,567746.7299265693,531500.1383898477,500446.61370511545
103202709,600000.0,4,633994.2711187631,624467.5274900214,618743.695086315,615757.335278896
102498879,320000.0,3,281223.0571590947,299467.9408220975,290208.7147462733,273951.48156579025
103419804,490000.0,5,541712.9457719668,495401.95317725744,478755.31677237776,487949.58507664216
102333505,475000.0,2,538564.5774904708,472350.3759308633,464833.0814367502,467030.4117969624
103749631,290000.0,2,194198.29942542888,250002.31898707128,241795.1922309965,248994.87152726378
103784315,300000.0,1,427157.1833880628,393431.94156747765,419045.7221358809,422925.972403094
99381855,265000.0,2,335582.285737947,325933.61092083657,300084.20023452945,327844.87085525197
103466974,539999.0,2,630226.5819780864,609973.3020420093,560766.319565659,642678.828877024
101822585,1500000.0,2,1120899.0668492627,1002736.4910233347,1087202.9606871924,1080781.0119802493
103405276,750000.0,2,630774.3494070992,555223.1768887116,559224.0290057627,536200.8097037676
103405275,650000.0,5,638525.1262002635,585792.1019110795,594111.4147808962,598902.0271284794
103784148,480000.0,2,673630.9629906723,612402.1172078401,557334.7566896129,675142.7929245871
103653998,208000.0,4,192502.43996260117,176304.40730335307,154785.3024699027,163399.67695893478
103290316,248000.0,4,271872.05726434774,245378.0726923096,241943.3831771994,246277.28972650215
103738435,620000.0,3,678128.9959272989,643281.4545321786,634629.2129866191,631906.0895224162
96839359,700000.0,5,636032.617445824,604340.0313344677,576878.5727164494,578215.7466334109
98595842,530000.0,5,547229.610224919,525518.3622375336,497606.27396040707,504572.37341073836
92930537,1190000.0,2,1174900.0774653251,1219582.7053587753,1077390.0113890693,922065.496206503
101903371,430000.0,4,580732.1350596653,460239.91625870566,465346.3334301704,411497.1573379049
102904416,179500.0,1,201115.5040798808,164904.78358083358,167794.18217980713,155702.64422846967
103784138,240000.0,5,173134.24504168297,266310.3109243754,254016.61473953218,257650.39320343785
103784104,630000.0,1,638827.7445571773,603597.1762102686,607978.5529074044,584730.4277252062
98176103,490000.0,1,512548.95898342784,487328.2280357891,454686.5949730318,454753.17306319106
101965242,150000.0,1,126204.8158183461,166725.48580479206,149834.3490732064,155400.0228246533
103784103,360000.0,2,350267.5993957651,355665.4410376687,330001.127976567,325601.01486106735
103784108,320000.0,1,264542.2801715896,288720.1287502902,280453.7021838083,303125.3124001737
102358277,1100000.0,5,956683.7916906377,1197922.6678897038,1286114.1449158674,1185824.8240747529
103114770,820000.0,4,928253.5417239411,1004398.7742478101,1138213.4393985209,1019279.0185031033
103473392,235000.0,5,296635.12313381146,260965.69997554406,260166.40595703427,265438.1958050797
103439860,320000.0,2,321343.60814477305,322786.5103455591,308405.7286419296,305621.89297478116
103193780,420000.0,1,485585.5987919187,486154.3171723626,455253.2581673213,471061.14917421725
102261623,690000.0,1,1040444.5026034054,844948.47872211,791408.4410282269,864299.8142322375
101851788,340000.0,2,399994.1210352424,373670.77640649764,388888.33467652934,363046.5575891591
103039470,690000.0,3,677668.29148506,653707.1519152214,647623.3058713687,624366.2379646469
101256463,1050000.0,2,1232569.589403526,1277421.1207424903,1266870.1002736199,1260769.6336067857
102695483,285000.0,3,334528.75639415445,291282.45913489023,249202.6895876712,304185.96770414594
103784077,3200000.0,1,1702720.9922904528,2366057.660782251,2014618.7419788237,3037282.6054218225
103576325,670000.0,4,662326.0067694229,678004.62843452,663904.1714814288,688556.8306795631
103091480,520000.0,5,576263.6631768097,527457.2709541199,493045.1893740518,515159.79128348234
103110786,415000.0,5,478839.2130279988,435648.9993399051,410715.7818471997,381155.9258973372
103784179,468000.0,3,508517.71689597133,518744.01288224716,549691.3264320482,562895.6937119942
103227766,190000.0,1,249469.81305817649,230223.22244461335,254464.21555539555,242907.30987221026
102026704,100000.0,2,215692.9499129223,195498.07969360784,154978.5347865473,160015.9501498879
103009707,283500.0,4,392609.59341095324,383017.6571604653,378326.00860246003,387175.16771924356
103097269,390000.0,4,352384.13618454896,360334.7181069055,349146.7956940766,361749.154330017
103105661,285000.0,2,323282.19881258195,325595.51684460003,347139.3968884606,311751.8435379721
100611393,265000.0,4,298383.7751057011,282429.52511763456,290355.7588108236,270035.312064916
103089618,300000.0,1,293240.912400281,267500.2766687319,264387.3246262087,259932.1596966938
103689459,330000.0,4,358418.44527649716,370173.77185829007,374707.35727836733,369976.50144951814
102001615,140000.0,1,182253.6883610769,206384.18629792728,191865.43556703234,190692.6802383349
101753218,750000.0,5,852967.186026407,766163.8094144412,764135.7560169159,748409.0666183773
101753217,788000.0,3,942805.0146132414,809152.9373253823,803983.3393093196,782556.4283174035
103725732,420000.0,2,548970.9856668626,488998.4276466601,473549.34360738564,506574.9432276328
101821691,480000.0,3,557238.0159366654,519619.2593194054,534225.0996619248,526452.0465494652
101115554,473000.0,2,493406.8062375255,431198.6876344397,383455.5967896194,369884.8769586833
103725522,760000.0,3,828230.2259939403,765238.9720928465,791555.9357204209,734487.0504907217
102470947,400000.0,1,422415.85505668994,399447.65088842117,418858.88524329575,411243.02361775254
103114954,390000.0,2,379402.87020339305,370835.89788354974,361907.25538069726,383340.7051010296
103784027,600000.0,1,605078.0009319424,604724.0939511957,635281.6714755214,631921.8823807556
102036945,400000.0,4,527205.4332818153,507531.7945140339,507072.9065752281,494119.64525305026
101851861,380000.0,2,421971.0008309358,383450.31985772756,394162.0457490916,379084.96112185373
100916143,820000.0,4,798670.5789561461,784396.4392774816,805465.8161018196,806777.0884243794
103316058,655000.0,1,760730.4381086092,743435.3406318439,739322.2156038365,746129.5512661462
103784008,135000.0,5,164369.24853186245,143876.58137237356,135103.46142634904,141250.23421632138
103784007,145000.0,3,187179.1074600051,181785.5780241898,188403.58015104174,135470.48722842743
103784006,155000.0,2,148831.910793173,168697.5817185085,167134.30350310437,168748.69942996732
100545148,222000.0,4,316891.7767176353,460278.69832299586,347956.2606539644,381512.19205411646
103266000,155000.0,5,215335.43161427887,171370.09470763148,169762.58517669086,175492.07193970017
102084314,248000.0,2,284778.6566273436,277979.07411152386,275101.43497906806,275063.06688148406
103783881,375000.0,3,551120.0725346159,492777.4053316449,468616.35505759955,494738.050754981
103783954,600000.0,4,721443.489021869,696160.1507234733,704972.0937110777,690361.0934290744
103783945,198000.0,4,248312.05369338742,194614.34353370866,177754.475559433,177890.07166284346
103692290,248000.0,4,197629.89014415888,203674.5720873716,204437.6190374065,215398.76091111315
103783941,388000.0,4,370373.5711806099,361758.87498551444,354613.1858455901,364608.9911445982
103536797,399000.0,1,478968.48132914957,432849.22793798946,491108.43985940004,508443.0959365826
103579457,680000.0,4,725223.7775999595,704823.0875894885,740931.9010665071,737964.3268323429
99413316,340000.0,1,601331.0826452322,529916.0616010578,533451.5837257396,509633.7171449923
103738537,730000.0,2,748627.7155156266,750469.4131563791,753423.5352108194,724040.3684864099
101725779,140000.0,1,202782.36164489767,184262.22976333377,197497.13210531694,179192.60722444032
97894689,620000.0,3,670021.2398273182,612103.4670397454,628806.438555317,538708.2373945727
102384473,370000.0,4,444587.4395803106,399409.2762115837,399587.730203872,404232.9026064244
102821563,85000.0,3,8113.493047265314,112164.02540798475,80501.30658127995,93618.46864270815
103783850,260000.0,2,253368.53034616573,243010.9785670321,217444.56729377512,242201.48471466877
102996372,598000.0,2,661634.2564397802,626674.4116033573,645692.2631621077,630372.7073931402
103316178,350000.0,1,385813.86149412894,362870.8748342425,409219.9090554487,373086.7449256558
103672765,980000.0,3,957037.0357638582,971936.5395364976,986269.3024773338,965198.979167624
103389598,397000.0,2,489454.16463922523,449261.6252659318,460682.35012737516,464419.7803685417
102784712,360000.0,3,386675.0701794849,350653.59522691043,352870.5109322934,360284.64805254096
102197496,685000.0,3,883910.2035966412,690233.1484636364,632133.3049752214,659111.3184065956
103645267,300000.0,4,331116.9360420071,304696.18866213015,305049.3225907983,305309.4651749731
101722505,420000.0,4,445289.1535111834,433212.9313703895,429607.71673795825,417961.9887730492
103451804,230000.0,3,237272.6260625422,248441.5837850377,252129.07405048166,234051.39782901472
102937221,150000.0,3,181750.82049911935,145988.34534444063,149332.50697430354,124028.83880634618
103710940,255000.0,1,391879.51210876857,335972.45931721124,332781.76800343784,335835.4561493603
103628641,428000.0,2,537356.6355161316,482672.79466692865,510202.71838485886,492913.7175753691
103476884,600000.0,5,629325.8228217085,632343.1334714503,629611.2204805462,652097.3233784153
102948041,284000.0,1,445768.39197366335,370898.83382912836,376446.9205751241,342489.7147178839
103624002,520000.0,3,567943.2022462235,549153.3052543807,525778.9918916164,535450.7558886713
102802569,998000.0,5,809195.2403847168,878729.4199034062,840830.8098585553,992738.0984245964
103317672,430000.0,2,489636.34600284655,437554.1631833609,466038.81548711116,408282.09624378546
100417864,530000.0,2,560548.8321201495,523537.78065897326,531874.0316441668,534474.2798765511
103670622,340000.0,1,387069.96807227435,382305.26891896967,381854.0946681784,380129.83936102263
102207503,620000.0,2,684973.4339712608,610892.4589413299,630270.5177427469,609924.8499734099
102898579,320000.0,4,324803.0661529299,287838.01072010805,271201.8365859886,287396.5921345765
101987474,390000.0,2,372589.6934365865,358912.22573117603,355616.6886158289,364431.6066411314
103783669,245000.0,4,304585.72402219794,273674.5413395856,256299.88044037725,289927.5010895748
101467277,210000.0,3,206468.66359181047,223612.54388001582,231007.29841428687,231443.42756431265
103783573,309000.0,1,258540.22838386527,300347.1498115999,305230.2434655995,301096.5817353683
103783571,130000.0,2,144889.13745940797,168623.3854635173,168090.3156460015,166297.21180563504
100593323,250000.0,5,247252.6892140184,257907.55079938908,270104.08107546996,265063.5371750099
103252456,368000.0,2,361543.1321443176,359672.22267852846,372035.8741166543,372136.69473196485
103283373,630000.0,5,709092.7861889726,610700.5013448221,648215.1311433683,638967.636109973
100985996,610000.0,4,546809.3076297786,491438.6319102358,488663.0278599954,531533.3933415407
103783640,2300000.0,3,757651.5919146995,703066.1530016664,861087.6980987344,892733.5566295263
102475759,430000.0,4,286907.48197978776,288650.79132681235,319323.2301823876,310121.0434164221
103678050,395000.0,3,389844.3321866159,395184.61822026665,376178.5774267542,402603.0372899577
103783617,460000.0,3,436986.4090384128,443775.4453964508,521484.96530890395,498297.8959056639
103783535,530000.0,4,535625.7658441591,512750.519214803,515688.9268760849,481423.4989932072
103783517,230000.0,2,268642.1215311497,249668.55011286688,230736.28854662224,224146.44322215964
103783536,638000.0,1,534384.621860569,563859.0909938377,565902.4864357798,503601.18096302066
97481987,170000.0,4,134008.31358835282,155918.45623655338,152225.72119753825,156979.10415801973
103783611,354000.0,2,365113.6314024869,336765.09558633826,332071.06774433836,326200.139893782
103089787,255000.0,3,277220.1933677845,281393.7067960555,293614.3419330824,293216.9708872958
98942202,210000.0,3,189419.06119144155,229355.25205730324,225617.43586675543,248076.08966528365
103783593,130000.0,2,166173.99269078558,206142.8053121131,203152.59282352444,209831.4547708798
103783585,530000.0,3,533171.2427260266,500766.4097817984,498232.6271092234,502533.2628892521
103730774,145000.0,1,177133.9689682237,140186.9888423969,160540.24554567746,162689.62253058827
103453171,343000.0,1,297805.1265522072,311399.2662361232,305858.9085413522,307206.07215755864
103661176,229000.0,2,215042.55033026938,251867.39531556278,259296.95515939797,238630.69082485855
103344302,210000.0,2,152594.69023086393,176139.06683434482,172777.5100376079,178079.20510619425
103665195,338800.0,5,318780.8297825704,323295.0230672592,300140.4062943753,309973.55834644503
103071712,360000.0,1,306898.96965660044,327938.7337411106,353035.3299475866,316190.4367171133
103251261,429999.0,2,505751.17991478776,461437.3732955971,458249.2111564732,467479.40403244644
102546516,489999.0,4,513034.31527342263,465791.9801347982,437339.5014856009,432293.2527308131
102707113,158000.0,2,213266.65349821103,201529.49174524416,193441.61495018675,196778.5796330315
98927500,480000.0,2,551678.718667571,508529.42982409254,462477.6059558022,462891.178991495
97027550,2300000.0,3,2548758.448542252,2887505.510669735,2855479.867949505,2332366.4820782533
103783451,315000.0,1,321146.37379197165,268684.8710720398,270790.43711210735,279672.0647872629
103783436,388000.0,4,413275.1744525424,420160.40136114694,450989.2419500618,436025.7889249365
103389751,950000.0,2,922053.2121544929,910210.7330095131,871587.3039677946,874821.1515830386
103193773,340000.0,3,357268.37837344594,353656.97281809594,338632.505821462,352520.97389589547
103115432,310000.0,2,286900.48686413484,336879.9009398607,341041.060725832,324883.4109741905
102248352,860000.0,2,592101.8037631905,669008.6890493584,662020.8224395347,722213.4071539327
103783417,150000.0,3,6049.226497704831,115080.92488496567,90633.84688371021,94458.15697974266
103783410,438000.0,1,451892.54920555314,437262.70420768746,427273.4567653651,439315.376719305
103783466,365000.0,2,416872.94701793825,382904.79464448756,370308.66975617415,386158.0865326844
103783464,430000.0,3,437643.346397816,433818.70090388093,435868.7429979935,358224.71744421404
103783462,460000.0,3,436388.2681154977,387950.21935272455,370780.8462671659,320870.20656427176
97057720,660000.0,5,517770.9895992567,608044.136990188,664628.8770465994,604634.0279064158
99982034,394000.0,1,491717.57630570617,442803.9705861517,464951.32949843805,444011.6672871997
103314655,155000.0,1,115080.42977290931,159407.70269377288,146669.9330792237,166409.71817093898
97221475,128000.0,1,195089.1032640768,168430.24663764943,167714.33139515074,156422.17924440658
99912234,215000.0,3,267369.618513537,252494.79584752716,253353.70317607702,224276.3695267666
103305469,145000.0,2,108720.47511032941,139841.0459974164,141693.94102491843,140330.8312160513
103447392,380000.0,1,469599.7788298005,444682.4307202477,405458.51293220243,404905.0527133698
102746012,260000.0,3,293806.10880694975,283379.71293493465,260725.2811760698,239269.41001872433
102107357,355000.0,2,342196.3279771082,364948.3050400816,429481.18543100584,396752.0656308127
103725559,630000.0,5,638026.8287474434,580832.5163590611,570396.2201653881,571173.3018386465
92021859,330000.0,4,346548.8913083334,378524.5598852084,378466.40511276136,382779.3955745204
99721921,1500000.0,5,1102929.5811573006,1532922.4384568993,1413239.0772965157,1342028.46646209
103783279,528000.0,4,702639.3251634139,589062.316621624,596014.4084723397,611544.4618802402
103783264,350000.0,4,308098.49852322263,302624.9442090266,306374.7243459616,311504.60412912676
103783265,430000.0,2,372167.11883670476,365258.21832139144,350424.1197881311,365060.5192166905
103315698,345000.0,4,373640.87278342457,343214.56539521273,338967.9933435954,344158.103078024
103659875,320000.0,3,343113.3871690949,323980.78454638197,337574.32482056925,363155.0947112497
103389671,450000.0,2,449338.3393164808,430880.6514628013,436319.9581759545,433505.91967303614
103052017,780000.0,3,743737.8213863998,738525.8682648749,705217.5530678617,789001.013339052
103783372,550000.0,5,652477.7508139528,593919.2857125133,566961.0953426705,568550.4183638844
103490280,280000.0,4,258176.61008702902,284299.51264356665,297769.062078332,288847.2586915315
103694941,360000.0,2,372637.5749579174,394569.3773766174,404509.79767954454,410219.2566593982
76155208,750000.0,4,1128746.496218146,1204621.7154546033,1750042.522947258,1440474.2169701988
103010498,344000.0,4,585598.1206981956,554487.5249411952,540104.6510535987,539512.3183901669
103783358,270000.0,3,221991.4270107296,258799.09148690396,248794.69377765455,263089.54093634704
103602392,420000.0,1,366837.00077919074,372735.9259371726,438197.70222028566,404439.80776524986
103783351,380000.0,1,344977.84441201057,356687.4803195935,351677.9887235266,366733.1663047122
103783347,230000.0,5,253618.55006378682,245533.0882569073,239347.27197674522,243146.9706482846
103783346,255000.0,5,317861.4941666158,302479.17411118984,294034.6448865662,308927.0864778307
103783345,200000.0,2,250977.31018451907,227520.46011210608,228869.68864062606,208519.95546404694
103783338,858520.0,3,721549.4841330515,776236.3503133139,701558.8508239684,850230.6173333689
101221481,385000.0,4,373057.78741448047,354500.9845528393,364403.77648852265,361020.4140565486
100617960,390000.0,1,424362.72515293286,375683.94451389095,375960.09538427735,369767.9451300838
97715055,358000.0,5,357629.9406648468,365662.7143931853,365810.48527781985,356638.0214722632
102753685,390000.0,4,411468.0431295431,395478.3475409604,379360.6778614798,393232.7670433044
103783233,420000.0,5,451452.5958655639,481396.6647223861,453079.4065480389,511228.7085587039
103783227,185000.0,5,195639.15410241092,199669.92392539867,219569.40458954455,198183.20107082976
102707812,680000.0,5,314117.3451251043,361050.8808241144,353047.1663237794,316581.8158277241
101379433,430000.0,5,268578.94115598017,400617.615296875,311655.85272872524,412887.5689687039
99630680,500000.0,4,605297.7617921906,516528.6972664592,520252.5561699117,512497.7081791949
95939125,550000.0,3,235712.40903812056,306009.8395060786,237834.50806917902,280421.7392853872
98708890,505000.0,1,704649.3033501048,739104.4324560661,670857.885975544,671820.9257508443
100753214,300000.0,4,354437.80894896813,317058.1155337219,320383.9033977763,295710.9732059155
100753863,350000.0,3,518843.0918453851,465940.43355589005,462399.2245336999,486572.8532423607
101520669,645000.0,3,478460.0526914509,493075.03100893466,531792.8530155135,583625.4432753255
101709333,570000.0,1,592555.0357756107,546360.1691633151,549538.5893758783,531747.3706628735
100683528,620000.0,4,733952.8958890734,675447.7507118273,655858.3244452745,627819.837240741
102897216,625000.0,2,614015.0644698251,694715.001613996,665748.3018132478,679629.6188954704
100252019,400000.0,5,418242.04740149446,395197.2278112143,373972.6728339425,428318.2134310806
103783318,520000.0,5,524309.3957067548,498759.4809061841,458011.19753454434,489224.6443522831
103783311,220000.0,2,253940.10238211026,192949.0264430934,196120.13067886315,193513.27297713154
102896891,420000.0,1,301656.0152367265,342454.94587956625,374958.9013520655,330953.7315686908
103460144,700000.0,1,713888.3810152049,661258.9136257472,695147.6040334869,665947.044077656
103783301,480000.0,4,536394.2011883816,678670.5101734315,664520.2951256515,805013.6064890003
103749775,290000.0,2,251499.40678719338,278349.1671385644,284268.8112401718,279258.1609341623
103691723,520000.0,5,422347.41402969963,538636.1769327068,551901.4274270068,576282.3617367096
103217445,220000.0,2,287855.4578137299,276025.70501336746,306041.2362374988,305167.55468493456
101675234,170000.0,4,195957.08727723148,186111.30518267505,181026.20957423103,177555.70968603774
102561588,430000.0,2,222162.59319808314,316324.80196163553,312103.44073582336,320777.65630818385
102747063,285000.0,4,265156.81563524634,278154.0212309198,259419.86948039188,272001.83038718055
102673963,300000.0,1,303230.59790339734,304038.78083300404,284030.601464018,307762.048289006
102745690,328000.0,4,330891.96453195595,364624.4290533474,345424.4985218179,346126.2026432633
103783141,368000.0,1,493629.35153409524,417806.7214446188,393052.90460878756,418553.64767941035
103451619,290000.0,1,231611.24281094156,272903.63761756464,289495.0586643154,271627.54422265576
103643436,395000.0,3,535250.6351063814,516161.71328559675,513544.49837308185,506802.15446132864
101898183,330000.0,4,346548.8913083334,378524.5598852084,378466.40511276136,382779.3955745204
101257243,760000.0,1,815856.8024805883,788080.905267431,774057.5462315031,789430.0416427234
101900153,825000.0,2,835545.6745144085,769722.8514153872,791427.7110146598,769802.4114944161
103284027,410000.0,5,478175.90325871075,437662.09976535756,441412.35918277764,426262.86245604407
103783120,430000.0,1,399931.2091867869,439910.25511971297,454535.60563791374,442147.1741951696
103783085,160000.0,1,101929.20363570971,147547.04597967945,178918.4166245429,151015.25258270593
103129715,425000.0,4,312359.54389901046,358860.27569937834,353197.55787160544,310267.32665219804
100648022,590000.0,2,482282.7677723594,459372.2393576872,421265.09163670166,417143.91485349415
103742424,193000.0,3,228357.13204723594,204335.2916497781,209893.466063078,213369.97537876375
103783048,547000.0,1,627010.1881465468,636532.4027008548,510640.4504696388,567409.9722072106
103783179,400000.0,5,454585.79803725326,503388.10103212536,553249.3636376145,491864.320560642
103565502,310000.0,4,331820.1367530635,318421.205982578,333473.4641491249,332006.74974005483
101710732,275000.0,4,308601.2191660275,320416.4366579843,337218.12652208755,326095.11713549314
96641475,255000.0,5,240651.04139187554,229354.1544069656,235667.92056962394,229574.58759897813
101687435,380000.0,4,365558.9743166258,383134.16617837845,373108.6663583842,382395.77983407804
103113723,295000.0,4,380294.94087912387,332655.5480435704,360882.1531306988,344819.83172605315
103106128,500000.0,3,490435.4776509074,453251.96875001444,495750.6131032028,407064.3001899448
103057728,360000.0,1,407927.7750567164,369607.60155218776,360274.9988540824,355248.52291422524
103561320,159000.0,1,160191.3732662792,144101.3761183799,160174.90720184744,154740.3304049131
103470389,160000.0,5,109895.43142588112,159126.17202531872,170674.55978867057,160995.28289982516
102999145,295000.0,3,261677.35019286987,285316.26137704926,290336.6755880036,281413.1090508801
103783144,480000.0,5,504079.20101587573,490328.40537892224,478509.3121505723,492517.3355964134
97162366,425000.0,4,351100.3670408217,386454.5752163459,372404.4359021215,379468.4442959893
101811340,288000.0,5,221741.2566000514,250815.17391211173,260589.72305550624,242268.66502965198
103445983,420000.0,2,512577.96752457495,529243.7554362942,519909.92159085954,516426.559951003
102748654,390000.0,1,414060.0882878135,393559.9651530434,388420.5161335237,385719.6710307883
103097692,240000.0,3,275572.7937918815,239384.51235519,226008.0391333333,233868.9713917932
102640532,495000.0,1,499018.58750263805,452927.7446708273,406337.22964452486,404694.99536471313
100648098,285000.0,4,301214.38004752225,274721.2570411877,285739.56850845105,308207.75009150093
103451751,355000.0,3,389824.5136188414,419972.3697852695,396171.8410163462,409378.52518313896
103340412,360000.0,3,413428.53503712104,368173.7853140881,366882.0529561007,358946.3652151812
102384300,900000.0,2,1203013.726073394,1224261.0289068387,1043453.393115336,1265440.7045786208
103763222,531000.0,3,495976.12345137924,495062.101467486,487155.68189666385,510659.1850670732
103763215,532000.0,1,547711.9349281872,524490.8326438443,533580.3310223602,498495.93117147457
101190108,250000.0,4,279013.81375162903,288126.1801793276,281915.0541861088,285458.8013516429
100417213,260000.0,2,259894.5350462697,289876.01675103616,293838.8788589997,281424.6975251152
102470889,498000.0,4,554703.2303894456,524713.7826865341,529925.1402130843,529673.1388518612
102451918,410000.0,5,356552.0985341539,377037.66810080566,380079.7745364291,380923.2996701098
103763235,530500.0,1,544726.8558102617,521044.8407458605,633117.4508672551,557711.9086260359
103251056,280000.0,5,264267.67299169913,240451.40020628754,234221.33116648294,238031.71011160486
103315428,405000.0,3,412275.0490057591,390486.1736371661,366735.34905190754,352551.66723822994
103782953,330000.0,2,543999.310396673,512603.44297978084,511712.2508480801,484844.1236140789
103783035,160000.0,4,174676.24849714807,136742.6032916477,130750.18833228273,135741.77717874706
103018708,750000.0,4,683230.2612316976,739129.5078938884,738431.6827287344,682961.3492722237
103783027,195000.0,3,234401.35089768673,233426.47195724136,247990.54155061854,209950.85089139978
103143100,890000.0,5,1006776.3221875386,1025902.2584604825,939404.0520724028,889200.3582156389
103468565,230000.0,4,193350.12774308227,206128.84644161124,211456.6794350718,211033.59382413258
103154349,425000.0,3,361885.31653868593,362961.16167541884,335880.9887384165,319912.49316619674
103782938,85000.0,3,28838.161550705514,91125.28015231967,68574.46155952346,72242.93148333204
103782997,1700000.0,4,1349463.6255204198,1832437.1822068712,1840372.2817194604,1785656.5094454999
101255961,468000.0,4,492703.9147232214,484621.0434834671,478947.8090986595,481511.68130325654
100767226,480000.0,2,449255.29693483416,415316.78351906803,459487.973702464,455826.5397337335
101189876,250000.0,4,305591.8921600185,300110.57565409655,313054.6959186395,309103.80307927646
103193831,290000.0,1,263763.49933839275,274070.55421881715,274612.4789463985,275202.8968287155
100432981,185000.0,4,250928.06294684965,202455.55850881452,213918.7675541208,202787.8348579404
103470385,359000.0,2,239221.91938830496,278868.8678576316,274748.22926151427,283124.29815367056
100480993,300000.0,4,387393.3903608243,459534.41681550024,467897.71312711807,464949.90180655714
101519139,600000.0,3,636437.6216145338,615458.8837124376,625902.693323846,585778.5361027904
103549889,330000.0,5,301949.0960819682,316020.72048661247,289299.3703441245,302908.0195315804
103380630,440000.0,4,454566.754679661,420024.20796577336,382277.4225311089,455389.04333844176
103355256,188000.0,3,226877.50176253417,196023.88351104935,175426.76739845308,208733.91989485078
103097681,280000.0,1,318433.9651020127,297826.80241949036,289822.6190287832,279702.18958087696
102658768,275000.0,1,229822.07583946866,282547.57498201897,280098.6053297919,273733.6423207318
102561739,170000.0,4,241848.51453867316,237237.6285764017,219178.51708322926,234615.92127471376
89624451,1312000.0,5,1196431.8814201688,1246611.655490869,1226526.7396578644,1194813.4606614711
101898105,570000.0,1,511642.7182849631,491576.0804915244,484972.7171764723,492111.810884247
103118791,580000.0,2,670881.6633892201,606600.0306705312,623276.5995687904,612525.4882485071
102287856,340000.0,4,359507.76364039734,344741.61555622926,325023.3771907483,334705.91515475884
102380482,2200000.0,2,863917.201117393,895765.0047119014,985079.4740898068,921080.6746012582
101121674,480000.0,1,529002.004249204,497208.5767441678,534404.7055661043,485619.63768841577
100082034,378000.0,5,420561.20520998904,412644.453014547,410854.38902023586,414474.0686859467
103251793,368000.0,5,354590.8018004956,365127.74378857465,379263.10891305207,360648.1125597074
99889505,280000.0,4,302563.33501724224,306629.9718176473,313717.5225864637,313419.3514743948
103451338,405000.0,3,388853.0265437049,411369.64498792967,375906.8024914451,406101.5939095466
103506212,300000.0,1,322302.5002662306,304193.5043103723,309088.5678751763,292300.55235945893
103522532,300000.0,2,289728.630666205,308785.7601340949,313587.8186539684,311515.5851879769
103671845,320000.0,4,282014.43984293827,336919.5387614768,316363.12237492565,332470.21364655794
103708869,340000.0,5,432930.9895887124,373343.80572332325,379120.1058324912,355344.15308886295
103782911,210000.0,5,155832.93483499507,204148.88407085708,207395.83428726945,207024.7138912206
103782895,1540000.0,3,504862.5557684659,541211.1442527181,432327.03650183184,494824.0173602056
103492971,345000.0,2,391375.5162866852,342387.05824842834,371546.67344889895,341302.3525155156
103492972,345000.0,2,391375.5162866852,342387.05824842834,371546.67344889895,341302.3525155156
101518597,1580000.0,4,1392932.9274078154,1329891.1663279093,1104410.6933140613,1021355.0201844018
101518588,1400000.0,3,1878908.2085228388,1732734.216213867,1647763.9612822975,1733763.3053701872
102103790,230000.0,5,272152.5747501784,226314.398315274,239962.4349447033,239081.75639033417
103782790,120000.0,3,153289.76910920494,172111.79790575683,192755.07302133052,175293.42903881177
103782781,400000.0,1,473735.98378512036,437705.3415629027,418340.5458107219,427012.7847091435
101518590,1050000.0,5,1027934.895681711,889385.7338168969,885223.287787598,839047.7696954635
103782870,170000.0,5,209982.29751112225,194093.0101308258,159540.69002874722,206991.7144327961
103601485,480000.0,1,524500.300213482,493604.4083873585,484213.6116980565,450631.1553894689
103193842,780000.0,2,823538.9683976058,776082.393884403,864336.6463728016,804858.4781722769
103039433,498000.0,1,627952.7177850929,565727.2737636373,571955.756160083,531796.7109326035
103204534,400000.0,5,329858.7793172234,378137.9363940576,358017.3026378003,358952.41747278126
103585430,380790.0,3,371311.6952540662,369327.09899616323,375001.0269179013,365418.15802961745
103708972,240000.0,4,178772.92513675982,179131.31125206422,199063.896963703,178558.6452370941
103547608,230000.0,4,242725.54609769772,305281.40080002527,281609.51133440144,284055.29383362277
103230999,230000.0,3,235656.68897693866,207692.91804180588,193031.14893214082,195967.8434790185
102996368,265000.0,1,214925.46318213557,295732.28539950715,278093.1916461291,292770.19066861644
102583527,420000.0,5,407350.00073246384,372503.5492998788,368311.89410163224,355856.5851290598
103141531,370000.0,3,281097.090100108,256634.1839690819,232471.9967835921,261512.21416117682
103422356,798000.0,4,818825.0027370574,1060436.6418733185,977265.452846098,1392585.2521877347
99032642,570000.0,1,549394.5082107958,513851.25419435336,519360.74714029604,519584.32847685844
98472845,428000.0,1,363971.4244475266,356634.0163761053,347217.54035079386,336324.641412845
103258889,380000.0,5,445529.43028061185,420779.23028556694,410775.6217823059,411506.29916427156
102436890,495000.0,4,594493.9536540371,497956.0729166657,496934.2201155351,468820.2998857034
99568831,400000.0,3,617671.3586734608,686465.7276600349,714811.8391360576,717256.6739277643
102451678,380000.0,1,368521.01801261044,386589.603596965,378033.888775669,396832.18068280764
102363584,520000.0,3,624127.4321633282,555193.466264006,548341.2908032987,541344.8286957546
101041456,888000.0,4,1018944.7066902205,1018793.5655585551,987077.6886986133,1064246.3392323384
101527935,318000.0,3,327565.14007004315,288923.7449406043,275627.15400703606,296851.8860097299
100752947,388000.0,5,329728.8579046715,356852.65509777545,363738.56538160075,354543.97100389726
103782699,800000.0,4,582453.8434742561,662058.8597356895,638881.7300022127,603132.2482942599
103782690,380000.0,4,334563.29589696106,347386.0163199854,375015.21943612024,364650.2142390762
102025202,165000.0,2,127809.66923990879,204771.6187320264,217745.76791909203,191500.66285470536
103782759,430000.0,2,434083.181334878,520295.3403092099,549825.1488501802,530564.5952328789
103782758,65000.0,5,188639.0420082618,166774.4997989227,175213.82037141777,134764.2289894259
103782739,319000.0,3,360557.5914031283,378281.31768869865,372952.40335650515,368061.1572988116
101518502,800000.0,1,885332.961685613,723305.4605945738,756619.1658570104,719680.8644782812
101518490,700000.0,3,852594.722763776,741297.2850024897,758103.561348665,752341.2311156724
101518491,750000.0,1,1002211.9941605648,840084.4381961294,812012.1313506239,881280.5150437764
100960521,750000.0,2,882575.6135890068,731197.100371842,697122.2843839579,734170.5629799833
103782658,880000.0,2,1046828.4193822187,996169.4038481583,904305.8408386203,922326.136630893
103782648,420000.0,5,249665.42301563543,280517.06019526534,290135.1566521775,290421.3266009649
103782734,565000.0,5,648983.7250653302,542675.4659080621,498856.0785793152,531680.9546509715
99364371,360000.0,2,331007.4004914932,305831.45403963525,326059.8479118744,318482.62280712265
98927160,750000.0,2,929508.50702104,822798.4037687122,792289.8155327818,785978.8055761281
103557523,185000.0,2,191332.2883331087,196782.60526552022,185535.28410459586,196582.93653699374
103557422,330000.0,3,323220.4727505355,341036.6715245126,354929.5113137021,303151.9448770915
103557279,640000.0,4,581337.6247523106,579810.3717304276,559722.3146071082,570176.5654435909
102974165,380000.0,1,491921.13744894206,493047.61873102275,464624.7169096892,473626.9112735578
100322106,260000.0,4,269176.6354680385,282541.2718638356,290865.7442110043,287524.59113892616
103782725,420000.0,2,453485.8157297976,437854.8157220449,513516.40572457603,433377.88253738364
103292981,270000.0,4,246135.68697722745,233658.8617457743,234857.1283491578,232220.81529346132
101007702,718000.0,2,897251.4962102445,813032.10869103,861612.6061773824,830613.3066880149
102654505,230000.0,4,228943.4770720574,278938.68586073915,238169.4404558988,240783.6804714153
102641102,150000.0,2,176837.2876329747,199538.6649664247,186532.32072202204,192610.724918836
102618302,150000.0,3,124840.99705983151,164535.82687576616,152598.5183958754,173788.52826721309
89672274,1680000.0,2,1238411.4805874713,1255987.9635050844,1241607.9368590962,1163369.103272512
103340299,600000.0,3,702010.1721933497,597295.3707703854,604334.9369252061,584031.9347914389
103258422,340000.0,4,411035.7996700615,370721.91141426563,357777.07324295305,359905.2647636609
103782576,1350000.0,3,882751.4221689168,847614.6737366465,1073220.456779317,825896.0180594007
100547259,443000.0,3,244218.43342583472,389720.4491053956,384973.16583245987,509983.1228319792
103627604,850000.0,2,876939.3708750537,845911.5008095921,878501.3751073502,896702.6014898542
103159521,800000.0,3,792109.4667448587,771063.5316915597,771838.6339350458,779331.3352380481
102695595,919000.0,2,991774.1441343235,924555.98937905,935565.6294437951,900194.926952075
102940655,453000.0,3,548896.9754273832,454426.03836461937,453757.507339706,418798.44953974325
102940652,395000.0,5,417454.1712511317,430129.133224256,423331.3735916703,417038.48878487555
103782625,360000.0,4,377162.7306918011,362361.02410979295,365137.28501242335,369572.89130521414
100959243,1050000.0,1,1357203.0773240193,1344919.0067131778,1382886.5471483686,1378609.7371693063
100418424,580000.0,4,682828.7701826789,597669.1459713598,580514.2629461722,597301.1961456707
103782529,380000.0,3,442123.83599888027,358999.157011951,378458.6662428515,387638.77669119014
100977186,610000.0,5,841684.6121009483,674925.3018333296,636345.2436266427,626771.64893493
103782549,240000.0,3,218642.8159358216,239972.94007977413,236644.86513097608,234469.05537097293
102796653,588000.0,5,692952.3637688019,616456.5084552027,624022.6606064998,606655.2888053122
99523105,318000.0,2,275482.1808468433,294709.2951382818,297104.7816329798,322933.6206507574
103712366,520000.0,5,457257.3939286911,473131.0623818954,478218.4379299681,467121.02004110016
101518486,520000.0,2,471452.3461580109,438195.9400926604,448539.11190127564,458495.0198922788
101518474,490000.0,1,685671.3015772143,641115.4725316437,611578.9142715087,618667.5658042895
101518084,525000.0,3,659230.9902516431,601100.4671666388,595977.430314337,574429.9755383413
103782502,500000.0,1,629412.1244520834,554914.9687628024,571698.4205393242,593218.6809170552
103782499,470000.0,2,423427.4234665332,460619.17584726616,490625.17306733015,459145.5358672831
103782498,298000.0,5,376959.19026434695,334677.737201962,312029.62986662186,307335.72348459315
102576844,538000.0,3,702653.2255753613,629443.4302281309,612368.94048417,631342.504683601
101518068,1050000.0,1,1311062.4367070706,1361533.2608171292,1031667.1964369343,1115626.2619512312
102197544,815000.0,2,844237.3330298482,982780.297237474,1090367.6186975958,1003622.096255795
103315487,700000.0,5,871252.5694341117,682121.3998106231,655978.9258804529,653376.0429169891
103283609,235000.0,1,249617.19306922573,287077.12771132326,295281.9186258366,294627.66610765015
103113406,390000.0,4,381416.83820753294,387666.19640470337,403079.3435098977,393771.9986583069
96822478,750000.0,1,381092.9751692708,597298.1738930129,555955.8609649828,638349.4709217434
102301402,585000.0,2,516426.50522790215,544555.2195442981,613542.4055543202,584229.1634709366
103782573,160000.0,2,214605.71020306446,194657.22624148903,188215.5828750154,172142.3050755649
103678958,149000.0,5,163430.6608427826,179065.3717063049,170793.567690166,196277.84021728835
103547614,280000.0,5,243488.58637434014,240300.5362141036,223840.65219620115,207588.5446649248
103547609,250000.0,2,217032.5446684191,216557.56394747124,223257.0077445404,204245.0092156763
103367062,349999.0,4,388908.5079093255,347399.38965002506,332544.2190767162,326023.98878853355
103033406,380000.0,2,260990.82312759274,245528.03820043488,243041.34276750218,242892.3994302859
102618310,400000.0,2,505735.81369657425,472375.603328479,489674.89315416355,412231.6754762004
102561611,360000.0,4,355731.6903397554,355430.4344270306,341659.5060594401,341258.76389466185
102747155,398000.0,2,403830.7174660447,386007.0052173411,396560.8409344317,381330.5956801996
103556164,379000.0,2,476313.61594340624,418788.0607292501,413979.8234560148,420518.689576479
100074489,350000.0,1,304818.9883855278,334085.0504311014,335294.46709113294,327857.133180143
96073653,680000.0,5,648261.7174487278,651543.2779133338,661398.8561109337,630779.5081003908
103541158,730000.0,4,495795.94301969017,475832.14364222577,512605.2977863387,544741.0596403482
102470974,498000.0,5,560248.9939573932,528280.5018472015,517369.97622961906,527727.8600788767
102384461,380000.0,5,415805.8247169008,394277.9537273832,398321.49350915605,393160.82408240146
100770957,300000.0,4,285937.8324435996,253581.0010426821,277748.8912709464,298015.51390014146
98838663,370000.0,2,309062.38412123534,316580.6120901052,322024.0712938919,322969.57704066165
103259332,520000.0,5,523577.110346426,502183.67458860483,516302.46115157765,527615.0518152041
102470822,313000.0,4,318383.8198940157,310938.67689583957,328267.78600141045,340604.96665650426
102354043,820000.0,5,877478.7765897847,808110.9790736729,853996.2328178618,839359.7688356787
101042014,760000.0,1,815912.3771775007,781785.2642355558,757195.655232109,784497.3319134462
103782353,498000.0,5,461072.10017848265,470978.45765754406,453440.48848200584,448203.54348315246
103659446,880000.0,5,856804.9563818736,813606.1277495236,846294.3259353274,793012.9168546004
103388813,380000.0,5,456862.60748443037,443527.4438151253,413414.40593443793,431213.51385674666
103388815,240000.0,5,330719.79356830206,311099.1195504473,306009.2284121678,299940.55670162063
103462313,280000.0,2,276668.94302128564,280543.3342971717,289622.7136188977,271633.1991862803
102940640,400000.0,1,359663.8114192475,377574.8224810088,353634.2586693417,362255.9861345282
103568969,360000.0,3,376360.40070539794,383093.6858201847,379625.7329924962,376348.57390291756
103782316,720000.0,3,579398.5491610682,631047.190762962,597272.9153599866,635970.0857793723
103782470,1200000.0,5,899903.7918975387,985727.7585806128,1061487.8183484576,928634.834928091
103428589,560000.0,4,490120.44347367017,502771.0497169255,586142.0134376567,557818.9325524815
103429099,350000.0,4,357659.69909124426,302003.9703474129,315459.3159582274,332207.29164072376
103782439,125000.0,3,169152.9519157205,141884.23667298333,108308.38976418033,119763.48255557723
103782434,370000.0,5,429334.0103180141,446102.9934660214,430258.9053629,435175.4561115976
102785812,485000.0,4,505685.7277239786,500694.8566007687,496250.73786509543,482119.19347418426
103782430,422888.0,5,497205.16710832226,464980.22015772434,457808.34939688153,450868.6618761409
102171455,190000.0,2,144093.70692383833,184487.9747648184,201539.02638534294,182140.03025387556
101518074,630000.0,5,838810.3698095009,665368.465622787,604585.06368984,616690.2807387237
101518072,650000.0,3,876703.3821125462,695723.141975966,642821.0417724929,653722.7858194833
101518066,440000.0,3,462590.41884924483,439069.45296629623,440096.8453534998,439258.647953886
101781735,450000.0,1,331690.80893942603,308347.0129263317,337256.6301437692,324121.0122531594
103782285,135000.0,3,158250.52481962676,119737.69258118804,107409.10682677472,115097.45004926296
101710750,550000.0,3,543811.2501640802,527105.5975993053,548828.3214592335,526230.7042241744
98693277,600000.0,3,631146.5405208482,617742.7781519009,637991.7211538863,620595.9623194595
103601469,1400000.0,1,1265041.1103424858,1285207.0790797628,1320171.5905484534,1297513.7299416475
103556720,505000.0,2,586886.5739008536,501419.3329985011,514729.9603827787,484838.00313274027
102515464,638000.0,3,783897.9860971163,678309.1615090631,664013.8323269493,702484.7148334348
102352833,380000.0,5,441337.7477194495,419472.575766244,397692.7136285558,408505.5707923559
103720396,160000.0,5,154308.31713061314,190148.65286925156,191158.80773988296,182078.85172420277
101412879,480000.0,4,480171.0753576422,413630.6709968176,417627.590245383,403463.3274497557
103627786,630000.0,4,546507.9437265596,506381.2970754639,509724.0726182897,520766.0656006594
103397842,265000.0,2,338948.93291891913,323300.9146971707,316836.4417400927,323962.7236517039
103255092,210000.0,2,276029.9189707482,244329.89890133086,224774.44236109624,224791.88401260544
102452927,330000.0,3,343616.03349351033,348967.7953287593,338650.1697994103,341281.9981072036
103782355,349000.0,1,355150.1015168186,316058.9213312282,325501.0478069552,316709.05815754394
100959617,565000.0,2,706603.8703768175,625337.0796477722,637172.8900641487,651645.217995516
103669925,600000.0,4,712514.8966994773,581290.865407619,589955.9672397431,569797.7549202926
103631936,290000.0,1,234977.37346037859,272566.4396079745,276871.03843814816,301589.3166924515
103383040,700000.0,3,718963.378306606,601942.7460116448,628056.7017520488,610201.520498022
102092737,300000.0,2,288949.708910785,297774.34846440377,267204.8602647103,293915.8384396514
103382840,665000.0,5,713113.8230140735,634592.9785588825,628366.6930305713,641074.7511702203
103382831,600000.0,3,704330.9070415633,647256.9520479626,688405.2651477497,652992.0451713045
96852887,508000.0,4,486865.10248853744,425894.9235030422,405076.2139078617,376169.867177468
103564371,375000.0,2,406911.8009150054,380314.5625936755,363162.8731090156,371506.3388616215
103457034,699999.0,5,759684.760511496,805256.8500226928,826030.6370274709,857700.3867499165
103398198,320000.0,5,315276.9759579508,320404.1254316631,308316.1968379239,325379.4506072884
102965472,450000.0,3,495422.75294457,596214.9226064193,526333.2095950954,541920.1636939181
102210051,420000.0,3,437487.90310693753,387994.6029100353,383670.3231711637,384162.3305297788
99446991,660000.0,1,805259.3466700912,689786.1611757042,688774.3976007212,707839.954565533
90069219,800000.0,1,1188013.0256698339,1181398.7188439416,1244750.2631722302,1254599.4763043062
103216778,485000.0,2,440567.2187439888,477633.1848095616,469776.1287573926,465943.8763723274
103052290,1100000.0,4,1136659.8266169748,1253083.8262234165,1320649.654183179,1115485.2322327134
103052115,620000.0,5,675533.2709009347,650109.6483004574,638135.4605535455,661519.2132250656
98695154,350000.0,5,351491.45165169204,366468.53357989434,359376.0117688107,345250.3704836938
103252361,430000.0,2,392685.7155122028,382120.9321182193,400405.0711560231,414285.78162442916
103217447,320000.0,5,315189.7251660174,306074.50901948847,321010.61224665464,310573.2739568882
103160019,350000.0,4,384638.8929594472,352353.044894175,344220.27646295214,349414.5775750684
102541772,1300000.0,3,1310761.5727195658,1260733.8031647753,1259066.2715796116,1218413.1892661166
101009687,1100000.0,5,1110574.950511793,1039741.67494141,1056441.7609951368,1046130.9005610083
100857405,360000.0,5,302452.48757218436,316334.48484265263,330957.3427765267,328513.4338389123
98857740,1400000.0,3,1398290.0995926678,1416101.1672598363,1381560.8014212344,1437410.201794161
103782194,275000.0,4,249872.21086990237,274483.39585788536,279263.85349783406,273058.96130336996
102971271,355000.0,2,614005.4931360357,532496.5976168384,526999.6373032186,516123.46977028385
102940643,445000.0,5,428874.7664796945,394352.7401728832,369923.84069945925,393008.7088342672
102940649,293000.0,5,329599.29269891937,304285.0482842678,307036.0420226759,322275.12945608294
100335803,378000.0,1,448088.4817677997,399001.9093316493,421682.3614219908,402070.79295698396
102940653,423000.0,1,545264.3076704483,454365.44659141736,459674.4361720152,398429.55186550354
102940644,335000.0,2,375197.4186591094,349327.9961192595,357411.85623494006,353458.95296878467
103782280,175000.0,3,132573.69666569895,166252.52839833256,161025.30665399064,157632.76056661017
102083079,358000.0,3,363179.8290458971,346150.49121312797,351408.79546849773,377940.151731361
102058483,585000.0,4,470904.63661597506,442052.02328878874,548393.5495994417,502305.83932226524
98336057,145000.0,2,158224.75795949638,159085.10200217992,151008.75807524778,160815.31204230306
97662947,690000.0,3,630467.4083700163,606182.1337235771,561608.2775722508,583102.4476210509
103782174,698000.0,2,824386.8090250371,801629.2857874293,793281.615526032,804656.9561141117
103782172,600000.0,1,786399.1970743827,870750.9527219085,939010.6462091845,915279.0598435323
103782271,380000.0,1,346599.7851625641,354384.06701299537,352533.5944975437,361506.89835894183
102821523,470000.0,5,430213.84013528744,463820.60836323036,469412.9938062666,432238.24243571085
102403645,350000.0,5,255743.42148268822,248475.70900266347,274693.0164702497,273909.3817755071
103010740,400000.0,2,600333.1728502193,502679.46736069815,497284.4612786743,558186.4057781557
98792718,342000.0,4,363373.07255067833,361394.9729614178,366211.657914589,335889.2042862695
102437336,650000.0,3,918040.4110675199,733725.5054078709,698046.4506498447,714090.5185195603
103782225,368000.0,1,467118.43072517525,466045.18138246005,461643.68357073376,445331.31281954073
90430929,245000.0,3,208020.6692972259,248083.21824243863,243776.72607880033,259451.7601736624
103782124,240000.0,5,220797.65752565317,187730.57007747926,190100.98643643546,206774.44371137494
102349862,360000.0,2,446119.8402757223,371629.3459173877,363454.22080624057,384849.3631342844
103782218,318000.0,2,398076.8773447683,376209.6549052128,379981.8980282018,355501.12654206465
103782209,390000.0,5,378684.62977294123,380072.6823504247,361260.5946402017,360927.55639023887
102805236,445000.0,2,453715.97155752225,406135.5950470754,405232.42448930483,435939.68576788437
103782207,1399000.0,3,658318.643211029,736488.3935350585,726976.6087605904,801190.0922405901
103101612,229000.0,4,305162.6828089781,368840.1546269202,280568.4902011021,349432.3022195668
102824990,390000.0,5,363123.0858813889,342759.5974540882,352310.91602155333,344596.02822763
100204288,225000.0,2,247012.1866041391,239121.5906254578,221170.20438794378,218039.12302815265
103669923,600000.0,2,725327.2337491193,642547.7505038116,651642.996534784,650105.078515308
103782200,170000.0,2,177693.72535427107,174122.4385737777,165677.40801686796,171402.92943338922
101114565,600000.0,2,668299.6938104962,602058.436219555,619323.0322010441,614207.2464378758
103383088,615000.0,2,740387.1083745303,643550.0657609603,669374.8584235022,647430.4214286666
102898888,369000.0,2,390795.0702317932,386893.0127911281,433775.53168532625,427163.9709838049
103349200,230000.0,5,231852.1338260015,243547.72584426723,252230.02334472866,237199.26013082644
102732915,387000.0,5,378021.52480623074,355294.1193118144,372054.8956825063,405898.94997574895
103383033,660000.0,4,725028.9400849979,605564.0536256821,621745.4393474472,642298.4207391781
103669918,600000.0,1,718258.3498325093,598659.1780713917,618678.903358744,595165.3731230242
95514300,280000.0,4,217513.61480949828,252833.08988488713,259173.57020741838,263195.06025198393
101292151,740000.0,1,839104.7160033562,690867.2242167792,697353.7161150988,687059.129385175
103382758,570000.0,5,682381.1761099452,601969.1020013463,582973.4964291382,594679.7932416735
103382762,660000.0,5,684731.6586606577,605187.8140791437,596752.6758020624,600771.5279408979
103230995,150000.0,1,136085.3806082351,183266.6508173467,167337.9855630806,181868.7934502112
98874163,280000.0,2,247674.7009475349,283198.855349331,291671.2006093318,292476.1604442737
102207144,620000.0,2,713059.3061807685,656590.9876951934,669236.4836507281,669399.0672581431
103403532,1250000.0,1,1071244.2180871298,1009071.6851443788,966297.4226243001,1041745.479057785
102436751,800000.0,3,838164.8180843517,843694.7248524145,825416.9330155066,885897.6790552022
98881317,320000.0,5,328051.52653525595,347019.70240392775,356485.6032119995,348868.97525287146
103252071,495000.0,5,485413.90361449495,486184.68651578383,486485.2695382853,496423.2494978897
102515617,420000.0,4,387029.7706045723,398166.0264704256,412040.1045683574,405237.0883820632
103782137,418000.0,3,370389.55791842827,359013.54226528795,358187.7050371533,347136.0279368286
101483278,759000.0,1,809099.9906019722,769902.2881990077,654959.5979521566,654896.8405717113
103556804,290000.0,2,291960.9093705448,313760.82358452637,325309.20047933393,298393.73171957576
102309122,849000.0,5,484456.8053627766,517601.7594438488,498464.73319862556,535565.48467521
103071363,275000.0,3,344232.02718369215,343246.0067565308,293534.1439181558,337710.1599734976
102206936,365000.0,5,365439.3811529205,350872.0166452932,359636.1866424177,404739.20296714077
103004646,295000.0,5,319615.3068101092,283030.05743044976,293552.7953814378,298291.08603171597
103004645,395000.0,1,424451.7244869537,402173.5782480781,413329.66944212146,391038.55904839555
102940646,233000.0,4,250724.06662487722,253470.59633271102,260374.88140579098,264878.544929507
103782105,260000.0,1,257025.96051067338,259629.65940844495,269701.24426372204,249534.12579361745
103782102,318000.0,5,280663.2696851477,285215.0796779104,298788.53920449363,303243.0622246392
103464262,345000.0,2,341433.6282385462,336492.5189079666,329014.6793313897,325511.455812105
102138231,535000.0,1,547087.2446594676,512493.0558446984,504159.35082006716,529804.7923659412
102803026,250000.0,3,152756.05329497185,211365.74285387606,202367.82343636424,210760.5947756393
103781970,430000.0,1,453582.2030121025,436819.3986151664,428049.34200323455,367009.9860577602
103326909,215000.0,1,322815.73836165026,316210.0655208606,309713.0826723384,290256.04654743476
103686903,360000.0,2,491732.35552194115,528859.5770838527,507288.92575860646,513909.42754358234
103004621,285000.0,3,404927.7010775188,372653.8332218276,358208.78134664777,376890.0368474492
103782080,418000.0,4,430087.4627300541,372591.2880801737,351614.99992676394,349655.7014033157
103782078,175000.0,3,171114.77699348883,147715.41414661103,153423.48583226505,161326.36492617585
101929726,650000.0,5,729160.6897974426,709728.3259179579,703814.211796701,694461.5328723959
103485935,280001.0,5,330537.3792937223,321183.85805913416,286337.39195173915,335609.7212583038
103782075,565000.0,3,606531.5027103096,541609.3413611004,541376.327670607,532288.3048753077
84073992,510000.0,1,454504.7911042197,418159.45800248743,395344.9586183607,411030.0208249136
103782065,530000.0,5,558049.8458099155,532301.2560736326,531059.0922185344,522775.67351087515
103641638,252000.0,5,223368.86687828202,289612.84586323693,314491.5724519094,275198.204040428
96641284,258000.0,5,225032.89287476984,231062.93247039153,246216.73920997695,235751.97799239925
102974610,270000.0,5,354857.224398988,327889.2894774297,346142.25684898614,336626.559581558
101189858,338000.0,3,354358.302766981,311243.701695206,309992.6091790353,296592.3781615226
103781930,175000.0,4,136168.62068876115,164195.331806851,162763.39088433603,179997.82338789635
103781895,550000.0,1,524449.4709970052,577481.6146700201,570041.2080589484,521201.44228815695
101349749,100000.0,2,141221.0249575062,138499.68518762573,129326.87110839364,128834.34049679844
103602332,200000.0,1,168561.2853697723,159251.1845460956,169613.34135376685,164715.6787817997
103458099,299000.0,4,206828.28289227773,260220.5485615639,263891.4853153612,257730.85327693645
103597968,400000.0,1,422531.20610360865,417417.3748972107,415439.2801814437,399529.5127670798
102863547,320000.0,2,250183.75548503906,256516.5462153992,287865.8368318184,271892.4712516613
103647605,250000.0,2,206457.32892849532,225449.49119225325,221113.75907561416,219931.98006198264
103380270,599999.0,1,567250.7287616553,537024.9820370536,497077.24694564106,516337.56682431797
102745515,499999.0,2,554275.3752064009,595232.8972605144,576996.9214568853,568679.5430736057
103552908,238000.0,1,216492.71016269477,234486.040784521,244694.88258442094,237173.9932838291
103246761,250000.0,2,249294.0219983214,236446.08743462022,236250.20213776836,223329.03073733932
103379965,400000.0,5,359141.39473400166,393002.804646981,402950.8403655876,350637.51029350626
100508314,278000.0,3,312347.41384217644,310161.0299344179,338642.90971387475,326167.28772405814
103316728,750000.0,4,757417.9755998807,759334.9043286794,747878.4330431793,732443.5668706852
103252161,739000.0,3,651109.6264667711,716670.6406580686,690438.2347055242,670972.5693596798
103101262,385000.0,4,391102.1374683351,384769.04674814816,394681.4221714119,397637.99618978536
102451522,420000.0,5,368250.9107846839,377871.5004281219,390626.27570410335,377536.2372640911
102380577,420000.0,5,373643.85359520145,388239.6402122718,408211.0403346927,401609.8339570366
102197091,399000.0,5,381699.6985404772,385375.44006214174,395088.8751669957,390378.9451541459
103556802,175000.0,2,224175.89251077152,205819.2559688567,189318.21371207884,216606.22210003858
103739983,140000.0,4,135452.7595864519,166301.4833081139,181274.4534525623,160816.08378624864
103683022,360000.0,4,383563.37864146434,386807.5323978863,386836.8140512156,383086.4492361516
98979609,420000.0,3,413901.6401940898,396353.4132618989,394202.85223421664,386504.22142346174
100521805,375000.0,1,371503.70335669187,371071.1555855846,376458.7673370179,325921.5607577766
102268576,529000.0,1,551792.5003604199,477543.24795710813,431278.2304565864,448532.95836978295
102621437,433094.0,1,695264.0517474271,686432.9121389877,742239.5942019139,733917.8197443548
103658337,120000.0,5,106932.72838443104,156065.59894157585,161327.10095549692,155872.82571455115
103349884,485000.0,5,411678.6879480185,414184.9541247407,460007.6688607565,409682.03220514493
102941210,350000.0,2,424704.762807156,406870.77717942465,388019.88990599645,375323.7393544019
103624795,250000.0,3,311255.49984974856,253778.22991939096,238062.87208842122,254227.44535651742
91581848,510000.0,1,493037.71250994946,454795.9422800757,473880.46273259434,471808.0815974284
101737502,660000.0,4,801378.2006876889,751833.7509041369,748536.9685525631,698497.1883933609
103284136,330000.0,5,288326.15236102557,286864.4596816137,301375.3783565391,277422.7805936537
103193743,340000.0,1,358629.9365338639,349091.6234501899,328340.20345328195,343426.432540743
102612602,690000.0,5,1020735.3415673171,813352.607291579,777303.8361856283,755389.2372175178
103781889,168000.0,1,158098.54638210754,179697.25501758387,178770.0329524945,180607.8837277954
103464263,535000.0,1,547087.2446594676,512493.0558446984,504159.35082006716,529804.7923659412
103781879,250000.0,3,321189.8492995498,326179.14090962056,313924.15034315706,318407.75735638285
103781713,1870000.0,1,1532643.6529329917,1562419.6746089547,1630319.5322194116,1710878.7939934263
102884403,823628.0,5,886759.4681191191,854587.5495660714,870654.7285431933,877258.8008755436
103781751,230000.0,1,195412.35706227922,213975.0665994749,208390.91973477323,216635.3968414485
103781748,195000.0,2,218024.98861422643,204558.41649179108,201737.55762426282,204598.59425172396
103781747,230000.0,4,183469.3067234779,217083.6708939279,198953.05545899467,219170.88509288794
103781716,2100000.0,5,1740778.817782361,1958844.6346272633,1773560.2175128453,2210913.179715345
103781715,920000.0,2,961938.4102173826,922039.9935927173,992865.6703597157,913749.4072770607
103202978,340000.0,2,266187.1364185171,268339.42333956173,257284.65268590668,255537.48719898332
103004650,325000.0,3,363102.43866568175,374781.72640156874,361013.5448104976,381519.47842155636
103656061,258000.0,2,152333.0516148883,258596.97080586432,255949.5779652106,279768.9104180535
103359463,260000.0,4,293983.9650407944,278748.19836054323,263897.1246820541,282643.8876288325
103272136,305000.0,2,338683.7881922947,332068.4362096911,312247.1400035097,297152.2278588342
103004644,405000.0,3,448438.92110873107,418892.90837416693,458224.51544834435,372072.1346876395
97176277,443000.0,5,398879.60658538627,384484.71150365524,405216.59281554085,383958.600297838
103781855,660000.0,3,645008.5653437544,614196.3340078653,620443.2954779102,598059.392382339
103781851,190000.0,5,136518.9500699131,156962.5823356998,163317.28078812058,177818.52112222175
99945785,288888.0,5,341217.40482253756,368737.65414363326,327651.0658674109,324336.55258562753
102884643,878720.0,1,856328.948882534,864761.0501890754,872655.187783842,903228.0388384069
99163586,576000.0,4,662490.0775488836,644145.7980631228,631065.6358369413,681993.4149992518
103781676,140000.0,4,154304.68147545002,145077.99371252852,146267.42676061118,130783.32483975278
102884111,562880.0,5,548627.3529002799,525879.8324853894,547888.8498840403,567741.527066249
102883792,674969.0,2,749650.9300683801,705297.0080267263,718014.0166682021,718674.7543331145
103781822,200000.0,5,242648.0726917229,253437.19705913396,246581.66921156668,268356.14409100026
103781803,170000.0,2,210415.08503127386,184840.09469347473,190505.84605499398,180248.73507996523
96139249,2700000.0,1,3872409.7857521866,4181401.537033039,3325202.298222707,4118301.893487582
103781785,199999.0,5,243120.83629489236,256548.30656596518,243773.01536926386,253233.16236298223
102896565,280000.0,5,275559.5390071787,248517.9032516264,234736.32973731545,243552.51004401222
102880405,155000.0,5,165326.77151826653,175976.05637974627,170202.53790921616,185934.50360008285
103549516,330000.0,1,361137.2984072255,322244.50262782193,326219.24242165446,297253.2907893482
103446504,279999.0,5,310118.31986481504,283568.60915415315,264867.1086651678,253621.18679136294
102981673,299999.0,5,598629.9646354212,513099.6192061784,485107.2968596885,428651.0891974737
102981671,275000.0,4,238275.9014675101,282135.8688269285,284489.5432348868,275913.9833007559
102561514,350000.0,5,332575.6948570468,343655.9423890721,325784.7961761279,336478.7576869574
103712760,215000.0,5,157586.88961224398,197718.1902471842,187911.47859626252,232862.3021136918
103515353,460000.0,4,416735.92985671095,434301.2466588071,453928.03302855056,445243.29055908415
103434959,450000.0,3,422010.09999279334,428964.79296272196,411387.2826893432,426156.9600625184
103434910,450000.0,3,426969.90991828503,433589.1286522363,435704.3616723361,440246.57489497727
103498210,420000.0,4,413141.2455217782,433631.8713107094,436696.93703856535,433125.881591136
101491913,380000.0,2,395269.62376778945,388180.0758497301,388872.4708598205,390990.25742594403
100085128,380000.0,5,313819.8590380124,308463.3106268788,298348.15717229445,314735.580914936
103159578,530000.0,3,522561.54735109553,512454.49485082284,527666.7581922925,524627.9501772345
103114435,740000.0,4,776300.8804216918,674216.8192402568,658465.370150511,687770.0775727385
102515573,910000.0,1,1003048.9342133699,934404.3253805168,929891.8194901256,918658.391559093
102262350,518000.0,2,636795.8478692039,555221.1758787802,553874.7118674313,540509.1745097799
103400217,246000.0,3,239718.51298794342,206877.89842012918,205813.3435066762,194053.6769640087
103718348,368000.0,2,394839.40636998066,365613.15835173056,355993.845938586,346252.99392277695
103734479,210000.0,4,200199.0152459676,219104.9272395077,237416.94430802268,222118.69475056662
103781434,60000.0,4,183798.95001640404,134748.82805429,136895.24018814988,159421.69091359852
103586078,2250000.0,1,1229229.7457655964,1564891.1563440245,1343183.6372275262,1896781.114000727
103624792,315000.0,2,248917.06444962634,246141.0175284343,232150.1299653196,264891.61960311455
103080924,600000.0,3,555780.1949009928,587211.0617153702,631409.4165389717,627771.0514455446
101710780,550000.0,4,529400.7610563572,542635.259611252,536448.939365339,560257.4091769097
98459187,550000.0,2,650077.8594863525,533954.1514682864,563141.3497426162,553935.5379512098
97158710,780000.0,4,797743.2832071054,777214.6967572584,781297.5957767131,790053.2450290098
103264750,165000.0,2,154490.1264175216,151557.09358253688,144409.69313551908,153604.42913089014
103781399,543000.0,4,578418.6490798407,522956.27373256034,517553.04270659946,520511.35366224253
103781395,1250000.0,3,1185969.8822924476,1167140.5606204632,1185823.0388437626,1088124.4005267776
103781374,729000.0,4,818000.9103858275,777076.8359304888,756875.8460517774,775185.8099518501
103781415,193000.0,4,217677.37841304537,210555.68381587358,196037.90452009186,190603.12505419177
96025647,470000.0,5,532968.4980825862,597350.2422477051,600953.7624846786,605724.3325971321
103342467,445000.0,4,482732.4720447024,480364.0308528903,429655.20148245693,433349.1696092654
103272128,388000.0,3,410226.29573496204,375562.96028057026,382914.8681470236,380700.6058458539
102940641,250000.0,3,237565.28832502055,268797.7379720042,281118.74829619925,265457.9137867948
103781589,120000.0,2,169509.31769451944,127104.31486343264,134497.5145513884,126066.77981430087
103342475,410000.0,2,366807.9539186448,384762.10800326575,374092.6407743671,388154.025790586
103781557,109000.0,2,74419.73502402457,128339.06657330897,132455.21670599518,118453.59950560835
103781549,490000.0,5,543475.5239833897,514957.0194548137,528185.467035474,540751.3221927197
103781316,595000.0,3,522422.3342988728,535587.2496754258,558498.1371297521,582572.2615500025
103781326,120000.0,3,189893.41845667516,190093.31810256047,176655.88265750353,177935.86011451753
103781346,188000.0,1,219530.04420378117,212957.07729464423,218190.5518987446,215506.02712190125
103781531,218000.0,1,236693.25304598696,229505.75707020215,228376.6717043441,225834.8658496027
103454175,425000.0,1,499614.4543632858,513141.42851799604,501678.7265970945,455247.7120148589
101836062,155000.0,1,112774.51671350293,177497.3711394057,146424.61319782468,175543.68058655027
103781515,270000.0,3,316537.86670747766,302528.6436282813,298995.39969841414,281325.938022683
103781510,310000.0,1,473538.6083926376,434752.8318856551,448167.17614158685,423378.16332303087
101487429,330000.0,1,376544.0831754221,379324.8672092277,331242.722506956,328785.4596316161
103781474,240000.0,3,211905.19283415488,199820.33805226054,185686.46081798038,187666.284366471
103781462,225000.0,1,202080.20953044275,260596.0063596012,280396.6335827128,273952.5214638391
102686684,410000.0,2,315804.2366055129,385430.6003718497,410878.8185876843,380162.5110272947
99998002,420000.0,4,388159.4583571844,370876.68300369405,391981.0895238854,405294.59966169583
103781456,470000.0,1,419926.38673315075,383276.1671292857,428662.67868977034,386194.04020419344
102003737,360000.0,3,350431.0413287842,360433.34926760325,382211.6963481279,351646.507377876
103781453,620000.0,4,466248.3642426073,480984.99589060806,459102.72685919463,422344.1586683149
103781447,120000.0,2,146786.30409386256,172341.17813179822,168181.1621637176,170970.82991491831
103556803,250000.0,3,229456.4210323684,281889.90224630816,308069.3863484331,274292.2093365991
103781439,590000.0,3,542264.1287401872,500694.90566440736,488652.51056795556,453868.456097675
103454244,130000.0,4,179843.91543617228,168280.9172006628,167620.0989122127,158442.26647282706
103444149,489999.0,1,540594.1321869664,494851.3456520487,484111.6875234849,498830.3450139118
103430625,400000.0,1,370863.49612104276,348501.70740583015,327321.2129941545,332528.723925388
103248306,300000.0,2,267638.65339189465,264980.2383534814,233943.95956436632,241186.84085253702
103186446,200000.0,3,256417.31711632625,257662.70116583852,236733.4669006892,257056.7106621917
103139752,400000.0,1,544861.0594945153,453609.67515215726,451170.8387247134,390407.7472086608
103674286,190000.0,2,180845.21905209115,223852.9520708143,214573.25188134733,223259.37154432255
99124107,380000.0,3,367918.0331855829,370564.9129331443,371780.35868251504,374169.9547038127
102007920,800000.0,5,835739.6556163324,838457.7252055763,850868.8677307841,818455.7104415885
103389873,840000.0,4,889757.0210573882,825679.3429046825,870388.4867173772,869555.6826579619
103159773,520000.0,3,522561.54735109553,512454.49485082284,527666.7581922925,524627.9501772345
103159404,388000.0,4,426066.14484307164,390516.93100867193,401238.4818144926,404814.06178268784
103114521,393000.0,2,397021.7685091099,392618.45555317943,382216.14836165454,389286.5194810807
102451882,313000.0,5,312235.5996494939,303449.7161747617,305585.47249843116,314409.13441933924
97836584,220000.0,1,297908.8373102618,273448.94145474926,256571.9521459931,257323.06297815873
100485937,105000.0,3,175453.97576135088,121966.37157251731,107449.40557104305,112378.01388197504
103781078,265000.0,2,191781.20677360336,232595.981415113,259180.62841617866,242650.20022455204
98288764,115000.0,5,262910.1650179621,224151.1017377646,224742.89747850734,224922.0862758588
103527272,380000.0,1,432164.7604614393,408644.3385177834,381869.9642645893,381553.8480670587
103269285,445000.0,2,466264.3132791311,455426.6206098201,466909.57104466885,451340.4338279418
96977618,600000.0,2,715887.6574424345,702157.6365597937,697492.9982602134,695255.1382366964
98543362,460000.0,5,477207.22609316476,459620.9902543756,450420.5819124602,456938.2005001923
100561066,530000.0,2,595017.2409763957,587990.1225496547,580944.3265846206,577947.7808455712
98459567,350000.0,4,353488.6588618446,364990.821094043,367207.7930009558,378982.6956902649
103623620,99000.0,4,184685.1467822736,135719.71949415316,133764.09479614344,148065.8636261894
102707673,500000.0,1,483682.20560788596,482608.75633034954,470930.19525746704,481721.6279627765
102579289,430000.0,2,441533.7668709953,392627.030130851,398688.0811505932,412733.7702197507
102553262,249000.0,5,278906.45407906733,257907.63973660866,253860.9700872762,254822.83450435623
102515753,1150000.0,1,1224491.0844391615,1327038.292910078,1359624.1452005466,1232844.8521116665
103631879,500000.0,2,655634.2731419641,578162.7692588656,538338.9838335018,557915.7771259162
103781295,538000.0,2,344579.5568121847,426502.18995009374,407880.14657844405,465386.13168997294
102852007,245000.0,1,248634.37368512453,263687.07917244645,255483.33062427866,245460.91008565834
103781280,420000.0,4,401531.71841604856,383657.17137138126,377623.5527160728,385822.8932089878
103753694,600000.0,3,424736.3332959019,448195.7587674455,511532.07769408106,476658.91088973434
103556824,375000.0,3,350641.6954327948,362434.62751617655,391498.2476461184,374808.19350247184
100890052,180000.0,1,90259.0996524038,184397.98677283694,189647.8576001722,198527.84984912656
103669450,225000.0,3,211026.60606223036,234841.09353579034,234215.98432986342,236206.30792824418
102895682,295000.0,1,298427.62022730627,262936.1996415265,259936.6002551915,264320.1056882444
103781077,380000.0,1,258493.95410137615,417750.97613018024,348114.9751279857,345690.2020825272
103781073,420000.0,5,365854.5165108001,411651.098584184,469088.58424769586,393379.87463059445
103781072,415000.0,5,461298.82776519534,394301.18419129937,390247.4721528846,418121.47569669364
103781057,339000.0,4,428223.58584472706,384808.9677730531,433560.1093154486,398405.05123466614
103781045,410000.0,3,459283.7082546739,405765.7066809438,361015.35380048625,379920.2085451927
103781044,140000.0,1,186845.94019902006,194321.86029883721,188390.44313804642,176243.2309607705
102784475,430000.0,2,533404.5900384628,452980.95440611034,409188.01992206654,393429.8220892548
101191014,315000.0,5,391701.33335063694,430656.990193787,418642.7791829104,423600.2774833902
103008080,310000.0,3,511123.9097744501,412792.1786111859,431609.52420504065,407785.6106686496
102055151,520000.0,3,390878.30348899553,377271.5436073702,364373.3037427947,433837.88184172503
103781243,360000.0,4,405428.6789842964,370462.4758128088,391023.4629503441,384777.66996969254
103527251,390000.0,4,558991.9301273167,523215.30086309375,480645.7175173575,478596.9836565652
96038285,318000.0,5,379678.654511491,324570.76289017,329614.0836231604,343489.0447879343
99397738,700000.0,4,560088.5493438324,556869.5759999447,576299.108416917,616986.3271050116
55766395,350000.0,3,526443.3854762727,458633.86591025296,432769.8555853402,451710.9138733647
103781209,379888.0,2,354658.85843610077,358017.1304896839,350161.24061558436,353876.73008442344
103781207,228000.0,4,202203.74449675204,245795.40648753772,241359.38300099305,236379.019344107
103781205,238000.0,2,186586.3136212818,230139.3008969259,224970.4972249419,223004.34968966892
103054381,358000.0,4,409125.0711855375,359716.6992587575,397056.1237877488,384324.21350044606
103462308,393000.0,5,476214.1500499491,404557.2261010984,377955.1386718712,408551.15069237567
103359466,320000.0,3,366077.9588252126,337541.591728831,268857.2298345999,318822.1695389087
103359458,425000.0,1,535081.2314600793,477907.11677878513,470414.6366652395,406321.5728903612
103781195,388000.0,5,392555.2590782018,372735.8709039557,365618.48150144285,369576.9045900405
103781190,220000.0,5,183255.28790810605,176063.14543614333,162017.068490358,190160.40836149288
103465097,178000.0,5,215171.6713320522,181137.8262018571,176830.15069037647,223924.08359864767
103781177,450000.0,3,331192.18563269643,350406.4051808026,312713.44990922645,302717.8663123661
103781023,450000.0,1,389265.7477317439,388688.1691197664,420160.0464405833,416109.90643946175
103781015,289000.0,4,269702.9146440062,332248.4428326315,324746.1942309613,325172.46242567204
103781173,360000.0,4,292321.93175252905,325861.32229626674,325618.13892109215,355604.84908250516
102979967,160000.0,1,264453.42489914014,248160.90247490833,255535.86271490576,242254.08894107142
97951226,448500.0,5,659251.7174509059,640691.1358798001,620217.0100400449,633779.3919974478
102133095,228000.0,5,325568.00259645877,273034.34269441647,230101.68473027804,261477.8581517868
103781156,228000.0,3,242911.99927762197,257544.2133846976,301267.25690467487,257383.17714769617
102853274,379000.0,2,401143.4418399518,381528.52145397983,390430.86963719846,384700.5090500816
103781145,189000.0,5,241337.1591664732,221885.86621013668,222528.9025838502,216438.17031474377
103781123,320000.0,5,424904.6506625788,398865.9085921716,388784.5517149107,359502.8493173327
101493192,350000.0,5,374656.9863998816,396379.0893242861,432996.34216226864,371997.16076001385
101708995,570000.0,2,487943.84854342474,447649.0223061287,475814.37106941047,415569.5219346146
102780662,210000.0,1,209017.51073228827,217384.3850645966,193773.8898862166,203505.27538866963
102985830,245000.0,1,260100.51456679348,240550.86949125328,211625.8276002237,240663.9055339779
103399025,610000.0,1,682145.4488698347,594037.597594982,593546.6753231004,590329.3001324353
103781102,438000.0,4,355506.0776519731,367647.5974708358,428755.83409598836,397752.40757398785
102495466,260000.0,5,296958.99637635285,264479.0742810211,264126.2836584087,282081.1354011119
103548511,365000.0,1,269103.227103327,329254.7661254591,331891.7258795998,337073.09285036195
103448720,198000.0,2,143597.8134011247,155479.4587493768,147898.440578039,153326.7699614056
103445903,299999.0,1,330980.4529371818,296970.3282737445,301660.4272311228,279217.54421253724
102618040,180000.0,4,280012.8776039267,278629.8370496992,262647.4090286689,278108.2423304026
102690314,245000.0,4,252702.86122916706,253078.58256942488,228134.68634003462,241384.29899711505
103620874,210000.0,3,215218.61844804304,237583.17971367712,229603.14545199787,236857.36570721454
102690849,330000.0,5,355359.824140308,348407.0350636152,349141.80830804043,332812.89539173094
102466432,263000.0,5,193581.09663633132,257136.1895750431,248386.53436050512,264173.7666453131
101595910,330000.0,5,368703.99019805714,374964.0189102444,382270.2311408809,354914.06371039146
102466923,448000.0,3,458613.21371065744,423073.5646982347,421454.13316072704,422353.05068361026
100544483,790000.0,2,848550.6885050151,827184.9235543403,833399.998357253,811832.9723362859
103316534,345000.0,1,360847.14171227475,353433.16124647425,369241.36483891314,358641.5105423826
102363666,675000.0,1,682363.772350273,616986.1020316788,651891.7821999975,633004.5135640721
99917566,930000.0,3,949411.8722905951,921813.5867924355,951389.4014205076,915086.0918594651
103135314,380000.0,4,408497.65315105516,347278.29041418136,375634.5435319214,370202.79490626795
103729295,199990.0,2,189121.8032066963,215263.1441806221,214393.5777319372,219028.3880618519
103613783,199900.0,4,247971.72994798239,264521.35311277315,230095.9647853451,255062.39969163577
103248949,99000.0,5,145280.29680393668,161054.11166114648,161904.07608352802,175167.25755008918
103780869,330000.0,5,351289.8721654724,348947.0191759975,346136.58939503384,349424.26755480445
103780867,230000.0,5,252728.05801571812,225250.374249693,244511.68223730475,262514.4950889109
103237242,338000.0,1,276117.3086792402,319892.1089968249,325016.23409216886,319265.19917456823
101009211,145000.0,1,216700.88913897585,187296.2283110971,188882.61371622435,175068.98584971472
103587397,163000.0,5,90236.32019448483,128270.97314693857,130735.54857964166,117761.70671682437
101765449,315000.0,3,251818.58005210053,304711.6768255373,300328.1392263672,302549.24390250875
100074568,355000.0,1,304814.55659151566,334136.6766993759,336106.11776821763,327740.6191313777
103601587,698000.0,4,681367.199246397,646218.1347101263,633344.0967141232,648188.6661474861
103601623,480000.0,5,518499.6607154221,492771.8930015426,481171.682198245,488985.37108821643
102707617,510000.0,4,479537.56415460084,467167.42719893216,469267.63196716213,466932.5640496681
103780998,680000.0,4,570598.9520576678,594411.7750700094,605905.3811140707,537778.5619531437
103780990,345000.0,3,287742.23071724863,271191.36020322744,251062.4882118693,287922.74225709203
103780853,295000.0,3,251644.93376226633,279462.94096769736,275401.2068066009,276099.3672694617
103780852,608000.0,3,663121.2802478931,652660.4116945587,611469.8117602307,608106.8568869868
103780817,390000.0,4,271011.7626587702,241232.6646340327,262983.21228331875,250942.86975158498
94052167,468000.0,5,496369.9613795148,473898.78996727837,412566.73762425245,460129.2176139702
99672976,3039000.0,5,873188.43241025,878179.4269400336,781812.6584199513,960619.6748889168
99227929,168000.0,1,188131.89915103823,219308.4309884907,218274.08637895435,221561.55871122473
103537247,380000.0,1,479969.8050512753,399552.1237255325,435705.5309292904,403641.9782004621
103435348,450000.0,3,459942.6427348253,462200.02469871886,439148.52162224764,431730.578601669
103780946,318000.0,5,362336.53484096157,319326.3980539825,315092.0603542949,335443.63480314316
102968657,221000.0,2,239574.7911398992,248949.815033032,230449.92294669087,244924.9227250279
100917956,398000.0,1,362464.70795587054,409561.9038862173,362954.0930365831,371861.026347948
102130431,255000.0,3,247493.04858677354,276705.9369542909,257312.80227248426,259425.12531687098
103780747,738000.0,2,787920.2635090695,758492.9450251937,767539.1639938273,761287.138366754
103780745,389000.0,2,443903.42969008524,431747.94128383836,384190.96751214546,416432.7488467561
102800883,200000.0,3,303356.104625143,278436.34535598237,255672.51451876876,260314.51771185614
102800881,205000.0,4,249689.5354157814,227074.20557597745,229758.8433396747,235353.7613032507
102783576,400000.0,4,495792.9400948281,417094.01004795596,427008.44327720115,414611.15790551325
101161152,185000.0,1,151055.0758207189,194078.1131250726,201179.3748671439,215924.06544519233
103780775,260000.0,1,256296.58102693936,303803.6411313929,301255.41600327904,284375.71811866836
103780764,410000.0,5,423633.83572854963,426317.7869936001,435389.4845241172,416540.80982555676
103780754,330000.0,2,260658.74052343072,334538.48346686055,353244.80039989465,329429.57261689194
102800878,265000.0,4,228823.93350765016,214629.4269199728,209249.06662709996,216367.59959046546
103433942,280000.0,4,397220.1584834572,402665.33744502394,408817.2972383972,412830.9861138872
100326762,378000.0,1,406606.89500887285,483914.6939905969,429289.8368044424,497159.8340929291
96031773,448500.0,4,718327.6880085449,650574.0075907006,720546.8188443641,649133.9474937192
101355322,450000.0,4,502844.3634370545,534901.2082538219,535299.6288441424,514544.05597544095
102033510,650000.0,2,498626.5383139189,526517.4486873052,515303.1891173304,589645.5649369083
100911351,350000.0,5,486654.0696556373,546491.9539919901,471325.31502291217,510711.94807425415
103495723,528000.0,2,679218.2747598875,621298.2458130617,581472.3272170307,564359.8286376271
103495353,550000.0,3,524472.2237749605,562129.3422933224,599294.4244315013,626095.6578733288
103780880,280000.0,4,236674.83226652103,271295.71044182155,258752.7893408637,272819.40021433495
103496485,530000.0,1,583025.206609893,556314.6739982617,580962.3205471024,590767.199269349
103711355,495000.0,1,676160.8917876758,588325.4459527067,578630.9588471398,572326.3996724308
103710996,600000.0,1,684090.6220895819,595122.0237788234,596770.7183099418,593237.6044946292
103780877,350000.0,4,413054.24776351906,350451.4623520024,339139.9996407101,343609.4946181662
100750230,440000.0,4,454331.38415585604,442756.6804139633,440044.15580105653,418508.42795433354
103045965,460000.0,1,501106.7502022482,536141.5514275681,526440.2682603917,480192.40419498144
102495385,313000.0,3,299265.1827798977,294400.1208462409,272113.24368723546,294149.35825248575
103128001,108000.0,1,204289.2646464385,179602.75445408444,191608.81329430398,177333.12555769045
102495064,145000.0,2,199327.42888505486,185673.38760313086,170282.71831476458,184909.49953198686
101672210,290000.0,4,312086.52209305787,279396.27096239146,282007.4909048527,270675.5929857238
102693173,200000.0,1,199636.08622127047,254025.75050859744,248284.30191115852,215309.58647700388
102691019,200000.0,4,226208.2877737423,243856.20764669537,260882.81901346875,239471.08587789303
102725874,160000.0,3,281812.01147697837,259249.9526943831,246101.96237072526,257862.85538377403
102583375,240000.0,2,274731.1907395985,297479.44608956046,266700.66858727066,229951.43562578794
102690981,270000.0,5,186181.41156336362,206863.4192992271,205030.75636178936,211478.80858316433
102690822,235000.0,3,212814.80129786817,253050.44396514219,226571.5832131609,199864.906316974
102452772,230000.0,3,153843.99887526227,303882.918064963,249530.73948556327,418070.68189888296
103675662,450000.0,2,492222.3933306397,440584.3159991164,461969.95713070454,414562.4000688611
103449275,750000.0,2,784739.8096475282,753067.4705501309,730301.9536939395,733482.8580673287
101431798,378000.0,5,343719.68505484454,391467.44894298876,397301.4843865114,394012.26641074737
101122065,480000.0,2,526690.6258524534,489081.321502475,479200.05838825443,509223.7172386742
103283797,480000.0,3,508188.0301333421,492334.74915819673,490947.94022592943,495758.865553062
103175932,255000.0,4,217530.96395690826,235437.5091036465,254686.47317002065,252114.65258792148
101256806,835000.0,1,1037360.8832395753,1004298.8369566185,975261.6120082071,954661.4703354395
100790079,390000.0,1,340780.0951877248,332139.4035709216,324431.1662139997,312362.2883512966
96905594,815000.0,2,844309.5878718239,982780.297237474,1078867.1224449947,1001605.5977089033
103659913,170000.0,2,186082.4892751632,177892.69451530353,176748.740566614,155374.03102005445
101688647,780000.0,1,800562.4111976227,776479.1053314327,790158.2856881382,789940.3423904659
101897522,825000.0,4,826653.5796367262,760071.0483542347,769432.210422082,754819.076748109
99934617,415000.0,1,357073.1127254788,380073.8575395746,387864.85814307764,388350.45131980715
103403509,420000.0,4,405164.1977389806,434462.51441278536,433534.9773595423,437819.7041308742
103159221,360000.0,1,388000.201418981,354498.8584538528,357681.29509084317,346925.78931829194
101239305,310000.0,3,310218.82326121145,321127.21623722714,330789.6416015932,320290.3094095938
99889965,305000.0,4,265667.2531170431,240205.74819678115,234397.07574941358,248451.6767656284
102221420,580000.0,4,379453.39320341364,350332.23055564624,429613.4691345329,384681.6440749176
103616195,164000.0,5,205512.95196609292,170290.2677780133,171371.09448460315,180906.65993163685
102457330,165000.0,3,188435.66628384814,162190.67853734427,172558.66703909019,164759.91702659382
102783562,360000.0,4,412188.46476133534,401674.71227351093,397795.9401916017,402149.61948169954
102800899,440000.0,3,575601.0078017133,529043.3161944194,483215.7014153072,498331.6235361704
103780759,389000.0,1,309599.38912316755,307474.21343205165,336792.0456722638,337530.3577354233
101777096,488000.0,2,445768.7726965879,477200.0714500644,458775.9754648583,441147.42625556956
100629227,430000.0,1,443695.28069292655,403939.10120299825,393847.92546961806,401062.32774858415
96019514,850000.0,1,875215.6431388439,846219.0193175271,865863.5799631892,847844.1089523963
90554495,630000.0,3,564218.6383151914,560277.6842375465,543415.7993081864,544185.5423114529
102708899,630000.0,1,673862.4290554618,619681.2013256089,622268.373763911,617827.6692877393
102612574,1177000.0,4,1018919.4232703004,1017977.7383673423,987077.6886986133,1064052.1228507578
102584887,170000.0,1,209463.35804423963,179143.32597678632,189932.25792403502,184210.9002803981
103780709,550000.0,2,634138.42441812,593385.9631300836,572951.1184083674,588116.772361282
103463427,218000.0,3,270408.26688296424,254884.54699347416,230300.77351319077,242940.00062494216
103720193,208000.0,2,219006.67918954705,258993.35947484768,283746.0708274331,264546.4355659061
102074388,430000.0,5,397426.8476658434,396416.4223392397,369629.49257548264,385013.7232555723
102887270,110000.0,3,323205.48432808166,212978.89868066687,195175.95347249677,233937.0308280911
103780479,1500000.0,4,1036083.893691758,1012637.5371338469,1004978.659227517,1073188.8247861667
103780460,450000.0,4,377346.5485548392,347275.5605702683,367942.30232160597,341411.3580511868
102898729,79000.0,4,107089.00311041699,99421.61060878455,84318.841648232,100014.8204071685
103780493,218000.0,1,227613.88724071416,233961.0537725843,226691.05106130222,221123.90806501452
103780518,880000.0,1,843331.9159496902,1038966.3413911337,1029360.7547917035,1011729.7505834027
103780502,920000.0,2,987832.3533136452,914954.5557598841,1005335.3349331346,945642.0015345038
102783560,278000.0,4,288337.8054481846,256793.230688624,239484.39007689856,242127.61795497336
103780656,248000.0,2,235769.20716805756,252224.73468567492,251517.87858648627,255065.44909534455
103131121,598000.0,5,733193.482164048,717598.3157026229,694149.3756533047,734902.4182851632
103132230,480000.0,1,430316.1403359015,411610.8824213259,375102.8371824206,398296.29224711924
102360468,355000.0,1,480937.5837215525,410881.6754182159,450193.75679181854,423258.0200720304
102136019,350000.0,2,457009.15150726255,390873.0448163856,380276.4644902541,372283.0017748336
101948460,365000.0,2,397766.08723766217,379980.2602524896,351560.5836013641,364073.5748063576
103537751,528000.0,4,621774.4828933316,504501.99079665146,464602.6009740466,544174.2653299794
102989770,470000.0,2,455149.7962954794,393977.00209376565,376654.7361513144,371899.82529026904
103780637,150000.0,2,208171.93967569634,181283.72753752806,182624.17935281273,185721.1742169423
102800889,285000.0,1,325206.8905628298,309161.86349192966,305854.190508425,290569.5623700416
102841930,240000.0,5,288534.1629969543,261379.3878839169,282996.9070466233,264247.52478887903
102839472,550000.0,3,601562.1409837685,604131.6905978393,569199.759400773,613089.2989301021
102835140,429000.0,4,418900.555589184,346395.05745192536,330351.8893784668,349690.97868337174
102853401,715000.0,3,807604.4394242523,753184.0275808927,716079.4010109494,837262.9991638542
102567572,350000.0,1,363207.0921568836,338931.0803855198,316140.5091426209,321886.2509219946
103780620,340000.0,2,316168.5825657074,326088.546959868,305315.5995555988,319014.137275435
103780616,695000.0,4,602664.9405008716,739243.7942027594,692902.4334728128,697727.7231039681
102266202,98000.0,4,128833.12132328868,145244.1612368466,139673.19803989562,146336.63513133294
102234707,330000.0,4,338384.80121660215,329770.8449097809,317885.72386692755,339113.6873231886
102841929,298000.0,3,258896.79884982776,291336.44915036834,269069.1590490754,279161.1627382955
102784472,480000.0,4,441482.4112490088,455122.98010741704,456577.77869929036,463100.57697544235
102871276,495000.0,4,482820.6716468813,448305.7698950557,442435.48807650106,470232.8734651716
101898218,238000.0,3,251017.13610373635,221899.35846102773,243444.156337399,216406.14822911887
101897718,588000.0,1,562460.1084875681,487248.3028849063,490770.1442180113,494654.6248991404
100605162,410000.0,3,423964.50495612714,425773.825983624,380928.2235662693,381451.4312204879
102871252,300000.0,5,300509.67922336503,288640.6428398515,287749.7966919552,291698.4950287707
103780595,326500.0,1,359491.9308300968,344995.1292193789,307484.75387286,293988.0328398313
102206882,450000.0,3,534196.5570754546,460377.0499579155,457363.72874685534,469154.31241015956
103780419,390000.0,1,425569.2335753917,431010.5931555768,405744.734407462,426245.9886694865
103780408,245000.0,3,275452.61897640245,253822.51927091886,252432.33636317897,242871.61894702603
103780386,235000.0,3,263064.1328242389,242974.4343904577,231400.68023282982,247258.32016715573
103780382,245000.0,2,282745.3913999508,248719.50055749025,253167.0826759349,242216.37888062006
103780381,343999.0,3,288028.77643429564,323730.6816097475,320043.6437170692,328367.5535450527
103780380,515000.0,1,728376.7279696341,761251.3127362905,748647.6930436409,810590.3536201153
103780378,395000.0,2,373415.0296530639,361981.15403081145,350106.9831901993,359990.0118707949
103780377,399000.0,3,330206.3783196522,350782.36370963446,326042.2069319776,352894.95597727725
103780376,580000.0,4,584091.7993805644,518466.11134091095,451180.98643908446,463297.8476056405
103780373,440000.0,2,344595.3830588298,453414.3449623408,500421.5517982603,443264.79436460376
103780370,293000.0,4,348606.90552324377,337729.8774228626,297401.7342353079,366855.288233844
103780367,230000.0,4,284508.11979488394,256536.32343936342,250117.07804642286,247205.75490915973
103780366,440000.0,5,404591.164668002,401468.345254156,389709.61702118535,378382.00230520836
103780363,1100000.0,1,774281.4926014531,805028.6692692989,800409.7874654493,809855.1645009338
103780359,980000.0,5,881865.1809896464,1059785.5432850511,938266.8691745792,1041617.5256561657
103780357,259000.0,3,257557.54662154175,244212.18245009248,236462.58863500503,229668.03983361585
102904350,490000.0,3,552785.2766980784,511251.46178276784,492506.23904523364,534906.9290213974
102682795,300000.0,2,236073.90074441963,277033.26889776066,271477.584946058,290763.53269841673
102173380,610000.0,1,582877.9001724602,541001.6529861306,493906.78962732037,572377.3189708932
103780439,220000.0,1,351876.69580332906,339462.20170615206,350671.9306331351,334781.6931222405
102732169,400000.0,3,400592.106760605,382579.24542387377,375005.45701023843,375078.0756566037
103004623,278000.0,4,380684.27112218685,320099.93039935484,323243.4643768628,313847.094836068
102796617,660000.0,5,719588.9553332528,701862.7142248366,663093.1099131631,670859.7941371015
103342472,245000.0,1,361239.6883458552,311997.37516418245,324668.79290190653,327149.3829282567
101152777,300000.0,5,352030.8118764999,361558.2628968216,358713.0644521355,366918.2249598014
103462618,392000.0,4,378476.9821168544,367248.19324421673,337445.2227223594,359313.02127775986
103340228,508000.0,4,595292.9408154655,524205.44564439397,508258.66602503345,512179.1532625729
102759981,380000.0,4,304754.38107680436,338712.3219792315,340336.11300591985,332941.32013737166
103004605,435000.0,5,480179.02208118414,461248.12089193513,466287.3532810541,449041.9023688474
103780569,500000.0,1,519898.0954375323,474901.2276198697,463317.8230448676,417041.2786347775
101732984,180000.0,5,272956.2955368622,216710.54413355415,200657.96691740266,202629.33723453194
100750304,460000.0,5,460704.74490211793,435754.45019713143,442407.61544177425,433315.84403997305
103060200,470000.0,2,351210.2105066228,356603.40092904744,357967.17164602503,343286.7404903951
103780541,135000.0,1,188909.85552333598,157248.90424595613,176033.55317481505,128122.73238142814
103270495,650000.0,5,592209.497138917,658763.8330768709,710307.9296716077,631348.522245001
102685541,260000.0,4,396695.8482194386,377557.3452171237,379000.39447056147,424034.77111728955
102941431,470000.0,2,507661.6495312537,475338.42890490056,443893.3477347884,431053.11558089795
102726838,460000.0,2,530528.6344280266,510464.6090251409,478697.0675551544,465599.53162506595
102693202,400000.0,3,365090.4521365856,379626.16191190406,375340.7651161545,357630.4918414415
102693082,235000.0,2,210125.9642187022,268744.58925252437,267473.8553436195,245526.88277879113
102685481,330000.0,2,474686.66299922316,370493.9822890734,346833.8393249899,350866.8587470379
102692868,249999.0,5,295599.54248603876,279264.6571159229,267358.660842473,273134.2339309015
102561710,290000.0,5,330860.63502593816,293513.1226896894,312203.18246227864,273602.9281556499
102969899,370000.0,3,479860.87535373156,415834.7634453312,374967.59465351974,424516.3842140978
101239391,468000.0,2,505812.3171648497,494314.9401591119,490556.1567572557,497842.9760569407
100507838,850000.0,5,843181.4847365799,824243.993123149,817910.9201247767,810338.8068103696
99361389,780000.0,4,787958.6797339118,683453.6371512016,662018.9642451117,682249.6828946002
102008021,730000.0,3,816641.3631697195,697938.9692327883,718595.8094664861,726124.665725885
103541214,420000.0,4,355199.5820989232,386170.7568317352,398478.89620837546,400223.08514758735
102695939,560000.0,5,529046.9363367348,521693.4373238742,524115.2296246381,513014.4125815769
100914862,360000.0,2,317154.90515861334,320568.1745725379,326035.2559175213,332034.21961615916
102709304,412000.0,2,376616.3016288253,348995.5617530014,355985.311660837,359227.88028641377
102210221,378000.0,3,455949.6866657286,409375.9543720104,407747.7546533734,416969.6508674787
101850328,277000.0,4,289531.71192095353,302464.7477051329,329164.3344102658,302086.35876860877
101920468,396000.0,1,447419.9536892511,403807.1878682846,385400.82939459645,369795.26313752314
103780183,330000.0,1,390478.4163528683,387276.0401524822,414829.5783022543,382878.15280776116
103780428,530000.0,3,546246.4357612386,496329.36969602684,515331.92552061164,488593.09499041317
101609195,880000.0,1,332411.7132676314,414217.60492407065,451824.81299622596,615983.834925351
102951643,255000.0,4,239878.30086107436,284363.4025911978,287970.77276886796,291378.6239734618
103780395,468000.0,1,529273.4268755725,445323.98677261855,441919.8922050127,488165.9457657284
103551988,428000.0,2,484239.2745634785,397962.273272797,376629.41478279297,397191.4523006698
103720341,395000.0,2,468892.7107689327,442496.2992549745,394630.2528862312,409637.6130911943
103282805,200000.0,5,331386.6333246513,316239.18557078915,309959.07393766707,322486.5551218189
102233357,180000.0,3,275458.9017773591,257877.90604225718,259910.46832068058,239447.8298453737
103473725,280000.0,4,253864.2702979987,282823.45179692097,272146.30048493034,288496.0734916105
102665213,280000.0,3,395413.4977125318,404587.0753163657,406604.7524446229,315953.7429505774
102658033,400000.0,5,331160.3299143799,341511.6726083317,345963.9322031034,362826.50604761724
103780346,230000.0,3,250845.9227225004,213996.5206860501,190179.79614572923,205168.43739277293
103780344,270000.0,5,352545.1498407536,348955.51176378777,331505.7023696605,332900.3505239846
103780171,465000.0,4,631093.1365560995,617944.9960276616,635718.0048121162,550012.838240205
103780151,350000.0,4,413054.24776351906,350451.4623520024,339139.9996407101,343609.4946181662
103780144,380000.0,1,368392.1091866061,347635.35953513207,361055.0695723312,372425.5834618785
103780118,218000.0,3,244988.92382257318,256659.28318698608,253024.9965182102,240435.28350820954
103780109,430000.0,5,364778.902723129,436657.00471165456,454478.4806443983,440306.9496328216
103780090,335000.0,1,416861.26232260506,374659.50954955805,344556.6933827125,382081.4385735036
103780160,195000.0,3,243049.6764664484,237087.79258045676,248920.21844129846,216501.37883190718
103780157,395000.0,4,495438.25178919296,414108.08064894256,451246.49654221407,420601.7198289966
103780333,390000.0,2,327578.9823037343,301752.04779647593,316294.7526474053,284695.2217862004
94476283,440000.0,5,299084.5488648947,302336.41117885144,346238.68082175904,330457.8569370861
103780322,620000.0,5,653077.6071156666,572708.2881257079,556183.8686622176,559627.2656929789
103780315,465000.0,5,498364.0022242335,398237.7148946538,385293.334249287,407009.47395975917
85818180,75000.0,4,259441.88960611264,211176.03514253866,219009.35866159078,199162.8643235048
103742690,150000.0,1,188993.00554982657,134233.76284292556,131173.2174249971,152544.84903740452
103780296,499000.0,1,536709.8463854071,476377.5059204144,462609.146471169,476850.3246349053
102787285,510000.0,1,483669.4061300328,472060.9911533854,450273.42357866775,431482.035860397
102787605,310000.0,1,300344.319975376,297164.06490639225,308710.62824678613,311044.54644194647
102786533,560000.0,3,567790.1943511674,493217.50420873234,517669.6732712534,460990.9904277156
102787557,530000.0,4,657608.8775339292,542267.5736150441,555932.758770327,539633.8931487645
102786624,450000.0,2,484363.8492361215,473595.7150662013,477295.50445749,474930.76871036924
102787587,318000.0,4,301338.1516231336,304877.7052189248,314763.3384926181,312826.6717992863
98474108,610000.0,4,608818.5786549371,558129.9794833601,552435.867057434,593810.7574615028
100786387,480000.0,5,332876.33237559325,396939.3882859973,389783.25444960967,521663.8529377042
102799014,280000.0,2,227227.92933195943,248043.521081868,247403.81365335113,245782.0008357218
100751627,520000.0,3,474747.09816904727,474127.2182562788,462952.1963560438,464456.55890542065
102799650,700000.0,3,746534.7120296685,685327.7630014378,656578.220106913,653337.1838594034
100677623,550000.0,5,709212.7191912755,709705.669370328,603608.9467088536,626100.763935509
101853301,480000.0,2,525244.6705816928,505865.52844108565,510736.1733862868,519815.5034948198
94715298,660000.0,2,716023.1240368973,711017.9175231423,701148.765308167,662674.898944073
102797907,330000.0,5,352030.77474338777,331770.83640001476,330582.2462947886,335315.64273281087
98874723,535000.0,5,723143.6394293645,738558.0127583469,660699.5382637682,660485.0965898533
100786205,600000.0,3,561093.9096474517,478402.15383158706,474525.46231450356,511306.2713578957
100664244,620000.0,3,580590.6058709542,527061.3389533571,513535.92935850855,609739.6905958033
103780287,408000.0,1,319523.11837980855,324231.4191269215,319754.8091872954,316066.56549636525
100786030,600000.0,2,722363.9470077682,701226.4056749811,680514.9876010033,638015.0962156833
102798780,600000.0,3,667313.4411942108,613723.8628294223,571654.3468623606,552483.8376145611
96417335,1100000.0,1,1163649.5742170108,1588380.7249568133,1564240.950586126,1965046.6478287019
102797619,450000.0,3,494241.64132798073,483097.57702062355,481183.8986360009,478313.51524414535
102797739,495000.0,5,481737.5209059543,490342.49350761384,482617.1896997858,489386.0533052749
100790240,780000.0,3,601090.2187971154,711858.4199649037,675589.2962687815,813206.8585182966
89546969,1258000.0,4,1041817.7687519024,1299057.98883594,1147920.4380322357,1442479.0185653956
102871434,388000.0,1,434182.9892185168,400678.2342408436,395370.11180890433,398383.9223025352
103399768,395000.0,5,487834.26637337764,473283.8449679523,450101.68659367913,408868.20631680044
100961547,598000.0,1,649710.3400150473,601613.9030032372,596367.9822884792,622750.608112441
101239972,399999.0,4,321354.95096496114,329155.9458975487,320427.9510536913,318343.80395546654
103653862,380000.0,5,363235.1544509359,326235.61870468425,320551.21771411865,335411.7475510241
103780058,260000.0,4,232904.58091905992,218444.82047890805,257382.0638878382,262117.71322412346
103780056,345000.0,2,382872.67180864303,395756.28339548054,368646.8948115876,362613.48655564064
103780048,229000.0,4,329718.9141824749,329493.8751903525,268869.0569885297,283851.0697340202
103780055,378250.0,5,337480.97833765857,384018.30745609495,417287.24921693787,422461.86093535717
102871890,735000.0,4,724900.1020071548,747337.8914879649,713852.2671394065,833595.683778833
103780081,350000.0,2,379490.9421399349,366862.1358447237,387061.4805593146,377078.07587561733
103012748,385000.0,4,321185.1051296467,353358.6679252193,362331.8363092924,356779.2020528233
103156264,798000.0,1,919278.0752950828,1143475.2417558532,1049426.2601791986,1098710.9514571172
103397524,665000.0,1,690235.3705656877,629273.536134365,606490.9414736722,626292.3800018792
102760370,399000.0,3,384155.2340880259,387546.917778992,397084.82595839933,379928.4823989271
99358390,399000.0,1,414449.8997500183,409927.1835246207,458335.3961833293,482344.1428236826
103780242,170000.0,1,175708.90426931935,170550.05011716572,168012.78631523368,168325.83969815855
102497514,295000.0,3,306934.66563793743,282244.12940650585,274230.3340811117,302604.3553289653
102718273,310000.0,5,320614.21949429996,356611.69289167115,362968.9196159751,360644.99763558817
103780238,270000.0,1,240002.79356461353,249586.99300447368,267680.7445865151,248136.69769796164
102138204,290000.0,2,297834.101441101,285022.1145666681,261196.22794817586,255434.33872185202
103780231,488000.0,3,461681.55132177525,395881.6108766702,442922.7239169935,453314.25371988583
103353479,195000.0,2,208081.4297960438,200598.96992501078,188645.84606920116,183346.19227280648
103780224,148000.0,3,183737.9019538617,181803.34105137654,180949.46686142753,175129.9254014158
102778353,220000.0,4,198919.70018357175,247249.6885058833,228360.08006201478,254187.55641899267
101515637,400000.0,2,491932.426764888,444011.39634259423,440449.51600637,409508.0386291217
102898118,940000.0,5,1088864.4697471485,948554.8383587283,798716.0150313333,879591.204396884
102898823,250000.0,5,238652.88522032672,255318.5242546113,265497.30467519135,254091.41907550493
103643911,138000.0,4,179798.810857242,171737.7880779052,169493.88682936504,164799.4368875538
103060543,350000.0,1,257336.76916531354,297383.5416090331,286907.48955055437,330170.4444786231
103033446,270000.0,3,163382.09521502018,223840.0667796863,222615.8798055754,236973.5275699509
103780196,405000.0,2,344937.6572777463,355858.3701878652,354938.7913016215,353866.23518089834
103780191,650000.0,1,455131.1020508663,483756.8650126008,558151.1468987358,499360.880097237
103780190,250000.0,4,190788.90953330637,169864.8313542585,175774.88108364263,205756.97947988473
103780189,850000.0,3,435853.77624952025,503363.44130007573,549782.283208831,532641.5216205937
102948277,439000.0,3,521521.54406335397,459571.84999827767,433572.1807025856,488746.04115838103
102947985,285000.0,5,231498.46697215817,271416.8972806003,269225.60859464714,273726.41533610795
103448724,330000.0,3,362547.94187276764,351187.0554753097,321110.38474068756,330133.8365633198
103269148,280000.0,1,359474.90652200155,294365.74902989203,286410.6881605313,313784.74595397164
102966001,365000.0,1,490530.7498478254,462450.8597921303,465930.1319218927,440797.3044914105
103248220,330000.0,3,467311.0256551287,392338.61528063944,383286.3126636315,389754.610739568
103187574,550000.0,2,449931.2537648145,510672.6184828552,510279.5832384052,555712.8042576886
103141530,290000.0,5,247477.15133779612,246250.52402341075,237003.14697872166,248040.0398859493
100267379,115000.0,5,63886.440407981034,135045.405502839,114683.89512249123,142470.32095457817
103110513,428000.0,3,462816.78584382404,416197.393169203,423868.59048940375,412835.2940122473
103131323,270000.0,3,304619.11896743794,298731.60556041263,277680.45444821805,289013.55899396376
103668823,360000.0,2,362978.75660096155,348007.6137605111,325868.2909426432,342328.05702725105
103342169,330000.0,2,326299.9385215964,358395.4482127466,259320.05497484986,294859.4860122037
102969909,420000.0,5,412961.629383967,392743.5961438385,425353.542043323,429728.7135962559
103342520,300000.0,1,306309.0642404599,333997.4709519405,311685.25194210187,330154.81537889777
103342419,340000.0,2,359613.85129493993,359757.4513376506,290005.4742632087,346459.29887106695
103318967,340000.0,3,324206.3851544768,347070.40511170315,308230.41540143633,320140.29231664585
100263832,288000.0,2,332503.2152127932,339171.98834219645,330697.35960218566,350873.24247427564
99115455,318000.0,5,320074.87370682746,354139.4722620476,347509.8807325917,350285.1817350082
103526659,335000.0,2,418427.9821639194,374072.9365058853,348812.39458400407,347725.96642608015
103779862,469000.0,1,457719.915564896,460631.2005298939,447248.793281912,451575.1052479299
103779860,520000.0,3,648895.1168415903,651043.5121807086,625914.0474178748,614156.2168451142
102781949,255000.0,3,273083.8162407043,285421.0528726,284510.8800061377,325237.8109608551
103566354,600000.0,5,633208.8918795987,604821.7146005807,651050.2513445157,740731.0646822753
99643828,830000.0,3,503952.01978140307,511843.5958883053,491060.7470579021,561284.277504416
103780041,433000.0,5,549659.2360572765,583582.4132181642,577033.0304302942,618811.9687318108
98490601,179000.0,4,184777.82030378678,207353.62721567016,220181.38694948994,214399.95160007753
93303364,570000.0,5,560686.5513298182,609087.2056111875,642129.8171897249,594948.7001808768
100693424,420000.0,3,322965.8679288038,332219.61657105904,311496.39518070844,391474.91576565034
100678767,235000.0,3,278219.17399212817,230186.9008105024,258109.24318631933,263681.6689134448
102803700,330000.0,3,359598.8942992779,331892.2515715951,331605.3646532504,329599.6469016117
103779790,260000.0,3,217895.18560338026,238409.3836400168,225225.36919695447,245571.14374536238
103779780,429000.0,2,497789.6586719856,460343.7536026995,435211.8825304531,470180.13024486153
103779798,248000.0,1,280023.1139670947,275531.2946126313,266764.4379962782,275065.68629725254
103779789,295000.0,2,313564.8732179187,325901.28780576226,299111.85087700625,318128.3687890178
102718676,290000.0,5,334292.50420006586,326792.72202787775,308507.2154680098,304977.57879888
103779846,260000.0,2,315449.6311611244,321723.0470907605,294333.28967519425,288977.05469676014
103779834,328000.0,3,214609.42940751088,181838.42877565525,179020.5081319548,185091.94116666063
103779810,305000.0,5,341341.43086395384,338152.86688954476,324383.4129980954,329993.29462284147
103585315,250000.0,3,329150.17908126634,277913.61768232455,220557.20106149113,240421.85103395866
101272625,220000.0,4,256088.02858780863,232159.86173237476,207735.69900443548,221380.59727680654
86046731,560000.0,3,648778.1271416751,590353.3385174529,634963.4886939534,579826.0274814398
83621995,380000.0,2,474668.1107723491,447302.19488913973,427328.747168879,436070.9298244089
103780016,565000.0,4,707218.6331929127,735849.1023613892,748752.9399900801,737033.7729761485
102494161,250000.0,5,243013.3721498502,213068.64918953824,210980.23026150788,224767.26530954955
103780012,680000.0,4,425983.78825605696,422653.2429154841,423208.47862875235,405475.83112408844
103713122,450000.0,4,377361.06806930207,364814.39670200413,384074.4187594816,424681.83833074354
103780000,230000.0,2,216135.34221230017,192949.94829647156,194397.67322708984,198381.36214155404
103570238,255000.0,4,165831.32173891744,222866.79773037523,222367.08847026364,220630.61435980228
102693117,269000.0,2,240679.47371481798,258582.78996955682,258948.35832452413,262678.0282828407
103590482,270000.0,4,234395.26629183648,255808.50137405365,259766.55662537995,261280.32978254848
102748031,59000.0,3,53359.318883685686,113026.47311558145,82183.90445840535,88796.14837255415
103779978,260000.0,1,197395.45767496177,237616.624001629,230364.82676415396,243158.81880050615
103779971,325000.0,2,339865.6024465007,314503.2185136508,278507.1398014617,304740.11016110744
103779969,348000.0,3,274120.753905789,271486.463869668,277428.8858613854,258273.03645224357
103779965,315000.0,1,253645.79443139437,306710.35804613726,315575.9284349913,330901.8989916247
103779774,345000.0,2,298484.9996039899,317954.6624848191,299200.0020764196,338087.2308979999
103779739,200000.0,1,153628.60979860107,230111.81854552415,197962.08418106963,177866.26923495368
103779731,280800.0,5,339032.14097902295,336610.10066443426,338288.5924409807,338799.82801473973
102781822,355000.0,2,457757.3083049754,464017.24742238666,483891.2674080277,495653.63206218136
102732515,1580000.0,3,1320865.6922699697,1628489.0063556288,1600514.5956612185,1774307.3876032948
103779922,450000.0,5,470851.57826195745,444040.6162261637,464437.84658000263,475797.0282940666
103779915,518000.0,2,451306.7292389306,396506.0901228852,395658.0201862962,463763.14603110316
101710600,275000.0,4,291846.53306383744,275875.0665832798,285936.57873721264,254355.0064930502
99124760,320000.0,5,313976.3786842636,325353.2602003777,329188.2064145365,332039.66026998527
102612197,1177000.0,1,1034960.7253914397,1005744.9710334126,964052.1284219539,988849.9863829865
101710774,550000.0,2,526021.5034193738,477134.4490748469,462723.73323934246,520319.84532736096
101710638,470000.0,1,504610.1927722602,477121.5360789165,476581.13820236496,500714.23643689614
100682856,460000.0,5,472959.8907208017,481787.7043687903,470167.78332615655,460573.748362347
102695316,950000.0,5,971992.7295159384,916860.1362014964,898532.4318758881,895687.0231292568
98695123,480000.0,4,422407.96233963827,370950.17174080864,378335.38113959116,350687.6663132294
100770946,480000.0,4,345385.76406960975,475900.3574280642,479647.24143325916,489980.0752989473
100790250,400000.0,5,315548.53045859945,342104.45369868906,352405.77673882723,342994.7617417766
102565829,399000.0,5,410576.2766986391,385000.5491726793,369542.4108658655,391522.0577977585
102564928,568000.0,2,539665.8736104458,507077.0515082547,550072.0642781475,585201.4611689395
102785385,415000.0,2,544872.1516497586,528757.6262101678,564016.3476026637,505922.99203051534
102785306,480000.0,2,444993.1949891218,470014.83181575086,459343.1867758141,454854.0379142235
102785259,1200000.0,4,1116875.8367915142,1239516.6400969522,1218153.6929324253,1172948.6226626388
102871005,760000.0,1,761086.9610931264,754836.8714977322,748760.0262329023,755845.014301229
102870769,440000.0,1,508945.05692789244,497706.92660719267,531304.6572838847,455654.46438197827
102870797,545000.0,1,544981.5722434385,519464.60242203134,532601.1914651985,533980.4285822269
102870901,1050000.0,3,958172.816275887,892545.6483629643,923587.2797916518,924324.0255181898
103156204,345000.0,2,394175.9987981989,372765.67432910466,392867.22680915485,353693.9855008017
103779905,360000.0,2,587727.8617530242,581882.3968306954,573423.2773330205,588042.2004006393
103779892,535000.0,4,713075.7204725938,620273.7346250518,576136.090606426,581549.592293783
103779890,260000.0,2,283163.4137012351,271914.1427490312,276345.2126533998,268860.9212210417
