scenario,row_index,listing_id,group_id,repeat_group_id,is_grouped_repeat,group_size,fold
B,0,98187451,B_UNIQUE_98187451,,False,1,2
B,1,101683090,B_UNIQUE_101683090,,False,1,3
B,2,103792905,B_UNIQUE_103792905,,False,1,2
B,3,103806240,B_UNIQUE_103806240,,False,1,3
B,4,103806234,B_UNIQUE_103806234,,False,1,5
B,5,103739787,B_UNIQUE_103739787,,False,1,4
B,6,103690767,B_UNIQUE_103690767,,False,1,1
B,7,103615852,B_UNIQUE_103615852,,False,1,4
B,8,103615849,B_UNIQUE_103615849,,False,1,4
B,9,102460346,B_UNIQUE_102460346,,False,1,1
B,10,103806285,B_UNIQUE_103806285,,False,1,2
B,11,103739661,B_UNIQUE_103739661,,False,1,4
B,12,103696451,B_UNIQUE_103696451,,False,1,3
B,13,103580644,B_UNIQUE_103580644,,False,1,4
B,14,102452522,B_UNIQUE_102452522,,False,1,2
B,15,103806203,B_UNIQUE_103806203,,False,1,5
B,16,103806202,B_UNIQUE_103806202,,False,1,2
B,17,103806192,B_UNIQUE_103806192,,False,1,4
B,18,103246638,B_UNIQUE_103246638,,False,1,4
B,19,103740356,B_UNIQUE_103740356,,False,1,2
B,20,103589322,B_UNIQUE_103589322,,False,1,3
B,21,103582335,B_UNIQUE_103582335,,False,1,2
B,22,103386504,B_UNIQUE_103386504,,False,1,1
B,23,103684680,B_UNIQUE_103684680,,False,1,2
B,24,103683568,B_UNIQUE_103683568,,False,1,1
B,25,103806074,B_UNIQUE_103806074,,False,1,3
B,26,103805967,B_UNIQUE_103805967,,False,1,2
B,27,103805963,B_UNIQUE_103805963,,False,1,3
B,28,103805953,B_UNIQUE_103805953,,False,1,2
B,29,103615831,B_UNIQUE_103615831,,False,1,1
B,30,102461841,B_UNIQUE_102461841,,False,1,1
B,31,101979792,B_UNIQUE_101979792,,False,1,1
B,32,103806053,B_UNIQUE_103806053,,False,1,4
B,33,103715477,B_UNIQUE_103715477,,False,1,2
B,34,103805909,B_UNIQUE_103805909,,False,1,2
B,35,103805998,B_UNIQUE_103805998,,False,1,4
B,36,103292386,B_UNIQUE_103292386,,False,1,3
B,37,103292345,B_UNIQUE_103292345,,False,1,5
B,38,103292300,B_UNIQUE_103292300,,False,1,5
B,39,101804692,B_UNIQUE_101804692,,False,1,3
B,40,100462242,B_UNIQUE_100462242,,False,1,4
B,41,103703580,B_UNIQUE_103703580,,False,1,4
B,42,103640175,B_UNIQUE_103640175,,False,1,1
B,43,102709021,B_UNIQUE_102709021,,False,1,5
B,44,103805884,B_UNIQUE_103805884,,False,1,1
B,45,103125815,B_UNIQUE_103125815,,False,1,2
B,46,103755519,B_UNIQUE_103755519,,False,1,5
B,47,103690820,B_UNIQUE_103690820,,False,1,1
B,48,102135985,B_UNIQUE_102135985,,False,1,3
B,49,103637327,B_UNIQUE_103637327,,False,1,3
B,50,103594449,B_UNIQUE_103594449,,False,1,5
B,51,103142753,B_UNIQUE_103142753,,False,1,1
B,52,103754290,B_UNIQUE_103754290,,False,1,2
B,53,103805698,B_UNIQUE_103805698,,False,1,5
B,54,103805692,B_UNIQUE_103805692,,False,1,4
B,55,102399058,B_UNIQUE_102399058,,False,1,1
B,56,102725008,B_UNIQUE_102725008,,False,1,1
B,57,102664029,B_UNIQUE_102664029,,False,1,2
B,58,103042046,B_UNIQUE_103042046,,False,1,1
B,59,103805672,B_UNIQUE_103805672,,False,1,3
B,60,103805666,B_UNIQUE_103805666,,False,1,1
B,61,103805719,B_UNIQUE_103805719,,False,1,3
B,62,103805714,B_UNIQUE_103805714,,False,1,4
B,63,103805712,B_UNIQUE_103805712,,False,1,4
B,64,102887743,B_UNIQUE_102887743,,False,1,3
B,65,103120855,B_UNIQUE_103120855,,False,1,1
B,66,103795255,B_UNIQUE_103795255,,False,1,3
B,67,103708653,B_UNIQUE_103708653,,False,1,4
B,68,103795254,B_UNIQUE_103795254,,False,1,4
B,69,103795238,B_UNIQUE_103795238,,False,1,1
B,70,103663119,B_UNIQUE_103663119,,False,1,3
B,71,103537807,B_UNIQUE_103537807,,False,1,2
B,72,101480721,B_UNIQUE_101480721,,False,1,3
B,73,103530633,B_UNIQUE_103530633,,False,1,3
B,74,103805563,B_UNIQUE_103805563,,False,1,3
B,75,103805555,B_UNIQUE_103805555,,False,1,2
B,76,102631653,B_UNIQUE_102631653,,False,1,1
B,77,102006980,B_UNIQUE_102006980,,False,1,2
B,78,103805644,B_UNIQUE_103805644,,False,1,3
B,79,103073792,B_UNIQUE_103073792,,False,1,5
B,80,102725022,B_UNIQUE_102725022,,False,1,4
B,81,102850930,B_UNIQUE_102850930,,False,1,5
B,82,103149030,B_UNIQUE_103149030,,False,1,5
B,83,103805620,B_UNIQUE_103805620,,False,1,1
B,84,103805611,B_UNIQUE_103805611,,False,1,5
B,85,103805539,B_UNIQUE_103805539,,False,1,1
B,86,103581872,B_UNIQUE_103581872,,False,1,4
B,87,103563958,B_UNIQUE_103563958,,False,1,3
B,88,103443920,B_UNIQUE_103443920,,False,1,1
B,89,103383454,B_UNIQUE_103383454,,False,1,1
B,90,103351715,B_UNIQUE_103351715,,False,1,4
B,91,103323847,B_UNIQUE_103323847,,False,1,3
B,92,103293875,B_UNIQUE_103293875,,False,1,1
B,93,103199527,B_UNIQUE_103199527,,False,1,1
B,94,102738500,B_UNIQUE_102738500,,False,1,5
B,95,102492658,B_UNIQUE_102492658,,False,1,4
B,96,102343002,B_UNIQUE_102343002,,False,1,5
B,97,102223783,B_UNIQUE_102223783,,False,1,3
B,98,102211027,B_UNIQUE_102211027,,False,1,5
B,99,100883751,B_UNIQUE_100883751,,False,1,3
B,100,99869405,B_UNIQUE_99869405,,False,1,4
B,101,103098770,B_UNIQUE_103098770,,False,1,3
B,102,103805449,B_UNIQUE_103805449,,False,1,3
B,103,102631668,B_UNIQUE_102631668,,False,1,1
B,104,103805522,B_UNIQUE_103805522,,False,1,5
B,105,103805519,B_UNIQUE_103805519,,False,1,5
B,106,103805518,B_UNIQUE_103805518,,False,1,5
B,107,103805514,B_UNIQUE_103805514,,False,1,5
B,108,103805511,B_UNIQUE_103805511,,False,1,4
B,109,103805510,B_UNIQUE_103805510,,False,1,1
B,110,103805502,B_UNIQUE_103805502,,False,1,1
B,111,103805427,B_UNIQUE_103805427,,False,1,5
B,112,103805422,B_UNIQUE_103805422,,False,1,1
B,113,102631678,B_UNIQUE_102631678,,False,1,2
B,114,101602694,B_UNIQUE_101602694,,False,1,1
B,115,103734716,B_UNIQUE_103734716,,False,1,1
B,116,102649103,B_UNIQUE_102649103,,False,1,4
B,117,102790896,B_UNIQUE_102790896,,False,1,5
B,118,103338849,B_UNIQUE_103338849,,False,1,1
B,119,103805308,B_UNIQUE_103805308,,False,1,1
B,120,101224511,B_UNIQUE_101224511,,False,1,1
B,121,103805444,B_UNIQUE_103805444,,False,1,1
B,122,103805439,B_UNIQUE_103805439,,False,1,1
B,123,103273883,B_UNIQUE_103273883,,False,1,4
B,124,103805409,B_UNIQUE_103805409,,False,1,2
B,125,103805406,B_UNIQUE_103805406,,False,1,2
B,126,103805404,B_UNIQUE_103805404,,False,1,2
B,127,103805403,B_UNIQUE_103805403,,False,1,3
B,128,103805401,B_UNIQUE_103805401,,False,1,5
B,129,103805398,B_UNIQUE_103805398,,False,1,2
B,130,103805396,B_UNIQUE_103805396,,False,1,2
B,131,103805390,B_UNIQUE_103805390,,False,1,4
B,132,94739862,B_UNIQUE_94739862,,False,1,5
B,133,100922534,B_UNIQUE_100922534,,False,1,4
B,134,103805375,B_UNIQUE_103805375,,False,1,4
B,135,103805366,B_UNIQUE_103805366,,False,1,1
B,136,102859087,B_UNIQUE_102859087,,False,1,1
B,137,100049703,B_UNIQUE_100049703,,False,1,1
B,138,103805244,B_UNIQUE_103805244,,False,1,1
B,139,101557901,B_UNIQUE_101557901,,False,1,2
B,140,103705457,B_UNIQUE_103705457,,False,1,3
B,141,103705756,B_UNIQUE_103705756,,False,1,2
B,142,103805331,B_UNIQUE_103805331,,False,1,3
B,143,103805321,B_UNIQUE_103805321,,False,1,5
B,144,102920513,B_UNIQUE_102920513,,False,1,5
B,145,103187350,B_UNIQUE_103187350,,False,1,1
B,146,103805305,B_UNIQUE_103805305,,False,1,1
B,147,103539418,B_UNIQUE_103539418,,False,1,3
B,148,103050905,B_UNIQUE_103050905,,False,1,1
B,149,103176156,B_UNIQUE_103176156,,False,1,2
B,150,103050937,B_UNIQUE_103050937,,False,1,3
B,151,103805177,B_UNIQUE_103805177,,False,1,1
B,152,103805172,B_UNIQUE_103805172,,False,1,1
B,153,102554797,B_UNIQUE_102554797,,False,1,1
B,154,101907204,B_UNIQUE_101907204,,False,1,3
B,155,101830037,B_UNIQUE_101830037,,False,1,1
B,156,103805238,B_UNIQUE_103805238,,False,1,5
B,157,103805222,B_UNIQUE_103805222,,False,1,1
B,158,30964923,B_UNIQUE_30964923,,False,1,3
B,159,103652447,B_UNIQUE_103652447,,False,1,1
B,160,100049749,B_UNIQUE_100049749,,False,1,2
B,161,103805089,B_UNIQUE_103805089,,False,1,2
B,162,103805118,B_UNIQUE_103805118,,False,1,5
B,163,103805117,B_UNIQUE_103805117,,False,1,3
B,164,103805207,B_UNIQUE_103805207,,False,1,3
B,165,103792460,B_UNIQUE_103792460,,False,1,2
B,166,103487988,B_UNIQUE_103487988,,False,1,5
B,167,103436550,B_UNIQUE_103436550,,False,1,1
B,168,103805030,B_UNIQUE_103805030,,False,1,5
B,169,103434472,B_UNIQUE_103434472,,False,1,3
B,170,103805026,B_UNIQUE_103805026,,False,1,3
B,171,103610151,B_UNIQUE_103610151,,False,1,4
B,172,100751667,B_UNIQUE_100751667,,False,1,4
B,173,103805021,B_UNIQUE_103805021,,False,1,1
B,174,103694293,B_UNIQUE_103694293,,False,1,4
B,175,103509966,B_UNIQUE_103509966,,False,1,2
B,176,103804933,B_UNIQUE_103804933,,False,1,3
B,177,103648844,B_UNIQUE_103648844,,False,1,4
B,178,102467837,B_UNIQUE_102467837,,False,1,1
B,179,103804857,B_UNIQUE_103804857,,False,1,5
B,180,101776501,B_UNIQUE_101776501,,False,1,4
B,181,101812252,B_UNIQUE_101812252,,False,1,5
B,182,101817399,B_UNIQUE_101817399,,False,1,4
B,183,100780015,B_UNIQUE_100780015,,False,1,1
B,184,101709396,B_UNIQUE_101709396,,False,1,4
B,185,102990565,B_UNIQUE_102990565,,False,1,2
B,186,103804826,B_UNIQUE_103804826,,False,1,5
B,187,103804825,B_UNIQUE_103804825,,False,1,1
B,188,103493683,B_UNIQUE_103493683,,False,1,5
B,189,103465493,B_UNIQUE_103465493,,False,1,5
B,190,103126986,B_UNIQUE_103126986,,False,1,3
B,191,101186465,B_UNIQUE_101186465,,False,1,1
B,192,100503785,B_UNIQUE_100503785,,False,1,5
B,193,100338053,B_UNIQUE_100338053,,False,1,5
B,194,83622800,B_UNIQUE_83622800,,False,1,2
B,195,103249540,B_UNIQUE_103249540,,False,1,2
B,196,103804692,B_UNIQUE_103804692,,False,1,4
B,197,100369189,B_UNIQUE_100369189,,False,1,4
B,198,102754019,B_UNIQUE_102754019,,False,1,3
B,199,96323999,B_UNIQUE_96323999,,False,1,3
B,200,96324225,B_UNIQUE_96324225,,False,1,2
B,201,95783518,B_RG_0001,B_RG_0001,True,2,1
B,202,102352239,B_UNIQUE_102352239,,False,1,4
B,203,96433542,B_UNIQUE_96433542,,False,1,2
B,204,103804595,B_UNIQUE_103804595,,False,1,1
B,205,103804591,B_UNIQUE_103804591,,False,1,4
B,206,103804585,B_UNIQUE_103804585,,False,1,3
B,207,103804652,B_UNIQUE_103804652,,False,1,1
B,208,103791585,B_UNIQUE_103791585,,False,1,2
B,209,103739574,B_UNIQUE_103739574,,False,1,3
B,210,103644888,B_UNIQUE_103644888,,False,1,2
B,211,103612129,B_UNIQUE_103612129,,False,1,3
B,212,103558767,B_UNIQUE_103558767,,False,1,2
B,213,102514324,B_UNIQUE_102514324,,False,1,2
B,214,103169491,B_UNIQUE_103169491,,False,1,5
B,215,103804567,B_UNIQUE_103804567,,False,1,3
B,216,103804632,B_UNIQUE_103804632,,False,1,3
B,217,103224951,B_UNIQUE_103224951,,False,1,4
B,218,103804617,B_UNIQUE_103804617,,False,1,4
B,219,102462695,B_UNIQUE_102462695,,False,1,3
B,220,103804483,B_UNIQUE_103804483,,False,1,2
B,221,103804560,B_UNIQUE_103804560,,False,1,4
B,222,103804467,B_UNIQUE_103804467,,False,1,2
B,223,103804464,B_UNIQUE_103804464,,False,1,2
B,224,103804443,B_UNIQUE_103804443,,False,1,4
B,225,102900811,B_UNIQUE_102900811,,False,1,5
B,226,101602939,B_UNIQUE_101602939,,False,1,4
B,227,102493387,B_UNIQUE_102493387,,False,1,1
B,228,103804549,B_UNIQUE_103804549,,False,1,5
B,229,103804544,B_UNIQUE_103804544,,False,1,1
B,230,103804540,B_UNIQUE_103804540,,False,1,1
B,231,102917391,B_UNIQUE_102917391,,False,1,1
B,232,102900939,B_UNIQUE_102900939,,False,1,4
B,233,102886250,B_UNIQUE_102886250,,False,1,3
B,234,102885651,B_UNIQUE_102885651,,False,1,5
B,235,102464027,B_UNIQUE_102464027,,False,1,5
B,236,103804534,B_UNIQUE_103804534,,False,1,5
B,237,103278649,B_UNIQUE_103278649,,False,1,1
B,238,96102884,B_RG_0002,B_RG_0002,True,2,5
B,239,103804489,B_UNIQUE_103804489,,False,1,1
B,240,101443504,B_UNIQUE_101443504,,False,1,3
B,241,102462863,B_UNIQUE_102462863,,False,1,2
B,242,103402067,B_UNIQUE_103402067,,False,1,1
B,243,99617847,B_UNIQUE_99617847,,False,1,3
B,244,102271412,B_UNIQUE_102271412,,False,1,5
B,245,103804319,B_UNIQUE_103804319,,False,1,1
B,246,103804318,B_UNIQUE_103804318,,False,1,4
B,247,103804387,B_UNIQUE_103804387,,False,1,2
B,248,103804295,B_UNIQUE_103804295,,False,1,3
B,249,103804357,B_UNIQUE_103804357,,False,1,4
B,250,103804345,B_UNIQUE_103804345,,False,1,3
B,251,102156206,B_UNIQUE_102156206,,False,1,1
B,252,103804258,B_UNIQUE_103804258,,False,1,5
B,253,103804237,B_UNIQUE_103804237,,False,1,3
B,254,102624302,B_UNIQUE_102624302,,False,1,1
B,255,102967909,B_UNIQUE_102967909,,False,1,2
B,256,103580930,B_UNIQUE_103580930,,False,1,1
B,257,102799732,B_UNIQUE_102799732,,False,1,1
B,258,102862641,B_UNIQUE_102862641,,False,1,4
B,259,103804124,B_UNIQUE_103804124,,False,1,2
B,260,103644314,B_UNIQUE_103644314,,False,1,4
B,261,103804112,B_UNIQUE_103804112,,False,1,2
B,262,103804107,B_UNIQUE_103804107,,False,1,1
B,263,103804101,B_UNIQUE_103804101,,False,1,5
B,264,103804090,B_RG_0003,B_RG_0003,True,2,3
B,265,103804083,B_UNIQUE_103804083,,False,1,2
B,266,103804213,B_UNIQUE_103804213,,False,1,2
B,267,96434057,B_UNIQUE_96434057,,False,1,2
B,268,103804189,B_UNIQUE_103804189,,False,1,5
B,269,103804025,B_UNIQUE_103804025,,False,1,4
B,270,103804022,B_UNIQUE_103804022,,False,1,1
B,271,103804173,B_UNIQUE_103804173,,False,1,4
B,272,103655077,B_UNIQUE_103655077,,False,1,2
B,273,103655467,B_UNIQUE_103655467,,False,1,3
B,274,101555323,B_UNIQUE_101555323,,False,1,4
B,275,103804159,B_UNIQUE_103804159,,False,1,3
B,276,90290816,B_UNIQUE_90290816,,False,1,4
B,277,103312515,B_UNIQUE_103312515,,False,1,3
B,278,102775997,B_UNIQUE_102775997,,False,1,4
B,279,103804145,B_UNIQUE_103804145,,False,1,5
B,280,103804135,B_UNIQUE_103804135,,False,1,2
B,281,103804132,B_UNIQUE_103804132,,False,1,4
B,282,102851956,B_UNIQUE_102851956,,False,1,5
B,283,103372239,B_UNIQUE_103372239,,False,1,2
B,284,103532846,B_UNIQUE_103532846,,False,1,2
B,285,103804063,B_UNIQUE_103804063,,False,1,2
B,286,103496074,B_UNIQUE_103496074,,False,1,1
B,287,98991063,B_UNIQUE_98991063,,False,1,5
B,288,103125797,B_UNIQUE_103125797,,False,1,1
B,289,103125858,B_UNIQUE_103125858,,False,1,5
B,290,103784481,B_UNIQUE_103784481,,False,1,4
B,291,103804037,B_UNIQUE_103804037,,False,1,3
B,292,99300583,B_UNIQUE_99300583,,False,1,4
B,293,103803987,B_UNIQUE_103803987,,False,1,3
B,294,103803848,B_UNIQUE_103803848,,False,1,3
B,295,103803843,B_UNIQUE_103803843,,False,1,3
B,296,100329236,B_UNIQUE_100329236,,False,1,4
B,297,101547589,B_UNIQUE_101547589,,False,1,3
B,298,101538341,B_UNIQUE_101538341,,False,1,4
B,299,103533247,B_UNIQUE_103533247,,False,1,2
B,300,102709083,B_UNIQUE_102709083,,False,1,3
B,301,103803972,B_UNIQUE_103803972,,False,1,1
B,302,103730519,B_UNIQUE_103730519,,False,1,2
B,303,103268614,B_UNIQUE_103268614,,False,1,2
B,304,103803960,B_UNIQUE_103803960,,False,1,3
B,305,103803959,B_UNIQUE_103803959,,False,1,3
B,306,103803955,B_UNIQUE_103803955,,False,1,2
B,307,102035044,B_UNIQUE_102035044,,False,1,1
B,308,97263588,B_UNIQUE_97263588,,False,1,2
B,309,103803942,B_UNIQUE_103803942,,False,1,1
B,310,103803941,B_UNIQUE_103803941,,False,1,3
B,311,103803936,B_UNIQUE_103803936,,False,1,1
B,312,103803935,B_UNIQUE_103803935,,False,1,3
B,313,103803933,B_UNIQUE_103803933,,False,1,4
B,314,96241155,B_UNIQUE_96241155,,False,1,1
B,315,95654067,B_UNIQUE_95654067,,False,1,5
B,316,103803919,B_UNIQUE_103803919,,False,1,1
B,317,103803819,B_UNIQUE_103803819,,False,1,1
B,318,101655915,B_UNIQUE_101655915,,False,1,4
B,319,102776186,B_UNIQUE_102776186,,False,1,4
B,320,96660735,B_UNIQUE_96660735,,False,1,3
B,321,98359134,B_UNIQUE_98359134,,False,1,1
B,322,100180638,B_UNIQUE_100180638,,False,1,3
B,323,102994144,B_UNIQUE_102994144,,False,1,3
B,324,102264994,B_UNIQUE_102264994,,False,1,1
B,325,102812723,B_UNIQUE_102812723,,False,1,2
B,326,103318297,B_UNIQUE_103318297,,False,1,1
B,327,103803795,B_UNIQUE_103803795,,False,1,2
B,328,103803788,B_UNIQUE_103803788,,False,1,4
B,329,103803620,B_UNIQUE_103803620,,False,1,5
B,330,103803600,B_UNIQUE_103803600,,False,1,3
B,331,103803776,B_UNIQUE_103803776,,False,1,4
B,332,103803747,B_UNIQUE_103803747,,False,1,4
B,333,103803736,B_UNIQUE_103803736,,False,1,4
B,334,103803723,B_UNIQUE_103803723,,False,1,3
B,335,103803564,B_UNIQUE_103803564,,False,1,4
B,336,103803546,B_UNIQUE_103803546,,False,1,2
B,337,103803536,B_UNIQUE_103803536,,False,1,3
B,338,103774002,B_UNIQUE_103774002,,False,1,4
B,339,103803711,B_UNIQUE_103803711,,False,1,3
B,340,102162371,B_UNIQUE_102162371,,False,1,5
B,341,100454337,B_UNIQUE_100454337,,False,1,1
B,342,103803693,B_UNIQUE_103803693,,False,1,4
B,343,103109120,B_UNIQUE_103109120,,False,1,3
B,344,103462482,B_UNIQUE_103462482,,False,1,2
B,345,103162725,B_UNIQUE_103162725,,False,1,3
B,346,102257653,B_UNIQUE_102257653,,False,1,2
B,347,103162722,B_UNIQUE_103162722,,False,1,4
B,348,102240958,B_UNIQUE_102240958,,False,1,1
B,349,101629542,B_UNIQUE_101629542,,False,1,2
B,350,100763945,B_UNIQUE_100763945,,False,1,1
B,351,90406231,B_UNIQUE_90406231,,False,1,5
B,352,101798229,B_UNIQUE_101798229,,False,1,5
B,353,103803570,B_UNIQUE_103803570,,False,1,5
B,354,102622871,B_UNIQUE_102622871,,False,1,1
B,355,102642827,B_UNIQUE_102642827,,False,1,4
B,356,103803521,B_UNIQUE_103803521,,False,1,3
B,357,100929943,B_UNIQUE_100929943,,False,1,3
B,358,100303196,B_UNIQUE_100303196,,False,1,1
B,359,99305459,B_UNIQUE_99305459,,False,1,5
B,360,103803482,B_UNIQUE_103803482,,False,1,1
B,361,102776483,B_UNIQUE_102776483,,False,1,2
B,362,103803464,B_UNIQUE_103803464,,False,1,2
B,363,103803456,B_UNIQUE_103803456,,False,1,3
B,364,103803437,B_UNIQUE_103803437,,False,1,5
B,365,103207867,B_UNIQUE_103207867,,False,1,1
B,366,103349480,B_UNIQUE_103349480,,False,1,3
B,367,93765460,B_UNIQUE_93765460,,False,1,5
B,368,103803423,B_UNIQUE_103803423,,False,1,2
B,369,102226188,B_UNIQUE_102226188,,False,1,2
B,370,98533078,B_UNIQUE_98533078,,False,1,3
B,371,103640552,B_UNIQUE_103640552,,False,1,2
B,372,103803277,B_UNIQUE_103803277,,False,1,5
B,373,103803252,B_UNIQUE_103803252,,False,1,2
B,374,103803250,B_UNIQUE_103803250,,False,1,3
B,375,103239470,B_UNIQUE_103239470,,False,1,2
B,376,102731169,B_UNIQUE_102731169,,False,1,1
B,377,103803090,B_UNIQUE_103803090,,False,1,4
B,378,103803067,B_UNIQUE_103803067,,False,1,3
B,379,103803062,B_UNIQUE_103803062,,False,1,1
B,380,103803221,B_UNIQUE_103803221,,False,1,2
B,381,103695244,B_UNIQUE_103695244,,False,1,5
B,382,102288304,B_UNIQUE_102288304,,False,1,5
B,383,103273543,B_UNIQUE_103273543,,False,1,2
B,384,102383514,B_UNIQUE_102383514,,False,1,2
B,385,103803186,B_UNIQUE_103803186,,False,1,5
B,386,103803179,B_UNIQUE_103803179,,False,1,2
B,387,102865764,B_UNIQUE_102865764,,False,1,2
B,388,100430829,B_UNIQUE_100430829,,False,1,1
B,389,103802984,B_UNIQUE_103802984,,False,1,5
B,390,103802979,B_UNIQUE_103802979,,False,1,1
B,391,103802963,B_UNIQUE_103802963,,False,1,3
B,392,103802960,B_UNIQUE_103802960,,False,1,3
B,393,103802953,B_UNIQUE_103802953,,False,1,4
B,394,103802937,B_UNIQUE_103802937,,False,1,1
B,395,103802919,B_UNIQUE_103802919,,False,1,2
B,396,101749735,B_UNIQUE_101749735,,False,1,1
B,397,99710009,B_UNIQUE_99710009,,False,1,3
B,398,101827169,B_UNIQUE_101827169,,False,1,1
B,399,103609830,B_UNIQUE_103609830,,False,1,4
B,400,103803144,B_UNIQUE_103803144,,False,1,5
B,401,103803131,B_UNIQUE_103803131,,False,1,1
B,402,103326916,B_UNIQUE_103326916,,False,1,1
B,403,103704397,B_UNIQUE_103704397,,False,1,2
B,404,101856614,B_UNIQUE_101856614,,False,1,1
B,405,103632408,B_UNIQUE_103632408,,False,1,3
B,406,103803066,B_UNIQUE_103803066,,False,1,4
B,407,103803053,B_UNIQUE_103803053,,False,1,1
B,408,103462919,B_UNIQUE_103462919,,False,1,4
B,409,102562785,B_UNIQUE_102562785,,False,1,3
B,410,103698129,B_UNIQUE_103698129,,False,1,4
B,411,101963666,B_UNIQUE_101963666,,False,1,4
B,412,86810806,B_UNIQUE_86810806,,False,1,2
B,413,97077831,B_UNIQUE_97077831,,False,1,2
B,414,103517969,B_UNIQUE_103517969,,False,1,5
B,415,103802910,B_UNIQUE_103802910,,False,1,3
B,416,103802802,B_UNIQUE_103802802,,False,1,2
B,417,103802797,B_UNIQUE_103802797,,False,1,4
B,418,103802908,B_UNIQUE_103802908,,False,1,2
B,419,103802899,B_UNIQUE_103802899,,False,1,1
B,420,103802897,B_UNIQUE_103802897,,False,1,3
B,421,101615471,B_UNIQUE_101615471,,False,1,1
B,422,103802890,B_UNIQUE_103802890,,False,1,4
B,423,103354046,B_UNIQUE_103354046,,False,1,5
B,424,103802735,B_UNIQUE_103802735,,False,1,2
B,425,103802723,B_UNIQUE_103802723,,False,1,1
B,426,103751681,B_UNIQUE_103751681,,False,1,3
B,427,103751333,B_UNIQUE_103751333,,False,1,2
B,428,103750172,B_UNIQUE_103750172,,False,1,5
B,429,97225270,B_UNIQUE_97225270,,False,1,1
B,430,103753407,B_UNIQUE_103753407,,False,1,3
B,431,103748128,B_UNIQUE_103748128,,False,1,4
B,432,103746480,B_UNIQUE_103746480,,False,1,1
B,433,103489349,B_UNIQUE_103489349,,False,1,1
B,434,103751057,B_UNIQUE_103751057,,False,1,5
B,435,103753480,B_UNIQUE_103753480,,False,1,4
B,436,103746056,B_UNIQUE_103746056,,False,1,1
B,437,103746579,B_UNIQUE_103746579,,False,1,1
B,438,103434871,B_UNIQUE_103434871,,False,1,3
B,439,103651492,B_UNIQUE_103651492,,False,1,3
B,440,103748406,B_UNIQUE_103748406,,False,1,2
B,441,103678414,B_UNIQUE_103678414,,False,1,4
B,442,103633056,B_UNIQUE_103633056,,False,1,3
B,443,103632775,B_UNIQUE_103632775,,False,1,5
B,444,103748878,B_UNIQUE_103748878,,False,1,5
B,445,102236931,B_UNIQUE_102236931,,False,1,2
B,446,103743397,B_UNIQUE_103743397,,False,1,4
B,447,103747070,B_UNIQUE_103747070,,False,1,3
B,448,103743867,B_UNIQUE_103743867,,False,1,5
B,449,103744256,B_UNIQUE_103744256,,False,1,2
B,450,103521973,B_UNIQUE_103521973,,False,1,2
B,451,103677492,B_UNIQUE_103677492,,False,1,2
B,452,103508663,B_UNIQUE_103508663,,False,1,4
B,453,103084402,B_UNIQUE_103084402,,False,1,4
B,454,102442625,B_UNIQUE_102442625,,False,1,2
B,455,103745573,B_UNIQUE_103745573,,False,1,3
B,456,103743473,B_UNIQUE_103743473,,False,1,3
B,457,101514080,B_UNIQUE_101514080,,False,1,3
B,458,103607666,B_UNIQUE_103607666,,False,1,3
B,459,103520534,B_UNIQUE_103520534,,False,1,4
B,460,100482067,B_RG_0001,B_RG_0001,True,2,1
B,461,101856001,B_RG_0004,B_RG_0004,True,3,4
B,462,102706714,B_UNIQUE_102706714,,False,1,3
B,463,96130266,B_UNIQUE_96130266,,False,1,1
B,464,103730893,B_UNIQUE_103730893,,False,1,4
B,465,101910541,B_UNIQUE_101910541,,False,1,4
B,466,103632498,B_UNIQUE_103632498,,False,1,4
B,467,103802709,B_UNIQUE_103802709,,False,1,4
B,468,103421703,B_UNIQUE_103421703,,False,1,2
B,469,103802510,B_UNIQUE_103802510,,False,1,4
B,470,103802487,B_UNIQUE_103802487,,False,1,4
B,471,103802482,B_UNIQUE_103802482,,False,1,4
B,472,103802658,B_UNIQUE_103802658,,False,1,5
B,473,103802652,B_UNIQUE_103802652,,False,1,2
B,474,103128842,B_UNIQUE_103128842,,False,1,1
B,475,103734876,B_UNIQUE_103734876,,False,1,1
B,476,103802645,B_UNIQUE_103802645,,False,1,1
B,477,103418149,B_UNIQUE_103418149,,False,1,2
B,478,103566171,B_UNIQUE_103566171,,False,1,2
B,479,103566334,B_UNIQUE_103566334,,False,1,5
B,480,101267413,B_UNIQUE_101267413,,False,1,5
B,481,102843643,B_UNIQUE_102843643,,False,1,1
B,482,103735534,B_UNIQUE_103735534,,False,1,1
B,483,102551061,B_UNIQUE_102551061,,False,1,4
B,484,102079764,B_UNIQUE_102079764,,False,1,1
B,485,103204105,B_RG_0004,B_RG_0004,True,3,4
B,486,103299358,B_UNIQUE_103299358,,False,1,2
B,487,99232624,B_UNIQUE_99232624,,False,1,4
B,488,103802411,B_UNIQUE_103802411,,False,1,1
B,489,102850108,B_UNIQUE_102850108,,False,1,2
B,490,103802298,B_UNIQUE_103802298,,False,1,1
B,491,99220843,B_UNIQUE_99220843,,False,1,1
B,492,99042447,B_UNIQUE_99042447,,False,1,3
B,493,103432627,B_UNIQUE_103432627,,False,1,5
B,494,103802386,B_UNIQUE_103802386,,False,1,3
B,495,103650199,B_UNIQUE_103650199,,False,1,5
B,496,103421269,B_UNIQUE_103421269,,False,1,3
B,497,103802380,B_UNIQUE_103802380,,False,1,3
B,498,103057333,B_UNIQUE_103057333,,False,1,4
B,499,103199162,B_UNIQUE_103199162,,False,1,2
B,500,103137354,B_UNIQUE_103137354,,False,1,3
B,501,102632820,B_UNIQUE_102632820,,False,1,4
B,502,103376889,B_UNIQUE_103376889,,False,1,5
B,503,103697124,B_UNIQUE_103697124,,False,1,3
B,504,103498037,B_UNIQUE_103498037,,False,1,2
B,505,97083199,B_UNIQUE_97083199,,False,1,1
B,506,100774316,B_UNIQUE_100774316,,False,1,4
B,507,103697292,B_UNIQUE_103697292,,False,1,4
B,508,103751168,B_UNIQUE_103751168,,False,1,2
B,509,103372124,B_UNIQUE_103372124,,False,1,5
B,510,103653485,B_UNIQUE_103653485,,False,1,1
B,511,102596275,B_UNIQUE_102596275,,False,1,1
B,512,103541448,B_UNIQUE_103541448,,False,1,5
B,513,103671095,B_UNIQUE_103671095,,False,1,1
B,514,99511162,B_UNIQUE_99511162,,False,1,5
B,515,102468043,B_UNIQUE_102468043,,False,1,4
B,516,103462826,B_UNIQUE_103462826,,False,1,5
B,517,102731755,B_UNIQUE_102731755,,False,1,3
B,518,102463250,B_UNIQUE_102463250,,False,1,3
B,519,103093439,B_UNIQUE_103093439,,False,1,2
B,520,102912557,B_UNIQUE_102912557,,False,1,5
B,521,101881260,B_UNIQUE_101881260,,False,1,1
B,522,101881017,B_UNIQUE_101881017,,False,1,1
B,523,103174215,B_UNIQUE_103174215,,False,1,1
B,524,103674063,B_UNIQUE_103674063,,False,1,4
B,525,103461736,B_UNIQUE_103461736,,False,1,2
B,526,103203509,B_UNIQUE_103203509,,False,1,2
B,527,103210555,B_UNIQUE_103210555,,False,1,3
B,528,102676149,B_UNIQUE_102676149,,False,1,3
B,529,103749593,B_UNIQUE_103749593,,False,1,4
B,530,103802052,B_UNIQUE_103802052,,False,1,3
B,531,102464106,B_UNIQUE_102464106,,False,1,1
B,532,103802084,B_UNIQUE_103802084,,False,1,4
B,533,102912556,B_UNIQUE_102912556,,False,1,1
B,534,103802196,B_UNIQUE_103802196,,False,1,3
B,535,103802184,B_UNIQUE_103802184,,False,1,5
B,536,102862598,B_UNIQUE_102862598,,False,1,1
B,537,103656676,B_UNIQUE_103656676,,False,1,4
B,538,103313935,B_UNIQUE_103313935,,False,1,3
B,539,103214213,B_UNIQUE_103214213,,False,1,5
B,540,100951974,B_UNIQUE_100951974,,False,1,1
B,541,92691295,B_UNIQUE_92691295,,False,1,4
B,542,102010291,B_UNIQUE_102010291,,False,1,1
B,543,102770089,B_UNIQUE_102770089,,False,1,5
B,544,102574262,B_UNIQUE_102574262,,False,1,3
B,545,103113103,B_UNIQUE_103113103,,False,1,3
B,546,102606195,B_UNIQUE_102606195,,False,1,3
B,547,103482702,B_UNIQUE_103482702,,False,1,1
B,548,103801819,B_UNIQUE_103801819,,False,1,1
B,549,102897721,B_UNIQUE_102897721,,False,1,4
B,550,103801783,B_UNIQUE_103801783,,False,1,4
B,551,103801751,B_UNIQUE_103801751,,False,1,3
B,552,101823729,B_UNIQUE_101823729,,False,1,3
B,553,103801927,B_UNIQUE_103801927,,False,1,4
B,554,102513812,B_UNIQUE_102513812,,False,1,5
B,555,103801912,B_UNIQUE_103801912,,False,1,1
B,556,99640511,B_UNIQUE_99640511,,False,1,1
B,557,93374145,B_UNIQUE_93374145,,False,1,5
B,558,97710120,B_UNIQUE_97710120,,False,1,5
B,559,102150503,B_UNIQUE_102150503,,False,1,3
B,560,101804740,B_UNIQUE_101804740,,False,1,5
B,561,100414528,B_UNIQUE_100414528,,False,1,2
B,562,101462457,B_UNIQUE_101462457,,False,1,1
B,563,103342242,B_UNIQUE_103342242,,False,1,5
B,564,103536838,B_UNIQUE_103536838,,False,1,3
B,565,103551604,B_UNIQUE_103551604,,False,1,1
B,566,97710489,B_UNIQUE_97710489,,False,1,2
B,567,103801802,B_UNIQUE_103801802,,False,1,5
B,568,102745079,B_UNIQUE_102745079,,False,1,4
B,569,103472459,B_UNIQUE_103472459,,False,1,1
B,570,103572842,B_UNIQUE_103572842,,False,1,3
B,571,103801746,B_UNIQUE_103801746,,False,1,1
B,572,102137074,B_UNIQUE_102137074,,False,1,1
B,573,103801734,B_UNIQUE_103801734,,False,1,1
B,574,103801632,B_UNIQUE_103801632,,False,1,5
B,575,103801585,B_UNIQUE_103801585,,False,1,5
B,576,102925183,B_UNIQUE_102925183,,False,1,4
B,577,102924519,B_UNIQUE_102924519,,False,1,2
B,578,102335995,B_UNIQUE_102335995,,False,1,5
B,579,103801733,B_UNIQUE_103801733,,False,1,2
B,580,103801716,B_UNIQUE_103801716,,False,1,1
B,581,102487841,B_UNIQUE_102487841,,False,1,4
B,582,103801575,B_UNIQUE_103801575,,False,1,4
B,583,103801557,B_UNIQUE_103801557,,False,1,4
B,584,103478023,B_UNIQUE_103478023,,False,1,1
B,585,103801681,B_UNIQUE_103801681,,False,1,3
B,586,99988688,B_UNIQUE_99988688,,False,1,3
B,587,89964581,B_UNIQUE_89964581,,False,1,5
B,588,103801679,B_UNIQUE_103801679,,False,1,5
B,589,103801676,B_UNIQUE_103801676,,False,1,3
B,590,103801669,B_UNIQUE_103801669,,False,1,4
B,591,103694761,B_UNIQUE_103694761,,False,1,2
B,592,103673952,B_UNIQUE_103673952,,False,1,1
B,593,103801651,B_UNIQUE_103801651,,False,1,2
B,594,99241319,B_UNIQUE_99241319,,False,1,2
B,595,103801609,B_UNIQUE_103801609,,False,1,5
B,596,103723393,B_UNIQUE_103723393,,False,1,3
B,597,103199016,B_UNIQUE_103199016,,False,1,1
B,598,103801567,B_UNIQUE_103801567,,False,1,2
B,599,103151143,B_RG_0005,B_RG_0005,True,2,5
B,600,103150184,B_RG_0005,B_RG_0005,True,2,5
B,601,99482072,B_UNIQUE_99482072,,False,1,1
B,602,100419415,B_UNIQUE_100419415,,False,1,5
B,603,103465462,B_UNIQUE_103465462,,False,1,2
B,604,103479229,B_UNIQUE_103479229,,False,1,5
B,605,103801398,B_UNIQUE_103801398,,False,1,2
B,606,101957025,B_UNIQUE_101957025,,False,1,2
B,607,103185276,B_UNIQUE_103185276,,False,1,1
B,608,103801497,B_UNIQUE_103801497,,False,1,1
B,609,103613681,B_UNIQUE_103613681,,False,1,2
B,610,102692697,B_UNIQUE_102692697,,False,1,5
B,611,103425796,B_UNIQUE_103425796,,False,1,5
B,612,103685803,B_UNIQUE_103685803,,False,1,4
B,613,101370721,B_UNIQUE_101370721,,False,1,1
B,614,97406224,B_UNIQUE_97406224,,False,1,4
B,615,102487756,B_UNIQUE_102487756,,False,1,4
B,616,103801368,B_UNIQUE_103801368,,False,1,1
B,617,103801360,B_UNIQUE_103801360,,False,1,5
B,618,103210722,B_UNIQUE_103210722,,False,1,5
B,619,103305154,B_UNIQUE_103305154,,False,1,1
B,620,103178152,B_UNIQUE_103178152,,False,1,2
B,621,103463637,B_UNIQUE_103463637,,False,1,1
B,622,102469434,B_UNIQUE_102469434,,False,1,4
B,623,103721323,B_UNIQUE_103721323,,False,1,5
B,624,103739549,B_UNIQUE_103739549,,False,1,3
B,625,103302118,B_UNIQUE_103302118,,False,1,3
B,626,103381053,B_UNIQUE_103381053,,False,1,5
B,627,103801242,B_UNIQUE_103801242,,False,1,2
B,628,103746354,B_UNIQUE_103746354,,False,1,1
B,629,102744896,B_UNIQUE_102744896,,False,1,3
B,630,102744856,B_UNIQUE_102744856,,False,1,1
B,631,100274940,B_UNIQUE_100274940,,False,1,1
B,632,103465492,B_UNIQUE_103465492,,False,1,2
B,633,103801208,B_UNIQUE_103801208,,False,1,1
B,634,103801203,B_UNIQUE_103801203,,False,1,4
B,635,102879777,B_UNIQUE_102879777,,False,1,5
B,636,102335990,B_UNIQUE_102335990,,False,1,2
B,637,101471270,B_UNIQUE_101471270,,False,1,2
B,638,103801312,B_UNIQUE_103801312,,False,1,1
B,639,103801192,B_UNIQUE_103801192,,False,1,5
B,640,103801180,B_UNIQUE_103801180,,False,1,5
B,641,103801159,B_UNIQUE_103801159,,False,1,3
B,642,103801156,B_UNIQUE_103801156,,False,1,1
B,643,103801153,B_UNIQUE_103801153,,False,1,1
B,644,103466174,B_UNIQUE_103466174,,False,1,5
B,645,103435595,B_UNIQUE_103435595,,False,1,5
B,646,97087241,B_UNIQUE_97087241,,False,1,5
B,647,103801266,B_UNIQUE_103801266,,False,1,4
B,648,102308940,B_UNIQUE_102308940,,False,1,4
B,649,101811990,B_UNIQUE_101811990,,False,1,3
B,650,103607946,B_UNIQUE_103607946,,False,1,5
B,651,103037509,B_UNIQUE_103037509,,False,1,4
B,652,103037377,B_UNIQUE_103037377,,False,1,2
B,653,101761357,B_UNIQUE_101761357,,False,1,3
B,654,100635823,B_UNIQUE_100635823,,False,1,4
B,655,103666072,B_UNIQUE_103666072,,False,1,3
B,656,103666982,B_UNIQUE_103666982,,False,1,3
B,657,95763369,B_UNIQUE_95763369,,False,1,3
B,658,95149506,B_UNIQUE_95149506,,False,1,5
B,659,101847016,B_UNIQUE_101847016,,False,1,5
B,660,102566624,B_UNIQUE_102566624,,False,1,4
B,661,103550482,B_UNIQUE_103550482,,False,1,4
B,662,80258486,B_UNIQUE_80258486,,False,1,5
B,663,103746381,B_UNIQUE_103746381,,False,1,4
B,664,103744742,B_UNIQUE_103744742,,False,1,4
B,665,103761635,B_UNIQUE_103761635,,False,1,5
B,666,97315482,B_UNIQUE_97315482,,False,1,5
B,667,103244628,B_UNIQUE_103244628,,False,1,2
B,668,103745112,B_UNIQUE_103745112,,False,1,1
B,669,103801145,B_UNIQUE_103801145,,False,1,4
B,670,103800952,B_UNIQUE_103800952,,False,1,2
B,671,103800951,B_UNIQUE_103800951,,False,1,4
B,672,103800943,B_UNIQUE_103800943,,False,1,5
B,673,103800941,B_UNIQUE_103800941,,False,1,5
B,674,102905309,B_UNIQUE_102905309,,False,1,3
B,675,101682885,B_UNIQUE_101682885,,False,1,2
B,676,102310065,B_UNIQUE_102310065,,False,1,2
B,677,101720817,B_UNIQUE_101720817,,False,1,4
B,678,82005054,B_UNIQUE_82005054,,False,1,5
B,679,102841289,B_UNIQUE_102841289,,False,1,2
B,680,103801066,B_UNIQUE_103801066,,False,1,1
B,681,103800986,B_UNIQUE_103800986,,False,1,1
B,682,103800985,B_UNIQUE_103800985,,False,1,3
B,683,100391017,B_UNIQUE_100391017,,False,1,2
B,684,103800973,B_UNIQUE_103800973,,False,1,5
B,685,102793564,B_UNIQUE_102793564,,False,1,5
B,686,102833432,B_UNIQUE_102833432,,False,1,3
B,687,103763130,B_UNIQUE_103763130,,False,1,3
B,688,102984848,B_UNIQUE_102984848,,False,1,5
B,689,102660370,B_UNIQUE_102660370,,False,1,5
B,690,101812258,B_UNIQUE_101812258,,False,1,5
B,691,103586006,B_UNIQUE_103586006,,False,1,1
B,692,102505649,B_UNIQUE_102505649,,False,1,3
B,693,100405524,B_UNIQUE_100405524,,False,1,4
B,694,103486779,B_UNIQUE_103486779,,False,1,2
B,695,103688286,B_UNIQUE_103688286,,False,1,1
B,696,103001368,B_UNIQUE_103001368,,False,1,2
B,697,101736332,B_UNIQUE_101736332,,False,1,1
B,698,103731402,B_UNIQUE_103731402,,False,1,1
B,699,103462974,B_UNIQUE_103462974,,False,1,2
B,700,102375382,B_UNIQUE_102375382,,False,1,5
B,701,103800877,B_UNIQUE_103800877,,False,1,3
B,702,100867056,B_UNIQUE_100867056,,False,1,5
B,703,88255852,B_UNIQUE_88255852,,False,1,5
B,704,103195587,B_UNIQUE_103195587,,False,1,1
B,705,103800860,B_UNIQUE_103800860,,False,1,5
B,706,99679030,B_UNIQUE_99679030,,False,1,4
B,707,103798060,B_UNIQUE_103798060,,False,1,1
B,708,102964022,B_UNIQUE_102964022,,False,1,5
B,709,102285078,B_UNIQUE_102285078,,False,1,1
B,710,103725019,B_UNIQUE_103725019,,False,1,1
B,711,103800828,B_UNIQUE_103800828,,False,1,1
B,712,103639616,B_UNIQUE_103639616,,False,1,1
B,713,103086296,B_UNIQUE_103086296,,False,1,4
B,714,102986746,B_UNIQUE_102986746,,False,1,1
B,715,90492002,B_UNIQUE_90492002,,False,1,4
B,716,102928282,B_UNIQUE_102928282,,False,1,1
B,717,102661858,B_UNIQUE_102661858,,False,1,2
B,718,99095036,B_UNIQUE_99095036,,False,1,2
B,719,103745367,B_UNIQUE_103745367,,False,1,3
B,720,102285256,B_UNIQUE_102285256,,False,1,2
B,721,101747814,B_UNIQUE_101747814,,False,1,4
B,722,103800507,B_UNIQUE_103800507,,False,1,2
B,723,103800505,B_UNIQUE_103800505,,False,1,3
B,724,103456869,B_UNIQUE_103456869,,False,1,5
B,725,103287676,B_UNIQUE_103287676,,False,1,5
B,726,103473355,B_UNIQUE_103473355,,False,1,2
B,727,103288790,B_UNIQUE_103288790,,False,1,4
B,728,103800697,B_UNIQUE_103800697,,False,1,4
B,729,103800664,B_UNIQUE_103800664,,False,1,1
B,730,103800445,B_UNIQUE_103800445,,False,1,3
B,731,103800426,B_UNIQUE_103800426,,False,1,3
B,732,102881549,B_UNIQUE_102881549,,False,1,5
B,733,103800596,B_UNIQUE_103800596,,False,1,4
B,734,103769629,B_UNIQUE_103769629,,False,1,4
B,735,100686203,B_UNIQUE_100686203,,False,1,3
B,736,102247309,B_UNIQUE_102247309,,False,1,5
B,737,97542049,B_UNIQUE_97542049,,False,1,1
B,738,103800557,B_UNIQUE_103800557,,False,1,1
B,739,103782847,B_UNIQUE_103782847,,False,1,3
B,740,101773854,B_UNIQUE_101773854,,False,1,4
B,741,103800315,B_UNIQUE_103800315,,False,1,1
B,742,96945854,B_UNIQUE_96945854,,False,1,2
B,743,103800495,B_UNIQUE_103800495,,False,1,2
B,744,96994776,B_UNIQUE_96994776,,False,1,2
B,745,102612263,B_UNIQUE_102612263,,False,1,5
B,746,103800488,B_UNIQUE_103800488,,False,1,2
B,747,103556569,B_UNIQUE_103556569,,False,1,4
B,748,101607682,B_UNIQUE_101607682,,False,1,4
B,749,103800444,B_UNIQUE_103800444,,False,1,5
B,750,103800415,B_UNIQUE_103800415,,False,1,1
B,751,103694256,B_UNIQUE_103694256,,False,1,2
B,752,103800277,B_UNIQUE_103800277,,False,1,2
B,753,103800269,B_UNIQUE_103800269,,False,1,4
B,754,100170696,B_UNIQUE_100170696,,False,1,3
B,755,99703737,B_UNIQUE_99703737,,False,1,5
B,756,99703732,B_UNIQUE_99703732,,False,1,5
B,757,98005496,B_UNIQUE_98005496,,False,1,2
B,758,103800393,B_UNIQUE_103800393,,False,1,4
B,759,103800376,B_UNIQUE_103800376,,False,1,2
B,760,103797239,B_UNIQUE_103797239,,False,1,4
B,761,103800219,B_UNIQUE_103800219,,False,1,5
B,762,102495242,B_UNIQUE_102495242,,False,1,4
B,763,102566897,B_UNIQUE_102566897,,False,1,5
B,764,103619791,B_UNIQUE_103619791,,False,1,4
B,765,103638395,B_UNIQUE_103638395,,False,1,4
B,766,103336484,B_UNIQUE_103336484,,False,1,5
B,767,101813586,B_UNIQUE_101813586,,False,1,5
B,768,103326771,B_UNIQUE_103326771,,False,1,2
B,769,102723810,B_UNIQUE_102723810,,False,1,5
B,770,100944653,B_UNIQUE_100944653,,False,1,4
B,771,102075617,B_UNIQUE_102075617,,False,1,4
B,772,103387063,B_UNIQUE_103387063,,False,1,4
B,773,101843227,B_UNIQUE_101843227,,False,1,1
B,774,103800086,B_UNIQUE_103800086,,False,1,4
B,775,101177389,B_UNIQUE_101177389,,False,1,2
B,776,103637380,B_UNIQUE_103637380,,False,1,2
B,777,103340846,B_UNIQUE_103340846,,False,1,1
B,778,102890567,B_UNIQUE_102890567,,False,1,1
B,779,103356373,B_UNIQUE_103356373,,False,1,1
B,780,102624135,B_UNIQUE_102624135,,False,1,3
B,781,101979448,B_UNIQUE_101979448,,False,1,1
B,782,103800186,B_UNIQUE_103800186,,False,1,3
B,783,102470557,B_UNIQUE_102470557,,False,1,5
B,784,101058327,B_UNIQUE_101058327,,False,1,5
B,785,102858673,B_UNIQUE_102858673,,False,1,5
B,786,103171068,B_UNIQUE_103171068,,False,1,2
B,787,101620117,B_UNIQUE_101620117,,False,1,3
B,788,99466790,B_UNIQUE_99466790,,False,1,1
B,789,103800023,B_UNIQUE_103800023,,False,1,1
B,790,101051045,B_UNIQUE_101051045,,False,1,5
B,791,103133327,B_UNIQUE_103133327,,False,1,3
B,792,103427084,B_UNIQUE_103427084,,False,1,5
B,793,103604739,B_UNIQUE_103604739,,False,1,5
B,794,103345702,B_UNIQUE_103345702,,False,1,5
B,795,93105447,B_UNIQUE_93105447,,False,1,5
B,796,102732863,B_UNIQUE_102732863,,False,1,1
B,797,101691323,B_UNIQUE_101691323,,False,1,2
B,798,92444547,B_UNIQUE_92444547,,False,1,1
B,799,102892183,B_UNIQUE_102892183,,False,1,4
B,800,102866510,B_UNIQUE_102866510,,False,1,5
B,801,102834051,B_UNIQUE_102834051,,False,1,1
B,802,103800047,B_UNIQUE_103800047,,False,1,5
B,803,102490710,B_UNIQUE_102490710,,False,1,4
B,804,101998454,B_UNIQUE_101998454,,False,1,5
B,805,100891027,B_UNIQUE_100891027,,False,1,1
B,806,103799861,B_UNIQUE_103799861,,False,1,3
B,807,103799972,B_UNIQUE_103799972,,False,1,1
B,808,103799949,B_UNIQUE_103799949,,False,1,4
B,809,103799934,B_UNIQUE_103799934,,False,1,1
B,810,103647935,B_UNIQUE_103647935,,False,1,4
B,811,102523624,B_UNIQUE_102523624,,False,1,2
B,812,96037286,B_UNIQUE_96037286,,False,1,4
B,813,103743921,B_UNIQUE_103743921,,False,1,5
B,814,103799785,B_UNIQUE_103799785,,False,1,5
B,815,103799775,B_UNIQUE_103799775,,False,1,5
B,816,103138503,B_UNIQUE_103138503,,False,1,1
B,817,103799888,B_UNIQUE_103799888,,False,1,2
B,818,102636168,B_UNIQUE_102636168,,False,1,5
B,819,102912123,B_UNIQUE_102912123,,False,1,5
B,820,102090875,B_UNIQUE_102090875,,False,1,2
B,821,96926980,B_UNIQUE_96926980,,False,1,4
B,822,94156074,B_UNIQUE_94156074,,False,1,4
B,823,103605804,B_UNIQUE_103605804,,False,1,4
B,824,95804478,B_UNIQUE_95804478,,False,1,2
B,825,99993197,B_UNIQUE_99993197,,False,1,1
B,826,100997471,B_UNIQUE_100997471,,False,1,1
B,827,101332667,B_UNIQUE_101332667,,False,1,5
B,828,103571765,B_UNIQUE_103571765,,False,1,3
B,829,103179658,B_UNIQUE_103179658,,False,1,3
B,830,103169616,B_UNIQUE_103169616,,False,1,5
B,831,98421954,B_UNIQUE_98421954,,False,1,5
B,832,103690827,B_UNIQUE_103690827,,False,1,2
B,833,103799666,B_UNIQUE_103799666,,False,1,2
B,834,99994813,B_UNIQUE_99994813,,False,1,4
B,835,102919558,B_UNIQUE_102919558,,False,1,5
B,836,103721778,B_UNIQUE_103721778,,False,1,3
B,837,103799725,B_UNIQUE_103799725,,False,1,3
B,838,103799624,B_UNIQUE_103799624,,False,1,5
B,839,103799634,B_UNIQUE_103799634,,False,1,1
B,840,103799710,B_UNIQUE_103799710,,False,1,4
B,841,103476754,B_UNIQUE_103476754,,False,1,1
B,842,103729670,B_UNIQUE_103729670,,False,1,2
B,843,103435998,B_UNIQUE_103435998,,False,1,3
B,844,102131418,B_UNIQUE_102131418,,False,1,1
B,845,94769062,B_UNIQUE_94769062,,False,1,3
B,846,103715387,B_UNIQUE_103715387,,False,1,5
B,847,103248527,B_UNIQUE_103248527,,False,1,5
B,848,103622587,B_UNIQUE_103622587,,False,1,3
B,849,98061891,B_UNIQUE_98061891,,False,1,2
B,850,102605802,B_UNIQUE_102605802,,False,1,5
B,851,102992622,B_UNIQUE_102992622,,False,1,2
B,852,101332733,B_UNIQUE_101332733,,False,1,1
B,853,99829674,B_UNIQUE_99829674,,False,1,2
B,854,103677020,B_UNIQUE_103677020,,False,1,3
B,855,101332527,B_UNIQUE_101332527,,False,1,2
B,856,102134644,B_UNIQUE_102134644,,False,1,1
B,857,102891064,B_UNIQUE_102891064,,False,1,3
B,858,103799520,B_UNIQUE_103799520,,False,1,4
B,859,102860101,B_UNIQUE_102860101,,False,1,2
B,860,103799518,B_UNIQUE_103799518,,False,1,4
B,861,103799498,B_UNIQUE_103799498,,False,1,5
B,862,103799494,B_UNIQUE_103799494,,False,1,5
B,863,98058544,B_UNIQUE_98058544,,False,1,4
B,864,102033548,B_UNIQUE_102033548,,False,1,5
B,865,103799441,B_UNIQUE_103799441,,False,1,4
B,866,103799200,B_UNIQUE_103799200,,False,1,2
B,867,103799199,B_UNIQUE_103799199,,False,1,3
B,868,103799194,B_UNIQUE_103799194,,False,1,2
B,869,103799413,B_UNIQUE_103799413,,False,1,2
B,870,103799391,B_UNIQUE_103799391,,False,1,5
B,871,103799389,B_UNIQUE_103799389,,False,1,5
B,872,103799170,B_UNIQUE_103799170,,False,1,3
B,873,103799168,B_UNIQUE_103799168,,False,1,5
B,874,103799162,B_UNIQUE_103799162,,False,1,1
B,875,103799160,B_UNIQUE_103799160,,False,1,2
B,876,103799156,B_UNIQUE_103799156,,False,1,1
B,877,103799362,B_UNIQUE_103799362,,False,1,4
B,878,103799357,B_UNIQUE_103799357,,False,1,3
B,879,103799354,B_UNIQUE_103799354,,False,1,4
B,880,103799353,B_UNIQUE_103799353,,False,1,3
B,881,101156289,B_UNIQUE_101156289,,False,1,1
B,882,103799341,B_UNIQUE_103799341,,False,1,4
B,883,103799336,B_UNIQUE_103799336,,False,1,1
B,884,100094465,B_UNIQUE_100094465,,False,1,5
B,885,103153518,B_UNIQUE_103153518,,False,1,4
B,886,103799292,B_UNIQUE_103799292,,False,1,3
B,887,103799289,B_UNIQUE_103799289,,False,1,2
B,888,103406924,B_UNIQUE_103406924,,False,1,5
B,889,102126408,B_UNIQUE_102126408,,False,1,4
B,890,71561496,B_UNIQUE_71561496,,False,1,3
B,891,103084524,B_UNIQUE_103084524,,False,1,4
B,892,103184119,B_UNIQUE_103184119,,False,1,4
B,893,101525743,B_UNIQUE_101525743,,False,1,1
B,894,98459491,B_UNIQUE_98459491,,False,1,2
B,895,98803609,B_UNIQUE_98803609,,False,1,4
B,896,103799117,B_UNIQUE_103799117,,False,1,5
B,897,103799104,B_UNIQUE_103799104,,False,1,5
B,898,103799096,B_UNIQUE_103799096,,False,1,2
B,899,103798957,B_UNIQUE_103798957,,False,1,5
B,900,103798925,B_UNIQUE_103798925,,False,1,4
B,901,102925263,B_UNIQUE_102925263,,False,1,1
B,902,103445026,B_UNIQUE_103445026,,False,1,2
B,903,103799072,B_UNIQUE_103799072,,False,1,2
B,904,103799060,B_UNIQUE_103799060,,False,1,1
B,905,103799059,B_UNIQUE_103799059,,False,1,3
B,906,70858867,B_UNIQUE_70858867,,False,1,2
B,907,102185888,B_UNIQUE_102185888,,False,1,2
B,908,101214539,B_UNIQUE_101214539,,False,1,2
B,909,58037863,B_UNIQUE_58037863,,False,1,4
B,910,103711597,B_UNIQUE_103711597,,False,1,5
B,911,103705024,B_UNIQUE_103705024,,False,1,5
B,912,103044804,B_UNIQUE_103044804,,False,1,3
B,913,102922342,B_UNIQUE_102922342,,False,1,4
B,914,103798754,B_UNIQUE_103798754,,False,1,1
B,915,103798744,B_UNIQUE_103798744,,False,1,4
B,916,103798739,B_UNIQUE_103798739,,False,1,2
B,917,102884985,B_UNIQUE_102884985,,False,1,2
B,918,95866282,B_UNIQUE_95866282,,False,1,1
B,919,103798866,B_UNIQUE_103798866,,False,1,4
B,920,103798865,B_UNIQUE_103798865,,False,1,3
B,921,103601823,B_UNIQUE_103601823,,False,1,4
B,922,103749580,B_UNIQUE_103749580,,False,1,3
B,923,103516434,B_UNIQUE_103516434,,False,1,4
B,924,103683179,B_UNIQUE_103683179,,False,1,4
B,925,103798808,B_UNIQUE_103798808,,False,1,5
B,926,103773086,B_UNIQUE_103773086,,False,1,2
B,927,103798585,B_UNIQUE_103798585,,False,1,5
B,928,102753020,B_UNIQUE_102753020,,False,1,3
B,929,101986221,B_UNIQUE_101986221,,False,1,4
B,930,101955659,B_UNIQUE_101955659,,False,1,1
B,931,101514257,B_UNIQUE_101514257,,False,1,3
B,932,100953366,B_UNIQUE_100953366,,False,1,1
B,933,103798690,B_UNIQUE_103798690,,False,1,4
B,934,103798536,B_UNIQUE_103798536,,False,1,2
B,935,101998659,B_UNIQUE_101998659,,False,1,3
B,936,102625173,B_UNIQUE_102625173,,False,1,3
B,937,103798680,B_UNIQUE_103798680,,False,1,4
B,938,103798675,B_UNIQUE_103798675,,False,1,4
B,939,102043076,B_UNIQUE_102043076,,False,1,4
B,940,102633724,B_UNIQUE_102633724,,False,1,4
B,941,99442730,B_UNIQUE_99442730,,False,1,5
B,942,102920898,B_RG_0006,B_RG_0006,True,2,4
B,943,99886818,B_UNIQUE_99886818,,False,1,2
B,944,99886862,B_UNIQUE_99886862,,False,1,5
B,945,102919361,B_UNIQUE_102919361,,False,1,3
B,946,103707832,B_UNIQUE_103707832,,False,1,3
B,947,103767907,B_UNIQUE_103767907,,False,1,2
B,948,101056110,B_UNIQUE_101056110,,False,1,2
B,949,103726707,B_UNIQUE_103726707,,False,1,1
B,950,103424893,B_UNIQUE_103424893,,False,1,2
B,951,103798472,B_UNIQUE_103798472,,False,1,5
B,952,103798459,B_UNIQUE_103798459,,False,1,3
B,953,103798458,B_UNIQUE_103798458,,False,1,4
B,954,103798444,B_UNIQUE_103798444,,False,1,2
B,955,103429359,B_UNIQUE_103429359,,False,1,4
B,956,103362112,B_UNIQUE_103362112,,False,1,1
B,957,103798266,B_UNIQUE_103798266,,False,1,1
B,958,103798255,B_UNIQUE_103798255,,False,1,2
B,959,102924038,B_UNIQUE_102924038,,False,1,3
B,960,102923906,B_UNIQUE_102923906,,False,1,4
B,961,103470374,B_UNIQUE_103470374,,False,1,5
B,962,103444549,B_UNIQUE_103444549,,False,1,2
B,963,103689187,B_UNIQUE_103689187,,False,1,4
B,964,101337563,B_UNIQUE_101337563,,False,1,1
B,965,103532021,B_UNIQUE_103532021,,False,1,2
B,966,102543953,B_UNIQUE_102543953,,False,1,2
B,967,101062046,B_UNIQUE_101062046,,False,1,1
B,968,101060006,B_UNIQUE_101060006,,False,1,5
B,969,101062183,B_UNIQUE_101062183,,False,1,4
B,970,103691024,B_UNIQUE_103691024,,False,1,4
B,971,103797273,B_UNIQUE_103797273,,False,1,4
B,972,103798151,B_UNIQUE_103798151,,False,1,4
B,973,103798111,B_UNIQUE_103798111,,False,1,2
B,974,103798101,B_UNIQUE_103798101,,False,1,4
B,975,103450483,B_RG_0007,B_RG_0007,True,2,3
B,976,102288419,B_UNIQUE_102288419,,False,1,2
B,977,101370530,B_UNIQUE_101370530,,False,1,5
B,978,100611579,B_UNIQUE_100611579,,False,1,4
B,979,103729705,B_UNIQUE_103729705,,False,1,5
B,980,103519002,B_UNIQUE_103519002,,False,1,4
B,981,103278535,B_UNIQUE_103278535,,False,1,2
B,982,102650548,B_UNIQUE_102650548,,False,1,4
B,983,102882864,B_UNIQUE_102882864,,False,1,1
B,984,101274185,B_UNIQUE_101274185,,False,1,2
B,985,102128490,B_UNIQUE_102128490,,False,1,2
B,986,102465358,B_UNIQUE_102465358,,False,1,4
B,987,103126109,B_UNIQUE_103126109,,False,1,4
B,988,103685246,B_UNIQUE_103685246,,False,1,5
B,989,103638186,B_UNIQUE_103638186,,False,1,1
B,990,101863081,B_UNIQUE_101863081,,False,1,4
B,991,102845950,B_UNIQUE_102845950,,False,1,5
B,992,97089343,B_UNIQUE_97089343,,False,1,3
B,993,103601544,B_UNIQUE_103601544,,False,1,3
B,994,103797942,B_UNIQUE_103797942,,False,1,5
B,995,103797911,B_UNIQUE_103797911,,False,1,3
B,996,103797909,B_UNIQUE_103797909,,False,1,2
B,997,103797908,B_UNIQUE_103797908,,False,1,2
B,998,102847746,B_UNIQUE_102847746,,False,1,1
B,999,103504570,B_UNIQUE_103504570,,False,1,5
B,1000,102193111,B_UNIQUE_102193111,,False,1,2
B,1001,102013146,B_UNIQUE_102013146,,False,1,5
B,1002,102905329,B_UNIQUE_102905329,,False,1,2
B,1003,103460024,B_UNIQUE_103460024,,False,1,2
B,1004,103338655,B_UNIQUE_103338655,,False,1,5
B,1005,102800930,B_UNIQUE_102800930,,False,1,5
B,1006,103354971,B_UNIQUE_103354971,,False,1,1
B,1007,103797717,B_UNIQUE_103797717,,False,1,5
B,1008,102622690,B_UNIQUE_102622690,,False,1,5
B,1009,99846072,B_UNIQUE_99846072,,False,1,2
B,1010,98243947,B_UNIQUE_98243947,,False,1,4
B,1011,103148750,B_UNIQUE_103148750,,False,1,3
B,1012,103124140,B_UNIQUE_103124140,,False,1,4
B,1013,103082575,B_UNIQUE_103082575,,False,1,3
B,1014,102785237,B_UNIQUE_102785237,,False,1,2
B,1015,101458301,B_UNIQUE_101458301,,False,1,3
B,1016,101261486,B_UNIQUE_101261486,,False,1,1
B,1017,101250730,B_UNIQUE_101250730,,False,1,4
B,1018,103324351,B_UNIQUE_103324351,,False,1,3
B,1019,103014507,B_UNIQUE_103014507,,False,1,2
B,1020,103124171,B_UNIQUE_103124171,,False,1,3
B,1021,102943996,B_UNIQUE_102943996,,False,1,2
B,1022,102706580,B_UNIQUE_102706580,,False,1,3
B,1023,102537454,B_UNIQUE_102537454,,False,1,1
B,1024,102505214,B_UNIQUE_102505214,,False,1,1
B,1025,102280872,B_UNIQUE_102280872,,False,1,5
B,1026,101337232,B_UNIQUE_101337232,,False,1,4
B,1027,100758841,B_UNIQUE_100758841,,False,1,4
B,1028,100208765,B_UNIQUE_100208765,,False,1,4
B,1029,99139799,B_UNIQUE_99139799,,False,1,1
B,1030,101109810,B_UNIQUE_101109810,,False,1,2
B,1031,103781037,B_UNIQUE_103781037,,False,1,3
B,1032,103222248,B_UNIQUE_103222248,,False,1,3
B,1033,102898854,B_UNIQUE_102898854,,False,1,1
B,1034,99139783,B_UNIQUE_99139783,,False,1,1
B,1035,102281172,B_UNIQUE_102281172,,False,1,4
B,1036,100894957,B_UNIQUE_100894957,,False,1,3
B,1037,103797546,B_UNIQUE_103797546,,False,1,5
B,1038,102757875,B_UNIQUE_102757875,,False,1,1
B,1039,101305880,B_UNIQUE_101305880,,False,1,1
B,1040,101737458,B_UNIQUE_101737458,,False,1,4
B,1041,103606404,B_UNIQUE_103606404,,False,1,3
B,1042,102097198,B_UNIQUE_102097198,,False,1,4
B,1043,102073582,B_UNIQUE_102073582,,False,1,4
B,1044,103797537,B_UNIQUE_103797537,,False,1,5
B,1045,99310438,B_UNIQUE_99310438,,False,1,2
B,1046,101080943,B_UNIQUE_101080943,,False,1,3
B,1047,100804825,B_UNIQUE_100804825,,False,1,4
B,1048,99466291,B_UNIQUE_99466291,,False,1,5
B,1049,103388443,B_UNIQUE_103388443,,False,1,4
B,1050,101380358,B_UNIQUE_101380358,,False,1,3
B,1051,100288529,B_UNIQUE_100288529,,False,1,2
B,1052,103797453,B_UNIQUE_103797453,,False,1,3
B,1053,101325438,B_UNIQUE_101325438,,False,1,4
B,1054,102889847,B_UNIQUE_102889847,,False,1,2
B,1055,103797431,B_UNIQUE_103797431,,False,1,1
B,1056,103416057,B_UNIQUE_103416057,,False,1,5
B,1057,103797428,B_UNIQUE_103797428,,False,1,2
B,1058,103797396,B_UNIQUE_103797396,,False,1,4
B,1059,103292117,B_UNIQUE_103292117,,False,1,5
B,1060,103797371,B_UNIQUE_103797371,,False,1,3
B,1061,103797361,B_UNIQUE_103797361,,False,1,5
B,1062,103797376,B_UNIQUE_103797376,,False,1,2
B,1063,103797375,B_UNIQUE_103797375,,False,1,5
B,1064,103797332,B_UNIQUE_103797332,,False,1,4
B,1065,103752244,B_UNIQUE_103752244,,False,1,5
B,1066,103797322,B_UNIQUE_103797322,,False,1,5
B,1067,103797254,B_UNIQUE_103797254,,False,1,3
B,1068,103023927,B_UNIQUE_103023927,,False,1,2
B,1069,103797277,B_UNIQUE_103797277,,False,1,3
B,1070,103797251,B_UNIQUE_103797251,,False,1,3
B,1071,101872448,B_UNIQUE_101872448,,False,1,1
B,1072,103797271,B_UNIQUE_103797271,,False,1,2
B,1073,103797270,B_UNIQUE_103797270,,False,1,5
B,1074,102843782,B_UNIQUE_102843782,,False,1,5
B,1075,103443462,B_UNIQUE_103443462,,False,1,2
B,1076,97834253,B_UNIQUE_97834253,,False,1,2
B,1077,97834129,B_UNIQUE_97834129,,False,1,4
B,1078,97832489,B_UNIQUE_97832489,,False,1,5
B,1079,101722900,B_UNIQUE_101722900,,False,1,2
B,1080,100543512,B_UNIQUE_100543512,,False,1,5
B,1081,102184341,B_UNIQUE_102184341,,False,1,5
B,1082,103797217,B_UNIQUE_103797217,,False,1,2
B,1083,103797164,B_UNIQUE_103797164,,False,1,5
B,1084,103797157,B_UNIQUE_103797157,,False,1,4
B,1085,102036014,B_UNIQUE_102036014,,False,1,5
B,1086,95219758,B_UNIQUE_95219758,,False,1,2
B,1087,101128566,B_UNIQUE_101128566,,False,1,3
B,1088,103585248,B_UNIQUE_103585248,,False,1,2
B,1089,103479600,B_UNIQUE_103479600,,False,1,3
B,1090,103402025,B_UNIQUE_103402025,,False,1,4
B,1091,103740042,B_UNIQUE_103740042,,False,1,5
B,1092,103742048,B_UNIQUE_103742048,,False,1,2
B,1093,100785324,B_UNIQUE_100785324,,False,1,3
B,1094,98720154,B_UNIQUE_98720154,,False,1,2
B,1095,98739542,B_UNIQUE_98739542,,False,1,5
B,1096,103374766,B_UNIQUE_103374766,,False,1,4
B,1097,103797103,B_UNIQUE_103797103,,False,1,3
B,1098,103797097,B_UNIQUE_103797097,,False,1,5
B,1099,103797146,B_UNIQUE_103797146,,False,1,1
B,1100,100916446,B_UNIQUE_100916446,,False,1,4
B,1101,97482842,B_UNIQUE_97482842,,False,1,4
B,1102,103705048,B_UNIQUE_103705048,,False,1,3
B,1103,103714808,B_UNIQUE_103714808,,False,1,4
B,1104,95892312,B_UNIQUE_95892312,,False,1,3
B,1105,101049834,B_UNIQUE_101049834,,False,1,1
B,1106,103797128,B_UNIQUE_103797128,,False,1,4
B,1107,103797126,B_UNIQUE_103797126,,False,1,3
B,1108,103797125,B_UNIQUE_103797125,,False,1,2
B,1109,92162624,B_UNIQUE_92162624,,False,1,2
B,1110,103684332,B_UNIQUE_103684332,,False,1,5
B,1111,103714989,B_UNIQUE_103714989,,False,1,5
B,1112,103717623,B_UNIQUE_103717623,,False,1,4
B,1113,76183205,B_UNIQUE_76183205,,False,1,2
B,1114,90371478,B_UNIQUE_90371478,,False,1,5
B,1115,102439373,B_UNIQUE_102439373,,False,1,1
B,1116,103445774,B_UNIQUE_103445774,,False,1,3
B,1117,103419095,B_UNIQUE_103419095,,False,1,5
B,1118,102894978,B_UNIQUE_102894978,,False,1,4
B,1119,103797076,B_UNIQUE_103797076,,False,1,5
B,1120,103796970,B_UNIQUE_103796970,,False,1,1
B,1121,103796987,B_UNIQUE_103796987,,False,1,5
B,1122,103436990,B_UNIQUE_103436990,,False,1,4
B,1123,100288687,B_UNIQUE_100288687,,False,1,2
B,1124,99466343,B_UNIQUE_99466343,,False,1,4
B,1125,103797057,B_UNIQUE_103797057,,False,1,3
B,1126,103797056,B_UNIQUE_103797056,,False,1,1
B,1127,101019426,B_UNIQUE_101019426,,False,1,5
B,1128,103797048,B_UNIQUE_103797048,,False,1,4
B,1129,103797047,B_UNIQUE_103797047,,False,1,5
B,1130,101990539,B_UNIQUE_101990539,,False,1,3
B,1131,103796947,B_UNIQUE_103796947,,False,1,1
B,1132,103796936,B_UNIQUE_103796936,,False,1,2
B,1133,103796931,B_UNIQUE_103796931,,False,1,1
B,1134,103423738,B_UNIQUE_103423738,,False,1,5
B,1135,103549671,B_UNIQUE_103549671,,False,1,3
B,1136,103797008,B_UNIQUE_103797008,,False,1,5
B,1137,103450284,B_UNIQUE_103450284,,False,1,1
B,1138,103477237,B_UNIQUE_103477237,,False,1,2
B,1139,103470205,B_RG_0008,B_RG_0008,True,2,2
B,1140,102172274,B_UNIQUE_102172274,,False,1,4
B,1141,94213853,B_UNIQUE_94213853,,False,1,5
B,1142,100025500,B_UNIQUE_100025500,,False,1,1
B,1143,103336579,B_RG_0009,B_RG_0009,True,2,3
B,1144,101557980,B_UNIQUE_101557980,,False,1,1
B,1145,103715204,B_UNIQUE_103715204,,False,1,3
B,1146,98377340,B_UNIQUE_98377340,,False,1,2
B,1147,97940583,B_UNIQUE_97940583,,False,1,5
B,1148,95823750,B_UNIQUE_95823750,,False,1,2
B,1149,103796815,B_UNIQUE_103796815,,False,1,3
B,1150,102283762,B_UNIQUE_102283762,,False,1,2
B,1151,100815948,B_UNIQUE_100815948,,False,1,1
B,1152,100253281,B_UNIQUE_100253281,,False,1,4
B,1153,103796877,B_UNIQUE_103796877,,False,1,1
B,1154,103796871,B_UNIQUE_103796871,,False,1,4
B,1155,101941512,B_UNIQUE_101941512,,False,1,1
B,1156,103796796,B_UNIQUE_103796796,,False,1,2
B,1157,103796803,B_UNIQUE_103796803,,False,1,3
B,1158,103282247,B_UNIQUE_103282247,,False,1,1
B,1159,103419115,B_UNIQUE_103419115,,False,1,5
B,1160,103425319,B_UNIQUE_103425319,,False,1,5
B,1161,98409917,B_UNIQUE_98409917,,False,1,2
B,1162,101279647,B_UNIQUE_101279647,,False,1,5
B,1163,101382844,B_UNIQUE_101382844,,False,1,1
B,1164,103760421,B_UNIQUE_103760421,,False,1,4
B,1165,103761088,B_UNIQUE_103761088,,False,1,3
B,1166,103235193,B_UNIQUE_103235193,,False,1,1
B,1167,101065984,B_UNIQUE_101065984,,False,1,3
B,1168,99044462,B_UNIQUE_99044462,,False,1,5
B,1169,98233164,B_UNIQUE_98233164,,False,1,1
B,1170,103796721,B_UNIQUE_103796721,,False,1,5
B,1171,103796707,B_RG_0010,B_RG_0010,True,3,4
B,1172,103796697,B_RG_0010,B_RG_0010,True,3,4
B,1173,103796684,B_RG_0010,B_RG_0010,True,3,4
B,1174,103796787,B_UNIQUE_103796787,,False,1,3
B,1175,103796785,B_UNIQUE_103796785,,False,1,4
B,1176,103669945,B_UNIQUE_103669945,,False,1,3
B,1177,103421446,B_UNIQUE_103421446,,False,1,3
B,1178,103640101,B_UNIQUE_103640101,,False,1,2
B,1179,103527484,B_UNIQUE_103527484,,False,1,3
B,1180,103072253,B_UNIQUE_103072253,,False,1,2
B,1181,103465855,B_UNIQUE_103465855,,False,1,3
B,1182,103796778,B_UNIQUE_103796778,,False,1,5
B,1183,103796773,B_UNIQUE_103796773,,False,1,2
B,1184,102126519,B_UNIQUE_102126519,,False,1,5
B,1185,103796767,B_UNIQUE_103796767,,False,1,4
B,1186,103796665,B_UNIQUE_103796665,,False,1,5
B,1187,103796664,B_UNIQUE_103796664,,False,1,5
B,1188,103796660,B_UNIQUE_103796660,,False,1,4
B,1189,103796743,B_UNIQUE_103796743,,False,1,3
B,1190,103673812,B_UNIQUE_103673812,,False,1,1
B,1191,100849422,B_UNIQUE_100849422,,False,1,1
B,1192,102485274,B_UNIQUE_102485274,,False,1,3
B,1193,103699105,B_UNIQUE_103699105,,False,1,3
B,1194,103559688,B_UNIQUE_103559688,,False,1,4
B,1195,102107757,B_UNIQUE_102107757,,False,1,1
B,1196,103538432,B_UNIQUE_103538432,,False,1,3
B,1197,103494812,B_UNIQUE_103494812,,False,1,4
B,1198,103446079,B_UNIQUE_103446079,,False,1,5
B,1199,103690877,B_UNIQUE_103690877,,False,1,5
B,1200,103223072,B_RG_0008,B_RG_0008,True,2,2
B,1201,103470201,B_RG_0009,B_RG_0009,True,2,3
B,1202,103796653,B_UNIQUE_103796653,,False,1,5
B,1203,100309020,B_UNIQUE_100309020,,False,1,2
B,1204,102434884,B_UNIQUE_102434884,,False,1,4
B,1205,103727257,B_UNIQUE_103727257,,False,1,1
B,1206,103796542,B_UNIQUE_103796542,,False,1,3
B,1207,103796565,B_UNIQUE_103796565,,False,1,4
B,1208,103389817,B_UNIQUE_103389817,,False,1,1
B,1209,103260845,B_UNIQUE_103260845,,False,1,2
B,1210,103767080,B_UNIQUE_103767080,,False,1,1
B,1211,103764720,B_UNIQUE_103764720,,False,1,5
B,1212,102267563,B_UNIQUE_102267563,,False,1,3
B,1213,103796418,B_UNIQUE_103796418,,False,1,3
B,1214,102873781,B_UNIQUE_102873781,,False,1,3
B,1215,102841105,B_UNIQUE_102841105,,False,1,2
B,1216,102989220,B_UNIQUE_102989220,,False,1,4
B,1217,102097200,B_UNIQUE_102097200,,False,1,5
B,1218,100692333,B_UNIQUE_100692333,,False,1,1
B,1219,102272734,B_UNIQUE_102272734,,False,1,3
B,1220,100184788,B_UNIQUE_100184788,,False,1,4
B,1221,103796402,B_UNIQUE_103796402,,False,1,5
B,1222,103796444,B_UNIQUE_103796444,,False,1,5
B,1223,103685134,B_UNIQUE_103685134,,False,1,5
B,1224,103705936,B_UNIQUE_103705936,,False,1,4
B,1225,101536156,B_UNIQUE_101536156,,False,1,3
B,1226,103796353,B_UNIQUE_103796353,,False,1,1
B,1227,103796349,B_UNIQUE_103796349,,False,1,4
B,1228,103127725,B_UNIQUE_103127725,,False,1,1
B,1229,103025400,B_UNIQUE_103025400,,False,1,4
B,1230,102198088,B_UNIQUE_102198088,,False,1,4
B,1231,101325789,B_UNIQUE_101325789,,False,1,1
B,1232,103643157,B_UNIQUE_103643157,,False,1,4
B,1233,103796395,B_UNIQUE_103796395,,False,1,5
B,1234,102808479,B_UNIQUE_102808479,,False,1,5
B,1235,102510692,B_UNIQUE_102510692,,False,1,4
B,1236,100499344,B_UNIQUE_100499344,,False,1,2
B,1237,102614705,B_UNIQUE_102614705,,False,1,1
B,1238,103796380,B_UNIQUE_103796380,,False,1,2
B,1239,103050834,B_UNIQUE_103050834,,False,1,2
B,1240,103570806,B_UNIQUE_103570806,,False,1,4
B,1241,103520779,B_UNIQUE_103520779,,False,1,2
B,1242,99968757,B_UNIQUE_99968757,,False,1,2
B,1243,103014181,B_UNIQUE_103014181,,False,1,4
B,1244,100249876,B_UNIQUE_100249876,,False,1,1
B,1245,98560819,B_UNIQUE_98560819,,False,1,1
B,1246,97025172,B_UNIQUE_97025172,,False,1,5
B,1247,103796223,B_UNIQUE_103796223,,False,1,5
B,1248,103796197,B_UNIQUE_103796197,,False,1,2
B,1249,103536109,B_UNIQUE_103536109,,False,1,4
B,1250,103796315,B_UNIQUE_103796315,,False,1,1
B,1251,102874865,B_UNIQUE_102874865,,False,1,2
B,1252,103105437,B_UNIQUE_103105437,,False,1,1
B,1253,103796311,B_UNIQUE_103796311,,False,1,1
B,1254,103796162,B_RG_0003,B_RG_0003,True,2,3
B,1255,103796304,B_UNIQUE_103796304,,False,1,3
B,1256,103796303,B_UNIQUE_103796303,,False,1,1
B,1257,103438937,B_UNIQUE_103438937,,False,1,2
B,1258,103796293,B_UNIQUE_103796293,,False,1,5
B,1259,103001429,B_UNIQUE_103001429,,False,1,2
B,1260,103605382,B_UNIQUE_103605382,,False,1,4
B,1261,100543136,B_UNIQUE_100543136,,False,1,4
B,1262,103796024,B_UNIQUE_103796024,,False,1,2
B,1263,103796139,B_UNIQUE_103796139,,False,1,4
B,1264,103796014,B_UNIQUE_103796014,,False,1,2
B,1265,103686605,B_UNIQUE_103686605,,False,1,5
B,1266,103750149,B_UNIQUE_103750149,,False,1,3
B,1267,102482545,B_UNIQUE_102482545,,False,1,1
B,1268,103796092,B_UNIQUE_103796092,,False,1,3
B,1269,94760102,B_UNIQUE_94760102,,False,1,3
B,1270,100727490,B_UNIQUE_100727490,,False,1,4
B,1271,101981935,B_UNIQUE_101981935,,False,1,2
B,1272,102091178,B_UNIQUE_102091178,,False,1,1
B,1273,99704979,B_UNIQUE_99704979,,False,1,4
B,1274,102654288,B_UNIQUE_102654288,,False,1,4
B,1275,103795950,B_UNIQUE_103795950,,False,1,4
B,1276,103308799,B_UNIQUE_103308799,,False,1,5
B,1277,103795930,B_UNIQUE_103795930,,False,1,4
B,1278,103245620,B_UNIQUE_103245620,,False,1,3
B,1279,101972175,B_UNIQUE_101972175,,False,1,4
B,1280,102907672,B_UNIQUE_102907672,,False,1,2
B,1281,103442297,B_UNIQUE_103442297,,False,1,4
B,1282,103795891,B_UNIQUE_103795891,,False,1,2
B,1283,101629550,B_UNIQUE_101629550,,False,1,4
B,1284,103339072,B_UNIQUE_103339072,,False,1,4
B,1285,103795815,B_UNIQUE_103795815,,False,1,1
B,1286,103795802,B_UNIQUE_103795802,,False,1,5
B,1287,103698354,B_UNIQUE_103698354,,False,1,3
B,1288,95706905,B_UNIQUE_95706905,,False,1,3
B,1289,103795799,B_UNIQUE_103795799,,False,1,2
B,1290,98860442,B_UNIQUE_98860442,,False,1,4
B,1291,103252600,B_UNIQUE_103252600,,False,1,4
B,1292,103795699,B_UNIQUE_103795699,,False,1,4
B,1293,103795697,B_UNIQUE_103795697,,False,1,1
B,1294,103449900,B_UNIQUE_103449900,,False,1,3
B,1295,103359755,B_UNIQUE_103359755,,False,1,4
B,1296,103795669,B_UNIQUE_103795669,,False,1,3
B,1297,103456523,B_UNIQUE_103456523,,False,1,5
B,1298,100414970,B_UNIQUE_100414970,,False,1,1
B,1299,103795631,B_UNIQUE_103795631,,False,1,2
B,1300,102424719,B_UNIQUE_102424719,,False,1,2
B,1301,102424761,B_UNIQUE_102424761,,False,1,5
B,1302,103601526,B_UNIQUE_103601526,,False,1,1
B,1303,103501945,B_UNIQUE_103501945,,False,1,3
B,1304,103795578,B_UNIQUE_103795578,,False,1,2
B,1305,103795519,B_UNIQUE_103795519,,False,1,2
B,1306,103795515,B_UNIQUE_103795515,,False,1,3
B,1307,103795393,B_UNIQUE_103795393,,False,1,2
B,1308,102084307,B_UNIQUE_102084307,,False,1,4
B,1309,102083191,B_UNIQUE_102083191,,False,1,3
B,1310,102860545,B_UNIQUE_102860545,,False,1,3
B,1311,103795460,B_UNIQUE_103795460,,False,1,4
B,1312,103795436,B_UNIQUE_103795436,,False,1,3
B,1313,103795360,B_RG_0011,B_RG_0011,True,2,4
B,1314,103795356,B_UNIQUE_103795356,,False,1,4
B,1315,102530014,B_UNIQUE_102530014,,False,1,5
B,1316,103795432,B_UNIQUE_103795432,,False,1,5
B,1317,103795413,B_UNIQUE_103795413,,False,1,1
B,1318,103729182,B_UNIQUE_103729182,,False,1,3
B,1319,101705724,B_UNIQUE_101705724,,False,1,3
B,1320,103795227,B_UNIQUE_103795227,,False,1,1
B,1321,102082460,B_UNIQUE_102082460,,False,1,2
B,1322,103795288,B_RG_0011,B_RG_0011,True,2,4
B,1323,103567545,B_UNIQUE_103567545,,False,1,4
B,1324,103795203,B_UNIQUE_103795203,,False,1,4
B,1325,103795185,B_UNIQUE_103795185,,False,1,1
B,1326,103795266,B_UNIQUE_103795266,,False,1,1
B,1327,100985420,B_UNIQUE_100985420,,False,1,4
B,1328,103350530,B_UNIQUE_103350530,,False,1,1
B,1329,103187946,B_UNIQUE_103187946,,False,1,5
B,1330,103089105,B_UNIQUE_103089105,,False,1,3
B,1331,101517371,B_UNIQUE_101517371,,False,1,1
B,1332,103795120,B_UNIQUE_103795120,,False,1,1
B,1333,103795110,B_UNIQUE_103795110,,False,1,3
B,1334,103795107,B_UNIQUE_103795107,,False,1,1
B,1335,103795176,B_UNIQUE_103795176,,False,1,4
B,1336,103795096,B_UNIQUE_103795096,,False,1,4
B,1337,101672290,B_UNIQUE_101672290,,False,1,3
B,1338,101670291,B_UNIQUE_101670291,,False,1,5
B,1339,102882471,B_UNIQUE_102882471,,False,1,2
B,1340,103795148,B_UNIQUE_103795148,,False,1,5
B,1341,103795146,B_UNIQUE_103795146,,False,1,1
B,1342,103511282,B_UNIQUE_103511282,,False,1,3
B,1343,102621739,B_UNIQUE_102621739,,False,1,1
B,1344,103794979,B_UNIQUE_103794979,,False,1,3
B,1345,103794972,B_UNIQUE_103794972,,False,1,2
B,1346,103794936,B_UNIQUE_103794936,,False,1,5
B,1347,103794908,B_UNIQUE_103794908,,False,1,3
B,1348,102916819,B_UNIQUE_102916819,,False,1,5
B,1349,102916783,B_UNIQUE_102916783,,False,1,1
B,1350,103795068,B_UNIQUE_103795068,,False,1,3
B,1351,97151327,B_UNIQUE_97151327,,False,1,1
B,1352,103538515,B_UNIQUE_103538515,,False,1,3
B,1353,103794883,B_UNIQUE_103794883,,False,1,5
B,1354,103794878,B_UNIQUE_103794878,,False,1,5
B,1355,102905110,B_UNIQUE_102905110,,False,1,5
B,1356,102905091,B_UNIQUE_102905091,,False,1,4
B,1357,102889785,B_UNIQUE_102889785,,False,1,5
B,1358,102889632,B_UNIQUE_102889632,,False,1,1
B,1359,102889068,B_UNIQUE_102889068,,False,1,2
B,1360,102889006,B_UNIQUE_102889006,,False,1,2
B,1361,103795029,B_UNIQUE_103795029,,False,1,2
B,1362,103795016,B_UNIQUE_103795016,,False,1,5
B,1363,103795013,B_UNIQUE_103795013,,False,1,3
B,1364,101837463,B_UNIQUE_101837463,,False,1,1
B,1365,103040014,B_UNIQUE_103040014,,False,1,3
B,1366,102843087,B_UNIQUE_102843087,,False,1,3
B,1367,103794729,B_UNIQUE_103794729,,False,1,4
B,1368,103794705,B_UNIQUE_103794705,,False,1,5
B,1369,103794834,B_UNIQUE_103794834,,False,1,2
B,1370,103794832,B_UNIQUE_103794832,,False,1,1
B,1371,103794818,B_UNIQUE_103794818,,False,1,5
B,1372,92387411,B_UNIQUE_92387411,,False,1,3
B,1373,103794803,B_UNIQUE_103794803,,False,1,1
B,1374,103794786,B_UNIQUE_103794786,,False,1,4
B,1375,102297326,B_UNIQUE_102297326,,False,1,3
B,1376,103740282,B_UNIQUE_103740282,,False,1,5
B,1377,103599839,B_UNIQUE_103599839,,False,1,3
B,1378,103794505,B_UNIQUE_103794505,,False,1,4
B,1379,103794501,B_UNIQUE_103794501,,False,1,4
B,1380,97828616,B_UNIQUE_97828616,,False,1,1
B,1381,103794477,B_UNIQUE_103794477,,False,1,4
B,1382,103794465,B_UNIQUE_103794465,,False,1,2
B,1383,103794442,B_UNIQUE_103794442,,False,1,1
B,1384,101448663,B_UNIQUE_101448663,,False,1,2
B,1385,103794493,B_UNIQUE_103794493,,False,1,2
B,1386,103794636,B_UNIQUE_103794636,,False,1,2
B,1387,103794620,B_UNIQUE_103794620,,False,1,5
B,1388,103794616,B_UNIQUE_103794616,,False,1,4
B,1389,101970117,B_UNIQUE_101970117,,False,1,2
B,1390,103794402,B_UNIQUE_103794402,,False,1,2
B,1391,103794426,B_UNIQUE_103794426,,False,1,4
B,1392,96105459,B_UNIQUE_96105459,,False,1,3
B,1393,103401180,B_UNIQUE_103401180,,False,1,3
B,1394,103719422,B_UNIQUE_103719422,,False,1,3
B,1395,103420274,B_UNIQUE_103420274,,False,1,2
B,1396,103653183,B_UNIQUE_103653183,,False,1,5
B,1397,103653397,B_UNIQUE_103653397,,False,1,5
B,1398,103653399,B_UNIQUE_103653399,,False,1,1
B,1399,103653413,B_UNIQUE_103653413,,False,1,4
B,1400,103794387,B_UNIQUE_103794387,,False,1,5
B,1401,103794219,B_UNIQUE_103794219,,False,1,4
B,1402,102762016,B_UNIQUE_102762016,,False,1,3
B,1403,103727115,B_UNIQUE_103727115,,False,1,2
B,1404,103073311,B_UNIQUE_103073311,,False,1,2
B,1405,103031827,B_UNIQUE_103031827,,False,1,5
B,1406,103794347,B_UNIQUE_103794347,,False,1,5
B,1407,97835915,B_UNIQUE_97835915,,False,1,4
B,1408,97833112,B_UNIQUE_97833112,,False,1,5
B,1409,103794328,B_UNIQUE_103794328,,False,1,3
B,1410,97831618,B_UNIQUE_97831618,,False,1,5
B,1411,101833545,B_UNIQUE_101833545,,False,1,2
B,1412,102820417,B_UNIQUE_102820417,,False,1,1
B,1413,100498095,B_UNIQUE_100498095,,False,1,3
B,1414,102820433,B_UNIQUE_102820433,,False,1,3
B,1415,102820395,B_UNIQUE_102820395,,False,1,3
B,1416,102820397,B_UNIQUE_102820397,,False,1,4
B,1417,95161540,B_UNIQUE_95161540,,False,1,3
B,1418,103464980,B_UNIQUE_103464980,,False,1,5
B,1419,102827644,B_UNIQUE_102827644,,False,1,2
B,1420,103653187,B_UNIQUE_103653187,,False,1,1
B,1421,101624781,B_UNIQUE_101624781,,False,1,4
B,1422,102850319,B_UNIQUE_102850319,,False,1,4
B,1423,102507531,B_UNIQUE_102507531,,False,1,4
B,1424,103188233,B_UNIQUE_103188233,,False,1,3
B,1425,102883481,B_UNIQUE_102883481,,False,1,3
B,1426,103073088,B_UNIQUE_103073088,,False,1,5
B,1427,103204071,B_UNIQUE_103204071,,False,1,4
B,1428,103793977,B_UNIQUE_103793977,,False,1,5
B,1429,102059971,B_UNIQUE_102059971,,False,1,2
B,1430,101823513,B_UNIQUE_101823513,,False,1,1
B,1431,103794049,B_UNIQUE_103794049,,False,1,3
B,1432,103793928,B_UNIQUE_103793928,,False,1,1
B,1433,103793924,B_UNIQUE_103793924,,False,1,2
B,1434,98072812,B_UNIQUE_98072812,,False,1,3
B,1435,103793938,B_UNIQUE_103793938,,False,1,5
B,1436,103793936,B_UNIQUE_103793936,,False,1,5
B,1437,102820446,B_UNIQUE_102820446,,False,1,4
B,1438,102820176,B_UNIQUE_102820176,,False,1,2
B,1439,102820169,B_UNIQUE_102820169,,False,1,2
B,1440,102820476,B_UNIQUE_102820476,,False,1,1
B,1441,102820448,B_UNIQUE_102820448,,False,1,3
B,1442,100511965,B_UNIQUE_100511965,,False,1,4
B,1443,103432147,B_UNIQUE_103432147,,False,1,2
B,1444,103794018,B_UNIQUE_103794018,,False,1,4
B,1445,103219662,B_UNIQUE_103219662,,False,1,2
B,1446,103066708,B_UNIQUE_103066708,,False,1,4
B,1447,95697568,B_UNIQUE_95697568,,False,1,5
B,1448,103081545,B_UNIQUE_103081545,,False,1,5
B,1449,103200597,B_UNIQUE_103200597,,False,1,4
B,1450,101624824,B_UNIQUE_101624824,,False,1,4
B,1451,101624705,B_UNIQUE_101624705,,False,1,1
B,1452,103448748,B_UNIQUE_103448748,,False,1,1
B,1453,103793700,B_UNIQUE_103793700,,False,1,2
B,1454,103793763,B_UNIQUE_103793763,,False,1,4
B,1455,103793762,B_UNIQUE_103793762,,False,1,3
B,1456,103793742,B_UNIQUE_103793742,,False,1,4
B,1457,101673194,B_UNIQUE_101673194,,False,1,2
B,1458,102464025,B_UNIQUE_102464025,,False,1,2
B,1459,103356717,B_UNIQUE_103356717,,False,1,2
B,1460,102464037,B_UNIQUE_102464037,,False,1,5
B,1461,103282764,B_UNIQUE_103282764,,False,1,1
B,1462,102881026,B_UNIQUE_102881026,,False,1,4
B,1463,101960777,B_UNIQUE_101960777,,False,1,1
B,1464,102880636,B_UNIQUE_102880636,,False,1,2
B,1465,102881017,B_UNIQUE_102881017,,False,1,5
B,1466,101960781,B_UNIQUE_101960781,,False,1,5
B,1467,102882132,B_UNIQUE_102882132,,False,1,2
B,1468,102892430,B_UNIQUE_102892430,,False,1,2
B,1469,102892432,B_UNIQUE_102892432,,False,1,2
B,1470,103551285,B_UNIQUE_103551285,,False,1,4
B,1471,102894373,B_UNIQUE_102894373,,False,1,2
B,1472,102882136,B_UNIQUE_102882136,,False,1,1
B,1473,102894376,B_UNIQUE_102894376,,False,1,3
B,1474,102882138,B_UNIQUE_102882138,,False,1,5
B,1475,102881313,B_UNIQUE_102881313,,False,1,5
B,1476,101960423,B_RG_0012,B_RG_0012,True,2,5
B,1477,102820450,B_UNIQUE_102820450,,False,1,4
B,1478,102820649,B_UNIQUE_102820649,,False,1,5
B,1479,103793824,B_UNIQUE_103793824,,False,1,1
B,1480,102159640,B_UNIQUE_102159640,,False,1,4
B,1481,102468626,B_UNIQUE_102468626,,False,1,2
B,1482,103624230,B_UNIQUE_103624230,,False,1,1
B,1483,102893089,B_UNIQUE_102893089,,False,1,1
B,1484,102199142,B_UNIQUE_102199142,,False,1,1
B,1485,101499810,B_UNIQUE_101499810,,False,1,1
B,1486,103714789,B_UNIQUE_103714789,,False,1,4
B,1487,103356674,B_UNIQUE_103356674,,False,1,2
B,1488,103301164,B_UNIQUE_103301164,,False,1,5
B,1489,103390061,B_UNIQUE_103390061,,False,1,3
B,1490,101624732,B_UNIQUE_101624732,,False,1,1
B,1491,102889904,B_UNIQUE_102889904,,False,1,3
B,1492,103793643,B_UNIQUE_103793643,,False,1,5
B,1493,103793473,B_UNIQUE_103793473,,False,1,3
B,1494,103793506,B_UNIQUE_103793506,,False,1,1
B,1495,103793496,B_UNIQUE_103793496,,False,1,3
B,1496,102904007,B_RG_0012,B_RG_0012,True,2,5
B,1497,102889893,B_UNIQUE_102889893,,False,1,5
B,1498,103489956,B_UNIQUE_103489956,,False,1,2
B,1499,103435132,B_UNIQUE_103435132,,False,1,3
B,1500,102741031,B_UNIQUE_102741031,,False,1,5
B,1501,102889874,B_UNIQUE_102889874,,False,1,1
B,1502,101763640,B_UNIQUE_101763640,,False,1,3
B,1503,102718298,B_UNIQUE_102718298,,False,1,5
B,1504,102717845,B_UNIQUE_102717845,,False,1,4
B,1505,103793587,B_UNIQUE_103793587,,False,1,3
B,1506,101989957,B_UNIQUE_101989957,,False,1,5
B,1507,103793534,B_UNIQUE_103793534,,False,1,1
B,1508,103113863,B_UNIQUE_103113863,,False,1,4
B,1509,103793455,B_UNIQUE_103793455,,False,1,5
B,1510,102906295,B_UNIQUE_102906295,,False,1,5
B,1511,103793234,B_UNIQUE_103793234,,False,1,5
B,1512,103793184,B_UNIQUE_103793184,,False,1,1
B,1513,102906287,B_UNIQUE_102906287,,False,1,1
B,1514,102400730,B_UNIQUE_102400730,,False,1,5
B,1515,103793204,B_UNIQUE_103793204,,False,1,2
B,1516,103793389,B_UNIQUE_103793389,,False,1,5
B,1517,103793385,B_UNIQUE_103793385,,False,1,5
B,1518,103573434,B_UNIQUE_103573434,,False,1,2
B,1519,103793364,B_UNIQUE_103793364,,False,1,3
B,1520,103793360,B_UNIQUE_103793360,,False,1,4
B,1521,102501000,B_UNIQUE_102501000,,False,1,4
B,1522,103485603,B_UNIQUE_103485603,,False,1,3
B,1523,102593827,B_UNIQUE_102593827,,False,1,2
B,1524,102500912,B_RG_0013,B_RG_0013,True,2,1
B,1525,101881452,B_UNIQUE_101881452,,False,1,4
B,1526,103793112,B_UNIQUE_103793112,,False,1,1
B,1527,103793109,B_UNIQUE_103793109,,False,1,3
B,1528,102887335,B_UNIQUE_102887335,,False,1,4
B,1529,102878384,B_UNIQUE_102878384,,False,1,1
B,1530,103793327,B_UNIQUE_103793327,,False,1,2
B,1531,100582129,B_UNIQUE_100582129,,False,1,1
B,1532,103793317,B_UNIQUE_103793317,,False,1,4
B,1533,103793316,B_UNIQUE_103793316,,False,1,3
B,1534,103793311,B_UNIQUE_103793311,,False,1,4
B,1535,100481760,B_UNIQUE_100481760,,False,1,3
B,1536,102886577,B_UNIQUE_102886577,,False,1,1
B,1537,103793285,B_UNIQUE_103793285,,False,1,2
B,1538,103793281,B_UNIQUE_103793281,,False,1,1
B,1539,103626074,B_UNIQUE_103626074,,False,1,1
B,1540,102878299,B_UNIQUE_102878299,,False,1,3
B,1541,103652137,B_UNIQUE_103652137,,False,1,5
B,1542,102776037,B_UNIQUE_102776037,,False,1,3
B,1543,101890860,B_UNIQUE_101890860,,False,1,1
B,1544,97543894,B_UNIQUE_97543894,,False,1,5
B,1545,103752445,B_UNIQUE_103752445,,False,1,4
B,1546,96426992,B_UNIQUE_96426992,,False,1,1
B,1547,103452020,B_UNIQUE_103452020,,False,1,4
B,1548,103452025,B_UNIQUE_103452025,,False,1,5
B,1549,103452017,B_UNIQUE_103452017,,False,1,1
B,1550,103452015,B_UNIQUE_103452015,,False,1,3
B,1551,98227923,B_UNIQUE_98227923,,False,1,2
B,1552,102903842,B_UNIQUE_102903842,,False,1,5
B,1553,102916673,B_UNIQUE_102916673,,False,1,4
B,1554,101880348,B_UNIQUE_101880348,,False,1,3
B,1555,103793098,B_UNIQUE_103793098,,False,1,5
B,1556,103792881,B_UNIQUE_103792881,,False,1,1
B,1557,103792843,B_UNIQUE_103792843,,False,1,3
B,1558,103462548,B_UNIQUE_103462548,,False,1,3
B,1559,103551709,B_UNIQUE_103551709,,False,1,5
B,1560,103793061,B_UNIQUE_103793061,,False,1,5
B,1561,102020919,B_UNIQUE_102020919,,False,1,1
B,1562,103485601,B_RG_0013,B_RG_0013,True,2,1
B,1563,103793045,B_UNIQUE_103793045,,False,1,2
B,1564,103248462,B_UNIQUE_103248462,,False,1,3
B,1565,103766881,B_UNIQUE_103766881,,False,1,1
B,1566,100264116,B_UNIQUE_100264116,,False,1,3
B,1567,103792792,B_UNIQUE_103792792,,False,1,4
B,1568,103792790,B_UNIQUE_103792790,,False,1,3
B,1569,103792781,B_UNIQUE_103792781,,False,1,5
B,1570,103792754,B_UNIQUE_103792754,,False,1,4
B,1571,102473857,B_UNIQUE_102473857,,False,1,3
B,1572,103792765,B_UNIQUE_103792765,,False,1,4
B,1573,103793005,B_UNIQUE_103793005,,False,1,3
B,1574,102234050,B_UNIQUE_102234050,,False,1,3
B,1575,103792979,B_UNIQUE_103792979,,False,1,2
B,1576,103792969,B_UNIQUE_103792969,,False,1,3
B,1577,103792968,B_UNIQUE_103792968,,False,1,5
B,1578,103792946,B_UNIQUE_103792946,,False,1,5
B,1579,103720640,B_UNIQUE_103720640,,False,1,1
B,1580,101890669,B_UNIQUE_101890669,,False,1,4
B,1581,103792865,B_UNIQUE_103792865,,False,1,2
B,1582,94945757,B_UNIQUE_94945757,,False,1,4
B,1583,102800814,B_UNIQUE_102800814,,False,1,1
B,1584,87127308,B_UNIQUE_87127308,,False,1,5
B,1585,102052469,B_UNIQUE_102052469,,False,1,4
B,1586,99627275,B_UNIQUE_99627275,,False,1,4
B,1587,101697554,B_UNIQUE_101697554,,False,1,3
B,1588,103789690,B_UNIQUE_103789690,,False,1,1
B,1589,103792718,B_UNIQUE_103792718,,False,1,2
B,1590,101969625,B_UNIQUE_101969625,,False,1,2
B,1591,101938509,B_UNIQUE_101938509,,False,1,4
B,1592,103792508,B_UNIQUE_103792508,,False,1,2
B,1593,103792452,B_UNIQUE_103792452,,False,1,3
B,1594,102911472,B_UNIQUE_102911472,,False,1,5
B,1595,102903095,B_UNIQUE_102903095,,False,1,2
B,1596,102903047,B_UNIQUE_102903047,,False,1,2
B,1597,102903014,B_UNIQUE_102903014,,False,1,2
B,1598,101894208,B_UNIQUE_101894208,,False,1,1
B,1599,103792474,B_UNIQUE_103792474,,False,1,5
B,1600,103792466,B_UNIQUE_103792466,,False,1,4
B,1601,102903141,B_UNIQUE_102903141,,False,1,1
B,1602,102452948,B_UNIQUE_102452948,,False,1,4
B,1603,103792686,B_UNIQUE_103792686,,False,1,1
B,1604,100896364,B_UNIQUE_100896364,,False,1,5
B,1605,100271479,B_UNIQUE_100271479,,False,1,1
B,1606,103792653,B_UNIQUE_103792653,,False,1,5
B,1607,103792649,B_UNIQUE_103792649,,False,1,1
B,1608,101895409,B_UNIQUE_101895409,,False,1,2
B,1609,103792631,B_UNIQUE_103792631,,False,1,1
B,1610,101969583,B_UNIQUE_101969583,,False,1,4
B,1611,101997138,B_UNIQUE_101997138,,False,1,1
B,1612,98859046,B_UNIQUE_98859046,,False,1,5
B,1613,100502825,B_UNIQUE_100502825,,False,1,1
B,1614,102856895,B_UNIQUE_102856895,,False,1,1
B,1615,102856891,B_UNIQUE_102856891,,False,1,4
B,1616,102883748,B_UNIQUE_102883748,,False,1,1
B,1617,103792599,B_UNIQUE_103792599,,False,1,5
B,1618,103792570,B_UNIQUE_103792570,,False,1,4
B,1619,103792559,B_UNIQUE_103792559,,False,1,3
B,1620,100924995,B_UNIQUE_100924995,,False,1,2
B,1621,95208072,B_UNIQUE_95208072,,False,1,1
B,1622,103041062,B_UNIQUE_103041062,,False,1,5
B,1623,101762518,B_UNIQUE_101762518,,False,1,2
B,1624,103637604,B_UNIQUE_103637604,,False,1,4
B,1625,103470225,B_UNIQUE_103470225,,False,1,1
B,1626,103658209,B_UNIQUE_103658209,,False,1,3
B,1627,103667423,B_UNIQUE_103667423,,False,1,4
B,1628,102314068,B_UNIQUE_102314068,,False,1,5
B,1629,103106401,B_UNIQUE_103106401,,False,1,5
B,1630,100481029,B_UNIQUE_100481029,,False,1,3
B,1631,102747048,B_UNIQUE_102747048,,False,1,1
B,1632,103610495,B_UNIQUE_103610495,,False,1,1
B,1633,103763228,B_UNIQUE_103763228,,False,1,1
B,1634,103792395,B_UNIQUE_103792395,,False,1,4
B,1635,99797644,B_UNIQUE_99797644,,False,1,2
B,1636,103792198,B_UNIQUE_103792198,,False,1,5
B,1637,103792181,B_UNIQUE_103792181,,False,1,4
B,1638,103792173,B_UNIQUE_103792173,,False,1,2
B,1639,102879544,B_UNIQUE_102879544,,False,1,2
B,1640,101933895,B_UNIQUE_101933895,,False,1,3
B,1641,103792366,B_UNIQUE_103792366,,False,1,5
B,1642,101005689,B_UNIQUE_101005689,,False,1,5
B,1643,103792363,B_UNIQUE_103792363,,False,1,3
B,1644,103792331,B_UNIQUE_103792331,,False,1,2
B,1645,103792329,B_UNIQUE_103792329,,False,1,5
B,1646,103665308,B_UNIQUE_103665308,,False,1,3
B,1647,102760831,B_UNIQUE_102760831,,False,1,3
B,1648,103173165,B_UNIQUE_103173165,,False,1,1
B,1649,103792298,B_UNIQUE_103792298,,False,1,1
B,1650,97315489,B_UNIQUE_97315489,,False,1,3
B,1651,103315726,B_UNIQUE_103315726,,False,1,1
B,1652,103289990,B_UNIQUE_103289990,,False,1,3
B,1653,103748225,B_UNIQUE_103748225,,False,1,2
B,1654,103190909,B_UNIQUE_103190909,,False,1,1
B,1655,103738015,B_UNIQUE_103738015,,False,1,5
B,1656,103792147,B_UNIQUE_103792147,,False,1,3
B,1657,103792141,B_UNIQUE_103792141,,False,1,4
B,1658,103792137,B_UNIQUE_103792137,,False,1,2
B,1659,103792169,B_UNIQUE_103792169,,False,1,5
B,1660,103792167,B_UNIQUE_103792167,,False,1,4
B,1661,103738707,B_UNIQUE_103738707,,False,1,3
B,1662,103732912,B_UNIQUE_103732912,,False,1,3
B,1663,103737795,B_UNIQUE_103737795,,False,1,3
B,1664,103792293,B_UNIQUE_103792293,,False,1,2
B,1665,103729534,B_UNIQUE_103729534,,False,1,5
B,1666,103669851,B_UNIQUE_103669851,,False,1,2
B,1667,103735897,B_UNIQUE_103735897,,False,1,5
B,1668,103637655,B_UNIQUE_103637655,,False,1,4
B,1669,103728442,B_UNIQUE_103728442,,False,1,3
B,1670,103352777,B_UNIQUE_103352777,,False,1,3
B,1671,103239594,B_UNIQUE_103239594,,False,1,4
B,1672,102428144,B_UNIQUE_102428144,,False,1,2
B,1673,103792274,B_UNIQUE_103792274,,False,1,5
B,1674,102559387,B_UNIQUE_102559387,,False,1,2
B,1675,103732345,B_UNIQUE_103732345,,False,1,1
B,1676,103518842,B_UNIQUE_103518842,,False,1,4
B,1677,103730142,B_UNIQUE_103730142,,False,1,5
B,1678,103730518,B_UNIQUE_103730518,,False,1,3
B,1679,103730003,B_UNIQUE_103730003,,False,1,1
B,1680,103734787,B_UNIQUE_103734787,,False,1,1
B,1681,103519551,B_UNIQUE_103519551,,False,1,5
B,1682,103502119,B_UNIQUE_103502119,,False,1,5
B,1683,103727934,B_UNIQUE_103727934,,False,1,1
B,1684,103792252,B_UNIQUE_103792252,,False,1,1
B,1685,103700639,B_UNIQUE_103700639,,False,1,3
B,1686,95070175,B_UNIQUE_95070175,,False,1,1
B,1687,103707767,B_UNIQUE_103707767,,False,1,4
B,1688,103792241,B_UNIQUE_103792241,,False,1,2
B,1689,103728312,B_UNIQUE_103728312,,False,1,4
B,1690,103792238,B_UNIQUE_103792238,,False,1,3
B,1691,103564933,B_UNIQUE_103564933,,False,1,2
B,1692,103652972,B_UNIQUE_103652972,,False,1,2
B,1693,103141584,B_UNIQUE_103141584,,False,1,5
B,1694,103658514,B_UNIQUE_103658514,,False,1,3
B,1695,101025143,B_UNIQUE_101025143,,False,1,2
B,1696,103490096,B_UNIQUE_103490096,,False,1,5
B,1697,103500625,B_UNIQUE_103500625,,False,1,4
B,1698,99312797,B_UNIQUE_99312797,,False,1,1
B,1699,103792131,B_UNIQUE_103792131,,False,1,5
B,1700,103791973,B_UNIQUE_103791973,,False,1,3
B,1701,103792009,B_UNIQUE_103792009,,False,1,4
B,1702,103792002,B_RG_0014,B_RG_0014,True,2,3
B,1703,97952413,B_UNIQUE_97952413,,False,1,3
B,1704,103792126,B_UNIQUE_103792126,,False,1,4
B,1705,101150862,B_UNIQUE_101150862,,False,1,4
B,1706,103792109,B_UNIQUE_103792109,,False,1,4
B,1707,103792101,B_UNIQUE_103792101,,False,1,4
B,1708,103792095,B_UNIQUE_103792095,,False,1,4
B,1709,102038314,B_UNIQUE_102038314,,False,1,3
B,1710,103792086,B_UNIQUE_103792086,,False,1,3
B,1711,101978840,B_UNIQUE_101978840,,False,1,4
B,1712,103792075,B_UNIQUE_103792075,,False,1,1
B,1713,103792072,B_UNIQUE_103792072,,False,1,2
B,1714,103457730,B_UNIQUE_103457730,,False,1,3
B,1715,103791961,B_UNIQUE_103791961,,False,1,2
B,1716,103791948,B_UNIQUE_103791948,,False,1,4
B,1717,103792067,B_UNIQUE_103792067,,False,1,5
B,1718,100913483,B_UNIQUE_100913483,,False,1,2
B,1719,103369412,B_UNIQUE_103369412,,False,1,3
B,1720,103173867,B_UNIQUE_103173867,,False,1,4
B,1721,103479235,B_UNIQUE_103479235,,False,1,3
B,1722,103388580,B_UNIQUE_103388580,,False,1,3
B,1723,102449529,B_UNIQUE_102449529,,False,1,2
B,1724,103792053,B_UNIQUE_103792053,,False,1,1
B,1725,102291499,B_UNIQUE_102291499,,False,1,3
B,1726,103792046,B_UNIQUE_103792046,,False,1,2
B,1727,103792038,B_UNIQUE_103792038,,False,1,4
B,1728,100931742,B_UNIQUE_100931742,,False,1,1
B,1729,103792030,B_UNIQUE_103792030,,False,1,4
B,1730,103123118,B_UNIQUE_103123118,,False,1,4
B,1731,102333874,B_UNIQUE_102333874,,False,1,2
B,1732,102588405,B_UNIQUE_102588405,,False,1,1
B,1733,103485585,B_UNIQUE_103485585,,False,1,3
B,1734,102079455,B_UNIQUE_102079455,,False,1,3
B,1735,103695799,B_UNIQUE_103695799,,False,1,3
B,1736,103464729,B_UNIQUE_103464729,,False,1,2
B,1737,100445237,B_UNIQUE_100445237,,False,1,2
B,1738,102822588,B_UNIQUE_102822588,,False,1,2
B,1739,103791797,B_UNIQUE_103791797,,False,1,4
B,1740,103412167,B_UNIQUE_103412167,,False,1,2
B,1741,103791934,B_UNIQUE_103791934,,False,1,5
B,1742,92713426,B_UNIQUE_92713426,,False,1,5
B,1743,103791779,B_UNIQUE_103791779,,False,1,5
B,1744,103791777,B_UNIQUE_103791777,,False,1,3
B,1745,103791776,B_UNIQUE_103791776,,False,1,2
B,1746,103791765,B_UNIQUE_103791765,,False,1,4
B,1747,103791750,B_UNIQUE_103791750,,False,1,4
B,1748,102893752,B_UNIQUE_102893752,,False,1,4
B,1749,103791793,B_UNIQUE_103791793,,False,1,5
B,1750,103461517,B_UNIQUE_103461517,,False,1,3
B,1751,95030334,B_UNIQUE_95030334,,False,1,1
B,1752,85487683,B_UNIQUE_85487683,,False,1,1
B,1753,103628532,B_UNIQUE_103628532,,False,1,1
B,1754,103791874,B_UNIQUE_103791874,,False,1,1
B,1755,92003273,B_UNIQUE_92003273,,False,1,4
B,1756,103791709,B_UNIQUE_103791709,,False,1,5
B,1757,103791707,B_UNIQUE_103791707,,False,1,2
B,1758,103791734,B_UNIQUE_103791734,,False,1,3
B,1759,103791869,B_UNIQUE_103791869,,False,1,2
B,1760,103740800,B_UNIQUE_103740800,,False,1,3
B,1761,103791864,B_UNIQUE_103791864,,False,1,2
B,1762,103791854,B_UNIQUE_103791854,,False,1,5
B,1763,103791845,B_UNIQUE_103791845,,False,1,4
B,1764,102754696,B_UNIQUE_102754696,,False,1,2
B,1765,103791818,B_UNIQUE_103791818,,False,1,2
B,1766,103347573,B_UNIQUE_103347573,,False,1,3
B,1767,102588406,B_UNIQUE_102588406,,False,1,3
B,1768,101652348,B_UNIQUE_101652348,,False,1,5
B,1769,103791808,B_UNIQUE_103791808,,False,1,4
B,1770,103621456,B_UNIQUE_103621456,,False,1,2
B,1771,103791562,B_UNIQUE_103791562,,False,1,5
B,1772,102968238,B_UNIQUE_102968238,,False,1,5
B,1773,103634450,B_UNIQUE_103634450,,False,1,2
B,1774,101975367,B_UNIQUE_101975367,,False,1,4
B,1775,103791691,B_UNIQUE_103791691,,False,1,1
B,1776,97456389,B_UNIQUE_97456389,,False,1,2
B,1777,103791681,B_UNIQUE_103791681,,False,1,2
B,1778,102835208,B_UNIQUE_102835208,,False,1,1
B,1779,100723840,B_UNIQUE_100723840,,False,1,1
B,1780,99785850,B_UNIQUE_99785850,,False,1,2
B,1781,102383904,B_UNIQUE_102383904,,False,1,1
B,1782,102906044,B_UNIQUE_102906044,,False,1,4
B,1783,103791668,B_UNIQUE_103791668,,False,1,3
B,1784,103791666,B_UNIQUE_103791666,,False,1,2
B,1785,101830324,B_UNIQUE_101830324,,False,1,5
B,1786,103791661,B_UNIQUE_103791661,,False,1,3
B,1787,103791654,B_UNIQUE_103791654,,False,1,3
B,1788,103071710,B_UNIQUE_103071710,,False,1,5
B,1789,103791652,B_UNIQUE_103791652,,False,1,2
B,1790,101278339,B_UNIQUE_101278339,,False,1,3
B,1791,103791635,B_UNIQUE_103791635,,False,1,4
B,1792,103694365,B_UNIQUE_103694365,,False,1,2
B,1793,103791396,B_UNIQUE_103791396,,False,1,5
B,1794,103791624,B_UNIQUE_103791624,,False,1,5
B,1795,86318472,B_UNIQUE_86318472,,False,1,5
B,1796,103538407,B_UNIQUE_103538407,,False,1,5
B,1797,102681253,B_UNIQUE_102681253,,False,1,3
B,1798,103068119,B_UNIQUE_103068119,,False,1,2
B,1799,103791594,B_UNIQUE_103791594,,False,1,2
B,1800,103791592,B_UNIQUE_103791592,,False,1,3
B,1801,102587559,B_UNIQUE_102587559,,False,1,3
B,1802,102302792,B_UNIQUE_102302792,,False,1,1
B,1803,103427019,B_UNIQUE_103427019,,False,1,1
B,1804,103713277,B_UNIQUE_103713277,,False,1,3
B,1805,102164246,B_UNIQUE_102164246,,False,1,2
B,1806,102958432,B_UNIQUE_102958432,,False,1,3
B,1807,103770527,B_UNIQUE_103770527,,False,1,2
B,1808,99320652,B_UNIQUE_99320652,,False,1,2
B,1809,101888749,B_UNIQUE_101888749,,False,1,2
B,1810,92817548,B_UNIQUE_92817548,,False,1,1
B,1811,101889227,B_UNIQUE_101889227,,False,1,1
B,1812,103214657,B_UNIQUE_103214657,,False,1,3
B,1813,103791374,B_UNIQUE_103791374,,False,1,2
B,1814,103689427,B_UNIQUE_103689427,,False,1,4
B,1815,101187396,B_UNIQUE_101187396,,False,1,1
B,1816,103791353,B_UNIQUE_103791353,,False,1,1
B,1817,103791198,B_UNIQUE_103791198,,False,1,5
B,1818,102348665,B_UNIQUE_102348665,,False,1,3
B,1819,103791217,B_UNIQUE_103791217,,False,1,5
B,1820,103791338,B_UNIQUE_103791338,,False,1,4
B,1821,103150150,B_UNIQUE_103150150,,False,1,1
B,1822,102988049,B_UNIQUE_102988049,,False,1,4
B,1823,101987861,B_UNIQUE_101987861,,False,1,1
B,1824,103791160,B_RG_0014,B_RG_0014,True,2,3
B,1825,103791154,B_UNIQUE_103791154,,False,1,3
B,1826,103791129,B_UNIQUE_103791129,,False,1,1
B,1827,102768584,B_UNIQUE_102768584,,False,1,4
B,1828,102568234,B_UNIQUE_102568234,,False,1,4
B,1829,103791297,B_UNIQUE_103791297,,False,1,4
B,1830,103791296,B_UNIQUE_103791296,,False,1,3
B,1831,103791288,B_UNIQUE_103791288,,False,1,5
B,1832,103791287,B_UNIQUE_103791287,,False,1,3
B,1833,102900624,B_UNIQUE_102900624,,False,1,5
B,1834,102900042,B_UNIQUE_102900042,,False,1,2
B,1835,102900034,B_UNIQUE_102900034,,False,1,5
B,1836,101531112,B_UNIQUE_101531112,,False,1,3
B,1837,103791271,B_UNIQUE_103791271,,False,1,2
B,1838,101513680,B_UNIQUE_101513680,,False,1,4
B,1839,103253282,B_UNIQUE_103253282,,False,1,1
B,1840,103331391,B_UNIQUE_103331391,,False,1,3
B,1841,103791254,B_UNIQUE_103791254,,False,1,5
B,1842,99060601,B_UNIQUE_99060601,,False,1,1
B,1843,103302624,B_UNIQUE_103302624,,False,1,2
B,1844,99062291,B_UNIQUE_99062291,,False,1,2
B,1845,101645655,B_UNIQUE_101645655,,False,1,4
B,1846,101645678,B_UNIQUE_101645678,,False,1,4
B,1847,101848068,B_UNIQUE_101848068,,False,1,5
B,1848,101645434,B_UNIQUE_101645434,,False,1,1
B,1849,101984721,B_UNIQUE_101984721,,False,1,3
B,1850,101984712,B_UNIQUE_101984712,,False,1,4
B,1851,100701657,B_UNIQUE_100701657,,False,1,5
B,1852,101816977,B_UNIQUE_101816977,,False,1,4
B,1853,101984714,B_UNIQUE_101984714,,False,1,2
B,1854,101862249,B_UNIQUE_101862249,,False,1,3
B,1855,101862370,B_UNIQUE_101862370,,False,1,3
B,1856,103354341,B_UNIQUE_103354341,,False,1,4
B,1857,102186273,B_UNIQUE_102186273,,False,1,3
B,1858,103638368,B_UNIQUE_103638368,,False,1,4
B,1859,103638367,B_UNIQUE_103638367,,False,1,5
B,1860,103436724,B_UNIQUE_103436724,,False,1,3
B,1861,103790822,B_UNIQUE_103790822,,False,1,4
B,1862,103790789,B_UNIQUE_103790789,,False,1,4
B,1863,103791025,B_UNIQUE_103791025,,False,1,4
B,1864,103790673,B_UNIQUE_103790673,,False,1,4
B,1865,103790703,B_UNIQUE_103790703,,False,1,1
B,1866,103790693,B_UNIQUE_103790693,,False,1,3
B,1867,103790692,B_UNIQUE_103790692,,False,1,4
B,1868,103372856,B_UNIQUE_103372856,,False,1,2
B,1869,102783369,B_UNIQUE_102783369,,False,1,2
B,1870,103790933,B_UNIQUE_103790933,,False,1,3
B,1871,100598613,B_UNIQUE_100598613,,False,1,2
B,1872,103316101,B_UNIQUE_103316101,,False,1,1
B,1873,103314204,B_UNIQUE_103314204,,False,1,2
B,1874,102987584,B_UNIQUE_102987584,,False,1,1
B,1875,103399608,B_UNIQUE_103399608,,False,1,5
B,1876,103628756,B_UNIQUE_103628756,,False,1,3
B,1877,99053367,B_UNIQUE_99053367,,False,1,1
B,1878,103470204,B_UNIQUE_103470204,,False,1,4
B,1879,103245262,B_RG_0015,B_RG_0015,True,2,1
B,1880,103245254,B_RG_0015,B_RG_0015,True,2,1
B,1881,102285926,B_UNIQUE_102285926,,False,1,4
B,1882,103790238,B_UNIQUE_103790238,,False,1,1
B,1883,103790324,B_UNIQUE_103790324,,False,1,1
B,1884,103790302,B_UNIQUE_103790302,,False,1,4
B,1885,102549734,B_UNIQUE_102549734,,False,1,2
B,1886,103790563,B_UNIQUE_103790563,,False,1,2
B,1887,103790558,B_UNIQUE_103790558,,False,1,1
B,1888,103758671,B_RG_0016,B_RG_0016,True,3,4
B,1889,103790549,B_UNIQUE_103790549,,False,1,5
B,1890,103790546,B_UNIQUE_103790546,,False,1,3
B,1891,102894595,B_UNIQUE_102894595,,False,1,1
B,1892,103790522,B_UNIQUE_103790522,,False,1,3
B,1893,103790119,B_UNIQUE_103790119,,False,1,5
B,1894,99371865,B_UNIQUE_99371865,,False,1,1
B,1895,101589350,B_UNIQUE_101589350,,False,1,3
B,1896,102669171,B_UNIQUE_102669171,,False,1,5
B,1897,102483884,B_UNIQUE_102483884,,False,1,3
B,1898,101812621,B_UNIQUE_101812621,,False,1,1
B,1899,103471564,B_UNIQUE_103471564,,False,1,5
B,1900,103583113,B_UNIQUE_103583113,,False,1,2
B,1901,103075737,B_UNIQUE_103075737,,False,1,5
B,1902,103790452,B_UNIQUE_103790452,,False,1,3
B,1903,103790400,B_UNIQUE_103790400,,False,1,1
B,1904,103655710,B_UNIQUE_103655710,,False,1,4
B,1905,100892637,B_UNIQUE_100892637,,False,1,3
B,1906,103789800,B_UNIQUE_103789800,,False,1,5
B,1907,103789773,B_UNIQUE_103789773,,False,1,3
B,1908,103245282,B_UNIQUE_103245282,,False,1,4
B,1909,92973147,B_UNIQUE_92973147,,False,1,3
B,1910,103790073,B_UNIQUE_103790073,,False,1,2
B,1911,103789731,B_UNIQUE_103789731,,False,1,2
B,1912,103789713,B_UNIQUE_103789713,,False,1,1
B,1913,103790053,B_UNIQUE_103790053,,False,1,5
B,1914,103790048,B_UNIQUE_103790048,,False,1,4
B,1915,103763890,B_UNIQUE_103763890,,False,1,5
B,1916,103596327,B_UNIQUE_103596327,,False,1,3
B,1917,103553140,B_UNIQUE_103553140,,False,1,5
B,1918,103790037,B_UNIQUE_103790037,,False,1,2
B,1919,103790035,B_UNIQUE_103790035,,False,1,5
B,1920,103790031,B_RG_0017,B_RG_0017,True,2,5
B,1921,103790007,B_UNIQUE_103790007,,False,1,1
B,1922,96882028,B_UNIQUE_96882028,,False,1,2
B,1923,102385914,B_UNIQUE_102385914,,False,1,2
B,1924,103758407,B_RG_0016,B_RG_0016,True,3,4
B,1925,103758389,B_RG_0016,B_RG_0016,True,3,4
B,1926,103789952,B_UNIQUE_103789952,,False,1,5
B,1927,103150689,B_UNIQUE_103150689,,False,1,4
B,1928,103168254,B_UNIQUE_103168254,,False,1,4
B,1929,103727540,B_UNIQUE_103727540,,False,1,1
B,1930,101949261,B_UNIQUE_101949261,,False,1,2
B,1931,103789538,B_UNIQUE_103789538,,False,1,5
B,1932,103789652,B_UNIQUE_103789652,,False,1,2
B,1933,103789637,B_UNIQUE_103789637,,False,1,2
B,1934,103758821,B_UNIQUE_103758821,,False,1,1
B,1935,103432650,B_UNIQUE_103432650,,False,1,5
B,1936,103789831,B_UNIQUE_103789831,,False,1,5
B,1937,103789826,B_UNIQUE_103789826,,False,1,2
B,1938,89599240,B_UNIQUE_89599240,,False,1,5
B,1939,103538513,B_RG_0018,B_RG_0018,True,2,1
B,1940,103539417,B_UNIQUE_103539417,,False,1,5
B,1941,103245243,B_UNIQUE_103245243,,False,1,3
B,1942,101035073,B_UNIQUE_101035073,,False,1,1
B,1943,100415483,B_UNIQUE_100415483,,False,1,3
B,1944,103789152,B_UNIQUE_103789152,,False,1,1
B,1945,103789147,B_UNIQUE_103789147,,False,1,1
B,1946,103789209,B_UNIQUE_103789209,,False,1,1
B,1947,103789186,B_UNIQUE_103789186,,False,1,5
B,1948,103789206,B_UNIQUE_103789206,,False,1,2
B,1949,103464196,B_UNIQUE_103464196,,False,1,1
B,1950,102767028,B_UNIQUE_102767028,,False,1,4
B,1951,103789461,B_UNIQUE_103789461,,False,1,1
B,1952,103789458,B_UNIQUE_103789458,,False,1,5
B,1953,103789445,B_UNIQUE_103789445,,False,1,5
B,1954,101709577,B_UNIQUE_101709577,,False,1,5
B,1955,102652094,B_UNIQUE_102652094,,False,1,3
B,1956,103650886,B_UNIQUE_103650886,,False,1,1
B,1957,102652195,B_UNIQUE_102652195,,False,1,5
B,1958,102703970,B_UNIQUE_102703970,,False,1,1
B,1959,103650466,B_UNIQUE_103650466,,False,1,5
B,1960,103607257,B_UNIQUE_103607257,,False,1,5
B,1961,103789368,B_UNIQUE_103789368,,False,1,4
B,1962,103789133,B_UNIQUE_103789133,,False,1,1
B,1963,103789131,B_UNIQUE_103789131,,False,1,5
B,1964,103789126,B_UNIQUE_103789126,,False,1,4
B,1965,103789081,B_UNIQUE_103789081,,False,1,2
B,1966,102017052,B_UNIQUE_102017052,,False,1,4
B,1967,103563900,B_UNIQUE_103563900,,False,1,2
B,1968,103789354,B_UNIQUE_103789354,,False,1,3
B,1969,103238106,B_UNIQUE_103238106,,False,1,1
B,1970,103284346,B_UNIQUE_103284346,,False,1,4
B,1971,103676953,B_UNIQUE_103676953,,False,1,4
B,1972,103789305,B_UNIQUE_103789305,,False,1,2
B,1973,101939273,B_UNIQUE_101939273,,False,1,5
B,1974,102195277,B_UNIQUE_102195277,,False,1,1
B,1975,103351787,B_UNIQUE_103351787,,False,1,1
B,1976,102859147,B_UNIQUE_102859147,,False,1,4
B,1977,102893179,B_UNIQUE_102893179,,False,1,2
B,1978,102675888,B_UNIQUE_102675888,,False,1,2
B,1979,102892159,B_UNIQUE_102892159,,False,1,2
B,1980,101358543,B_UNIQUE_101358543,,False,1,2
B,1981,103330589,B_UNIQUE_103330589,,False,1,2
B,1982,103740398,B_UNIQUE_103740398,,False,1,5
B,1983,103492444,B_UNIQUE_103492444,,False,1,2
B,1984,103588026,B_UNIQUE_103588026,,False,1,3
B,1985,103607557,B_UNIQUE_103607557,,False,1,4
B,1986,103607231,B_UNIQUE_103607231,,False,1,5
B,1987,103166641,B_UNIQUE_103166641,,False,1,4
B,1988,100689905,B_UNIQUE_100689905,,False,1,5
B,1989,103788735,B_UNIQUE_103788735,,False,1,3
B,1990,103245294,B_UNIQUE_103245294,,False,1,4
B,1991,103245290,B_UNIQUE_103245290,,False,1,2
B,1992,103245248,B_UNIQUE_103245248,,False,1,4
B,1993,102166064,B_UNIQUE_102166064,,False,1,5
B,1994,103789019,B_UNIQUE_103789019,,False,1,4
B,1995,103788715,B_UNIQUE_103788715,,False,1,5
B,1996,103788669,B_UNIQUE_103788669,,False,1,1
B,1997,103788667,B_UNIQUE_103788667,,False,1,3
B,1998,102306156,B_UNIQUE_102306156,,False,1,4
B,1999,102777832,B_UNIQUE_102777832,,False,1,2
B,2000,103503962,B_UNIQUE_103503962,,False,1,2
B,2001,103788989,B_UNIQUE_103788989,,False,1,5
B,2002,103788963,B_UNIQUE_103788963,,False,1,2
B,2003,102775286,B_UNIQUE_102775286,,False,1,2
B,2004,102374471,B_UNIQUE_102374471,,False,1,4
B,2005,102669178,B_UNIQUE_102669178,,False,1,1
B,2006,102637377,B_UNIQUE_102637377,,False,1,1
B,2007,103788576,B_UNIQUE_103788576,,False,1,2
B,2008,103788623,B_UNIQUE_103788623,,False,1,5
B,2009,103788603,B_UNIQUE_103788603,,False,1,5
B,2010,103788586,B_UNIQUE_103788586,,False,1,3
B,2011,103788585,B_UNIQUE_103788585,,False,1,2
B,2012,103788578,B_UNIQUE_103788578,,False,1,4
B,2013,103053414,B_UNIQUE_103053414,,False,1,4
B,2014,103541232,B_UNIQUE_103541232,,False,1,3
B,2015,103180566,B_UNIQUE_103180566,,False,1,5
B,2016,103788824,B_UNIQUE_103788824,,False,1,1
B,2017,92879606,B_UNIQUE_92879606,,False,1,1
B,2018,100793120,B_UNIQUE_100793120,,False,1,4
B,2019,99499203,B_UNIQUE_99499203,,False,1,1
B,2020,103788782,B_UNIQUE_103788782,,False,1,4
B,2021,103356300,B_UNIQUE_103356300,,False,1,3
B,2022,103667621,B_UNIQUE_103667621,,False,1,3
B,2023,102340257,B_UNIQUE_102340257,,False,1,3
B,2024,103667407,B_UNIQUE_103667407,,False,1,4
B,2025,103623086,B_UNIQUE_103623086,,False,1,1
B,2026,103685469,B_UNIQUE_103685469,,False,1,3
B,2027,103623103,B_UNIQUE_103623103,,False,1,5
B,2028,99722795,B_UNIQUE_99722795,,False,1,1
B,2029,103705347,B_UNIQUE_103705347,,False,1,1
B,2030,103609749,B_UNIQUE_103609749,,False,1,2
B,2031,103607338,B_UNIQUE_103607338,,False,1,1
B,2032,103407021,B_RG_0018,B_RG_0018,True,2,1
B,2033,103081577,B_UNIQUE_103081577,,False,1,4
B,2034,83436537,B_UNIQUE_83436537,,False,1,4
B,2035,101679663,B_UNIQUE_101679663,,False,1,3
B,2036,103245273,B_UNIQUE_103245273,,False,1,2
B,2037,103667507,B_UNIQUE_103667507,,False,1,1
B,2038,103734054,B_UNIQUE_103734054,,False,1,2
B,2039,103530951,B_UNIQUE_103530951,,False,1,1
B,2040,103788568,B_UNIQUE_103788568,,False,1,3
B,2041,103788556,B_UNIQUE_103788556,,False,1,5
B,2042,103788322,B_UNIQUE_103788322,,False,1,3
B,2043,84424120,B_UNIQUE_84424120,,False,1,4
B,2044,96414936,B_UNIQUE_96414936,,False,1,5
B,2045,99182683,B_UNIQUE_99182683,,False,1,3
B,2046,103678086,B_UNIQUE_103678086,,False,1,4
B,2047,70608951,B_UNIQUE_70608951,,False,1,2
B,2048,103563753,B_UNIQUE_103563753,,False,1,5
B,2049,103788256,B_UNIQUE_103788256,,False,1,4
B,2050,103788229,B_UNIQUE_103788229,,False,1,3
B,2051,103788197,B_UNIQUE_103788197,,False,1,2
B,2052,103788265,B_UNIQUE_103788265,,False,1,3
B,2053,103788426,B_UNIQUE_103788426,,False,1,4
B,2054,103769441,B_UNIQUE_103769441,,False,1,5
B,2055,102229930,B_RG_0019,B_RG_0019,True,2,3
B,2056,102999030,B_UNIQUE_102999030,,False,1,2
B,2057,103788395,B_UNIQUE_103788395,,False,1,2
B,2058,97763928,B_UNIQUE_97763928,,False,1,4
B,2059,102868863,B_UNIQUE_102868863,,False,1,4
B,2060,102639901,B_UNIQUE_102639901,,False,1,1
B,2061,102002964,B_UNIQUE_102002964,,False,1,5
B,2062,101812262,B_UNIQUE_101812262,,False,1,4
B,2063,103154163,B_UNIQUE_103154163,,False,1,2
B,2064,103154309,B_UNIQUE_103154309,,False,1,3
B,2065,99723027,B_UNIQUE_99723027,,False,1,4
B,2066,99777697,B_UNIQUE_99777697,,False,1,1
B,2067,103667717,B_UNIQUE_103667717,,False,1,5
B,2068,103788225,B_UNIQUE_103788225,,False,1,3
B,2069,103788204,B_UNIQUE_103788204,,False,1,1
B,2070,103354877,B_UNIQUE_103354877,,False,1,4
B,2071,103667837,B_UNIQUE_103667837,,False,1,2
B,2072,103788140,B_UNIQUE_103788140,,False,1,2
B,2073,103787955,B_UNIQUE_103787955,,False,1,4
B,2074,102890747,B_UNIQUE_102890747,,False,1,3
B,2075,102879224,B_UNIQUE_102879224,,False,1,1
B,2076,101211243,B_UNIQUE_101211243,,False,1,2
B,2077,103787933,B_UNIQUE_103787933,,False,1,5
B,2078,103787934,B_UNIQUE_103787934,,False,1,4
B,2079,103787881,B_UNIQUE_103787881,,False,1,4
B,2080,103788136,B_UNIQUE_103788136,,False,1,4
B,2081,103788132,B_UNIQUE_103788132,,False,1,3
B,2082,103034296,B_UNIQUE_103034296,,False,1,3
B,2083,95393056,B_UNIQUE_95393056,,False,1,2
B,2084,103788111,B_UNIQUE_103788111,,False,1,3
B,2085,103788105,B_UNIQUE_103788105,,False,1,1
B,2086,103236815,B_UNIQUE_103236815,,False,1,2
B,2087,103126346,B_UNIQUE_103126346,,False,1,5
B,2088,103788096,B_UNIQUE_103788096,,False,1,3
B,2089,103455771,B_UNIQUE_103455771,,False,1,3
B,2090,103787784,B_UNIQUE_103787784,,False,1,5
B,2091,103787847,B_UNIQUE_103787847,,False,1,4
B,2092,100962748,B_UNIQUE_100962748,,False,1,1
B,2093,102418400,B_UNIQUE_102418400,,False,1,2
B,2094,102539397,B_UNIQUE_102539397,,False,1,5
B,2095,103788022,B_UNIQUE_103788022,,False,1,4
B,2096,103787993,B_UNIQUE_103787993,,False,1,3
B,2097,103510005,B_UNIQUE_103510005,,False,1,4
B,2098,102909602,B_UNIQUE_102909602,,False,1,5
B,2099,101504251,B_UNIQUE_101504251,,False,1,5
B,2100,99675850,B_UNIQUE_99675850,,False,1,3
B,2101,102912430,B_UNIQUE_102912430,,False,1,5
B,2102,102908044,B_UNIQUE_102908044,,False,1,5
B,2103,103648431,B_UNIQUE_103648431,,False,1,2
B,2104,103764321,B_UNIQUE_103764321,,False,1,5
B,2105,103658024,B_UNIQUE_103658024,,False,1,5
B,2106,103787759,B_UNIQUE_103787759,,False,1,3
B,2107,103658277,B_UNIQUE_103658277,,False,1,3
B,2108,103040544,B_UNIQUE_103040544,,False,1,3
B,2109,102663507,B_UNIQUE_102663507,,False,1,4
B,2110,103584208,B_UNIQUE_103584208,,False,1,3
B,2111,103787706,B_UNIQUE_103787706,,False,1,2
B,2112,103324053,B_UNIQUE_103324053,,False,1,4
B,2113,103787523,B_UNIQUE_103787523,,False,1,5
B,2114,99459620,B_UNIQUE_99459620,,False,1,2
B,2115,103787528,B_UNIQUE_103787528,,False,1,5
B,2116,103787678,B_UNIQUE_103787678,,False,1,2
B,2117,103787670,B_UNIQUE_103787670,,False,1,1
B,2118,103787668,B_UNIQUE_103787668,,False,1,1
B,2119,103787665,B_UNIQUE_103787665,,False,1,5
B,2120,97609039,B_UNIQUE_97609039,,False,1,2
B,2121,103493595,B_RG_0020,B_RG_0020,True,2,5
B,2122,103190155,B_RG_0020,B_RG_0020,True,2,5
B,2123,103458653,B_UNIQUE_103458653,,False,1,3
B,2124,103764080,B_UNIQUE_103764080,,False,1,3
B,2125,103787583,B_UNIQUE_103787583,,False,1,5
B,2126,101873761,B_UNIQUE_101873761,,False,1,1
B,2127,103746823,B_UNIQUE_103746823,,False,1,2
B,2128,102493262,B_UNIQUE_102493262,,False,1,4
B,2129,103787563,B_UNIQUE_103787563,,False,1,4
B,2130,101354752,B_UNIQUE_101354752,,False,1,2
B,2131,102871873,B_UNIQUE_102871873,,False,1,2
B,2132,93896616,B_UNIQUE_93896616,,False,1,1
B,2133,103787256,B_UNIQUE_103787256,,False,1,4
B,2134,103787259,B_UNIQUE_103787259,,False,1,5
B,2135,102663512,B_UNIQUE_102663512,,False,1,5
B,2136,102895298,B_UNIQUE_102895298,,False,1,4
B,2137,102758185,B_UNIQUE_102758185,,False,1,3
B,2138,103787448,B_UNIQUE_103787448,,False,1,5
B,2139,103787431,B_UNIQUE_103787431,,False,1,1
B,2140,103090089,B_UNIQUE_103090089,,False,1,4
B,2141,103787196,B_UNIQUE_103787196,,False,1,5
B,2142,93588831,B_UNIQUE_93588831,,False,1,2
B,2143,102583072,B_UNIQUE_102583072,,False,1,3
B,2144,103347769,B_UNIQUE_103347769,,False,1,2
B,2145,103373098,B_UNIQUE_103373098,,False,1,3
B,2146,102371463,B_RG_0004,B_RG_0004,True,3,4
B,2147,103654889,B_UNIQUE_103654889,,False,1,5
B,2148,100275485,B_UNIQUE_100275485,,False,1,4
B,2149,102810009,B_UNIQUE_102810009,,False,1,1
B,2150,103691693,B_UNIQUE_103691693,,False,1,2
B,2151,103659143,B_UNIQUE_103659143,,False,1,3
B,2152,103087781,B_UNIQUE_103087781,,False,1,5
B,2153,103345170,B_UNIQUE_103345170,,False,1,1
B,2154,103306018,B_UNIQUE_103306018,,False,1,1
B,2155,102967087,B_UNIQUE_102967087,,False,1,4
B,2156,100452079,B_UNIQUE_100452079,,False,1,4
B,2157,103787178,B_UNIQUE_103787178,,False,1,1
B,2158,103786973,B_UNIQUE_103786973,,False,1,4
B,2159,103786969,B_UNIQUE_103786969,,False,1,1
B,2160,103446635,B_RG_0021,B_RG_0021,True,2,3
B,2161,103787097,B_UNIQUE_103787097,,False,1,2
B,2162,103672953,B_UNIQUE_103672953,,False,1,4
B,2163,103541498,B_UNIQUE_103541498,,False,1,3
B,2164,103287850,B_UNIQUE_103287850,,False,1,4
B,2165,103499703,B_UNIQUE_103499703,,False,1,1
B,2166,103787076,B_UNIQUE_103787076,,False,1,2
B,2167,103787045,B_UNIQUE_103787045,,False,1,1
B,2168,103787036,B_UNIQUE_103787036,,False,1,4
B,2169,103787028,B_UNIQUE_103787028,,False,1,4
B,2170,103787016,B_UNIQUE_103787016,,False,1,2
B,2171,103786966,B_UNIQUE_103786966,,False,1,4
B,2172,101758761,B_UNIQUE_101758761,,False,1,5
B,2173,103458367,B_UNIQUE_103458367,,False,1,4
B,2174,103786925,B_UNIQUE_103786925,,False,1,2
B,2175,103786920,B_UNIQUE_103786920,,False,1,3
B,2176,103786675,B_UNIQUE_103786675,,False,1,1
B,2177,103786662,B_UNIQUE_103786662,,False,1,4
B,2178,103786672,B_UNIQUE_103786672,,False,1,5
B,2179,103786671,B_UNIQUE_103786671,,False,1,4
B,2180,103786670,B_UNIQUE_103786670,,False,1,2
B,2181,103451491,B_UNIQUE_103451491,,False,1,2
B,2182,101803628,B_UNIQUE_101803628,,False,1,1
B,2183,102961888,B_UNIQUE_102961888,,False,1,2
B,2184,102885470,B_UNIQUE_102885470,,False,1,5
B,2185,103786624,B_UNIQUE_103786624,,False,1,1
B,2186,88501611,B_UNIQUE_88501611,,False,1,3
B,2187,103646394,B_UNIQUE_103646394,,False,1,5
B,2188,75039171,B_UNIQUE_75039171,,False,1,5
B,2189,97939158,B_UNIQUE_97939158,,False,1,2
B,2190,97939462,B_UNIQUE_97939462,,False,1,1
B,2191,97919822,B_UNIQUE_97919822,,False,1,1
B,2192,101140834,B_UNIQUE_101140834,,False,1,1
B,2193,103470396,B_UNIQUE_103470396,,False,1,3
B,2194,103598354,B_UNIQUE_103598354,,False,1,3
B,2195,103470394,B_RG_0021,B_RG_0021,True,2,3
B,2196,103470398,B_UNIQUE_103470398,,False,1,3
B,2197,102992651,B_UNIQUE_102992651,,False,1,3
B,2198,102826023,B_UNIQUE_102826023,,False,1,5
B,2199,103786760,B_UNIQUE_103786760,,False,1,2
B,2200,102914021,B_UNIQUE_102914021,,False,1,1
B,2201,103786756,B_UNIQUE_103786756,,False,1,1
B,2202,103786746,B_UNIQUE_103786746,,False,1,1
B,2203,103786720,B_UNIQUE_103786720,,False,1,4
B,2204,103786717,B_UNIQUE_103786717,,False,1,3
B,2205,102828617,B_UNIQUE_102828617,,False,1,2
B,2206,102314605,B_UNIQUE_102314605,,False,1,4
B,2207,101735701,B_UNIQUE_101735701,,False,1,2
B,2208,103697980,B_UNIQUE_103697980,,False,1,3
B,2209,103062987,B_UNIQUE_103062987,,False,1,3
B,2210,101727527,B_UNIQUE_101727527,,False,1,2
B,2211,101861252,B_UNIQUE_101861252,,False,1,2
B,2212,102990569,B_UNIQUE_102990569,,False,1,5
B,2213,102859385,B_UNIQUE_102859385,,False,1,4
B,2214,103403632,B_UNIQUE_103403632,,False,1,1
B,2215,103333082,B_UNIQUE_103333082,,False,1,1
B,2216,102832519,B_UNIQUE_102832519,,False,1,2
B,2217,102787620,B_UNIQUE_102787620,,False,1,5
B,2218,103193809,B_UNIQUE_103193809,,False,1,2
B,2219,103623673,B_UNIQUE_103623673,,False,1,1
B,2220,103390811,B_UNIQUE_103390811,,False,1,1
B,2221,103105470,B_UNIQUE_103105470,,False,1,3
B,2222,102664413,B_UNIQUE_102664413,,False,1,5
B,2223,102438966,B_UNIQUE_102438966,,False,1,5
B,2224,103224741,B_UNIQUE_103224741,,False,1,3
B,2225,103413004,B_UNIQUE_103413004,,False,1,5
B,2226,103531600,B_UNIQUE_103531600,,False,1,4
B,2227,98363803,B_UNIQUE_98363803,,False,1,3
B,2228,103238528,B_UNIQUE_103238528,,False,1,4
B,2229,102818177,B_UNIQUE_102818177,,False,1,5
B,2230,102884834,B_UNIQUE_102884834,,False,1,4
B,2231,97081855,B_UNIQUE_97081855,,False,1,1
B,2232,103662225,B_UNIQUE_103662225,,False,1,3
B,2233,103368024,B_UNIQUE_103368024,,False,1,2
B,2234,103633863,B_UNIQUE_103633863,,False,1,3
B,2235,90584487,B_UNIQUE_90584487,,False,1,2
B,2236,97389778,B_UNIQUE_97389778,,False,1,5
B,2237,103786362,B_UNIQUE_103786362,,False,1,2
B,2238,103786354,B_UNIQUE_103786354,,False,1,2
B,2239,103786348,B_UNIQUE_103786348,,False,1,4
B,2240,103786379,B_UNIQUE_103786379,,False,1,3
B,2241,103786364,B_UNIQUE_103786364,,False,1,5
B,2242,102905846,B_UNIQUE_102905846,,False,1,4
B,2243,103468045,B_UNIQUE_103468045,,False,1,2
B,2244,93320086,B_UNIQUE_93320086,,False,1,2
B,2245,103786505,B_UNIQUE_103786505,,False,1,5
B,2246,102251979,B_UNIQUE_102251979,,False,1,2
B,2247,98326903,B_UNIQUE_98326903,,False,1,5
B,2248,101246373,B_UNIQUE_101246373,,False,1,5
B,2249,102905088,B_UNIQUE_102905088,,False,1,5
B,2250,103786339,B_UNIQUE_103786339,,False,1,1
B,2251,103786338,B_UNIQUE_103786338,,False,1,3
B,2252,101926333,B_UNIQUE_101926333,,False,1,1
B,2253,100281667,B_UNIQUE_100281667,,False,1,4
B,2254,103357970,B_UNIQUE_103357970,,False,1,1
B,2255,103786434,B_UNIQUE_103786434,,False,1,1
B,2256,103786426,B_UNIQUE_103786426,,False,1,5
B,2257,102013192,B_UNIQUE_102013192,,False,1,3
B,2258,98891306,B_UNIQUE_98891306,,False,1,5
B,2259,103786320,B_UNIQUE_103786320,,False,1,5
B,2260,103786187,B_UNIQUE_103786187,,False,1,4
B,2261,103786208,B_UNIQUE_103786208,,False,1,5
B,2262,102804147,B_UNIQUE_102804147,,False,1,5
B,2263,103013824,B_UNIQUE_103013824,,False,1,2
B,2264,103545160,B_UNIQUE_103545160,,False,1,5
B,2265,103493135,B_UNIQUE_103493135,,False,1,3
B,2266,103347602,B_UNIQUE_103347602,,False,1,2
B,2267,103786266,B_UNIQUE_103786266,,False,1,2
B,2268,103786248,B_UNIQUE_103786248,,False,1,5
B,2269,103786245,B_UNIQUE_103786245,,False,1,4
B,2270,94044194,B_RG_0007,B_RG_0007,True,2,3
B,2271,103786227,B_UNIQUE_103786227,,False,1,3
B,2272,100580305,B_UNIQUE_100580305,,False,1,4
B,2273,100227559,B_UNIQUE_100227559,,False,1,1
B,2274,103486413,B_UNIQUE_103486413,,False,1,4
B,2275,102777872,B_UNIQUE_102777872,,False,1,2
B,2276,102967413,B_UNIQUE_102967413,,False,1,4
B,2277,103786163,B_UNIQUE_103786163,,False,1,2
B,2278,103533002,B_UNIQUE_103533002,,False,1,2
B,2279,103634633,B_UNIQUE_103634633,,False,1,4
B,2280,102487439,B_UNIQUE_102487439,,False,1,1
B,2281,103742171,B_UNIQUE_103742171,,False,1,2
B,2282,101321043,B_UNIQUE_101321043,,False,1,4
B,2283,103694229,B_UNIQUE_103694229,,False,1,3
B,2284,103620338,B_UNIQUE_103620338,,False,1,4
B,2285,102551908,B_UNIQUE_102551908,,False,1,1
B,2286,102551985,B_UNIQUE_102551985,,False,1,4
B,2287,102900206,B_UNIQUE_102900206,,False,1,1
B,2288,103453544,B_UNIQUE_103453544,,False,1,4
B,2289,102906883,B_UNIQUE_102906883,,False,1,5
B,2290,97447033,B_UNIQUE_97447033,,False,1,4
B,2291,102909294,B_UNIQUE_102909294,,False,1,5
B,2292,102881293,B_UNIQUE_102881293,,False,1,2
B,2293,103786053,B_UNIQUE_103786053,,False,1,4
B,2294,101738928,B_UNIQUE_101738928,,False,1,3
B,2295,103411581,B_UNIQUE_103411581,,False,1,5
B,2296,103332473,B_UNIQUE_103332473,,False,1,5
B,2297,102984504,B_UNIQUE_102984504,,False,1,5
B,2298,103631940,B_UNIQUE_103631940,,False,1,1
B,2299,102440529,B_UNIQUE_102440529,,False,1,2
B,2300,103690965,B_UNIQUE_103690965,,False,1,3
B,2301,102726276,B_UNIQUE_102726276,,False,1,3
B,2302,103785996,B_UNIQUE_103785996,,False,1,1
B,2303,103785958,B_UNIQUE_103785958,,False,1,3
B,2304,103785948,B_UNIQUE_103785948,,False,1,4
B,2305,103785919,B_UNIQUE_103785919,,False,1,1
B,2306,103712858,B_UNIQUE_103712858,,False,1,5
B,2307,103633658,B_UNIQUE_103633658,,False,1,2
B,2308,102998319,B_UNIQUE_102998319,,False,1,1
B,2309,101003861,B_UNIQUE_101003861,,False,1,3
B,2310,92463126,B_UNIQUE_92463126,,False,1,3
B,2311,103785740,B_UNIQUE_103785740,,False,1,3
B,2312,103309896,B_UNIQUE_103309896,,False,1,4
B,2313,101928216,B_UNIQUE_101928216,,False,1,4
B,2314,102883575,B_UNIQUE_102883575,,False,1,2
B,2315,101785819,B_UNIQUE_101785819,,False,1,4
B,2316,103785827,B_UNIQUE_103785827,,False,1,1
B,2317,102937084,B_UNIQUE_102937084,,False,1,3
B,2318,102964752,B_UNIQUE_102964752,,False,1,3
B,2319,102725391,B_UNIQUE_102725391,,False,1,5
B,2320,102052545,B_UNIQUE_102052545,,False,1,2
B,2321,102917500,B_UNIQUE_102917500,,False,1,2
B,2322,103318000,B_UNIQUE_103318000,,False,1,1
B,2323,101967616,B_UNIQUE_101967616,,False,1,5
B,2324,103685223,B_UNIQUE_103685223,,False,1,4
B,2325,102725192,B_UNIQUE_102725192,,False,1,1
B,2326,103607063,B_UNIQUE_103607063,,False,1,3
B,2327,103468768,B_UNIQUE_103468768,,False,1,2
B,2328,102984559,B_UNIQUE_102984559,,False,1,5
B,2329,103053777,B_UNIQUE_103053777,,False,1,2
B,2330,102888198,B_UNIQUE_102888198,,False,1,3
B,2331,103785652,B_UNIQUE_103785652,,False,1,2
B,2332,103245356,B_UNIQUE_103245356,,False,1,4
B,2333,103356892,B_UNIQUE_103356892,,False,1,2
B,2334,100177679,B_UNIQUE_100177679,,False,1,5
B,2335,102434100,B_UNIQUE_102434100,,False,1,3
B,2336,103785761,B_UNIQUE_103785761,,False,1,5
B,2337,103785760,B_UNIQUE_103785760,,False,1,5
B,2338,103785759,B_UNIQUE_103785759,,False,1,4
B,2339,103785758,B_UNIQUE_103785758,,False,1,1
B,2340,102460506,B_UNIQUE_102460506,,False,1,4
B,2341,103779946,B_UNIQUE_103779946,,False,1,3
B,2342,103785752,B_UNIQUE_103785752,,False,1,1
B,2343,103785737,B_UNIQUE_103785737,,False,1,5
B,2344,101349330,B_UNIQUE_101349330,,False,1,1
B,2345,102679369,B_UNIQUE_102679369,,False,1,1
B,2346,99150727,B_UNIQUE_99150727,,False,1,5
B,2347,101997596,B_UNIQUE_101997596,,False,1,2
B,2348,103762576,B_UNIQUE_103762576,,False,1,1
B,2349,102427847,B_UNIQUE_102427847,,False,1,3
B,2350,103618862,B_UNIQUE_103618862,,False,1,2
B,2351,103693017,B_UNIQUE_103693017,,False,1,3
B,2352,102430264,B_UNIQUE_102430264,,False,1,4
B,2353,103606336,B_UNIQUE_103606336,,False,1,2
B,2354,101057846,B_UNIQUE_101057846,,False,1,5
B,2355,103785465,B_UNIQUE_103785465,,False,1,4
B,2356,103785461,B_UNIQUE_103785461,,False,1,3
B,2357,103785555,B_UNIQUE_103785555,,False,1,2
B,2358,103245284,B_UNIQUE_103245284,,False,1,2
B,2359,103070459,B_UNIQUE_103070459,,False,1,2
B,2360,102440656,B_UNIQUE_102440656,,False,1,2
B,2361,102434103,B_UNIQUE_102434103,,False,1,1
B,2362,103677615,B_UNIQUE_103677615,,False,1,1
B,2363,102982710,B_UNIQUE_102982710,,False,1,3
B,2364,102943672,B_UNIQUE_102943672,,False,1,3
B,2365,103228865,B_UNIQUE_103228865,,False,1,3
B,2366,103785517,B_UNIQUE_103785517,,False,1,3
B,2367,102545215,B_UNIQUE_102545215,,False,1,4
B,2368,102896432,B_UNIQUE_102896432,,False,1,1
B,2369,102908581,B_UNIQUE_102908581,,False,1,2
B,2370,103184872,B_UNIQUE_103184872,,False,1,2
B,2371,103403504,B_UNIQUE_103403504,,False,1,2
B,2372,103785444,B_UNIQUE_103785444,,False,1,1
B,2373,103785370,B_UNIQUE_103785370,,False,1,3
B,2374,103785363,B_UNIQUE_103785363,,False,1,1
B,2375,98796275,B_UNIQUE_98796275,,False,1,1
B,2376,102899522,B_UNIQUE_102899522,,False,1,3
B,2377,98797656,B_UNIQUE_98797656,,False,1,5
B,2378,103785433,B_UNIQUE_103785433,,False,1,1
B,2379,102694938,B_UNIQUE_102694938,,False,1,2
B,2380,100275393,B_UNIQUE_100275393,,False,1,3
B,2381,103785417,B_UNIQUE_103785417,,False,1,1
B,2382,103785353,B_UNIQUE_103785353,,False,1,4
B,2383,103785351,B_UNIQUE_103785351,,False,1,3
B,2384,101042108,B_UNIQUE_101042108,,False,1,2
B,2385,102433514,B_UNIQUE_102433514,,False,1,4
B,2386,103310232,B_UNIQUE_103310232,,False,1,5
B,2387,102434101,B_UNIQUE_102434101,,False,1,3
B,2388,103245325,B_UNIQUE_103245325,,False,1,5
B,2389,102330971,B_UNIQUE_102330971,,False,1,3
B,2390,103785384,B_UNIQUE_103785384,,False,1,3
B,2391,100950638,B_UNIQUE_100950638,,False,1,5
B,2392,98985239,B_UNIQUE_98985239,,False,1,3
B,2393,103357536,B_UNIQUE_103357536,,False,1,1
B,2394,103357913,B_UNIQUE_103357913,,False,1,2
B,2395,103009987,B_UNIQUE_103009987,,False,1,3
B,2396,103785334,B_UNIQUE_103785334,,False,1,2
B,2397,102648738,B_UNIQUE_102648738,,False,1,3
B,2398,101587176,B_UNIQUE_101587176,,False,1,1
B,2399,98987523,B_UNIQUE_98987523,,False,1,5
B,2400,93173193,B_UNIQUE_93173193,,False,1,2
B,2401,101698530,B_UNIQUE_101698530,,False,1,3
B,2402,101698991,B_UNIQUE_101698991,,False,1,2
B,2403,101699738,B_UNIQUE_101699738,,False,1,1
B,2404,101977802,B_UNIQUE_101977802,,False,1,3
B,2405,98721067,B_UNIQUE_98721067,,False,1,5
B,2406,98721264,B_UNIQUE_98721264,,False,1,5
B,2407,98525479,B_UNIQUE_98525479,,False,1,5
B,2408,79667709,B_UNIQUE_79667709,,False,1,5
B,2409,92554367,B_UNIQUE_92554367,,False,1,1
B,2410,89685429,B_UNIQUE_89685429,,False,1,2
B,2411,99985046,B_UNIQUE_99985046,,False,1,1
B,2412,99985153,B_UNIQUE_99985153,,False,1,3
B,2413,101975297,B_UNIQUE_101975297,,False,1,5
B,2414,103785214,B_UNIQUE_103785214,,False,1,2
B,2415,103785215,B_UNIQUE_103785215,,False,1,3
B,2416,101244556,B_UNIQUE_101244556,,False,1,2
B,2417,101056102,B_UNIQUE_101056102,,False,1,2
B,2418,99986664,B_UNIQUE_99986664,,False,1,1
B,2419,100017165,B_UNIQUE_100017165,,False,1,4
B,2420,103785245,B_UNIQUE_103785245,,False,1,5
B,2421,103785243,B_UNIQUE_103785243,,False,1,1
B,2422,103785239,B_UNIQUE_103785239,,False,1,3
B,2423,103169503,B_UNIQUE_103169503,,False,1,3
B,2424,103664187,B_UNIQUE_103664187,,False,1,4
B,2425,103661229,B_UNIQUE_103661229,,False,1,2
B,2426,103645235,B_UNIQUE_103645235,,False,1,4
B,2427,102001528,B_UNIQUE_102001528,,False,1,3
B,2428,102528106,B_UNIQUE_102528106,,False,1,3
B,2429,103559029,B_UNIQUE_103559029,,False,1,5
B,2430,99986793,B_UNIQUE_99986793,,False,1,3
B,2431,103785113,B_UNIQUE_103785113,,False,1,2
B,2432,103560885,B_UNIQUE_103560885,,False,1,2
B,2433,103433826,B_UNIQUE_103433826,,False,1,5
B,2434,103741989,B_UNIQUE_103741989,,False,1,3
B,2435,103785103,B_UNIQUE_103785103,,False,1,1
B,2436,103785082,B_UNIQUE_103785082,,False,1,5
B,2437,103785081,B_UNIQUE_103785081,,False,1,1
B,2438,102893091,B_UNIQUE_102893091,,False,1,2
B,2439,103785090,B_UNIQUE_103785090,,False,1,3
B,2440,103785074,B_UNIQUE_103785074,,False,1,2
B,2441,100997899,B_UNIQUE_100997899,,False,1,1
B,2442,102284833,B_UNIQUE_102284833,,False,1,2
B,2443,103217208,B_UNIQUE_103217208,,False,1,5
B,2444,101862624,B_UNIQUE_101862624,,False,1,3
B,2445,101794757,B_UNIQUE_101794757,,False,1,4
B,2446,103785021,B_UNIQUE_103785021,,False,1,4
B,2447,103785028,B_UNIQUE_103785028,,False,1,2
B,2448,103473643,B_UNIQUE_103473643,,False,1,2
B,2449,103784995,B_UNIQUE_103784995,,False,1,1
B,2450,100341723,B_UNIQUE_100341723,,False,1,3
B,2451,102870638,B_UNIQUE_102870638,,False,1,4
B,2452,103784980,B_UNIQUE_103784980,,False,1,2
B,2453,103784958,B_UNIQUE_103784958,,False,1,3
B,2454,102098867,B_UNIQUE_102098867,,False,1,1
B,2455,102098877,B_UNIQUE_102098877,,False,1,4
B,2456,82551350,B_UNIQUE_82551350,,False,1,4
B,2457,102574725,B_UNIQUE_102574725,,False,1,5
B,2458,103784914,B_UNIQUE_103784914,,False,1,3
B,2459,102874027,B_UNIQUE_102874027,,False,1,2
B,2460,102844096,B_UNIQUE_102844096,,False,1,3
B,2461,102873978,B_UNIQUE_102873978,,False,1,5
B,2462,102844024,B_UNIQUE_102844024,,False,1,4
B,2463,102124597,B_UNIQUE_102124597,,False,1,1
B,2464,102308247,B_UNIQUE_102308247,,False,1,5
B,2465,103401844,B_UNIQUE_103401844,,False,1,2
B,2466,103784889,B_UNIQUE_103784889,,False,1,1
B,2467,103627484,B_UNIQUE_103627484,,False,1,3
B,2468,103784875,B_UNIQUE_103784875,,False,1,4
B,2469,103256081,B_UNIQUE_103256081,,False,1,5
B,2470,103784867,B_UNIQUE_103784867,,False,1,3
B,2471,103784860,B_UNIQUE_103784860,,False,1,5
B,2472,103784859,B_UNIQUE_103784859,,False,1,2
B,2473,102514170,B_UNIQUE_102514170,,False,1,2
B,2474,102168088,B_UNIQUE_102168088,,False,1,1
B,2475,103089474,B_UNIQUE_103089474,,False,1,4
B,2476,103687001,B_UNIQUE_103687001,,False,1,2
B,2477,103710471,B_UNIQUE_103710471,,False,1,4
B,2478,103540572,B_UNIQUE_103540572,,False,1,3
B,2479,103784826,B_UNIQUE_103784826,,False,1,3
B,2480,103602192,B_UNIQUE_103602192,,False,1,1
B,2481,103784848,B_UNIQUE_103784848,,False,1,3
B,2482,103784825,B_UNIQUE_103784825,,False,1,3
B,2483,101487643,B_UNIQUE_101487643,,False,1,3
B,2484,102104680,B_UNIQUE_102104680,,False,1,4
B,2485,101629558,B_UNIQUE_101629558,,False,1,5
B,2486,101805212,B_UNIQUE_101805212,,False,1,5
B,2487,103523951,B_UNIQUE_103523951,,False,1,1
B,2488,103433783,B_UNIQUE_103433783,,False,1,3
B,2489,102069787,B_UNIQUE_102069787,,False,1,2
B,2490,103115286,B_UNIQUE_103115286,,False,1,3
B,2491,103784805,B_UNIQUE_103784805,,False,1,5
B,2492,102628035,B_UNIQUE_102628035,,False,1,1
B,2493,103784800,B_UNIQUE_103784800,,False,1,3
B,2494,103278483,B_UNIQUE_103278483,,False,1,1
B,2495,102843252,B_UNIQUE_102843252,,False,1,2
B,2496,103643389,B_UNIQUE_103643389,,False,1,5
B,2497,103726720,B_RG_0022,B_RG_0022,True,2,5
B,2498,102516357,B_UNIQUE_102516357,,False,1,5
B,2499,103557612,B_UNIQUE_103557612,,False,1,4
B,2500,103347915,B_UNIQUE_103347915,,False,1,3
B,2501,103478301,B_UNIQUE_103478301,,False,1,3
B,2502,101537686,B_UNIQUE_101537686,,False,1,1
B,2503,101487641,B_UNIQUE_101487641,,False,1,4
B,2504,103742278,B_UNIQUE_103742278,,False,1,1
B,2505,103760077,B_UNIQUE_103760077,,False,1,3
B,2506,102165909,B_UNIQUE_102165909,,False,1,5
B,2507,101948028,B_UNIQUE_101948028,,False,1,5
B,2508,101948005,B_UNIQUE_101948005,,False,1,3
B,2509,103139230,B_UNIQUE_103139230,,False,1,2
B,2510,103173608,B_UNIQUE_103173608,,False,1,3
B,2511,101445732,B_UNIQUE_101445732,,False,1,1
B,2512,103784744,B_UNIQUE_103784744,,False,1,4
B,2513,102969901,B_UNIQUE_102969901,,False,1,3
B,2514,100844747,B_UNIQUE_100844747,,False,1,3
B,2515,95544396,B_UNIQUE_95544396,,False,1,3
B,2516,101940436,B_UNIQUE_101940436,,False,1,2
B,2517,103784759,B_RG_0023,B_RG_0023,True,2,2
B,2518,103185355,B_UNIQUE_103185355,,False,1,3
B,2519,102498903,B_UNIQUE_102498903,,False,1,1
B,2520,102728771,B_UNIQUE_102728771,,False,1,3
B,2521,103640707,B_UNIQUE_103640707,,False,1,3
B,2522,103402158,B_UNIQUE_103402158,,False,1,3
B,2523,103402064,B_UNIQUE_103402064,,False,1,4
B,2524,103780401,B_UNIQUE_103780401,,False,1,1
B,2525,103784682,B_UNIQUE_103784682,,False,1,4
B,2526,103385790,B_UNIQUE_103385790,,False,1,5
B,2527,103525074,B_UNIQUE_103525074,,False,1,5
B,2528,103784679,B_UNIQUE_103784679,,False,1,3
B,2529,102879593,B_UNIQUE_102879593,,False,1,3
B,2530,101948749,B_UNIQUE_101948749,,False,1,1
B,2531,103579465,B_UNIQUE_103579465,,False,1,4
B,2532,103784715,B_RG_0023,B_RG_0023,True,2,2
B,2533,97829046,B_UNIQUE_97829046,,False,1,1
B,2534,102478967,B_UNIQUE_102478967,,False,1,5
B,2535,100546214,B_UNIQUE_100546214,,False,1,5
B,2536,103784697,B_UNIQUE_103784697,,False,1,4
B,2537,103784690,B_UNIQUE_103784690,,False,1,3
B,2538,103347418,B_UNIQUE_103347418,,False,1,3
B,2539,102542934,B_UNIQUE_102542934,,False,1,1
B,2540,102315606,B_RG_0024,B_RG_0024,True,2,3
B,2541,103446974,B_RG_0022,B_RG_0022,True,2,5
B,2542,102455704,B_UNIQUE_102455704,,False,1,4
B,2543,103520682,B_UNIQUE_103520682,,False,1,4
B,2544,103343288,B_UNIQUE_103343288,,False,1,3
B,2545,103606855,B_UNIQUE_103606855,,False,1,1
B,2546,103441882,B_UNIQUE_103441882,,False,1,3
B,2547,102208991,B_UNIQUE_102208991,,False,1,3
B,2548,103260457,B_UNIQUE_103260457,,False,1,2
B,2549,103207012,B_UNIQUE_103207012,,False,1,3
B,2550,102471529,B_UNIQUE_102471529,,False,1,3
B,2551,102041283,B_UNIQUE_102041283,,False,1,5
B,2552,99765228,B_UNIQUE_99765228,,False,1,5
B,2553,103699772,B_UNIQUE_103699772,,False,1,1
B,2554,102424679,B_UNIQUE_102424679,,False,1,4
B,2555,82852036,B_UNIQUE_82852036,,False,1,5
B,2556,103193707,B_UNIQUE_103193707,,False,1,5
B,2557,103784628,B_UNIQUE_103784628,,False,1,4
B,2558,102165720,B_UNIQUE_102165720,,False,1,1
B,2559,103638901,B_UNIQUE_103638901,,False,1,5
B,2560,103784627,B_UNIQUE_103784627,,False,1,3
B,2561,103202025,B_UNIQUE_103202025,,False,1,2
B,2562,103722714,B_UNIQUE_103722714,,False,1,4
B,2563,90336468,B_UNIQUE_90336468,,False,1,4
B,2564,103784556,B_UNIQUE_103784556,,False,1,3
B,2565,103784552,B_UNIQUE_103784552,,False,1,5
B,2566,102465842,B_UNIQUE_102465842,,False,1,5
B,2567,103515258,B_UNIQUE_103515258,,False,1,2
B,2568,103276781,B_UNIQUE_103276781,,False,1,2
B,2569,103075955,B_UNIQUE_103075955,,False,1,1
B,2570,97635418,B_UNIQUE_97635418,,False,1,4
B,2571,103396295,B_UNIQUE_103396295,,False,1,4
B,2572,100707731,B_UNIQUE_100707731,,False,1,2
B,2573,103784515,B_UNIQUE_103784515,,False,1,4
B,2574,99179123,B_UNIQUE_99179123,,False,1,3
B,2575,103784543,B_UNIQUE_103784543,,False,1,3
B,2576,102999326,B_UNIQUE_102999326,,False,1,2
B,2577,103720439,B_UNIQUE_103720439,,False,1,3
B,2578,102607650,B_UNIQUE_102607650,,False,1,4
B,2579,103784501,B_UNIQUE_103784501,,False,1,2
B,2580,103784505,B_UNIQUE_103784505,,False,1,2
B,2581,103784529,B_UNIQUE_103784529,,False,1,2
B,2582,103192681,B_UNIQUE_103192681,,False,1,1
B,2583,103722904,B_UNIQUE_103722904,,False,1,4
B,2584,103057805,B_UNIQUE_103057805,,False,1,5
B,2585,102784761,B_UNIQUE_102784761,,False,1,2
B,2586,103193821,B_UNIQUE_103193821,,False,1,2
B,2587,103784527,B_UNIQUE_103784527,,False,1,2
B,2588,92990344,B_UNIQUE_92990344,,False,1,1
B,2589,103784472,B_UNIQUE_103784472,,False,1,5
B,2590,103784471,B_UNIQUE_103784471,,False,1,5
B,2591,101783554,B_UNIQUE_101783554,,False,1,4
B,2592,103211089,B_UNIQUE_103211089,,False,1,5
B,2593,103178916,B_RG_0006,B_RG_0006,True,2,4
B,2594,103628765,B_UNIQUE_103628765,,False,1,4
B,2595,93303810,B_UNIQUE_93303810,,False,1,5
B,2596,102854321,B_UNIQUE_102854321,,False,1,1
B,2597,103064992,B_UNIQUE_103064992,,False,1,3
B,2598,103193400,B_UNIQUE_103193400,,False,1,5
B,2599,103362707,B_UNIQUE_103362707,,False,1,2
B,2600,103244054,B_UNIQUE_103244054,,False,1,1
B,2601,103784393,B_UNIQUE_103784393,,False,1,5
B,2602,103784457,B_UNIQUE_103784457,,False,1,2
B,2603,95922895,B_UNIQUE_95922895,,False,1,5
B,2604,103662233,B_UNIQUE_103662233,,False,1,1
B,2605,88001272,B_UNIQUE_88001272,,False,1,4
B,2606,103758368,B_UNIQUE_103758368,,False,1,2
B,2607,103659885,B_UNIQUE_103659885,,False,1,1
B,2608,103391155,B_UNIQUE_103391155,,False,1,2
B,2609,103342670,B_UNIQUE_103342670,,False,1,5
B,2610,103660140,B_UNIQUE_103660140,,False,1,4
B,2611,100837645,B_UNIQUE_100837645,,False,1,3
B,2612,94239601,B_UNIQUE_94239601,,False,1,4
B,2613,103440286,B_UNIQUE_103440286,,False,1,5
B,2614,103784420,B_UNIQUE_103784420,,False,1,1
B,2615,103500946,B_UNIQUE_103500946,,False,1,1
B,2616,102845377,B_UNIQUE_102845377,,False,1,5
B,2617,102399164,B_UNIQUE_102399164,,False,1,1
B,2618,102399129,B_UNIQUE_102399129,,False,1,5
B,2619,101988012,B_UNIQUE_101988012,,False,1,5
B,2620,103250404,B_UNIQUE_103250404,,False,1,4
B,2621,103192614,B_UNIQUE_103192614,,False,1,3
B,2622,103609267,B_UNIQUE_103609267,,False,1,3
B,2623,103577710,B_UNIQUE_103577710,,False,1,2
B,2624,103509055,B_UNIQUE_103509055,,False,1,1
B,2625,103499032,B_UNIQUE_103499032,,False,1,4
B,2626,102967493,B_UNIQUE_102967493,,False,1,4
B,2627,97143167,B_UNIQUE_97143167,,False,1,4
B,2628,96117997,B_UNIQUE_96117997,,False,1,3
B,2629,103411618,B_UNIQUE_103411618,,False,1,5
B,2630,100219006,B_UNIQUE_100219006,,False,1,2
B,2631,101728735,B_UNIQUE_101728735,,False,1,1
B,2632,102929425,B_UNIQUE_102929425,,False,1,1
B,2633,103784298,B_UNIQUE_103784298,,False,1,1
B,2634,103784297,B_UNIQUE_103784297,,False,1,3
B,2635,103498566,B_UNIQUE_103498566,,False,1,3
B,2636,102021885,B_UNIQUE_102021885,,False,1,1
B,2637,103451600,B_UNIQUE_103451600,,False,1,3
B,2638,103258798,B_UNIQUE_103258798,,False,1,1
B,2639,103659942,B_UNIQUE_103659942,,False,1,2
B,2640,103784272,B_UNIQUE_103784272,,False,1,1
B,2641,102530768,B_UNIQUE_102530768,,False,1,3
B,2642,102720642,B_UNIQUE_102720642,,False,1,1
B,2643,103489908,B_UNIQUE_103489908,,False,1,5
B,2644,102175810,B_UNIQUE_102175810,,False,1,2
B,2645,102262173,B_UNIQUE_102262173,,False,1,5
B,2646,103577817,B_UNIQUE_103577817,,False,1,1
B,2647,103187664,B_UNIQUE_103187664,,False,1,5
B,2648,101796208,B_UNIQUE_101796208,,False,1,5
B,2649,101447330,B_UNIQUE_101447330,,False,1,3
B,2650,101311614,B_UNIQUE_101311614,,False,1,4
B,2651,103659863,B_UNIQUE_103659863,,False,1,4
B,2652,102784801,B_UNIQUE_102784801,,False,1,3
B,2653,102784672,B_UNIQUE_102784672,,False,1,4
B,2654,103627638,B_UNIQUE_103627638,,False,1,1
B,2655,103113644,B_UNIQUE_103113644,,False,1,2
B,2656,101080942,B_UNIQUE_101080942,,False,1,5
B,2657,103784346,B_UNIQUE_103784346,,False,1,5
B,2658,103784233,B_UNIQUE_103784233,,False,1,4
B,2659,103192227,B_UNIQUE_103192227,,False,1,1
B,2660,101643565,B_UNIQUE_101643565,,False,1,1
B,2661,103202709,B_UNIQUE_103202709,,False,1,4
B,2662,102498879,B_RG_0024,B_RG_0024,True,2,3
B,2663,103419804,B_UNIQUE_103419804,,False,1,5
B,2664,102333505,B_UNIQUE_102333505,,False,1,2
B,2665,103749631,B_UNIQUE_103749631,,False,1,2
B,2666,103784315,B_UNIQUE_103784315,,False,1,1
B,2667,99381855,B_UNIQUE_99381855,,False,1,2
B,2668,103466974,B_UNIQUE_103466974,,False,1,2
B,2669,101822585,B_UNIQUE_101822585,,False,1,2
B,2670,103405276,B_UNIQUE_103405276,,False,1,2
B,2671,103405275,B_UNIQUE_103405275,,False,1,5
B,2672,103784148,B_UNIQUE_103784148,,False,1,2
B,2673,103653998,B_UNIQUE_103653998,,False,1,4
B,2674,103290316,B_UNIQUE_103290316,,False,1,4
B,2675,103738435,B_UNIQUE_103738435,,False,1,3
B,2676,96839359,B_UNIQUE_96839359,,False,1,5
B,2677,98595842,B_UNIQUE_98595842,,False,1,5
B,2678,92930537,B_UNIQUE_92930537,,False,1,2
B,2679,101903371,B_UNIQUE_101903371,,False,1,4
B,2680,102904416,B_UNIQUE_102904416,,False,1,1
B,2681,103784138,B_UNIQUE_103784138,,False,1,5
B,2682,103784104,B_UNIQUE_103784104,,False,1,1
B,2683,98176103,B_UNIQUE_98176103,,False,1,1
B,2684,101965242,B_UNIQUE_101965242,,False,1,1
B,2685,103784103,B_UNIQUE_103784103,,False,1,2
B,2686,103784108,B_UNIQUE_103784108,,False,1,1
B,2687,102358277,B_UNIQUE_102358277,,False,1,5
B,2688,103114770,B_UNIQUE_103114770,,False,1,4
B,2689,103473392,B_UNIQUE_103473392,,False,1,5
B,2690,103439860,B_UNIQUE_103439860,,False,1,2
B,2691,103193780,B_UNIQUE_103193780,,False,1,1
B,2692,102261623,B_UNIQUE_102261623,,False,1,1
B,2693,101851788,B_UNIQUE_101851788,,False,1,2
B,2694,103039470,B_UNIQUE_103039470,,False,1,3
B,2695,101256463,B_UNIQUE_101256463,,False,1,2
B,2696,102695483,B_UNIQUE_102695483,,False,1,3
B,2697,103784077,B_UNIQUE_103784077,,False,1,1
B,2698,103576325,B_UNIQUE_103576325,,False,1,4
B,2699,103091480,B_UNIQUE_103091480,,False,1,5
B,2700,103110786,B_UNIQUE_103110786,,False,1,5
B,2701,103784179,B_UNIQUE_103784179,,False,1,3
B,2702,103227766,B_UNIQUE_103227766,,False,1,1
B,2703,102026704,B_UNIQUE_102026704,,False,1,2
B,2704,103009707,B_UNIQUE_103009707,,False,1,4
B,2705,103097269,B_UNIQUE_103097269,,False,1,4
B,2706,103105661,B_UNIQUE_103105661,,False,1,2
B,2707,100611393,B_UNIQUE_100611393,,False,1,4
B,2708,103089618,B_UNIQUE_103089618,,False,1,1
B,2709,103689459,B_UNIQUE_103689459,,False,1,4
B,2710,102001615,B_UNIQUE_102001615,,False,1,1
B,2711,101753218,B_UNIQUE_101753218,,False,1,5
B,2712,101753217,B_UNIQUE_101753217,,False,1,3
B,2713,103725732,B_UNIQUE_103725732,,False,1,2
B,2714,101821691,B_UNIQUE_101821691,,False,1,3
B,2715,101115554,B_UNIQUE_101115554,,False,1,2
B,2716,103725522,B_UNIQUE_103725522,,False,1,3
B,2717,102470947,B_UNIQUE_102470947,,False,1,1
B,2718,103114954,B_UNIQUE_103114954,,False,1,2
B,2719,103784027,B_UNIQUE_103784027,,False,1,1
B,2720,102036945,B_UNIQUE_102036945,,False,1,4
B,2721,101851861,B_UNIQUE_101851861,,False,1,2
B,2722,100916143,B_UNIQUE_100916143,,False,1,4
B,2723,103316058,B_UNIQUE_103316058,,False,1,1
B,2724,103784008,B_UNIQUE_103784008,,False,1,5
B,2725,103784007,B_UNIQUE_103784007,,False,1,3
B,2726,103784006,B_UNIQUE_103784006,,False,1,2
B,2727,100545148,B_UNIQUE_100545148,,False,1,4
B,2728,103266000,B_UNIQUE_103266000,,False,1,5
B,2729,102084314,B_UNIQUE_102084314,,False,1,2
B,2730,103783881,B_UNIQUE_103783881,,False,1,3
B,2731,103783954,B_UNIQUE_103783954,,False,1,4
B,2732,103783945,B_UNIQUE_103783945,,False,1,4
B,2733,103692290,B_UNIQUE_103692290,,False,1,4
B,2734,103783941,B_UNIQUE_103783941,,False,1,4
B,2735,103536797,B_UNIQUE_103536797,,False,1,1
B,2736,103579457,B_UNIQUE_103579457,,False,1,4
B,2737,99413316,B_UNIQUE_99413316,,False,1,1
B,2738,103738537,B_UNIQUE_103738537,,False,1,2
B,2739,101725779,B_UNIQUE_101725779,,False,1,1
B,2740,97894689,B_UNIQUE_97894689,,False,1,3
B,2741,102384473,B_UNIQUE_102384473,,False,1,4
B,2742,102821563,B_UNIQUE_102821563,,False,1,3
B,2743,103783850,B_UNIQUE_103783850,,False,1,2
B,2744,102996372,B_UNIQUE_102996372,,False,1,2
B,2745,103316178,B_UNIQUE_103316178,,False,1,1
B,2746,103672765,B_UNIQUE_103672765,,False,1,3
B,2747,103389598,B_UNIQUE_103389598,,False,1,2
B,2748,102784712,B_UNIQUE_102784712,,False,1,3
B,2749,102197496,B_UNIQUE_102197496,,False,1,3
B,2750,103645267,B_UNIQUE_103645267,,False,1,4
B,2751,101722505,B_UNIQUE_101722505,,False,1,4
B,2752,103451804,B_UNIQUE_103451804,,False,1,3
B,2753,102937221,B_UNIQUE_102937221,,False,1,3
B,2754,103710940,B_UNIQUE_103710940,,False,1,1
B,2755,103628641,B_UNIQUE_103628641,,False,1,2
B,2756,103476884,B_UNIQUE_103476884,,False,1,5
B,2757,102948041,B_UNIQUE_102948041,,False,1,1
B,2758,103624002,B_UNIQUE_103624002,,False,1,3
B,2759,102802569,B_UNIQUE_102802569,,False,1,5
B,2760,103317672,B_UNIQUE_103317672,,False,1,2
B,2761,100417864,B_UNIQUE_100417864,,False,1,2
B,2762,103670622,B_UNIQUE_103670622,,False,1,1
B,2763,102207503,B_UNIQUE_102207503,,False,1,2
B,2764,102898579,B_UNIQUE_102898579,,False,1,4
B,2765,101987474,B_UNIQUE_101987474,,False,1,2
B,2766,103783669,B_UNIQUE_103783669,,False,1,4
B,2767,101467277,B_UNIQUE_101467277,,False,1,3
B,2768,103783573,B_UNIQUE_103783573,,False,1,1
B,2769,103783571,B_UNIQUE_103783571,,False,1,2
B,2770,100593323,B_UNIQUE_100593323,,False,1,5
B,2771,103252456,B_UNIQUE_103252456,,False,1,2
B,2772,103283373,B_UNIQUE_103283373,,False,1,5
B,2773,100985996,B_UNIQUE_100985996,,False,1,4
B,2774,103783640,B_UNIQUE_103783640,,False,1,3
B,2775,102475759,B_UNIQUE_102475759,,False,1,4
B,2776,103678050,B_UNIQUE_103678050,,False,1,3
B,2777,103783617,B_UNIQUE_103783617,,False,1,3
B,2778,103783535,B_UNIQUE_103783535,,False,1,4
B,2779,103783517,B_UNIQUE_103783517,,False,1,2
B,2780,103783536,B_UNIQUE_103783536,,False,1,1
B,2781,97481987,B_UNIQUE_97481987,,False,1,4
B,2782,103783611,B_UNIQUE_103783611,,False,1,2
B,2783,103089787,B_UNIQUE_103089787,,False,1,3
B,2784,98942202,B_UNIQUE_98942202,,False,1,3
B,2785,103783593,B_UNIQUE_103783593,,False,1,2
B,2786,103783585,B_UNIQUE_103783585,,False,1,3
B,2787,103730774,B_UNIQUE_103730774,,False,1,1
B,2788,103453171,B_UNIQUE_103453171,,False,1,1
B,2789,103661176,B_UNIQUE_103661176,,False,1,2
B,2790,103344302,B_UNIQUE_103344302,,False,1,2
B,2791,103665195,B_UNIQUE_103665195,,False,1,5
B,2792,103071712,B_UNIQUE_103071712,,False,1,1
B,2793,103251261,B_UNIQUE_103251261,,False,1,2
B,2794,102546516,B_UNIQUE_102546516,,False,1,4
B,2795,102707113,B_UNIQUE_102707113,,False,1,2
B,2796,98927500,B_UNIQUE_98927500,,False,1,2
B,2797,97027550,B_UNIQUE_97027550,,False,1,3
B,2798,103783451,B_UNIQUE_103783451,,False,1,1
B,2799,103783436,B_UNIQUE_103783436,,False,1,4
B,2800,103389751,B_UNIQUE_103389751,,False,1,2
B,2801,103193773,B_UNIQUE_103193773,,False,1,3
B,2802,103115432,B_UNIQUE_103115432,,False,1,2
B,2803,102248352,B_UNIQUE_102248352,,False,1,2
B,2804,103783417,B_UNIQUE_103783417,,False,1,3
B,2805,103783410,B_UNIQUE_103783410,,False,1,1
B,2806,103783466,B_UNIQUE_103783466,,False,1,2
B,2807,103783464,B_UNIQUE_103783464,,False,1,3
B,2808,103783462,B_UNIQUE_103783462,,False,1,3
B,2809,97057720,B_UNIQUE_97057720,,False,1,5
B,2810,99982034,B_UNIQUE_99982034,,False,1,1
B,2811,103314655,B_UNIQUE_103314655,,False,1,1
B,2812,97221475,B_UNIQUE_97221475,,False,1,1
B,2813,99912234,B_UNIQUE_99912234,,False,1,3
B,2814,103305469,B_UNIQUE_103305469,,False,1,2
B,2815,103447392,B_UNIQUE_103447392,,False,1,1
B,2816,102746012,B_UNIQUE_102746012,,False,1,3
B,2817,102107357,B_UNIQUE_102107357,,False,1,2
B,2818,103725559,B_UNIQUE_103725559,,False,1,5
B,2819,92021859,B_RG_0025,B_RG_0025,True,2,4
B,2820,99721921,B_UNIQUE_99721921,,False,1,5
B,2821,103783279,B_UNIQUE_103783279,,False,1,4
B,2822,103783264,B_UNIQUE_103783264,,False,1,4
B,2823,103783265,B_UNIQUE_103783265,,False,1,2
B,2824,103315698,B_UNIQUE_103315698,,False,1,4
B,2825,103659875,B_UNIQUE_103659875,,False,1,3
B,2826,103389671,B_UNIQUE_103389671,,False,1,2
B,2827,103052017,B_UNIQUE_103052017,,False,1,3
B,2828,103783372,B_UNIQUE_103783372,,False,1,5
B,2829,103490280,B_UNIQUE_103490280,,False,1,4
B,2830,103694941,B_UNIQUE_103694941,,False,1,2
B,2831,76155208,B_UNIQUE_76155208,,False,1,4
B,2832,103010498,B_UNIQUE_103010498,,False,1,4
B,2833,103783358,B_UNIQUE_103783358,,False,1,3
B,2834,103602392,B_UNIQUE_103602392,,False,1,1
B,2835,103783351,B_UNIQUE_103783351,,False,1,1
B,2836,103783347,B_UNIQUE_103783347,,False,1,5
B,2837,103783346,B_UNIQUE_103783346,,False,1,5
B,2838,103783345,B_UNIQUE_103783345,,False,1,2
B,2839,103783338,B_UNIQUE_103783338,,False,1,3
B,2840,101221481,B_UNIQUE_101221481,,False,1,4
B,2841,100617960,B_UNIQUE_100617960,,False,1,1
B,2842,97715055,B_UNIQUE_97715055,,False,1,5
B,2843,102753685,B_UNIQUE_102753685,,False,1,4
B,2844,103783233,B_UNIQUE_103783233,,False,1,5
B,2845,103783227,B_UNIQUE_103783227,,False,1,5
B,2846,102707812,B_UNIQUE_102707812,,False,1,5
B,2847,101379433,B_UNIQUE_101379433,,False,1,5
B,2848,99630680,B_UNIQUE_99630680,,False,1,4
B,2849,95939125,B_UNIQUE_95939125,,False,1,3
B,2850,98708890,B_UNIQUE_98708890,,False,1,1
B,2851,100753214,B_UNIQUE_100753214,,False,1,4
B,2852,100753863,B_UNIQUE_100753863,,False,1,3
B,2853,101520669,B_UNIQUE_101520669,,False,1,3
B,2854,101709333,B_UNIQUE_101709333,,False,1,1
B,2855,100683528,B_UNIQUE_100683528,,False,1,4
B,2856,102897216,B_UNIQUE_102897216,,False,1,2
B,2857,100252019,B_UNIQUE_100252019,,False,1,5
B,2858,103783318,B_UNIQUE_103783318,,False,1,5
B,2859,103783311,B_UNIQUE_103783311,,False,1,2
B,2860,102896891,B_UNIQUE_102896891,,False,1,1
B,2861,103460144,B_UNIQUE_103460144,,False,1,1
B,2862,103783301,B_UNIQUE_103783301,,False,1,4
B,2863,103749775,B_UNIQUE_103749775,,False,1,2
B,2864,103691723,B_UNIQUE_103691723,,False,1,5
B,2865,103217445,B_UNIQUE_103217445,,False,1,2
B,2866,101675234,B_UNIQUE_101675234,,False,1,4
B,2867,102561588,B_UNIQUE_102561588,,False,1,2
B,2868,102747063,B_UNIQUE_102747063,,False,1,4
B,2869,102673963,B_UNIQUE_102673963,,False,1,1
B,2870,102745690,B_UNIQUE_102745690,,False,1,4
B,2871,103783141,B_UNIQUE_103783141,,False,1,1
B,2872,103451619,B_UNIQUE_103451619,,False,1,1
B,2873,103643436,B_UNIQUE_103643436,,False,1,3
B,2874,101898183,B_RG_0025,B_RG_0025,True,2,4
B,2875,101257243,B_UNIQUE_101257243,,False,1,1
B,2876,101900153,B_UNIQUE_101900153,,False,1,2
B,2877,103284027,B_UNIQUE_103284027,,False,1,5
B,2878,103783120,B_UNIQUE_103783120,,False,1,1
B,2879,103783085,B_UNIQUE_103783085,,False,1,1
B,2880,103129715,B_UNIQUE_103129715,,False,1,4
B,2881,100648022,B_UNIQUE_100648022,,False,1,2
B,2882,103742424,B_UNIQUE_103742424,,False,1,3
B,2883,103783048,B_UNIQUE_103783048,,False,1,1
B,2884,103783179,B_UNIQUE_103783179,,False,1,5
B,2885,103565502,B_UNIQUE_103565502,,False,1,4
B,2886,101710732,B_UNIQUE_101710732,,False,1,4
B,2887,96641475,B_UNIQUE_96641475,,False,1,5
B,2888,101687435,B_UNIQUE_101687435,,False,1,4
B,2889,103113723,B_UNIQUE_103113723,,False,1,4
B,2890,103106128,B_UNIQUE_103106128,,False,1,3
B,2891,103057728,B_UNIQUE_103057728,,False,1,1
B,2892,103561320,B_UNIQUE_103561320,,False,1,1
B,2893,103470389,B_UNIQUE_103470389,,False,1,5
B,2894,102999145,B_RG_0019,B_RG_0019,True,2,3
B,2895,103783144,B_UNIQUE_103783144,,False,1,5
B,2896,97162366,B_UNIQUE_97162366,,False,1,4
B,2897,101811340,B_UNIQUE_101811340,,False,1,5
B,2898,103445983,B_UNIQUE_103445983,,False,1,2
B,2899,102748654,B_UNIQUE_102748654,,False,1,1
B,2900,103097692,B_UNIQUE_103097692,,False,1,3
B,2901,102640532,B_UNIQUE_102640532,,False,1,1
B,2902,100648098,B_UNIQUE_100648098,,False,1,4
B,2903,103451751,B_UNIQUE_103451751,,False,1,3
B,2904,103340412,B_UNIQUE_103340412,,False,1,3
B,2905,102384300,B_UNIQUE_102384300,,False,1,2
B,2906,103763222,B_UNIQUE_103763222,,False,1,3
B,2907,103763215,B_UNIQUE_103763215,,False,1,1
B,2908,101190108,B_UNIQUE_101190108,,False,1,4
B,2909,100417213,B_UNIQUE_100417213,,False,1,2
B,2910,102470889,B_UNIQUE_102470889,,False,1,4
B,2911,102451918,B_UNIQUE_102451918,,False,1,5
B,2912,103763235,B_UNIQUE_103763235,,False,1,1
B,2913,103251056,B_UNIQUE_103251056,,False,1,5
B,2914,103315428,B_UNIQUE_103315428,,False,1,3
B,2915,103782953,B_UNIQUE_103782953,,False,1,2
B,2916,103783035,B_UNIQUE_103783035,,False,1,4
B,2917,103018708,B_UNIQUE_103018708,,False,1,4
B,2918,103783027,B_UNIQUE_103783027,,False,1,3
B,2919,103143100,B_UNIQUE_103143100,,False,1,5
B,2920,103468565,B_UNIQUE_103468565,,False,1,4
B,2921,103154349,B_UNIQUE_103154349,,False,1,3
B,2922,103782938,B_UNIQUE_103782938,,False,1,3
B,2923,103782997,B_UNIQUE_103782997,,False,1,4
B,2924,101255961,B_UNIQUE_101255961,,False,1,4
B,2925,100767226,B_UNIQUE_100767226,,False,1,2
B,2926,101189876,B_UNIQUE_101189876,,False,1,4
B,2927,103193831,B_UNIQUE_103193831,,False,1,1
B,2928,100432981,B_UNIQUE_100432981,,False,1,4
B,2929,103470385,B_UNIQUE_103470385,,False,1,2
B,2930,100480993,B_UNIQUE_100480993,,False,1,4
B,2931,101519139,B_UNIQUE_101519139,,False,1,3
B,2932,103549889,B_UNIQUE_103549889,,False,1,5
B,2933,103380630,B_UNIQUE_103380630,,False,1,4
B,2934,103355256,B_UNIQUE_103355256,,False,1,3
B,2935,103097681,B_UNIQUE_103097681,,False,1,1
B,2936,102658768,B_UNIQUE_102658768,,False,1,1
B,2937,102561739,B_UNIQUE_102561739,,False,1,4
B,2938,89624451,B_UNIQUE_89624451,,False,1,5
B,2939,101898105,B_UNIQUE_101898105,,False,1,1
B,2940,103118791,B_UNIQUE_103118791,,False,1,2
B,2941,102287856,B_UNIQUE_102287856,,False,1,4
B,2942,102380482,B_UNIQUE_102380482,,False,1,2
B,2943,101121674,B_UNIQUE_101121674,,False,1,1
B,2944,100082034,B_UNIQUE_100082034,,False,1,5
B,2945,103251793,B_UNIQUE_103251793,,False,1,5
B,2946,99889505,B_UNIQUE_99889505,,False,1,4
B,2947,103451338,B_UNIQUE_103451338,,False,1,3
B,2948,103506212,B_UNIQUE_103506212,,False,1,1
B,2949,103522532,B_UNIQUE_103522532,,False,1,2
B,2950,103671845,B_UNIQUE_103671845,,False,1,4
B,2951,103708869,B_UNIQUE_103708869,,False,1,5
B,2952,103782911,B_UNIQUE_103782911,,False,1,5
B,2953,103782895,B_UNIQUE_103782895,,False,1,3
B,2954,103492971,B_RG_0026,B_RG_0026,True,2,2
B,2955,103492972,B_RG_0026,B_RG_0026,True,2,2
B,2956,101518597,B_UNIQUE_101518597,,False,1,4
B,2957,101518588,B_UNIQUE_101518588,,False,1,3
B,2958,102103790,B_UNIQUE_102103790,,False,1,5
B,2959,103782790,B_UNIQUE_103782790,,False,1,3
B,2960,103782781,B_UNIQUE_103782781,,False,1,1
B,2961,101518590,B_UNIQUE_101518590,,False,1,5
B,2962,103782870,B_UNIQUE_103782870,,False,1,5
B,2963,103601485,B_UNIQUE_103601485,,False,1,1
B,2964,103193842,B_UNIQUE_103193842,,False,1,2
B,2965,103039433,B_UNIQUE_103039433,,False,1,1
B,2966,103204534,B_UNIQUE_103204534,,False,1,5
B,2967,103585430,B_UNIQUE_103585430,,False,1,3
B,2968,103708972,B_UNIQUE_103708972,,False,1,4
B,2969,103547608,B_UNIQUE_103547608,,False,1,4
B,2970,103230999,B_UNIQUE_103230999,,False,1,3
B,2971,102996368,B_UNIQUE_102996368,,False,1,1
B,2972,102583527,B_UNIQUE_102583527,,False,1,5
B,2973,103141531,B_UNIQUE_103141531,,False,1,3
B,2974,103422356,B_UNIQUE_103422356,,False,1,4
B,2975,99032642,B_UNIQUE_99032642,,False,1,1
B,2976,98472845,B_UNIQUE_98472845,,False,1,1
B,2977,103258889,B_UNIQUE_103258889,,False,1,5
B,2978,102436890,B_UNIQUE_102436890,,False,1,4
B,2979,99568831,B_UNIQUE_99568831,,False,1,3
B,2980,102451678,B_UNIQUE_102451678,,False,1,1
B,2981,102363584,B_UNIQUE_102363584,,False,1,3
B,2982,101041456,B_UNIQUE_101041456,,False,1,4
B,2983,101527935,B_UNIQUE_101527935,,False,1,3
B,2984,100752947,B_UNIQUE_100752947,,False,1,5
B,2985,103782699,B_UNIQUE_103782699,,False,1,4
B,2986,103782690,B_UNIQUE_103782690,,False,1,4
B,2987,102025202,B_UNIQUE_102025202,,False,1,2
B,2988,103782759,B_UNIQUE_103782759,,False,1,2
B,2989,103782758,B_UNIQUE_103782758,,False,1,5
B,2990,103782739,B_UNIQUE_103782739,,False,1,3
B,2991,101518502,B_UNIQUE_101518502,,False,1,1
B,2992,101518490,B_UNIQUE_101518490,,False,1,3
B,2993,101518491,B_UNIQUE_101518491,,False,1,1
B,2994,100960521,B_UNIQUE_100960521,,False,1,2
B,2995,103782658,B_UNIQUE_103782658,,False,1,2
B,2996,103782648,B_UNIQUE_103782648,,False,1,5
B,2997,103782734,B_UNIQUE_103782734,,False,1,5
B,2998,99364371,B_UNIQUE_99364371,,False,1,2
B,2999,98927160,B_UNIQUE_98927160,,False,1,2
B,3000,103557523,B_UNIQUE_103557523,,False,1,2
B,3001,103557422,B_UNIQUE_103557422,,False,1,3
B,3002,103557279,B_UNIQUE_103557279,,False,1,4
B,3003,102974165,B_UNIQUE_102974165,,False,1,1
B,3004,100322106,B_UNIQUE_100322106,,False,1,4
B,3005,103782725,B_UNIQUE_103782725,,False,1,2
B,3006,103292981,B_UNIQUE_103292981,,False,1,4
B,3007,101007702,B_UNIQUE_101007702,,False,1,2
B,3008,102654505,B_UNIQUE_102654505,,False,1,4
B,3009,102641102,B_UNIQUE_102641102,,False,1,2
B,3010,102618302,B_UNIQUE_102618302,,False,1,3
B,3011,89672274,B_UNIQUE_89672274,,False,1,2
B,3012,103340299,B_UNIQUE_103340299,,False,1,3
B,3013,103258422,B_UNIQUE_103258422,,False,1,4
B,3014,103782576,B_UNIQUE_103782576,,False,1,3
B,3015,100547259,B_UNIQUE_100547259,,False,1,3
B,3016,103627604,B_UNIQUE_103627604,,False,1,2
B,3017,103159521,B_UNIQUE_103159521,,False,1,3
B,3018,102695595,B_UNIQUE_102695595,,False,1,2
B,3019,102940655,B_UNIQUE_102940655,,False,1,3
B,3020,102940652,B_UNIQUE_102940652,,False,1,5
B,3021,103782625,B_UNIQUE_103782625,,False,1,4
B,3022,100959243,B_UNIQUE_100959243,,False,1,1
B,3023,100418424,B_UNIQUE_100418424,,False,1,4
B,3024,103782529,B_UNIQUE_103782529,,False,1,3
B,3025,100977186,B_UNIQUE_100977186,,False,1,5
B,3026,103782549,B_UNIQUE_103782549,,False,1,3
B,3027,102796653,B_UNIQUE_102796653,,False,1,5
B,3028,99523105,B_UNIQUE_99523105,,False,1,2
B,3029,103712366,B_UNIQUE_103712366,,False,1,5
B,3030,101518486,B_UNIQUE_101518486,,False,1,2
B,3031,101518474,B_UNIQUE_101518474,,False,1,1
B,3032,101518084,B_UNIQUE_101518084,,False,1,3
B,3033,103782502,B_UNIQUE_103782502,,False,1,1
B,3034,103782499,B_UNIQUE_103782499,,False,1,2
B,3035,103782498,B_UNIQUE_103782498,,False,1,5
B,3036,102576844,B_UNIQUE_102576844,,False,1,3
B,3037,101518068,B_UNIQUE_101518068,,False,1,1
B,3038,102197544,B_UNIQUE_102197544,,False,1,2
B,3039,103315487,B_UNIQUE_103315487,,False,1,5
B,3040,103283609,B_UNIQUE_103283609,,False,1,1
B,3041,103113406,B_UNIQUE_103113406,,False,1,4
B,3042,96822478,B_UNIQUE_96822478,,False,1,1
B,3043,102301402,B_UNIQUE_102301402,,False,1,2
B,3044,103782573,B_UNIQUE_103782573,,False,1,2
B,3045,103678958,B_UNIQUE_103678958,,False,1,5
B,3046,103547614,B_UNIQUE_103547614,,False,1,5
B,3047,103547609,B_UNIQUE_103547609,,False,1,2
B,3048,103367062,B_UNIQUE_103367062,,False,1,4
B,3049,103033406,B_UNIQUE_103033406,,False,1,2
B,3050,102618310,B_UNIQUE_102618310,,False,1,2
B,3051,102561611,B_UNIQUE_102561611,,False,1,4
B,3052,102747155,B_UNIQUE_102747155,,False,1,2
B,3053,103556164,B_UNIQUE_103556164,,False,1,2
B,3054,100074489,B_UNIQUE_100074489,,False,1,1
B,3055,96073653,B_UNIQUE_96073653,,False,1,5
B,3056,103541158,B_UNIQUE_103541158,,False,1,4
B,3057,102470974,B_UNIQUE_102470974,,False,1,5
B,3058,102384461,B_UNIQUE_102384461,,False,1,5
B,3059,100770957,B_UNIQUE_100770957,,False,1,4
B,3060,98838663,B_UNIQUE_98838663,,False,1,2
B,3061,103259332,B_UNIQUE_103259332,,False,1,5
B,3062,102470822,B_UNIQUE_102470822,,False,1,4
B,3063,102354043,B_UNIQUE_102354043,,False,1,5
B,3064,101042014,B_UNIQUE_101042014,,False,1,1
B,3065,103782353,B_UNIQUE_103782353,,False,1,5
B,3066,103659446,B_UNIQUE_103659446,,False,1,5
B,3067,103388813,B_UNIQUE_103388813,,False,1,5
B,3068,103388815,B_UNIQUE_103388815,,False,1,5
B,3069,103462313,B_UNIQUE_103462313,,False,1,2
B,3070,102940640,B_UNIQUE_102940640,,False,1,1
B,3071,103568969,B_UNIQUE_103568969,,False,1,3
B,3072,103782316,B_UNIQUE_103782316,,False,1,3
B,3073,103782470,B_UNIQUE_103782470,,False,1,5
B,3074,103428589,B_UNIQUE_103428589,,False,1,4
B,3075,103429099,B_UNIQUE_103429099,,False,1,4
B,3076,103782439,B_UNIQUE_103782439,,False,1,3
B,3077,103782434,B_UNIQUE_103782434,,False,1,5
B,3078,102785812,B_UNIQUE_102785812,,False,1,4
B,3079,103782430,B_UNIQUE_103782430,,False,1,5
B,3080,102171455,B_UNIQUE_102171455,,False,1,2
B,3081,101518074,B_UNIQUE_101518074,,False,1,5
B,3082,101518072,B_UNIQUE_101518072,,False,1,3
B,3083,101518066,B_UNIQUE_101518066,,False,1,3
B,3084,101781735,B_UNIQUE_101781735,,False,1,1
B,3085,103782285,B_UNIQUE_103782285,,False,1,3
B,3086,101710750,B_UNIQUE_101710750,,False,1,3
B,3087,98693277,B_UNIQUE_98693277,,False,1,3
B,3088,103601469,B_UNIQUE_103601469,,False,1,1
B,3089,103556720,B_UNIQUE_103556720,,False,1,2
B,3090,102515464,B_UNIQUE_102515464,,False,1,3
B,3091,102352833,B_UNIQUE_102352833,,False,1,5
B,3092,103720396,B_UNIQUE_103720396,,False,1,5
B,3093,101412879,B_UNIQUE_101412879,,False,1,4
B,3094,103627786,B_UNIQUE_103627786,,False,1,4
B,3095,103397842,B_UNIQUE_103397842,,False,1,2
B,3096,103255092,B_UNIQUE_103255092,,False,1,2
B,3097,102452927,B_UNIQUE_102452927,,False,1,3
B,3098,103782355,B_UNIQUE_103782355,,False,1,1
B,3099,100959617,B_UNIQUE_100959617,,False,1,2
B,3100,103669925,B_UNIQUE_103669925,,False,1,4
B,3101,103631936,B_UNIQUE_103631936,,False,1,1
B,3102,103383040,B_UNIQUE_103383040,,False,1,3
B,3103,102092737,B_UNIQUE_102092737,,False,1,2
B,3104,103382840,B_UNIQUE_103382840,,False,1,5
B,3105,103382831,B_UNIQUE_103382831,,False,1,3
B,3106,96852887,B_UNIQUE_96852887,,False,1,4
B,3107,103564371,B_UNIQUE_103564371,,False,1,2
B,3108,103457034,B_UNIQUE_103457034,,False,1,5
B,3109,103398198,B_UNIQUE_103398198,,False,1,5
B,3110,102965472,B_UNIQUE_102965472,,False,1,3
B,3111,102210051,B_UNIQUE_102210051,,False,1,3
B,3112,99446991,B_UNIQUE_99446991,,False,1,1
B,3113,90069219,B_UNIQUE_90069219,,False,1,1
B,3114,103216778,B_UNIQUE_103216778,,False,1,2
B,3115,103052290,B_UNIQUE_103052290,,False,1,4
B,3116,103052115,B_UNIQUE_103052115,,False,1,5
B,3117,98695154,B_UNIQUE_98695154,,False,1,5
B,3118,103252361,B_UNIQUE_103252361,,False,1,2
B,3119,103217447,B_UNIQUE_103217447,,False,1,5
B,3120,103160019,B_UNIQUE_103160019,,False,1,4
B,3121,102541772,B_UNIQUE_102541772,,False,1,3
B,3122,101009687,B_UNIQUE_101009687,,False,1,5
B,3123,100857405,B_UNIQUE_100857405,,False,1,5
B,3124,98857740,B_UNIQUE_98857740,,False,1,3
B,3125,103782194,B_UNIQUE_103782194,,False,1,4
B,3126,102971271,B_UNIQUE_102971271,,False,1,2
B,3127,102940643,B_UNIQUE_102940643,,False,1,5
B,3128,102940649,B_UNIQUE_102940649,,False,1,5
B,3129,100335803,B_UNIQUE_100335803,,False,1,1
B,3130,102940653,B_UNIQUE_102940653,,False,1,1
B,3131,102940644,B_UNIQUE_102940644,,False,1,2
B,3132,103782280,B_UNIQUE_103782280,,False,1,3
B,3133,102083079,B_UNIQUE_102083079,,False,1,3
B,3134,102058483,B_UNIQUE_102058483,,False,1,4
B,3135,98336057,B_UNIQUE_98336057,,False,1,2
B,3136,97662947,B_UNIQUE_97662947,,False,1,3
B,3137,103782174,B_UNIQUE_103782174,,False,1,2
B,3138,103782172,B_UNIQUE_103782172,,False,1,1
B,3139,103782271,B_UNIQUE_103782271,,False,1,1
B,3140,102821523,B_UNIQUE_102821523,,False,1,5
B,3141,102403645,B_UNIQUE_102403645,,False,1,5
B,3142,103010740,B_UNIQUE_103010740,,False,1,2
B,3143,98792718,B_UNIQUE_98792718,,False,1,4
B,3144,102437336,B_UNIQUE_102437336,,False,1,3
B,3145,103782225,B_UNIQUE_103782225,,False,1,1
B,3146,90430929,B_UNIQUE_90430929,,False,1,3
B,3147,103782124,B_UNIQUE_103782124,,False,1,5
B,3148,102349862,B_UNIQUE_102349862,,False,1,2
B,3149,103782218,B_UNIQUE_103782218,,False,1,2
B,3150,103782209,B_UNIQUE_103782209,,False,1,5
B,3151,102805236,B_UNIQUE_102805236,,False,1,2
B,3152,103782207,B_UNIQUE_103782207,,False,1,3
B,3153,103101612,B_UNIQUE_103101612,,False,1,4
B,3154,102824990,B_UNIQUE_102824990,,False,1,5
B,3155,100204288,B_UNIQUE_100204288,,False,1,2
B,3156,103669923,B_UNIQUE_103669923,,False,1,2
B,3157,103782200,B_UNIQUE_103782200,,False,1,2
B,3158,101114565,B_UNIQUE_101114565,,False,1,2
B,3159,103383088,B_UNIQUE_103383088,,False,1,2
B,3160,102898888,B_UNIQUE_102898888,,False,1,2
B,3161,103349200,B_UNIQUE_103349200,,False,1,5
B,3162,102732915,B_UNIQUE_102732915,,False,1,5
B,3163,103383033,B_UNIQUE_103383033,,False,1,4
B,3164,103669918,B_UNIQUE_103669918,,False,1,1
B,3165,95514300,B_UNIQUE_95514300,,False,1,4
B,3166,101292151,B_UNIQUE_101292151,,False,1,1
B,3167,103382758,B_UNIQUE_103382758,,False,1,5
B,3168,103382762,B_UNIQUE_103382762,,False,1,5
B,3169,103230995,B_UNIQUE_103230995,,False,1,1
B,3170,98874163,B_UNIQUE_98874163,,False,1,2
B,3171,102207144,B_UNIQUE_102207144,,False,1,2
B,3172,103403532,B_UNIQUE_103403532,,False,1,1
B,3173,102436751,B_UNIQUE_102436751,,False,1,3
B,3174,98881317,B_UNIQUE_98881317,,False,1,5
B,3175,103252071,B_UNIQUE_103252071,,False,1,5
B,3176,102515617,B_UNIQUE_102515617,,False,1,4
B,3177,103782137,B_UNIQUE_103782137,,False,1,3
B,3178,101483278,B_UNIQUE_101483278,,False,1,1
B,3179,103556804,B_UNIQUE_103556804,,False,1,2
B,3180,102309122,B_UNIQUE_102309122,,False,1,5
B,3181,103071363,B_UNIQUE_103071363,,False,1,3
B,3182,102206936,B_UNIQUE_102206936,,False,1,5
B,3183,103004646,B_UNIQUE_103004646,,False,1,5
B,3184,103004645,B_UNIQUE_103004645,,False,1,1
B,3185,102940646,B_UNIQUE_102940646,,False,1,4
B,3186,103782105,B_UNIQUE_103782105,,False,1,1
B,3187,103782102,B_UNIQUE_103782102,,False,1,5
B,3188,103464262,B_UNIQUE_103464262,,False,1,2
B,3189,102138231,B_RG_0027,B_RG_0027,True,2,1
B,3190,102803026,B_UNIQUE_102803026,,False,1,3
B,3191,103781970,B_UNIQUE_103781970,,False,1,1
B,3192,103326909,B_UNIQUE_103326909,,False,1,1
B,3193,103686903,B_UNIQUE_103686903,,False,1,2
B,3194,103004621,B_UNIQUE_103004621,,False,1,3
B,3195,103782080,B_UNIQUE_103782080,,False,1,4
B,3196,103782078,B_UNIQUE_103782078,,False,1,3
B,3197,101929726,B_UNIQUE_101929726,,False,1,5
B,3198,103485935,B_UNIQUE_103485935,,False,1,5
B,3199,103782075,B_UNIQUE_103782075,,False,1,3
B,3200,84073992,B_UNIQUE_84073992,,False,1,1
B,3201,103782065,B_RG_0017,B_RG_0017,True,2,5
B,3202,103641638,B_UNIQUE_103641638,,False,1,5
B,3203,96641284,B_UNIQUE_96641284,,False,1,5
B,3204,102974610,B_UNIQUE_102974610,,False,1,5
B,3205,101189858,B_UNIQUE_101189858,,False,1,3
B,3206,103781930,B_UNIQUE_103781930,,False,1,4
B,3207,103781895,B_UNIQUE_103781895,,False,1,1
B,3208,101349749,B_UNIQUE_101349749,,False,1,2
B,3209,103602332,B_UNIQUE_103602332,,False,1,1
B,3210,103458099,B_UNIQUE_103458099,,False,1,4
B,3211,103597968,B_UNIQUE_103597968,,False,1,1
B,3212,102863547,B_UNIQUE_102863547,,False,1,2
B,3213,103647605,B_UNIQUE_103647605,,False,1,2
B,3214,103380270,B_UNIQUE_103380270,,False,1,1
B,3215,102745515,B_UNIQUE_102745515,,False,1,2
B,3216,103552908,B_UNIQUE_103552908,,False,1,1
B,3217,103246761,B_UNIQUE_103246761,,False,1,2
B,3218,103379965,B_UNIQUE_103379965,,False,1,5
B,3219,100508314,B_UNIQUE_100508314,,False,1,3
B,3220,103316728,B_UNIQUE_103316728,,False,1,4
B,3221,103252161,B_UNIQUE_103252161,,False,1,3
B,3222,103101262,B_UNIQUE_103101262,,False,1,4
B,3223,102451522,B_UNIQUE_102451522,,False,1,5
B,3224,102380577,B_UNIQUE_102380577,,False,1,5
B,3225,102197091,B_UNIQUE_102197091,,False,1,5
B,3226,103556802,B_UNIQUE_103556802,,False,1,2
B,3227,103739983,B_UNIQUE_103739983,,False,1,4
B,3228,103683022,B_UNIQUE_103683022,,False,1,4
B,3229,98979609,B_UNIQUE_98979609,,False,1,3
B,3230,100521805,B_UNIQUE_100521805,,False,1,1
B,3231,102268576,B_UNIQUE_102268576,,False,1,1
B,3232,102621437,B_UNIQUE_102621437,,False,1,1
B,3233,103658337,B_UNIQUE_103658337,,False,1,5
B,3234,103349884,B_UNIQUE_103349884,,False,1,5
B,3235,102941210,B_UNIQUE_102941210,,False,1,2
B,3236,103624795,B_UNIQUE_103624795,,False,1,3
B,3237,91581848,B_UNIQUE_91581848,,False,1,1
B,3238,101737502,B_UNIQUE_101737502,,False,1,4
B,3239,103284136,B_UNIQUE_103284136,,False,1,5
B,3240,103193743,B_UNIQUE_103193743,,False,1,1
B,3241,102612602,B_UNIQUE_102612602,,False,1,5
B,3242,103781889,B_UNIQUE_103781889,,False,1,1
B,3243,103464263,B_RG_0027,B_RG_0027,True,2,1
B,3244,103781879,B_UNIQUE_103781879,,False,1,3
B,3245,103781713,B_UNIQUE_103781713,,False,1,1
B,3246,102884403,B_UNIQUE_102884403,,False,1,5
B,3247,103781751,B_UNIQUE_103781751,,False,1,1
B,3248,103781748,B_UNIQUE_103781748,,False,1,2
B,3249,103781747,B_UNIQUE_103781747,,False,1,4
B,3250,103781716,B_UNIQUE_103781716,,False,1,5
B,3251,103781715,B_UNIQUE_103781715,,False,1,2
B,3252,103202978,B_UNIQUE_103202978,,False,1,2
B,3253,103004650,B_UNIQUE_103004650,,False,1,3
B,3254,103656061,B_UNIQUE_103656061,,False,1,2
B,3255,103359463,B_UNIQUE_103359463,,False,1,4
B,3256,103272136,B_UNIQUE_103272136,,False,1,2
B,3257,103004644,B_UNIQUE_103004644,,False,1,3
B,3258,97176277,B_UNIQUE_97176277,,False,1,5
B,3259,103781855,B_UNIQUE_103781855,,False,1,3
B,3260,103781851,B_UNIQUE_103781851,,False,1,5
B,3261,99945785,B_UNIQUE_99945785,,False,1,5
B,3262,102884643,B_UNIQUE_102884643,,False,1,1
B,3263,99163586,B_UNIQUE_99163586,,False,1,4
B,3264,103781676,B_UNIQUE_103781676,,False,1,4
B,3265,102884111,B_UNIQUE_102884111,,False,1,5
B,3266,102883792,B_UNIQUE_102883792,,False,1,2
B,3267,103781822,B_UNIQUE_103781822,,False,1,5
B,3268,103781803,B_UNIQUE_103781803,,False,1,2
B,3269,96139249,B_UNIQUE_96139249,,False,1,1
B,3270,103781785,B_UNIQUE_103781785,,False,1,5
B,3271,102896565,B_UNIQUE_102896565,,False,1,5
B,3272,102880405,B_UNIQUE_102880405,,False,1,5
B,3273,103549516,B_UNIQUE_103549516,,False,1,1
B,3274,103446504,B_UNIQUE_103446504,,False,1,5
B,3275,102981673,B_UNIQUE_102981673,,False,1,5
B,3276,102981671,B_UNIQUE_102981671,,False,1,4
B,3277,102561514,B_UNIQUE_102561514,,False,1,5
B,3278,103712760,B_UNIQUE_103712760,,False,1,5
B,3279,103515353,B_UNIQUE_103515353,,False,1,4
B,3280,103434959,B_UNIQUE_103434959,,False,1,3
B,3281,103434910,B_UNIQUE_103434910,,False,1,3
B,3282,103498210,B_UNIQUE_103498210,,False,1,4
B,3283,101491913,B_UNIQUE_101491913,,False,1,2
B,3284,100085128,B_UNIQUE_100085128,,False,1,5
B,3285,103159578,B_UNIQUE_103159578,,False,1,3
B,3286,103114435,B_UNIQUE_103114435,,False,1,4
B,3287,102515573,B_UNIQUE_102515573,,False,1,1
B,3288,102262350,B_UNIQUE_102262350,,False,1,2
B,3289,103400217,B_UNIQUE_103400217,,False,1,3
B,3290,103718348,B_UNIQUE_103718348,,False,1,2
B,3291,103734479,B_UNIQUE_103734479,,False,1,4
B,3292,103781434,B_UNIQUE_103781434,,False,1,4
B,3293,103586078,B_UNIQUE_103586078,,False,1,1
B,3294,103624792,B_UNIQUE_103624792,,False,1,2
B,3295,103080924,B_UNIQUE_103080924,,False,1,3
B,3296,101710780,B_UNIQUE_101710780,,False,1,4
B,3297,98459187,B_UNIQUE_98459187,,False,1,2
B,3298,97158710,B_UNIQUE_97158710,,False,1,4
B,3299,103264750,B_UNIQUE_103264750,,False,1,2
B,3300,103781399,B_UNIQUE_103781399,,False,1,4
B,3301,103781395,B_UNIQUE_103781395,,False,1,3
B,3302,103781374,B_UNIQUE_103781374,,False,1,4
B,3303,103781415,B_UNIQUE_103781415,,False,1,4
B,3304,96025647,B_UNIQUE_96025647,,False,1,5
B,3305,103342467,B_UNIQUE_103342467,,False,1,4
B,3306,103272128,B_UNIQUE_103272128,,False,1,3
B,3307,102940641,B_UNIQUE_102940641,,False,1,3
B,3308,103781589,B_UNIQUE_103781589,,False,1,2
B,3309,103342475,B_UNIQUE_103342475,,False,1,2
B,3310,103781557,B_UNIQUE_103781557,,False,1,2
B,3311,103781549,B_UNIQUE_103781549,,False,1,5
B,3312,103781316,B_UNIQUE_103781316,,False,1,3
B,3313,103781326,B_UNIQUE_103781326,,False,1,3
B,3314,103781346,B_UNIQUE_103781346,,False,1,1
B,3315,103781531,B_UNIQUE_103781531,,False,1,1
B,3316,103454175,B_UNIQUE_103454175,,False,1,1
B,3317,101836062,B_UNIQUE_101836062,,False,1,1
B,3318,103781515,B_UNIQUE_103781515,,False,1,3
B,3319,103781510,B_UNIQUE_103781510,,False,1,1
B,3320,101487429,B_UNIQUE_101487429,,False,1,1
B,3321,103781474,B_UNIQUE_103781474,,False,1,3
B,3322,103781462,B_UNIQUE_103781462,,False,1,1
B,3323,102686684,B_UNIQUE_102686684,,False,1,2
B,3324,99998002,B_UNIQUE_99998002,,False,1,4
B,3325,103781456,B_UNIQUE_103781456,,False,1,1
B,3326,102003737,B_UNIQUE_102003737,,False,1,3
B,3327,103781453,B_UNIQUE_103781453,,False,1,4
B,3328,103781447,B_UNIQUE_103781447,,False,1,2
B,3329,103556803,B_UNIQUE_103556803,,False,1,3
B,3330,103781439,B_UNIQUE_103781439,,False,1,3
B,3331,103454244,B_UNIQUE_103454244,,False,1,4
B,3332,103444149,B_UNIQUE_103444149,,False,1,1
B,3333,103430625,B_UNIQUE_103430625,,False,1,1
B,3334,103248306,B_UNIQUE_103248306,,False,1,2
B,3335,103186446,B_UNIQUE_103186446,,False,1,3
B,3336,103139752,B_UNIQUE_103139752,,False,1,1
B,3337,103674286,B_UNIQUE_103674286,,False,1,2
B,3338,99124107,B_UNIQUE_99124107,,False,1,3
B,3339,102007920,B_UNIQUE_102007920,,False,1,5
B,3340,103389873,B_UNIQUE_103389873,,False,1,4
B,3341,103159773,B_UNIQUE_103159773,,False,1,3
B,3342,103159404,B_UNIQUE_103159404,,False,1,4
B,3343,103114521,B_UNIQUE_103114521,,False,1,2
B,3344,102451882,B_UNIQUE_102451882,,False,1,5
B,3345,97836584,B_UNIQUE_97836584,,False,1,1
B,3346,100485937,B_UNIQUE_100485937,,False,1,3
B,3347,103781078,B_UNIQUE_103781078,,False,1,2
B,3348,98288764,B_UNIQUE_98288764,,False,1,5
B,3349,103527272,B_UNIQUE_103527272,,False,1,1
B,3350,103269285,B_UNIQUE_103269285,,False,1,2
B,3351,96977618,B_UNIQUE_96977618,,False,1,2
B,3352,98543362,B_UNIQUE_98543362,,False,1,5
B,3353,100561066,B_UNIQUE_100561066,,False,1,2
B,3354,98459567,B_UNIQUE_98459567,,False,1,4
B,3355,103623620,B_UNIQUE_103623620,,False,1,4
B,3356,102707673,B_UNIQUE_102707673,,False,1,1
B,3357,102579289,B_UNIQUE_102579289,,False,1,2
B,3358,102553262,B_UNIQUE_102553262,,False,1,5
B,3359,102515753,B_UNIQUE_102515753,,False,1,1
B,3360,103631879,B_UNIQUE_103631879,,False,1,2
B,3361,103781295,B_UNIQUE_103781295,,False,1,2
B,3362,102852007,B_UNIQUE_102852007,,False,1,1
B,3363,103781280,B_UNIQUE_103781280,,False,1,4
B,3364,103753694,B_UNIQUE_103753694,,False,1,3
B,3365,103556824,B_UNIQUE_103556824,,False,1,3
B,3366,100890052,B_UNIQUE_100890052,,False,1,1
B,3367,103669450,B_UNIQUE_103669450,,False,1,3
B,3368,102895682,B_UNIQUE_102895682,,False,1,1
B,3369,103781077,B_UNIQUE_103781077,,False,1,1
B,3370,103781073,B_UNIQUE_103781073,,False,1,5
B,3371,103781072,B_UNIQUE_103781072,,False,1,5
B,3372,103781057,B_UNIQUE_103781057,,False,1,4
B,3373,103781045,B_UNIQUE_103781045,,False,1,3
B,3374,103781044,B_UNIQUE_103781044,,False,1,1
B,3375,102784475,B_UNIQUE_102784475,,False,1,2
B,3376,101191014,B_UNIQUE_101191014,,False,1,5
B,3377,103008080,B_UNIQUE_103008080,,False,1,3
B,3378,102055151,B_UNIQUE_102055151,,False,1,3
B,3379,103781243,B_UNIQUE_103781243,,False,1,4
B,3380,103527251,B_UNIQUE_103527251,,False,1,4
B,3381,96038285,B_UNIQUE_96038285,,False,1,5
B,3382,99397738,B_UNIQUE_99397738,,False,1,4
B,3383,55766395,B_UNIQUE_55766395,,False,1,3
B,3384,103781209,B_UNIQUE_103781209,,False,1,2
B,3385,103781207,B_UNIQUE_103781207,,False,1,4
B,3386,103781205,B_UNIQUE_103781205,,False,1,2
B,3387,103054381,B_UNIQUE_103054381,,False,1,4
B,3388,103462308,B_UNIQUE_103462308,,False,1,5
B,3389,103359466,B_UNIQUE_103359466,,False,1,3
B,3390,103359458,B_UNIQUE_103359458,,False,1,1
B,3391,103781195,B_UNIQUE_103781195,,False,1,5
B,3392,103781190,B_UNIQUE_103781190,,False,1,5
B,3393,103465097,B_UNIQUE_103465097,,False,1,5
B,3394,103781177,B_UNIQUE_103781177,,False,1,3
B,3395,103781023,B_UNIQUE_103781023,,False,1,1
B,3396,103781015,B_UNIQUE_103781015,,False,1,4
B,3397,103781173,B_UNIQUE_103781173,,False,1,4
B,3398,102979967,B_UNIQUE_102979967,,False,1,1
B,3399,97951226,B_UNIQUE_97951226,,False,1,5
B,3400,102133095,B_UNIQUE_102133095,,False,1,5
B,3401,103781156,B_UNIQUE_103781156,,False,1,3
B,3402,102853274,B_UNIQUE_102853274,,False,1,2
B,3403,103781145,B_UNIQUE_103781145,,False,1,5
B,3404,103781123,B_UNIQUE_103781123,,False,1,5
B,3405,101493192,B_RG_0002,B_RG_0002,True,2,5
B,3406,101708995,B_UNIQUE_101708995,,False,1,2
B,3407,102780662,B_UNIQUE_102780662,,False,1,1
B,3408,102985830,B_UNIQUE_102985830,,False,1,1
B,3409,103399025,B_UNIQUE_103399025,,False,1,1
B,3410,103781102,B_UNIQUE_103781102,,False,1,4
B,3411,102495466,B_UNIQUE_102495466,,False,1,5
B,3412,103548511,B_UNIQUE_103548511,,False,1,1
B,3413,103448720,B_UNIQUE_103448720,,False,1,2
B,3414,103445903,B_UNIQUE_103445903,,False,1,1
B,3415,102618040,B_UNIQUE_102618040,,False,1,4
B,3416,102690314,B_UNIQUE_102690314,,False,1,4
B,3417,103620874,B_UNIQUE_103620874,,False,1,3
B,3418,102690849,B_UNIQUE_102690849,,False,1,5
B,3419,102466432,B_UNIQUE_102466432,,False,1,5
B,3420,101595910,B_UNIQUE_101595910,,False,1,5
B,3421,102466923,B_UNIQUE_102466923,,False,1,3
B,3422,100544483,B_UNIQUE_100544483,,False,1,2
B,3423,103316534,B_UNIQUE_103316534,,False,1,1
B,3424,102363666,B_UNIQUE_102363666,,False,1,1
B,3425,99917566,B_UNIQUE_99917566,,False,1,3
B,3426,103135314,B_UNIQUE_103135314,,False,1,4
B,3427,103729295,B_UNIQUE_103729295,,False,1,2
B,3428,103613783,B_UNIQUE_103613783,,False,1,4
B,3429,103248949,B_UNIQUE_103248949,,False,1,5
B,3430,103780869,B_UNIQUE_103780869,,False,1,5
B,3431,103780867,B_UNIQUE_103780867,,False,1,5
B,3432,103237242,B_UNIQUE_103237242,,False,1,1
B,3433,101009211,B_UNIQUE_101009211,,False,1,1
B,3434,103587397,B_UNIQUE_103587397,,False,1,5
B,3435,101765449,B_UNIQUE_101765449,,False,1,3
B,3436,100074568,B_UNIQUE_100074568,,False,1,1
B,3437,103601587,B_UNIQUE_103601587,,False,1,4
B,3438,103601623,B_UNIQUE_103601623,,False,1,5
B,3439,102707617,B_UNIQUE_102707617,,False,1,4
B,3440,103780998,B_UNIQUE_103780998,,False,1,4
B,3441,103780990,B_UNIQUE_103780990,,False,1,3
B,3442,103780853,B_UNIQUE_103780853,,False,1,3
B,3443,103780852,B_UNIQUE_103780852,,False,1,3
B,3444,103780817,B_UNIQUE_103780817,,False,1,4
B,3445,94052167,B_UNIQUE_94052167,,False,1,5
B,3446,99672976,B_UNIQUE_99672976,,False,1,5
B,3447,99227929,B_UNIQUE_99227929,,False,1,1
B,3448,103537247,B_UNIQUE_103537247,,False,1,1
B,3449,103435348,B_UNIQUE_103435348,,False,1,3
B,3450,103780946,B_UNIQUE_103780946,,False,1,5
B,3451,102968657,B_UNIQUE_102968657,,False,1,2
B,3452,100917956,B_UNIQUE_100917956,,False,1,1
B,3453,102130431,B_UNIQUE_102130431,,False,1,3
B,3454,103780747,B_UNIQUE_103780747,,False,1,2
B,3455,103780745,B_UNIQUE_103780745,,False,1,2
B,3456,102800883,B_UNIQUE_102800883,,False,1,3
B,3457,102800881,B_UNIQUE_102800881,,False,1,4
B,3458,102783576,B_UNIQUE_102783576,,False,1,4
B,3459,101161152,B_UNIQUE_101161152,,False,1,1
B,3460,103780775,B_UNIQUE_103780775,,False,1,1
B,3461,103780764,B_UNIQUE_103780764,,False,1,5
B,3462,103780754,B_UNIQUE_103780754,,False,1,2
B,3463,102800878,B_UNIQUE_102800878,,False,1,4
B,3464,103433942,B_UNIQUE_103433942,,False,1,4
B,3465,100326762,B_UNIQUE_100326762,,False,1,1
B,3466,96031773,B_UNIQUE_96031773,,False,1,4
B,3467,101355322,B_UNIQUE_101355322,,False,1,4
B,3468,102033510,B_UNIQUE_102033510,,False,1,2
B,3469,100911351,B_UNIQUE_100911351,,False,1,5
B,3470,103495723,B_UNIQUE_103495723,,False,1,2
B,3471,103495353,B_UNIQUE_103495353,,False,1,3
B,3472,103780880,B_UNIQUE_103780880,,False,1,4
B,3473,103496485,B_UNIQUE_103496485,,False,1,1
B,3474,103711355,B_UNIQUE_103711355,,False,1,1
B,3475,103710996,B_UNIQUE_103710996,,False,1,1
B,3476,103780877,B_RG_0028,B_RG_0028,True,2,4
B,3477,100750230,B_UNIQUE_100750230,,False,1,4
B,3478,103045965,B_UNIQUE_103045965,,False,1,1
B,3479,102495385,B_UNIQUE_102495385,,False,1,3
B,3480,103128001,B_UNIQUE_103128001,,False,1,1
B,3481,102495064,B_UNIQUE_102495064,,False,1,2
B,3482,101672210,B_UNIQUE_101672210,,False,1,4
B,3483,102693173,B_UNIQUE_102693173,,False,1,1
B,3484,102691019,B_UNIQUE_102691019,,False,1,4
B,3485,102725874,B_UNIQUE_102725874,,False,1,3
B,3486,102583375,B_UNIQUE_102583375,,False,1,2
B,3487,102690981,B_UNIQUE_102690981,,False,1,5
B,3488,102690822,B_UNIQUE_102690822,,False,1,3
B,3489,102452772,B_UNIQUE_102452772,,False,1,3
B,3490,103675662,B_UNIQUE_103675662,,False,1,2
B,3491,103449275,B_UNIQUE_103449275,,False,1,2
B,3492,101431798,B_UNIQUE_101431798,,False,1,5
B,3493,101122065,B_UNIQUE_101122065,,False,1,2
B,3494,103283797,B_UNIQUE_103283797,,False,1,3
B,3495,103175932,B_UNIQUE_103175932,,False,1,4
B,3496,101256806,B_UNIQUE_101256806,,False,1,1
B,3497,100790079,B_UNIQUE_100790079,,False,1,1
B,3498,96905594,B_UNIQUE_96905594,,False,1,2
B,3499,103659913,B_UNIQUE_103659913,,False,1,2
B,3500,101688647,B_UNIQUE_101688647,,False,1,1
B,3501,101897522,B_UNIQUE_101897522,,False,1,4
B,3502,99934617,B_UNIQUE_99934617,,False,1,1
B,3503,103403509,B_UNIQUE_103403509,,False,1,4
B,3504,103159221,B_UNIQUE_103159221,,False,1,1
B,3505,101239305,B_UNIQUE_101239305,,False,1,3
B,3506,99889965,B_UNIQUE_99889965,,False,1,4
B,3507,102221420,B_UNIQUE_102221420,,False,1,4
B,3508,103616195,B_UNIQUE_103616195,,False,1,5
B,3509,102457330,B_UNIQUE_102457330,,False,1,3
B,3510,102783562,B_UNIQUE_102783562,,False,1,4
B,3511,102800899,B_UNIQUE_102800899,,False,1,3
B,3512,103780759,B_UNIQUE_103780759,,False,1,1
B,3513,101777096,B_UNIQUE_101777096,,False,1,2
B,3514,100629227,B_UNIQUE_100629227,,False,1,1
B,3515,96019514,B_UNIQUE_96019514,,False,1,1
B,3516,90554495,B_UNIQUE_90554495,,False,1,3
B,3517,102708899,B_UNIQUE_102708899,,False,1,1
B,3518,102612574,B_UNIQUE_102612574,,False,1,4
B,3519,102584887,B_UNIQUE_102584887,,False,1,1
B,3520,103780709,B_UNIQUE_103780709,,False,1,2
B,3521,103463427,B_UNIQUE_103463427,,False,1,3
B,3522,103720193,B_UNIQUE_103720193,,False,1,2
B,3523,102074388,B_UNIQUE_102074388,,False,1,5
B,3524,102887270,B_UNIQUE_102887270,,False,1,3
B,3525,103780479,B_UNIQUE_103780479,,False,1,4
B,3526,103780460,B_UNIQUE_103780460,,False,1,4
B,3527,102898729,B_UNIQUE_102898729,,False,1,4
B,3528,103780493,B_UNIQUE_103780493,,False,1,1
B,3529,103780518,B_UNIQUE_103780518,,False,1,1
B,3530,103780502,B_UNIQUE_103780502,,False,1,2
B,3531,102783560,B_UNIQUE_102783560,,False,1,4
B,3532,103780656,B_UNIQUE_103780656,,False,1,2
B,3533,103131121,B_UNIQUE_103131121,,False,1,5
B,3534,103132230,B_UNIQUE_103132230,,False,1,1
B,3535,102360468,B_UNIQUE_102360468,,False,1,1
B,3536,102136019,B_UNIQUE_102136019,,False,1,2
B,3537,101948460,B_UNIQUE_101948460,,False,1,2
B,3538,103537751,B_UNIQUE_103537751,,False,1,4
B,3539,102989770,B_UNIQUE_102989770,,False,1,2
B,3540,103780637,B_UNIQUE_103780637,,False,1,2
B,3541,102800889,B_UNIQUE_102800889,,False,1,1
B,3542,102841930,B_UNIQUE_102841930,,False,1,5
B,3543,102839472,B_UNIQUE_102839472,,False,1,3
B,3544,102835140,B_UNIQUE_102835140,,False,1,4
B,3545,102853401,B_UNIQUE_102853401,,False,1,3
B,3546,102567572,B_UNIQUE_102567572,,False,1,1
B,3547,103780620,B_UNIQUE_103780620,,False,1,2
B,3548,103780616,B_UNIQUE_103780616,,False,1,4
B,3549,102266202,B_UNIQUE_102266202,,False,1,4
B,3550,102234707,B_UNIQUE_102234707,,False,1,4
B,3551,102841929,B_UNIQUE_102841929,,False,1,3
B,3552,102784472,B_UNIQUE_102784472,,False,1,4
B,3553,102871276,B_UNIQUE_102871276,,False,1,4
B,3554,101898218,B_UNIQUE_101898218,,False,1,3
B,3555,101897718,B_UNIQUE_101897718,,False,1,1
B,3556,100605162,B_UNIQUE_100605162,,False,1,3
B,3557,102871252,B_UNIQUE_102871252,,False,1,5
B,3558,103780595,B_UNIQUE_103780595,,False,1,1
B,3559,102206882,B_UNIQUE_102206882,,False,1,3
B,3560,103780419,B_UNIQUE_103780419,,False,1,1
B,3561,103780408,B_UNIQUE_103780408,,False,1,3
B,3562,103780386,B_UNIQUE_103780386,,False,1,3
B,3563,103780382,B_UNIQUE_103780382,,False,1,2
B,3564,103780381,B_UNIQUE_103780381,,False,1,3
B,3565,103780380,B_UNIQUE_103780380,,False,1,1
B,3566,103780378,B_UNIQUE_103780378,,False,1,2
B,3567,103780377,B_UNIQUE_103780377,,False,1,3
B,3568,103780376,B_UNIQUE_103780376,,False,1,4
B,3569,103780373,B_UNIQUE_103780373,,False,1,2
B,3570,103780370,B_UNIQUE_103780370,,False,1,4
B,3571,103780367,B_UNIQUE_103780367,,False,1,4
B,3572,103780366,B_UNIQUE_103780366,,False,1,5
B,3573,103780363,B_UNIQUE_103780363,,False,1,1
B,3574,103780359,B_UNIQUE_103780359,,False,1,5
B,3575,103780357,B_UNIQUE_103780357,,False,1,3
B,3576,102904350,B_UNIQUE_102904350,,False,1,3
B,3577,102682795,B_UNIQUE_102682795,,False,1,2
B,3578,102173380,B_UNIQUE_102173380,,False,1,1
B,3579,103780439,B_UNIQUE_103780439,,False,1,1
B,3580,102732169,B_UNIQUE_102732169,,False,1,3
B,3581,103004623,B_UNIQUE_103004623,,False,1,4
B,3582,102796617,B_UNIQUE_102796617,,False,1,5
B,3583,103342472,B_UNIQUE_103342472,,False,1,1
B,3584,101152777,B_UNIQUE_101152777,,False,1,5
B,3585,103462618,B_UNIQUE_103462618,,False,1,4
B,3586,103340228,B_UNIQUE_103340228,,False,1,4
B,3587,102759981,B_UNIQUE_102759981,,False,1,4
B,3588,103004605,B_UNIQUE_103004605,,False,1,5
B,3589,103780569,B_UNIQUE_103780569,,False,1,1
B,3590,101732984,B_UNIQUE_101732984,,False,1,5
B,3591,100750304,B_UNIQUE_100750304,,False,1,5
B,3592,103060200,B_UNIQUE_103060200,,False,1,2
B,3593,103780541,B_UNIQUE_103780541,,False,1,1
B,3594,103270495,B_UNIQUE_103270495,,False,1,5
B,3595,102685541,B_UNIQUE_102685541,,False,1,4
B,3596,102941431,B_UNIQUE_102941431,,False,1,2
B,3597,102726838,B_UNIQUE_102726838,,False,1,2
B,3598,102693202,B_UNIQUE_102693202,,False,1,3
B,3599,102693082,B_UNIQUE_102693082,,False,1,2
B,3600,102685481,B_UNIQUE_102685481,,False,1,2
B,3601,102692868,B_UNIQUE_102692868,,False,1,5
B,3602,102561710,B_UNIQUE_102561710,,False,1,5
B,3603,102969899,B_UNIQUE_102969899,,False,1,3
B,3604,101239391,B_UNIQUE_101239391,,False,1,2
B,3605,100507838,B_UNIQUE_100507838,,False,1,5
B,3606,99361389,B_UNIQUE_99361389,,False,1,4
B,3607,102008021,B_UNIQUE_102008021,,False,1,3
B,3608,103541214,B_UNIQUE_103541214,,False,1,4
B,3609,102695939,B_UNIQUE_102695939,,False,1,5
B,3610,100914862,B_UNIQUE_100914862,,False,1,2
B,3611,102709304,B_UNIQUE_102709304,,False,1,2
B,3612,102210221,B_UNIQUE_102210221,,False,1,3
B,3613,101850328,B_UNIQUE_101850328,,False,1,4
B,3614,101920468,B_UNIQUE_101920468,,False,1,1
B,3615,103780183,B_UNIQUE_103780183,,False,1,1
B,3616,103780428,B_UNIQUE_103780428,,False,1,3
B,3617,101609195,B_UNIQUE_101609195,,False,1,1
B,3618,102951643,B_UNIQUE_102951643,,False,1,4
B,3619,103780395,B_UNIQUE_103780395,,False,1,1
B,3620,103551988,B_UNIQUE_103551988,,False,1,2
B,3621,103720341,B_UNIQUE_103720341,,False,1,2
B,3622,103282805,B_UNIQUE_103282805,,False,1,5
B,3623,102233357,B_UNIQUE_102233357,,False,1,3
B,3624,103473725,B_UNIQUE_103473725,,False,1,4
B,3625,102665213,B_UNIQUE_102665213,,False,1,3
B,3626,102658033,B_UNIQUE_102658033,,False,1,5
B,3627,103780346,B_UNIQUE_103780346,,False,1,3
B,3628,103780344,B_UNIQUE_103780344,,False,1,5
B,3629,103780171,B_UNIQUE_103780171,,False,1,4
B,3630,103780151,B_RG_0028,B_RG_0028,True,2,4
B,3631,103780144,B_UNIQUE_103780144,,False,1,1
B,3632,103780118,B_UNIQUE_103780118,,False,1,3
B,3633,103780109,B_UNIQUE_103780109,,False,1,5
B,3634,103780090,B_UNIQUE_103780090,,False,1,1
B,3635,103780160,B_UNIQUE_103780160,,False,1,3
B,3636,103780157,B_UNIQUE_103780157,,False,1,4
B,3637,103780333,B_UNIQUE_103780333,,False,1,2
B,3638,94476283,B_UNIQUE_94476283,,False,1,5
B,3639,103780322,B_UNIQUE_103780322,,False,1,5
B,3640,103780315,B_UNIQUE_103780315,,False,1,5
B,3641,85818180,B_UNIQUE_85818180,,False,1,4
B,3642,103742690,B_UNIQUE_103742690,,False,1,1
B,3643,103780296,B_UNIQUE_103780296,,False,1,1
B,3644,102787285,B_UNIQUE_102787285,,False,1,1
B,3645,102787605,B_UNIQUE_102787605,,False,1,1
B,3646,102786533,B_UNIQUE_102786533,,False,1,3
B,3647,102787557,B_UNIQUE_102787557,,False,1,4
B,3648,102786624,B_UNIQUE_102786624,,False,1,2
B,3649,102787587,B_UNIQUE_102787587,,False,1,4
B,3650,98474108,B_UNIQUE_98474108,,False,1,4
B,3651,100786387,B_UNIQUE_100786387,,False,1,5
B,3652,102799014,B_UNIQUE_102799014,,False,1,2
B,3653,100751627,B_UNIQUE_100751627,,False,1,3
B,3654,102799650,B_UNIQUE_102799650,,False,1,3
B,3655,100677623,B_UNIQUE_100677623,,False,1,5
B,3656,101853301,B_UNIQUE_101853301,,False,1,2
B,3657,94715298,B_UNIQUE_94715298,,False,1,2
B,3658,102797907,B_UNIQUE_102797907,,False,1,5
B,3659,98874723,B_UNIQUE_98874723,,False,1,5
B,3660,100786205,B_UNIQUE_100786205,,False,1,3
B,3661,100664244,B_UNIQUE_100664244,,False,1,3
B,3662,103780287,B_UNIQUE_103780287,,False,1,1
B,3663,100786030,B_UNIQUE_100786030,,False,1,2
B,3664,102798780,B_UNIQUE_102798780,,False,1,3
B,3665,96417335,B_UNIQUE_96417335,,False,1,1
B,3666,102797619,B_UNIQUE_102797619,,False,1,3
B,3667,102797739,B_UNIQUE_102797739,,False,1,5
B,3668,100790240,B_UNIQUE_100790240,,False,1,3
B,3669,89546969,B_UNIQUE_89546969,,False,1,4
B,3670,102871434,B_UNIQUE_102871434,,False,1,1
B,3671,103399768,B_UNIQUE_103399768,,False,1,5
B,3672,100961547,B_UNIQUE_100961547,,False,1,1
B,3673,101239972,B_UNIQUE_101239972,,False,1,4
B,3674,103653862,B_UNIQUE_103653862,,False,1,5
B,3675,103780058,B_UNIQUE_103780058,,False,1,4
B,3676,103780056,B_UNIQUE_103780056,,False,1,2
B,3677,103780048,B_UNIQUE_103780048,,False,1,4
B,3678,103780055,B_UNIQUE_103780055,,False,1,5
B,3679,102871890,B_UNIQUE_102871890,,False,1,4
B,3680,103780081,B_UNIQUE_103780081,,False,1,2
B,3681,103012748,B_UNIQUE_103012748,,False,1,4
B,3682,103156264,B_UNIQUE_103156264,,False,1,1
B,3683,103397524,B_UNIQUE_103397524,,False,1,1
B,3684,102760370,B_UNIQUE_102760370,,False,1,3
B,3685,99358390,B_UNIQUE_99358390,,False,1,1
B,3686,103780242,B_UNIQUE_103780242,,False,1,1
B,3687,102497514,B_UNIQUE_102497514,,False,1,3
B,3688,102718273,B_UNIQUE_102718273,,False,1,5
B,3689,103780238,B_UNIQUE_103780238,,False,1,1
B,3690,102138204,B_UNIQUE_102138204,,False,1,2
B,3691,103780231,B_UNIQUE_103780231,,False,1,3
B,3692,103353479,B_UNIQUE_103353479,,False,1,2
B,3693,103780224,B_UNIQUE_103780224,,False,1,3
B,3694,102778353,B_UNIQUE_102778353,,False,1,4
B,3695,101515637,B_UNIQUE_101515637,,False,1,2
B,3696,102898118,B_UNIQUE_102898118,,False,1,5
B,3697,102898823,B_UNIQUE_102898823,,False,1,5
B,3698,103643911,B_UNIQUE_103643911,,False,1,4
B,3699,103060543,B_UNIQUE_103060543,,False,1,1
B,3700,103033446,B_UNIQUE_103033446,,False,1,3
B,3701,103780196,B_UNIQUE_103780196,,False,1,2
B,3702,103780191,B_UNIQUE_103780191,,False,1,1
B,3703,103780190,B_UNIQUE_103780190,,False,1,4
B,3704,103780189,B_UNIQUE_103780189,,False,1,3
B,3705,102948277,B_UNIQUE_102948277,,False,1,3
B,3706,102947985,B_UNIQUE_102947985,,False,1,5
B,3707,103448724,B_UNIQUE_103448724,,False,1,3
B,3708,103269148,B_UNIQUE_103269148,,False,1,1
B,3709,102966001,B_UNIQUE_102966001,,False,1,1
B,3710,103248220,B_UNIQUE_103248220,,False,1,3
B,3711,103187574,B_UNIQUE_103187574,,False,1,2
B,3712,103141530,B_UNIQUE_103141530,,False,1,5
B,3713,100267379,B_UNIQUE_100267379,,False,1,5
B,3714,103110513,B_UNIQUE_103110513,,False,1,3
B,3715,103131323,B_UNIQUE_103131323,,False,1,3
B,3716,103668823,B_UNIQUE_103668823,,False,1,2
B,3717,103342169,B_UNIQUE_103342169,,False,1,2
B,3718,102969909,B_UNIQUE_102969909,,False,1,5
B,3719,103342520,B_UNIQUE_103342520,,False,1,1
B,3720,103342419,B_UNIQUE_103342419,,False,1,2
B,3721,103318967,B_UNIQUE_103318967,,False,1,3
B,3722,100263832,B_UNIQUE_100263832,,False,1,2
B,3723,99115455,B_UNIQUE_99115455,,False,1,5
B,3724,103526659,B_UNIQUE_103526659,,False,1,2
B,3725,103779862,B_UNIQUE_103779862,,False,1,1
B,3726,103779860,B_UNIQUE_103779860,,False,1,3
B,3727,102781949,B_UNIQUE_102781949,,False,1,3
B,3728,103566354,B_UNIQUE_103566354,,False,1,5
B,3729,99643828,B_UNIQUE_99643828,,False,1,3
B,3730,103780041,B_UNIQUE_103780041,,False,1,5
B,3731,98490601,B_UNIQUE_98490601,,False,1,4
B,3732,93303364,B_UNIQUE_93303364,,False,1,5
B,3733,100693424,B_UNIQUE_100693424,,False,1,3
B,3734,100678767,B_UNIQUE_100678767,,False,1,3
B,3735,102803700,B_UNIQUE_102803700,,False,1,3
B,3736,103779790,B_UNIQUE_103779790,,False,1,3
B,3737,103779780,B_UNIQUE_103779780,,False,1,2
B,3738,103779798,B_UNIQUE_103779798,,False,1,1
B,3739,103779789,B_UNIQUE_103779789,,False,1,2
B,3740,102718676,B_UNIQUE_102718676,,False,1,5
B,3741,103779846,B_UNIQUE_103779846,,False,1,2
B,3742,103779834,B_UNIQUE_103779834,,False,1,3
B,3743,103779810,B_UNIQUE_103779810,,False,1,5
B,3744,103585315,B_UNIQUE_103585315,,False,1,3
B,3745,101272625,B_UNIQUE_101272625,,False,1,4
B,3746,86046731,B_UNIQUE_86046731,,False,1,3
B,3747,83621995,B_UNIQUE_83621995,,False,1,2
B,3748,103780016,B_UNIQUE_103780016,,False,1,4
B,3749,102494161,B_UNIQUE_102494161,,False,1,5
B,3750,103780012,B_UNIQUE_103780012,,False,1,4
B,3751,103713122,B_UNIQUE_103713122,,False,1,4
B,3752,103780000,B_UNIQUE_103780000,,False,1,2
B,3753,103570238,B_UNIQUE_103570238,,False,1,4
B,3754,102693117,B_UNIQUE_102693117,,False,1,2
B,3755,103590482,B_UNIQUE_103590482,,False,1,4
B,3756,102748031,B_UNIQUE_102748031,,False,1,3
B,3757,103779978,B_UNIQUE_103779978,,False,1,1
B,3758,103779971,B_UNIQUE_103779971,,False,1,2
B,3759,103779969,B_UNIQUE_103779969,,False,1,3
B,3760,103779965,B_UNIQUE_103779965,,False,1,1
B,3761,103779774,B_UNIQUE_103779774,,False,1,2
B,3762,103779739,B_UNIQUE_103779739,,False,1,1
B,3763,103779731,B_UNIQUE_103779731,,False,1,5
B,3764,102781822,B_UNIQUE_102781822,,False,1,2
B,3765,102732515,B_UNIQUE_102732515,,False,1,3
B,3766,103779922,B_UNIQUE_103779922,,False,1,5
B,3767,103779915,B_UNIQUE_103779915,,False,1,2
B,3768,101710600,B_UNIQUE_101710600,,False,1,4
B,3769,99124760,B_UNIQUE_99124760,,False,1,5
B,3770,102612197,B_UNIQUE_102612197,,False,1,1
B,3771,101710774,B_UNIQUE_101710774,,False,1,2
B,3772,101710638,B_UNIQUE_101710638,,False,1,1
B,3773,100682856,B_UNIQUE_100682856,,False,1,5
B,3774,102695316,B_UNIQUE_102695316,,False,1,5
B,3775,98695123,B_UNIQUE_98695123,,False,1,4
B,3776,100770946,B_UNIQUE_100770946,,False,1,4
B,3777,100790250,B_UNIQUE_100790250,,False,1,5
B,3778,102565829,B_UNIQUE_102565829,,False,1,5
B,3779,102564928,B_UNIQUE_102564928,,False,1,2
B,3780,102785385,B_UNIQUE_102785385,,False,1,2
B,3781,102785306,B_UNIQUE_102785306,,False,1,2
B,3782,102785259,B_UNIQUE_102785259,,False,1,4
B,3783,102871005,B_UNIQUE_102871005,,False,1,1
B,3784,102870769,B_UNIQUE_102870769,,False,1,1
B,3785,102870797,B_UNIQUE_102870797,,False,1,1
B,3786,102870901,B_UNIQUE_102870901,,False,1,3
B,3787,103156204,B_UNIQUE_103156204,,False,1,2
B,3788,103779905,B_UNIQUE_103779905,,False,1,2
B,3789,103779892,B_UNIQUE_103779892,,False,1,4
B,3790,103779890,B_UNIQUE_103779890,,False,1,2
