scenario,row_index,listing_id,group_id,repeat_group_id,is_grouped_repeat,group_size,fold
A,0,98187451,A_UNIQUE_98187451,,False,1,1
A,1,101683090,A_UNIQUE_101683090,,False,1,2
A,2,103792905,A_UNIQUE_103792905,,False,1,3
A,3,103806240,A_UNIQUE_103806240,,False,1,1
A,4,103806234,A_UNIQUE_103806234,,False,1,2
A,5,103739787,A_UNIQUE_103739787,,False,1,4
A,6,103690767,A_UNIQUE_103690767,,False,1,1
A,7,103615852,A_UNIQUE_103615852,,False,1,5
A,8,103615849,A_UNIQUE_103615849,,False,1,4
A,9,102460346,A_UNIQUE_102460346,,False,1,4
A,10,103806285,A_UNIQUE_103806285,,False,1,1
A,11,103739661,A_UNIQUE_103739661,,False,1,4
A,12,103696451,A_UNIQUE_103696451,,False,1,3
A,13,103580644,A_UNIQUE_103580644,,False,1,2
A,14,102452522,A_UNIQUE_102452522,,False,1,1
A,15,103806203,A_UNIQUE_103806203,,False,1,4
A,16,103806202,A_UNIQUE_103806202,,False,1,3
A,17,103806192,A_UNIQUE_103806192,,False,1,4
A,18,103246638,A_UNIQUE_103246638,,False,1,3
A,19,103740356,A_UNIQUE_103740356,,False,1,5
A,20,103589322,A_UNIQUE_103589322,,False,1,4
A,21,103582335,A_UNIQUE_103582335,,False,1,1
A,22,103386504,A_UNIQUE_103386504,,False,1,5
A,23,103684680,A_UNIQUE_103684680,,False,1,5
A,24,103683568,A_UNIQUE_103683568,,False,1,5
A,25,103806074,A_UNIQUE_103806074,,False,1,4
A,26,103805967,A_UNIQUE_103805967,,False,1,5
A,27,103805963,A_UNIQUE_103805963,,False,1,2
A,28,103805953,A_UNIQUE_103805953,,False,1,3
A,29,103615831,A_UNIQUE_103615831,,False,1,4
A,30,102461841,A_UNIQUE_102461841,,False,1,3
A,31,101979792,A_UNIQUE_101979792,,False,1,4
A,32,103806053,A_UNIQUE_103806053,,False,1,2
A,33,103715477,A_UNIQUE_103715477,,False,1,4
A,34,103805909,A_UNIQUE_103805909,,False,1,3
A,35,103805998,A_UNIQUE_103805998,,False,1,5
A,36,103292386,A_UNIQUE_103292386,,False,1,5
A,37,103292345,A_UNIQUE_103292345,,False,1,5
A,38,103292300,A_UNIQUE_103292300,,False,1,5
A,39,101804692,A_UNIQUE_101804692,,False,1,4
A,40,100462242,A_UNIQUE_100462242,,False,1,5
A,41,103703580,A_UNIQUE_103703580,,False,1,3
A,42,103640175,A_UNIQUE_103640175,,False,1,2
A,43,102709021,A_UNIQUE_102709021,,False,1,5
A,44,103805884,A_UNIQUE_103805884,,False,1,4
A,45,103125815,A_UNIQUE_103125815,,False,1,3
A,46,103755519,A_UNIQUE_103755519,,False,1,3
A,47,103690820,A_UNIQUE_103690820,,False,1,1
A,48,102135985,A_UNIQUE_102135985,,False,1,3
A,49,103637327,A_UNIQUE_103637327,,False,1,3
A,50,103594449,A_UNIQUE_103594449,,False,1,3
A,51,103142753,A_UNIQUE_103142753,,False,1,3
A,52,103754290,A_UNIQUE_103754290,,False,1,5
A,53,103805698,A_UNIQUE_103805698,,False,1,1
A,54,103805692,A_UNIQUE_103805692,,False,1,3
A,55,102399058,A_UNIQUE_102399058,,False,1,5
A,56,102725008,A_UNIQUE_102725008,,False,1,1
A,57,102664029,A_UNIQUE_102664029,,False,1,4
A,58,103042046,A_UNIQUE_103042046,,False,1,3
A,59,103805672,A_UNIQUE_103805672,,False,1,3
A,60,103805666,A_UNIQUE_103805666,,False,1,3
A,61,103805719,A_UNIQUE_103805719,,False,1,4
A,62,103805714,A_UNIQUE_103805714,,False,1,3
A,63,103805712,A_UNIQUE_103805712,,False,1,4
A,64,102887743,A_UNIQUE_102887743,,False,1,3
A,65,103120855,A_UNIQUE_103120855,,False,1,2
A,66,103795255,A_UNIQUE_103795255,,False,1,2
A,67,103708653,A_UNIQUE_103708653,,False,1,5
A,68,103795254,A_UNIQUE_103795254,,False,1,1
A,69,103795238,A_UNIQUE_103795238,,False,1,4
A,70,103663119,A_UNIQUE_103663119,,False,1,4
A,71,103537807,A_UNIQUE_103537807,,False,1,5
A,72,101480721,A_UNIQUE_101480721,,False,1,2
A,73,103530633,A_UNIQUE_103530633,,False,1,3
A,74,103805563,A_UNIQUE_103805563,,False,1,2
A,75,103805555,A_UNIQUE_103805555,,False,1,1
A,76,102631653,A_UNIQUE_102631653,,False,1,3
A,77,102006980,A_UNIQUE_102006980,,False,1,3
A,78,103805644,A_UNIQUE_103805644,,False,1,5
A,79,103073792,A_UNIQUE_103073792,,False,1,5
A,80,102725022,A_UNIQUE_102725022,,False,1,5
A,81,102850930,A_UNIQUE_102850930,,False,1,1
A,82,103149030,A_UNIQUE_103149030,,False,1,5
A,83,103805620,A_UNIQUE_103805620,,False,1,3
A,84,103805611,A_UNIQUE_103805611,,False,1,5
A,85,103805539,A_UNIQUE_103805539,,False,1,1
A,86,103581872,A_UNIQUE_103581872,,False,1,2
A,87,103563958,A_UNIQUE_103563958,,False,1,1
A,88,103443920,A_UNIQUE_103443920,,False,1,2
A,89,103383454,A_UNIQUE_103383454,,False,1,2
A,90,103351715,A_UNIQUE_103351715,,False,1,1
A,91,103323847,A_UNIQUE_103323847,,False,1,3
A,92,103293875,A_UNIQUE_103293875,,False,1,4
A,93,103199527,A_UNIQUE_103199527,,False,1,1
A,94,102738500,A_UNIQUE_102738500,,False,1,1
A,95,102492658,A_UNIQUE_102492658,,False,1,4
A,96,102343002,A_UNIQUE_102343002,,False,1,2
A,97,102223783,A_UNIQUE_102223783,,False,1,3
A,98,102211027,A_UNIQUE_102211027,,False,1,2
A,99,100883751,A_UNIQUE_100883751,,False,1,3
A,100,99869405,A_UNIQUE_99869405,,False,1,4
A,101,103098770,A_UNIQUE_103098770,,False,1,2
A,102,103805449,A_UNIQUE_103805449,,False,1,5
A,103,102631668,A_UNIQUE_102631668,,False,1,1
A,104,103805522,A_UNIQUE_103805522,,False,1,5
A,105,103805519,A_UNIQUE_103805519,,False,1,5
A,106,103805518,A_UNIQUE_103805518,,False,1,3
A,107,103805514,A_UNIQUE_103805514,,False,1,1
A,108,103805511,A_UNIQUE_103805511,,False,1,2
A,109,103805510,A_UNIQUE_103805510,,False,1,3
A,110,103805502,A_UNIQUE_103805502,,False,1,5
A,111,103805427,A_UNIQUE_103805427,,False,1,2
A,112,103805422,A_UNIQUE_103805422,,False,1,2
A,113,102631678,A_UNIQUE_102631678,,False,1,1
A,114,101602694,A_UNIQUE_101602694,,False,1,1
A,115,103734716,A_UNIQUE_103734716,,False,1,2
A,116,102649103,A_UNIQUE_102649103,,False,1,4
A,117,102790896,A_UNIQUE_102790896,,False,1,1
A,118,103338849,A_UNIQUE_103338849,,False,1,5
A,119,103805308,A_UNIQUE_103805308,,False,1,2
A,120,101224511,A_UNIQUE_101224511,,False,1,4
A,121,103805444,A_UNIQUE_103805444,,False,1,3
A,122,103805439,A_UNIQUE_103805439,,False,1,5
A,123,103273883,A_UNIQUE_103273883,,False,1,2
A,124,103805409,A_UNIQUE_103805409,,False,1,3
A,125,103805406,A_UNIQUE_103805406,,False,1,3
A,126,103805404,A_UNIQUE_103805404,,False,1,5
A,127,103805403,A_UNIQUE_103805403,,False,1,2
A,128,103805401,A_UNIQUE_103805401,,False,1,2
A,129,103805398,A_UNIQUE_103805398,,False,1,3
A,130,103805396,A_UNIQUE_103805396,,False,1,4
A,131,103805390,A_UNIQUE_103805390,,False,1,1
A,132,94739862,A_UNIQUE_94739862,,False,1,5
A,133,100922534,A_UNIQUE_100922534,,False,1,2
A,134,103805375,A_UNIQUE_103805375,,False,1,3
A,135,103805366,A_UNIQUE_103805366,,False,1,1
A,136,102859087,A_UNIQUE_102859087,,False,1,1
A,137,100049703,A_UNIQUE_100049703,,False,1,4
A,138,103805244,A_UNIQUE_103805244,,False,1,1
A,139,101557901,A_UNIQUE_101557901,,False,1,1
A,140,103705457,A_UNIQUE_103705457,,False,1,1
A,141,103705756,A_UNIQUE_103705756,,False,1,4
A,142,103805331,A_UNIQUE_103805331,,False,1,2
A,143,103805321,A_UNIQUE_103805321,,False,1,3
A,144,102920513,A_UNIQUE_102920513,,False,1,3
A,145,103187350,A_UNIQUE_103187350,,False,1,3
A,146,103805305,A_UNIQUE_103805305,,False,1,5
A,147,103539418,A_UNIQUE_103539418,,False,1,3
A,148,103050905,A_UNIQUE_103050905,,False,1,1
A,149,103176156,A_UNIQUE_103176156,,False,1,1
A,150,103050937,A_UNIQUE_103050937,,False,1,2
A,151,103805177,A_UNIQUE_103805177,,False,1,5
A,152,103805172,A_UNIQUE_103805172,,False,1,3
A,153,102554797,A_UNIQUE_102554797,,False,1,4
A,154,101907204,A_UNIQUE_101907204,,False,1,1
A,155,101830037,A_UNIQUE_101830037,,False,1,2
A,156,103805238,A_UNIQUE_103805238,,False,1,3
A,157,103805222,A_UNIQUE_103805222,,False,1,3
A,158,30964923,A_UNIQUE_30964923,,False,1,4
A,159,103652447,A_UNIQUE_103652447,,False,1,1
A,160,100049749,A_UNIQUE_100049749,,False,1,2
A,161,103805089,A_UNIQUE_103805089,,False,1,2
A,162,103805118,A_UNIQUE_103805118,,False,1,2
A,163,103805117,A_UNIQUE_103805117,,False,1,4
A,164,103805207,A_UNIQUE_103805207,,False,1,5
A,165,103792460,A_UNIQUE_103792460,,False,1,4
A,166,103487988,A_UNIQUE_103487988,,False,1,5
A,167,103436550,A_UNIQUE_103436550,,False,1,3
A,168,103805030,A_UNIQUE_103805030,,False,1,1
A,169,103434472,A_UNIQUE_103434472,,False,1,4
A,170,103805026,A_UNIQUE_103805026,,False,1,3
A,171,103610151,A_UNIQUE_103610151,,False,1,1
A,172,100751667,A_UNIQUE_100751667,,False,1,1
A,173,103805021,A_UNIQUE_103805021,,False,1,5
A,174,103694293,A_UNIQUE_103694293,,False,1,2
A,175,103509966,A_UNIQUE_103509966,,False,1,4
A,176,103804933,A_UNIQUE_103804933,,False,1,1
A,177,103648844,A_UNIQUE_103648844,,False,1,5
A,178,102467837,A_UNIQUE_102467837,,False,1,5
A,179,103804857,A_UNIQUE_103804857,,False,1,2
A,180,101776501,A_UNIQUE_101776501,,False,1,2
A,181,101812252,A_UNIQUE_101812252,,False,1,5
A,182,101817399,A_UNIQUE_101817399,,False,1,4
A,183,100780015,A_UNIQUE_100780015,,False,1,1
A,184,101709396,A_UNIQUE_101709396,,False,1,1
A,185,102990565,A_UNIQUE_102990565,,False,1,4
A,186,103804826,A_UNIQUE_103804826,,False,1,4
A,187,103804825,A_UNIQUE_103804825,,False,1,5
A,188,103493683,A_UNIQUE_103493683,,False,1,4
A,189,103465493,A_UNIQUE_103465493,,False,1,1
A,190,103126986,A_UNIQUE_103126986,,False,1,4
A,191,101186465,A_UNIQUE_101186465,,False,1,4
A,192,100503785,A_UNIQUE_100503785,,False,1,3
A,193,100338053,A_UNIQUE_100338053,,False,1,1
A,194,83622800,A_UNIQUE_83622800,,False,1,4
A,195,103249540,A_UNIQUE_103249540,,False,1,5
A,196,103804692,A_UNIQUE_103804692,,False,1,3
A,197,100369189,A_UNIQUE_100369189,,False,1,4
A,198,102754019,A_UNIQUE_102754019,,False,1,3
A,199,96323999,A_UNIQUE_96323999,,False,1,3
A,200,96324225,A_UNIQUE_96324225,,False,1,2
A,201,95783518,A_UNIQUE_95783518,,False,1,3
A,202,102352239,A_UNIQUE_102352239,,False,1,3
A,203,96433542,A_UNIQUE_96433542,,False,1,2
A,204,103804595,A_UNIQUE_103804595,,False,1,5
A,205,103804591,A_UNIQUE_103804591,,False,1,3
A,206,103804585,A_UNIQUE_103804585,,False,1,4
A,207,103804652,A_UNIQUE_103804652,,False,1,4
A,208,103791585,A_UNIQUE_103791585,,False,1,5
A,209,103739574,A_UNIQUE_103739574,,False,1,4
A,210,103644888,A_UNIQUE_103644888,,False,1,4
A,211,103612129,A_UNIQUE_103612129,,False,1,3
A,212,103558767,A_UNIQUE_103558767,,False,1,5
A,213,102514324,A_UNIQUE_102514324,,False,1,5
A,214,103169491,A_UNIQUE_103169491,,False,1,4
A,215,103804567,A_UNIQUE_103804567,,False,1,3
A,216,103804632,A_UNIQUE_103804632,,False,1,1
A,217,103224951,A_UNIQUE_103224951,,False,1,3
A,218,103804617,A_UNIQUE_103804617,,False,1,4
A,219,102462695,A_UNIQUE_102462695,,False,1,1
A,220,103804483,A_UNIQUE_103804483,,False,1,2
A,221,103804560,A_UNIQUE_103804560,,False,1,1
A,222,103804467,A_UNIQUE_103804467,,False,1,5
A,223,103804464,A_UNIQUE_103804464,,False,1,4
A,224,103804443,A_UNIQUE_103804443,,False,1,4
A,225,102900811,A_UNIQUE_102900811,,False,1,1
A,226,101602939,A_UNIQUE_101602939,,False,1,1
A,227,102493387,A_UNIQUE_102493387,,False,1,4
A,228,103804549,A_UNIQUE_103804549,,False,1,3
A,229,103804544,A_UNIQUE_103804544,,False,1,5
A,230,103804540,A_UNIQUE_103804540,,False,1,2
A,231,102917391,A_UNIQUE_102917391,,False,1,1
A,232,102900939,A_UNIQUE_102900939,,False,1,5
A,233,102886250,A_UNIQUE_102886250,,False,1,5
A,234,102885651,A_UNIQUE_102885651,,False,1,2
A,235,102464027,A_UNIQUE_102464027,,False,1,2
A,236,103804534,A_UNIQUE_103804534,,False,1,1
A,237,103278649,A_UNIQUE_103278649,,False,1,2
A,238,96102884,A_UNIQUE_96102884,,False,1,5
A,239,103804489,A_UNIQUE_103804489,,False,1,2
A,240,101443504,A_UNIQUE_101443504,,False,1,5
A,241,102462863,A_UNIQUE_102462863,,False,1,4
A,242,103402067,A_UNIQUE_103402067,,False,1,4
A,243,99617847,A_UNIQUE_99617847,,False,1,3
A,244,102271412,A_UNIQUE_102271412,,False,1,1
A,245,103804319,A_UNIQUE_103804319,,False,1,3
A,246,103804318,A_UNIQUE_103804318,,False,1,2
A,247,103804387,A_UNIQUE_103804387,,False,1,3
A,248,103804295,A_UNIQUE_103804295,,False,1,3
A,249,103804357,A_UNIQUE_103804357,,False,1,3
A,250,103804345,A_UNIQUE_103804345,,False,1,4
A,251,102156206,A_UNIQUE_102156206,,False,1,2
A,252,103804258,A_UNIQUE_103804258,,False,1,2
A,253,103804237,A_UNIQUE_103804237,,False,1,5
A,254,102624302,A_UNIQUE_102624302,,False,1,1
A,255,102967909,A_UNIQUE_102967909,,False,1,4
A,256,103580930,A_UNIQUE_103580930,,False,1,4
A,257,102799732,A_UNIQUE_102799732,,False,1,2
A,258,102862641,A_UNIQUE_102862641,,False,1,3
A,259,103804124,A_UNIQUE_103804124,,False,1,2
A,260,103644314,A_UNIQUE_103644314,,False,1,2
A,261,103804112,A_UNIQUE_103804112,,False,1,5
A,262,103804107,A_UNIQUE_103804107,,False,1,1
A,263,103804101,A_UNIQUE_103804101,,False,1,5
A,264,103804090,A_RG_0001,A_RG_0001,True,2,1
A,265,103804083,A_UNIQUE_103804083,,False,1,3
A,266,103804213,A_UNIQUE_103804213,,False,1,1
A,267,96434057,A_UNIQUE_96434057,,False,1,2
A,268,103804189,A_UNIQUE_103804189,,False,1,3
A,269,103804025,A_UNIQUE_103804025,,False,1,3
A,270,103804022,A_UNIQUE_103804022,,False,1,2
A,271,103804173,A_UNIQUE_103804173,,False,1,1
A,272,103655077,A_UNIQUE_103655077,,False,1,2
A,273,103655467,A_UNIQUE_103655467,,False,1,4
A,274,101555323,A_UNIQUE_101555323,,False,1,3
A,275,103804159,A_UNIQUE_103804159,,False,1,2
A,276,90290816,A_UNIQUE_90290816,,False,1,5
A,277,103312515,A_UNIQUE_103312515,,False,1,5
A,278,102775997,A_UNIQUE_102775997,,False,1,5
A,279,103804145,A_UNIQUE_103804145,,False,1,5
A,280,103804135,A_UNIQUE_103804135,,False,1,4
A,281,103804132,A_UNIQUE_103804132,,False,1,2
A,282,102851956,A_UNIQUE_102851956,,False,1,4
A,283,103372239,A_UNIQUE_103372239,,False,1,5
A,284,103532846,A_UNIQUE_103532846,,False,1,2
A,285,103804063,A_UNIQUE_103804063,,False,1,3
A,286,103496074,A_UNIQUE_103496074,,False,1,1
A,287,98991063,A_UNIQUE_98991063,,False,1,5
A,288,103125797,A_UNIQUE_103125797,,False,1,4
A,289,103125858,A_UNIQUE_103125858,,False,1,2
A,290,103784481,A_UNIQUE_103784481,,False,1,3
A,291,103804037,A_UNIQUE_103804037,,False,1,3
A,292,99300583,A_UNIQUE_99300583,,False,1,4
A,293,103803987,A_UNIQUE_103803987,,False,1,5
A,294,103803848,A_UNIQUE_103803848,,False,1,2
A,295,103803843,A_UNIQUE_103803843,,False,1,3
A,296,100329236,A_UNIQUE_100329236,,False,1,2
A,297,101547589,A_UNIQUE_101547589,,False,1,3
A,298,101538341,A_UNIQUE_101538341,,False,1,3
A,299,103533247,A_UNIQUE_103533247,,False,1,4
A,300,102709083,A_UNIQUE_102709083,,False,1,1
A,301,103803972,A_UNIQUE_103803972,,False,1,2
A,302,103730519,A_UNIQUE_103730519,,False,1,2
A,303,103268614,A_UNIQUE_103268614,,False,1,5
A,304,103803960,A_UNIQUE_103803960,,False,1,2
A,305,103803959,A_UNIQUE_103803959,,False,1,1
A,306,103803955,A_UNIQUE_103803955,,False,1,3
A,307,102035044,A_UNIQUE_102035044,,False,1,2
A,308,97263588,A_UNIQUE_97263588,,False,1,2
A,309,103803942,A_UNIQUE_103803942,,False,1,2
A,310,103803941,A_UNIQUE_103803941,,False,1,3
A,311,103803936,A_UNIQUE_103803936,,False,1,4
A,312,103803935,A_UNIQUE_103803935,,False,1,1
A,313,103803933,A_UNIQUE_103803933,,False,1,3
A,314,96241155,A_UNIQUE_96241155,,False,1,5
A,315,95654067,A_UNIQUE_95654067,,False,1,4
A,316,103803919,A_UNIQUE_103803919,,False,1,2
A,317,103803819,A_UNIQUE_103803819,,False,1,4
A,318,101655915,A_UNIQUE_101655915,,False,1,1
A,319,102776186,A_UNIQUE_102776186,,False,1,4
A,320,96660735,A_UNIQUE_96660735,,False,1,3
A,321,98359134,A_UNIQUE_98359134,,False,1,2
A,322,100180638,A_UNIQUE_100180638,,False,1,1
A,323,102994144,A_UNIQUE_102994144,,False,1,2
A,324,102264994,A_UNIQUE_102264994,,False,1,2
A,325,102812723,A_UNIQUE_102812723,,False,1,5
A,326,103318297,A_UNIQUE_103318297,,False,1,2
A,327,103803795,A_UNIQUE_103803795,,False,1,4
A,328,103803788,A_UNIQUE_103803788,,False,1,5
A,329,103803620,A_UNIQUE_103803620,,False,1,3
A,330,103803600,A_UNIQUE_103803600,,False,1,3
A,331,103803776,A_UNIQUE_103803776,,False,1,4
A,332,103803747,A_UNIQUE_103803747,,False,1,4
A,333,103803736,A_UNIQUE_103803736,,False,1,3
A,334,103803723,A_UNIQUE_103803723,,False,1,3
A,335,103803564,A_UNIQUE_103803564,,False,1,2
A,336,103803546,A_UNIQUE_103803546,,False,1,3
A,337,103803536,A_UNIQUE_103803536,,False,1,1
A,338,103774002,A_UNIQUE_103774002,,False,1,5
A,339,103803711,A_UNIQUE_103803711,,False,1,3
A,340,102162371,A_UNIQUE_102162371,,False,1,2
A,341,100454337,A_UNIQUE_100454337,,False,1,4
A,342,103803693,A_UNIQUE_103803693,,False,1,3
A,343,103109120,A_UNIQUE_103109120,,False,1,3
A,344,103462482,A_UNIQUE_103462482,,False,1,1
A,345,103162725,A_UNIQUE_103162725,,False,1,4
A,346,102257653,A_UNIQUE_102257653,,False,1,1
A,347,103162722,A_UNIQUE_103162722,,False,1,3
A,348,102240958,A_UNIQUE_102240958,,False,1,3
A,349,101629542,A_UNIQUE_101629542,,False,1,1
A,350,100763945,A_UNIQUE_100763945,,False,1,4
A,351,90406231,A_UNIQUE_90406231,,False,1,4
A,352,101798229,A_UNIQUE_101798229,,False,1,4
A,353,103803570,A_UNIQUE_103803570,,False,1,1
A,354,102622871,A_UNIQUE_102622871,,False,1,1
A,355,102642827,A_UNIQUE_102642827,,False,1,1
A,356,103803521,A_UNIQUE_103803521,,False,1,5
A,357,100929943,A_UNIQUE_100929943,,False,1,4
A,358,100303196,A_UNIQUE_100303196,,False,1,1
A,359,99305459,A_UNIQUE_99305459,,False,1,5
A,360,103803482,A_UNIQUE_103803482,,False,1,2
A,361,102776483,A_UNIQUE_102776483,,False,1,3
A,362,103803464,A_UNIQUE_103803464,,False,1,5
A,363,103803456,A_UNIQUE_103803456,,False,1,4
A,364,103803437,A_UNIQUE_103803437,,False,1,2
A,365,103207867,A_UNIQUE_103207867,,False,1,3
A,366,103349480,A_UNIQUE_103349480,,False,1,5
A,367,93765460,A_UNIQUE_93765460,,False,1,4
A,368,103803423,A_UNIQUE_103803423,,False,1,2
A,369,102226188,A_UNIQUE_102226188,,False,1,3
A,370,98533078,A_UNIQUE_98533078,,False,1,3
A,371,103640552,A_UNIQUE_103640552,,False,1,1
A,372,103803277,A_UNIQUE_103803277,,False,1,2
A,373,103803252,A_UNIQUE_103803252,,False,1,4
A,374,103803250,A_UNIQUE_103803250,,False,1,1
A,375,103239470,A_UNIQUE_103239470,,False,1,4
A,376,102731169,A_UNIQUE_102731169,,False,1,2
A,377,103803090,A_UNIQUE_103803090,,False,1,2
A,378,103803067,A_UNIQUE_103803067,,False,1,4
A,379,103803062,A_UNIQUE_103803062,,False,1,1
A,380,103803221,A_UNIQUE_103803221,,False,1,4
A,381,103695244,A_UNIQUE_103695244,,False,1,2
A,382,102288304,A_UNIQUE_102288304,,False,1,1
A,383,103273543,A_UNIQUE_103273543,,False,1,1
A,384,102383514,A_UNIQUE_102383514,,False,1,5
A,385,103803186,A_UNIQUE_103803186,,False,1,5
A,386,103803179,A_UNIQUE_103803179,,False,1,3
A,387,102865764,A_UNIQUE_102865764,,False,1,4
A,388,100430829,A_UNIQUE_100430829,,False,1,1
A,389,103802984,A_UNIQUE_103802984,,False,1,2
A,390,103802979,A_UNIQUE_103802979,,False,1,4
A,391,103802963,A_UNIQUE_103802963,,False,1,3
A,392,103802960,A_UNIQUE_103802960,,False,1,4
A,393,103802953,A_UNIQUE_103802953,,False,1,1
A,394,103802937,A_UNIQUE_103802937,,False,1,1
A,395,103802919,A_UNIQUE_103802919,,False,1,5
A,396,101749735,A_UNIQUE_101749735,,False,1,4
A,397,99710009,A_UNIQUE_99710009,,False,1,3
A,398,101827169,A_UNIQUE_101827169,,False,1,3
A,399,103609830,A_UNIQUE_103609830,,False,1,4
A,400,103803144,A_UNIQUE_103803144,,False,1,5
A,401,103803131,A_UNIQUE_103803131,,False,1,4
A,402,103326916,A_UNIQUE_103326916,,False,1,2
A,403,103704397,A_UNIQUE_103704397,,False,1,5
A,404,101856614,A_UNIQUE_101856614,,False,1,4
A,405,103632408,A_UNIQUE_103632408,,False,1,4
A,406,103803066,A_UNIQUE_103803066,,False,1,5
A,407,103803053,A_UNIQUE_103803053,,False,1,5
A,408,103462919,A_UNIQUE_103462919,,False,1,5
A,409,102562785,A_UNIQUE_102562785,,False,1,5
A,410,103698129,A_UNIQUE_103698129,,False,1,3
A,411,101963666,A_UNIQUE_101963666,,False,1,1
A,412,86810806,A_UNIQUE_86810806,,False,1,3
A,413,97077831,A_UNIQUE_97077831,,False,1,1
A,414,103517969,A_UNIQUE_103517969,,False,1,4
A,415,103802910,A_UNIQUE_103802910,,False,1,2
A,416,103802802,A_UNIQUE_103802802,,False,1,4
A,417,103802797,A_UNIQUE_103802797,,False,1,1
A,418,103802908,A_UNIQUE_103802908,,False,1,2
A,419,103802899,A_UNIQUE_103802899,,False,1,3
A,420,103802897,A_UNIQUE_103802897,,False,1,4
A,421,101615471,A_UNIQUE_101615471,,False,1,1
A,422,103802890,A_UNIQUE_103802890,,False,1,1
A,423,103354046,A_UNIQUE_103354046,,False,1,3
A,424,103802735,A_UNIQUE_103802735,,False,1,2
A,425,103802723,A_UNIQUE_103802723,,False,1,4
A,426,103751681,A_UNIQUE_103751681,,False,1,5
A,427,103751333,A_UNIQUE_103751333,,False,1,1
A,428,103750172,A_UNIQUE_103750172,,False,1,5
A,429,97225270,A_UNIQUE_97225270,,False,1,1
A,430,103753407,A_UNIQUE_103753407,,False,1,4
A,431,103748128,A_UNIQUE_103748128,,False,1,2
A,432,103746480,A_UNIQUE_103746480,,False,1,2
A,433,103489349,A_UNIQUE_103489349,,False,1,1
A,434,103751057,A_UNIQUE_103751057,,False,1,3
A,435,103753480,A_UNIQUE_103753480,,False,1,3
A,436,103746056,A_UNIQUE_103746056,,False,1,3
A,437,103746579,A_UNIQUE_103746579,,False,1,1
A,438,103434871,A_UNIQUE_103434871,,False,1,3
A,439,103651492,A_UNIQUE_103651492,,False,1,5
A,440,103748406,A_UNIQUE_103748406,,False,1,5
A,441,103678414,A_UNIQUE_103678414,,False,1,5
A,442,103633056,A_UNIQUE_103633056,,False,1,1
A,443,103632775,A_UNIQUE_103632775,,False,1,3
A,444,103748878,A_UNIQUE_103748878,,False,1,1
A,445,102236931,A_UNIQUE_102236931,,False,1,2
A,446,103743397,A_UNIQUE_103743397,,False,1,3
A,447,103747070,A_UNIQUE_103747070,,False,1,4
A,448,103743867,A_UNIQUE_103743867,,False,1,5
A,449,103744256,A_UNIQUE_103744256,,False,1,4
A,450,103521973,A_UNIQUE_103521973,,False,1,2
A,451,103677492,A_UNIQUE_103677492,,False,1,2
A,452,103508663,A_UNIQUE_103508663,,False,1,2
A,453,103084402,A_UNIQUE_103084402,,False,1,4
A,454,102442625,A_UNIQUE_102442625,,False,1,1
A,455,103745573,A_UNIQUE_103745573,,False,1,3
A,456,103743473,A_UNIQUE_103743473,,False,1,5
A,457,101514080,A_UNIQUE_101514080,,False,1,2
A,458,103607666,A_UNIQUE_103607666,,False,1,5
A,459,103520534,A_UNIQUE_103520534,,False,1,4
A,460,100482067,A_UNIQUE_100482067,,False,1,4
A,461,101856001,A_RG_0002,A_RG_0002,True,2,5
A,462,102706714,A_UNIQUE_102706714,,False,1,1
A,463,96130266,A_UNIQUE_96130266,,False,1,1
A,464,103730893,A_UNIQUE_103730893,,False,1,2
A,465,101910541,A_UNIQUE_101910541,,False,1,3
A,466,103632498,A_UNIQUE_103632498,,False,1,5
A,467,103802709,A_UNIQUE_103802709,,False,1,5
A,468,103421703,A_UNIQUE_103421703,,False,1,3
A,469,103802510,A_UNIQUE_103802510,,False,1,4
A,470,103802487,A_UNIQUE_103802487,,False,1,1
A,471,103802482,A_UNIQUE_103802482,,False,1,1
A,472,103802658,A_UNIQUE_103802658,,False,1,1
A,473,103802652,A_UNIQUE_103802652,,False,1,1
A,474,103128842,A_UNIQUE_103128842,,False,1,1
A,475,103734876,A_UNIQUE_103734876,,False,1,2
A,476,103802645,A_UNIQUE_103802645,,False,1,4
A,477,103418149,A_UNIQUE_103418149,,False,1,5
A,478,103566171,A_UNIQUE_103566171,,False,1,5
A,479,103566334,A_UNIQUE_103566334,,False,1,5
A,480,101267413,A_UNIQUE_101267413,,False,1,4
A,481,102843643,A_UNIQUE_102843643,,False,1,3
A,482,103735534,A_UNIQUE_103735534,,False,1,5
A,483,102551061,A_UNIQUE_102551061,,False,1,4
A,484,102079764,A_UNIQUE_102079764,,False,1,4
A,485,103204105,A_RG_0002,A_RG_0002,True,2,5
A,486,103299358,A_UNIQUE_103299358,,False,1,2
A,487,99232624,A_UNIQUE_99232624,,False,1,4
A,488,103802411,A_UNIQUE_103802411,,False,1,5
A,489,102850108,A_UNIQUE_102850108,,False,1,5
A,490,103802298,A_UNIQUE_103802298,,False,1,2
A,491,99220843,A_UNIQUE_99220843,,False,1,2
A,492,99042447,A_UNIQUE_99042447,,False,1,3
A,493,103432627,A_UNIQUE_103432627,,False,1,1
A,494,103802386,A_UNIQUE_103802386,,False,1,1
A,495,103650199,A_UNIQUE_103650199,,False,1,5
A,496,103421269,A_UNIQUE_103421269,,False,1,2
A,497,103802380,A_UNIQUE_103802380,,False,1,4
A,498,103057333,A_UNIQUE_103057333,,False,1,2
A,499,103199162,A_UNIQUE_103199162,,False,1,1
A,500,103137354,A_UNIQUE_103137354,,False,1,3
A,501,102632820,A_UNIQUE_102632820,,False,1,1
A,502,103376889,A_UNIQUE_103376889,,False,1,4
A,503,103697124,A_UNIQUE_103697124,,False,1,4
A,504,103498037,A_UNIQUE_103498037,,False,1,4
A,505,97083199,A_UNIQUE_97083199,,False,1,1
A,506,100774316,A_UNIQUE_100774316,,False,1,4
A,507,103697292,A_UNIQUE_103697292,,False,1,3
A,508,103751168,A_UNIQUE_103751168,,False,1,3
A,509,103372124,A_UNIQUE_103372124,,False,1,3
A,510,103653485,A_UNIQUE_103653485,,False,1,5
A,511,102596275,A_UNIQUE_102596275,,False,1,3
A,512,103541448,A_UNIQUE_103541448,,False,1,1
A,513,103671095,A_UNIQUE_103671095,,False,1,4
A,514,99511162,A_UNIQUE_99511162,,False,1,1
A,515,102468043,A_UNIQUE_102468043,,False,1,5
A,516,103462826,A_UNIQUE_103462826,,False,1,4
A,517,102731755,A_UNIQUE_102731755,,False,1,3
A,518,102463250,A_UNIQUE_102463250,,False,1,1
A,519,103093439,A_UNIQUE_103093439,,False,1,4
A,520,102912557,A_UNIQUE_102912557,,False,1,5
A,521,101881260,A_UNIQUE_101881260,,False,1,1
A,522,101881017,A_UNIQUE_101881017,,False,1,4
A,523,103174215,A_UNIQUE_103174215,,False,1,3
A,524,103674063,A_UNIQUE_103674063,,False,1,2
A,525,103461736,A_UNIQUE_103461736,,False,1,3
A,526,103203509,A_UNIQUE_103203509,,False,1,2
A,527,103210555,A_UNIQUE_103210555,,False,1,1
A,528,102676149,A_UNIQUE_102676149,,False,1,1
A,529,103749593,A_UNIQUE_103749593,,False,1,3
A,530,103802052,A_UNIQUE_103802052,,False,1,4
A,531,102464106,A_UNIQUE_102464106,,False,1,2
A,532,103802084,A_UNIQUE_103802084,,False,1,3
A,533,102912556,A_UNIQUE_102912556,,False,1,5
A,534,103802196,A_UNIQUE_103802196,,False,1,4
A,535,103802184,A_UNIQUE_103802184,,False,1,4
A,536,102862598,A_UNIQUE_102862598,,False,1,1
A,537,103656676,A_UNIQUE_103656676,,False,1,5
A,538,103313935,A_UNIQUE_103313935,,False,1,3
A,539,103214213,A_UNIQUE_103214213,,False,1,5
A,540,100951974,A_UNIQUE_100951974,,False,1,2
A,541,92691295,A_UNIQUE_92691295,,False,1,1
A,542,102010291,A_UNIQUE_102010291,,False,1,3
A,543,102770089,A_UNIQUE_102770089,,False,1,4
A,544,102574262,A_UNIQUE_102574262,,False,1,1
A,545,103113103,A_UNIQUE_103113103,,False,1,3
A,546,102606195,A_UNIQUE_102606195,,False,1,1
A,547,103482702,A_UNIQUE_103482702,,False,1,3
A,548,103801819,A_UNIQUE_103801819,,False,1,4
A,549,102897721,A_UNIQUE_102897721,,False,1,2
A,550,103801783,A_UNIQUE_103801783,,False,1,1
A,551,103801751,A_UNIQUE_103801751,,False,1,1
A,552,101823729,A_UNIQUE_101823729,,False,1,4
A,553,103801927,A_UNIQUE_103801927,,False,1,4
A,554,102513812,A_UNIQUE_102513812,,False,1,4
A,555,103801912,A_UNIQUE_103801912,,False,1,2
A,556,99640511,A_UNIQUE_99640511,,False,1,1
A,557,93374145,A_UNIQUE_93374145,,False,1,5
A,558,97710120,A_UNIQUE_97710120,,False,1,5
A,559,102150503,A_UNIQUE_102150503,,False,1,3
A,560,101804740,A_UNIQUE_101804740,,False,1,5
A,561,100414528,A_UNIQUE_100414528,,False,1,1
A,562,101462457,A_UNIQUE_101462457,,False,1,3
A,563,103342242,A_UNIQUE_103342242,,False,1,2
A,564,103536838,A_UNIQUE_103536838,,False,1,3
A,565,103551604,A_UNIQUE_103551604,,False,1,5
A,566,97710489,A_UNIQUE_97710489,,False,1,2
A,567,103801802,A_UNIQUE_103801802,,False,1,5
A,568,102745079,A_UNIQUE_102745079,,False,1,1
A,569,103472459,A_UNIQUE_103472459,,False,1,5
A,570,103572842,A_UNIQUE_103572842,,False,1,3
A,571,103801746,A_UNIQUE_103801746,,False,1,2
A,572,102137074,A_UNIQUE_102137074,,False,1,5
A,573,103801734,A_UNIQUE_103801734,,False,1,2
A,574,103801632,A_UNIQUE_103801632,,False,1,4
A,575,103801585,A_UNIQUE_103801585,,False,1,5
A,576,102925183,A_UNIQUE_102925183,,False,1,3
A,577,102924519,A_UNIQUE_102924519,,False,1,4
A,578,102335995,A_UNIQUE_102335995,,False,1,3
A,579,103801733,A_UNIQUE_103801733,,False,1,1
A,580,103801716,A_UNIQUE_103801716,,False,1,5
A,581,102487841,A_UNIQUE_102487841,,False,1,3
A,582,103801575,A_UNIQUE_103801575,,False,1,4
A,583,103801557,A_UNIQUE_103801557,,False,1,1
A,584,103478023,A_UNIQUE_103478023,,False,1,2
A,585,103801681,A_UNIQUE_103801681,,False,1,3
A,586,99988688,A_UNIQUE_99988688,,False,1,3
A,587,89964581,A_UNIQUE_89964581,,False,1,2
A,588,103801679,A_UNIQUE_103801679,,False,1,3
A,589,103801676,A_UNIQUE_103801676,,False,1,4
A,590,103801669,A_UNIQUE_103801669,,False,1,2
A,591,103694761,A_UNIQUE_103694761,,False,1,2
A,592,103673952,A_UNIQUE_103673952,,False,1,4
A,593,103801651,A_UNIQUE_103801651,,False,1,2
A,594,99241319,A_UNIQUE_99241319,,False,1,2
A,595,103801609,A_UNIQUE_103801609,,False,1,5
A,596,103723393,A_UNIQUE_103723393,,False,1,1
A,597,103199016,A_UNIQUE_103199016,,False,1,2
A,598,103801567,A_UNIQUE_103801567,,False,1,4
A,599,103151143,A_RG_0003,A_RG_0003,True,2,3
A,600,103150184,A_RG_0003,A_RG_0003,True,2,3
A,601,99482072,A_UNIQUE_99482072,,False,1,1
A,602,100419415,A_UNIQUE_100419415,,False,1,2
A,603,103465462,A_UNIQUE_103465462,,False,1,5
A,604,103479229,A_UNIQUE_103479229,,False,1,3
A,605,103801398,A_UNIQUE_103801398,,False,1,5
A,606,101957025,A_UNIQUE_101957025,,False,1,2
A,607,103185276,A_UNIQUE_103185276,,False,1,4
A,608,103801497,A_UNIQUE_103801497,,False,1,5
A,609,103613681,A_UNIQUE_103613681,,False,1,4
A,610,102692697,A_UNIQUE_102692697,,False,1,5
A,611,103425796,A_UNIQUE_103425796,,False,1,5
A,612,103685803,A_UNIQUE_103685803,,False,1,5
A,613,101370721,A_UNIQUE_101370721,,False,1,2
A,614,97406224,A_UNIQUE_97406224,,False,1,4
A,615,102487756,A_UNIQUE_102487756,,False,1,3
A,616,103801368,A_UNIQUE_103801368,,False,1,1
A,617,103801360,A_UNIQUE_103801360,,False,1,2
A,618,103210722,A_UNIQUE_103210722,,False,1,3
A,619,103305154,A_UNIQUE_103305154,,False,1,2
A,620,103178152,A_UNIQUE_103178152,,False,1,4
A,621,103463637,A_UNIQUE_103463637,,False,1,3
A,622,102469434,A_UNIQUE_102469434,,False,1,1
A,623,103721323,A_UNIQUE_103721323,,False,1,1
A,624,103739549,A_UNIQUE_103739549,,False,1,1
A,625,103302118,A_UNIQUE_103302118,,False,1,5
A,626,103381053,A_UNIQUE_103381053,,False,1,4
A,627,103801242,A_UNIQUE_103801242,,False,1,1
A,628,103746354,A_UNIQUE_103746354,,False,1,4
A,629,102744896,A_UNIQUE_102744896,,False,1,5
A,630,102744856,A_UNIQUE_102744856,,False,1,5
A,631,100274940,A_UNIQUE_100274940,,False,1,5
A,632,103465492,A_UNIQUE_103465492,,False,1,2
A,633,103801208,A_UNIQUE_103801208,,False,1,4
A,634,103801203,A_UNIQUE_103801203,,False,1,5
A,635,102879777,A_UNIQUE_102879777,,False,1,1
A,636,102335990,A_UNIQUE_102335990,,False,1,4
A,637,101471270,A_UNIQUE_101471270,,False,1,3
A,638,103801312,A_UNIQUE_103801312,,False,1,4
A,639,103801192,A_UNIQUE_103801192,,False,1,5
A,640,103801180,A_UNIQUE_103801180,,False,1,2
A,641,103801159,A_UNIQUE_103801159,,False,1,1
A,642,103801156,A_UNIQUE_103801156,,False,1,1
A,643,103801153,A_UNIQUE_103801153,,False,1,4
A,644,103466174,A_UNIQUE_103466174,,False,1,2
A,645,103435595,A_UNIQUE_103435595,,False,1,3
A,646,97087241,A_UNIQUE_97087241,,False,1,5
A,647,103801266,A_UNIQUE_103801266,,False,1,2
A,648,102308940,A_UNIQUE_102308940,,False,1,2
A,649,101811990,A_UNIQUE_101811990,,False,1,3
A,650,103607946,A_UNIQUE_103607946,,False,1,2
A,651,103037509,A_UNIQUE_103037509,,False,1,3
A,652,103037377,A_UNIQUE_103037377,,False,1,3
A,653,101761357,A_UNIQUE_101761357,,False,1,1
A,654,100635823,A_UNIQUE_100635823,,False,1,3
A,655,103666072,A_UNIQUE_103666072,,False,1,3
A,656,103666982,A_UNIQUE_103666982,,False,1,4
A,657,95763369,A_UNIQUE_95763369,,False,1,5
A,658,95149506,A_UNIQUE_95149506,,False,1,1
A,659,101847016,A_UNIQUE_101847016,,False,1,2
A,660,102566624,A_UNIQUE_102566624,,False,1,2
A,661,103550482,A_UNIQUE_103550482,,False,1,4
A,662,80258486,A_UNIQUE_80258486,,False,1,2
A,663,103746381,A_UNIQUE_103746381,,False,1,1
A,664,103744742,A_UNIQUE_103744742,,False,1,2
A,665,103761635,A_UNIQUE_103761635,,False,1,3
A,666,97315482,A_UNIQUE_97315482,,False,1,5
A,667,103244628,A_UNIQUE_103244628,,False,1,1
A,668,103745112,A_UNIQUE_103745112,,False,1,2
A,669,103801145,A_UNIQUE_103801145,,False,1,2
A,670,103800952,A_UNIQUE_103800952,,False,1,4
A,671,103800951,A_UNIQUE_103800951,,False,1,5
A,672,103800943,A_UNIQUE_103800943,,False,1,5
A,673,103800941,A_UNIQUE_103800941,,False,1,3
A,674,102905309,A_UNIQUE_102905309,,False,1,4
A,675,101682885,A_UNIQUE_101682885,,False,1,3
A,676,102310065,A_UNIQUE_102310065,,False,1,4
A,677,101720817,A_UNIQUE_101720817,,False,1,4
A,678,82005054,A_UNIQUE_82005054,,False,1,2
A,679,102841289,A_UNIQUE_102841289,,False,1,3
A,680,103801066,A_UNIQUE_103801066,,False,1,3
A,681,103800986,A_UNIQUE_103800986,,False,1,3
A,682,103800985,A_UNIQUE_103800985,,False,1,5
A,683,100391017,A_UNIQUE_100391017,,False,1,1
A,684,103800973,A_UNIQUE_103800973,,False,1,2
A,685,102793564,A_UNIQUE_102793564,,False,1,5
A,686,102833432,A_UNIQUE_102833432,,False,1,2
A,687,103763130,A_UNIQUE_103763130,,False,1,3
A,688,102984848,A_UNIQUE_102984848,,False,1,5
A,689,102660370,A_UNIQUE_102660370,,False,1,4
A,690,101812258,A_UNIQUE_101812258,,False,1,5
A,691,103586006,A_UNIQUE_103586006,,False,1,2
A,692,102505649,A_UNIQUE_102505649,,False,1,4
A,693,100405524,A_UNIQUE_100405524,,False,1,4
A,694,103486779,A_UNIQUE_103486779,,False,1,2
A,695,103688286,A_UNIQUE_103688286,,False,1,4
A,696,103001368,A_UNIQUE_103001368,,False,1,1
A,697,101736332,A_UNIQUE_101736332,,False,1,2
A,698,103731402,A_UNIQUE_103731402,,False,1,2
A,699,103462974,A_UNIQUE_103462974,,False,1,4
A,700,102375382,A_UNIQUE_102375382,,False,1,3
A,701,103800877,A_UNIQUE_103800877,,False,1,5
A,702,100867056,A_UNIQUE_100867056,,False,1,1
A,703,88255852,A_UNIQUE_88255852,,False,1,5
A,704,103195587,A_UNIQUE_103195587,,False,1,1
A,705,103800860,A_UNIQUE_103800860,,False,1,5
A,706,99679030,A_UNIQUE_99679030,,False,1,5
A,707,103798060,A_UNIQUE_103798060,,False,1,1
A,708,102964022,A_UNIQUE_102964022,,False,1,3
A,709,102285078,A_UNIQUE_102285078,,False,1,5
A,710,103725019,A_UNIQUE_103725019,,False,1,3
A,711,103800828,A_UNIQUE_103800828,,False,1,4
A,712,103639616,A_UNIQUE_103639616,,False,1,1
A,713,103086296,A_UNIQUE_103086296,,False,1,4
A,714,102986746,A_UNIQUE_102986746,,False,1,5
A,715,90492002,A_UNIQUE_90492002,,False,1,5
A,716,102928282,A_UNIQUE_102928282,,False,1,4
A,717,102661858,A_UNIQUE_102661858,,False,1,1
A,718,99095036,A_UNIQUE_99095036,,False,1,1
A,719,103745367,A_UNIQUE_103745367,,False,1,1
A,720,102285256,A_UNIQUE_102285256,,False,1,4
A,721,101747814,A_UNIQUE_101747814,,False,1,1
A,722,103800507,A_UNIQUE_103800507,,False,1,3
A,723,103800505,A_UNIQUE_103800505,,False,1,2
A,724,103456869,A_UNIQUE_103456869,,False,1,5
A,725,103287676,A_UNIQUE_103287676,,False,1,4
A,726,103473355,A_UNIQUE_103473355,,False,1,2
A,727,103288790,A_UNIQUE_103288790,,False,1,4
A,728,103800697,A_UNIQUE_103800697,,False,1,1
A,729,103800664,A_UNIQUE_103800664,,False,1,4
A,730,103800445,A_UNIQUE_103800445,,False,1,4
A,731,103800426,A_UNIQUE_103800426,,False,1,4
A,732,102881549,A_UNIQUE_102881549,,False,1,1
A,733,103800596,A_UNIQUE_103800596,,False,1,1
A,734,103769629,A_UNIQUE_103769629,,False,1,1
A,735,100686203,A_UNIQUE_100686203,,False,1,3
A,736,102247309,A_UNIQUE_102247309,,False,1,3
A,737,97542049,A_UNIQUE_97542049,,False,1,1
A,738,103800557,A_UNIQUE_103800557,,False,1,1
A,739,103782847,A_UNIQUE_103782847,,False,1,1
A,740,101773854,A_UNIQUE_101773854,,False,1,3
A,741,103800315,A_UNIQUE_103800315,,False,1,1
A,742,96945854,A_UNIQUE_96945854,,False,1,2
A,743,103800495,A_UNIQUE_103800495,,False,1,2
A,744,96994776,A_UNIQUE_96994776,,False,1,3
A,745,102612263,A_UNIQUE_102612263,,False,1,4
A,746,103800488,A_UNIQUE_103800488,,False,1,3
A,747,103556569,A_UNIQUE_103556569,,False,1,3
A,748,101607682,A_UNIQUE_101607682,,False,1,3
A,749,103800444,A_UNIQUE_103800444,,False,1,1
A,750,103800415,A_UNIQUE_103800415,,False,1,4
A,751,103694256,A_UNIQUE_103694256,,False,1,4
A,752,103800277,A_UNIQUE_103800277,,False,1,5
A,753,103800269,A_UNIQUE_103800269,,False,1,5
A,754,100170696,A_UNIQUE_100170696,,False,1,2
A,755,99703737,A_UNIQUE_99703737,,False,1,5
A,756,99703732,A_UNIQUE_99703732,,False,1,5
A,757,98005496,A_UNIQUE_98005496,,False,1,2
A,758,103800393,A_UNIQUE_103800393,,False,1,2
A,759,103800376,A_UNIQUE_103800376,,False,1,1
A,760,103797239,A_UNIQUE_103797239,,False,1,1
A,761,103800219,A_UNIQUE_103800219,,False,1,3
A,762,102495242,A_UNIQUE_102495242,,False,1,1
A,763,102566897,A_UNIQUE_102566897,,False,1,5
A,764,103619791,A_UNIQUE_103619791,,False,1,4
A,765,103638395,A_UNIQUE_103638395,,False,1,5
A,766,103336484,A_UNIQUE_103336484,,False,1,1
A,767,101813586,A_UNIQUE_101813586,,False,1,5
A,768,103326771,A_UNIQUE_103326771,,False,1,3
A,769,102723810,A_UNIQUE_102723810,,False,1,5
A,770,100944653,A_UNIQUE_100944653,,False,1,1
A,771,102075617,A_UNIQUE_102075617,,False,1,2
A,772,103387063,A_UNIQUE_103387063,,False,1,2
A,773,101843227,A_UNIQUE_101843227,,False,1,5
A,774,103800086,A_UNIQUE_103800086,,False,1,5
A,775,101177389,A_UNIQUE_101177389,,False,1,1
A,776,103637380,A_UNIQUE_103637380,,False,1,4
A,777,103340846,A_UNIQUE_103340846,,False,1,3
A,778,102890567,A_UNIQUE_102890567,,False,1,5
A,779,103356373,A_UNIQUE_103356373,,False,1,3
A,780,102624135,A_UNIQUE_102624135,,False,1,5
A,781,101979448,A_UNIQUE_101979448,,False,1,5
A,782,103800186,A_UNIQUE_103800186,,False,1,2
A,783,102470557,A_UNIQUE_102470557,,False,1,4
A,784,101058327,A_UNIQUE_101058327,,False,1,1
A,785,102858673,A_UNIQUE_102858673,,False,1,4
A,786,103171068,A_UNIQUE_103171068,,False,1,3
A,787,101620117,A_UNIQUE_101620117,,False,1,4
A,788,99466790,A_UNIQUE_99466790,,False,1,1
A,789,103800023,A_UNIQUE_103800023,,False,1,1
A,790,101051045,A_UNIQUE_101051045,,False,1,1
A,791,103133327,A_UNIQUE_103133327,,False,1,3
A,792,103427084,A_UNIQUE_103427084,,False,1,2
A,793,103604739,A_UNIQUE_103604739,,False,1,4
A,794,103345702,A_UNIQUE_103345702,,False,1,2
A,795,93105447,A_UNIQUE_93105447,,False,1,3
A,796,102732863,A_UNIQUE_102732863,,False,1,3
A,797,101691323,A_UNIQUE_101691323,,False,1,2
A,798,92444547,A_UNIQUE_92444547,,False,1,2
A,799,102892183,A_UNIQUE_102892183,,False,1,3
A,800,102866510,A_UNIQUE_102866510,,False,1,2
A,801,102834051,A_UNIQUE_102834051,,False,1,2
A,802,103800047,A_UNIQUE_103800047,,False,1,2
A,803,102490710,A_UNIQUE_102490710,,False,1,1
A,804,101998454,A_UNIQUE_101998454,,False,1,5
A,805,100891027,A_UNIQUE_100891027,,False,1,1
A,806,103799861,A_UNIQUE_103799861,,False,1,5
A,807,103799972,A_UNIQUE_103799972,,False,1,3
A,808,103799949,A_UNIQUE_103799949,,False,1,1
A,809,103799934,A_UNIQUE_103799934,,False,1,2
A,810,103647935,A_UNIQUE_103647935,,False,1,2
A,811,102523624,A_UNIQUE_102523624,,False,1,1
A,812,96037286,A_UNIQUE_96037286,,False,1,3
A,813,103743921,A_UNIQUE_103743921,,False,1,3
A,814,103799785,A_UNIQUE_103799785,,False,1,4
A,815,103799775,A_UNIQUE_103799775,,False,1,3
A,816,103138503,A_UNIQUE_103138503,,False,1,4
A,817,103799888,A_UNIQUE_103799888,,False,1,3
A,818,102636168,A_UNIQUE_102636168,,False,1,4
A,819,102912123,A_UNIQUE_102912123,,False,1,5
A,820,102090875,A_UNIQUE_102090875,,False,1,3
A,821,96926980,A_UNIQUE_96926980,,False,1,1
A,822,94156074,A_UNIQUE_94156074,,False,1,1
A,823,103605804,A_UNIQUE_103605804,,False,1,3
A,824,95804478,A_UNIQUE_95804478,,False,1,2
A,825,99993197,A_UNIQUE_99993197,,False,1,1
A,826,100997471,A_UNIQUE_100997471,,False,1,1
A,827,101332667,A_UNIQUE_101332667,,False,1,4
A,828,103571765,A_UNIQUE_103571765,,False,1,3
A,829,103179658,A_UNIQUE_103179658,,False,1,2
A,830,103169616,A_UNIQUE_103169616,,False,1,5
A,831,98421954,A_UNIQUE_98421954,,False,1,4
A,832,103690827,A_UNIQUE_103690827,,False,1,5
A,833,103799666,A_UNIQUE_103799666,,False,1,1
A,834,99994813,A_UNIQUE_99994813,,False,1,1
A,835,102919558,A_UNIQUE_102919558,,False,1,2
A,836,103721778,A_UNIQUE_103721778,,False,1,4
A,837,103799725,A_UNIQUE_103799725,,False,1,3
A,838,103799624,A_UNIQUE_103799624,,False,1,5
A,839,103799634,A_UNIQUE_103799634,,False,1,5
A,840,103799710,A_UNIQUE_103799710,,False,1,1
A,841,103476754,A_UNIQUE_103476754,,False,1,4
A,842,103729670,A_UNIQUE_103729670,,False,1,5
A,843,103435998,A_UNIQUE_103435998,,False,1,5
A,844,102131418,A_UNIQUE_102131418,,False,1,4
A,845,94769062,A_UNIQUE_94769062,,False,1,5
A,846,103715387,A_UNIQUE_103715387,,False,1,3
A,847,103248527,A_UNIQUE_103248527,,False,1,3
A,848,103622587,A_UNIQUE_103622587,,False,1,3
A,849,98061891,A_UNIQUE_98061891,,False,1,5
A,850,102605802,A_UNIQUE_102605802,,False,1,2
A,851,102992622,A_UNIQUE_102992622,,False,1,1
A,852,101332733,A_UNIQUE_101332733,,False,1,4
A,853,99829674,A_UNIQUE_99829674,,False,1,4
A,854,103677020,A_UNIQUE_103677020,,False,1,1
A,855,101332527,A_UNIQUE_101332527,,False,1,1
A,856,102134644,A_UNIQUE_102134644,,False,1,2
A,857,102891064,A_UNIQUE_102891064,,False,1,2
A,858,103799520,A_UNIQUE_103799520,,False,1,5
A,859,102860101,A_UNIQUE_102860101,,False,1,4
A,860,103799518,A_UNIQUE_103799518,,False,1,1
A,861,103799498,A_UNIQUE_103799498,,False,1,4
A,862,103799494,A_UNIQUE_103799494,,False,1,4
A,863,98058544,A_UNIQUE_98058544,,False,1,4
A,864,102033548,A_UNIQUE_102033548,,False,1,1
A,865,103799441,A_UNIQUE_103799441,,False,1,4
A,866,103799200,A_UNIQUE_103799200,,False,1,4
A,867,103799199,A_UNIQUE_103799199,,False,1,3
A,868,103799194,A_UNIQUE_103799194,,False,1,2
A,869,103799413,A_UNIQUE_103799413,,False,1,4
A,870,103799391,A_UNIQUE_103799391,,False,1,4
A,871,103799389,A_UNIQUE_103799389,,False,1,4
A,872,103799170,A_UNIQUE_103799170,,False,1,2
A,873,103799168,A_UNIQUE_103799168,,False,1,2
A,874,103799162,A_UNIQUE_103799162,,False,1,2
A,875,103799160,A_UNIQUE_103799160,,False,1,2
A,876,103799156,A_UNIQUE_103799156,,False,1,1
A,877,103799362,A_UNIQUE_103799362,,False,1,5
A,878,103799357,A_UNIQUE_103799357,,False,1,5
A,879,103799354,A_UNIQUE_103799354,,False,1,4
A,880,103799353,A_UNIQUE_103799353,,False,1,1
A,881,101156289,A_UNIQUE_101156289,,False,1,2
A,882,103799341,A_UNIQUE_103799341,,False,1,5
A,883,103799336,A_UNIQUE_103799336,,False,1,5
A,884,100094465,A_UNIQUE_100094465,,False,1,1
A,885,103153518,A_UNIQUE_103153518,,False,1,1
A,886,103799292,A_UNIQUE_103799292,,False,1,3
A,887,103799289,A_UNIQUE_103799289,,False,1,2
A,888,103406924,A_UNIQUE_103406924,,False,1,2
A,889,102126408,A_UNIQUE_102126408,,False,1,4
A,890,71561496,A_UNIQUE_71561496,,False,1,5
A,891,103084524,A_UNIQUE_103084524,,False,1,3
A,892,103184119,A_UNIQUE_103184119,,False,1,3
A,893,101525743,A_UNIQUE_101525743,,False,1,5
A,894,98459491,A_UNIQUE_98459491,,False,1,4
A,895,98803609,A_UNIQUE_98803609,,False,1,4
A,896,103799117,A_UNIQUE_103799117,,False,1,5
A,897,103799104,A_UNIQUE_103799104,,False,1,1
A,898,103799096,A_UNIQUE_103799096,,False,1,5
A,899,103798957,A_UNIQUE_103798957,,False,1,4
A,900,103798925,A_UNIQUE_103798925,,False,1,5
A,901,102925263,A_UNIQUE_102925263,,False,1,1
A,902,103445026,A_UNIQUE_103445026,,False,1,1
A,903,103799072,A_UNIQUE_103799072,,False,1,2
A,904,103799060,A_UNIQUE_103799060,,False,1,1
A,905,103799059,A_UNIQUE_103799059,,False,1,3
A,906,70858867,A_UNIQUE_70858867,,False,1,5
A,907,102185888,A_UNIQUE_102185888,,False,1,4
A,908,101214539,A_UNIQUE_101214539,,False,1,3
A,909,58037863,A_UNIQUE_58037863,,False,1,2
A,910,103711597,A_UNIQUE_103711597,,False,1,5
A,911,103705024,A_UNIQUE_103705024,,False,1,2
A,912,103044804,A_UNIQUE_103044804,,False,1,5
A,913,102922342,A_UNIQUE_102922342,,False,1,5
A,914,103798754,A_UNIQUE_103798754,,False,1,1
A,915,103798744,A_UNIQUE_103798744,,False,1,5
A,916,103798739,A_UNIQUE_103798739,,False,1,3
A,917,102884985,A_UNIQUE_102884985,,False,1,2
A,918,95866282,A_UNIQUE_95866282,,False,1,2
A,919,103798866,A_UNIQUE_103798866,,False,1,4
A,920,103798865,A_UNIQUE_103798865,,False,1,3
A,921,103601823,A_UNIQUE_103601823,,False,1,3
A,922,103749580,A_UNIQUE_103749580,,False,1,4
A,923,103516434,A_UNIQUE_103516434,,False,1,5
A,924,103683179,A_UNIQUE_103683179,,False,1,3
A,925,103798808,A_UNIQUE_103798808,,False,1,5
A,926,103773086,A_UNIQUE_103773086,,False,1,3
A,927,103798585,A_UNIQUE_103798585,,False,1,5
A,928,102753020,A_UNIQUE_102753020,,False,1,3
A,929,101986221,A_UNIQUE_101986221,,False,1,2
A,930,101955659,A_UNIQUE_101955659,,False,1,5
A,931,101514257,A_UNIQUE_101514257,,False,1,1
A,932,100953366,A_UNIQUE_100953366,,False,1,3
A,933,103798690,A_UNIQUE_103798690,,False,1,4
A,934,103798536,A_UNIQUE_103798536,,False,1,2
A,935,101998659,A_UNIQUE_101998659,,False,1,3
A,936,102625173,A_UNIQUE_102625173,,False,1,3
A,937,103798680,A_UNIQUE_103798680,,False,1,4
A,938,103798675,A_UNIQUE_103798675,,False,1,3
A,939,102043076,A_UNIQUE_102043076,,False,1,5
A,940,102633724,A_UNIQUE_102633724,,False,1,2
A,941,99442730,A_UNIQUE_99442730,,False,1,5
A,942,102920898,A_RG_0004,A_RG_0004,True,2,4
A,943,99886818,A_UNIQUE_99886818,,False,1,1
A,944,99886862,A_UNIQUE_99886862,,False,1,5
A,945,102919361,A_UNIQUE_102919361,,False,1,1
A,946,103707832,A_UNIQUE_103707832,,False,1,4
A,947,103767907,A_UNIQUE_103767907,,False,1,5
A,948,101056110,A_UNIQUE_101056110,,False,1,1
A,949,103726707,A_UNIQUE_103726707,,False,1,2
A,950,103424893,A_UNIQUE_103424893,,False,1,5
A,951,103798472,A_UNIQUE_103798472,,False,1,2
A,952,103798459,A_UNIQUE_103798459,,False,1,3
A,953,103798458,A_UNIQUE_103798458,,False,1,4
A,954,103798444,A_UNIQUE_103798444,,False,1,2
A,955,103429359,A_UNIQUE_103429359,,False,1,4
A,956,103362112,A_UNIQUE_103362112,,False,1,4
A,957,103798266,A_UNIQUE_103798266,,False,1,3
A,958,103798255,A_UNIQUE_103798255,,False,1,4
A,959,102924038,A_UNIQUE_102924038,,False,1,4
A,960,102923906,A_UNIQUE_102923906,,False,1,5
A,961,103470374,A_UNIQUE_103470374,,False,1,2
A,962,103444549,A_UNIQUE_103444549,,False,1,1
A,963,103689187,A_UNIQUE_103689187,,False,1,4
A,964,101337563,A_UNIQUE_101337563,,False,1,1
A,965,103532021,A_UNIQUE_103532021,,False,1,1
A,966,102543953,A_UNIQUE_102543953,,False,1,3
A,967,101062046,A_UNIQUE_101062046,,False,1,2
A,968,101060006,A_UNIQUE_101060006,,False,1,5
A,969,101062183,A_UNIQUE_101062183,,False,1,2
A,970,103691024,A_UNIQUE_103691024,,False,1,3
A,971,103797273,A_UNIQUE_103797273,,False,1,5
A,972,103798151,A_UNIQUE_103798151,,False,1,5
A,973,103798111,A_UNIQUE_103798111,,False,1,4
A,974,103798101,A_UNIQUE_103798101,,False,1,4
A,975,103450483,A_RG_0005,A_RG_0005,True,2,5
A,976,102288419,A_UNIQUE_102288419,,False,1,2
A,977,101370530,A_UNIQUE_101370530,,False,1,1
A,978,100611579,A_UNIQUE_100611579,,False,1,1
A,979,103729705,A_UNIQUE_103729705,,False,1,1
A,980,103519002,A_UNIQUE_103519002,,False,1,5
A,981,103278535,A_UNIQUE_103278535,,False,1,2
A,982,102650548,A_UNIQUE_102650548,,False,1,3
A,983,102882864,A_UNIQUE_102882864,,False,1,5
A,984,101274185,A_UNIQUE_101274185,,False,1,1
A,985,102128490,A_UNIQUE_102128490,,False,1,1
A,986,102465358,A_UNIQUE_102465358,,False,1,5
A,987,103126109,A_UNIQUE_103126109,,False,1,1
A,988,103685246,A_UNIQUE_103685246,,False,1,1
A,989,103638186,A_UNIQUE_103638186,,False,1,5
A,990,101863081,A_UNIQUE_101863081,,False,1,2
A,991,102845950,A_UNIQUE_102845950,,False,1,3
A,992,97089343,A_UNIQUE_97089343,,False,1,2
A,993,103601544,A_UNIQUE_103601544,,False,1,4
A,994,103797942,A_UNIQUE_103797942,,False,1,1
A,995,103797911,A_UNIQUE_103797911,,False,1,3
A,996,103797909,A_UNIQUE_103797909,,False,1,2
A,997,103797908,A_UNIQUE_103797908,,False,1,1
A,998,102847746,A_UNIQUE_102847746,,False,1,5
A,999,103504570,A_UNIQUE_103504570,,False,1,1
A,1000,102193111,A_UNIQUE_102193111,,False,1,2
A,1001,102013146,A_UNIQUE_102013146,,False,1,2
A,1002,102905329,A_UNIQUE_102905329,,False,1,5
A,1003,103460024,A_UNIQUE_103460024,,False,1,3
A,1004,103338655,A_UNIQUE_103338655,,False,1,5
A,1005,102800930,A_UNIQUE_102800930,,False,1,1
A,1006,103354971,A_UNIQUE_103354971,,False,1,4
A,1007,103797717,A_UNIQUE_103797717,,False,1,2
A,1008,102622690,A_UNIQUE_102622690,,False,1,1
A,1009,99846072,A_UNIQUE_99846072,,False,1,2
A,1010,98243947,A_UNIQUE_98243947,,False,1,5
A,1011,103148750,A_UNIQUE_103148750,,False,1,2
A,1012,103124140,A_UNIQUE_103124140,,False,1,1
A,1013,103082575,A_UNIQUE_103082575,,False,1,5
A,1014,102785237,A_UNIQUE_102785237,,False,1,2
A,1015,101458301,A_UNIQUE_101458301,,False,1,5
A,1016,101261486,A_UNIQUE_101261486,,False,1,4
A,1017,101250730,A_UNIQUE_101250730,,False,1,3
A,1018,103324351,A_UNIQUE_103324351,,False,1,4
A,1019,103014507,A_UNIQUE_103014507,,False,1,2
A,1020,103124171,A_UNIQUE_103124171,,False,1,4
A,1021,102943996,A_UNIQUE_102943996,,False,1,2
A,1022,102706580,A_UNIQUE_102706580,,False,1,5
A,1023,102537454,A_UNIQUE_102537454,,False,1,5
A,1024,102505214,A_UNIQUE_102505214,,False,1,1
A,1025,102280872,A_UNIQUE_102280872,,False,1,3
A,1026,101337232,A_UNIQUE_101337232,,False,1,4
A,1027,100758841,A_UNIQUE_100758841,,False,1,3
A,1028,100208765,A_UNIQUE_100208765,,False,1,5
A,1029,99139799,A_UNIQUE_99139799,,False,1,1
A,1030,101109810,A_UNIQUE_101109810,,False,1,1
A,1031,103781037,A_UNIQUE_103781037,,False,1,4
A,1032,103222248,A_UNIQUE_103222248,,False,1,2
A,1033,102898854,A_UNIQUE_102898854,,False,1,4
A,1034,99139783,A_UNIQUE_99139783,,False,1,3
A,1035,102281172,A_UNIQUE_102281172,,False,1,1
A,1036,100894957,A_UNIQUE_100894957,,False,1,5
A,1037,103797546,A_UNIQUE_103797546,,False,1,5
A,1038,102757875,A_UNIQUE_102757875,,False,1,3
A,1039,101305880,A_UNIQUE_101305880,,False,1,4
A,1040,101737458,A_UNIQUE_101737458,,False,1,1
A,1041,103606404,A_UNIQUE_103606404,,False,1,3
A,1042,102097198,A_UNIQUE_102097198,,False,1,2
A,1043,102073582,A_UNIQUE_102073582,,False,1,3
A,1044,103797537,A_UNIQUE_103797537,,False,1,5
A,1045,99310438,A_UNIQUE_99310438,,False,1,4
A,1046,101080943,A_UNIQUE_101080943,,False,1,5
A,1047,100804825,A_UNIQUE_100804825,,False,1,5
A,1048,99466291,A_UNIQUE_99466291,,False,1,5
A,1049,103388443,A_UNIQUE_103388443,,False,1,4
A,1050,101380358,A_UNIQUE_101380358,,False,1,4
A,1051,100288529,A_UNIQUE_100288529,,False,1,5
A,1052,103797453,A_UNIQUE_103797453,,False,1,1
A,1053,101325438,A_UNIQUE_101325438,,False,1,5
A,1054,102889847,A_UNIQUE_102889847,,False,1,1
A,1055,103797431,A_UNIQUE_103797431,,False,1,1
A,1056,103416057,A_UNIQUE_103416057,,False,1,5
A,1057,103797428,A_UNIQUE_103797428,,False,1,3
A,1058,103797396,A_UNIQUE_103797396,,False,1,5
A,1059,103292117,A_UNIQUE_103292117,,False,1,4
A,1060,103797371,A_UNIQUE_103797371,,False,1,2
A,1061,103797361,A_UNIQUE_103797361,,False,1,2
A,1062,103797376,A_UNIQUE_103797376,,False,1,5
A,1063,103797375,A_UNIQUE_103797375,,False,1,5
A,1064,103797332,A_UNIQUE_103797332,,False,1,4
A,1065,103752244,A_UNIQUE_103752244,,False,1,4
A,1066,103797322,A_UNIQUE_103797322,,False,1,3
A,1067,103797254,A_UNIQUE_103797254,,False,1,3
A,1068,103023927,A_UNIQUE_103023927,,False,1,2
A,1069,103797277,A_UNIQUE_103797277,,False,1,3
A,1070,103797251,A_UNIQUE_103797251,,False,1,5
A,1071,101872448,A_UNIQUE_101872448,,False,1,3
A,1072,103797271,A_UNIQUE_103797271,,False,1,3
A,1073,103797270,A_UNIQUE_103797270,,False,1,5
A,1074,102843782,A_UNIQUE_102843782,,False,1,2
A,1075,103443462,A_UNIQUE_103443462,,False,1,4
A,1076,97834253,A_UNIQUE_97834253,,False,1,2
A,1077,97834129,A_UNIQUE_97834129,,False,1,4
A,1078,97832489,A_UNIQUE_97832489,,False,1,3
A,1079,101722900,A_UNIQUE_101722900,,False,1,2
A,1080,100543512,A_UNIQUE_100543512,,False,1,5
A,1081,102184341,A_UNIQUE_102184341,,False,1,2
A,1082,103797217,A_UNIQUE_103797217,,False,1,1
A,1083,103797164,A_UNIQUE_103797164,,False,1,2
A,1084,103797157,A_UNIQUE_103797157,,False,1,5
A,1085,102036014,A_UNIQUE_102036014,,False,1,2
A,1086,95219758,A_UNIQUE_95219758,,False,1,3
A,1087,101128566,A_UNIQUE_101128566,,False,1,2
A,1088,103585248,A_UNIQUE_103585248,,False,1,3
A,1089,103479600,A_UNIQUE_103479600,,False,1,1
A,1090,103402025,A_UNIQUE_103402025,,False,1,1
A,1091,103740042,A_UNIQUE_103740042,,False,1,5
A,1092,103742048,A_UNIQUE_103742048,,False,1,3
A,1093,100785324,A_UNIQUE_100785324,,False,1,2
A,1094,98720154,A_UNIQUE_98720154,,False,1,1
A,1095,98739542,A_UNIQUE_98739542,,False,1,5
A,1096,103374766,A_UNIQUE_103374766,,False,1,3
A,1097,103797103,A_UNIQUE_103797103,,False,1,5
A,1098,103797097,A_UNIQUE_103797097,,False,1,3
A,1099,103797146,A_UNIQUE_103797146,,False,1,2
A,1100,100916446,A_UNIQUE_100916446,,False,1,5
A,1101,97482842,A_UNIQUE_97482842,,False,1,3
A,1102,103705048,A_UNIQUE_103705048,,False,1,3
A,1103,103714808,A_UNIQUE_103714808,,False,1,5
A,1104,95892312,A_UNIQUE_95892312,,False,1,5
A,1105,101049834,A_UNIQUE_101049834,,False,1,2
A,1106,103797128,A_UNIQUE_103797128,,False,1,4
A,1107,103797126,A_UNIQUE_103797126,,False,1,3
A,1108,103797125,A_UNIQUE_103797125,,False,1,2
A,1109,92162624,A_UNIQUE_92162624,,False,1,5
A,1110,103684332,A_UNIQUE_103684332,,False,1,1
A,1111,103714989,A_UNIQUE_103714989,,False,1,2
A,1112,103717623,A_UNIQUE_103717623,,False,1,2
A,1113,76183205,A_UNIQUE_76183205,,False,1,1
A,1114,90371478,A_UNIQUE_90371478,,False,1,3
A,1115,102439373,A_UNIQUE_102439373,,False,1,4
A,1116,103445774,A_UNIQUE_103445774,,False,1,2
A,1117,103419095,A_UNIQUE_103419095,,False,1,1
A,1118,102894978,A_UNIQUE_102894978,,False,1,3
A,1119,103797076,A_UNIQUE_103797076,,False,1,5
A,1120,103796970,A_UNIQUE_103796970,,False,1,5
A,1121,103796987,A_UNIQUE_103796987,,False,1,5
A,1122,103436990,A_UNIQUE_103436990,,False,1,1
A,1123,100288687,A_UNIQUE_100288687,,False,1,1
A,1124,99466343,A_UNIQUE_99466343,,False,1,4
A,1125,103797057,A_UNIQUE_103797057,,False,1,3
A,1126,103797056,A_UNIQUE_103797056,,False,1,1
A,1127,101019426,A_UNIQUE_101019426,,False,1,3
A,1128,103797048,A_UNIQUE_103797048,,False,1,5
A,1129,103797047,A_UNIQUE_103797047,,False,1,4
A,1130,101990539,A_UNIQUE_101990539,,False,1,2
A,1131,103796947,A_UNIQUE_103796947,,False,1,1
A,1132,103796936,A_UNIQUE_103796936,,False,1,1
A,1133,103796931,A_UNIQUE_103796931,,False,1,5
A,1134,103423738,A_UNIQUE_103423738,,False,1,4
A,1135,103549671,A_UNIQUE_103549671,,False,1,5
A,1136,103797008,A_UNIQUE_103797008,,False,1,5
A,1137,103450284,A_UNIQUE_103450284,,False,1,3
A,1138,103477237,A_UNIQUE_103477237,,False,1,5
A,1139,103470205,A_RG_0006,A_RG_0006,True,2,4
A,1140,102172274,A_UNIQUE_102172274,,False,1,5
A,1141,94213853,A_UNIQUE_94213853,,False,1,5
A,1142,100025500,A_UNIQUE_100025500,,False,1,3
A,1143,103336579,A_RG_0007,A_RG_0007,True,2,3
A,1144,101557980,A_UNIQUE_101557980,,False,1,4
A,1145,103715204,A_UNIQUE_103715204,,False,1,5
A,1146,98377340,A_UNIQUE_98377340,,False,1,2
A,1147,97940583,A_UNIQUE_97940583,,False,1,5
A,1148,95823750,A_UNIQUE_95823750,,False,1,3
A,1149,103796815,A_UNIQUE_103796815,,False,1,2
A,1150,102283762,A_UNIQUE_102283762,,False,1,5
A,1151,100815948,A_UNIQUE_100815948,,False,1,1
A,1152,100253281,A_UNIQUE_100253281,,False,1,2
A,1153,103796877,A_UNIQUE_103796877,,False,1,2
A,1154,103796871,A_UNIQUE_103796871,,False,1,1
A,1155,101941512,A_UNIQUE_101941512,,False,1,3
A,1156,103796796,A_UNIQUE_103796796,,False,1,3
A,1157,103796803,A_UNIQUE_103796803,,False,1,3
A,1158,103282247,A_UNIQUE_103282247,,False,1,1
A,1159,103419115,A_UNIQUE_103419115,,False,1,5
A,1160,103425319,A_UNIQUE_103425319,,False,1,2
A,1161,98409917,A_UNIQUE_98409917,,False,1,2
A,1162,101279647,A_UNIQUE_101279647,,False,1,1
A,1163,101382844,A_UNIQUE_101382844,,False,1,2
A,1164,103760421,A_UNIQUE_103760421,,False,1,1
A,1165,103761088,A_UNIQUE_103761088,,False,1,5
A,1166,103235193,A_UNIQUE_103235193,,False,1,3
A,1167,101065984,A_UNIQUE_101065984,,False,1,5
A,1168,99044462,A_UNIQUE_99044462,,False,1,5
A,1169,98233164,A_UNIQUE_98233164,,False,1,1
A,1170,103796721,A_UNIQUE_103796721,,False,1,3
A,1171,103796707,A_UNIQUE_103796707,,False,1,2
A,1172,103796697,A_UNIQUE_103796697,,False,1,5
A,1173,103796684,A_UNIQUE_103796684,,False,1,4
A,1174,103796787,A_UNIQUE_103796787,,False,1,2
A,1175,103796785,A_UNIQUE_103796785,,False,1,3
A,1176,103669945,A_UNIQUE_103669945,,False,1,3
A,1177,103421446,A_UNIQUE_103421446,,False,1,3
A,1178,103640101,A_UNIQUE_103640101,,False,1,1
A,1179,103527484,A_UNIQUE_103527484,,False,1,3
A,1180,103072253,A_UNIQUE_103072253,,False,1,5
A,1181,103465855,A_UNIQUE_103465855,,False,1,5
A,1182,103796778,A_UNIQUE_103796778,,False,1,4
A,1183,103796773,A_UNIQUE_103796773,,False,1,4
A,1184,102126519,A_UNIQUE_102126519,,False,1,2
A,1185,103796767,A_UNIQUE_103796767,,False,1,4
A,1186,103796665,A_UNIQUE_103796665,,False,1,4
A,1187,103796664,A_UNIQUE_103796664,,False,1,1
A,1188,103796660,A_UNIQUE_103796660,,False,1,5
A,1189,103796743,A_UNIQUE_103796743,,False,1,4
A,1190,103673812,A_UNIQUE_103673812,,False,1,1
A,1191,100849422,A_UNIQUE_100849422,,False,1,4
A,1192,102485274,A_UNIQUE_102485274,,False,1,5
A,1193,103699105,A_UNIQUE_103699105,,False,1,3
A,1194,103559688,A_UNIQUE_103559688,,False,1,2
A,1195,102107757,A_UNIQUE_102107757,,False,1,4
A,1196,103538432,A_UNIQUE_103538432,,False,1,3
A,1197,103494812,A_UNIQUE_103494812,,False,1,1
A,1198,103446079,A_UNIQUE_103446079,,False,1,1
A,1199,103690877,A_UNIQUE_103690877,,False,1,1
A,1200,103223072,A_RG_0006,A_RG_0006,True,2,4
A,1201,103470201,A_RG_0007,A_RG_0007,True,2,3
A,1202,103796653,A_UNIQUE_103796653,,False,1,5
A,1203,100309020,A_UNIQUE_100309020,,False,1,3
A,1204,102434884,A_UNIQUE_102434884,,False,1,3
A,1205,103727257,A_UNIQUE_103727257,,False,1,2
A,1206,103796542,A_UNIQUE_103796542,,False,1,3
A,1207,103796565,A_UNIQUE_103796565,,False,1,5
A,1208,103389817,A_UNIQUE_103389817,,False,1,1
A,1209,103260845,A_UNIQUE_103260845,,False,1,2
A,1210,103767080,A_UNIQUE_103767080,,False,1,4
A,1211,103764720,A_UNIQUE_103764720,,False,1,2
A,1212,102267563,A_UNIQUE_102267563,,False,1,5
A,1213,103796418,A_UNIQUE_103796418,,False,1,1
A,1214,102873781,A_UNIQUE_102873781,,False,1,2
A,1215,102841105,A_UNIQUE_102841105,,False,1,1
A,1216,102989220,A_UNIQUE_102989220,,False,1,1
A,1217,102097200,A_UNIQUE_102097200,,False,1,2
A,1218,100692333,A_UNIQUE_100692333,,False,1,3
A,1219,102272734,A_UNIQUE_102272734,,False,1,4
A,1220,100184788,A_UNIQUE_100184788,,False,1,5
A,1221,103796402,A_UNIQUE_103796402,,False,1,2
A,1222,103796444,A_UNIQUE_103796444,,False,1,5
A,1223,103685134,A_UNIQUE_103685134,,False,1,4
A,1224,103705936,A_UNIQUE_103705936,,False,1,4
A,1225,101536156,A_UNIQUE_101536156,,False,1,3
A,1226,103796353,A_UNIQUE_103796353,,False,1,5
A,1227,103796349,A_UNIQUE_103796349,,False,1,5
A,1228,103127725,A_UNIQUE_103127725,,False,1,5
A,1229,103025400,A_UNIQUE_103025400,,False,1,4
A,1230,102198088,A_UNIQUE_102198088,,False,1,1
A,1231,101325789,A_UNIQUE_101325789,,False,1,1
A,1232,103643157,A_UNIQUE_103643157,,False,1,5
A,1233,103796395,A_UNIQUE_103796395,,False,1,5
A,1234,102808479,A_UNIQUE_102808479,,False,1,5
A,1235,102510692,A_UNIQUE_102510692,,False,1,3
A,1236,100499344,A_UNIQUE_100499344,,False,1,4
A,1237,102614705,A_UNIQUE_102614705,,False,1,4
A,1238,103796380,A_UNIQUE_103796380,,False,1,4
A,1239,103050834,A_UNIQUE_103050834,,False,1,3
A,1240,103570806,A_UNIQUE_103570806,,False,1,3
A,1241,103520779,A_UNIQUE_103520779,,False,1,2
A,1242,99968757,A_UNIQUE_99968757,,False,1,2
A,1243,103014181,A_UNIQUE_103014181,,False,1,4
A,1244,100249876,A_UNIQUE_100249876,,False,1,3
A,1245,98560819,A_UNIQUE_98560819,,False,1,1
A,1246,97025172,A_UNIQUE_97025172,,False,1,3
A,1247,103796223,A_UNIQUE_103796223,,False,1,4
A,1248,103796197,A_UNIQUE_103796197,,False,1,3
A,1249,103536109,A_UNIQUE_103536109,,False,1,2
A,1250,103796315,A_UNIQUE_103796315,,False,1,4
A,1251,102874865,A_UNIQUE_102874865,,False,1,5
A,1252,103105437,A_UNIQUE_103105437,,False,1,4
A,1253,103796311,A_UNIQUE_103796311,,False,1,4
A,1254,103796162,A_RG_0001,A_RG_0001,True,2,1
A,1255,103796304,A_UNIQUE_103796304,,False,1,2
A,1256,103796303,A_UNIQUE_103796303,,False,1,2
A,1257,103438937,A_UNIQUE_103438937,,False,1,4
A,1258,103796293,A_UNIQUE_103796293,,False,1,1
A,1259,103001429,A_UNIQUE_103001429,,False,1,2
A,1260,103605382,A_UNIQUE_103605382,,False,1,4
A,1261,100543136,A_UNIQUE_100543136,,False,1,5
A,1262,103796024,A_UNIQUE_103796024,,False,1,4
A,1263,103796139,A_UNIQUE_103796139,,False,1,5
A,1264,103796014,A_UNIQUE_103796014,,False,1,4
A,1265,103686605,A_UNIQUE_103686605,,False,1,1
A,1266,103750149,A_UNIQUE_103750149,,False,1,5
A,1267,102482545,A_UNIQUE_102482545,,False,1,3
A,1268,103796092,A_UNIQUE_103796092,,False,1,5
A,1269,94760102,A_UNIQUE_94760102,,False,1,1
A,1270,100727490,A_UNIQUE_100727490,,False,1,1
A,1271,101981935,A_UNIQUE_101981935,,False,1,3
A,1272,102091178,A_UNIQUE_102091178,,False,1,2
A,1273,99704979,A_UNIQUE_99704979,,False,1,4
A,1274,102654288,A_UNIQUE_102654288,,False,1,3
A,1275,103795950,A_UNIQUE_103795950,,False,1,1
A,1276,103308799,A_UNIQUE_103308799,,False,1,2
A,1277,103795930,A_UNIQUE_103795930,,False,1,1
A,1278,103245620,A_UNIQUE_103245620,,False,1,4
A,1279,101972175,A_UNIQUE_101972175,,False,1,5
A,1280,102907672,A_UNIQUE_102907672,,False,1,5
A,1281,103442297,A_UNIQUE_103442297,,False,1,3
A,1282,103795891,A_UNIQUE_103795891,,False,1,4
A,1283,101629550,A_UNIQUE_101629550,,False,1,1
A,1284,103339072,A_UNIQUE_103339072,,False,1,2
A,1285,103795815,A_UNIQUE_103795815,,False,1,2
A,1286,103795802,A_UNIQUE_103795802,,False,1,2
A,1287,103698354,A_UNIQUE_103698354,,False,1,2
A,1288,95706905,A_UNIQUE_95706905,,False,1,2
A,1289,103795799,A_UNIQUE_103795799,,False,1,1
A,1290,98860442,A_UNIQUE_98860442,,False,1,4
A,1291,103252600,A_UNIQUE_103252600,,False,1,2
A,1292,103795699,A_UNIQUE_103795699,,False,1,3
A,1293,103795697,A_UNIQUE_103795697,,False,1,5
A,1294,103449900,A_UNIQUE_103449900,,False,1,2
A,1295,103359755,A_UNIQUE_103359755,,False,1,1
A,1296,103795669,A_UNIQUE_103795669,,False,1,2
A,1297,103456523,A_UNIQUE_103456523,,False,1,3
A,1298,100414970,A_UNIQUE_100414970,,False,1,5
A,1299,103795631,A_UNIQUE_103795631,,False,1,2
A,1300,102424719,A_UNIQUE_102424719,,False,1,5
A,1301,102424761,A_UNIQUE_102424761,,False,1,2
A,1302,103601526,A_UNIQUE_103601526,,False,1,3
A,1303,103501945,A_UNIQUE_103501945,,False,1,5
A,1304,103795578,A_UNIQUE_103795578,,False,1,3
A,1305,103795519,A_UNIQUE_103795519,,False,1,4
A,1306,103795515,A_UNIQUE_103795515,,False,1,3
A,1307,103795393,A_UNIQUE_103795393,,False,1,1
A,1308,102084307,A_UNIQUE_102084307,,False,1,1
A,1309,102083191,A_UNIQUE_102083191,,False,1,3
A,1310,102860545,A_UNIQUE_102860545,,False,1,4
A,1311,103795460,A_UNIQUE_103795460,,False,1,3
A,1312,103795436,A_UNIQUE_103795436,,False,1,1
A,1313,103795360,A_RG_0008,A_RG_0008,True,2,2
A,1314,103795356,A_UNIQUE_103795356,,False,1,5
A,1315,102530014,A_UNIQUE_102530014,,False,1,2
A,1316,103795432,A_UNIQUE_103795432,,False,1,3
A,1317,103795413,A_UNIQUE_103795413,,False,1,4
A,1318,103729182,A_UNIQUE_103729182,,False,1,3
A,1319,101705724,A_UNIQUE_101705724,,False,1,3
A,1320,103795227,A_UNIQUE_103795227,,False,1,2
A,1321,102082460,A_UNIQUE_102082460,,False,1,5
A,1322,103795288,A_RG_0008,A_RG_0008,True,2,2
A,1323,103567545,A_UNIQUE_103567545,,False,1,3
A,1324,103795203,A_UNIQUE_103795203,,False,1,4
A,1325,103795185,A_UNIQUE_103795185,,False,1,2
A,1326,103795266,A_UNIQUE_103795266,,False,1,4
A,1327,100985420,A_UNIQUE_100985420,,False,1,2
A,1328,103350530,A_UNIQUE_103350530,,False,1,5
A,1329,103187946,A_UNIQUE_103187946,,False,1,1
A,1330,103089105,A_UNIQUE_103089105,,False,1,4
A,1331,101517371,A_UNIQUE_101517371,,False,1,4
A,1332,103795120,A_UNIQUE_103795120,,False,1,1
A,1333,103795110,A_UNIQUE_103795110,,False,1,5
A,1334,103795107,A_UNIQUE_103795107,,False,1,1
A,1335,103795176,A_UNIQUE_103795176,,False,1,1
A,1336,103795096,A_UNIQUE_103795096,,False,1,2
A,1337,101672290,A_UNIQUE_101672290,,False,1,5
A,1338,101670291,A_UNIQUE_101670291,,False,1,4
A,1339,102882471,A_UNIQUE_102882471,,False,1,2
A,1340,103795148,A_UNIQUE_103795148,,False,1,1
A,1341,103795146,A_UNIQUE_103795146,,False,1,3
A,1342,103511282,A_UNIQUE_103511282,,False,1,3
A,1343,102621739,A_UNIQUE_102621739,,False,1,2
A,1344,103794979,A_UNIQUE_103794979,,False,1,3
A,1345,103794972,A_UNIQUE_103794972,,False,1,5
A,1346,103794936,A_UNIQUE_103794936,,False,1,2
A,1347,103794908,A_UNIQUE_103794908,,False,1,2
A,1348,102916819,A_UNIQUE_102916819,,False,1,4
A,1349,102916783,A_UNIQUE_102916783,,False,1,1
A,1350,103795068,A_UNIQUE_103795068,,False,1,1
A,1351,97151327,A_UNIQUE_97151327,,False,1,2
A,1352,103538515,A_UNIQUE_103538515,,False,1,5
A,1353,103794883,A_UNIQUE_103794883,,False,1,2
A,1354,103794878,A_UNIQUE_103794878,,False,1,5
A,1355,102905110,A_UNIQUE_102905110,,False,1,5
A,1356,102905091,A_UNIQUE_102905091,,False,1,2
A,1357,102889785,A_UNIQUE_102889785,,False,1,2
A,1358,102889632,A_UNIQUE_102889632,,False,1,1
A,1359,102889068,A_UNIQUE_102889068,,False,1,3
A,1360,102889006,A_UNIQUE_102889006,,False,1,3
A,1361,103795029,A_UNIQUE_103795029,,False,1,3
A,1362,103795016,A_UNIQUE_103795016,,False,1,3
A,1363,103795013,A_UNIQUE_103795013,,False,1,3
A,1364,101837463,A_UNIQUE_101837463,,False,1,1
A,1365,103040014,A_UNIQUE_103040014,,False,1,2
A,1366,102843087,A_UNIQUE_102843087,,False,1,3
A,1367,103794729,A_UNIQUE_103794729,,False,1,5
A,1368,103794705,A_UNIQUE_103794705,,False,1,3
A,1369,103794834,A_UNIQUE_103794834,,False,1,4
A,1370,103794832,A_UNIQUE_103794832,,False,1,5
A,1371,103794818,A_UNIQUE_103794818,,False,1,5
A,1372,92387411,A_UNIQUE_92387411,,False,1,4
A,1373,103794803,A_UNIQUE_103794803,,False,1,4
A,1374,103794786,A_UNIQUE_103794786,,False,1,3
A,1375,102297326,A_UNIQUE_102297326,,False,1,4
A,1376,103740282,A_UNIQUE_103740282,,False,1,2
A,1377,103599839,A_UNIQUE_103599839,,False,1,2
A,1378,103794505,A_UNIQUE_103794505,,False,1,2
A,1379,103794501,A_UNIQUE_103794501,,False,1,5
A,1380,97828616,A_UNIQUE_97828616,,False,1,3
A,1381,103794477,A_UNIQUE_103794477,,False,1,1
A,1382,103794465,A_UNIQUE_103794465,,False,1,1
A,1383,103794442,A_UNIQUE_103794442,,False,1,2
A,1384,101448663,A_UNIQUE_101448663,,False,1,4
A,1385,103794493,A_UNIQUE_103794493,,False,1,2
A,1386,103794636,A_UNIQUE_103794636,,False,1,4
A,1387,103794620,A_UNIQUE_103794620,,False,1,3
A,1388,103794616,A_UNIQUE_103794616,,False,1,5
A,1389,101970117,A_UNIQUE_101970117,,False,1,1
A,1390,103794402,A_UNIQUE_103794402,,False,1,4
A,1391,103794426,A_UNIQUE_103794426,,False,1,2
A,1392,96105459,A_UNIQUE_96105459,,False,1,3
A,1393,103401180,A_UNIQUE_103401180,,False,1,3
A,1394,103719422,A_UNIQUE_103719422,,False,1,2
A,1395,103420274,A_UNIQUE_103420274,,False,1,5
A,1396,103653183,A_UNIQUE_103653183,,False,1,1
A,1397,103653397,A_UNIQUE_103653397,,False,1,1
A,1398,103653399,A_UNIQUE_103653399,,False,1,4
A,1399,103653413,A_UNIQUE_103653413,,False,1,1
A,1400,103794387,A_UNIQUE_103794387,,False,1,3
A,1401,103794219,A_UNIQUE_103794219,,False,1,5
A,1402,102762016,A_UNIQUE_102762016,,False,1,3
A,1403,103727115,A_UNIQUE_103727115,,False,1,2
A,1404,103073311,A_UNIQUE_103073311,,False,1,1
A,1405,103031827,A_UNIQUE_103031827,,False,1,2
A,1406,103794347,A_UNIQUE_103794347,,False,1,4
A,1407,97835915,A_UNIQUE_97835915,,False,1,4
A,1408,97833112,A_UNIQUE_97833112,,False,1,5
A,1409,103794328,A_UNIQUE_103794328,,False,1,3
A,1410,97831618,A_UNIQUE_97831618,,False,1,5
A,1411,101833545,A_UNIQUE_101833545,,False,1,3
A,1412,102820417,A_UNIQUE_102820417,,False,1,3
A,1413,100498095,A_UNIQUE_100498095,,False,1,4
A,1414,102820433,A_UNIQUE_102820433,,False,1,4
A,1415,102820395,A_UNIQUE_102820395,,False,1,2
A,1416,102820397,A_UNIQUE_102820397,,False,1,2
A,1417,95161540,A_UNIQUE_95161540,,False,1,5
A,1418,103464980,A_UNIQUE_103464980,,False,1,2
A,1419,102827644,A_UNIQUE_102827644,,False,1,5
A,1420,103653187,A_UNIQUE_103653187,,False,1,5
A,1421,101624781,A_UNIQUE_101624781,,False,1,1
A,1422,102850319,A_UNIQUE_102850319,,False,1,2
A,1423,102507531,A_UNIQUE_102507531,,False,1,1
A,1424,103188233,A_UNIQUE_103188233,,False,1,5
A,1425,102883481,A_UNIQUE_102883481,,False,1,1
A,1426,103073088,A_UNIQUE_103073088,,False,1,1
A,1427,103204071,A_UNIQUE_103204071,,False,1,1
A,1428,103793977,A_UNIQUE_103793977,,False,1,1
A,1429,102059971,A_UNIQUE_102059971,,False,1,4
A,1430,101823513,A_UNIQUE_101823513,,False,1,4
A,1431,103794049,A_UNIQUE_103794049,,False,1,5
A,1432,103793928,A_UNIQUE_103793928,,False,1,5
A,1433,103793924,A_UNIQUE_103793924,,False,1,5
A,1434,98072812,A_UNIQUE_98072812,,False,1,1
A,1435,103793938,A_UNIQUE_103793938,,False,1,2
A,1436,103793936,A_UNIQUE_103793936,,False,1,1
A,1437,102820446,A_UNIQUE_102820446,,False,1,1
A,1438,102820176,A_UNIQUE_102820176,,False,1,5
A,1439,102820169,A_UNIQUE_102820169,,False,1,2
A,1440,102820476,A_UNIQUE_102820476,,False,1,3
A,1441,102820448,A_UNIQUE_102820448,,False,1,3
A,1442,100511965,A_UNIQUE_100511965,,False,1,2
A,1443,103432147,A_UNIQUE_103432147,,False,1,2
A,1444,103794018,A_UNIQUE_103794018,,False,1,3
A,1445,103219662,A_UNIQUE_103219662,,False,1,5
A,1446,103066708,A_UNIQUE_103066708,,False,1,3
A,1447,95697568,A_UNIQUE_95697568,,False,1,2
A,1448,103081545,A_UNIQUE_103081545,,False,1,1
A,1449,103200597,A_UNIQUE_103200597,,False,1,2
A,1450,101624824,A_UNIQUE_101624824,,False,1,3
A,1451,101624705,A_UNIQUE_101624705,,False,1,4
A,1452,103448748,A_UNIQUE_103448748,,False,1,3
A,1453,103793700,A_UNIQUE_103793700,,False,1,3
A,1454,103793763,A_UNIQUE_103793763,,False,1,4
A,1455,103793762,A_UNIQUE_103793762,,False,1,3
A,1456,103793742,A_UNIQUE_103793742,,False,1,2
A,1457,101673194,A_UNIQUE_101673194,,False,1,4
A,1458,102464025,A_UNIQUE_102464025,,False,1,3
A,1459,103356717,A_UNIQUE_103356717,,False,1,1
A,1460,102464037,A_UNIQUE_102464037,,False,1,3
A,1461,103282764,A_UNIQUE_103282764,,False,1,1
A,1462,102881026,A_UNIQUE_102881026,,False,1,1
A,1463,101960777,A_UNIQUE_101960777,,False,1,1
A,1464,102880636,A_UNIQUE_102880636,,False,1,5
A,1465,102881017,A_UNIQUE_102881017,,False,1,5
A,1466,101960781,A_UNIQUE_101960781,,False,1,2
A,1467,102882132,A_UNIQUE_102882132,,False,1,5
A,1468,102892430,A_UNIQUE_102892430,,False,1,2
A,1469,102892432,A_UNIQUE_102892432,,False,1,4
A,1470,103551285,A_UNIQUE_103551285,,False,1,1
A,1471,102894373,A_UNIQUE_102894373,,False,1,2
A,1472,102882136,A_UNIQUE_102882136,,False,1,5
A,1473,102894376,A_UNIQUE_102894376,,False,1,4
A,1474,102882138,A_UNIQUE_102882138,,False,1,2
A,1475,102881313,A_UNIQUE_102881313,,False,1,4
A,1476,101960423,A_RG_0009,A_RG_0009,True,2,3
A,1477,102820450,A_UNIQUE_102820450,,False,1,4
A,1478,102820649,A_UNIQUE_102820649,,False,1,4
A,1479,103793824,A_UNIQUE_103793824,,False,1,5
A,1480,102159640,A_UNIQUE_102159640,,False,1,1
A,1481,102468626,A_UNIQUE_102468626,,False,1,3
A,1482,103624230,A_UNIQUE_103624230,,False,1,1
A,1483,102893089,A_UNIQUE_102893089,,False,1,2
A,1484,102199142,A_UNIQUE_102199142,,False,1,5
A,1485,101499810,A_UNIQUE_101499810,,False,1,1
A,1486,103714789,A_UNIQUE_103714789,,False,1,4
A,1487,103356674,A_UNIQUE_103356674,,False,1,1
A,1488,103301164,A_UNIQUE_103301164,,False,1,2
A,1489,103390061,A_UNIQUE_103390061,,False,1,4
A,1490,101624732,A_UNIQUE_101624732,,False,1,1
A,1491,102889904,A_UNIQUE_102889904,,False,1,2
A,1492,103793643,A_UNIQUE_103793643,,False,1,1
A,1493,103793473,A_UNIQUE_103793473,,False,1,2
A,1494,103793506,A_UNIQUE_103793506,,False,1,5
A,1495,103793496,A_UNIQUE_103793496,,False,1,1
A,1496,102904007,A_RG_0009,A_RG_0009,True,2,3
A,1497,102889893,A_UNIQUE_102889893,,False,1,2
A,1498,103489956,A_UNIQUE_103489956,,False,1,1
A,1499,103435132,A_UNIQUE_103435132,,False,1,3
A,1500,102741031,A_UNIQUE_102741031,,False,1,4
A,1501,102889874,A_UNIQUE_102889874,,False,1,5
A,1502,101763640,A_UNIQUE_101763640,,False,1,5
A,1503,102718298,A_UNIQUE_102718298,,False,1,4
A,1504,102717845,A_UNIQUE_102717845,,False,1,3
A,1505,103793587,A_UNIQUE_103793587,,False,1,1
A,1506,101989957,A_UNIQUE_101989957,,False,1,4
A,1507,103793534,A_UNIQUE_103793534,,False,1,3
A,1508,103113863,A_UNIQUE_103113863,,False,1,2
A,1509,103793455,A_UNIQUE_103793455,,False,1,3
A,1510,102906295,A_UNIQUE_102906295,,False,1,4
A,1511,103793234,A_UNIQUE_103793234,,False,1,2
A,1512,103793184,A_UNIQUE_103793184,,False,1,4
A,1513,102906287,A_UNIQUE_102906287,,False,1,4
A,1514,102400730,A_UNIQUE_102400730,,False,1,1
A,1515,103793204,A_UNIQUE_103793204,,False,1,2
A,1516,103793389,A_UNIQUE_103793389,,False,1,3
A,1517,103793385,A_UNIQUE_103793385,,False,1,1
A,1518,103573434,A_UNIQUE_103573434,,False,1,4
A,1519,103793364,A_UNIQUE_103793364,,False,1,5
A,1520,103793360,A_UNIQUE_103793360,,False,1,5
A,1521,102501000,A_UNIQUE_102501000,,False,1,3
A,1522,103485603,A_UNIQUE_103485603,,False,1,3
A,1523,102593827,A_UNIQUE_102593827,,False,1,1
A,1524,102500912,A_UNIQUE_102500912,,False,1,5
A,1525,101881452,A_UNIQUE_101881452,,False,1,1
A,1526,103793112,A_UNIQUE_103793112,,False,1,5
A,1527,103793109,A_UNIQUE_103793109,,False,1,3
A,1528,102887335,A_UNIQUE_102887335,,False,1,2
A,1529,102878384,A_UNIQUE_102878384,,False,1,2
A,1530,103793327,A_UNIQUE_103793327,,False,1,5
A,1531,100582129,A_UNIQUE_100582129,,False,1,4
A,1532,103793317,A_UNIQUE_103793317,,False,1,4
A,1533,103793316,A_UNIQUE_103793316,,False,1,2
A,1534,103793311,A_UNIQUE_103793311,,False,1,1
A,1535,100481760,A_UNIQUE_100481760,,False,1,2
A,1536,102886577,A_UNIQUE_102886577,,False,1,5
A,1537,103793285,A_UNIQUE_103793285,,False,1,3
A,1538,103793281,A_UNIQUE_103793281,,False,1,1
A,1539,103626074,A_UNIQUE_103626074,,False,1,2
A,1540,102878299,A_UNIQUE_102878299,,False,1,1
A,1541,103652137,A_UNIQUE_103652137,,False,1,3
A,1542,102776037,A_UNIQUE_102776037,,False,1,2
A,1543,101890860,A_UNIQUE_101890860,,False,1,4
A,1544,97543894,A_UNIQUE_97543894,,False,1,5
A,1545,103752445,A_UNIQUE_103752445,,False,1,3
A,1546,96426992,A_UNIQUE_96426992,,False,1,1
A,1547,103452020,A_UNIQUE_103452020,,False,1,1
A,1548,103452025,A_UNIQUE_103452025,,False,1,4
A,1549,103452017,A_UNIQUE_103452017,,False,1,3
A,1550,103452015,A_UNIQUE_103452015,,False,1,2
A,1551,98227923,A_UNIQUE_98227923,,False,1,1
A,1552,102903842,A_UNIQUE_102903842,,False,1,2
A,1553,102916673,A_UNIQUE_102916673,,False,1,5
A,1554,101880348,A_UNIQUE_101880348,,False,1,3
A,1555,103793098,A_UNIQUE_103793098,,False,1,1
A,1556,103792881,A_UNIQUE_103792881,,False,1,5
A,1557,103792843,A_UNIQUE_103792843,,False,1,4
A,1558,103462548,A_UNIQUE_103462548,,False,1,1
A,1559,103551709,A_UNIQUE_103551709,,False,1,3
A,1560,103793061,A_UNIQUE_103793061,,False,1,3
A,1561,102020919,A_UNIQUE_102020919,,False,1,1
A,1562,103485601,A_UNIQUE_103485601,,False,1,1
A,1563,103793045,A_UNIQUE_103793045,,False,1,2
A,1564,103248462,A_UNIQUE_103248462,,False,1,2
A,1565,103766881,A_UNIQUE_103766881,,False,1,3
A,1566,100264116,A_UNIQUE_100264116,,False,1,2
A,1567,103792792,A_UNIQUE_103792792,,False,1,1
A,1568,103792790,A_UNIQUE_103792790,,False,1,4
A,1569,103792781,A_UNIQUE_103792781,,False,1,4
A,1570,103792754,A_UNIQUE_103792754,,False,1,1
A,1571,102473857,A_UNIQUE_102473857,,False,1,1
A,1572,103792765,A_UNIQUE_103792765,,False,1,4
A,1573,103793005,A_UNIQUE_103793005,,False,1,5
A,1574,102234050,A_UNIQUE_102234050,,False,1,4
A,1575,103792979,A_UNIQUE_103792979,,False,1,5
A,1576,103792969,A_UNIQUE_103792969,,False,1,2
A,1577,103792968,A_UNIQUE_103792968,,False,1,2
A,1578,103792946,A_UNIQUE_103792946,,False,1,1
A,1579,103720640,A_UNIQUE_103720640,,False,1,5
A,1580,101890669,A_UNIQUE_101890669,,False,1,1
A,1581,103792865,A_UNIQUE_103792865,,False,1,5
A,1582,94945757,A_UNIQUE_94945757,,False,1,4
A,1583,102800814,A_UNIQUE_102800814,,False,1,3
A,1584,87127308,A_UNIQUE_87127308,,False,1,5
A,1585,102052469,A_UNIQUE_102052469,,False,1,4
A,1586,99627275,A_UNIQUE_99627275,,False,1,4
A,1587,101697554,A_UNIQUE_101697554,,False,1,3
A,1588,103789690,A_UNIQUE_103789690,,False,1,1
A,1589,103792718,A_UNIQUE_103792718,,False,1,5
A,1590,101969625,A_UNIQUE_101969625,,False,1,4
A,1591,101938509,A_UNIQUE_101938509,,False,1,1
A,1592,103792508,A_UNIQUE_103792508,,False,1,5
A,1593,103792452,A_UNIQUE_103792452,,False,1,5
A,1594,102911472,A_UNIQUE_102911472,,False,1,5
A,1595,102903095,A_UNIQUE_102903095,,False,1,1
A,1596,102903047,A_UNIQUE_102903047,,False,1,4
A,1597,102903014,A_UNIQUE_102903014,,False,1,5
A,1598,101894208,A_UNIQUE_101894208,,False,1,2
A,1599,103792474,A_UNIQUE_103792474,,False,1,2
A,1600,103792466,A_UNIQUE_103792466,,False,1,4
A,1601,102903141,A_UNIQUE_102903141,,False,1,2
A,1602,102452948,A_UNIQUE_102452948,,False,1,2
A,1603,103792686,A_UNIQUE_103792686,,False,1,4
A,1604,100896364,A_UNIQUE_100896364,,False,1,3
A,1605,100271479,A_UNIQUE_100271479,,False,1,1
A,1606,103792653,A_UNIQUE_103792653,,False,1,1
A,1607,103792649,A_UNIQUE_103792649,,False,1,3
A,1608,101895409,A_UNIQUE_101895409,,False,1,1
A,1609,103792631,A_UNIQUE_103792631,,False,1,4
A,1610,101969583,A_UNIQUE_101969583,,False,1,5
A,1611,101997138,A_UNIQUE_101997138,,False,1,1
A,1612,98859046,A_UNIQUE_98859046,,False,1,5
A,1613,100502825,A_UNIQUE_100502825,,False,1,3
A,1614,102856895,A_UNIQUE_102856895,,False,1,2
A,1615,102856891,A_UNIQUE_102856891,,False,1,3
A,1616,102883748,A_UNIQUE_102883748,,False,1,3
A,1617,103792599,A_UNIQUE_103792599,,False,1,5
A,1618,103792570,A_UNIQUE_103792570,,False,1,2
A,1619,103792559,A_UNIQUE_103792559,,False,1,4
A,1620,100924995,A_UNIQUE_100924995,,False,1,2
A,1621,95208072,A_UNIQUE_95208072,,False,1,5
A,1622,103041062,A_UNIQUE_103041062,,False,1,3
A,1623,101762518,A_UNIQUE_101762518,,False,1,3
A,1624,103637604,A_UNIQUE_103637604,,False,1,4
A,1625,103470225,A_UNIQUE_103470225,,False,1,4
A,1626,103658209,A_UNIQUE_103658209,,False,1,3
A,1627,103667423,A_UNIQUE_103667423,,False,1,1
A,1628,102314068,A_UNIQUE_102314068,,False,1,5
A,1629,103106401,A_UNIQUE_103106401,,False,1,2
A,1630,100481029,A_UNIQUE_100481029,,False,1,4
A,1631,102747048,A_UNIQUE_102747048,,False,1,4
A,1632,103610495,A_UNIQUE_103610495,,False,1,1
A,1633,103763228,A_UNIQUE_103763228,,False,1,1
A,1634,103792395,A_UNIQUE_103792395,,False,1,3
A,1635,99797644,A_UNIQUE_99797644,,False,1,2
A,1636,103792198,A_UNIQUE_103792198,,False,1,1
A,1637,103792181,A_UNIQUE_103792181,,False,1,4
A,1638,103792173,A_UNIQUE_103792173,,False,1,4
A,1639,102879544,A_UNIQUE_102879544,,False,1,1
A,1640,101933895,A_UNIQUE_101933895,,False,1,1
A,1641,103792366,A_UNIQUE_103792366,,False,1,2
A,1642,101005689,A_UNIQUE_101005689,,False,1,4
A,1643,103792363,A_UNIQUE_103792363,,False,1,3
A,1644,103792331,A_UNIQUE_103792331,,False,1,1
A,1645,103792329,A_UNIQUE_103792329,,False,1,5
A,1646,103665308,A_UNIQUE_103665308,,False,1,3
A,1647,102760831,A_UNIQUE_102760831,,False,1,4
A,1648,103173165,A_UNIQUE_103173165,,False,1,5
A,1649,103792298,A_UNIQUE_103792298,,False,1,4
A,1650,97315489,A_UNIQUE_97315489,,False,1,3
A,1651,103315726,A_UNIQUE_103315726,,False,1,4
A,1652,103289990,A_UNIQUE_103289990,,False,1,4
A,1653,103748225,A_UNIQUE_103748225,,False,1,3
A,1654,103190909,A_UNIQUE_103190909,,False,1,3
A,1655,103738015,A_UNIQUE_103738015,,False,1,1
A,1656,103792147,A_UNIQUE_103792147,,False,1,2
A,1657,103792141,A_UNIQUE_103792141,,False,1,5
A,1658,103792137,A_UNIQUE_103792137,,False,1,1
A,1659,103792169,A_UNIQUE_103792169,,False,1,5
A,1660,103792167,A_UNIQUE_103792167,,False,1,4
A,1661,103738707,A_UNIQUE_103738707,,False,1,1
A,1662,103732912,A_UNIQUE_103732912,,False,1,1
A,1663,103737795,A_UNIQUE_103737795,,False,1,5
A,1664,103792293,A_UNIQUE_103792293,,False,1,1
A,1665,103729534,A_UNIQUE_103729534,,False,1,3
A,1666,103669851,A_UNIQUE_103669851,,False,1,3
A,1667,103735897,A_UNIQUE_103735897,,False,1,1
A,1668,103637655,A_UNIQUE_103637655,,False,1,2
A,1669,103728442,A_UNIQUE_103728442,,False,1,1
A,1670,103352777,A_UNIQUE_103352777,,False,1,2
A,1671,103239594,A_UNIQUE_103239594,,False,1,1
A,1672,102428144,A_UNIQUE_102428144,,False,1,2
A,1673,103792274,A_UNIQUE_103792274,,False,1,5
A,1674,102559387,A_UNIQUE_102559387,,False,1,5
A,1675,103732345,A_UNIQUE_103732345,,False,1,3
A,1676,103518842,A_UNIQUE_103518842,,False,1,4
A,1677,103730142,A_UNIQUE_103730142,,False,1,3
A,1678,103730518,A_UNIQUE_103730518,,False,1,2
A,1679,103730003,A_UNIQUE_103730003,,False,1,5
A,1680,103734787,A_UNIQUE_103734787,,False,1,2
A,1681,103519551,A_UNIQUE_103519551,,False,1,4
A,1682,103502119,A_UNIQUE_103502119,,False,1,2
A,1683,103727934,A_UNIQUE_103727934,,False,1,4
A,1684,103792252,A_UNIQUE_103792252,,False,1,3
A,1685,103700639,A_UNIQUE_103700639,,False,1,4
A,1686,95070175,A_UNIQUE_95070175,,False,1,4
A,1687,103707767,A_UNIQUE_103707767,,False,1,2
A,1688,103792241,A_UNIQUE_103792241,,False,1,4
A,1689,103728312,A_UNIQUE_103728312,,False,1,2
A,1690,103792238,A_UNIQUE_103792238,,False,1,5
A,1691,103564933,A_UNIQUE_103564933,,False,1,4
A,1692,103652972,A_UNIQUE_103652972,,False,1,5
A,1693,103141584,A_UNIQUE_103141584,,False,1,5
A,1694,103658514,A_UNIQUE_103658514,,False,1,3
A,1695,101025143,A_UNIQUE_101025143,,False,1,5
A,1696,103490096,A_UNIQUE_103490096,,False,1,5
A,1697,103500625,A_UNIQUE_103500625,,False,1,2
A,1698,99312797,A_UNIQUE_99312797,,False,1,2
A,1699,103792131,A_UNIQUE_103792131,,False,1,4
A,1700,103791973,A_UNIQUE_103791973,,False,1,4
A,1701,103792009,A_UNIQUE_103792009,,False,1,1
A,1702,103792002,A_RG_0010,A_RG_0010,True,2,4
A,1703,97952413,A_UNIQUE_97952413,,False,1,3
A,1704,103792126,A_UNIQUE_103792126,,False,1,4
A,1705,101150862,A_UNIQUE_101150862,,False,1,2
A,1706,103792109,A_UNIQUE_103792109,,False,1,4
A,1707,103792101,A_UNIQUE_103792101,,False,1,5
A,1708,103792095,A_UNIQUE_103792095,,False,1,1
A,1709,102038314,A_UNIQUE_102038314,,False,1,5
A,1710,103792086,A_UNIQUE_103792086,,False,1,2
A,1711,101978840,A_UNIQUE_101978840,,False,1,4
A,1712,103792075,A_UNIQUE_103792075,,False,1,2
A,1713,103792072,A_UNIQUE_103792072,,False,1,1
A,1714,103457730,A_UNIQUE_103457730,,False,1,5
A,1715,103791961,A_UNIQUE_103791961,,False,1,1
A,1716,103791948,A_UNIQUE_103791948,,False,1,1
A,1717,103792067,A_UNIQUE_103792067,,False,1,2
A,1718,100913483,A_UNIQUE_100913483,,False,1,1
A,1719,103369412,A_UNIQUE_103369412,,False,1,2
A,1720,103173867,A_UNIQUE_103173867,,False,1,2
A,1721,103479235,A_UNIQUE_103479235,,False,1,5
A,1722,103388580,A_UNIQUE_103388580,,False,1,4
A,1723,102449529,A_UNIQUE_102449529,,False,1,2
A,1724,103792053,A_UNIQUE_103792053,,False,1,4
A,1725,102291499,A_UNIQUE_102291499,,False,1,4
A,1726,103792046,A_UNIQUE_103792046,,False,1,4
A,1727,103792038,A_UNIQUE_103792038,,False,1,5
A,1728,100931742,A_UNIQUE_100931742,,False,1,4
A,1729,103792030,A_UNIQUE_103792030,,False,1,3
A,1730,103123118,A_UNIQUE_103123118,,False,1,2
A,1731,102333874,A_UNIQUE_102333874,,False,1,5
A,1732,102588405,A_UNIQUE_102588405,,False,1,1
A,1733,103485585,A_UNIQUE_103485585,,False,1,3
A,1734,102079455,A_UNIQUE_102079455,,False,1,2
A,1735,103695799,A_UNIQUE_103695799,,False,1,1
A,1736,103464729,A_UNIQUE_103464729,,False,1,1
A,1737,100445237,A_UNIQUE_100445237,,False,1,2
A,1738,102822588,A_UNIQUE_102822588,,False,1,5
A,1739,103791797,A_UNIQUE_103791797,,False,1,4
A,1740,103412167,A_UNIQUE_103412167,,False,1,5
A,1741,103791934,A_UNIQUE_103791934,,False,1,3
A,1742,92713426,A_UNIQUE_92713426,,False,1,4
A,1743,103791779,A_UNIQUE_103791779,,False,1,2
A,1744,103791777,A_UNIQUE_103791777,,False,1,4
A,1745,103791776,A_UNIQUE_103791776,,False,1,5
A,1746,103791765,A_UNIQUE_103791765,,False,1,5
A,1747,103791750,A_UNIQUE_103791750,,False,1,4
A,1748,102893752,A_UNIQUE_102893752,,False,1,1
A,1749,103791793,A_UNIQUE_103791793,,False,1,2
A,1750,103461517,A_UNIQUE_103461517,,False,1,2
A,1751,95030334,A_UNIQUE_95030334,,False,1,3
A,1752,85487683,A_UNIQUE_85487683,,False,1,3
A,1753,103628532,A_UNIQUE_103628532,,False,1,2
A,1754,103791874,A_UNIQUE_103791874,,False,1,2
A,1755,92003273,A_UNIQUE_92003273,,False,1,3
A,1756,103791709,A_UNIQUE_103791709,,False,1,1
A,1757,103791707,A_UNIQUE_103791707,,False,1,2
A,1758,103791734,A_UNIQUE_103791734,,False,1,2
A,1759,103791869,A_UNIQUE_103791869,,False,1,2
A,1760,103740800,A_UNIQUE_103740800,,False,1,2
A,1761,103791864,A_UNIQUE_103791864,,False,1,5
A,1762,103791854,A_UNIQUE_103791854,,False,1,2
A,1763,103791845,A_UNIQUE_103791845,,False,1,4
A,1764,102754696,A_UNIQUE_102754696,,False,1,4
A,1765,103791818,A_UNIQUE_103791818,,False,1,3
A,1766,103347573,A_UNIQUE_103347573,,False,1,3
A,1767,102588406,A_UNIQUE_102588406,,False,1,3
A,1768,101652348,A_UNIQUE_101652348,,False,1,1
A,1769,103791808,A_UNIQUE_103791808,,False,1,5
A,1770,103621456,A_UNIQUE_103621456,,False,1,2
A,1771,103791562,A_UNIQUE_103791562,,False,1,1
A,1772,102968238,A_UNIQUE_102968238,,False,1,4
A,1773,103634450,A_UNIQUE_103634450,,False,1,3
A,1774,101975367,A_UNIQUE_101975367,,False,1,2
A,1775,103791691,A_UNIQUE_103791691,,False,1,3
A,1776,97456389,A_UNIQUE_97456389,,False,1,1
A,1777,103791681,A_UNIQUE_103791681,,False,1,5
A,1778,102835208,A_UNIQUE_102835208,,False,1,2
A,1779,100723840,A_UNIQUE_100723840,,False,1,5
A,1780,99785850,A_UNIQUE_99785850,,False,1,1
A,1781,102383904,A_UNIQUE_102383904,,False,1,2
A,1782,102906044,A_UNIQUE_102906044,,False,1,2
A,1783,103791668,A_UNIQUE_103791668,,False,1,3
A,1784,103791666,A_UNIQUE_103791666,,False,1,3
A,1785,101830324,A_UNIQUE_101830324,,False,1,1
A,1786,103791661,A_UNIQUE_103791661,,False,1,2
A,1787,103791654,A_UNIQUE_103791654,,False,1,4
A,1788,103071710,A_UNIQUE_103071710,,False,1,2
A,1789,103791652,A_UNIQUE_103791652,,False,1,3
A,1790,101278339,A_UNIQUE_101278339,,False,1,1
A,1791,103791635,A_UNIQUE_103791635,,False,1,2
A,1792,103694365,A_UNIQUE_103694365,,False,1,2
A,1793,103791396,A_UNIQUE_103791396,,False,1,2
A,1794,103791624,A_UNIQUE_103791624,,False,1,2
A,1795,86318472,A_UNIQUE_86318472,,False,1,4
A,1796,103538407,A_UNIQUE_103538407,,False,1,1
A,1797,102681253,A_UNIQUE_102681253,,False,1,3
A,1798,103068119,A_UNIQUE_103068119,,False,1,3
A,1799,103791594,A_UNIQUE_103791594,,False,1,2
A,1800,103791592,A_UNIQUE_103791592,,False,1,1
A,1801,102587559,A_UNIQUE_102587559,,False,1,5
A,1802,102302792,A_UNIQUE_102302792,,False,1,2
A,1803,103427019,A_UNIQUE_103427019,,False,1,5
A,1804,103713277,A_UNIQUE_103713277,,False,1,4
A,1805,102164246,A_UNIQUE_102164246,,False,1,3
A,1806,102958432,A_UNIQUE_102958432,,False,1,3
A,1807,103770527,A_UNIQUE_103770527,,False,1,1
A,1808,99320652,A_UNIQUE_99320652,,False,1,2
A,1809,101888749,A_UNIQUE_101888749,,False,1,3
A,1810,92817548,A_UNIQUE_92817548,,False,1,4
A,1811,101889227,A_UNIQUE_101889227,,False,1,1
A,1812,103214657,A_UNIQUE_103214657,,False,1,5
A,1813,103791374,A_UNIQUE_103791374,,False,1,2
A,1814,103689427,A_UNIQUE_103689427,,False,1,4
A,1815,101187396,A_UNIQUE_101187396,,False,1,5
A,1816,103791353,A_UNIQUE_103791353,,False,1,5
A,1817,103791198,A_UNIQUE_103791198,,False,1,1
A,1818,102348665,A_UNIQUE_102348665,,False,1,2
A,1819,103791217,A_UNIQUE_103791217,,False,1,3
A,1820,103791338,A_UNIQUE_103791338,,False,1,5
A,1821,103150150,A_UNIQUE_103150150,,False,1,3
A,1822,102988049,A_UNIQUE_102988049,,False,1,2
A,1823,101987861,A_UNIQUE_101987861,,False,1,2
A,1824,103791160,A_RG_0010,A_RG_0010,True,2,4
A,1825,103791154,A_UNIQUE_103791154,,False,1,5
A,1826,103791129,A_UNIQUE_103791129,,False,1,5
A,1827,102768584,A_UNIQUE_102768584,,False,1,3
A,1828,102568234,A_UNIQUE_102568234,,False,1,5
A,1829,103791297,A_UNIQUE_103791297,,False,1,1
A,1830,103791296,A_UNIQUE_103791296,,False,1,3
A,1831,103791288,A_UNIQUE_103791288,,False,1,4
A,1832,103791287,A_UNIQUE_103791287,,False,1,1
A,1833,102900624,A_UNIQUE_102900624,,False,1,2
A,1834,102900042,A_UNIQUE_102900042,,False,1,3
A,1835,102900034,A_UNIQUE_102900034,,False,1,2
A,1836,101531112,A_UNIQUE_101531112,,False,1,3
A,1837,103791271,A_UNIQUE_103791271,,False,1,1
A,1838,101513680,A_UNIQUE_101513680,,False,1,3
A,1839,103253282,A_UNIQUE_103253282,,False,1,4
A,1840,103331391,A_UNIQUE_103331391,,False,1,2
A,1841,103791254,A_UNIQUE_103791254,,False,1,5
A,1842,99060601,A_UNIQUE_99060601,,False,1,2
A,1843,103302624,A_UNIQUE_103302624,,False,1,3
A,1844,99062291,A_UNIQUE_99062291,,False,1,2
A,1845,101645655,A_UNIQUE_101645655,,False,1,4
A,1846,101645678,A_UNIQUE_101645678,,False,1,5
A,1847,101848068,A_UNIQUE_101848068,,False,1,1
A,1848,101645434,A_UNIQUE_101645434,,False,1,2
A,1849,101984721,A_UNIQUE_101984721,,False,1,1
A,1850,101984712,A_UNIQUE_101984712,,False,1,4
A,1851,100701657,A_UNIQUE_100701657,,False,1,4
A,1852,101816977,A_UNIQUE_101816977,,False,1,5
A,1853,101984714,A_UNIQUE_101984714,,False,1,1
A,1854,101862249,A_UNIQUE_101862249,,False,1,2
A,1855,101862370,A_UNIQUE_101862370,,False,1,2
A,1856,103354341,A_UNIQUE_103354341,,False,1,5
A,1857,102186273,A_UNIQUE_102186273,,False,1,1
A,1858,103638368,A_UNIQUE_103638368,,False,1,4
A,1859,103638367,A_UNIQUE_103638367,,False,1,4
A,1860,103436724,A_UNIQUE_103436724,,False,1,1
A,1861,103790822,A_UNIQUE_103790822,,False,1,3
A,1862,103790789,A_UNIQUE_103790789,,False,1,3
A,1863,103791025,A_UNIQUE_103791025,,False,1,5
A,1864,103790673,A_UNIQUE_103790673,,False,1,1
A,1865,103790703,A_UNIQUE_103790703,,False,1,4
A,1866,103790693,A_UNIQUE_103790693,,False,1,4
A,1867,103790692,A_UNIQUE_103790692,,False,1,4
A,1868,103372856,A_UNIQUE_103372856,,False,1,2
A,1869,102783369,A_UNIQUE_102783369,,False,1,2
A,1870,103790933,A_UNIQUE_103790933,,False,1,2
A,1871,100598613,A_UNIQUE_100598613,,False,1,3
A,1872,103316101,A_UNIQUE_103316101,,False,1,2
A,1873,103314204,A_UNIQUE_103314204,,False,1,3
A,1874,102987584,A_UNIQUE_102987584,,False,1,1
A,1875,103399608,A_UNIQUE_103399608,,False,1,1
A,1876,103628756,A_UNIQUE_103628756,,False,1,4
A,1877,99053367,A_UNIQUE_99053367,,False,1,2
A,1878,103470204,A_UNIQUE_103470204,,False,1,1
A,1879,103245262,A_RG_0011,A_RG_0011,True,2,4
A,1880,103245254,A_RG_0011,A_RG_0011,True,2,4
A,1881,102285926,A_UNIQUE_102285926,,False,1,2
A,1882,103790238,A_UNIQUE_103790238,,False,1,2
A,1883,103790324,A_UNIQUE_103790324,,False,1,1
A,1884,103790302,A_UNIQUE_103790302,,False,1,3
A,1885,102549734,A_UNIQUE_102549734,,False,1,4
A,1886,103790563,A_UNIQUE_103790563,,False,1,4
A,1887,103790558,A_UNIQUE_103790558,,False,1,1
A,1888,103758671,A_RG_0012,A_RG_0012,True,3,5
A,1889,103790549,A_UNIQUE_103790549,,False,1,3
A,1890,103790546,A_UNIQUE_103790546,,False,1,3
A,1891,102894595,A_UNIQUE_102894595,,False,1,1
A,1892,103790522,A_UNIQUE_103790522,,False,1,3
A,1893,103790119,A_UNIQUE_103790119,,False,1,4
A,1894,99371865,A_UNIQUE_99371865,,False,1,2
A,1895,101589350,A_UNIQUE_101589350,,False,1,4
A,1896,102669171,A_UNIQUE_102669171,,False,1,5
A,1897,102483884,A_UNIQUE_102483884,,False,1,4
A,1898,101812621,A_UNIQUE_101812621,,False,1,3
A,1899,103471564,A_UNIQUE_103471564,,False,1,3
A,1900,103583113,A_UNIQUE_103583113,,False,1,3
A,1901,103075737,A_UNIQUE_103075737,,False,1,1
A,1902,103790452,A_UNIQUE_103790452,,False,1,5
A,1903,103790400,A_UNIQUE_103790400,,False,1,3
A,1904,103655710,A_UNIQUE_103655710,,False,1,3
A,1905,100892637,A_UNIQUE_100892637,,False,1,5
A,1906,103789800,A_UNIQUE_103789800,,False,1,5
A,1907,103789773,A_UNIQUE_103789773,,False,1,3
A,1908,103245282,A_UNIQUE_103245282,,False,1,2
A,1909,92973147,A_UNIQUE_92973147,,False,1,2
A,1910,103790073,A_UNIQUE_103790073,,False,1,4
A,1911,103789731,A_UNIQUE_103789731,,False,1,5
A,1912,103789713,A_UNIQUE_103789713,,False,1,1
A,1913,103790053,A_UNIQUE_103790053,,False,1,3
A,1914,103790048,A_UNIQUE_103790048,,False,1,5
A,1915,103763890,A_UNIQUE_103763890,,False,1,3
A,1916,103596327,A_UNIQUE_103596327,,False,1,3
A,1917,103553140,A_UNIQUE_103553140,,False,1,1
A,1918,103790037,A_UNIQUE_103790037,,False,1,2
A,1919,103790035,A_UNIQUE_103790035,,False,1,5
A,1920,103790031,A_UNIQUE_103790031,,False,1,3
A,1921,103790007,A_UNIQUE_103790007,,False,1,3
A,1922,96882028,A_UNIQUE_96882028,,False,1,1
A,1923,102385914,A_UNIQUE_102385914,,False,1,2
A,1924,103758407,A_RG_0012,A_RG_0012,True,3,5
A,1925,103758389,A_RG_0012,A_RG_0012,True,3,5
A,1926,103789952,A_UNIQUE_103789952,,False,1,5
A,1927,103150689,A_UNIQUE_103150689,,False,1,5
A,1928,103168254,A_UNIQUE_103168254,,False,1,3
A,1929,103727540,A_UNIQUE_103727540,,False,1,2
A,1930,101949261,A_UNIQUE_101949261,,False,1,3
A,1931,103789538,A_UNIQUE_103789538,,False,1,2
A,1932,103789652,A_UNIQUE_103789652,,False,1,1
A,1933,103789637,A_UNIQUE_103789637,,False,1,2
A,1934,103758821,A_UNIQUE_103758821,,False,1,1
A,1935,103432650,A_UNIQUE_103432650,,False,1,5
A,1936,103789831,A_UNIQUE_103789831,,False,1,4
A,1937,103789826,A_UNIQUE_103789826,,False,1,5
A,1938,89599240,A_UNIQUE_89599240,,False,1,4
A,1939,103538513,A_RG_0013,A_RG_0013,True,2,1
A,1940,103539417,A_UNIQUE_103539417,,False,1,1
A,1941,103245243,A_UNIQUE_103245243,,False,1,2
A,1942,101035073,A_UNIQUE_101035073,,False,1,2
A,1943,100415483,A_UNIQUE_100415483,,False,1,3
A,1944,103789152,A_UNIQUE_103789152,,False,1,3
A,1945,103789147,A_UNIQUE_103789147,,False,1,5
A,1946,103789209,A_UNIQUE_103789209,,False,1,1
A,1947,103789186,A_UNIQUE_103789186,,False,1,1
A,1948,103789206,A_UNIQUE_103789206,,False,1,1
A,1949,103464196,A_UNIQUE_103464196,,False,1,1
A,1950,102767028,A_UNIQUE_102767028,,False,1,3
A,1951,103789461,A_UNIQUE_103789461,,False,1,4
A,1952,103789458,A_UNIQUE_103789458,,False,1,5
A,1953,103789445,A_UNIQUE_103789445,,False,1,3
A,1954,101709577,A_UNIQUE_101709577,,False,1,3
A,1955,102652094,A_UNIQUE_102652094,,False,1,4
A,1956,103650886,A_UNIQUE_103650886,,False,1,3
A,1957,102652195,A_UNIQUE_102652195,,False,1,4
A,1958,102703970,A_UNIQUE_102703970,,False,1,1
A,1959,103650466,A_UNIQUE_103650466,,False,1,2
A,1960,103607257,A_UNIQUE_103607257,,False,1,2
A,1961,103789368,A_UNIQUE_103789368,,False,1,5
A,1962,103789133,A_UNIQUE_103789133,,False,1,3
A,1963,103789131,A_UNIQUE_103789131,,False,1,2
A,1964,103789126,A_UNIQUE_103789126,,False,1,4
A,1965,103789081,A_UNIQUE_103789081,,False,1,5
A,1966,102017052,A_UNIQUE_102017052,,False,1,3
A,1967,103563900,A_UNIQUE_103563900,,False,1,3
A,1968,103789354,A_UNIQUE_103789354,,False,1,5
A,1969,103238106,A_UNIQUE_103238106,,False,1,1
A,1970,103284346,A_UNIQUE_103284346,,False,1,5
A,1971,103676953,A_UNIQUE_103676953,,False,1,3
A,1972,103789305,A_UNIQUE_103789305,,False,1,4
A,1973,101939273,A_UNIQUE_101939273,,False,1,4
A,1974,102195277,A_UNIQUE_102195277,,False,1,5
A,1975,103351787,A_UNIQUE_103351787,,False,1,4
A,1976,102859147,A_UNIQUE_102859147,,False,1,5
A,1977,102893179,A_UNIQUE_102893179,,False,1,1
A,1978,102675888,A_UNIQUE_102675888,,False,1,2
A,1979,102892159,A_UNIQUE_102892159,,False,1,3
A,1980,101358543,A_UNIQUE_101358543,,False,1,1
A,1981,103330589,A_UNIQUE_103330589,,False,1,1
A,1982,103740398,A_UNIQUE_103740398,,False,1,3
A,1983,103492444,A_UNIQUE_103492444,,False,1,2
A,1984,103588026,A_UNIQUE_103588026,,False,1,3
A,1985,103607557,A_UNIQUE_103607557,,False,1,3
A,1986,103607231,A_UNIQUE_103607231,,False,1,5
A,1987,103166641,A_UNIQUE_103166641,,False,1,4
A,1988,100689905,A_UNIQUE_100689905,,False,1,5
A,1989,103788735,A_UNIQUE_103788735,,False,1,3
A,1990,103245294,A_UNIQUE_103245294,,False,1,2
A,1991,103245290,A_UNIQUE_103245290,,False,1,1
A,1992,103245248,A_UNIQUE_103245248,,False,1,3
A,1993,102166064,A_UNIQUE_102166064,,False,1,5
A,1994,103789019,A_UNIQUE_103789019,,False,1,4
A,1995,103788715,A_UNIQUE_103788715,,False,1,4
A,1996,103788669,A_UNIQUE_103788669,,False,1,3
A,1997,103788667,A_UNIQUE_103788667,,False,1,5
A,1998,102306156,A_UNIQUE_102306156,,False,1,3
A,1999,102777832,A_UNIQUE_102777832,,False,1,4
A,2000,103503962,A_UNIQUE_103503962,,False,1,5
A,2001,103788989,A_UNIQUE_103788989,,False,1,3
A,2002,103788963,A_UNIQUE_103788963,,False,1,4
A,2003,102775286,A_UNIQUE_102775286,,False,1,4
A,2004,102374471,A_UNIQUE_102374471,,False,1,1
A,2005,102669178,A_UNIQUE_102669178,,False,1,3
A,2006,102637377,A_UNIQUE_102637377,,False,1,4
A,2007,103788576,A_UNIQUE_103788576,,False,1,1
A,2008,103788623,A_UNIQUE_103788623,,False,1,1
A,2009,103788603,A_UNIQUE_103788603,,False,1,4
A,2010,103788586,A_UNIQUE_103788586,,False,1,5
A,2011,103788585,A_UNIQUE_103788585,,False,1,5
A,2012,103788578,A_UNIQUE_103788578,,False,1,2
A,2013,103053414,A_UNIQUE_103053414,,False,1,5
A,2014,103541232,A_UNIQUE_103541232,,False,1,5
A,2015,103180566,A_UNIQUE_103180566,,False,1,1
A,2016,103788824,A_UNIQUE_103788824,,False,1,5
A,2017,92879606,A_UNIQUE_92879606,,False,1,5
A,2018,100793120,A_UNIQUE_100793120,,False,1,3
A,2019,99499203,A_UNIQUE_99499203,,False,1,2
A,2020,103788782,A_UNIQUE_103788782,,False,1,1
A,2021,103356300,A_UNIQUE_103356300,,False,1,3
A,2022,103667621,A_UNIQUE_103667621,,False,1,5
A,2023,102340257,A_UNIQUE_102340257,,False,1,2
A,2024,103667407,A_UNIQUE_103667407,,False,1,4
A,2025,103623086,A_UNIQUE_103623086,,False,1,5
A,2026,103685469,A_UNIQUE_103685469,,False,1,4
A,2027,103623103,A_UNIQUE_103623103,,False,1,4
A,2028,99722795,A_UNIQUE_99722795,,False,1,4
A,2029,103705347,A_UNIQUE_103705347,,False,1,3
A,2030,103609749,A_UNIQUE_103609749,,False,1,4
A,2031,103607338,A_UNIQUE_103607338,,False,1,4
A,2032,103407021,A_RG_0013,A_RG_0013,True,2,1
A,2033,103081577,A_UNIQUE_103081577,,False,1,3
A,2034,83436537,A_UNIQUE_83436537,,False,1,4
A,2035,101679663,A_UNIQUE_101679663,,False,1,4
A,2036,103245273,A_UNIQUE_103245273,,False,1,4
A,2037,103667507,A_UNIQUE_103667507,,False,1,3
A,2038,103734054,A_UNIQUE_103734054,,False,1,4
A,2039,103530951,A_UNIQUE_103530951,,False,1,4
A,2040,103788568,A_UNIQUE_103788568,,False,1,2
A,2041,103788556,A_UNIQUE_103788556,,False,1,3
A,2042,103788322,A_UNIQUE_103788322,,False,1,4
A,2043,84424120,A_UNIQUE_84424120,,False,1,2
A,2044,96414936,A_UNIQUE_96414936,,False,1,4
A,2045,99182683,A_UNIQUE_99182683,,False,1,3
A,2046,103678086,A_UNIQUE_103678086,,False,1,4
A,2047,70608951,A_UNIQUE_70608951,,False,1,5
A,2048,103563753,A_UNIQUE_103563753,,False,1,2
A,2049,103788256,A_UNIQUE_103788256,,False,1,1
A,2050,103788229,A_UNIQUE_103788229,,False,1,2
A,2051,103788197,A_UNIQUE_103788197,,False,1,3
A,2052,103788265,A_UNIQUE_103788265,,False,1,3
A,2053,103788426,A_UNIQUE_103788426,,False,1,3
A,2054,103769441,A_UNIQUE_103769441,,False,1,4
A,2055,102229930,A_RG_0014,A_RG_0014,True,2,3
A,2056,102999030,A_UNIQUE_102999030,,False,1,2
A,2057,103788395,A_UNIQUE_103788395,,False,1,5
A,2058,97763928,A_UNIQUE_97763928,,False,1,4
A,2059,102868863,A_UNIQUE_102868863,,False,1,2
A,2060,102639901,A_UNIQUE_102639901,,False,1,5
A,2061,102002964,A_UNIQUE_102002964,,False,1,5
A,2062,101812262,A_UNIQUE_101812262,,False,1,5
A,2063,103154163,A_UNIQUE_103154163,,False,1,4
A,2064,103154309,A_UNIQUE_103154309,,False,1,4
A,2065,99723027,A_UNIQUE_99723027,,False,1,4
A,2066,99777697,A_UNIQUE_99777697,,False,1,1
A,2067,103667717,A_UNIQUE_103667717,,False,1,3
A,2068,103788225,A_UNIQUE_103788225,,False,1,1
A,2069,103788204,A_UNIQUE_103788204,,False,1,1
A,2070,103354877,A_UNIQUE_103354877,,False,1,4
A,2071,103667837,A_UNIQUE_103667837,,False,1,2
A,2072,103788140,A_UNIQUE_103788140,,False,1,3
A,2073,103787955,A_UNIQUE_103787955,,False,1,3
A,2074,102890747,A_UNIQUE_102890747,,False,1,3
A,2075,102879224,A_UNIQUE_102879224,,False,1,3
A,2076,101211243,A_UNIQUE_101211243,,False,1,1
A,2077,103787933,A_UNIQUE_103787933,,False,1,4
A,2078,103787934,A_UNIQUE_103787934,,False,1,4
A,2079,103787881,A_UNIQUE_103787881,,False,1,1
A,2080,103788136,A_UNIQUE_103788136,,False,1,1
A,2081,103788132,A_UNIQUE_103788132,,False,1,3
A,2082,103034296,A_UNIQUE_103034296,,False,1,1
A,2083,95393056,A_UNIQUE_95393056,,False,1,1
A,2084,103788111,A_UNIQUE_103788111,,False,1,4
A,2085,103788105,A_UNIQUE_103788105,,False,1,3
A,2086,103236815,A_UNIQUE_103236815,,False,1,2
A,2087,103126346,A_UNIQUE_103126346,,False,1,5
A,2088,103788096,A_UNIQUE_103788096,,False,1,4
A,2089,103455771,A_UNIQUE_103455771,,False,1,4
A,2090,103787784,A_UNIQUE_103787784,,False,1,4
A,2091,103787847,A_UNIQUE_103787847,,False,1,5
A,2092,100962748,A_UNIQUE_100962748,,False,1,1
A,2093,102418400,A_UNIQUE_102418400,,False,1,1
A,2094,102539397,A_UNIQUE_102539397,,False,1,3
A,2095,103788022,A_UNIQUE_103788022,,False,1,4
A,2096,103787993,A_UNIQUE_103787993,,False,1,3
A,2097,103510005,A_UNIQUE_103510005,,False,1,1
A,2098,102909602,A_UNIQUE_102909602,,False,1,1
A,2099,101504251,A_UNIQUE_101504251,,False,1,4
A,2100,99675850,A_UNIQUE_99675850,,False,1,3
A,2101,102912430,A_UNIQUE_102912430,,False,1,5
A,2102,102908044,A_UNIQUE_102908044,,False,1,5
A,2103,103648431,A_UNIQUE_103648431,,False,1,4
A,2104,103764321,A_UNIQUE_103764321,,False,1,5
A,2105,103658024,A_UNIQUE_103658024,,False,1,1
A,2106,103787759,A_UNIQUE_103787759,,False,1,4
A,2107,103658277,A_UNIQUE_103658277,,False,1,5
A,2108,103040544,A_UNIQUE_103040544,,False,1,3
A,2109,102663507,A_UNIQUE_102663507,,False,1,5
A,2110,103584208,A_UNIQUE_103584208,,False,1,1
A,2111,103787706,A_UNIQUE_103787706,,False,1,5
A,2112,103324053,A_UNIQUE_103324053,,False,1,3
A,2113,103787523,A_UNIQUE_103787523,,False,1,1
A,2114,99459620,A_UNIQUE_99459620,,False,1,1
A,2115,103787528,A_UNIQUE_103787528,,False,1,5
A,2116,103787678,A_UNIQUE_103787678,,False,1,1
A,2117,103787670,A_UNIQUE_103787670,,False,1,1
A,2118,103787668,A_UNIQUE_103787668,,False,1,4
A,2119,103787665,A_UNIQUE_103787665,,False,1,3
A,2120,97609039,A_UNIQUE_97609039,,False,1,1
A,2121,103493595,A_UNIQUE_103493595,,False,1,5
A,2122,103190155,A_UNIQUE_103190155,,False,1,5
A,2123,103458653,A_UNIQUE_103458653,,False,1,4
A,2124,103764080,A_UNIQUE_103764080,,False,1,5
A,2125,103787583,A_UNIQUE_103787583,,False,1,1
A,2126,101873761,A_UNIQUE_101873761,,False,1,3
A,2127,103746823,A_UNIQUE_103746823,,False,1,2
A,2128,102493262,A_UNIQUE_102493262,,False,1,4
A,2129,103787563,A_UNIQUE_103787563,,False,1,5
A,2130,101354752,A_UNIQUE_101354752,,False,1,1
A,2131,102871873,A_UNIQUE_102871873,,False,1,4
A,2132,93896616,A_UNIQUE_93896616,,False,1,4
A,2133,103787256,A_UNIQUE_103787256,,False,1,1
A,2134,103787259,A_UNIQUE_103787259,,False,1,5
A,2135,102663512,A_UNIQUE_102663512,,False,1,2
A,2136,102895298,A_UNIQUE_102895298,,False,1,1
A,2137,102758185,A_UNIQUE_102758185,,False,1,2
A,2138,103787448,A_UNIQUE_103787448,,False,1,5
A,2139,103787431,A_UNIQUE_103787431,,False,1,5
A,2140,103090089,A_UNIQUE_103090089,,False,1,2
A,2141,103787196,A_UNIQUE_103787196,,False,1,5
A,2142,93588831,A_UNIQUE_93588831,,False,1,4
A,2143,102583072,A_UNIQUE_102583072,,False,1,3
A,2144,103347769,A_UNIQUE_103347769,,False,1,1
A,2145,103373098,A_UNIQUE_103373098,,False,1,2
A,2146,102371463,A_UNIQUE_102371463,,False,1,5
A,2147,103654889,A_UNIQUE_103654889,,False,1,3
A,2148,100275485,A_UNIQUE_100275485,,False,1,2
A,2149,102810009,A_UNIQUE_102810009,,False,1,1
A,2150,103691693,A_UNIQUE_103691693,,False,1,5
A,2151,103659143,A_UNIQUE_103659143,,False,1,5
A,2152,103087781,A_UNIQUE_103087781,,False,1,4
A,2153,103345170,A_UNIQUE_103345170,,False,1,3
A,2154,103306018,A_UNIQUE_103306018,,False,1,1
A,2155,102967087,A_UNIQUE_102967087,,False,1,3
A,2156,100452079,A_UNIQUE_100452079,,False,1,2
A,2157,103787178,A_UNIQUE_103787178,,False,1,3
A,2158,103786973,A_UNIQUE_103786973,,False,1,4
A,2159,103786969,A_UNIQUE_103786969,,False,1,1
A,2160,103446635,A_RG_0015,A_RG_0015,True,2,1
A,2161,103787097,A_UNIQUE_103787097,,False,1,5
A,2162,103672953,A_UNIQUE_103672953,,False,1,3
A,2163,103541498,A_UNIQUE_103541498,,False,1,5
A,2164,103287850,A_UNIQUE_103287850,,False,1,5
A,2165,103499703,A_UNIQUE_103499703,,False,1,4
A,2166,103787076,A_UNIQUE_103787076,,False,1,2
A,2167,103787045,A_UNIQUE_103787045,,False,1,1
A,2168,103787036,A_UNIQUE_103787036,,False,1,4
A,2169,103787028,A_UNIQUE_103787028,,False,1,2
A,2170,103787016,A_UNIQUE_103787016,,False,1,4
A,2171,103786966,A_UNIQUE_103786966,,False,1,2
A,2172,101758761,A_UNIQUE_101758761,,False,1,4
A,2173,103458367,A_UNIQUE_103458367,,False,1,4
A,2174,103786925,A_UNIQUE_103786925,,False,1,1
A,2175,103786920,A_UNIQUE_103786920,,False,1,4
A,2176,103786675,A_UNIQUE_103786675,,False,1,4
A,2177,103786662,A_UNIQUE_103786662,,False,1,4
A,2178,103786672,A_UNIQUE_103786672,,False,1,2
A,2179,103786671,A_UNIQUE_103786671,,False,1,2
A,2180,103786670,A_UNIQUE_103786670,,False,1,5
A,2181,103451491,A_UNIQUE_103451491,,False,1,3
A,2182,101803628,A_UNIQUE_101803628,,False,1,4
A,2183,102961888,A_UNIQUE_102961888,,False,1,4
A,2184,102885470,A_UNIQUE_102885470,,False,1,4
A,2185,103786624,A_UNIQUE_103786624,,False,1,1
A,2186,88501611,A_UNIQUE_88501611,,False,1,4
A,2187,103646394,A_UNIQUE_103646394,,False,1,1
A,2188,75039171,A_UNIQUE_75039171,,False,1,3
A,2189,97939158,A_UNIQUE_97939158,,False,1,2
A,2190,97939462,A_UNIQUE_97939462,,False,1,2
A,2191,97919822,A_UNIQUE_97919822,,False,1,1
A,2192,101140834,A_UNIQUE_101140834,,False,1,2
A,2193,103470396,A_UNIQUE_103470396,,False,1,5
A,2194,103598354,A_UNIQUE_103598354,,False,1,3
A,2195,103470394,A_RG_0015,A_RG_0015,True,2,1
A,2196,103470398,A_UNIQUE_103470398,,False,1,3
A,2197,102992651,A_UNIQUE_102992651,,False,1,5
A,2198,102826023,A_UNIQUE_102826023,,False,1,2
A,2199,103786760,A_UNIQUE_103786760,,False,1,3
A,2200,102914021,A_UNIQUE_102914021,,False,1,1
A,2201,103786756,A_UNIQUE_103786756,,False,1,2
A,2202,103786746,A_UNIQUE_103786746,,False,1,2
A,2203,103786720,A_UNIQUE_103786720,,False,1,4
A,2204,103786717,A_UNIQUE_103786717,,False,1,4
A,2205,102828617,A_UNIQUE_102828617,,False,1,5
A,2206,102314605,A_UNIQUE_102314605,,False,1,4
A,2207,101735701,A_UNIQUE_101735701,,False,1,1
A,2208,103697980,A_UNIQUE_103697980,,False,1,4
A,2209,103062987,A_UNIQUE_103062987,,False,1,2
A,2210,101727527,A_UNIQUE_101727527,,False,1,4
A,2211,101861252,A_UNIQUE_101861252,,False,1,2
A,2212,102990569,A_UNIQUE_102990569,,False,1,2
A,2213,102859385,A_UNIQUE_102859385,,False,1,1
A,2214,103403632,A_UNIQUE_103403632,,False,1,2
A,2215,103333082,A_UNIQUE_103333082,,False,1,5
A,2216,102832519,A_UNIQUE_102832519,,False,1,2
A,2217,102787620,A_UNIQUE_102787620,,False,1,4
A,2218,103193809,A_UNIQUE_103193809,,False,1,2
A,2219,103623673,A_UNIQUE_103623673,,False,1,1
A,2220,103390811,A_UNIQUE_103390811,,False,1,3
A,2221,103105470,A_UNIQUE_103105470,,False,1,4
A,2222,102664413,A_UNIQUE_102664413,,False,1,5
A,2223,102438966,A_UNIQUE_102438966,,False,1,3
A,2224,103224741,A_UNIQUE_103224741,,False,1,3
A,2225,103413004,A_UNIQUE_103413004,,False,1,2
A,2226,103531600,A_UNIQUE_103531600,,False,1,3
A,2227,98363803,A_UNIQUE_98363803,,False,1,3
A,2228,103238528,A_UNIQUE_103238528,,False,1,1
A,2229,102818177,A_UNIQUE_102818177,,False,1,1
A,2230,102884834,A_UNIQUE_102884834,,False,1,5
A,2231,97081855,A_UNIQUE_97081855,,False,1,1
A,2232,103662225,A_UNIQUE_103662225,,False,1,3
A,2233,103368024,A_UNIQUE_103368024,,False,1,4
A,2234,103633863,A_UNIQUE_103633863,,False,1,2
A,2235,90584487,A_UNIQUE_90584487,,False,1,4
A,2236,97389778,A_UNIQUE_97389778,,False,1,5
A,2237,103786362,A_UNIQUE_103786362,,False,1,1
A,2238,103786354,A_UNIQUE_103786354,,False,1,5
A,2239,103786348,A_UNIQUE_103786348,,False,1,4
A,2240,103786379,A_UNIQUE_103786379,,False,1,1
A,2241,103786364,A_UNIQUE_103786364,,False,1,5
A,2242,102905846,A_UNIQUE_102905846,,False,1,3
A,2243,103468045,A_UNIQUE_103468045,,False,1,1
A,2244,93320086,A_UNIQUE_93320086,,False,1,2
A,2245,103786505,A_UNIQUE_103786505,,False,1,3
A,2246,102251979,A_UNIQUE_102251979,,False,1,2
A,2247,98326903,A_UNIQUE_98326903,,False,1,4
A,2248,101246373,A_UNIQUE_101246373,,False,1,1
A,2249,102905088,A_UNIQUE_102905088,,False,1,3
A,2250,103786339,A_UNIQUE_103786339,,False,1,2
A,2251,103786338,A_UNIQUE_103786338,,False,1,1
A,2252,101926333,A_UNIQUE_101926333,,False,1,4
A,2253,100281667,A_UNIQUE_100281667,,False,1,3
A,2254,103357970,A_UNIQUE_103357970,,False,1,1
A,2255,103786434,A_UNIQUE_103786434,,False,1,1
A,2256,103786426,A_UNIQUE_103786426,,False,1,5
A,2257,102013192,A_UNIQUE_102013192,,False,1,5
A,2258,98891306,A_UNIQUE_98891306,,False,1,5
A,2259,103786320,A_UNIQUE_103786320,,False,1,3
A,2260,103786187,A_UNIQUE_103786187,,False,1,1
A,2261,103786208,A_UNIQUE_103786208,,False,1,4
A,2262,102804147,A_UNIQUE_102804147,,False,1,3
A,2263,103013824,A_UNIQUE_103013824,,False,1,2
A,2264,103545160,A_UNIQUE_103545160,,False,1,4
A,2265,103493135,A_UNIQUE_103493135,,False,1,1
A,2266,103347602,A_UNIQUE_103347602,,False,1,3
A,2267,103786266,A_UNIQUE_103786266,,False,1,2
A,2268,103786248,A_UNIQUE_103786248,,False,1,5
A,2269,103786245,A_UNIQUE_103786245,,False,1,4
A,2270,94044194,A_RG_0005,A_RG_0005,True,2,5
A,2271,103786227,A_UNIQUE_103786227,,False,1,5
A,2272,100580305,A_UNIQUE_100580305,,False,1,2
A,2273,100227559,A_UNIQUE_100227559,,False,1,5
A,2274,103486413,A_UNIQUE_103486413,,False,1,4
A,2275,102777872,A_UNIQUE_102777872,,False,1,2
A,2276,102967413,A_UNIQUE_102967413,,False,1,1
A,2277,103786163,A_UNIQUE_103786163,,False,1,5
A,2278,103533002,A_UNIQUE_103533002,,False,1,2
A,2279,103634633,A_UNIQUE_103634633,,False,1,3
A,2280,102487439,A_UNIQUE_102487439,,False,1,1
A,2281,103742171,A_UNIQUE_103742171,,False,1,3
A,2282,101321043,A_UNIQUE_101321043,,False,1,3
A,2283,103694229,A_UNIQUE_103694229,,False,1,3
A,2284,103620338,A_UNIQUE_103620338,,False,1,3
A,2285,102551908,A_UNIQUE_102551908,,False,1,2
A,2286,102551985,A_UNIQUE_102551985,,False,1,4
A,2287,102900206,A_UNIQUE_102900206,,False,1,5
A,2288,103453544,A_UNIQUE_103453544,,False,1,1
A,2289,102906883,A_UNIQUE_102906883,,False,1,1
A,2290,97447033,A_UNIQUE_97447033,,False,1,4
A,2291,102909294,A_UNIQUE_102909294,,False,1,5
A,2292,102881293,A_UNIQUE_102881293,,False,1,5
A,2293,103786053,A_UNIQUE_103786053,,False,1,4
A,2294,101738928,A_UNIQUE_101738928,,False,1,2
A,2295,103411581,A_UNIQUE_103411581,,False,1,5
A,2296,103332473,A_UNIQUE_103332473,,False,1,3
A,2297,102984504,A_UNIQUE_102984504,,False,1,5
A,2298,103631940,A_UNIQUE_103631940,,False,1,1
A,2299,102440529,A_UNIQUE_102440529,,False,1,3
A,2300,103690965,A_UNIQUE_103690965,,False,1,4
A,2301,102726276,A_UNIQUE_102726276,,False,1,5
A,2302,103785996,A_UNIQUE_103785996,,False,1,3
A,2303,103785958,A_UNIQUE_103785958,,False,1,2
A,2304,103785948,A_UNIQUE_103785948,,False,1,3
A,2305,103785919,A_UNIQUE_103785919,,False,1,2
A,2306,103712858,A_UNIQUE_103712858,,False,1,4
A,2307,103633658,A_UNIQUE_103633658,,False,1,3
A,2308,102998319,A_UNIQUE_102998319,,False,1,2
A,2309,101003861,A_UNIQUE_101003861,,False,1,5
A,2310,92463126,A_UNIQUE_92463126,,False,1,3
A,2311,103785740,A_UNIQUE_103785740,,False,1,3
A,2312,103309896,A_UNIQUE_103309896,,False,1,5
A,2313,101928216,A_UNIQUE_101928216,,False,1,3
A,2314,102883575,A_UNIQUE_102883575,,False,1,1
A,2315,101785819,A_UNIQUE_101785819,,False,1,4
A,2316,103785827,A_UNIQUE_103785827,,False,1,4
A,2317,102937084,A_UNIQUE_102937084,,False,1,1
A,2318,102964752,A_UNIQUE_102964752,,False,1,2
A,2319,102725391,A_UNIQUE_102725391,,False,1,4
A,2320,102052545,A_UNIQUE_102052545,,False,1,3
A,2321,102917500,A_UNIQUE_102917500,,False,1,5
A,2322,103318000,A_UNIQUE_103318000,,False,1,2
A,2323,101967616,A_UNIQUE_101967616,,False,1,1
A,2324,103685223,A_UNIQUE_103685223,,False,1,5
A,2325,102725192,A_UNIQUE_102725192,,False,1,1
A,2326,103607063,A_UNIQUE_103607063,,False,1,5
A,2327,103468768,A_UNIQUE_103468768,,False,1,4
A,2328,102984559,A_UNIQUE_102984559,,False,1,3
A,2329,103053777,A_UNIQUE_103053777,,False,1,4
A,2330,102888198,A_UNIQUE_102888198,,False,1,4
A,2331,103785652,A_UNIQUE_103785652,,False,1,3
A,2332,103245356,A_UNIQUE_103245356,,False,1,5
A,2333,103356892,A_UNIQUE_103356892,,False,1,2
A,2334,100177679,A_UNIQUE_100177679,,False,1,1
A,2335,102434100,A_UNIQUE_102434100,,False,1,2
A,2336,103785761,A_UNIQUE_103785761,,False,1,1
A,2337,103785760,A_UNIQUE_103785760,,False,1,1
A,2338,103785759,A_UNIQUE_103785759,,False,1,5
A,2339,103785758,A_UNIQUE_103785758,,False,1,5
A,2340,102460506,A_UNIQUE_102460506,,False,1,4
A,2341,103779946,A_UNIQUE_103779946,,False,1,2
A,2342,103785752,A_UNIQUE_103785752,,False,1,2
A,2343,103785737,A_UNIQUE_103785737,,False,1,3
A,2344,101349330,A_UNIQUE_101349330,,False,1,2
A,2345,102679369,A_UNIQUE_102679369,,False,1,2
A,2346,99150727,A_UNIQUE_99150727,,False,1,1
A,2347,101997596,A_UNIQUE_101997596,,False,1,5
A,2348,103762576,A_UNIQUE_103762576,,False,1,3
A,2349,102427847,A_UNIQUE_102427847,,False,1,4
A,2350,103618862,A_UNIQUE_103618862,,False,1,4
A,2351,103693017,A_UNIQUE_103693017,,False,1,1
A,2352,102430264,A_UNIQUE_102430264,,False,1,5
A,2353,103606336,A_UNIQUE_103606336,,False,1,1
A,2354,101057846,A_UNIQUE_101057846,,False,1,2
A,2355,103785465,A_UNIQUE_103785465,,False,1,1
A,2356,103785461,A_UNIQUE_103785461,,False,1,1
A,2357,103785555,A_UNIQUE_103785555,,False,1,5
A,2358,103245284,A_UNIQUE_103245284,,False,1,4
A,2359,103070459,A_UNIQUE_103070459,,False,1,4
A,2360,102440656,A_UNIQUE_102440656,,False,1,5
A,2361,102434103,A_UNIQUE_102434103,,False,1,4
A,2362,103677615,A_UNIQUE_103677615,,False,1,1
A,2363,102982710,A_UNIQUE_102982710,,False,1,4
A,2364,102943672,A_UNIQUE_102943672,,False,1,2
A,2365,103228865,A_UNIQUE_103228865,,False,1,1
A,2366,103785517,A_UNIQUE_103785517,,False,1,1
A,2367,102545215,A_UNIQUE_102545215,,False,1,1
A,2368,102896432,A_UNIQUE_102896432,,False,1,4
A,2369,102908581,A_UNIQUE_102908581,,False,1,1
A,2370,103184872,A_UNIQUE_103184872,,False,1,5
A,2371,103403504,A_UNIQUE_103403504,,False,1,3
A,2372,103785444,A_UNIQUE_103785444,,False,1,4
A,2373,103785370,A_UNIQUE_103785370,,False,1,2
A,2374,103785363,A_UNIQUE_103785363,,False,1,2
A,2375,98796275,A_UNIQUE_98796275,,False,1,1
A,2376,102899522,A_UNIQUE_102899522,,False,1,2
A,2377,98797656,A_UNIQUE_98797656,,False,1,5
A,2378,103785433,A_UNIQUE_103785433,,False,1,3
A,2379,102694938,A_UNIQUE_102694938,,False,1,1
A,2380,100275393,A_UNIQUE_100275393,,False,1,4
A,2381,103785417,A_UNIQUE_103785417,,False,1,1
A,2382,103785353,A_UNIQUE_103785353,,False,1,2
A,2383,103785351,A_UNIQUE_103785351,,False,1,2
A,2384,101042108,A_UNIQUE_101042108,,False,1,5
A,2385,102433514,A_UNIQUE_102433514,,False,1,3
A,2386,103310232,A_UNIQUE_103310232,,False,1,4
A,2387,102434101,A_UNIQUE_102434101,,False,1,4
A,2388,103245325,A_UNIQUE_103245325,,False,1,4
A,2389,102330971,A_UNIQUE_102330971,,False,1,5
A,2390,103785384,A_UNIQUE_103785384,,False,1,4
A,2391,100950638,A_UNIQUE_100950638,,False,1,4
A,2392,98985239,A_UNIQUE_98985239,,False,1,3
A,2393,103357536,A_UNIQUE_103357536,,False,1,2
A,2394,103357913,A_UNIQUE_103357913,,False,1,2
A,2395,103009987,A_UNIQUE_103009987,,False,1,3
A,2396,103785334,A_UNIQUE_103785334,,False,1,3
A,2397,102648738,A_UNIQUE_102648738,,False,1,2
A,2398,101587176,A_UNIQUE_101587176,,False,1,3
A,2399,98987523,A_UNIQUE_98987523,,False,1,5
A,2400,93173193,A_UNIQUE_93173193,,False,1,2
A,2401,101698530,A_UNIQUE_101698530,,False,1,4
A,2402,101698991,A_UNIQUE_101698991,,False,1,1
A,2403,101699738,A_UNIQUE_101699738,,False,1,2
A,2404,101977802,A_UNIQUE_101977802,,False,1,2
A,2405,98721067,A_UNIQUE_98721067,,False,1,5
A,2406,98721264,A_UNIQUE_98721264,,False,1,1
A,2407,98525479,A_UNIQUE_98525479,,False,1,5
A,2408,79667709,A_UNIQUE_79667709,,False,1,4
A,2409,92554367,A_UNIQUE_92554367,,False,1,2
A,2410,89685429,A_UNIQUE_89685429,,False,1,5
A,2411,99985046,A_UNIQUE_99985046,,False,1,2
A,2412,99985153,A_UNIQUE_99985153,,False,1,2
A,2413,101975297,A_UNIQUE_101975297,,False,1,4
A,2414,103785214,A_UNIQUE_103785214,,False,1,2
A,2415,103785215,A_UNIQUE_103785215,,False,1,3
A,2416,101244556,A_UNIQUE_101244556,,False,1,4
A,2417,101056102,A_UNIQUE_101056102,,False,1,4
A,2418,99986664,A_UNIQUE_99986664,,False,1,1
A,2419,100017165,A_UNIQUE_100017165,,False,1,2
A,2420,103785245,A_UNIQUE_103785245,,False,1,3
A,2421,103785243,A_UNIQUE_103785243,,False,1,1
A,2422,103785239,A_UNIQUE_103785239,,False,1,5
A,2423,103169503,A_UNIQUE_103169503,,False,1,4
A,2424,103664187,A_UNIQUE_103664187,,False,1,5
A,2425,103661229,A_UNIQUE_103661229,,False,1,2
A,2426,103645235,A_UNIQUE_103645235,,False,1,4
A,2427,102001528,A_UNIQUE_102001528,,False,1,1
A,2428,102528106,A_UNIQUE_102528106,,False,1,5
A,2429,103559029,A_UNIQUE_103559029,,False,1,4
A,2430,99986793,A_UNIQUE_99986793,,False,1,3
A,2431,103785113,A_UNIQUE_103785113,,False,1,1
A,2432,103560885,A_UNIQUE_103560885,,False,1,1
A,2433,103433826,A_UNIQUE_103433826,,False,1,3
A,2434,103741989,A_UNIQUE_103741989,,False,1,1
A,2435,103785103,A_UNIQUE_103785103,,False,1,3
A,2436,103785082,A_UNIQUE_103785082,,False,1,1
A,2437,103785081,A_UNIQUE_103785081,,False,1,4
A,2438,102893091,A_UNIQUE_102893091,,False,1,2
A,2439,103785090,A_UNIQUE_103785090,,False,1,2
A,2440,103785074,A_UNIQUE_103785074,,False,1,5
A,2441,100997899,A_UNIQUE_100997899,,False,1,1
A,2442,102284833,A_UNIQUE_102284833,,False,1,3
A,2443,103217208,A_UNIQUE_103217208,,False,1,2
A,2444,101862624,A_UNIQUE_101862624,,False,1,1
A,2445,101794757,A_UNIQUE_101794757,,False,1,2
A,2446,103785021,A_UNIQUE_103785021,,False,1,2
A,2447,103785028,A_UNIQUE_103785028,,False,1,2
A,2448,103473643,A_UNIQUE_103473643,,False,1,5
A,2449,103784995,A_UNIQUE_103784995,,False,1,2
A,2450,100341723,A_UNIQUE_100341723,,False,1,2
A,2451,102870638,A_UNIQUE_102870638,,False,1,5
A,2452,103784980,A_UNIQUE_103784980,,False,1,2
A,2453,103784958,A_UNIQUE_103784958,,False,1,2
A,2454,102098867,A_UNIQUE_102098867,,False,1,1
A,2455,102098877,A_UNIQUE_102098877,,False,1,2
A,2456,82551350,A_UNIQUE_82551350,,False,1,5
A,2457,102574725,A_UNIQUE_102574725,,False,1,4
A,2458,103784914,A_UNIQUE_103784914,,False,1,3
A,2459,102874027,A_UNIQUE_102874027,,False,1,3
A,2460,102844096,A_UNIQUE_102844096,,False,1,5
A,2461,102873978,A_UNIQUE_102873978,,False,1,4
A,2462,102844024,A_UNIQUE_102844024,,False,1,1
A,2463,102124597,A_UNIQUE_102124597,,False,1,5
A,2464,102308247,A_UNIQUE_102308247,,False,1,3
A,2465,103401844,A_UNIQUE_103401844,,False,1,3
A,2466,103784889,A_UNIQUE_103784889,,False,1,2
A,2467,103627484,A_UNIQUE_103627484,,False,1,1
A,2468,103784875,A_UNIQUE_103784875,,False,1,1
A,2469,103256081,A_UNIQUE_103256081,,False,1,1
A,2470,103784867,A_UNIQUE_103784867,,False,1,3
A,2471,103784860,A_UNIQUE_103784860,,False,1,4
A,2472,103784859,A_UNIQUE_103784859,,False,1,3
A,2473,102514170,A_UNIQUE_102514170,,False,1,4
A,2474,102168088,A_UNIQUE_102168088,,False,1,2
A,2475,103089474,A_UNIQUE_103089474,,False,1,5
A,2476,103687001,A_UNIQUE_103687001,,False,1,1
A,2477,103710471,A_UNIQUE_103710471,,False,1,1
A,2478,103540572,A_UNIQUE_103540572,,False,1,4
A,2479,103784826,A_UNIQUE_103784826,,False,1,3
A,2480,103602192,A_UNIQUE_103602192,,False,1,1
A,2481,103784848,A_UNIQUE_103784848,,False,1,5
A,2482,103784825,A_UNIQUE_103784825,,False,1,1
A,2483,101487643,A_UNIQUE_101487643,,False,1,2
A,2484,102104680,A_UNIQUE_102104680,,False,1,5
A,2485,101629558,A_UNIQUE_101629558,,False,1,4
A,2486,101805212,A_UNIQUE_101805212,,False,1,5
A,2487,103523951,A_UNIQUE_103523951,,False,1,5
A,2488,103433783,A_UNIQUE_103433783,,False,1,5
A,2489,102069787,A_UNIQUE_102069787,,False,1,2
A,2490,103115286,A_UNIQUE_103115286,,False,1,4
A,2491,103784805,A_UNIQUE_103784805,,False,1,1
A,2492,102628035,A_UNIQUE_102628035,,False,1,1
A,2493,103784800,A_UNIQUE_103784800,,False,1,4
A,2494,103278483,A_UNIQUE_103278483,,False,1,1
A,2495,102843252,A_UNIQUE_102843252,,False,1,5
A,2496,103643389,A_UNIQUE_103643389,,False,1,3
A,2497,103726720,A_RG_0016,A_RG_0016,True,2,4
A,2498,102516357,A_UNIQUE_102516357,,False,1,4
A,2499,103557612,A_UNIQUE_103557612,,False,1,1
A,2500,103347915,A_UNIQUE_103347915,,False,1,2
A,2501,103478301,A_UNIQUE_103478301,,False,1,2
A,2502,101537686,A_UNIQUE_101537686,,False,1,1
A,2503,101487641,A_UNIQUE_101487641,,False,1,3
A,2504,103742278,A_UNIQUE_103742278,,False,1,1
A,2505,103760077,A_UNIQUE_103760077,,False,1,4
A,2506,102165909,A_UNIQUE_102165909,,False,1,4
A,2507,101948028,A_UNIQUE_101948028,,False,1,5
A,2508,101948005,A_UNIQUE_101948005,,False,1,4
A,2509,103139230,A_UNIQUE_103139230,,False,1,3
A,2510,103173608,A_UNIQUE_103173608,,False,1,1
A,2511,101445732,A_UNIQUE_101445732,,False,1,3
A,2512,103784744,A_UNIQUE_103784744,,False,1,5
A,2513,102969901,A_UNIQUE_102969901,,False,1,2
A,2514,100844747,A_UNIQUE_100844747,,False,1,5
A,2515,95544396,A_UNIQUE_95544396,,False,1,1
A,2516,101940436,A_UNIQUE_101940436,,False,1,5
A,2517,103784759,A_RG_0017,A_RG_0017,True,2,5
A,2518,103185355,A_UNIQUE_103185355,,False,1,1
A,2519,102498903,A_UNIQUE_102498903,,False,1,3
A,2520,102728771,A_UNIQUE_102728771,,False,1,3
A,2521,103640707,A_UNIQUE_103640707,,False,1,5
A,2522,103402158,A_UNIQUE_103402158,,False,1,1
A,2523,103402064,A_UNIQUE_103402064,,False,1,4
A,2524,103780401,A_UNIQUE_103780401,,False,1,2
A,2525,103784682,A_UNIQUE_103784682,,False,1,4
A,2526,103385790,A_UNIQUE_103385790,,False,1,2
A,2527,103525074,A_UNIQUE_103525074,,False,1,2
A,2528,103784679,A_UNIQUE_103784679,,False,1,3
A,2529,102879593,A_UNIQUE_102879593,,False,1,1
A,2530,101948749,A_UNIQUE_101948749,,False,1,1
A,2531,103579465,A_UNIQUE_103579465,,False,1,4
A,2532,103784715,A_RG_0017,A_RG_0017,True,2,5
A,2533,97829046,A_UNIQUE_97829046,,False,1,3
A,2534,102478967,A_UNIQUE_102478967,,False,1,3
A,2535,100546214,A_UNIQUE_100546214,,False,1,1
A,2536,103784697,A_UNIQUE_103784697,,False,1,4
A,2537,103784690,A_UNIQUE_103784690,,False,1,3
A,2538,103347418,A_UNIQUE_103347418,,False,1,5
A,2539,102542934,A_UNIQUE_102542934,,False,1,5
A,2540,102315606,A_RG_0018,A_RG_0018,True,2,1
A,2541,103446974,A_RG_0016,A_RG_0016,True,2,4
A,2542,102455704,A_UNIQUE_102455704,,False,1,3
A,2543,103520682,A_UNIQUE_103520682,,False,1,2
A,2544,103343288,A_UNIQUE_103343288,,False,1,5
A,2545,103606855,A_UNIQUE_103606855,,False,1,3
A,2546,103441882,A_UNIQUE_103441882,,False,1,5
A,2547,102208991,A_UNIQUE_102208991,,False,1,3
A,2548,103260457,A_UNIQUE_103260457,,False,1,5
A,2549,103207012,A_UNIQUE_103207012,,False,1,5
A,2550,102471529,A_UNIQUE_102471529,,False,1,4
A,2551,102041283,A_UNIQUE_102041283,,False,1,1
A,2552,99765228,A_UNIQUE_99765228,,False,1,5
A,2553,103699772,A_UNIQUE_103699772,,False,1,3
A,2554,102424679,A_UNIQUE_102424679,,False,1,5
A,2555,82852036,A_UNIQUE_82852036,,False,1,2
A,2556,103193707,A_UNIQUE_103193707,,False,1,5
A,2557,103784628,A_UNIQUE_103784628,,False,1,1
A,2558,102165720,A_UNIQUE_102165720,,False,1,1
A,2559,103638901,A_UNIQUE_103638901,,False,1,1
A,2560,103784627,A_UNIQUE_103784627,,False,1,2
A,2561,103202025,A_UNIQUE_103202025,,False,1,4
A,2562,103722714,A_UNIQUE_103722714,,False,1,4
A,2563,90336468,A_UNIQUE_90336468,,False,1,1
A,2564,103784556,A_UNIQUE_103784556,,False,1,3
A,2565,103784552,A_UNIQUE_103784552,,False,1,1
A,2566,102465842,A_UNIQUE_102465842,,False,1,5
A,2567,103515258,A_UNIQUE_103515258,,False,1,4
A,2568,103276781,A_UNIQUE_103276781,,False,1,4
A,2569,103075955,A_UNIQUE_103075955,,False,1,5
A,2570,97635418,A_UNIQUE_97635418,,False,1,4
A,2571,103396295,A_UNIQUE_103396295,,False,1,1
A,2572,100707731,A_UNIQUE_100707731,,False,1,3
A,2573,103784515,A_UNIQUE_103784515,,False,1,2
A,2574,99179123,A_UNIQUE_99179123,,False,1,3
A,2575,103784543,A_UNIQUE_103784543,,False,1,2
A,2576,102999326,A_UNIQUE_102999326,,False,1,1
A,2577,103720439,A_UNIQUE_103720439,,False,1,1
A,2578,102607650,A_UNIQUE_102607650,,False,1,5
A,2579,103784501,A_UNIQUE_103784501,,False,1,4
A,2580,103784505,A_UNIQUE_103784505,,False,1,4
A,2581,103784529,A_UNIQUE_103784529,,False,1,5
A,2582,103192681,A_UNIQUE_103192681,,False,1,3
A,2583,103722904,A_UNIQUE_103722904,,False,1,2
A,2584,103057805,A_UNIQUE_103057805,,False,1,4
A,2585,102784761,A_UNIQUE_102784761,,False,1,4
A,2586,103193821,A_UNIQUE_103193821,,False,1,1
A,2587,103784527,A_UNIQUE_103784527,,False,1,2
A,2588,92990344,A_UNIQUE_92990344,,False,1,2
A,2589,103784472,A_UNIQUE_103784472,,False,1,3
A,2590,103784471,A_UNIQUE_103784471,,False,1,1
A,2591,101783554,A_UNIQUE_101783554,,False,1,4
A,2592,103211089,A_UNIQUE_103211089,,False,1,5
A,2593,103178916,A_RG_0004,A_RG_0004,True,2,4
A,2594,103628765,A_UNIQUE_103628765,,False,1,3
A,2595,93303810,A_UNIQUE_93303810,,False,1,4
A,2596,102854321,A_UNIQUE_102854321,,False,1,1
A,2597,103064992,A_UNIQUE_103064992,,False,1,1
A,2598,103193400,A_UNIQUE_103193400,,False,1,2
A,2599,103362707,A_UNIQUE_103362707,,False,1,1
A,2600,103244054,A_UNIQUE_103244054,,False,1,4
A,2601,103784393,A_UNIQUE_103784393,,False,1,1
A,2602,103784457,A_UNIQUE_103784457,,False,1,5
A,2603,95922895,A_UNIQUE_95922895,,False,1,3
A,2604,103662233,A_UNIQUE_103662233,,False,1,1
A,2605,88001272,A_UNIQUE_88001272,,False,1,2
A,2606,103758368,A_UNIQUE_103758368,,False,1,2
A,2607,103659885,A_UNIQUE_103659885,,False,1,1
A,2608,103391155,A_UNIQUE_103391155,,False,1,3
A,2609,103342670,A_UNIQUE_103342670,,False,1,2
A,2610,103660140,A_UNIQUE_103660140,,False,1,2
A,2611,100837645,A_UNIQUE_100837645,,False,1,3
A,2612,94239601,A_UNIQUE_94239601,,False,1,4
A,2613,103440286,A_UNIQUE_103440286,,False,1,1
A,2614,103784420,A_UNIQUE_103784420,,False,1,5
A,2615,103500946,A_UNIQUE_103500946,,False,1,3
A,2616,102845377,A_UNIQUE_102845377,,False,1,4
A,2617,102399164,A_UNIQUE_102399164,,False,1,2
A,2618,102399129,A_UNIQUE_102399129,,False,1,4
A,2619,101988012,A_UNIQUE_101988012,,False,1,3
A,2620,103250404,A_UNIQUE_103250404,,False,1,2
A,2621,103192614,A_UNIQUE_103192614,,False,1,1
A,2622,103609267,A_UNIQUE_103609267,,False,1,3
A,2623,103577710,A_UNIQUE_103577710,,False,1,2
A,2624,103509055,A_UNIQUE_103509055,,False,1,1
A,2625,103499032,A_UNIQUE_103499032,,False,1,1
A,2626,102967493,A_UNIQUE_102967493,,False,1,4
A,2627,97143167,A_UNIQUE_97143167,,False,1,3
A,2628,96117997,A_UNIQUE_96117997,,False,1,3
A,2629,103411618,A_UNIQUE_103411618,,False,1,5
A,2630,100219006,A_UNIQUE_100219006,,False,1,3
A,2631,101728735,A_UNIQUE_101728735,,False,1,4
A,2632,102929425,A_UNIQUE_102929425,,False,1,1
A,2633,103784298,A_UNIQUE_103784298,,False,1,5
A,2634,103784297,A_UNIQUE_103784297,,False,1,4
A,2635,103498566,A_UNIQUE_103498566,,False,1,4
A,2636,102021885,A_UNIQUE_102021885,,False,1,5
A,2637,103451600,A_UNIQUE_103451600,,False,1,1
A,2638,103258798,A_UNIQUE_103258798,,False,1,4
A,2639,103659942,A_UNIQUE_103659942,,False,1,4
A,2640,103784272,A_UNIQUE_103784272,,False,1,2
A,2641,102530768,A_UNIQUE_102530768,,False,1,3
A,2642,102720642,A_UNIQUE_102720642,,False,1,5
A,2643,103489908,A_UNIQUE_103489908,,False,1,5
A,2644,102175810,A_UNIQUE_102175810,,False,1,1
A,2645,102262173,A_UNIQUE_102262173,,False,1,2
A,2646,103577817,A_UNIQUE_103577817,,False,1,4
A,2647,103187664,A_UNIQUE_103187664,,False,1,1
A,2648,101796208,A_UNIQUE_101796208,,False,1,1
A,2649,101447330,A_UNIQUE_101447330,,False,1,1
A,2650,101311614,A_UNIQUE_101311614,,False,1,2
A,2651,103659863,A_UNIQUE_103659863,,False,1,1
A,2652,102784801,A_UNIQUE_102784801,,False,1,3
A,2653,102784672,A_UNIQUE_102784672,,False,1,4
A,2654,103627638,A_UNIQUE_103627638,,False,1,4
A,2655,103113644,A_UNIQUE_103113644,,False,1,3
A,2656,101080942,A_UNIQUE_101080942,,False,1,5
A,2657,103784346,A_UNIQUE_103784346,,False,1,4
A,2658,103784233,A_UNIQUE_103784233,,False,1,2
A,2659,103192227,A_UNIQUE_103192227,,False,1,1
A,2660,101643565,A_UNIQUE_101643565,,False,1,4
A,2661,103202709,A_UNIQUE_103202709,,False,1,1
A,2662,102498879,A_RG_0018,A_RG_0018,True,2,1
A,2663,103419804,A_UNIQUE_103419804,,False,1,5
A,2664,102333505,A_UNIQUE_102333505,,False,1,2
A,2665,103749631,A_UNIQUE_103749631,,False,1,3
A,2666,103784315,A_UNIQUE_103784315,,False,1,5
A,2667,99381855,A_UNIQUE_99381855,,False,1,1
A,2668,103466974,A_UNIQUE_103466974,,False,1,5
A,2669,101822585,A_UNIQUE_101822585,,False,1,5
A,2670,103405276,A_UNIQUE_103405276,,False,1,5
A,2671,103405275,A_UNIQUE_103405275,,False,1,1
A,2672,103784148,A_UNIQUE_103784148,,False,1,2
A,2673,103653998,A_UNIQUE_103653998,,False,1,5
A,2674,103290316,A_UNIQUE_103290316,,False,1,3
A,2675,103738435,A_UNIQUE_103738435,,False,1,3
A,2676,96839359,A_UNIQUE_96839359,,False,1,5
A,2677,98595842,A_UNIQUE_98595842,,False,1,5
A,2678,92930537,A_UNIQUE_92930537,,False,1,1
A,2679,101903371,A_UNIQUE_101903371,,False,1,1
A,2680,102904416,A_UNIQUE_102904416,,False,1,5
A,2681,103784138,A_UNIQUE_103784138,,False,1,1
A,2682,103784104,A_UNIQUE_103784104,,False,1,5
A,2683,98176103,A_UNIQUE_98176103,,False,1,1
A,2684,101965242,A_UNIQUE_101965242,,False,1,2
A,2685,103784103,A_UNIQUE_103784103,,False,1,1
A,2686,103784108,A_UNIQUE_103784108,,False,1,1
A,2687,102358277,A_UNIQUE_102358277,,False,1,2
A,2688,103114770,A_UNIQUE_103114770,,False,1,4
A,2689,103473392,A_UNIQUE_103473392,,False,1,1
A,2690,103439860,A_UNIQUE_103439860,,False,1,1
A,2691,103193780,A_UNIQUE_103193780,,False,1,3
A,2692,102261623,A_UNIQUE_102261623,,False,1,5
A,2693,101851788,A_UNIQUE_101851788,,False,1,1
A,2694,103039470,A_UNIQUE_103039470,,False,1,4
A,2695,101256463,A_UNIQUE_101256463,,False,1,4
A,2696,102695483,A_UNIQUE_102695483,,False,1,2
A,2697,103784077,A_UNIQUE_103784077,,False,1,2
A,2698,103576325,A_UNIQUE_103576325,,False,1,1
A,2699,103091480,A_UNIQUE_103091480,,False,1,3
A,2700,103110786,A_UNIQUE_103110786,,False,1,3
A,2701,103784179,A_UNIQUE_103784179,,False,1,3
A,2702,103227766,A_UNIQUE_103227766,,False,1,4
A,2703,102026704,A_UNIQUE_102026704,,False,1,4
A,2704,103009707,A_UNIQUE_103009707,,False,1,3
A,2705,103097269,A_UNIQUE_103097269,,False,1,5
A,2706,103105661,A_UNIQUE_103105661,,False,1,1
A,2707,100611393,A_UNIQUE_100611393,,False,1,4
A,2708,103089618,A_UNIQUE_103089618,,False,1,3
A,2709,103689459,A_UNIQUE_103689459,,False,1,3
A,2710,102001615,A_UNIQUE_102001615,,False,1,2
A,2711,101753218,A_UNIQUE_101753218,,False,1,3
A,2712,101753217,A_UNIQUE_101753217,,False,1,4
A,2713,103725732,A_UNIQUE_103725732,,False,1,1
A,2714,101821691,A_UNIQUE_101821691,,False,1,1
A,2715,101115554,A_UNIQUE_101115554,,False,1,3
A,2716,103725522,A_UNIQUE_103725522,,False,1,5
A,2717,102470947,A_UNIQUE_102470947,,False,1,5
A,2718,103114954,A_UNIQUE_103114954,,False,1,2
A,2719,103784027,A_UNIQUE_103784027,,False,1,3
A,2720,102036945,A_UNIQUE_102036945,,False,1,2
A,2721,101851861,A_UNIQUE_101851861,,False,1,5
A,2722,100916143,A_UNIQUE_100916143,,False,1,3
A,2723,103316058,A_UNIQUE_103316058,,False,1,2
A,2724,103784008,A_UNIQUE_103784008,,False,1,1
A,2725,103784007,A_UNIQUE_103784007,,False,1,1
A,2726,103784006,A_UNIQUE_103784006,,False,1,5
A,2727,100545148,A_UNIQUE_100545148,,False,1,4
A,2728,103266000,A_UNIQUE_103266000,,False,1,2
A,2729,102084314,A_UNIQUE_102084314,,False,1,2
A,2730,103783881,A_UNIQUE_103783881,,False,1,4
A,2731,103783954,A_UNIQUE_103783954,,False,1,2
A,2732,103783945,A_UNIQUE_103783945,,False,1,3
A,2733,103692290,A_UNIQUE_103692290,,False,1,3
A,2734,103783941,A_UNIQUE_103783941,,False,1,4
A,2735,103536797,A_UNIQUE_103536797,,False,1,1
A,2736,103579457,A_UNIQUE_103579457,,False,1,4
A,2737,99413316,A_UNIQUE_99413316,,False,1,2
A,2738,103738537,A_UNIQUE_103738537,,False,1,1
A,2739,101725779,A_UNIQUE_101725779,,False,1,4
A,2740,97894689,A_UNIQUE_97894689,,False,1,3
A,2741,102384473,A_UNIQUE_102384473,,False,1,1
A,2742,102821563,A_UNIQUE_102821563,,False,1,5
A,2743,103783850,A_UNIQUE_103783850,,False,1,4
A,2744,102996372,A_UNIQUE_102996372,,False,1,3
A,2745,103316178,A_UNIQUE_103316178,,False,1,1
A,2746,103672765,A_UNIQUE_103672765,,False,1,4
A,2747,103389598,A_UNIQUE_103389598,,False,1,5
A,2748,102784712,A_UNIQUE_102784712,,False,1,2
A,2749,102197496,A_UNIQUE_102197496,,False,1,3
A,2750,103645267,A_UNIQUE_103645267,,False,1,5
A,2751,101722505,A_UNIQUE_101722505,,False,1,3
A,2752,103451804,A_UNIQUE_103451804,,False,1,3
A,2753,102937221,A_UNIQUE_102937221,,False,1,1
A,2754,103710940,A_UNIQUE_103710940,,False,1,1
A,2755,103628641,A_UNIQUE_103628641,,False,1,1
A,2756,103476884,A_UNIQUE_103476884,,False,1,2
A,2757,102948041,A_UNIQUE_102948041,,False,1,2
A,2758,103624002,A_UNIQUE_103624002,,False,1,3
A,2759,102802569,A_UNIQUE_102802569,,False,1,3
A,2760,103317672,A_UNIQUE_103317672,,False,1,4
A,2761,100417864,A_UNIQUE_100417864,,False,1,2
A,2762,103670622,A_UNIQUE_103670622,,False,1,1
A,2763,102207503,A_UNIQUE_102207503,,False,1,1
A,2764,102898579,A_UNIQUE_102898579,,False,1,4
A,2765,101987474,A_UNIQUE_101987474,,False,1,4
A,2766,103783669,A_UNIQUE_103783669,,False,1,3
A,2767,101467277,A_UNIQUE_101467277,,False,1,1
A,2768,103783573,A_UNIQUE_103783573,,False,1,1
A,2769,103783571,A_UNIQUE_103783571,,False,1,1
A,2770,100593323,A_UNIQUE_100593323,,False,1,5
A,2771,103252456,A_UNIQUE_103252456,,False,1,1
A,2772,103283373,A_UNIQUE_103283373,,False,1,5
A,2773,100985996,A_UNIQUE_100985996,,False,1,2
A,2774,103783640,A_UNIQUE_103783640,,False,1,2
A,2775,102475759,A_UNIQUE_102475759,,False,1,5
A,2776,103678050,A_UNIQUE_103678050,,False,1,4
A,2777,103783617,A_UNIQUE_103783617,,False,1,4
A,2778,103783535,A_UNIQUE_103783535,,False,1,1
A,2779,103783517,A_UNIQUE_103783517,,False,1,1
A,2780,103783536,A_UNIQUE_103783536,,False,1,2
A,2781,97481987,A_UNIQUE_97481987,,False,1,4
A,2782,103783611,A_UNIQUE_103783611,,False,1,3
A,2783,103089787,A_UNIQUE_103089787,,False,1,4
A,2784,98942202,A_UNIQUE_98942202,,False,1,4
A,2785,103783593,A_UNIQUE_103783593,,False,1,2
A,2786,103783585,A_UNIQUE_103783585,,False,1,2
A,2787,103730774,A_UNIQUE_103730774,,False,1,4
A,2788,103453171,A_UNIQUE_103453171,,False,1,5
A,2789,103661176,A_UNIQUE_103661176,,False,1,2
A,2790,103344302,A_UNIQUE_103344302,,False,1,2
A,2791,103665195,A_UNIQUE_103665195,,False,1,1
A,2792,103071712,A_UNIQUE_103071712,,False,1,3
A,2793,103251261,A_UNIQUE_103251261,,False,1,5
A,2794,102546516,A_UNIQUE_102546516,,False,1,2
A,2795,102707113,A_UNIQUE_102707113,,False,1,3
A,2796,98927500,A_UNIQUE_98927500,,False,1,2
A,2797,97027550,A_UNIQUE_97027550,,False,1,1
A,2798,103783451,A_UNIQUE_103783451,,False,1,3
A,2799,103783436,A_UNIQUE_103783436,,False,1,2
A,2800,103389751,A_UNIQUE_103389751,,False,1,2
A,2801,103193773,A_UNIQUE_103193773,,False,1,2
A,2802,103115432,A_UNIQUE_103115432,,False,1,1
A,2803,102248352,A_UNIQUE_102248352,,False,1,4
A,2804,103783417,A_UNIQUE_103783417,,False,1,4
A,2805,103783410,A_UNIQUE_103783410,,False,1,1
A,2806,103783466,A_UNIQUE_103783466,,False,1,4
A,2807,103783464,A_UNIQUE_103783464,,False,1,2
A,2808,103783462,A_UNIQUE_103783462,,False,1,4
A,2809,97057720,A_UNIQUE_97057720,,False,1,5
A,2810,99982034,A_UNIQUE_99982034,,False,1,2
A,2811,103314655,A_UNIQUE_103314655,,False,1,2
A,2812,97221475,A_UNIQUE_97221475,,False,1,1
A,2813,99912234,A_UNIQUE_99912234,,False,1,3
A,2814,103305469,A_UNIQUE_103305469,,False,1,1
A,2815,103447392,A_UNIQUE_103447392,,False,1,5
A,2816,102746012,A_UNIQUE_102746012,,False,1,2
A,2817,102107357,A_UNIQUE_102107357,,False,1,1
A,2818,103725559,A_UNIQUE_103725559,,False,1,3
A,2819,92021859,A_RG_0019,A_RG_0019,True,2,3
A,2820,99721921,A_UNIQUE_99721921,,False,1,5
A,2821,103783279,A_UNIQUE_103783279,,False,1,4
A,2822,103783264,A_UNIQUE_103783264,,False,1,3
A,2823,103783265,A_UNIQUE_103783265,,False,1,4
A,2824,103315698,A_UNIQUE_103315698,,False,1,5
A,2825,103659875,A_UNIQUE_103659875,,False,1,3
A,2826,103389671,A_UNIQUE_103389671,,False,1,1
A,2827,103052017,A_UNIQUE_103052017,,False,1,1
A,2828,103783372,A_UNIQUE_103783372,,False,1,1
A,2829,103490280,A_UNIQUE_103490280,,False,1,4
A,2830,103694941,A_UNIQUE_103694941,,False,1,5
A,2831,76155208,A_UNIQUE_76155208,,False,1,5
A,2832,103010498,A_UNIQUE_103010498,,False,1,4
A,2833,103783358,A_UNIQUE_103783358,,False,1,3
A,2834,103602392,A_UNIQUE_103602392,,False,1,5
A,2835,103783351,A_UNIQUE_103783351,,False,1,5
A,2836,103783347,A_UNIQUE_103783347,,False,1,2
A,2837,103783346,A_UNIQUE_103783346,,False,1,1
A,2838,103783345,A_UNIQUE_103783345,,False,1,5
A,2839,103783338,A_UNIQUE_103783338,,False,1,5
A,2840,101221481,A_UNIQUE_101221481,,False,1,4
A,2841,100617960,A_UNIQUE_100617960,,False,1,5
A,2842,97715055,A_UNIQUE_97715055,,False,1,5
A,2843,102753685,A_UNIQUE_102753685,,False,1,2
A,2844,103783233,A_UNIQUE_103783233,,False,1,2
A,2845,103783227,A_UNIQUE_103783227,,False,1,4
A,2846,102707812,A_UNIQUE_102707812,,False,1,4
A,2847,101379433,A_UNIQUE_101379433,,False,1,2
A,2848,99630680,A_UNIQUE_99630680,,False,1,2
A,2849,95939125,A_UNIQUE_95939125,,False,1,5
A,2850,98708890,A_UNIQUE_98708890,,False,1,1
A,2851,100753214,A_UNIQUE_100753214,,False,1,4
A,2852,100753863,A_UNIQUE_100753863,,False,1,5
A,2853,101520669,A_UNIQUE_101520669,,False,1,3
A,2854,101709333,A_UNIQUE_101709333,,False,1,2
A,2855,100683528,A_UNIQUE_100683528,,False,1,4
A,2856,102897216,A_UNIQUE_102897216,,False,1,5
A,2857,100252019,A_UNIQUE_100252019,,False,1,4
A,2858,103783318,A_UNIQUE_103783318,,False,1,2
A,2859,103783311,A_UNIQUE_103783311,,False,1,4
A,2860,102896891,A_UNIQUE_102896891,,False,1,1
A,2861,103460144,A_UNIQUE_103460144,,False,1,1
A,2862,103783301,A_UNIQUE_103783301,,False,1,5
A,2863,103749775,A_UNIQUE_103749775,,False,1,2
A,2864,103691723,A_UNIQUE_103691723,,False,1,4
A,2865,103217445,A_UNIQUE_103217445,,False,1,5
A,2866,101675234,A_UNIQUE_101675234,,False,1,5
A,2867,102561588,A_UNIQUE_102561588,,False,1,2
A,2868,102747063,A_UNIQUE_102747063,,False,1,3
A,2869,102673963,A_UNIQUE_102673963,,False,1,5
A,2870,102745690,A_UNIQUE_102745690,,False,1,4
A,2871,103783141,A_UNIQUE_103783141,,False,1,5
A,2872,103451619,A_UNIQUE_103451619,,False,1,2
A,2873,103643436,A_UNIQUE_103643436,,False,1,4
A,2874,101898183,A_RG_0019,A_RG_0019,True,2,3
A,2875,101257243,A_UNIQUE_101257243,,False,1,5
A,2876,101900153,A_UNIQUE_101900153,,False,1,4
A,2877,103284027,A_UNIQUE_103284027,,False,1,3
A,2878,103783120,A_UNIQUE_103783120,,False,1,5
A,2879,103783085,A_UNIQUE_103783085,,False,1,3
A,2880,103129715,A_UNIQUE_103129715,,False,1,1
A,2881,100648022,A_UNIQUE_100648022,,False,1,4
A,2882,103742424,A_UNIQUE_103742424,,False,1,2
A,2883,103783048,A_UNIQUE_103783048,,False,1,2
A,2884,103783179,A_UNIQUE_103783179,,False,1,5
A,2885,103565502,A_UNIQUE_103565502,,False,1,3
A,2886,101710732,A_UNIQUE_101710732,,False,1,4
A,2887,96641475,A_UNIQUE_96641475,,False,1,5
A,2888,101687435,A_UNIQUE_101687435,,False,1,4
A,2889,103113723,A_UNIQUE_103113723,,False,1,4
A,2890,103106128,A_UNIQUE_103106128,,False,1,3
A,2891,103057728,A_UNIQUE_103057728,,False,1,4
A,2892,103561320,A_UNIQUE_103561320,,False,1,5
A,2893,103470389,A_UNIQUE_103470389,,False,1,1
A,2894,102999145,A_RG_0014,A_RG_0014,True,2,3
A,2895,103783144,A_UNIQUE_103783144,,False,1,5
A,2896,97162366,A_UNIQUE_97162366,,False,1,2
A,2897,101811340,A_UNIQUE_101811340,,False,1,1
A,2898,103445983,A_UNIQUE_103445983,,False,1,2
A,2899,102748654,A_UNIQUE_102748654,,False,1,2
A,2900,103097692,A_UNIQUE_103097692,,False,1,4
A,2901,102640532,A_UNIQUE_102640532,,False,1,1
A,2902,100648098,A_UNIQUE_100648098,,False,1,4
A,2903,103451751,A_UNIQUE_103451751,,False,1,3
A,2904,103340412,A_UNIQUE_103340412,,False,1,3
A,2905,102384300,A_UNIQUE_102384300,,False,1,5
A,2906,103763222,A_UNIQUE_103763222,,False,1,4
A,2907,103763215,A_UNIQUE_103763215,,False,1,1
A,2908,101190108,A_UNIQUE_101190108,,False,1,2
A,2909,100417213,A_UNIQUE_100417213,,False,1,4
A,2910,102470889,A_UNIQUE_102470889,,False,1,4
A,2911,102451918,A_UNIQUE_102451918,,False,1,5
A,2912,103763235,A_UNIQUE_103763235,,False,1,5
A,2913,103251056,A_UNIQUE_103251056,,False,1,4
A,2914,103315428,A_UNIQUE_103315428,,False,1,2
A,2915,103782953,A_UNIQUE_103782953,,False,1,4
A,2916,103783035,A_UNIQUE_103783035,,False,1,1
A,2917,103018708,A_UNIQUE_103018708,,False,1,4
A,2918,103783027,A_UNIQUE_103783027,,False,1,2
A,2919,103143100,A_UNIQUE_103143100,,False,1,5
A,2920,103468565,A_UNIQUE_103468565,,False,1,3
A,2921,103154349,A_UNIQUE_103154349,,False,1,1
A,2922,103782938,A_UNIQUE_103782938,,False,1,4
A,2923,103782997,A_UNIQUE_103782997,,False,1,4
A,2924,101255961,A_UNIQUE_101255961,,False,1,2
A,2925,100767226,A_UNIQUE_100767226,,False,1,5
A,2926,101189876,A_UNIQUE_101189876,,False,1,1
A,2927,103193831,A_UNIQUE_103193831,,False,1,2
A,2928,100432981,A_UNIQUE_100432981,,False,1,3
A,2929,103470385,A_UNIQUE_103470385,,False,1,5
A,2930,100480993,A_UNIQUE_100480993,,False,1,1
A,2931,101519139,A_UNIQUE_101519139,,False,1,1
A,2932,103549889,A_UNIQUE_103549889,,False,1,4
A,2933,103380630,A_UNIQUE_103380630,,False,1,2
A,2934,103355256,A_UNIQUE_103355256,,False,1,2
A,2935,103097681,A_UNIQUE_103097681,,False,1,2
A,2936,102658768,A_UNIQUE_102658768,,False,1,4
A,2937,102561739,A_UNIQUE_102561739,,False,1,4
A,2938,89624451,A_UNIQUE_89624451,,False,1,4
A,2939,101898105,A_UNIQUE_101898105,,False,1,1
A,2940,103118791,A_UNIQUE_103118791,,False,1,3
A,2941,102287856,A_UNIQUE_102287856,,False,1,2
A,2942,102380482,A_UNIQUE_102380482,,False,1,1
A,2943,101121674,A_UNIQUE_101121674,,False,1,5
A,2944,100082034,A_UNIQUE_100082034,,False,1,4
A,2945,103251793,A_UNIQUE_103251793,,False,1,2
A,2946,99889505,A_UNIQUE_99889505,,False,1,5
A,2947,103451338,A_UNIQUE_103451338,,False,1,3
A,2948,103506212,A_UNIQUE_103506212,,False,1,4
A,2949,103522532,A_UNIQUE_103522532,,False,1,1
A,2950,103671845,A_UNIQUE_103671845,,False,1,2
A,2951,103708869,A_UNIQUE_103708869,,False,1,4
A,2952,103782911,A_UNIQUE_103782911,,False,1,3
A,2953,103782895,A_UNIQUE_103782895,,False,1,3
A,2954,103492971,A_RG_0020,A_RG_0020,True,2,5
A,2955,103492972,A_RG_0020,A_RG_0020,True,2,5
A,2956,101518597,A_UNIQUE_101518597,,False,1,1
A,2957,101518588,A_UNIQUE_101518588,,False,1,2
A,2958,102103790,A_UNIQUE_102103790,,False,1,4
A,2959,103782790,A_UNIQUE_103782790,,False,1,5
A,2960,103782781,A_UNIQUE_103782781,,False,1,2
A,2961,101518590,A_UNIQUE_101518590,,False,1,3
A,2962,103782870,A_UNIQUE_103782870,,False,1,5
A,2963,103601485,A_UNIQUE_103601485,,False,1,1
A,2964,103193842,A_UNIQUE_103193842,,False,1,2
A,2965,103039433,A_UNIQUE_103039433,,False,1,1
A,2966,103204534,A_UNIQUE_103204534,,False,1,4
A,2967,103585430,A_UNIQUE_103585430,,False,1,1
A,2968,103708972,A_UNIQUE_103708972,,False,1,4
A,2969,103547608,A_UNIQUE_103547608,,False,1,2
A,2970,103230999,A_UNIQUE_103230999,,False,1,2
A,2971,102996368,A_UNIQUE_102996368,,False,1,3
A,2972,102583527,A_UNIQUE_102583527,,False,1,3
A,2973,103141531,A_UNIQUE_103141531,,False,1,2
A,2974,103422356,A_UNIQUE_103422356,,False,1,1
A,2975,99032642,A_UNIQUE_99032642,,False,1,1
A,2976,98472845,A_UNIQUE_98472845,,False,1,1
A,2977,103258889,A_UNIQUE_103258889,,False,1,2
A,2978,102436890,A_UNIQUE_102436890,,False,1,1
A,2979,99568831,A_UNIQUE_99568831,,False,1,1
A,2980,102451678,A_UNIQUE_102451678,,False,1,2
A,2981,102363584,A_UNIQUE_102363584,,False,1,5
A,2982,101041456,A_UNIQUE_101041456,,False,1,1
A,2983,101527935,A_UNIQUE_101527935,,False,1,4
A,2984,100752947,A_UNIQUE_100752947,,False,1,4
A,2985,103782699,A_UNIQUE_103782699,,False,1,5
A,2986,103782690,A_UNIQUE_103782690,,False,1,3
A,2987,102025202,A_UNIQUE_102025202,,False,1,3
A,2988,103782759,A_UNIQUE_103782759,,False,1,3
A,2989,103782758,A_UNIQUE_103782758,,False,1,3
A,2990,103782739,A_UNIQUE_103782739,,False,1,2
A,2991,101518502,A_UNIQUE_101518502,,False,1,1
A,2992,101518490,A_UNIQUE_101518490,,False,1,5
A,2993,101518491,A_UNIQUE_101518491,,False,1,3
A,2994,100960521,A_UNIQUE_100960521,,False,1,5
A,2995,103782658,A_UNIQUE_103782658,,False,1,4
A,2996,103782648,A_UNIQUE_103782648,,False,1,3
A,2997,103782734,A_UNIQUE_103782734,,False,1,5
A,2998,99364371,A_UNIQUE_99364371,,False,1,1
A,2999,98927160,A_UNIQUE_98927160,,False,1,2
A,3000,103557523,A_UNIQUE_103557523,,False,1,4
A,3001,103557422,A_UNIQUE_103557422,,False,1,3
A,3002,103557279,A_UNIQUE_103557279,,False,1,3
A,3003,102974165,A_UNIQUE_102974165,,False,1,5
A,3004,100322106,A_UNIQUE_100322106,,False,1,4
A,3005,103782725,A_UNIQUE_103782725,,False,1,4
A,3006,103292981,A_UNIQUE_103292981,,False,1,3
A,3007,101007702,A_UNIQUE_101007702,,False,1,4
A,3008,102654505,A_UNIQUE_102654505,,False,1,5
A,3009,102641102,A_UNIQUE_102641102,,False,1,1
A,3010,102618302,A_UNIQUE_102618302,,False,1,1
A,3011,89672274,A_UNIQUE_89672274,,False,1,5
A,3012,103340299,A_UNIQUE_103340299,,False,1,4
A,3013,103258422,A_UNIQUE_103258422,,False,1,5
A,3014,103782576,A_UNIQUE_103782576,,False,1,5
A,3015,100547259,A_UNIQUE_100547259,,False,1,4
A,3016,103627604,A_UNIQUE_103627604,,False,1,3
A,3017,103159521,A_UNIQUE_103159521,,False,1,1
A,3018,102695595,A_UNIQUE_102695595,,False,1,5
A,3019,102940655,A_UNIQUE_102940655,,False,1,5
A,3020,102940652,A_UNIQUE_102940652,,False,1,4
A,3021,103782625,A_UNIQUE_103782625,,False,1,2
A,3022,100959243,A_UNIQUE_100959243,,False,1,1
A,3023,100418424,A_UNIQUE_100418424,,False,1,4
A,3024,103782529,A_UNIQUE_103782529,,False,1,2
A,3025,100977186,A_UNIQUE_100977186,,False,1,1
A,3026,103782549,A_UNIQUE_103782549,,False,1,1
A,3027,102796653,A_UNIQUE_102796653,,False,1,5
A,3028,99523105,A_UNIQUE_99523105,,False,1,2
A,3029,103712366,A_UNIQUE_103712366,,False,1,5
A,3030,101518486,A_UNIQUE_101518486,,False,1,3
A,3031,101518474,A_UNIQUE_101518474,,False,1,1
A,3032,101518084,A_UNIQUE_101518084,,False,1,3
A,3033,103782502,A_UNIQUE_103782502,,False,1,2
A,3034,103782499,A_UNIQUE_103782499,,False,1,2
A,3035,103782498,A_UNIQUE_103782498,,False,1,3
A,3036,102576844,A_UNIQUE_102576844,,False,1,3
A,3037,101518068,A_UNIQUE_101518068,,False,1,3
A,3038,102197544,A_UNIQUE_102197544,,False,1,2
A,3039,103315487,A_UNIQUE_103315487,,False,1,3
A,3040,103283609,A_UNIQUE_103283609,,False,1,5
A,3041,103113406,A_UNIQUE_103113406,,False,1,5
A,3042,96822478,A_UNIQUE_96822478,,False,1,2
A,3043,102301402,A_UNIQUE_102301402,,False,1,5
A,3044,103782573,A_UNIQUE_103782573,,False,1,3
A,3045,103678958,A_UNIQUE_103678958,,False,1,4
A,3046,103547614,A_UNIQUE_103547614,,False,1,1
A,3047,103547609,A_UNIQUE_103547609,,False,1,5
A,3048,103367062,A_UNIQUE_103367062,,False,1,1
A,3049,103033406,A_UNIQUE_103033406,,False,1,4
A,3050,102618310,A_UNIQUE_102618310,,False,1,4
A,3051,102561611,A_UNIQUE_102561611,,False,1,5
A,3052,102747155,A_UNIQUE_102747155,,False,1,1
A,3053,103556164,A_UNIQUE_103556164,,False,1,4
A,3054,100074489,A_UNIQUE_100074489,,False,1,1
A,3055,96073653,A_UNIQUE_96073653,,False,1,5
A,3056,103541158,A_UNIQUE_103541158,,False,1,4
A,3057,102470974,A_UNIQUE_102470974,,False,1,4
A,3058,102384461,A_UNIQUE_102384461,,False,1,2
A,3059,100770957,A_UNIQUE_100770957,,False,1,3
A,3060,98838663,A_UNIQUE_98838663,,False,1,2
A,3061,103259332,A_UNIQUE_103259332,,False,1,5
A,3062,102470822,A_UNIQUE_102470822,,False,1,2
A,3063,102354043,A_UNIQUE_102354043,,False,1,3
A,3064,101042014,A_UNIQUE_101042014,,False,1,5
A,3065,103782353,A_UNIQUE_103782353,,False,1,5
A,3066,103659446,A_UNIQUE_103659446,,False,1,4
A,3067,103388813,A_UNIQUE_103388813,,False,1,1
A,3068,103388815,A_UNIQUE_103388815,,False,1,5
A,3069,103462313,A_UNIQUE_103462313,,False,1,5
A,3070,102940640,A_UNIQUE_102940640,,False,1,3
A,3071,103568969,A_UNIQUE_103568969,,False,1,4
A,3072,103782316,A_UNIQUE_103782316,,False,1,3
A,3073,103782470,A_UNIQUE_103782470,,False,1,3
A,3074,103428589,A_UNIQUE_103428589,,False,1,5
A,3075,103429099,A_UNIQUE_103429099,,False,1,4
A,3076,103782439,A_UNIQUE_103782439,,False,1,5
A,3077,103782434,A_UNIQUE_103782434,,False,1,5
A,3078,102785812,A_UNIQUE_102785812,,False,1,2
A,3079,103782430,A_UNIQUE_103782430,,False,1,2
A,3080,102171455,A_UNIQUE_102171455,,False,1,1
A,3081,101518074,A_UNIQUE_101518074,,False,1,1
A,3082,101518072,A_UNIQUE_101518072,,False,1,2
A,3083,101518066,A_UNIQUE_101518066,,False,1,3
A,3084,101781735,A_UNIQUE_101781735,,False,1,3
A,3085,103782285,A_UNIQUE_103782285,,False,1,5
A,3086,101710750,A_UNIQUE_101710750,,False,1,5
A,3087,98693277,A_UNIQUE_98693277,,False,1,4
A,3088,103601469,A_UNIQUE_103601469,,False,1,2
A,3089,103556720,A_UNIQUE_103556720,,False,1,2
A,3090,102515464,A_UNIQUE_102515464,,False,1,2
A,3091,102352833,A_UNIQUE_102352833,,False,1,5
A,3092,103720396,A_UNIQUE_103720396,,False,1,2
A,3093,101412879,A_UNIQUE_101412879,,False,1,5
A,3094,103627786,A_UNIQUE_103627786,,False,1,1
A,3095,103397842,A_UNIQUE_103397842,,False,1,1
A,3096,103255092,A_UNIQUE_103255092,,False,1,1
A,3097,102452927,A_UNIQUE_102452927,,False,1,5
A,3098,103782355,A_UNIQUE_103782355,,False,1,5
A,3099,100959617,A_UNIQUE_100959617,,False,1,4
A,3100,103669925,A_UNIQUE_103669925,,False,1,2
A,3101,103631936,A_UNIQUE_103631936,,False,1,2
A,3102,103383040,A_UNIQUE_103383040,,False,1,4
A,3103,102092737,A_UNIQUE_102092737,,False,1,4
A,3104,103382840,A_UNIQUE_103382840,,False,1,3
A,3105,103382831,A_UNIQUE_103382831,,False,1,5
A,3106,96852887,A_UNIQUE_96852887,,False,1,1
A,3107,103564371,A_UNIQUE_103564371,,False,1,2
A,3108,103457034,A_UNIQUE_103457034,,False,1,5
A,3109,103398198,A_UNIQUE_103398198,,False,1,2
A,3110,102965472,A_UNIQUE_102965472,,False,1,5
A,3111,102210051,A_UNIQUE_102210051,,False,1,5
A,3112,99446991,A_UNIQUE_99446991,,False,1,1
A,3113,90069219,A_UNIQUE_90069219,,False,1,2
A,3114,103216778,A_UNIQUE_103216778,,False,1,3
A,3115,103052290,A_UNIQUE_103052290,,False,1,3
A,3116,103052115,A_UNIQUE_103052115,,False,1,3
A,3117,98695154,A_UNIQUE_98695154,,False,1,5
A,3118,103252361,A_UNIQUE_103252361,,False,1,3
A,3119,103217447,A_UNIQUE_103217447,,False,1,2
A,3120,103160019,A_UNIQUE_103160019,,False,1,3
A,3121,102541772,A_UNIQUE_102541772,,False,1,1
A,3122,101009687,A_UNIQUE_101009687,,False,1,1
A,3123,100857405,A_UNIQUE_100857405,,False,1,4
A,3124,98857740,A_UNIQUE_98857740,,False,1,3
A,3125,103782194,A_UNIQUE_103782194,,False,1,2
A,3126,102971271,A_UNIQUE_102971271,,False,1,3
A,3127,102940643,A_UNIQUE_102940643,,False,1,1
A,3128,102940649,A_UNIQUE_102940649,,False,1,2
A,3129,100335803,A_UNIQUE_100335803,,False,1,2
A,3130,102940653,A_UNIQUE_102940653,,False,1,5
A,3131,102940644,A_UNIQUE_102940644,,False,1,3
A,3132,103782280,A_UNIQUE_103782280,,False,1,1
A,3133,102083079,A_UNIQUE_102083079,,False,1,4
A,3134,102058483,A_UNIQUE_102058483,,False,1,4
A,3135,98336057,A_UNIQUE_98336057,,False,1,3
A,3136,97662947,A_UNIQUE_97662947,,False,1,3
A,3137,103782174,A_UNIQUE_103782174,,False,1,2
A,3138,103782172,A_UNIQUE_103782172,,False,1,4
A,3139,103782271,A_UNIQUE_103782271,,False,1,2
A,3140,102821523,A_UNIQUE_102821523,,False,1,1
A,3141,102403645,A_UNIQUE_102403645,,False,1,5
A,3142,103010740,A_UNIQUE_103010740,,False,1,3
A,3143,98792718,A_UNIQUE_98792718,,False,1,4
A,3144,102437336,A_UNIQUE_102437336,,False,1,4
A,3145,103782225,A_UNIQUE_103782225,,False,1,4
A,3146,90430929,A_UNIQUE_90430929,,False,1,2
A,3147,103782124,A_UNIQUE_103782124,,False,1,2
A,3148,102349862,A_UNIQUE_102349862,,False,1,5
A,3149,103782218,A_UNIQUE_103782218,,False,1,3
A,3150,103782209,A_UNIQUE_103782209,,False,1,2
A,3151,102805236,A_UNIQUE_102805236,,False,1,3
A,3152,103782207,A_UNIQUE_103782207,,False,1,3
A,3153,103101612,A_UNIQUE_103101612,,False,1,3
A,3154,102824990,A_UNIQUE_102824990,,False,1,3
A,3155,100204288,A_UNIQUE_100204288,,False,1,5
A,3156,103669923,A_UNIQUE_103669923,,False,1,4
A,3157,103782200,A_UNIQUE_103782200,,False,1,5
A,3158,101114565,A_UNIQUE_101114565,,False,1,4
A,3159,103383088,A_UNIQUE_103383088,,False,1,3
A,3160,102898888,A_UNIQUE_102898888,,False,1,5
A,3161,103349200,A_UNIQUE_103349200,,False,1,3
A,3162,102732915,A_UNIQUE_102732915,,False,1,3
A,3163,103383033,A_UNIQUE_103383033,,False,1,5
A,3164,103669918,A_UNIQUE_103669918,,False,1,2
A,3165,95514300,A_UNIQUE_95514300,,False,1,2
A,3166,101292151,A_UNIQUE_101292151,,False,1,5
A,3167,103382758,A_UNIQUE_103382758,,False,1,5
A,3168,103382762,A_UNIQUE_103382762,,False,1,5
A,3169,103230995,A_UNIQUE_103230995,,False,1,3
A,3170,98874163,A_UNIQUE_98874163,,False,1,2
A,3171,102207144,A_UNIQUE_102207144,,False,1,4
A,3172,103403532,A_UNIQUE_103403532,,False,1,4
A,3173,102436751,A_UNIQUE_102436751,,False,1,3
A,3174,98881317,A_UNIQUE_98881317,,False,1,5
A,3175,103252071,A_UNIQUE_103252071,,False,1,5
A,3176,102515617,A_UNIQUE_102515617,,False,1,3
A,3177,103782137,A_UNIQUE_103782137,,False,1,2
A,3178,101483278,A_UNIQUE_101483278,,False,1,3
A,3179,103556804,A_UNIQUE_103556804,,False,1,3
A,3180,102309122,A_UNIQUE_102309122,,False,1,1
A,3181,103071363,A_UNIQUE_103071363,,False,1,1
A,3182,102206936,A_UNIQUE_102206936,,False,1,2
A,3183,103004646,A_UNIQUE_103004646,,False,1,3
A,3184,103004645,A_UNIQUE_103004645,,False,1,4
A,3185,102940646,A_UNIQUE_102940646,,False,1,5
A,3186,103782105,A_UNIQUE_103782105,,False,1,4
A,3187,103782102,A_UNIQUE_103782102,,False,1,5
A,3188,103464262,A_UNIQUE_103464262,,False,1,2
A,3189,102138231,A_RG_0021,A_RG_0021,True,2,3
A,3190,102803026,A_UNIQUE_102803026,,False,1,5
A,3191,103781970,A_UNIQUE_103781970,,False,1,1
A,3192,103326909,A_UNIQUE_103326909,,False,1,1
A,3193,103686903,A_UNIQUE_103686903,,False,1,2
A,3194,103004621,A_UNIQUE_103004621,,False,1,1
A,3195,103782080,A_UNIQUE_103782080,,False,1,3
A,3196,103782078,A_UNIQUE_103782078,,False,1,5
A,3197,101929726,A_UNIQUE_101929726,,False,1,4
A,3198,103485935,A_UNIQUE_103485935,,False,1,5
A,3199,103782075,A_UNIQUE_103782075,,False,1,3
A,3200,84073992,A_UNIQUE_84073992,,False,1,2
A,3201,103782065,A_UNIQUE_103782065,,False,1,1
A,3202,103641638,A_UNIQUE_103641638,,False,1,4
A,3203,96641284,A_UNIQUE_96641284,,False,1,5
A,3204,102974610,A_UNIQUE_102974610,,False,1,1
A,3205,101189858,A_UNIQUE_101189858,,False,1,1
A,3206,103781930,A_UNIQUE_103781930,,False,1,3
A,3207,103781895,A_UNIQUE_103781895,,False,1,4
A,3208,101349749,A_UNIQUE_101349749,,False,1,5
A,3209,103602332,A_UNIQUE_103602332,,False,1,2
A,3210,103458099,A_UNIQUE_103458099,,False,1,3
A,3211,103597968,A_UNIQUE_103597968,,False,1,2
A,3212,102863547,A_UNIQUE_102863547,,False,1,1
A,3213,103647605,A_UNIQUE_103647605,,False,1,4
A,3214,103380270,A_UNIQUE_103380270,,False,1,5
A,3215,102745515,A_UNIQUE_102745515,,False,1,3
A,3216,103552908,A_UNIQUE_103552908,,False,1,5
A,3217,103246761,A_UNIQUE_103246761,,False,1,4
A,3218,103379965,A_UNIQUE_103379965,,False,1,5
A,3219,100508314,A_UNIQUE_100508314,,False,1,3
A,3220,103316728,A_UNIQUE_103316728,,False,1,1
A,3221,103252161,A_UNIQUE_103252161,,False,1,5
A,3222,103101262,A_UNIQUE_103101262,,False,1,3
A,3223,102451522,A_UNIQUE_102451522,,False,1,2
A,3224,102380577,A_UNIQUE_102380577,,False,1,4
A,3225,102197091,A_UNIQUE_102197091,,False,1,2
A,3226,103556802,A_UNIQUE_103556802,,False,1,3
A,3227,103739983,A_UNIQUE_103739983,,False,1,5
A,3228,103683022,A_UNIQUE_103683022,,False,1,4
A,3229,98979609,A_UNIQUE_98979609,,False,1,2
A,3230,100521805,A_UNIQUE_100521805,,False,1,1
A,3231,102268576,A_UNIQUE_102268576,,False,1,2
A,3232,102621437,A_UNIQUE_102621437,,False,1,3
A,3233,103658337,A_UNIQUE_103658337,,False,1,1
A,3234,103349884,A_UNIQUE_103349884,,False,1,3
A,3235,102941210,A_UNIQUE_102941210,,False,1,2
A,3236,103624795,A_UNIQUE_103624795,,False,1,3
A,3237,91581848,A_UNIQUE_91581848,,False,1,3
A,3238,101737502,A_UNIQUE_101737502,,False,1,5
A,3239,103284136,A_UNIQUE_103284136,,False,1,5
A,3240,103193743,A_UNIQUE_103193743,,False,1,5
A,3241,102612602,A_UNIQUE_102612602,,False,1,5
A,3242,103781889,A_UNIQUE_103781889,,False,1,1
A,3243,103464263,A_RG_0021,A_RG_0021,True,2,3
A,3244,103781879,A_UNIQUE_103781879,,False,1,1
A,3245,103781713,A_UNIQUE_103781713,,False,1,3
A,3246,102884403,A_UNIQUE_102884403,,False,1,1
A,3247,103781751,A_UNIQUE_103781751,,False,1,5
A,3248,103781748,A_UNIQUE_103781748,,False,1,2
A,3249,103781747,A_UNIQUE_103781747,,False,1,1
A,3250,103781716,A_UNIQUE_103781716,,False,1,2
A,3251,103781715,A_UNIQUE_103781715,,False,1,5
A,3252,103202978,A_UNIQUE_103202978,,False,1,4
A,3253,103004650,A_UNIQUE_103004650,,False,1,1
A,3254,103656061,A_UNIQUE_103656061,,False,1,4
A,3255,103359463,A_UNIQUE_103359463,,False,1,1
A,3256,103272136,A_UNIQUE_103272136,,False,1,3
A,3257,103004644,A_UNIQUE_103004644,,False,1,3
A,3258,97176277,A_UNIQUE_97176277,,False,1,5
A,3259,103781855,A_UNIQUE_103781855,,False,1,2
A,3260,103781851,A_UNIQUE_103781851,,False,1,3
A,3261,99945785,A_UNIQUE_99945785,,False,1,5
A,3262,102884643,A_UNIQUE_102884643,,False,1,5
A,3263,99163586,A_UNIQUE_99163586,,False,1,1
A,3264,103781676,A_UNIQUE_103781676,,False,1,4
A,3265,102884111,A_UNIQUE_102884111,,False,1,2
A,3266,102883792,A_UNIQUE_102883792,,False,1,2
A,3267,103781822,A_UNIQUE_103781822,,False,1,5
A,3268,103781803,A_UNIQUE_103781803,,False,1,5
A,3269,96139249,A_UNIQUE_96139249,,False,1,2
A,3270,103781785,A_UNIQUE_103781785,,False,1,4
A,3271,102896565,A_UNIQUE_102896565,,False,1,1
A,3272,102880405,A_UNIQUE_102880405,,False,1,3
A,3273,103549516,A_UNIQUE_103549516,,False,1,1
A,3274,103446504,A_UNIQUE_103446504,,False,1,5
A,3275,102981673,A_UNIQUE_102981673,,False,1,2
A,3276,102981671,A_UNIQUE_102981671,,False,1,5
A,3277,102561514,A_UNIQUE_102561514,,False,1,1
A,3278,103712760,A_UNIQUE_103712760,,False,1,5
A,3279,103515353,A_UNIQUE_103515353,,False,1,4
A,3280,103434959,A_UNIQUE_103434959,,False,1,3
A,3281,103434910,A_UNIQUE_103434910,,False,1,3
A,3282,103498210,A_UNIQUE_103498210,,False,1,3
A,3283,101491913,A_UNIQUE_101491913,,False,1,3
A,3284,100085128,A_UNIQUE_100085128,,False,1,1
A,3285,103159578,A_UNIQUE_103159578,,False,1,4
A,3286,103114435,A_UNIQUE_103114435,,False,1,4
A,3287,102515573,A_UNIQUE_102515573,,False,1,2
A,3288,102262350,A_UNIQUE_102262350,,False,1,2
A,3289,103400217,A_UNIQUE_103400217,,False,1,5
A,3290,103718348,A_UNIQUE_103718348,,False,1,1
A,3291,103734479,A_UNIQUE_103734479,,False,1,3
A,3292,103781434,A_UNIQUE_103781434,,False,1,3
A,3293,103586078,A_UNIQUE_103586078,,False,1,5
A,3294,103624792,A_UNIQUE_103624792,,False,1,3
A,3295,103080924,A_UNIQUE_103080924,,False,1,5
A,3296,101710780,A_UNIQUE_101710780,,False,1,1
A,3297,98459187,A_UNIQUE_98459187,,False,1,2
A,3298,97158710,A_UNIQUE_97158710,,False,1,4
A,3299,103264750,A_UNIQUE_103264750,,False,1,2
A,3300,103781399,A_UNIQUE_103781399,,False,1,1
A,3301,103781395,A_UNIQUE_103781395,,False,1,4
A,3302,103781374,A_UNIQUE_103781374,,False,1,3
A,3303,103781415,A_UNIQUE_103781415,,False,1,4
A,3304,96025647,A_UNIQUE_96025647,,False,1,1
A,3305,103342467,A_UNIQUE_103342467,,False,1,2
A,3306,103272128,A_UNIQUE_103272128,,False,1,5
A,3307,102940641,A_UNIQUE_102940641,,False,1,3
A,3308,103781589,A_UNIQUE_103781589,,False,1,4
A,3309,103342475,A_UNIQUE_103342475,,False,1,2
A,3310,103781557,A_UNIQUE_103781557,,False,1,3
A,3311,103781549,A_UNIQUE_103781549,,False,1,1
A,3312,103781316,A_UNIQUE_103781316,,False,1,4
A,3313,103781326,A_UNIQUE_103781326,,False,1,4
A,3314,103781346,A_UNIQUE_103781346,,False,1,2
A,3315,103781531,A_UNIQUE_103781531,,False,1,5
A,3316,103454175,A_UNIQUE_103454175,,False,1,4
A,3317,101836062,A_UNIQUE_101836062,,False,1,1
A,3318,103781515,A_UNIQUE_103781515,,False,1,1
A,3319,103781510,A_UNIQUE_103781510,,False,1,1
A,3320,101487429,A_UNIQUE_101487429,,False,1,1
A,3321,103781474,A_UNIQUE_103781474,,False,1,4
A,3322,103781462,A_UNIQUE_103781462,,False,1,2
A,3323,102686684,A_UNIQUE_102686684,,False,1,2
A,3324,99998002,A_UNIQUE_99998002,,False,1,2
A,3325,103781456,A_UNIQUE_103781456,,False,1,2
A,3326,102003737,A_UNIQUE_102003737,,False,1,3
A,3327,103781453,A_UNIQUE_103781453,,False,1,1
A,3328,103781447,A_UNIQUE_103781447,,False,1,4
A,3329,103556803,A_UNIQUE_103556803,,False,1,3
A,3330,103781439,A_UNIQUE_103781439,,False,1,3
A,3331,103454244,A_UNIQUE_103454244,,False,1,1
A,3332,103444149,A_UNIQUE_103444149,,False,1,2
A,3333,103430625,A_UNIQUE_103430625,,False,1,4
A,3334,103248306,A_UNIQUE_103248306,,False,1,3
A,3335,103186446,A_UNIQUE_103186446,,False,1,1
A,3336,103139752,A_UNIQUE_103139752,,False,1,2
A,3337,103674286,A_UNIQUE_103674286,,False,1,2
A,3338,99124107,A_UNIQUE_99124107,,False,1,3
A,3339,102007920,A_UNIQUE_102007920,,False,1,1
A,3340,103389873,A_UNIQUE_103389873,,False,1,2
A,3341,103159773,A_UNIQUE_103159773,,False,1,3
A,3342,103159404,A_UNIQUE_103159404,,False,1,2
A,3343,103114521,A_UNIQUE_103114521,,False,1,4
A,3344,102451882,A_UNIQUE_102451882,,False,1,2
A,3345,97836584,A_UNIQUE_97836584,,False,1,1
A,3346,100485937,A_UNIQUE_100485937,,False,1,1
A,3347,103781078,A_UNIQUE_103781078,,False,1,4
A,3348,98288764,A_UNIQUE_98288764,,False,1,5
A,3349,103527272,A_UNIQUE_103527272,,False,1,1
A,3350,103269285,A_UNIQUE_103269285,,False,1,2
A,3351,96977618,A_UNIQUE_96977618,,False,1,2
A,3352,98543362,A_UNIQUE_98543362,,False,1,5
A,3353,100561066,A_UNIQUE_100561066,,False,1,5
A,3354,98459567,A_UNIQUE_98459567,,False,1,4
A,3355,103623620,A_UNIQUE_103623620,,False,1,1
A,3356,102707673,A_UNIQUE_102707673,,False,1,2
A,3357,102579289,A_UNIQUE_102579289,,False,1,5
A,3358,102553262,A_UNIQUE_102553262,,False,1,1
A,3359,102515753,A_UNIQUE_102515753,,False,1,1
A,3360,103631879,A_UNIQUE_103631879,,False,1,3
A,3361,103781295,A_UNIQUE_103781295,,False,1,2
A,3362,102852007,A_UNIQUE_102852007,,False,1,5
A,3363,103781280,A_UNIQUE_103781280,,False,1,4
A,3364,103753694,A_UNIQUE_103753694,,False,1,3
A,3365,103556824,A_UNIQUE_103556824,,False,1,4
A,3366,100890052,A_UNIQUE_100890052,,False,1,3
A,3367,103669450,A_UNIQUE_103669450,,False,1,3
A,3368,102895682,A_UNIQUE_102895682,,False,1,4
A,3369,103781077,A_UNIQUE_103781077,,False,1,3
A,3370,103781073,A_UNIQUE_103781073,,False,1,3
A,3371,103781072,A_UNIQUE_103781072,,False,1,5
A,3372,103781057,A_UNIQUE_103781057,,False,1,5
A,3373,103781045,A_UNIQUE_103781045,,False,1,4
A,3374,103781044,A_UNIQUE_103781044,,False,1,1
A,3375,102784475,A_UNIQUE_102784475,,False,1,4
A,3376,101191014,A_UNIQUE_101191014,,False,1,1
A,3377,103008080,A_UNIQUE_103008080,,False,1,5
A,3378,102055151,A_UNIQUE_102055151,,False,1,5
A,3379,103781243,A_UNIQUE_103781243,,False,1,2
A,3380,103527251,A_UNIQUE_103527251,,False,1,1
A,3381,96038285,A_UNIQUE_96038285,,False,1,4
A,3382,99397738,A_UNIQUE_99397738,,False,1,4
A,3383,55766395,A_UNIQUE_55766395,,False,1,1
A,3384,103781209,A_UNIQUE_103781209,,False,1,1
A,3385,103781207,A_UNIQUE_103781207,,False,1,1
A,3386,103781205,A_UNIQUE_103781205,,False,1,2
A,3387,103054381,A_UNIQUE_103054381,,False,1,4
A,3388,103462308,A_UNIQUE_103462308,,False,1,1
A,3389,103359466,A_UNIQUE_103359466,,False,1,4
A,3390,103359458,A_UNIQUE_103359458,,False,1,1
A,3391,103781195,A_UNIQUE_103781195,,False,1,4
A,3392,103781190,A_UNIQUE_103781190,,False,1,5
A,3393,103465097,A_UNIQUE_103465097,,False,1,5
A,3394,103781177,A_UNIQUE_103781177,,False,1,5
A,3395,103781023,A_UNIQUE_103781023,,False,1,3
A,3396,103781015,A_UNIQUE_103781015,,False,1,2
A,3397,103781173,A_UNIQUE_103781173,,False,1,2
A,3398,102979967,A_UNIQUE_102979967,,False,1,2
A,3399,97951226,A_UNIQUE_97951226,,False,1,1
A,3400,102133095,A_UNIQUE_102133095,,False,1,5
A,3401,103781156,A_UNIQUE_103781156,,False,1,3
A,3402,102853274,A_UNIQUE_102853274,,False,1,5
A,3403,103781145,A_UNIQUE_103781145,,False,1,3
A,3404,103781123,A_UNIQUE_103781123,,False,1,5
A,3405,101493192,A_UNIQUE_101493192,,False,1,1
A,3406,101708995,A_UNIQUE_101708995,,False,1,3
A,3407,102780662,A_UNIQUE_102780662,,False,1,1
A,3408,102985830,A_UNIQUE_102985830,,False,1,5
A,3409,103399025,A_UNIQUE_103399025,,False,1,5
A,3410,103781102,A_UNIQUE_103781102,,False,1,5
A,3411,102495466,A_UNIQUE_102495466,,False,1,2
A,3412,103548511,A_UNIQUE_103548511,,False,1,1
A,3413,103448720,A_UNIQUE_103448720,,False,1,2
A,3414,103445903,A_UNIQUE_103445903,,False,1,3
A,3415,102618040,A_UNIQUE_102618040,,False,1,5
A,3416,102690314,A_UNIQUE_102690314,,False,1,4
A,3417,103620874,A_UNIQUE_103620874,,False,1,3
A,3418,102690849,A_UNIQUE_102690849,,False,1,4
A,3419,102466432,A_UNIQUE_102466432,,False,1,1
A,3420,101595910,A_UNIQUE_101595910,,False,1,2
A,3421,102466923,A_UNIQUE_102466923,,False,1,4
A,3422,100544483,A_UNIQUE_100544483,,False,1,3
A,3423,103316534,A_UNIQUE_103316534,,False,1,1
A,3424,102363666,A_UNIQUE_102363666,,False,1,5
A,3425,99917566,A_UNIQUE_99917566,,False,1,3
A,3426,103135314,A_UNIQUE_103135314,,False,1,2
A,3427,103729295,A_UNIQUE_103729295,,False,1,5
A,3428,103613783,A_UNIQUE_103613783,,False,1,2
A,3429,103248949,A_UNIQUE_103248949,,False,1,5
A,3430,103780869,A_UNIQUE_103780869,,False,1,4
A,3431,103780867,A_UNIQUE_103780867,,False,1,5
A,3432,103237242,A_UNIQUE_103237242,,False,1,2
A,3433,101009211,A_UNIQUE_101009211,,False,1,1
A,3434,103587397,A_UNIQUE_103587397,,False,1,2
A,3435,101765449,A_UNIQUE_101765449,,False,1,5
A,3436,100074568,A_UNIQUE_100074568,,False,1,4
A,3437,103601587,A_UNIQUE_103601587,,False,1,5
A,3438,103601623,A_UNIQUE_103601623,,False,1,4
A,3439,102707617,A_UNIQUE_102707617,,False,1,3
A,3440,103780998,A_UNIQUE_103780998,,False,1,4
A,3441,103780990,A_UNIQUE_103780990,,False,1,1
A,3442,103780853,A_UNIQUE_103780853,,False,1,5
A,3443,103780852,A_UNIQUE_103780852,,False,1,1
A,3444,103780817,A_UNIQUE_103780817,,False,1,1
A,3445,94052167,A_UNIQUE_94052167,,False,1,5
A,3446,99672976,A_UNIQUE_99672976,,False,1,5
A,3447,99227929,A_UNIQUE_99227929,,False,1,3
A,3448,103537247,A_UNIQUE_103537247,,False,1,4
A,3449,103435348,A_UNIQUE_103435348,,False,1,3
A,3450,103780946,A_UNIQUE_103780946,,False,1,3
A,3451,102968657,A_UNIQUE_102968657,,False,1,1
A,3452,100917956,A_UNIQUE_100917956,,False,1,5
A,3453,102130431,A_UNIQUE_102130431,,False,1,1
A,3454,103780747,A_UNIQUE_103780747,,False,1,2
A,3455,103780745,A_UNIQUE_103780745,,False,1,1
A,3456,102800883,A_UNIQUE_102800883,,False,1,4
A,3457,102800881,A_UNIQUE_102800881,,False,1,1
A,3458,102783576,A_UNIQUE_102783576,,False,1,4
A,3459,101161152,A_UNIQUE_101161152,,False,1,3
A,3460,103780775,A_UNIQUE_103780775,,False,1,2
A,3461,103780764,A_UNIQUE_103780764,,False,1,3
A,3462,103780754,A_UNIQUE_103780754,,False,1,2
A,3463,102800878,A_UNIQUE_102800878,,False,1,1
A,3464,103433942,A_UNIQUE_103433942,,False,1,5
A,3465,100326762,A_UNIQUE_100326762,,False,1,4
A,3466,96031773,A_UNIQUE_96031773,,False,1,5
A,3467,101355322,A_UNIQUE_101355322,,False,1,4
A,3468,102033510,A_UNIQUE_102033510,,False,1,1
A,3469,100911351,A_UNIQUE_100911351,,False,1,1
A,3470,103495723,A_UNIQUE_103495723,,False,1,2
A,3471,103495353,A_UNIQUE_103495353,,False,1,3
A,3472,103780880,A_UNIQUE_103780880,,False,1,5
A,3473,103496485,A_UNIQUE_103496485,,False,1,2
A,3474,103711355,A_UNIQUE_103711355,,False,1,5
A,3475,103710996,A_UNIQUE_103710996,,False,1,1
A,3476,103780877,A_RG_0022,A_RG_0022,True,2,5
A,3477,100750230,A_UNIQUE_100750230,,False,1,3
A,3478,103045965,A_UNIQUE_103045965,,False,1,2
A,3479,102495385,A_UNIQUE_102495385,,False,1,5
A,3480,103128001,A_UNIQUE_103128001,,False,1,3
A,3481,102495064,A_UNIQUE_102495064,,False,1,4
A,3482,101672210,A_UNIQUE_101672210,,False,1,4
A,3483,102693173,A_UNIQUE_102693173,,False,1,2
A,3484,102691019,A_UNIQUE_102691019,,False,1,5
A,3485,102725874,A_UNIQUE_102725874,,False,1,1
A,3486,102583375,A_UNIQUE_102583375,,False,1,2
A,3487,102690981,A_UNIQUE_102690981,,False,1,3
A,3488,102690822,A_UNIQUE_102690822,,False,1,2
A,3489,102452772,A_UNIQUE_102452772,,False,1,5
A,3490,103675662,A_UNIQUE_103675662,,False,1,4
A,3491,103449275,A_UNIQUE_103449275,,False,1,2
A,3492,101431798,A_UNIQUE_101431798,,False,1,1
A,3493,101122065,A_UNIQUE_101122065,,False,1,3
A,3494,103283797,A_UNIQUE_103283797,,False,1,2
A,3495,103175932,A_UNIQUE_103175932,,False,1,4
A,3496,101256806,A_UNIQUE_101256806,,False,1,2
A,3497,100790079,A_UNIQUE_100790079,,False,1,1
A,3498,96905594,A_UNIQUE_96905594,,False,1,2
A,3499,103659913,A_UNIQUE_103659913,,False,1,2
A,3500,101688647,A_UNIQUE_101688647,,False,1,3
A,3501,101897522,A_UNIQUE_101897522,,False,1,4
A,3502,99934617,A_UNIQUE_99934617,,False,1,1
A,3503,103403509,A_UNIQUE_103403509,,False,1,1
A,3504,103159221,A_UNIQUE_103159221,,False,1,2
A,3505,101239305,A_UNIQUE_101239305,,False,1,5
A,3506,99889965,A_UNIQUE_99889965,,False,1,2
A,3507,102221420,A_UNIQUE_102221420,,False,1,3
A,3508,103616195,A_UNIQUE_103616195,,False,1,2
A,3509,102457330,A_UNIQUE_102457330,,False,1,3
A,3510,102783562,A_UNIQUE_102783562,,False,1,2
A,3511,102800899,A_UNIQUE_102800899,,False,1,3
A,3512,103780759,A_UNIQUE_103780759,,False,1,5
A,3513,101777096,A_UNIQUE_101777096,,False,1,3
A,3514,100629227,A_UNIQUE_100629227,,False,1,2
A,3515,96019514,A_UNIQUE_96019514,,False,1,2
A,3516,90554495,A_UNIQUE_90554495,,False,1,3
A,3517,102708899,A_UNIQUE_102708899,,False,1,1
A,3518,102612574,A_UNIQUE_102612574,,False,1,2
A,3519,102584887,A_UNIQUE_102584887,,False,1,2
A,3520,103780709,A_UNIQUE_103780709,,False,1,1
A,3521,103463427,A_UNIQUE_103463427,,False,1,1
A,3522,103720193,A_UNIQUE_103720193,,False,1,2
A,3523,102074388,A_UNIQUE_102074388,,False,1,4
A,3524,102887270,A_UNIQUE_102887270,,False,1,3
A,3525,103780479,A_UNIQUE_103780479,,False,1,1
A,3526,103780460,A_UNIQUE_103780460,,False,1,1
A,3527,102898729,A_UNIQUE_102898729,,False,1,5
A,3528,103780493,A_UNIQUE_103780493,,False,1,2
A,3529,103780518,A_UNIQUE_103780518,,False,1,4
A,3530,103780502,A_UNIQUE_103780502,,False,1,3
A,3531,102783560,A_UNIQUE_102783560,,False,1,3
A,3532,103780656,A_UNIQUE_103780656,,False,1,3
A,3533,103131121,A_UNIQUE_103131121,,False,1,2
A,3534,103132230,A_UNIQUE_103132230,,False,1,5
A,3535,102360468,A_UNIQUE_102360468,,False,1,4
A,3536,102136019,A_UNIQUE_102136019,,False,1,1
A,3537,101948460,A_UNIQUE_101948460,,False,1,2
A,3538,103537751,A_UNIQUE_103537751,,False,1,3
A,3539,102989770,A_UNIQUE_102989770,,False,1,4
A,3540,103780637,A_UNIQUE_103780637,,False,1,1
A,3541,102800889,A_UNIQUE_102800889,,False,1,4
A,3542,102841930,A_UNIQUE_102841930,,False,1,2
A,3543,102839472,A_UNIQUE_102839472,,False,1,4
A,3544,102835140,A_UNIQUE_102835140,,False,1,3
A,3545,102853401,A_UNIQUE_102853401,,False,1,1
A,3546,102567572,A_UNIQUE_102567572,,False,1,4
A,3547,103780620,A_UNIQUE_103780620,,False,1,1
A,3548,103780616,A_UNIQUE_103780616,,False,1,1
A,3549,102266202,A_UNIQUE_102266202,,False,1,1
A,3550,102234707,A_UNIQUE_102234707,,False,1,3
A,3551,102841929,A_UNIQUE_102841929,,False,1,2
A,3552,102784472,A_UNIQUE_102784472,,False,1,4
A,3553,102871276,A_UNIQUE_102871276,,False,1,2
A,3554,101898218,A_UNIQUE_101898218,,False,1,2
A,3555,101897718,A_UNIQUE_101897718,,False,1,1
A,3556,100605162,A_UNIQUE_100605162,,False,1,2
A,3557,102871252,A_UNIQUE_102871252,,False,1,3
A,3558,103780595,A_UNIQUE_103780595,,False,1,4
A,3559,102206882,A_UNIQUE_102206882,,False,1,3
A,3560,103780419,A_UNIQUE_103780419,,False,1,2
A,3561,103780408,A_UNIQUE_103780408,,False,1,3
A,3562,103780386,A_UNIQUE_103780386,,False,1,2
A,3563,103780382,A_UNIQUE_103780382,,False,1,2
A,3564,103780381,A_UNIQUE_103780381,,False,1,3
A,3565,103780380,A_UNIQUE_103780380,,False,1,3
A,3566,103780378,A_UNIQUE_103780378,,False,1,2
A,3567,103780377,A_UNIQUE_103780377,,False,1,2
A,3568,103780376,A_UNIQUE_103780376,,False,1,2
A,3569,103780373,A_UNIQUE_103780373,,False,1,4
A,3570,103780370,A_UNIQUE_103780370,,False,1,3
A,3571,103780367,A_UNIQUE_103780367,,False,1,4
A,3572,103780366,A_UNIQUE_103780366,,False,1,4
A,3573,103780363,A_UNIQUE_103780363,,False,1,5
A,3574,103780359,A_UNIQUE_103780359,,False,1,2
A,3575,103780357,A_UNIQUE_103780357,,False,1,5
A,3576,102904350,A_UNIQUE_102904350,,False,1,2
A,3577,102682795,A_UNIQUE_102682795,,False,1,1
A,3578,102173380,A_UNIQUE_102173380,,False,1,5
A,3579,103780439,A_UNIQUE_103780439,,False,1,4
A,3580,102732169,A_UNIQUE_102732169,,False,1,1
A,3581,103004623,A_UNIQUE_103004623,,False,1,5
A,3582,102796617,A_UNIQUE_102796617,,False,1,5
A,3583,103342472,A_UNIQUE_103342472,,False,1,4
A,3584,101152777,A_UNIQUE_101152777,,False,1,1
A,3585,103462618,A_UNIQUE_103462618,,False,1,3
A,3586,103340228,A_UNIQUE_103340228,,False,1,4
A,3587,102759981,A_UNIQUE_102759981,,False,1,1
A,3588,103004605,A_UNIQUE_103004605,,False,1,2
A,3589,103780569,A_UNIQUE_103780569,,False,1,1
A,3590,101732984,A_UNIQUE_101732984,,False,1,2
A,3591,100750304,A_UNIQUE_100750304,,False,1,5
A,3592,103060200,A_UNIQUE_103060200,,False,1,1
A,3593,103780541,A_UNIQUE_103780541,,False,1,3
A,3594,103270495,A_UNIQUE_103270495,,False,1,2
A,3595,102685541,A_UNIQUE_102685541,,False,1,2
A,3596,102941431,A_UNIQUE_102941431,,False,1,3
A,3597,102726838,A_UNIQUE_102726838,,False,1,3
A,3598,102693202,A_UNIQUE_102693202,,False,1,2
A,3599,102693082,A_UNIQUE_102693082,,False,1,5
A,3600,102685481,A_UNIQUE_102685481,,False,1,3
A,3601,102692868,A_UNIQUE_102692868,,False,1,4
A,3602,102561710,A_UNIQUE_102561710,,False,1,2
A,3603,102969899,A_UNIQUE_102969899,,False,1,5
A,3604,101239391,A_UNIQUE_101239391,,False,1,2
A,3605,100507838,A_UNIQUE_100507838,,False,1,3
A,3606,99361389,A_UNIQUE_99361389,,False,1,2
A,3607,102008021,A_UNIQUE_102008021,,False,1,5
A,3608,103541214,A_UNIQUE_103541214,,False,1,3
A,3609,102695939,A_UNIQUE_102695939,,False,1,3
A,3610,100914862,A_UNIQUE_100914862,,False,1,3
A,3611,102709304,A_UNIQUE_102709304,,False,1,5
A,3612,102210221,A_UNIQUE_102210221,,False,1,2
A,3613,101850328,A_UNIQUE_101850328,,False,1,1
A,3614,101920468,A_UNIQUE_101920468,,False,1,2
A,3615,103780183,A_UNIQUE_103780183,,False,1,3
A,3616,103780428,A_UNIQUE_103780428,,False,1,1
A,3617,101609195,A_UNIQUE_101609195,,False,1,5
A,3618,102951643,A_UNIQUE_102951643,,False,1,1
A,3619,103780395,A_UNIQUE_103780395,,False,1,3
A,3620,103551988,A_UNIQUE_103551988,,False,1,2
A,3621,103720341,A_UNIQUE_103720341,,False,1,5
A,3622,103282805,A_UNIQUE_103282805,,False,1,1
A,3623,102233357,A_UNIQUE_102233357,,False,1,5
A,3624,103473725,A_UNIQUE_103473725,,False,1,3
A,3625,102665213,A_UNIQUE_102665213,,False,1,2
A,3626,102658033,A_UNIQUE_102658033,,False,1,4
A,3627,103780346,A_UNIQUE_103780346,,False,1,4
A,3628,103780344,A_UNIQUE_103780344,,False,1,3
A,3629,103780171,A_UNIQUE_103780171,,False,1,3
A,3630,103780151,A_RG_0022,A_RG_0022,True,2,5
A,3631,103780144,A_UNIQUE_103780144,,False,1,4
A,3632,103780118,A_UNIQUE_103780118,,False,1,1
A,3633,103780109,A_UNIQUE_103780109,,False,1,3
A,3634,103780090,A_UNIQUE_103780090,,False,1,5
A,3635,103780160,A_UNIQUE_103780160,,False,1,4
A,3636,103780157,A_UNIQUE_103780157,,False,1,2
A,3637,103780333,A_UNIQUE_103780333,,False,1,5
A,3638,94476283,A_UNIQUE_94476283,,False,1,5
A,3639,103780322,A_UNIQUE_103780322,,False,1,1
A,3640,103780315,A_UNIQUE_103780315,,False,1,5
A,3641,85818180,A_UNIQUE_85818180,,False,1,5
A,3642,103742690,A_UNIQUE_103742690,,False,1,4
A,3643,103780296,A_UNIQUE_103780296,,False,1,5
A,3644,102787285,A_UNIQUE_102787285,,False,1,3
A,3645,102787605,A_UNIQUE_102787605,,False,1,4
A,3646,102786533,A_UNIQUE_102786533,,False,1,2
A,3647,102787557,A_UNIQUE_102787557,,False,1,1
A,3648,102786624,A_UNIQUE_102786624,,False,1,4
A,3649,102787587,A_UNIQUE_102787587,,False,1,2
A,3650,98474108,A_UNIQUE_98474108,,False,1,4
A,3651,100786387,A_UNIQUE_100786387,,False,1,4
A,3652,102799014,A_UNIQUE_102799014,,False,1,5
A,3653,100751627,A_UNIQUE_100751627,,False,1,2
A,3654,102799650,A_UNIQUE_102799650,,False,1,3
A,3655,100677623,A_UNIQUE_100677623,,False,1,1
A,3656,101853301,A_UNIQUE_101853301,,False,1,5
A,3657,94715298,A_UNIQUE_94715298,,False,1,4
A,3658,102797907,A_UNIQUE_102797907,,False,1,3
A,3659,98874723,A_UNIQUE_98874723,,False,1,5
A,3660,100786205,A_UNIQUE_100786205,,False,1,4
A,3661,100664244,A_UNIQUE_100664244,,False,1,1
A,3662,103780287,A_UNIQUE_103780287,,False,1,3
A,3663,100786030,A_UNIQUE_100786030,,False,1,4
A,3664,102798780,A_UNIQUE_102798780,,False,1,5
A,3665,96417335,A_UNIQUE_96417335,,False,1,3
A,3666,102797619,A_UNIQUE_102797619,,False,1,5
A,3667,102797739,A_UNIQUE_102797739,,False,1,5
A,3668,100790240,A_UNIQUE_100790240,,False,1,3
A,3669,89546969,A_UNIQUE_89546969,,False,1,2
A,3670,102871434,A_UNIQUE_102871434,,False,1,5
A,3671,103399768,A_UNIQUE_103399768,,False,1,5
A,3672,100961547,A_UNIQUE_100961547,,False,1,1
A,3673,101239972,A_UNIQUE_101239972,,False,1,2
A,3674,103653862,A_UNIQUE_103653862,,False,1,4
A,3675,103780058,A_UNIQUE_103780058,,False,1,3
A,3676,103780056,A_UNIQUE_103780056,,False,1,4
A,3677,103780048,A_UNIQUE_103780048,,False,1,5
A,3678,103780055,A_UNIQUE_103780055,,False,1,3
A,3679,102871890,A_UNIQUE_102871890,,False,1,1
A,3680,103780081,A_UNIQUE_103780081,,False,1,1
A,3681,103012748,A_UNIQUE_103012748,,False,1,4
A,3682,103156264,A_UNIQUE_103156264,,False,1,3
A,3683,103397524,A_UNIQUE_103397524,,False,1,4
A,3684,102760370,A_UNIQUE_102760370,,False,1,3
A,3685,99358390,A_UNIQUE_99358390,,False,1,5
A,3686,103780242,A_UNIQUE_103780242,,False,1,3
A,3687,102497514,A_UNIQUE_102497514,,False,1,4
A,3688,102718273,A_UNIQUE_102718273,,False,1,2
A,3689,103780238,A_UNIQUE_103780238,,False,1,2
A,3690,102138204,A_UNIQUE_102138204,,False,1,1
A,3691,103780231,A_UNIQUE_103780231,,False,1,2
A,3692,103353479,A_UNIQUE_103353479,,False,1,1
A,3693,103780224,A_UNIQUE_103780224,,False,1,1
A,3694,102778353,A_UNIQUE_102778353,,False,1,2
A,3695,101515637,A_UNIQUE_101515637,,False,1,5
A,3696,102898118,A_UNIQUE_102898118,,False,1,1
A,3697,102898823,A_UNIQUE_102898823,,False,1,4
A,3698,103643911,A_UNIQUE_103643911,,False,1,4
A,3699,103060543,A_UNIQUE_103060543,,False,1,5
A,3700,103033446,A_UNIQUE_103033446,,False,1,5
A,3701,103780196,A_UNIQUE_103780196,,False,1,3
A,3702,103780191,A_UNIQUE_103780191,,False,1,1
A,3703,103780190,A_UNIQUE_103780190,,False,1,2
A,3704,103780189,A_UNIQUE_103780189,,False,1,4
A,3705,102948277,A_UNIQUE_102948277,,False,1,5
A,3706,102947985,A_UNIQUE_102947985,,False,1,3
A,3707,103448724,A_UNIQUE_103448724,,False,1,1
A,3708,103269148,A_UNIQUE_103269148,,False,1,2
A,3709,102966001,A_UNIQUE_102966001,,False,1,3
A,3710,103248220,A_UNIQUE_103248220,,False,1,2
A,3711,103187574,A_UNIQUE_103187574,,False,1,3
A,3712,103141530,A_UNIQUE_103141530,,False,1,1
A,3713,100267379,A_UNIQUE_100267379,,False,1,1
A,3714,103110513,A_UNIQUE_103110513,,False,1,5
A,3715,103131323,A_UNIQUE_103131323,,False,1,4
A,3716,103668823,A_UNIQUE_103668823,,False,1,2
A,3717,103342169,A_UNIQUE_103342169,,False,1,2
A,3718,102969909,A_UNIQUE_102969909,,False,1,3
A,3719,103342520,A_UNIQUE_103342520,,False,1,1
A,3720,103342419,A_UNIQUE_103342419,,False,1,5
A,3721,103318967,A_UNIQUE_103318967,,False,1,1
A,3722,100263832,A_UNIQUE_100263832,,False,1,4
A,3723,99115455,A_UNIQUE_99115455,,False,1,5
A,3724,103526659,A_UNIQUE_103526659,,False,1,4
A,3725,103779862,A_UNIQUE_103779862,,False,1,3
A,3726,103779860,A_UNIQUE_103779860,,False,1,2
A,3727,102781949,A_UNIQUE_102781949,,False,1,1
A,3728,103566354,A_UNIQUE_103566354,,False,1,4
A,3729,99643828,A_UNIQUE_99643828,,False,1,3
A,3730,103780041,A_UNIQUE_103780041,,False,1,4
A,3731,98490601,A_UNIQUE_98490601,,False,1,4
A,3732,93303364,A_UNIQUE_93303364,,False,1,5
A,3733,100693424,A_UNIQUE_100693424,,False,1,5
A,3734,100678767,A_UNIQUE_100678767,,False,1,4
A,3735,102803700,A_UNIQUE_102803700,,False,1,5
A,3736,103779790,A_UNIQUE_103779790,,False,1,2
A,3737,103779780,A_UNIQUE_103779780,,False,1,2
A,3738,103779798,A_UNIQUE_103779798,,False,1,5
A,3739,103779789,A_UNIQUE_103779789,,False,1,1
A,3740,102718676,A_UNIQUE_102718676,,False,1,5
A,3741,103779846,A_UNIQUE_103779846,,False,1,1
A,3742,103779834,A_UNIQUE_103779834,,False,1,1
A,3743,103779810,A_UNIQUE_103779810,,False,1,2
A,3744,103585315,A_UNIQUE_103585315,,False,1,3
A,3745,101272625,A_UNIQUE_101272625,,False,1,2
A,3746,86046731,A_UNIQUE_86046731,,False,1,5
A,3747,83621995,A_UNIQUE_83621995,,False,1,4
A,3748,103780016,A_UNIQUE_103780016,,False,1,5
A,3749,102494161,A_UNIQUE_102494161,,False,1,4
A,3750,103780012,A_UNIQUE_103780012,,False,1,4
A,3751,103713122,A_UNIQUE_103713122,,False,1,1
A,3752,103780000,A_UNIQUE_103780000,,False,1,3
A,3753,103570238,A_UNIQUE_103570238,,False,1,4
A,3754,102693117,A_UNIQUE_102693117,,False,1,5
A,3755,103590482,A_UNIQUE_103590482,,False,1,5
A,3756,102748031,A_UNIQUE_102748031,,False,1,4
A,3757,103779978,A_UNIQUE_103779978,,False,1,1
A,3758,103779971,A_UNIQUE_103779971,,False,1,3
A,3759,103779969,A_UNIQUE_103779969,,False,1,3
A,3760,103779965,A_UNIQUE_103779965,,False,1,2
A,3761,103779774,A_UNIQUE_103779774,,False,1,4
A,3762,103779739,A_UNIQUE_103779739,,False,1,2
A,3763,103779731,A_UNIQUE_103779731,,False,1,1
A,3764,102781822,A_UNIQUE_102781822,,False,1,4
A,3765,102732515,A_UNIQUE_102732515,,False,1,3
A,3766,103779922,A_UNIQUE_103779922,,False,1,1
A,3767,103779915,A_UNIQUE_103779915,,False,1,5
A,3768,101710600,A_UNIQUE_101710600,,False,1,2
A,3769,99124760,A_UNIQUE_99124760,,False,1,5
A,3770,102612197,A_UNIQUE_102612197,,False,1,3
A,3771,101710774,A_UNIQUE_101710774,,False,1,4
A,3772,101710638,A_UNIQUE_101710638,,False,1,1
A,3773,100682856,A_UNIQUE_100682856,,False,1,2
A,3774,102695316,A_UNIQUE_102695316,,False,1,3
A,3775,98695123,A_UNIQUE_98695123,,False,1,4
A,3776,100770946,A_UNIQUE_100770946,,False,1,4
A,3777,100790250,A_UNIQUE_100790250,,False,1,2
A,3778,102565829,A_UNIQUE_102565829,,False,1,3
A,3779,102564928,A_UNIQUE_102564928,,False,1,4
A,3780,102785385,A_UNIQUE_102785385,,False,1,4
A,3781,102785306,A_UNIQUE_102785306,,False,1,2
A,3782,102785259,A_UNIQUE_102785259,,False,1,3
A,3783,102871005,A_UNIQUE_102871005,,False,1,1
A,3784,102870769,A_UNIQUE_102870769,,False,1,4
A,3785,102870797,A_UNIQUE_102870797,,False,1,4
A,3786,102870901,A_UNIQUE_102870901,,False,1,1
A,3787,103156204,A_UNIQUE_103156204,,False,1,3
A,3788,103779905,A_UNIQUE_103779905,,False,1,2
A,3789,103779892,A_UNIQUE_103779892,,False,1,3
A,3790,103779890,A_UNIQUE_103779890,,False,1,4
