scenario,row_index,listing_id,group_id,repeat_group_id,is_grouped_repeat,group_size,fold
C,0,98187451,C_UNIQUE_98187451,,False,1,3
C,1,101683090,C_UNIQUE_101683090,,False,1,5
C,2,103792905,C_RG_0001,C_RG_0001,True,2,1
C,3,103806240,C_UNIQUE_103806240,,False,1,1
C,4,103806234,C_UNIQUE_103806234,,False,1,2
C,5,103739787,C_UNIQUE_103739787,,False,1,4
C,6,103690767,C_UNIQUE_103690767,,False,1,1
C,7,103615852,C_UNIQUE_103615852,,False,1,3
C,8,103615849,C_UNIQUE_103615849,,False,1,2
C,9,102460346,C_UNIQUE_102460346,,False,1,1
C,10,103806285,C_UNIQUE_103806285,,False,1,4
C,11,103739661,C_UNIQUE_103739661,,False,1,4
C,12,103696451,C_UNIQUE_103696451,,False,1,1
C,13,103580644,C_UNIQUE_103580644,,False,1,3
C,14,102452522,C_UNIQUE_102452522,,False,1,1
C,15,103806203,C_UNIQUE_103806203,,False,1,2
C,16,103806202,C_UNIQUE_103806202,,False,1,1
C,17,103806192,C_UNIQUE_103806192,,False,1,3
C,18,103246638,C_UNIQUE_103246638,,False,1,5
C,19,103740356,C_RG_0002,C_RG_0002,True,2,5
C,20,103589322,C_UNIQUE_103589322,,False,1,3
C,21,103582335,C_UNIQUE_103582335,,False,1,5
C,22,103386504,C_UNIQUE_103386504,,False,1,2
C,23,103684680,C_UNIQUE_103684680,,False,1,4
C,24,103683568,C_UNIQUE_103683568,,False,1,1
C,25,103806074,C_UNIQUE_103806074,,False,1,4
C,26,103805967,C_UNIQUE_103805967,,False,1,4
C,27,103805963,C_UNIQUE_103805963,,False,1,2
C,28,103805953,C_UNIQUE_103805953,,False,1,4
C,29,103615831,C_UNIQUE_103615831,,False,1,4
C,30,102461841,C_UNIQUE_102461841,,False,1,4
C,31,101979792,C_UNIQUE_101979792,,False,1,5
C,32,103806053,C_UNIQUE_103806053,,False,1,5
C,33,103715477,C_UNIQUE_103715477,,False,1,4
C,34,103805909,C_UNIQUE_103805909,,False,1,3
C,35,103805998,C_UNIQUE_103805998,,False,1,3
C,36,103292386,C_UNIQUE_103292386,,False,1,5
C,37,103292345,C_UNIQUE_103292345,,False,1,3
C,38,103292300,C_UNIQUE_103292300,,False,1,2
C,39,101804692,C_UNIQUE_101804692,,False,1,1
C,40,100462242,C_UNIQUE_100462242,,False,1,3
C,41,103703580,C_UNIQUE_103703580,,False,1,1
C,42,103640175,C_UNIQUE_103640175,,False,1,3
C,43,102709021,C_UNIQUE_102709021,,False,1,5
C,44,103805884,C_UNIQUE_103805884,,False,1,2
C,45,103125815,C_UNIQUE_103125815,,False,1,3
C,46,103755519,C_UNIQUE_103755519,,False,1,1
C,47,103690820,C_UNIQUE_103690820,,False,1,5
C,48,102135985,C_UNIQUE_102135985,,False,1,4
C,49,103637327,C_UNIQUE_103637327,,False,1,3
C,50,103594449,C_UNIQUE_103594449,,False,1,3
C,51,103142753,C_UNIQUE_103142753,,False,1,2
C,52,103754290,C_UNIQUE_103754290,,False,1,3
C,53,103805698,C_UNIQUE_103805698,,False,1,3
C,54,103805692,C_UNIQUE_103805692,,False,1,3
C,55,102399058,C_UNIQUE_102399058,,False,1,3
C,56,102725008,C_UNIQUE_102725008,,False,1,4
C,57,102664029,C_UNIQUE_102664029,,False,1,3
C,58,103042046,C_UNIQUE_103042046,,False,1,5
C,59,103805672,C_UNIQUE_103805672,,False,1,2
C,60,103805666,C_UNIQUE_103805666,,False,1,5
C,61,103805719,C_UNIQUE_103805719,,False,1,5
C,62,103805714,C_UNIQUE_103805714,,False,1,3
C,63,103805712,C_UNIQUE_103805712,,False,1,2
C,64,102887743,C_UNIQUE_102887743,,False,1,2
C,65,103120855,C_UNIQUE_103120855,,False,1,3
C,66,103795255,C_UNIQUE_103795255,,False,1,2
C,67,103708653,C_UNIQUE_103708653,,False,1,3
C,68,103795254,C_UNIQUE_103795254,,False,1,1
C,69,103795238,C_UNIQUE_103795238,,False,1,2
C,70,103663119,C_UNIQUE_103663119,,False,1,4
C,71,103537807,C_UNIQUE_103537807,,False,1,4
C,72,101480721,C_UNIQUE_101480721,,False,1,5
C,73,103530633,C_UNIQUE_103530633,,False,1,4
C,74,103805563,C_RG_0003,C_RG_0003,True,2,3
C,75,103805555,C_UNIQUE_103805555,,False,1,2
C,76,102631653,C_RG_0004,C_RG_0004,True,2,4
C,77,102006980,C_UNIQUE_102006980,,False,1,5
C,78,103805644,C_RG_0005,C_RG_0005,True,3,5
C,79,103073792,C_UNIQUE_103073792,,False,1,1
C,80,102725022,C_UNIQUE_102725022,,False,1,2
C,81,102850930,C_UNIQUE_102850930,,False,1,3
C,82,103149030,C_UNIQUE_103149030,,False,1,1
C,83,103805620,C_UNIQUE_103805620,,False,1,4
C,84,103805611,C_UNIQUE_103805611,,False,1,3
C,85,103805539,C_UNIQUE_103805539,,False,1,5
C,86,103581872,C_UNIQUE_103581872,,False,1,3
C,87,103563958,C_UNIQUE_103563958,,False,1,4
C,88,103443920,C_RG_0006,C_RG_0006,True,2,4
C,89,103383454,C_UNIQUE_103383454,,False,1,1
C,90,103351715,C_UNIQUE_103351715,,False,1,4
C,91,103323847,C_UNIQUE_103323847,,False,1,4
C,92,103293875,C_UNIQUE_103293875,,False,1,3
C,93,103199527,C_UNIQUE_103199527,,False,1,4
C,94,102738500,C_UNIQUE_102738500,,False,1,5
C,95,102492658,C_UNIQUE_102492658,,False,1,3
C,96,102343002,C_UNIQUE_102343002,,False,1,2
C,97,102223783,C_UNIQUE_102223783,,False,1,1
C,98,102211027,C_UNIQUE_102211027,,False,1,2
C,99,100883751,C_UNIQUE_100883751,,False,1,3
C,100,99869405,C_UNIQUE_99869405,,False,1,5
C,101,103098770,C_UNIQUE_103098770,,False,1,5
C,102,103805449,C_UNIQUE_103805449,,False,1,1
C,103,102631668,C_RG_0004,C_RG_0004,True,2,4
C,104,103805522,C_UNIQUE_103805522,,False,1,2
C,105,103805519,C_UNIQUE_103805519,,False,1,3
C,106,103805518,C_UNIQUE_103805518,,False,1,2
C,107,103805514,C_UNIQUE_103805514,,False,1,3
C,108,103805511,C_RG_0007,C_RG_0007,True,2,3
C,109,103805510,C_UNIQUE_103805510,,False,1,2
C,110,103805502,C_UNIQUE_103805502,,False,1,2
C,111,103805427,C_UNIQUE_103805427,,False,1,2
C,112,103805422,C_UNIQUE_103805422,,False,1,5
C,113,102631678,C_UNIQUE_102631678,,False,1,5
C,114,101602694,C_UNIQUE_101602694,,False,1,5
C,115,103734716,C_UNIQUE_103734716,,False,1,3
C,116,102649103,C_UNIQUE_102649103,,False,1,2
C,117,102790896,C_UNIQUE_102790896,,False,1,2
C,118,103338849,C_UNIQUE_103338849,,False,1,1
C,119,103805308,C_UNIQUE_103805308,,False,1,5
C,120,101224511,C_UNIQUE_101224511,,False,1,3
C,121,103805444,C_UNIQUE_103805444,,False,1,1
C,122,103805439,C_UNIQUE_103805439,,False,1,5
C,123,103273883,C_UNIQUE_103273883,,False,1,5
C,124,103805409,C_UNIQUE_103805409,,False,1,5
C,125,103805406,C_UNIQUE_103805406,,False,1,3
C,126,103805404,C_UNIQUE_103805404,,False,1,1
C,127,103805403,C_UNIQUE_103805403,,False,1,1
C,128,103805401,C_UNIQUE_103805401,,False,1,1
C,129,103805398,C_RG_0005,C_RG_0005,True,3,5
C,130,103805396,C_UNIQUE_103805396,,False,1,2
C,131,103805390,C_UNIQUE_103805390,,False,1,5
C,132,94739862,C_UNIQUE_94739862,,False,1,1
C,133,100922534,C_UNIQUE_100922534,,False,1,1
C,134,103805375,C_UNIQUE_103805375,,False,1,5
C,135,103805366,C_UNIQUE_103805366,,False,1,1
C,136,102859087,C_UNIQUE_102859087,,False,1,2
C,137,100049703,C_UNIQUE_100049703,,False,1,4
C,138,103805244,C_UNIQUE_103805244,,False,1,2
C,139,101557901,C_UNIQUE_101557901,,False,1,3
C,140,103705457,C_UNIQUE_103705457,,False,1,4
C,141,103705756,C_UNIQUE_103705756,,False,1,3
C,142,103805331,C_UNIQUE_103805331,,False,1,3
C,143,103805321,C_UNIQUE_103805321,,False,1,2
C,144,102920513,C_UNIQUE_102920513,,False,1,1
C,145,103187350,C_UNIQUE_103187350,,False,1,1
C,146,103805305,C_UNIQUE_103805305,,False,1,3
C,147,103539418,C_RG_0008,C_RG_0008,True,3,1
C,148,103050905,C_UNIQUE_103050905,,False,1,4
C,149,103176156,C_RG_0009,C_RG_0009,True,2,3
C,150,103050937,C_RG_0010,C_RG_0010,True,4,4
C,151,103805177,C_UNIQUE_103805177,,False,1,2
C,152,103805172,C_UNIQUE_103805172,,False,1,5
C,153,102554797,C_UNIQUE_102554797,,False,1,2
C,154,101907204,C_UNIQUE_101907204,,False,1,4
C,155,101830037,C_UNIQUE_101830037,,False,1,1
C,156,103805238,C_UNIQUE_103805238,,False,1,4
C,157,103805222,C_UNIQUE_103805222,,False,1,3
C,158,30964923,C_UNIQUE_30964923,,False,1,4
C,159,103652447,C_UNIQUE_103652447,,False,1,2
C,160,100049749,C_UNIQUE_100049749,,False,1,2
C,161,103805089,C_UNIQUE_103805089,,False,1,4
C,162,103805118,C_UNIQUE_103805118,,False,1,5
C,163,103805117,C_UNIQUE_103805117,,False,1,5
C,164,103805207,C_UNIQUE_103805207,,False,1,5
C,165,103792460,C_UNIQUE_103792460,,False,1,5
C,166,103487988,C_RG_0011,C_RG_0011,True,2,4
C,167,103436550,C_UNIQUE_103436550,,False,1,3
C,168,103805030,C_UNIQUE_103805030,,False,1,2
C,169,103434472,C_UNIQUE_103434472,,False,1,5
C,170,103805026,C_RG_0012,C_RG_0012,True,2,5
C,171,103610151,C_UNIQUE_103610151,,False,1,4
C,172,100751667,C_UNIQUE_100751667,,False,1,1
C,173,103805021,C_UNIQUE_103805021,,False,1,3
C,174,103694293,C_UNIQUE_103694293,,False,1,3
C,175,103509966,C_UNIQUE_103509966,,False,1,3
C,176,103804933,C_UNIQUE_103804933,,False,1,4
C,177,103648844,C_UNIQUE_103648844,,False,1,5
C,178,102467837,C_UNIQUE_102467837,,False,1,5
C,179,103804857,C_UNIQUE_103804857,,False,1,1
C,180,101776501,C_UNIQUE_101776501,,False,1,5
C,181,101812252,C_UNIQUE_101812252,,False,1,1
C,182,101817399,C_RG_0013,C_RG_0013,True,2,2
C,183,100780015,C_UNIQUE_100780015,,False,1,5
C,184,101709396,C_UNIQUE_101709396,,False,1,4
C,185,102990565,C_UNIQUE_102990565,,False,1,1
C,186,103804826,C_UNIQUE_103804826,,False,1,3
C,187,103804825,C_UNIQUE_103804825,,False,1,1
C,188,103493683,C_RG_0014,C_RG_0014,True,2,3
C,189,103465493,C_UNIQUE_103465493,,False,1,1
C,190,103126986,C_RG_0015,C_RG_0015,True,2,1
C,191,101186465,C_UNIQUE_101186465,,False,1,1
C,192,100503785,C_UNIQUE_100503785,,False,1,4
C,193,100338053,C_UNIQUE_100338053,,False,1,5
C,194,83622800,C_UNIQUE_83622800,,False,1,1
C,195,103249540,C_UNIQUE_103249540,,False,1,1
C,196,103804692,C_UNIQUE_103804692,,False,1,3
C,197,100369189,C_UNIQUE_100369189,,False,1,5
C,198,102754019,C_UNIQUE_102754019,,False,1,1
C,199,96323999,C_RG_0016,C_RG_0016,True,2,4
C,200,96324225,C_UNIQUE_96324225,,False,1,2
C,201,95783518,C_RG_0017,C_RG_0017,True,2,5
C,202,102352239,C_UNIQUE_102352239,,False,1,4
C,203,96433542,C_UNIQUE_96433542,,False,1,4
C,204,103804595,C_UNIQUE_103804595,,False,1,2
C,205,103804591,C_RG_0018,C_RG_0018,True,2,1
C,206,103804585,C_UNIQUE_103804585,,False,1,3
C,207,103804652,C_UNIQUE_103804652,,False,1,4
C,208,103791585,C_UNIQUE_103791585,,False,1,3
C,209,103739574,C_UNIQUE_103739574,,False,1,4
C,210,103644888,C_UNIQUE_103644888,,False,1,2
C,211,103612129,C_RG_0019,C_RG_0019,True,2,3
C,212,103558767,C_UNIQUE_103558767,,False,1,3
C,213,102514324,C_UNIQUE_102514324,,False,1,2
C,214,103169491,C_UNIQUE_103169491,,False,1,4
C,215,103804567,C_UNIQUE_103804567,,False,1,4
C,216,103804632,C_RG_0020,C_RG_0020,True,6,5
C,217,103224951,C_UNIQUE_103224951,,False,1,1
C,218,103804617,C_RG_0021,C_RG_0021,True,2,3
C,219,102462695,C_UNIQUE_102462695,,False,1,5
C,220,103804483,C_UNIQUE_103804483,,False,1,4
C,221,103804560,C_UNIQUE_103804560,,False,1,5
C,222,103804467,C_UNIQUE_103804467,,False,1,3
C,223,103804464,C_UNIQUE_103804464,,False,1,4
C,224,103804443,C_UNIQUE_103804443,,False,1,3
C,225,102900811,C_UNIQUE_102900811,,False,1,3
C,226,101602939,C_UNIQUE_101602939,,False,1,3
C,227,102493387,C_UNIQUE_102493387,,False,1,3
C,228,103804549,C_UNIQUE_103804549,,False,1,3
C,229,103804544,C_UNIQUE_103804544,,False,1,3
C,230,103804540,C_UNIQUE_103804540,,False,1,2
C,231,102917391,C_UNIQUE_102917391,,False,1,3
C,232,102900939,C_UNIQUE_102900939,,False,1,2
C,233,102886250,C_UNIQUE_102886250,,False,1,1
C,234,102885651,C_UNIQUE_102885651,,False,1,5
C,235,102464027,C_UNIQUE_102464027,,False,1,2
C,236,103804534,C_UNIQUE_103804534,,False,1,3
C,237,103278649,C_UNIQUE_103278649,,False,1,4
C,238,96102884,C_RG_0022,C_RG_0022,True,2,5
C,239,103804489,C_UNIQUE_103804489,,False,1,5
C,240,101443504,C_UNIQUE_101443504,,False,1,3
C,241,102462863,C_UNIQUE_102462863,,False,1,1
C,242,103402067,C_UNIQUE_103402067,,False,1,4
C,243,99617847,C_UNIQUE_99617847,,False,1,3
C,244,102271412,C_UNIQUE_102271412,,False,1,4
C,245,103804319,C_UNIQUE_103804319,,False,1,3
C,246,103804318,C_UNIQUE_103804318,,False,1,2
C,247,103804387,C_RG_0023,C_RG_0023,True,2,2
C,248,103804295,C_RG_0024,C_RG_0024,True,2,3
C,249,103804357,C_UNIQUE_103804357,,False,1,2
C,250,103804345,C_RG_0025,C_RG_0025,True,2,4
C,251,102156206,C_RG_0020,C_RG_0020,True,6,5
C,252,103804258,C_UNIQUE_103804258,,False,1,5
C,253,103804237,C_RG_0026,C_RG_0026,True,2,1
C,254,102624302,C_UNIQUE_102624302,,False,1,3
C,255,102967909,C_UNIQUE_102967909,,False,1,1
C,256,103580930,C_RG_0027,C_RG_0027,True,2,1
C,257,102799732,C_UNIQUE_102799732,,False,1,5
C,258,102862641,C_RG_0028,C_RG_0028,True,2,4
C,259,103804124,C_UNIQUE_103804124,,False,1,3
C,260,103644314,C_UNIQUE_103644314,,False,1,5
C,261,103804112,C_UNIQUE_103804112,,False,1,3
C,262,103804107,C_UNIQUE_103804107,,False,1,5
C,263,103804101,C_UNIQUE_103804101,,False,1,3
C,264,103804090,C_RG_0029,C_RG_0029,True,3,4
C,265,103804083,C_UNIQUE_103804083,,False,1,5
C,266,103804213,C_UNIQUE_103804213,,False,1,4
C,267,96434057,C_UNIQUE_96434057,,False,1,1
C,268,103804189,C_RG_0030,C_RG_0030,True,2,2
C,269,103804025,C_UNIQUE_103804025,,False,1,1
C,270,103804022,C_UNIQUE_103804022,,False,1,2
C,271,103804173,C_UNIQUE_103804173,,False,1,3
C,272,103655077,C_UNIQUE_103655077,,False,1,4
C,273,103655467,C_RG_0031,C_RG_0031,True,4,1
C,274,101555323,C_RG_0032,C_RG_0032,True,2,1
C,275,103804159,C_UNIQUE_103804159,,False,1,1
C,276,90290816,C_UNIQUE_90290816,,False,1,5
C,277,103312515,C_UNIQUE_103312515,,False,1,1
C,278,102775997,C_UNIQUE_102775997,,False,1,1
C,279,103804145,C_UNIQUE_103804145,,False,1,2
C,280,103804135,C_RG_0033,C_RG_0033,True,2,1
C,281,103804132,C_UNIQUE_103804132,,False,1,4
C,282,102851956,C_UNIQUE_102851956,,False,1,2
C,283,103372239,C_UNIQUE_103372239,,False,1,4
C,284,103532846,C_UNIQUE_103532846,,False,1,3
C,285,103804063,C_RG_0034,C_RG_0034,True,2,1
C,286,103496074,C_UNIQUE_103496074,,False,1,1
C,287,98991063,C_UNIQUE_98991063,,False,1,5
C,288,103125797,C_UNIQUE_103125797,,False,1,1
C,289,103125858,C_UNIQUE_103125858,,False,1,4
C,290,103784481,C_UNIQUE_103784481,,False,1,5
C,291,103804037,C_UNIQUE_103804037,,False,1,3
C,292,99300583,C_UNIQUE_99300583,,False,1,5
C,293,103803987,C_UNIQUE_103803987,,False,1,1
C,294,103803848,C_RG_0024,C_RG_0024,True,2,3
C,295,103803843,C_UNIQUE_103803843,,False,1,2
C,296,100329236,C_UNIQUE_100329236,,False,1,4
C,297,101547589,C_RG_0035,C_RG_0035,True,2,5
C,298,101538341,C_UNIQUE_101538341,,False,1,2
C,299,103533247,C_UNIQUE_103533247,,False,1,1
C,300,102709083,C_RG_0035,C_RG_0035,True,2,5
C,301,103803972,C_UNIQUE_103803972,,False,1,1
C,302,103730519,C_UNIQUE_103730519,,False,1,5
C,303,103268614,C_UNIQUE_103268614,,False,1,4
C,304,103803960,C_UNIQUE_103803960,,False,1,2
C,305,103803959,C_RG_0036,C_RG_0036,True,2,5
C,306,103803955,C_RG_0036,C_RG_0036,True,2,5
C,307,102035044,C_RG_0037,C_RG_0037,True,2,5
C,308,97263588,C_UNIQUE_97263588,,False,1,1
C,309,103803942,C_UNIQUE_103803942,,False,1,1
C,310,103803941,C_UNIQUE_103803941,,False,1,2
C,311,103803936,C_UNIQUE_103803936,,False,1,1
C,312,103803935,C_UNIQUE_103803935,,False,1,3
C,313,103803933,C_UNIQUE_103803933,,False,1,3
C,314,96241155,C_UNIQUE_96241155,,False,1,3
C,315,95654067,C_UNIQUE_95654067,,False,1,5
C,316,103803919,C_UNIQUE_103803919,,False,1,4
C,317,103803819,C_UNIQUE_103803819,,False,1,5
C,318,101655915,C_UNIQUE_101655915,,False,1,4
C,319,102776186,C_UNIQUE_102776186,,False,1,3
C,320,96660735,C_UNIQUE_96660735,,False,1,1
C,321,98359134,C_UNIQUE_98359134,,False,1,2
C,322,100180638,C_RG_0038,C_RG_0038,True,3,3
C,323,102994144,C_UNIQUE_102994144,,False,1,2
C,324,102264994,C_UNIQUE_102264994,,False,1,2
C,325,102812723,C_RG_0039,C_RG_0039,True,2,5
C,326,103318297,C_UNIQUE_103318297,,False,1,1
C,327,103803795,C_UNIQUE_103803795,,False,1,5
C,328,103803788,C_UNIQUE_103803788,,False,1,1
C,329,103803620,C_UNIQUE_103803620,,False,1,3
C,330,103803600,C_UNIQUE_103803600,,False,1,3
C,331,103803776,C_UNIQUE_103803776,,False,1,2
C,332,103803747,C_UNIQUE_103803747,,False,1,4
C,333,103803736,C_UNIQUE_103803736,,False,1,4
C,334,103803723,C_UNIQUE_103803723,,False,1,4
C,335,103803564,C_UNIQUE_103803564,,False,1,5
C,336,103803546,C_UNIQUE_103803546,,False,1,2
C,337,103803536,C_UNIQUE_103803536,,False,1,3
C,338,103774002,C_UNIQUE_103774002,,False,1,2
C,339,103803711,C_UNIQUE_103803711,,False,1,4
C,340,102162371,C_UNIQUE_102162371,,False,1,3
C,341,100454337,C_UNIQUE_100454337,,False,1,2
C,342,103803693,C_UNIQUE_103803693,,False,1,5
C,343,103109120,C_UNIQUE_103109120,,False,1,1
C,344,103462482,C_UNIQUE_103462482,,False,1,2
C,345,103162725,C_UNIQUE_103162725,,False,1,1
C,346,102257653,C_UNIQUE_102257653,,False,1,3
C,347,103162722,C_UNIQUE_103162722,,False,1,1
C,348,102240958,C_UNIQUE_102240958,,False,1,2
C,349,101629542,C_UNIQUE_101629542,,False,1,2
C,350,100763945,C_UNIQUE_100763945,,False,1,4
C,351,90406231,C_UNIQUE_90406231,,False,1,5
C,352,101798229,C_UNIQUE_101798229,,False,1,2
C,353,103803570,C_UNIQUE_103803570,,False,1,3
C,354,102622871,C_UNIQUE_102622871,,False,1,3
C,355,102642827,C_UNIQUE_102642827,,False,1,4
C,356,103803521,C_UNIQUE_103803521,,False,1,2
C,357,100929943,C_UNIQUE_100929943,,False,1,5
C,358,100303196,C_RG_0040,C_RG_0040,True,2,3
C,359,99305459,C_RG_0041,C_RG_0041,True,2,4
C,360,103803482,C_UNIQUE_103803482,,False,1,5
C,361,102776483,C_UNIQUE_102776483,,False,1,2
C,362,103803464,C_UNIQUE_103803464,,False,1,1
C,363,103803456,C_UNIQUE_103803456,,False,1,1
C,364,103803437,C_UNIQUE_103803437,,False,1,2
C,365,103207867,C_UNIQUE_103207867,,False,1,1
C,366,103349480,C_UNIQUE_103349480,,False,1,4
C,367,93765460,C_UNIQUE_93765460,,False,1,5
C,368,103803423,C_UNIQUE_103803423,,False,1,2
C,369,102226188,C_UNIQUE_102226188,,False,1,4
C,370,98533078,C_UNIQUE_98533078,,False,1,4
C,371,103640552,C_UNIQUE_103640552,,False,1,2
C,372,103803277,C_UNIQUE_103803277,,False,1,5
C,373,103803252,C_UNIQUE_103803252,,False,1,2
C,374,103803250,C_UNIQUE_103803250,,False,1,2
C,375,103239470,C_UNIQUE_103239470,,False,1,2
C,376,102731169,C_UNIQUE_102731169,,False,1,5
C,377,103803090,C_UNIQUE_103803090,,False,1,1
C,378,103803067,C_RG_0003,C_RG_0003,True,2,3
C,379,103803062,C_UNIQUE_103803062,,False,1,2
C,380,103803221,C_UNIQUE_103803221,,False,1,4
C,381,103695244,C_UNIQUE_103695244,,False,1,4
C,382,102288304,C_UNIQUE_102288304,,False,1,1
C,383,103273543,C_UNIQUE_103273543,,False,1,4
C,384,102383514,C_RG_0042,C_RG_0042,True,2,2
C,385,103803186,C_UNIQUE_103803186,,False,1,2
C,386,103803179,C_UNIQUE_103803179,,False,1,2
C,387,102865764,C_UNIQUE_102865764,,False,1,5
C,388,100430829,C_UNIQUE_100430829,,False,1,2
C,389,103802984,C_UNIQUE_103802984,,False,1,3
C,390,103802979,C_UNIQUE_103802979,,False,1,2
C,391,103802963,C_UNIQUE_103802963,,False,1,2
C,392,103802960,C_UNIQUE_103802960,,False,1,2
C,393,103802953,C_UNIQUE_103802953,,False,1,4
C,394,103802937,C_UNIQUE_103802937,,False,1,2
C,395,103802919,C_UNIQUE_103802919,,False,1,2
C,396,101749735,C_UNIQUE_101749735,,False,1,3
C,397,99710009,C_UNIQUE_99710009,,False,1,5
C,398,101827169,C_UNIQUE_101827169,,False,1,5
C,399,103609830,C_UNIQUE_103609830,,False,1,2
C,400,103803144,C_UNIQUE_103803144,,False,1,1
C,401,103803131,C_UNIQUE_103803131,,False,1,5
C,402,103326916,C_UNIQUE_103326916,,False,1,2
C,403,103704397,C_UNIQUE_103704397,,False,1,1
C,404,101856614,C_UNIQUE_101856614,,False,1,3
C,405,103632408,C_UNIQUE_103632408,,False,1,2
C,406,103803066,C_UNIQUE_103803066,,False,1,4
C,407,103803053,C_UNIQUE_103803053,,False,1,1
C,408,103462919,C_UNIQUE_103462919,,False,1,5
C,409,102562785,C_UNIQUE_102562785,,False,1,3
C,410,103698129,C_UNIQUE_103698129,,False,1,4
C,411,101963666,C_UNIQUE_101963666,,False,1,1
C,412,86810806,C_UNIQUE_86810806,,False,1,2
C,413,97077831,C_UNIQUE_97077831,,False,1,3
C,414,103517969,C_RG_0043,C_RG_0043,True,2,4
C,415,103802910,C_UNIQUE_103802910,,False,1,3
C,416,103802802,C_UNIQUE_103802802,,False,1,4
C,417,103802797,C_UNIQUE_103802797,,False,1,1
C,418,103802908,C_UNIQUE_103802908,,False,1,2
C,419,103802899,C_UNIQUE_103802899,,False,1,3
C,420,103802897,C_RG_0044,C_RG_0044,True,2,2
C,421,101615471,C_UNIQUE_101615471,,False,1,5
C,422,103802890,C_UNIQUE_103802890,,False,1,3
C,423,103354046,C_UNIQUE_103354046,,False,1,3
C,424,103802735,C_UNIQUE_103802735,,False,1,4
C,425,103802723,C_UNIQUE_103802723,,False,1,5
C,426,103751681,C_UNIQUE_103751681,,False,1,3
C,427,103751333,C_UNIQUE_103751333,,False,1,3
C,428,103750172,C_UNIQUE_103750172,,False,1,5
C,429,97225270,C_UNIQUE_97225270,,False,1,1
C,430,103753407,C_UNIQUE_103753407,,False,1,3
C,431,103748128,C_UNIQUE_103748128,,False,1,2
C,432,103746480,C_UNIQUE_103746480,,False,1,3
C,433,103489349,C_UNIQUE_103489349,,False,1,5
C,434,103751057,C_UNIQUE_103751057,,False,1,2
C,435,103753480,C_UNIQUE_103753480,,False,1,4
C,436,103746056,C_UNIQUE_103746056,,False,1,1
C,437,103746579,C_UNIQUE_103746579,,False,1,3
C,438,103434871,C_UNIQUE_103434871,,False,1,1
C,439,103651492,C_UNIQUE_103651492,,False,1,1
C,440,103748406,C_UNIQUE_103748406,,False,1,5
C,441,103678414,C_UNIQUE_103678414,,False,1,5
C,442,103633056,C_UNIQUE_103633056,,False,1,4
C,443,103632775,C_UNIQUE_103632775,,False,1,5
C,444,103748878,C_UNIQUE_103748878,,False,1,4
C,445,102236931,C_UNIQUE_102236931,,False,1,4
C,446,103743397,C_UNIQUE_103743397,,False,1,5
C,447,103747070,C_UNIQUE_103747070,,False,1,5
C,448,103743867,C_UNIQUE_103743867,,False,1,4
C,449,103744256,C_UNIQUE_103744256,,False,1,4
C,450,103521973,C_UNIQUE_103521973,,False,1,1
C,451,103677492,C_UNIQUE_103677492,,False,1,5
C,452,103508663,C_UNIQUE_103508663,,False,1,1
C,453,103084402,C_UNIQUE_103084402,,False,1,2
C,454,102442625,C_UNIQUE_102442625,,False,1,2
C,455,103745573,C_UNIQUE_103745573,,False,1,5
C,456,103743473,C_UNIQUE_103743473,,False,1,5
C,457,101514080,C_UNIQUE_101514080,,False,1,2
C,458,103607666,C_UNIQUE_103607666,,False,1,1
C,459,103520534,C_UNIQUE_103520534,,False,1,4
C,460,100482067,C_RG_0017,C_RG_0017,True,2,5
C,461,101856001,C_RG_0045,C_RG_0045,True,3,1
C,462,102706714,C_UNIQUE_102706714,,False,1,5
C,463,96130266,C_UNIQUE_96130266,,False,1,2
C,464,103730893,C_RG_0046,C_RG_0046,True,2,1
C,465,101910541,C_UNIQUE_101910541,,False,1,2
C,466,103632498,C_UNIQUE_103632498,,False,1,1
C,467,103802709,C_UNIQUE_103802709,,False,1,2
C,468,103421703,C_UNIQUE_103421703,,False,1,5
C,469,103802510,C_UNIQUE_103802510,,False,1,1
C,470,103802487,C_UNIQUE_103802487,,False,1,5
C,471,103802482,C_UNIQUE_103802482,,False,1,4
C,472,103802658,C_UNIQUE_103802658,,False,1,4
C,473,103802652,C_UNIQUE_103802652,,False,1,5
C,474,103128842,C_UNIQUE_103128842,,False,1,1
C,475,103734876,C_UNIQUE_103734876,,False,1,1
C,476,103802645,C_UNIQUE_103802645,,False,1,2
C,477,103418149,C_UNIQUE_103418149,,False,1,5
C,478,103566171,C_UNIQUE_103566171,,False,1,2
C,479,103566334,C_UNIQUE_103566334,,False,1,5
C,480,101267413,C_UNIQUE_101267413,,False,1,5
C,481,102843643,C_UNIQUE_102843643,,False,1,2
C,482,103735534,C_UNIQUE_103735534,,False,1,3
C,483,102551061,C_UNIQUE_102551061,,False,1,4
C,484,102079764,C_UNIQUE_102079764,,False,1,3
C,485,103204105,C_RG_0045,C_RG_0045,True,3,1
C,486,103299358,C_UNIQUE_103299358,,False,1,1
C,487,99232624,C_UNIQUE_99232624,,False,1,2
C,488,103802411,C_UNIQUE_103802411,,False,1,5
C,489,102850108,C_UNIQUE_102850108,,False,1,1
C,490,103802298,C_RG_0047,C_RG_0047,True,2,5
C,491,99220843,C_UNIQUE_99220843,,False,1,1
C,492,99042447,C_UNIQUE_99042447,,False,1,3
C,493,103432627,C_UNIQUE_103432627,,False,1,4
C,494,103802386,C_UNIQUE_103802386,,False,1,2
C,495,103650199,C_UNIQUE_103650199,,False,1,4
C,496,103421269,C_UNIQUE_103421269,,False,1,5
C,497,103802380,C_UNIQUE_103802380,,False,1,2
C,498,103057333,C_UNIQUE_103057333,,False,1,3
C,499,103199162,C_UNIQUE_103199162,,False,1,1
C,500,103137354,C_UNIQUE_103137354,,False,1,3
C,501,102632820,C_UNIQUE_102632820,,False,1,1
C,502,103376889,C_UNIQUE_103376889,,False,1,2
C,503,103697124,C_UNIQUE_103697124,,False,1,1
C,504,103498037,C_UNIQUE_103498037,,False,1,3
C,505,97083199,C_UNIQUE_97083199,,False,1,1
C,506,100774316,C_UNIQUE_100774316,,False,1,4
C,507,103697292,C_UNIQUE_103697292,,False,1,1
C,508,103751168,C_UNIQUE_103751168,,False,1,1
C,509,103372124,C_UNIQUE_103372124,,False,1,3
C,510,103653485,C_UNIQUE_103653485,,False,1,4
C,511,102596275,C_UNIQUE_102596275,,False,1,4
C,512,103541448,C_UNIQUE_103541448,,False,1,4
C,513,103671095,C_UNIQUE_103671095,,False,1,5
C,514,99511162,C_UNIQUE_99511162,,False,1,4
C,515,102468043,C_UNIQUE_102468043,,False,1,4
C,516,103462826,C_UNIQUE_103462826,,False,1,5
C,517,102731755,C_RG_0048,C_RG_0048,True,3,4
C,518,102463250,C_UNIQUE_102463250,,False,1,1
C,519,103093439,C_UNIQUE_103093439,,False,1,5
C,520,102912557,C_UNIQUE_102912557,,False,1,4
C,521,101881260,C_UNIQUE_101881260,,False,1,5
C,522,101881017,C_UNIQUE_101881017,,False,1,3
C,523,103174215,C_UNIQUE_103174215,,False,1,2
C,524,103674063,C_RG_0049,C_RG_0049,True,2,2
C,525,103461736,C_UNIQUE_103461736,,False,1,5
C,526,103203509,C_RG_0050,C_RG_0050,True,2,2
C,527,103210555,C_UNIQUE_103210555,,False,1,2
C,528,102676149,C_UNIQUE_102676149,,False,1,4
C,529,103749593,C_UNIQUE_103749593,,False,1,4
C,530,103802052,C_UNIQUE_103802052,,False,1,1
C,531,102464106,C_UNIQUE_102464106,,False,1,3
C,532,103802084,C_RG_0051,C_RG_0051,True,2,5
C,533,102912556,C_UNIQUE_102912556,,False,1,4
C,534,103802196,C_UNIQUE_103802196,,False,1,5
C,535,103802184,C_RG_0049,C_RG_0049,True,2,2
C,536,102862598,C_UNIQUE_102862598,,False,1,2
C,537,103656676,C_UNIQUE_103656676,,False,1,3
C,538,103313935,C_UNIQUE_103313935,,False,1,3
C,539,103214213,C_UNIQUE_103214213,,False,1,4
C,540,100951974,C_UNIQUE_100951974,,False,1,3
C,541,92691295,C_UNIQUE_92691295,,False,1,3
C,542,102010291,C_UNIQUE_102010291,,False,1,2
C,543,102770089,C_UNIQUE_102770089,,False,1,5
C,544,102574262,C_UNIQUE_102574262,,False,1,1
C,545,103113103,C_UNIQUE_103113103,,False,1,3
C,546,102606195,C_UNIQUE_102606195,,False,1,3
C,547,103482702,C_UNIQUE_103482702,,False,1,2
C,548,103801819,C_UNIQUE_103801819,,False,1,3
C,549,102897721,C_UNIQUE_102897721,,False,1,5
C,550,103801783,C_RG_0052,C_RG_0052,True,2,1
C,551,103801751,C_UNIQUE_103801751,,False,1,1
C,552,101823729,C_UNIQUE_101823729,,False,1,5
C,553,103801927,C_UNIQUE_103801927,,False,1,5
C,554,102513812,C_UNIQUE_102513812,,False,1,2
C,555,103801912,C_UNIQUE_103801912,,False,1,4
C,556,99640511,C_UNIQUE_99640511,,False,1,3
C,557,93374145,C_UNIQUE_93374145,,False,1,5
C,558,97710120,C_UNIQUE_97710120,,False,1,2
C,559,102150503,C_UNIQUE_102150503,,False,1,2
C,560,101804740,C_UNIQUE_101804740,,False,1,5
C,561,100414528,C_UNIQUE_100414528,,False,1,4
C,562,101462457,C_UNIQUE_101462457,,False,1,1
C,563,103342242,C_UNIQUE_103342242,,False,1,5
C,564,103536838,C_UNIQUE_103536838,,False,1,4
C,565,103551604,C_UNIQUE_103551604,,False,1,1
C,566,97710489,C_UNIQUE_97710489,,False,1,5
C,567,103801802,C_UNIQUE_103801802,,False,1,4
C,568,102745079,C_UNIQUE_102745079,,False,1,3
C,569,103472459,C_UNIQUE_103472459,,False,1,2
C,570,103572842,C_UNIQUE_103572842,,False,1,5
C,571,103801746,C_UNIQUE_103801746,,False,1,2
C,572,102137074,C_UNIQUE_102137074,,False,1,1
C,573,103801734,C_UNIQUE_103801734,,False,1,3
C,574,103801632,C_UNIQUE_103801632,,False,1,4
C,575,103801585,C_UNIQUE_103801585,,False,1,3
C,576,102925183,C_UNIQUE_102925183,,False,1,5
C,577,102924519,C_UNIQUE_102924519,,False,1,2
C,578,102335995,C_UNIQUE_102335995,,False,1,5
C,579,103801733,C_UNIQUE_103801733,,False,1,5
C,580,103801716,C_UNIQUE_103801716,,False,1,2
C,581,102487841,C_UNIQUE_102487841,,False,1,1
C,582,103801575,C_UNIQUE_103801575,,False,1,4
C,583,103801557,C_RG_0026,C_RG_0026,True,2,1
C,584,103478023,C_RG_0053,C_RG_0053,True,2,1
C,585,103801681,C_UNIQUE_103801681,,False,1,2
C,586,99988688,C_UNIQUE_99988688,,False,1,1
C,587,89964581,C_UNIQUE_89964581,,False,1,4
C,588,103801679,C_UNIQUE_103801679,,False,1,5
C,589,103801676,C_UNIQUE_103801676,,False,1,3
C,590,103801669,C_UNIQUE_103801669,,False,1,3
C,591,103694761,C_UNIQUE_103694761,,False,1,3
C,592,103673952,C_UNIQUE_103673952,,False,1,4
C,593,103801651,C_UNIQUE_103801651,,False,1,3
C,594,99241319,C_UNIQUE_99241319,,False,1,4
C,595,103801609,C_UNIQUE_103801609,,False,1,2
C,596,103723393,C_UNIQUE_103723393,,False,1,4
C,597,103199016,C_UNIQUE_103199016,,False,1,4
C,598,103801567,C_UNIQUE_103801567,,False,1,4
C,599,103151143,C_RG_0054,C_RG_0054,True,2,3
C,600,103150184,C_RG_0054,C_RG_0054,True,2,3
C,601,99482072,C_UNIQUE_99482072,,False,1,1
C,602,100419415,C_UNIQUE_100419415,,False,1,3
C,603,103465462,C_UNIQUE_103465462,,False,1,2
C,604,103479229,C_UNIQUE_103479229,,False,1,3
C,605,103801398,C_UNIQUE_103801398,,False,1,5
C,606,101957025,C_UNIQUE_101957025,,False,1,4
C,607,103185276,C_UNIQUE_103185276,,False,1,2
C,608,103801497,C_UNIQUE_103801497,,False,1,4
C,609,103613681,C_UNIQUE_103613681,,False,1,4
C,610,102692697,C_UNIQUE_102692697,,False,1,2
C,611,103425796,C_UNIQUE_103425796,,False,1,4
C,612,103685803,C_UNIQUE_103685803,,False,1,3
C,613,101370721,C_UNIQUE_101370721,,False,1,1
C,614,97406224,C_UNIQUE_97406224,,False,1,5
C,615,102487756,C_UNIQUE_102487756,,False,1,1
C,616,103801368,C_UNIQUE_103801368,,False,1,4
C,617,103801360,C_UNIQUE_103801360,,False,1,1
C,618,103210722,C_UNIQUE_103210722,,False,1,4
C,619,103305154,C_UNIQUE_103305154,,False,1,2
C,620,103178152,C_UNIQUE_103178152,,False,1,5
C,621,103463637,C_UNIQUE_103463637,,False,1,4
C,622,102469434,C_UNIQUE_102469434,,False,1,5
C,623,103721323,C_UNIQUE_103721323,,False,1,5
C,624,103739549,C_UNIQUE_103739549,,False,1,3
C,625,103302118,C_UNIQUE_103302118,,False,1,3
C,626,103381053,C_UNIQUE_103381053,,False,1,5
C,627,103801242,C_RG_0055,C_RG_0055,True,2,4
C,628,103746354,C_UNIQUE_103746354,,False,1,4
C,629,102744896,C_UNIQUE_102744896,,False,1,2
C,630,102744856,C_UNIQUE_102744856,,False,1,2
C,631,100274940,C_UNIQUE_100274940,,False,1,1
C,632,103465492,C_UNIQUE_103465492,,False,1,5
C,633,103801208,C_UNIQUE_103801208,,False,1,1
C,634,103801203,C_UNIQUE_103801203,,False,1,3
C,635,102879777,C_UNIQUE_102879777,,False,1,5
C,636,102335990,C_UNIQUE_102335990,,False,1,4
C,637,101471270,C_UNIQUE_101471270,,False,1,4
C,638,103801312,C_UNIQUE_103801312,,False,1,2
C,639,103801192,C_UNIQUE_103801192,,False,1,4
C,640,103801180,C_UNIQUE_103801180,,False,1,2
C,641,103801159,C_UNIQUE_103801159,,False,1,1
C,642,103801156,C_UNIQUE_103801156,,False,1,4
C,643,103801153,C_UNIQUE_103801153,,False,1,5
C,644,103466174,C_UNIQUE_103466174,,False,1,3
C,645,103435595,C_UNIQUE_103435595,,False,1,4
C,646,97087241,C_UNIQUE_97087241,,False,1,5
C,647,103801266,C_UNIQUE_103801266,,False,1,1
C,648,102308940,C_UNIQUE_102308940,,False,1,3
C,649,101811990,C_UNIQUE_101811990,,False,1,2
C,650,103607946,C_UNIQUE_103607946,,False,1,2
C,651,103037509,C_UNIQUE_103037509,,False,1,3
C,652,103037377,C_UNIQUE_103037377,,False,1,2
C,653,101761357,C_UNIQUE_101761357,,False,1,5
C,654,100635823,C_UNIQUE_100635823,,False,1,3
C,655,103666072,C_UNIQUE_103666072,,False,1,2
C,656,103666982,C_UNIQUE_103666982,,False,1,3
C,657,95763369,C_UNIQUE_95763369,,False,1,5
C,658,95149506,C_UNIQUE_95149506,,False,1,5
C,659,101847016,C_RG_0056,C_RG_0056,True,2,4
C,660,102566624,C_UNIQUE_102566624,,False,1,1
C,661,103550482,C_UNIQUE_103550482,,False,1,4
C,662,80258486,C_UNIQUE_80258486,,False,1,4
C,663,103746381,C_UNIQUE_103746381,,False,1,1
C,664,103744742,C_UNIQUE_103744742,,False,1,4
C,665,103761635,C_UNIQUE_103761635,,False,1,5
C,666,97315482,C_UNIQUE_97315482,,False,1,2
C,667,103244628,C_UNIQUE_103244628,,False,1,4
C,668,103745112,C_UNIQUE_103745112,,False,1,5
C,669,103801145,C_UNIQUE_103801145,,False,1,5
C,670,103800952,C_UNIQUE_103800952,,False,1,2
C,671,103800951,C_RG_0047,C_RG_0047,True,2,5
C,672,103800943,C_UNIQUE_103800943,,False,1,4
C,673,103800941,C_UNIQUE_103800941,,False,1,3
C,674,102905309,C_UNIQUE_102905309,,False,1,1
C,675,101682885,C_UNIQUE_101682885,,False,1,1
C,676,102310065,C_UNIQUE_102310065,,False,1,1
C,677,101720817,C_RG_0057,C_RG_0057,True,2,2
C,678,82005054,C_UNIQUE_82005054,,False,1,1
C,679,102841289,C_UNIQUE_102841289,,False,1,4
C,680,103801066,C_UNIQUE_103801066,,False,1,1
C,681,103800986,C_RG_0020,C_RG_0020,True,6,5
C,682,103800985,C_RG_0051,C_RG_0051,True,2,5
C,683,100391017,C_UNIQUE_100391017,,False,1,3
C,684,103800973,C_UNIQUE_103800973,,False,1,2
C,685,102793564,C_RG_0058,C_RG_0058,True,2,2
C,686,102833432,C_UNIQUE_102833432,,False,1,1
C,687,103763130,C_UNIQUE_103763130,,False,1,3
C,688,102984848,C_UNIQUE_102984848,,False,1,5
C,689,102660370,C_UNIQUE_102660370,,False,1,4
C,690,101812258,C_UNIQUE_101812258,,False,1,2
C,691,103586006,C_RG_0059,C_RG_0059,True,3,1
C,692,102505649,C_UNIQUE_102505649,,False,1,5
C,693,100405524,C_UNIQUE_100405524,,False,1,1
C,694,103486779,C_UNIQUE_103486779,,False,1,2
C,695,103688286,C_UNIQUE_103688286,,False,1,4
C,696,103001368,C_UNIQUE_103001368,,False,1,5
C,697,101736332,C_UNIQUE_101736332,,False,1,4
C,698,103731402,C_UNIQUE_103731402,,False,1,3
C,699,103462974,C_UNIQUE_103462974,,False,1,5
C,700,102375382,C_UNIQUE_102375382,,False,1,5
C,701,103800877,C_UNIQUE_103800877,,False,1,1
C,702,100867056,C_UNIQUE_100867056,,False,1,1
C,703,88255852,C_UNIQUE_88255852,,False,1,4
C,704,103195587,C_UNIQUE_103195587,,False,1,2
C,705,103800860,C_UNIQUE_103800860,,False,1,3
C,706,99679030,C_UNIQUE_99679030,,False,1,5
C,707,103798060,C_UNIQUE_103798060,,False,1,1
C,708,102964022,C_UNIQUE_102964022,,False,1,2
C,709,102285078,C_UNIQUE_102285078,,False,1,3
C,710,103725019,C_UNIQUE_103725019,,False,1,4
C,711,103800828,C_RG_0060,C_RG_0060,True,2,2
C,712,103639616,C_UNIQUE_103639616,,False,1,4
C,713,103086296,C_UNIQUE_103086296,,False,1,4
C,714,102986746,C_UNIQUE_102986746,,False,1,3
C,715,90492002,C_UNIQUE_90492002,,False,1,2
C,716,102928282,C_UNIQUE_102928282,,False,1,3
C,717,102661858,C_UNIQUE_102661858,,False,1,1
C,718,99095036,C_UNIQUE_99095036,,False,1,5
C,719,103745367,C_UNIQUE_103745367,,False,1,1
C,720,102285256,C_UNIQUE_102285256,,False,1,1
C,721,101747814,C_UNIQUE_101747814,,False,1,2
C,722,103800507,C_UNIQUE_103800507,,False,1,5
C,723,103800505,C_UNIQUE_103800505,,False,1,3
C,724,103456869,C_UNIQUE_103456869,,False,1,1
C,725,103287676,C_UNIQUE_103287676,,False,1,5
C,726,103473355,C_UNIQUE_103473355,,False,1,1
C,727,103288790,C_UNIQUE_103288790,,False,1,5
C,728,103800697,C_UNIQUE_103800697,,False,1,5
C,729,103800664,C_UNIQUE_103800664,,False,1,2
C,730,103800445,C_UNIQUE_103800445,,False,1,4
C,731,103800426,C_UNIQUE_103800426,,False,1,4
C,732,102881549,C_UNIQUE_102881549,,False,1,5
C,733,103800596,C_UNIQUE_103800596,,False,1,4
C,734,103769629,C_UNIQUE_103769629,,False,1,2
C,735,100686203,C_UNIQUE_100686203,,False,1,3
C,736,102247309,C_UNIQUE_102247309,,False,1,5
C,737,97542049,C_UNIQUE_97542049,,False,1,3
C,738,103800557,C_UNIQUE_103800557,,False,1,5
C,739,103782847,C_UNIQUE_103782847,,False,1,1
C,740,101773854,C_UNIQUE_101773854,,False,1,4
C,741,103800315,C_UNIQUE_103800315,,False,1,3
C,742,96945854,C_UNIQUE_96945854,,False,1,4
C,743,103800495,C_UNIQUE_103800495,,False,1,5
C,744,96994776,C_UNIQUE_96994776,,False,1,4
C,745,102612263,C_UNIQUE_102612263,,False,1,3
C,746,103800488,C_UNIQUE_103800488,,False,1,2
C,747,103556569,C_UNIQUE_103556569,,False,1,1
C,748,101607682,C_UNIQUE_101607682,,False,1,2
C,749,103800444,C_UNIQUE_103800444,,False,1,1
C,750,103800415,C_RG_0044,C_RG_0044,True,2,2
C,751,103694256,C_UNIQUE_103694256,,False,1,1
C,752,103800277,C_UNIQUE_103800277,,False,1,1
C,753,103800269,C_UNIQUE_103800269,,False,1,5
C,754,100170696,C_UNIQUE_100170696,,False,1,2
C,755,99703737,C_UNIQUE_99703737,,False,1,4
C,756,99703732,C_UNIQUE_99703732,,False,1,5
C,757,98005496,C_UNIQUE_98005496,,False,1,1
C,758,103800393,C_UNIQUE_103800393,,False,1,5
C,759,103800376,C_UNIQUE_103800376,,False,1,2
C,760,103797239,C_RG_0020,C_RG_0020,True,6,5
C,761,103800219,C_UNIQUE_103800219,,False,1,4
C,762,102495242,C_UNIQUE_102495242,,False,1,4
C,763,102566897,C_UNIQUE_102566897,,False,1,3
C,764,103619791,C_UNIQUE_103619791,,False,1,3
C,765,103638395,C_UNIQUE_103638395,,False,1,3
C,766,103336484,C_UNIQUE_103336484,,False,1,3
C,767,101813586,C_UNIQUE_101813586,,False,1,4
C,768,103326771,C_UNIQUE_103326771,,False,1,3
C,769,102723810,C_UNIQUE_102723810,,False,1,3
C,770,100944653,C_UNIQUE_100944653,,False,1,1
C,771,102075617,C_UNIQUE_102075617,,False,1,4
C,772,103387063,C_UNIQUE_103387063,,False,1,4
C,773,101843227,C_RG_0046,C_RG_0046,True,2,1
C,774,103800086,C_UNIQUE_103800086,,False,1,5
C,775,101177389,C_UNIQUE_101177389,,False,1,4
C,776,103637380,C_UNIQUE_103637380,,False,1,5
C,777,103340846,C_UNIQUE_103340846,,False,1,2
C,778,102890567,C_UNIQUE_102890567,,False,1,1
C,779,103356373,C_RG_0061,C_RG_0061,True,2,4
C,780,102624135,C_UNIQUE_102624135,,False,1,3
C,781,101979448,C_UNIQUE_101979448,,False,1,4
C,782,103800186,C_RG_0020,C_RG_0020,True,6,5
C,783,102470557,C_RG_0030,C_RG_0030,True,2,2
C,784,101058327,C_UNIQUE_101058327,,False,1,4
C,785,102858673,C_UNIQUE_102858673,,False,1,4
C,786,103171068,C_UNIQUE_103171068,,False,1,4
C,787,101620117,C_UNIQUE_101620117,,False,1,3
C,788,99466790,C_UNIQUE_99466790,,False,1,4
C,789,103800023,C_RG_0062,C_RG_0062,True,2,1
C,790,101051045,C_UNIQUE_101051045,,False,1,2
C,791,103133327,C_RG_0063,C_RG_0063,True,2,4
C,792,103427084,C_UNIQUE_103427084,,False,1,2
C,793,103604739,C_UNIQUE_103604739,,False,1,4
C,794,103345702,C_UNIQUE_103345702,,False,1,5
C,795,93105447,C_UNIQUE_93105447,,False,1,2
C,796,102732863,C_UNIQUE_102732863,,False,1,2
C,797,101691323,C_UNIQUE_101691323,,False,1,4
C,798,92444547,C_UNIQUE_92444547,,False,1,2
C,799,102892183,C_UNIQUE_102892183,,False,1,2
C,800,102866510,C_UNIQUE_102866510,,False,1,1
C,801,102834051,C_UNIQUE_102834051,,False,1,5
C,802,103800047,C_UNIQUE_103800047,,False,1,5
C,803,102490710,C_UNIQUE_102490710,,False,1,1
C,804,101998454,C_UNIQUE_101998454,,False,1,3
C,805,100891027,C_UNIQUE_100891027,,False,1,4
C,806,103799861,C_RG_0052,C_RG_0052,True,2,1
C,807,103799972,C_UNIQUE_103799972,,False,1,4
C,808,103799949,C_UNIQUE_103799949,,False,1,3
C,809,103799934,C_RG_0064,C_RG_0064,True,2,1
C,810,103647935,C_UNIQUE_103647935,,False,1,3
C,811,102523624,C_UNIQUE_102523624,,False,1,5
C,812,96037286,C_RG_0065,C_RG_0065,True,2,5
C,813,103743921,C_UNIQUE_103743921,,False,1,1
C,814,103799785,C_UNIQUE_103799785,,False,1,4
C,815,103799775,C_UNIQUE_103799775,,False,1,5
C,816,103138503,C_UNIQUE_103138503,,False,1,2
C,817,103799888,C_UNIQUE_103799888,,False,1,5
C,818,102636168,C_UNIQUE_102636168,,False,1,3
C,819,102912123,C_UNIQUE_102912123,,False,1,1
C,820,102090875,C_UNIQUE_102090875,,False,1,3
C,821,96926980,C_UNIQUE_96926980,,False,1,2
C,822,94156074,C_UNIQUE_94156074,,False,1,1
C,823,103605804,C_UNIQUE_103605804,,False,1,5
C,824,95804478,C_UNIQUE_95804478,,False,1,2
C,825,99993197,C_UNIQUE_99993197,,False,1,4
C,826,100997471,C_UNIQUE_100997471,,False,1,5
C,827,101332667,C_UNIQUE_101332667,,False,1,3
C,828,103571765,C_UNIQUE_103571765,,False,1,2
C,829,103179658,C_UNIQUE_103179658,,False,1,5
C,830,103169616,C_UNIQUE_103169616,,False,1,2
C,831,98421954,C_UNIQUE_98421954,,False,1,4
C,832,103690827,C_UNIQUE_103690827,,False,1,2
C,833,103799666,C_RG_0066,C_RG_0066,True,2,3
C,834,99994813,C_RG_0067,C_RG_0067,True,2,4
C,835,102919558,C_UNIQUE_102919558,,False,1,2
C,836,103721778,C_UNIQUE_103721778,,False,1,1
C,837,103799725,C_UNIQUE_103799725,,False,1,3
C,838,103799624,C_UNIQUE_103799624,,False,1,3
C,839,103799634,C_UNIQUE_103799634,,False,1,1
C,840,103799710,C_UNIQUE_103799710,,False,1,5
C,841,103476754,C_UNIQUE_103476754,,False,1,1
C,842,103729670,C_UNIQUE_103729670,,False,1,4
C,843,103435998,C_UNIQUE_103435998,,False,1,3
C,844,102131418,C_UNIQUE_102131418,,False,1,4
C,845,94769062,C_UNIQUE_94769062,,False,1,3
C,846,103715387,C_UNIQUE_103715387,,False,1,4
C,847,103248527,C_RG_0068,C_RG_0068,True,2,1
C,848,103622587,C_UNIQUE_103622587,,False,1,3
C,849,98061891,C_UNIQUE_98061891,,False,1,2
C,850,102605802,C_UNIQUE_102605802,,False,1,2
C,851,102992622,C_UNIQUE_102992622,,False,1,3
C,852,101332733,C_UNIQUE_101332733,,False,1,1
C,853,99829674,C_UNIQUE_99829674,,False,1,2
C,854,103677020,C_UNIQUE_103677020,,False,1,3
C,855,101332527,C_UNIQUE_101332527,,False,1,4
C,856,102134644,C_UNIQUE_102134644,,False,1,1
C,857,102891064,C_UNIQUE_102891064,,False,1,1
C,858,103799520,C_UNIQUE_103799520,,False,1,4
C,859,102860101,C_UNIQUE_102860101,,False,1,4
C,860,103799518,C_UNIQUE_103799518,,False,1,2
C,861,103799498,C_UNIQUE_103799498,,False,1,3
C,862,103799494,C_UNIQUE_103799494,,False,1,5
C,863,98058544,C_UNIQUE_98058544,,False,1,4
C,864,102033548,C_UNIQUE_102033548,,False,1,5
C,865,103799441,C_UNIQUE_103799441,,False,1,4
C,866,103799200,C_UNIQUE_103799200,,False,1,4
C,867,103799199,C_RG_0069,C_RG_0069,True,2,4
C,868,103799194,C_UNIQUE_103799194,,False,1,4
C,869,103799413,C_UNIQUE_103799413,,False,1,2
C,870,103799391,C_UNIQUE_103799391,,False,1,3
C,871,103799389,C_UNIQUE_103799389,,False,1,4
C,872,103799170,C_UNIQUE_103799170,,False,1,5
C,873,103799168,C_UNIQUE_103799168,,False,1,5
C,874,103799162,C_UNIQUE_103799162,,False,1,5
C,875,103799160,C_UNIQUE_103799160,,False,1,4
C,876,103799156,C_UNIQUE_103799156,,False,1,2
C,877,103799362,C_UNIQUE_103799362,,False,1,1
C,878,103799357,C_UNIQUE_103799357,,False,1,5
C,879,103799354,C_UNIQUE_103799354,,False,1,4
C,880,103799353,C_RG_0070,C_RG_0070,True,2,2
C,881,101156289,C_UNIQUE_101156289,,False,1,5
C,882,103799341,C_UNIQUE_103799341,,False,1,4
C,883,103799336,C_UNIQUE_103799336,,False,1,1
C,884,100094465,C_UNIQUE_100094465,,False,1,4
C,885,103153518,C_RG_0071,C_RG_0071,True,2,1
C,886,103799292,C_RG_0072,C_RG_0072,True,2,3
C,887,103799289,C_RG_0072,C_RG_0072,True,2,3
C,888,103406924,C_UNIQUE_103406924,,False,1,1
C,889,102126408,C_UNIQUE_102126408,,False,1,2
C,890,71561496,C_UNIQUE_71561496,,False,1,4
C,891,103084524,C_UNIQUE_103084524,,False,1,2
C,892,103184119,C_UNIQUE_103184119,,False,1,5
C,893,101525743,C_UNIQUE_101525743,,False,1,4
C,894,98459491,C_UNIQUE_98459491,,False,1,1
C,895,98803609,C_UNIQUE_98803609,,False,1,5
C,896,103799117,C_UNIQUE_103799117,,False,1,4
C,897,103799104,C_UNIQUE_103799104,,False,1,4
C,898,103799096,C_UNIQUE_103799096,,False,1,4
C,899,103798957,C_UNIQUE_103798957,,False,1,3
C,900,103798925,C_UNIQUE_103798925,,False,1,2
C,901,102925263,C_RG_0073,C_RG_0073,True,2,2
C,902,103445026,C_UNIQUE_103445026,,False,1,1
C,903,103799072,C_UNIQUE_103799072,,False,1,1
C,904,103799060,C_UNIQUE_103799060,,False,1,3
C,905,103799059,C_UNIQUE_103799059,,False,1,3
C,906,70858867,C_UNIQUE_70858867,,False,1,4
C,907,102185888,C_UNIQUE_102185888,,False,1,2
C,908,101214539,C_UNIQUE_101214539,,False,1,2
C,909,58037863,C_UNIQUE_58037863,,False,1,4
C,910,103711597,C_UNIQUE_103711597,,False,1,4
C,911,103705024,C_UNIQUE_103705024,,False,1,3
C,912,103044804,C_UNIQUE_103044804,,False,1,3
C,913,102922342,C_UNIQUE_102922342,,False,1,1
C,914,103798754,C_UNIQUE_103798754,,False,1,1
C,915,103798744,C_UNIQUE_103798744,,False,1,5
C,916,103798739,C_UNIQUE_103798739,,False,1,1
C,917,102884985,C_UNIQUE_102884985,,False,1,5
C,918,95866282,C_UNIQUE_95866282,,False,1,2
C,919,103798866,C_RG_0074,C_RG_0074,True,3,2
C,920,103798865,C_UNIQUE_103798865,,False,1,3
C,921,103601823,C_UNIQUE_103601823,,False,1,3
C,922,103749580,C_UNIQUE_103749580,,False,1,4
C,923,103516434,C_UNIQUE_103516434,,False,1,4
C,924,103683179,C_UNIQUE_103683179,,False,1,5
C,925,103798808,C_UNIQUE_103798808,,False,1,2
C,926,103773086,C_UNIQUE_103773086,,False,1,3
C,927,103798585,C_UNIQUE_103798585,,False,1,4
C,928,102753020,C_UNIQUE_102753020,,False,1,3
C,929,101986221,C_UNIQUE_101986221,,False,1,5
C,930,101955659,C_UNIQUE_101955659,,False,1,5
C,931,101514257,C_UNIQUE_101514257,,False,1,1
C,932,100953366,C_UNIQUE_100953366,,False,1,2
C,933,103798690,C_UNIQUE_103798690,,False,1,5
C,934,103798536,C_UNIQUE_103798536,,False,1,1
C,935,101998659,C_UNIQUE_101998659,,False,1,5
C,936,102625173,C_UNIQUE_102625173,,False,1,4
C,937,103798680,C_UNIQUE_103798680,,False,1,2
C,938,103798675,C_UNIQUE_103798675,,False,1,1
C,939,102043076,C_UNIQUE_102043076,,False,1,1
C,940,102633724,C_UNIQUE_102633724,,False,1,4
C,941,99442730,C_RG_0043,C_RG_0043,True,2,4
C,942,102920898,C_RG_0075,C_RG_0075,True,2,4
C,943,99886818,C_UNIQUE_99886818,,False,1,1
C,944,99886862,C_UNIQUE_99886862,,False,1,2
C,945,102919361,C_UNIQUE_102919361,,False,1,2
C,946,103707832,C_UNIQUE_103707832,,False,1,4
C,947,103767907,C_UNIQUE_103767907,,False,1,2
C,948,101056110,C_UNIQUE_101056110,,False,1,3
C,949,103726707,C_UNIQUE_103726707,,False,1,3
C,950,103424893,C_UNIQUE_103424893,,False,1,3
C,951,103798472,C_RG_0076,C_RG_0076,True,2,5
C,952,103798459,C_UNIQUE_103798459,,False,1,3
C,953,103798458,C_UNIQUE_103798458,,False,1,3
C,954,103798444,C_UNIQUE_103798444,,False,1,4
C,955,103429359,C_UNIQUE_103429359,,False,1,2
C,956,103362112,C_UNIQUE_103362112,,False,1,1
C,957,103798266,C_UNIQUE_103798266,,False,1,4
C,958,103798255,C_UNIQUE_103798255,,False,1,5
C,959,102924038,C_UNIQUE_102924038,,False,1,2
C,960,102923906,C_UNIQUE_102923906,,False,1,2
C,961,103470374,C_UNIQUE_103470374,,False,1,1
C,962,103444549,C_RG_0014,C_RG_0014,True,2,3
C,963,103689187,C_UNIQUE_103689187,,False,1,5
C,964,101337563,C_UNIQUE_101337563,,False,1,1
C,965,103532021,C_UNIQUE_103532021,,False,1,3
C,966,102543953,C_UNIQUE_102543953,,False,1,2
C,967,101062046,C_UNIQUE_101062046,,False,1,1
C,968,101060006,C_UNIQUE_101060006,,False,1,3
C,969,101062183,C_UNIQUE_101062183,,False,1,4
C,970,103691024,C_UNIQUE_103691024,,False,1,4
C,971,103797273,C_RG_0020,C_RG_0020,True,6,5
C,972,103798151,C_UNIQUE_103798151,,False,1,5
C,973,103798111,C_UNIQUE_103798111,,False,1,2
C,974,103798101,C_UNIQUE_103798101,,False,1,4
C,975,103450483,C_RG_0077,C_RG_0077,True,2,1
C,976,102288419,C_UNIQUE_102288419,,False,1,5
C,977,101370530,C_RG_0078,C_RG_0078,True,3,4
C,978,100611579,C_UNIQUE_100611579,,False,1,3
C,979,103729705,C_RG_0079,C_RG_0079,True,2,3
C,980,103519002,C_UNIQUE_103519002,,False,1,2
C,981,103278535,C_UNIQUE_103278535,,False,1,3
C,982,102650548,C_UNIQUE_102650548,,False,1,3
C,983,102882864,C_UNIQUE_102882864,,False,1,2
C,984,101274185,C_UNIQUE_101274185,,False,1,2
C,985,102128490,C_UNIQUE_102128490,,False,1,3
C,986,102465358,C_UNIQUE_102465358,,False,1,4
C,987,103126109,C_UNIQUE_103126109,,False,1,2
C,988,103685246,C_UNIQUE_103685246,,False,1,4
C,989,103638186,C_UNIQUE_103638186,,False,1,4
C,990,101863081,C_UNIQUE_101863081,,False,1,3
C,991,102845950,C_UNIQUE_102845950,,False,1,5
C,992,97089343,C_UNIQUE_97089343,,False,1,3
C,993,103601544,C_UNIQUE_103601544,,False,1,1
C,994,103797942,C_UNIQUE_103797942,,False,1,5
C,995,103797911,C_UNIQUE_103797911,,False,1,5
C,996,103797909,C_RG_0080,C_RG_0080,True,2,4
C,997,103797908,C_UNIQUE_103797908,,False,1,2
C,998,102847746,C_UNIQUE_102847746,,False,1,3
C,999,103504570,C_UNIQUE_103504570,,False,1,4
C,1000,102193111,C_UNIQUE_102193111,,False,1,5
C,1001,102013146,C_UNIQUE_102013146,,False,1,1
C,1002,102905329,C_UNIQUE_102905329,,False,1,1
C,1003,103460024,C_UNIQUE_103460024,,False,1,1
C,1004,103338655,C_RG_0031,C_RG_0031,True,4,1
C,1005,102800930,C_UNIQUE_102800930,,False,1,1
C,1006,103354971,C_UNIQUE_103354971,,False,1,2
C,1007,103797717,C_UNIQUE_103797717,,False,1,5
C,1008,102622690,C_UNIQUE_102622690,,False,1,4
C,1009,99846072,C_UNIQUE_99846072,,False,1,5
C,1010,98243947,C_UNIQUE_98243947,,False,1,3
C,1011,103148750,C_RG_0081,C_RG_0081,True,2,1
C,1012,103124140,C_UNIQUE_103124140,,False,1,1
C,1013,103082575,C_RG_0082,C_RG_0082,True,2,4
C,1014,102785237,C_UNIQUE_102785237,,False,1,5
C,1015,101458301,C_UNIQUE_101458301,,False,1,4
C,1016,101261486,C_UNIQUE_101261486,,False,1,5
C,1017,101250730,C_UNIQUE_101250730,,False,1,1
C,1018,103324351,C_RG_0083,C_RG_0083,True,2,4
C,1019,103014507,C_UNIQUE_103014507,,False,1,5
C,1020,103124171,C_RG_0084,C_RG_0084,True,2,3
C,1021,102943996,C_UNIQUE_102943996,,False,1,1
C,1022,102706580,C_UNIQUE_102706580,,False,1,3
C,1023,102537454,C_UNIQUE_102537454,,False,1,2
C,1024,102505214,C_UNIQUE_102505214,,False,1,4
C,1025,102280872,C_UNIQUE_102280872,,False,1,4
C,1026,101337232,C_UNIQUE_101337232,,False,1,3
C,1027,100758841,C_RG_0085,C_RG_0085,True,2,3
C,1028,100208765,C_UNIQUE_100208765,,False,1,1
C,1029,99139799,C_UNIQUE_99139799,,False,1,1
C,1030,101109810,C_UNIQUE_101109810,,False,1,5
C,1031,103781037,C_UNIQUE_103781037,,False,1,5
C,1032,103222248,C_UNIQUE_103222248,,False,1,5
C,1033,102898854,C_RG_0086,C_RG_0086,True,2,3
C,1034,99139783,C_UNIQUE_99139783,,False,1,4
C,1035,102281172,C_UNIQUE_102281172,,False,1,5
C,1036,100894957,C_UNIQUE_100894957,,False,1,2
C,1037,103797546,C_UNIQUE_103797546,,False,1,2
C,1038,102757875,C_UNIQUE_102757875,,False,1,4
C,1039,101305880,C_UNIQUE_101305880,,False,1,2
C,1040,101737458,C_RG_0087,C_RG_0087,True,2,3
C,1041,103606404,C_UNIQUE_103606404,,False,1,5
C,1042,102097198,C_UNIQUE_102097198,,False,1,2
C,1043,102073582,C_UNIQUE_102073582,,False,1,3
C,1044,103797537,C_UNIQUE_103797537,,False,1,4
C,1045,99310438,C_RG_0088,C_RG_0088,True,2,2
C,1046,101080943,C_UNIQUE_101080943,,False,1,5
C,1047,100804825,C_UNIQUE_100804825,,False,1,4
C,1048,99466291,C_RG_0061,C_RG_0061,True,2,4
C,1049,103388443,C_RG_0089,C_RG_0089,True,2,1
C,1050,101380358,C_UNIQUE_101380358,,False,1,2
C,1051,100288529,C_RG_0090,C_RG_0090,True,2,5
C,1052,103797453,C_UNIQUE_103797453,,False,1,5
C,1053,101325438,C_UNIQUE_101325438,,False,1,3
C,1054,102889847,C_UNIQUE_102889847,,False,1,5
C,1055,103797431,C_UNIQUE_103797431,,False,1,4
C,1056,103416057,C_UNIQUE_103416057,,False,1,5
C,1057,103797428,C_UNIQUE_103797428,,False,1,2
C,1058,103797396,C_UNIQUE_103797396,,False,1,1
C,1059,103292117,C_UNIQUE_103292117,,False,1,1
C,1060,103797371,C_UNIQUE_103797371,,False,1,3
C,1061,103797361,C_UNIQUE_103797361,,False,1,2
C,1062,103797376,C_UNIQUE_103797376,,False,1,4
C,1063,103797375,C_UNIQUE_103797375,,False,1,4
C,1064,103797332,C_UNIQUE_103797332,,False,1,5
C,1065,103752244,C_UNIQUE_103752244,,False,1,1
C,1066,103797322,C_RG_0091,C_RG_0091,True,2,5
C,1067,103797254,C_UNIQUE_103797254,,False,1,2
C,1068,103023927,C_UNIQUE_103023927,,False,1,4
C,1069,103797277,C_UNIQUE_103797277,,False,1,2
C,1070,103797251,C_RG_0092,C_RG_0092,True,2,3
C,1071,101872448,C_UNIQUE_101872448,,False,1,1
C,1072,103797271,C_RG_0093,C_RG_0093,True,2,4
C,1073,103797270,C_UNIQUE_103797270,,False,1,2
C,1074,102843782,C_UNIQUE_102843782,,False,1,1
C,1075,103443462,C_UNIQUE_103443462,,False,1,3
C,1076,97834253,C_UNIQUE_97834253,,False,1,2
C,1077,97834129,C_UNIQUE_97834129,,False,1,5
C,1078,97832489,C_UNIQUE_97832489,,False,1,5
C,1079,101722900,C_UNIQUE_101722900,,False,1,3
C,1080,100543512,C_RG_0087,C_RG_0087,True,2,3
C,1081,102184341,C_UNIQUE_102184341,,False,1,4
C,1082,103797217,C_UNIQUE_103797217,,False,1,5
C,1083,103797164,C_UNIQUE_103797164,,False,1,5
C,1084,103797157,C_UNIQUE_103797157,,False,1,2
C,1085,102036014,C_UNIQUE_102036014,,False,1,4
C,1086,95219758,C_UNIQUE_95219758,,False,1,2
C,1087,101128566,C_UNIQUE_101128566,,False,1,5
C,1088,103585248,C_UNIQUE_103585248,,False,1,2
C,1089,103479600,C_UNIQUE_103479600,,False,1,4
C,1090,103402025,C_UNIQUE_103402025,,False,1,3
C,1091,103740042,C_UNIQUE_103740042,,False,1,4
C,1092,103742048,C_UNIQUE_103742048,,False,1,3
C,1093,100785324,C_UNIQUE_100785324,,False,1,1
C,1094,98720154,C_UNIQUE_98720154,,False,1,5
C,1095,98739542,C_UNIQUE_98739542,,False,1,2
C,1096,103374766,C_UNIQUE_103374766,,False,1,5
C,1097,103797103,C_UNIQUE_103797103,,False,1,3
C,1098,103797097,C_UNIQUE_103797097,,False,1,5
C,1099,103797146,C_UNIQUE_103797146,,False,1,1
C,1100,100916446,C_UNIQUE_100916446,,False,1,3
C,1101,97482842,C_UNIQUE_97482842,,False,1,4
C,1102,103705048,C_UNIQUE_103705048,,False,1,1
C,1103,103714808,C_UNIQUE_103714808,,False,1,4
C,1104,95892312,C_UNIQUE_95892312,,False,1,5
C,1105,101049834,C_UNIQUE_101049834,,False,1,3
C,1106,103797128,C_UNIQUE_103797128,,False,1,4
C,1107,103797126,C_UNIQUE_103797126,,False,1,2
C,1108,103797125,C_UNIQUE_103797125,,False,1,3
C,1109,92162624,C_UNIQUE_92162624,,False,1,4
C,1110,103684332,C_RG_0069,C_RG_0069,True,2,4
C,1111,103714989,C_RG_0094,C_RG_0094,True,2,1
C,1112,103717623,C_UNIQUE_103717623,,False,1,2
C,1113,76183205,C_UNIQUE_76183205,,False,1,3
C,1114,90371478,C_UNIQUE_90371478,,False,1,2
C,1115,102439373,C_UNIQUE_102439373,,False,1,2
C,1116,103445774,C_UNIQUE_103445774,,False,1,4
C,1117,103419095,C_UNIQUE_103419095,,False,1,1
C,1118,102894978,C_UNIQUE_102894978,,False,1,5
C,1119,103797076,C_UNIQUE_103797076,,False,1,3
C,1120,103796970,C_UNIQUE_103796970,,False,1,5
C,1121,103796987,C_UNIQUE_103796987,,False,1,3
C,1122,103436990,C_UNIQUE_103436990,,False,1,1
C,1123,100288687,C_RG_0083,C_RG_0083,True,2,4
C,1124,99466343,C_UNIQUE_99466343,,False,1,5
C,1125,103797057,C_UNIQUE_103797057,,False,1,3
C,1126,103797056,C_UNIQUE_103797056,,False,1,4
C,1127,101019426,C_UNIQUE_101019426,,False,1,2
C,1128,103797048,C_UNIQUE_103797048,,False,1,2
C,1129,103797047,C_UNIQUE_103797047,,False,1,5
C,1130,101990539,C_UNIQUE_101990539,,False,1,2
C,1131,103796947,C_UNIQUE_103796947,,False,1,3
C,1132,103796936,C_UNIQUE_103796936,,False,1,4
C,1133,103796931,C_UNIQUE_103796931,,False,1,5
C,1134,103423738,C_UNIQUE_103423738,,False,1,3
C,1135,103549671,C_UNIQUE_103549671,,False,1,5
C,1136,103797008,C_UNIQUE_103797008,,False,1,3
C,1137,103450284,C_UNIQUE_103450284,,False,1,1
C,1138,103477237,C_UNIQUE_103477237,,False,1,2
C,1139,103470205,C_RG_0095,C_RG_0095,True,2,4
C,1140,102172274,C_UNIQUE_102172274,,False,1,5
C,1141,94213853,C_UNIQUE_94213853,,False,1,5
C,1142,100025500,C_UNIQUE_100025500,,False,1,4
C,1143,103336579,C_RG_0096,C_RG_0096,True,2,5
C,1144,101557980,C_UNIQUE_101557980,,False,1,4
C,1145,103715204,C_UNIQUE_103715204,,False,1,5
C,1146,98377340,C_UNIQUE_98377340,,False,1,1
C,1147,97940583,C_UNIQUE_97940583,,False,1,1
C,1148,95823750,C_UNIQUE_95823750,,False,1,2
C,1149,103796815,C_RG_0023,C_RG_0023,True,2,2
C,1150,102283762,C_UNIQUE_102283762,,False,1,2
C,1151,100815948,C_UNIQUE_100815948,,False,1,3
C,1152,100253281,C_UNIQUE_100253281,,False,1,4
C,1153,103796877,C_UNIQUE_103796877,,False,1,4
C,1154,103796871,C_UNIQUE_103796871,,False,1,1
C,1155,101941512,C_UNIQUE_101941512,,False,1,1
C,1156,103796796,C_UNIQUE_103796796,,False,1,5
C,1157,103796803,C_UNIQUE_103796803,,False,1,2
C,1158,103282247,C_UNIQUE_103282247,,False,1,2
C,1159,103419115,C_UNIQUE_103419115,,False,1,5
C,1160,103425319,C_UNIQUE_103425319,,False,1,2
C,1161,98409917,C_UNIQUE_98409917,,False,1,2
C,1162,101279647,C_UNIQUE_101279647,,False,1,1
C,1163,101382844,C_UNIQUE_101382844,,False,1,4
C,1164,103760421,C_UNIQUE_103760421,,False,1,5
C,1165,103761088,C_UNIQUE_103761088,,False,1,3
C,1166,103235193,C_UNIQUE_103235193,,False,1,5
C,1167,101065984,C_UNIQUE_101065984,,False,1,4
C,1168,99044462,C_UNIQUE_99044462,,False,1,5
C,1169,98233164,C_UNIQUE_98233164,,False,1,1
C,1170,103796721,C_UNIQUE_103796721,,False,1,5
C,1171,103796707,C_RG_0097,C_RG_0097,True,3,1
C,1172,103796697,C_RG_0097,C_RG_0097,True,3,1
C,1173,103796684,C_RG_0097,C_RG_0097,True,3,1
C,1174,103796787,C_UNIQUE_103796787,,False,1,3
C,1175,103796785,C_UNIQUE_103796785,,False,1,5
C,1176,103669945,C_UNIQUE_103669945,,False,1,4
C,1177,103421446,C_UNIQUE_103421446,,False,1,5
C,1178,103640101,C_UNIQUE_103640101,,False,1,4
C,1179,103527484,C_RG_0053,C_RG_0053,True,2,1
C,1180,103072253,C_RG_0082,C_RG_0082,True,2,4
C,1181,103465855,C_UNIQUE_103465855,,False,1,3
C,1182,103796778,C_UNIQUE_103796778,,False,1,5
C,1183,103796773,C_UNIQUE_103796773,,False,1,1
C,1184,102126519,C_UNIQUE_102126519,,False,1,3
C,1185,103796767,C_UNIQUE_103796767,,False,1,4
C,1186,103796665,C_RG_0060,C_RG_0060,True,2,2
C,1187,103796664,C_UNIQUE_103796664,,False,1,5
C,1188,103796660,C_UNIQUE_103796660,,False,1,2
C,1189,103796743,C_UNIQUE_103796743,,False,1,1
C,1190,103673812,C_UNIQUE_103673812,,False,1,1
C,1191,100849422,C_UNIQUE_100849422,,False,1,2
C,1192,102485274,C_UNIQUE_102485274,,False,1,3
C,1193,103699105,C_UNIQUE_103699105,,False,1,2
C,1194,103559688,C_UNIQUE_103559688,,False,1,3
C,1195,102107757,C_UNIQUE_102107757,,False,1,5
C,1196,103538432,C_UNIQUE_103538432,,False,1,3
C,1197,103494812,C_UNIQUE_103494812,,False,1,1
C,1198,103446079,C_UNIQUE_103446079,,False,1,5
C,1199,103690877,C_UNIQUE_103690877,,False,1,3
C,1200,103223072,C_RG_0095,C_RG_0095,True,2,4
C,1201,103470201,C_RG_0096,C_RG_0096,True,2,5
C,1202,103796653,C_UNIQUE_103796653,,False,1,1
C,1203,100309020,C_UNIQUE_100309020,,False,1,1
C,1204,102434884,C_UNIQUE_102434884,,False,1,5
C,1205,103727257,C_UNIQUE_103727257,,False,1,2
C,1206,103796542,C_UNIQUE_103796542,,False,1,3
C,1207,103796565,C_UNIQUE_103796565,,False,1,3
C,1208,103389817,C_UNIQUE_103389817,,False,1,1
C,1209,103260845,C_UNIQUE_103260845,,False,1,3
C,1210,103767080,C_UNIQUE_103767080,,False,1,2
C,1211,103764720,C_UNIQUE_103764720,,False,1,2
C,1212,102267563,C_UNIQUE_102267563,,False,1,1
C,1213,103796418,C_UNIQUE_103796418,,False,1,3
C,1214,102873781,C_UNIQUE_102873781,,False,1,1
C,1215,102841105,C_UNIQUE_102841105,,False,1,3
C,1216,102989220,C_UNIQUE_102989220,,False,1,2
C,1217,102097200,C_UNIQUE_102097200,,False,1,1
C,1218,100692333,C_UNIQUE_100692333,,False,1,2
C,1219,102272734,C_RG_0088,C_RG_0088,True,2,2
C,1220,100184788,C_RG_0084,C_RG_0084,True,2,3
C,1221,103796402,C_UNIQUE_103796402,,False,1,3
C,1222,103796444,C_UNIQUE_103796444,,False,1,1
C,1223,103685134,C_UNIQUE_103685134,,False,1,3
C,1224,103705936,C_UNIQUE_103705936,,False,1,1
C,1225,101536156,C_UNIQUE_101536156,,False,1,2
C,1226,103796353,C_UNIQUE_103796353,,False,1,3
C,1227,103796349,C_RG_0098,C_RG_0098,True,2,4
C,1228,103127725,C_UNIQUE_103127725,,False,1,2
C,1229,103025400,C_UNIQUE_103025400,,False,1,2
C,1230,102198088,C_UNIQUE_102198088,,False,1,5
C,1231,101325789,C_RG_0081,C_RG_0081,True,2,1
C,1232,103643157,C_UNIQUE_103643157,,False,1,1
C,1233,103796395,C_UNIQUE_103796395,,False,1,5
C,1234,102808479,C_UNIQUE_102808479,,False,1,5
C,1235,102510692,C_UNIQUE_102510692,,False,1,3
C,1236,100499344,C_UNIQUE_100499344,,False,1,1
C,1237,102614705,C_UNIQUE_102614705,,False,1,4
C,1238,103796380,C_UNIQUE_103796380,,False,1,1
C,1239,103050834,C_UNIQUE_103050834,,False,1,2
C,1240,103570806,C_UNIQUE_103570806,,False,1,3
C,1241,103520779,C_UNIQUE_103520779,,False,1,3
C,1242,99968757,C_UNIQUE_99968757,,False,1,3
C,1243,103014181,C_UNIQUE_103014181,,False,1,4
C,1244,100249876,C_RG_0090,C_RG_0090,True,2,5
C,1245,98560819,C_UNIQUE_98560819,,False,1,3
C,1246,97025172,C_UNIQUE_97025172,,False,1,1
C,1247,103796223,C_UNIQUE_103796223,,False,1,4
C,1248,103796197,C_UNIQUE_103796197,,False,1,5
C,1249,103536109,C_UNIQUE_103536109,,False,1,5
C,1250,103796315,C_UNIQUE_103796315,,False,1,4
C,1251,102874865,C_UNIQUE_102874865,,False,1,4
C,1252,103105437,C_UNIQUE_103105437,,False,1,4
C,1253,103796311,C_UNIQUE_103796311,,False,1,4
C,1254,103796162,C_RG_0029,C_RG_0029,True,3,4
C,1255,103796304,C_UNIQUE_103796304,,False,1,2
C,1256,103796303,C_UNIQUE_103796303,,False,1,3
C,1257,103438937,C_UNIQUE_103438937,,False,1,3
C,1258,103796293,C_UNIQUE_103796293,,False,1,4
C,1259,103001429,C_UNIQUE_103001429,,False,1,1
C,1260,103605382,C_UNIQUE_103605382,,False,1,2
C,1261,100543136,C_UNIQUE_100543136,,False,1,1
C,1262,103796024,C_UNIQUE_103796024,,False,1,1
C,1263,103796139,C_UNIQUE_103796139,,False,1,1
C,1264,103796014,C_UNIQUE_103796014,,False,1,5
C,1265,103686605,C_UNIQUE_103686605,,False,1,1
C,1266,103750149,C_UNIQUE_103750149,,False,1,3
C,1267,102482545,C_UNIQUE_102482545,,False,1,2
C,1268,103796092,C_UNIQUE_103796092,,False,1,2
C,1269,94760102,C_UNIQUE_94760102,,False,1,5
C,1270,100727490,C_UNIQUE_100727490,,False,1,2
C,1271,101981935,C_UNIQUE_101981935,,False,1,4
C,1272,102091178,C_UNIQUE_102091178,,False,1,5
C,1273,99704979,C_UNIQUE_99704979,,False,1,3
C,1274,102654288,C_UNIQUE_102654288,,False,1,1
C,1275,103795950,C_RG_0099,C_RG_0099,True,2,5
C,1276,103308799,C_RG_0055,C_RG_0055,True,2,4
C,1277,103795930,C_RG_0005,C_RG_0005,True,3,5
C,1278,103245620,C_RG_0100,C_RG_0100,True,2,3
C,1279,101972175,C_UNIQUE_101972175,,False,1,2
C,1280,102907672,C_RG_0086,C_RG_0086,True,2,3
C,1281,103442297,C_UNIQUE_103442297,,False,1,5
C,1282,103795891,C_RG_0101,C_RG_0101,True,3,2
C,1283,101629550,C_UNIQUE_101629550,,False,1,5
C,1284,103339072,C_UNIQUE_103339072,,False,1,2
C,1285,103795815,C_UNIQUE_103795815,,False,1,1
C,1286,103795802,C_RG_0102,C_RG_0102,True,2,4
C,1287,103698354,C_UNIQUE_103698354,,False,1,3
C,1288,95706905,C_UNIQUE_95706905,,False,1,3
C,1289,103795799,C_UNIQUE_103795799,,False,1,1
C,1290,98860442,C_UNIQUE_98860442,,False,1,5
C,1291,103252600,C_UNIQUE_103252600,,False,1,2
C,1292,103795699,C_RG_0103,C_RG_0103,True,2,1
C,1293,103795697,C_UNIQUE_103795697,,False,1,2
C,1294,103449900,C_RG_0050,C_RG_0050,True,2,2
C,1295,103359755,C_UNIQUE_103359755,,False,1,4
C,1296,103795669,C_UNIQUE_103795669,,False,1,1
C,1297,103456523,C_UNIQUE_103456523,,False,1,2
C,1298,100414970,C_UNIQUE_100414970,,False,1,5
C,1299,103795631,C_UNIQUE_103795631,,False,1,5
C,1300,102424719,C_UNIQUE_102424719,,False,1,2
C,1301,102424761,C_UNIQUE_102424761,,False,1,1
C,1302,103601526,C_UNIQUE_103601526,,False,1,2
C,1303,103501945,C_UNIQUE_103501945,,False,1,3
C,1304,103795578,C_UNIQUE_103795578,,False,1,5
C,1305,103795519,C_UNIQUE_103795519,,False,1,1
C,1306,103795515,C_UNIQUE_103795515,,False,1,2
C,1307,103795393,C_UNIQUE_103795393,,False,1,2
C,1308,102084307,C_UNIQUE_102084307,,False,1,3
C,1309,102083191,C_UNIQUE_102083191,,False,1,4
C,1310,102860545,C_UNIQUE_102860545,,False,1,4
C,1311,103795460,C_UNIQUE_103795460,,False,1,2
C,1312,103795436,C_UNIQUE_103795436,,False,1,2
C,1313,103795360,C_RG_0104,C_RG_0104,True,2,5
C,1314,103795356,C_UNIQUE_103795356,,False,1,1
C,1315,102530014,C_UNIQUE_102530014,,False,1,3
C,1316,103795432,C_UNIQUE_103795432,,False,1,2
C,1317,103795413,C_UNIQUE_103795413,,False,1,5
C,1318,103729182,C_UNIQUE_103729182,,False,1,2
C,1319,101705724,C_UNIQUE_101705724,,False,1,2
C,1320,103795227,C_UNIQUE_103795227,,False,1,4
C,1321,102082460,C_UNIQUE_102082460,,False,1,2
C,1322,103795288,C_RG_0104,C_RG_0104,True,2,5
C,1323,103567545,C_UNIQUE_103567545,,False,1,2
C,1324,103795203,C_UNIQUE_103795203,,False,1,2
C,1325,103795185,C_UNIQUE_103795185,,False,1,2
C,1326,103795266,C_UNIQUE_103795266,,False,1,4
C,1327,100985420,C_UNIQUE_100985420,,False,1,2
C,1328,103350530,C_RG_0031,C_RG_0031,True,4,1
C,1329,103187946,C_UNIQUE_103187946,,False,1,2
C,1330,103089105,C_UNIQUE_103089105,,False,1,1
C,1331,101517371,C_UNIQUE_101517371,,False,1,1
C,1332,103795120,C_RG_0062,C_RG_0062,True,2,1
C,1333,103795110,C_UNIQUE_103795110,,False,1,2
C,1334,103795107,C_UNIQUE_103795107,,False,1,5
C,1335,103795176,C_UNIQUE_103795176,,False,1,5
C,1336,103795096,C_UNIQUE_103795096,,False,1,5
C,1337,101672290,C_UNIQUE_101672290,,False,1,1
C,1338,101670291,C_UNIQUE_101670291,,False,1,1
C,1339,102882471,C_UNIQUE_102882471,,False,1,4
C,1340,103795148,C_UNIQUE_103795148,,False,1,3
C,1341,103795146,C_UNIQUE_103795146,,False,1,2
C,1342,103511282,C_UNIQUE_103511282,,False,1,1
C,1343,102621739,C_RG_0105,C_RG_0105,True,2,2
C,1344,103794979,C_RG_0106,C_RG_0106,True,2,3
C,1345,103794972,C_UNIQUE_103794972,,False,1,1
C,1346,103794936,C_UNIQUE_103794936,,False,1,5
C,1347,103794908,C_UNIQUE_103794908,,False,1,1
C,1348,102916819,C_UNIQUE_102916819,,False,1,1
C,1349,102916783,C_UNIQUE_102916783,,False,1,5
C,1350,103795068,C_UNIQUE_103795068,,False,1,4
C,1351,97151327,C_UNIQUE_97151327,,False,1,1
C,1352,103538515,C_UNIQUE_103538515,,False,1,4
C,1353,103794883,C_UNIQUE_103794883,,False,1,4
C,1354,103794878,C_UNIQUE_103794878,,False,1,5
C,1355,102905110,C_UNIQUE_102905110,,False,1,5
C,1356,102905091,C_UNIQUE_102905091,,False,1,3
C,1357,102889785,C_UNIQUE_102889785,,False,1,5
C,1358,102889632,C_UNIQUE_102889632,,False,1,3
C,1359,102889068,C_UNIQUE_102889068,,False,1,1
C,1360,102889006,C_UNIQUE_102889006,,False,1,2
C,1361,103795029,C_UNIQUE_103795029,,False,1,3
C,1362,103795016,C_UNIQUE_103795016,,False,1,3
C,1363,103795013,C_UNIQUE_103795013,,False,1,1
C,1364,101837463,C_RG_0033,C_RG_0033,True,2,1
C,1365,103040014,C_UNIQUE_103040014,,False,1,5
C,1366,102843087,C_UNIQUE_102843087,,False,1,1
C,1367,103794729,C_UNIQUE_103794729,,False,1,1
C,1368,103794705,C_UNIQUE_103794705,,False,1,1
C,1369,103794834,C_UNIQUE_103794834,,False,1,5
C,1370,103794832,C_UNIQUE_103794832,,False,1,5
C,1371,103794818,C_UNIQUE_103794818,,False,1,2
C,1372,92387411,C_UNIQUE_92387411,,False,1,3
C,1373,103794803,C_UNIQUE_103794803,,False,1,4
C,1374,103794786,C_UNIQUE_103794786,,False,1,2
C,1375,102297326,C_UNIQUE_102297326,,False,1,3
C,1376,103740282,C_UNIQUE_103740282,,False,1,5
C,1377,103599839,C_UNIQUE_103599839,,False,1,5
C,1378,103794505,C_RG_0107,C_RG_0107,True,2,4
C,1379,103794501,C_UNIQUE_103794501,,False,1,4
C,1380,97828616,C_UNIQUE_97828616,,False,1,5
C,1381,103794477,C_UNIQUE_103794477,,False,1,2
C,1382,103794465,C_UNIQUE_103794465,,False,1,2
C,1383,103794442,C_RG_0108,C_RG_0108,True,2,4
C,1384,101448663,C_UNIQUE_101448663,,False,1,3
C,1385,103794493,C_RG_0109,C_RG_0109,True,2,2
C,1386,103794636,C_RG_0110,C_RG_0110,True,2,1
C,1387,103794620,C_UNIQUE_103794620,,False,1,3
C,1388,103794616,C_UNIQUE_103794616,,False,1,2
C,1389,101970117,C_UNIQUE_101970117,,False,1,5
C,1390,103794402,C_UNIQUE_103794402,,False,1,3
C,1391,103794426,C_UNIQUE_103794426,,False,1,1
C,1392,96105459,C_UNIQUE_96105459,,False,1,3
C,1393,103401180,C_UNIQUE_103401180,,False,1,1
C,1394,103719422,C_UNIQUE_103719422,,False,1,1
C,1395,103420274,C_UNIQUE_103420274,,False,1,3
C,1396,103653183,C_UNIQUE_103653183,,False,1,3
C,1397,103653397,C_RG_0111,C_RG_0111,True,2,4
C,1398,103653399,C_UNIQUE_103653399,,False,1,3
C,1399,103653413,C_UNIQUE_103653413,,False,1,2
C,1400,103794387,C_UNIQUE_103794387,,False,1,5
C,1401,103794219,C_UNIQUE_103794219,,False,1,3
C,1402,102762016,C_RG_0112,C_RG_0112,True,2,2
C,1403,103727115,C_UNIQUE_103727115,,False,1,5
C,1404,103073311,C_UNIQUE_103073311,,False,1,3
C,1405,103031827,C_UNIQUE_103031827,,False,1,3
C,1406,103794347,C_UNIQUE_103794347,,False,1,3
C,1407,97835915,C_UNIQUE_97835915,,False,1,2
C,1408,97833112,C_UNIQUE_97833112,,False,1,3
C,1409,103794328,C_UNIQUE_103794328,,False,1,1
C,1410,97831618,C_UNIQUE_97831618,,False,1,1
C,1411,101833545,C_UNIQUE_101833545,,False,1,4
C,1412,102820417,C_UNIQUE_102820417,,False,1,1
C,1413,100498095,C_UNIQUE_100498095,,False,1,2
C,1414,102820433,C_UNIQUE_102820433,,False,1,2
C,1415,102820395,C_UNIQUE_102820395,,False,1,5
C,1416,102820397,C_RG_0048,C_RG_0048,True,3,4
C,1417,95161540,C_UNIQUE_95161540,,False,1,4
C,1418,103464980,C_UNIQUE_103464980,,False,1,2
C,1419,102827644,C_UNIQUE_102827644,,False,1,2
C,1420,103653187,C_RG_0113,C_RG_0113,True,2,4
C,1421,101624781,C_UNIQUE_101624781,,False,1,5
C,1422,102850319,C_UNIQUE_102850319,,False,1,3
C,1423,102507531,C_UNIQUE_102507531,,False,1,5
C,1424,103188233,C_UNIQUE_103188233,,False,1,3
C,1425,102883481,C_UNIQUE_102883481,,False,1,5
C,1426,103073088,C_UNIQUE_103073088,,False,1,5
C,1427,103204071,C_RG_0112,C_RG_0112,True,2,2
C,1428,103793977,C_RG_0114,C_RG_0114,True,2,3
C,1429,102059971,C_UNIQUE_102059971,,False,1,2
C,1430,101823513,C_UNIQUE_101823513,,False,1,2
C,1431,103794049,C_UNIQUE_103794049,,False,1,1
C,1432,103793928,C_UNIQUE_103793928,,False,1,5
C,1433,103793924,C_UNIQUE_103793924,,False,1,2
C,1434,98072812,C_UNIQUE_98072812,,False,1,1
C,1435,103793938,C_UNIQUE_103793938,,False,1,2
C,1436,103793936,C_UNIQUE_103793936,,False,1,1
C,1437,102820446,C_UNIQUE_102820446,,False,1,5
C,1438,102820176,C_UNIQUE_102820176,,False,1,5
C,1439,102820169,C_RG_0115,C_RG_0115,True,2,5
C,1440,102820476,C_UNIQUE_102820476,,False,1,2
C,1441,102820448,C_UNIQUE_102820448,,False,1,1
C,1442,100511965,C_RG_0116,C_RG_0116,True,2,3
C,1443,103432147,C_UNIQUE_103432147,,False,1,4
C,1444,103794018,C_UNIQUE_103794018,,False,1,2
C,1445,103219662,C_UNIQUE_103219662,,False,1,1
C,1446,103066708,C_UNIQUE_103066708,,False,1,3
C,1447,95697568,C_UNIQUE_95697568,,False,1,5
C,1448,103081545,C_UNIQUE_103081545,,False,1,5
C,1449,103200597,C_UNIQUE_103200597,,False,1,1
C,1450,101624824,C_UNIQUE_101624824,,False,1,2
C,1451,101624705,C_UNIQUE_101624705,,False,1,3
C,1452,103448748,C_UNIQUE_103448748,,False,1,1
C,1453,103793700,C_RG_0117,C_RG_0117,True,2,5
C,1454,103793763,C_UNIQUE_103793763,,False,1,4
C,1455,103793762,C_UNIQUE_103793762,,False,1,3
C,1456,103793742,C_UNIQUE_103793742,,False,1,5
C,1457,101673194,C_UNIQUE_101673194,,False,1,2
C,1458,102464025,C_UNIQUE_102464025,,False,1,2
C,1459,103356717,C_UNIQUE_103356717,,False,1,1
C,1460,102464037,C_UNIQUE_102464037,,False,1,4
C,1461,103282764,C_UNIQUE_103282764,,False,1,2
C,1462,102881026,C_UNIQUE_102881026,,False,1,5
C,1463,101960777,C_UNIQUE_101960777,,False,1,1
C,1464,102880636,C_RG_0118,C_RG_0118,True,2,4
C,1465,102881017,C_UNIQUE_102881017,,False,1,1
C,1466,101960781,C_UNIQUE_101960781,,False,1,2
C,1467,102882132,C_UNIQUE_102882132,,False,1,3
C,1468,102892430,C_UNIQUE_102892430,,False,1,3
C,1469,102892432,C_UNIQUE_102892432,,False,1,3
C,1470,103551285,C_UNIQUE_103551285,,False,1,3
C,1471,102894373,C_RG_0048,C_RG_0048,True,3,4
C,1472,102882136,C_UNIQUE_102882136,,False,1,3
C,1473,102894376,C_UNIQUE_102894376,,False,1,4
C,1474,102882138,C_UNIQUE_102882138,,False,1,4
C,1475,102881313,C_RG_0111,C_RG_0111,True,2,4
C,1476,101960423,C_RG_0119,C_RG_0119,True,2,3
C,1477,102820450,C_RG_0120,C_RG_0120,True,2,5
C,1478,102820649,C_UNIQUE_102820649,,False,1,2
C,1479,103793824,C_UNIQUE_103793824,,False,1,5
C,1480,102159640,C_RG_0100,C_RG_0100,True,2,3
C,1481,102468626,C_UNIQUE_102468626,,False,1,4
C,1482,103624230,C_UNIQUE_103624230,,False,1,5
C,1483,102893089,C_UNIQUE_102893089,,False,1,1
C,1484,102199142,C_RG_0121,C_RG_0121,True,2,1
C,1485,101499810,C_UNIQUE_101499810,,False,1,1
C,1486,103714789,C_RG_0122,C_RG_0122,True,3,3
C,1487,103356674,C_RG_0123,C_RG_0123,True,3,5
C,1488,103301164,C_RG_0124,C_RG_0124,True,3,2
C,1489,103390061,C_UNIQUE_103390061,,False,1,4
C,1490,101624732,C_UNIQUE_101624732,,False,1,1
C,1491,102889904,C_UNIQUE_102889904,,False,1,3
C,1492,103793643,C_RG_0074,C_RG_0074,True,3,2
C,1493,103793473,C_UNIQUE_103793473,,False,1,5
C,1494,103793506,C_UNIQUE_103793506,,False,1,5
C,1495,103793496,C_UNIQUE_103793496,,False,1,4
C,1496,102904007,C_RG_0119,C_RG_0119,True,2,3
C,1497,102889893,C_UNIQUE_102889893,,False,1,4
C,1498,103489956,C_UNIQUE_103489956,,False,1,3
C,1499,103435132,C_RG_0120,C_RG_0120,True,2,5
C,1500,102741031,C_UNIQUE_102741031,,False,1,2
C,1501,102889874,C_UNIQUE_102889874,,False,1,4
C,1502,101763640,C_RG_0010,C_RG_0010,True,4,4
C,1503,102718298,C_UNIQUE_102718298,,False,1,5
C,1504,102717845,C_RG_0118,C_RG_0118,True,2,4
C,1505,103793587,C_UNIQUE_103793587,,False,1,1
C,1506,101989957,C_UNIQUE_101989957,,False,1,2
C,1507,103793534,C_UNIQUE_103793534,,False,1,5
C,1508,103113863,C_UNIQUE_103113863,,False,1,4
C,1509,103793455,C_UNIQUE_103793455,,False,1,4
C,1510,102906295,C_UNIQUE_102906295,,False,1,4
C,1511,103793234,C_UNIQUE_103793234,,False,1,3
C,1512,103793184,C_UNIQUE_103793184,,False,1,1
C,1513,102906287,C_RG_0073,C_RG_0073,True,2,2
C,1514,102400730,C_UNIQUE_102400730,,False,1,1
C,1515,103793204,C_UNIQUE_103793204,,False,1,2
C,1516,103793389,C_UNIQUE_103793389,,False,1,2
C,1517,103793385,C_UNIQUE_103793385,,False,1,1
C,1518,103573434,C_UNIQUE_103573434,,False,1,4
C,1519,103793364,C_UNIQUE_103793364,,False,1,2
C,1520,103793360,C_UNIQUE_103793360,,False,1,4
C,1521,102501000,C_UNIQUE_102501000,,False,1,5
C,1522,103485603,C_UNIQUE_103485603,,False,1,3
C,1523,102593827,C_RG_0125,C_RG_0125,True,3,1
C,1524,102500912,C_RG_0125,C_RG_0125,True,3,1
C,1525,101881452,C_UNIQUE_101881452,,False,1,2
C,1526,103793112,C_UNIQUE_103793112,,False,1,1
C,1527,103793109,C_UNIQUE_103793109,,False,1,2
C,1528,102887335,C_UNIQUE_102887335,,False,1,4
C,1529,102878384,C_UNIQUE_102878384,,False,1,2
C,1530,103793327,C_RG_0126,C_RG_0126,True,2,4
C,1531,100582129,C_UNIQUE_100582129,,False,1,1
C,1532,103793317,C_UNIQUE_103793317,,False,1,3
C,1533,103793316,C_UNIQUE_103793316,,False,1,5
C,1534,103793311,C_UNIQUE_103793311,,False,1,3
C,1535,100481760,C_UNIQUE_100481760,,False,1,4
C,1536,102886577,C_UNIQUE_102886577,,False,1,5
C,1537,103793285,C_UNIQUE_103793285,,False,1,5
C,1538,103793281,C_UNIQUE_103793281,,False,1,5
C,1539,103626074,C_UNIQUE_103626074,,False,1,2
C,1540,102878299,C_UNIQUE_102878299,,False,1,2
C,1541,103652137,C_UNIQUE_103652137,,False,1,1
C,1542,102776037,C_UNIQUE_102776037,,False,1,1
C,1543,101890860,C_UNIQUE_101890860,,False,1,3
C,1544,97543894,C_UNIQUE_97543894,,False,1,1
C,1545,103752445,C_RG_0127,C_RG_0127,True,2,4
C,1546,96426992,C_UNIQUE_96426992,,False,1,3
C,1547,103452020,C_UNIQUE_103452020,,False,1,3
C,1548,103452025,C_UNIQUE_103452025,,False,1,3
C,1549,103452017,C_RG_0128,C_RG_0128,True,3,5
C,1550,103452015,C_RG_0129,C_RG_0129,True,3,3
C,1551,98227923,C_UNIQUE_98227923,,False,1,1
C,1552,102903842,C_UNIQUE_102903842,,False,1,1
C,1553,102916673,C_UNIQUE_102916673,,False,1,1
C,1554,101880348,C_UNIQUE_101880348,,False,1,1
C,1555,103793098,C_UNIQUE_103793098,,False,1,5
C,1556,103792881,C_UNIQUE_103792881,,False,1,1
C,1557,103792843,C_RG_0076,C_RG_0076,True,2,5
C,1558,103462548,C_UNIQUE_103462548,,False,1,4
C,1559,103551709,C_RG_0056,C_RG_0056,True,2,4
C,1560,103793061,C_UNIQUE_103793061,,False,1,3
C,1561,102020919,C_UNIQUE_102020919,,False,1,2
C,1562,103485601,C_RG_0125,C_RG_0125,True,3,1
C,1563,103793045,C_UNIQUE_103793045,,False,1,4
C,1564,103248462,C_UNIQUE_103248462,,False,1,5
C,1565,103766881,C_UNIQUE_103766881,,False,1,2
C,1566,100264116,C_UNIQUE_100264116,,False,1,1
C,1567,103792792,C_UNIQUE_103792792,,False,1,5
C,1568,103792790,C_UNIQUE_103792790,,False,1,2
C,1569,103792781,C_UNIQUE_103792781,,False,1,2
C,1570,103792754,C_UNIQUE_103792754,,False,1,3
C,1571,102473857,C_UNIQUE_102473857,,False,1,2
C,1572,103792765,C_UNIQUE_103792765,,False,1,4
C,1573,103793005,C_UNIQUE_103793005,,False,1,2
C,1574,102234050,C_UNIQUE_102234050,,False,1,4
C,1575,103792979,C_UNIQUE_103792979,,False,1,5
C,1576,103792969,C_RG_0130,C_RG_0130,True,2,4
C,1577,103792968,C_RG_0109,C_RG_0109,True,2,2
C,1578,103792946,C_UNIQUE_103792946,,False,1,1
C,1579,103720640,C_UNIQUE_103720640,,False,1,4
C,1580,101890669,C_UNIQUE_101890669,,False,1,3
C,1581,103792865,C_UNIQUE_103792865,,False,1,4
C,1582,94945757,C_UNIQUE_94945757,,False,1,4
C,1583,102800814,C_UNIQUE_102800814,,False,1,1
C,1584,87127308,C_UNIQUE_87127308,,False,1,1
C,1585,102052469,C_UNIQUE_102052469,,False,1,5
C,1586,99627275,C_UNIQUE_99627275,,False,1,4
C,1587,101697554,C_UNIQUE_101697554,,False,1,3
C,1588,103789690,C_UNIQUE_103789690,,False,1,2
C,1589,103792718,C_UNIQUE_103792718,,False,1,5
C,1590,101969625,C_UNIQUE_101969625,,False,1,4
C,1591,101938509,C_UNIQUE_101938509,,False,1,1
C,1592,103792508,C_UNIQUE_103792508,,False,1,1
C,1593,103792452,C_RG_0102,C_RG_0102,True,2,4
C,1594,102911472,C_UNIQUE_102911472,,False,1,2
C,1595,102903095,C_UNIQUE_102903095,,False,1,4
C,1596,102903047,C_RG_0131,C_RG_0131,True,2,5
C,1597,102903014,C_UNIQUE_102903014,,False,1,4
C,1598,101894208,C_UNIQUE_101894208,,False,1,5
C,1599,103792474,C_UNIQUE_103792474,,False,1,2
C,1600,103792466,C_UNIQUE_103792466,,False,1,3
C,1601,102903141,C_UNIQUE_102903141,,False,1,4
C,1602,102452948,C_UNIQUE_102452948,,False,1,1
C,1603,103792686,C_RG_0132,C_RG_0132,True,2,4
C,1604,100896364,C_UNIQUE_100896364,,False,1,3
C,1605,100271479,C_UNIQUE_100271479,,False,1,5
C,1606,103792653,C_UNIQUE_103792653,,False,1,2
C,1607,103792649,C_UNIQUE_103792649,,False,1,3
C,1608,101895409,C_UNIQUE_101895409,,False,1,4
C,1609,103792631,C_UNIQUE_103792631,,False,1,5
C,1610,101969583,C_UNIQUE_101969583,,False,1,4
C,1611,101997138,C_UNIQUE_101997138,,False,1,5
C,1612,98859046,C_UNIQUE_98859046,,False,1,2
C,1613,100502825,C_UNIQUE_100502825,,False,1,5
C,1614,102856895,C_UNIQUE_102856895,,False,1,1
C,1615,102856891,C_UNIQUE_102856891,,False,1,1
C,1616,102883748,C_RG_0133,C_RG_0133,True,2,3
C,1617,103792599,C_UNIQUE_103792599,,False,1,5
C,1618,103792570,C_UNIQUE_103792570,,False,1,1
C,1619,103792559,C_UNIQUE_103792559,,False,1,3
C,1620,100924995,C_UNIQUE_100924995,,False,1,4
C,1621,95208072,C_UNIQUE_95208072,,False,1,1
C,1622,103041062,C_UNIQUE_103041062,,False,1,3
C,1623,101762518,C_UNIQUE_101762518,,False,1,1
C,1624,103637604,C_UNIQUE_103637604,,False,1,5
C,1625,103470225,C_UNIQUE_103470225,,False,1,3
C,1626,103658209,C_UNIQUE_103658209,,False,1,4
C,1627,103667423,C_UNIQUE_103667423,,False,1,3
C,1628,102314068,C_UNIQUE_102314068,,False,1,4
C,1629,103106401,C_UNIQUE_103106401,,False,1,2
C,1630,100481029,C_UNIQUE_100481029,,False,1,1
C,1631,102747048,C_UNIQUE_102747048,,False,1,3
C,1632,103610495,C_UNIQUE_103610495,,False,1,4
C,1633,103763228,C_UNIQUE_103763228,,False,1,4
C,1634,103792395,C_UNIQUE_103792395,,False,1,1
C,1635,99797644,C_UNIQUE_99797644,,False,1,4
C,1636,103792198,C_UNIQUE_103792198,,False,1,4
C,1637,103792181,C_UNIQUE_103792181,,False,1,1
C,1638,103792173,C_UNIQUE_103792173,,False,1,4
C,1639,102879544,C_RG_0134,C_RG_0134,True,2,4
C,1640,101933895,C_UNIQUE_101933895,,False,1,1
C,1641,103792366,C_UNIQUE_103792366,,False,1,3
C,1642,101005689,C_UNIQUE_101005689,,False,1,4
C,1643,103792363,C_RG_0008,C_RG_0008,True,3,1
C,1644,103792331,C_UNIQUE_103792331,,False,1,2
C,1645,103792329,C_RG_0074,C_RG_0074,True,3,2
C,1646,103665308,C_UNIQUE_103665308,,False,1,5
C,1647,102760831,C_UNIQUE_102760831,,False,1,1
C,1648,103173165,C_UNIQUE_103173165,,False,1,5
C,1649,103792298,C_UNIQUE_103792298,,False,1,3
C,1650,97315489,C_UNIQUE_97315489,,False,1,5
C,1651,103315726,C_UNIQUE_103315726,,False,1,1
C,1652,103289990,C_UNIQUE_103289990,,False,1,3
C,1653,103748225,C_UNIQUE_103748225,,False,1,1
C,1654,103190909,C_RG_0135,C_RG_0135,True,2,1
C,1655,103738015,C_UNIQUE_103738015,,False,1,5
C,1656,103792147,C_UNIQUE_103792147,,False,1,1
C,1657,103792141,C_RG_0015,C_RG_0015,True,2,1
C,1658,103792137,C_RG_0127,C_RG_0127,True,2,4
C,1659,103792169,C_UNIQUE_103792169,,False,1,4
C,1660,103792167,C_UNIQUE_103792167,,False,1,1
C,1661,103738707,C_UNIQUE_103738707,,False,1,2
C,1662,103732912,C_UNIQUE_103732912,,False,1,4
C,1663,103737795,C_UNIQUE_103737795,,False,1,3
C,1664,103792293,C_UNIQUE_103792293,,False,1,2
C,1665,103729534,C_UNIQUE_103729534,,False,1,3
C,1666,103669851,C_UNIQUE_103669851,,False,1,4
C,1667,103735897,C_UNIQUE_103735897,,False,1,4
C,1668,103637655,C_UNIQUE_103637655,,False,1,3
C,1669,103728442,C_UNIQUE_103728442,,False,1,4
C,1670,103352777,C_UNIQUE_103352777,,False,1,3
C,1671,103239594,C_UNIQUE_103239594,,False,1,2
C,1672,102428144,C_UNIQUE_102428144,,False,1,3
C,1673,103792274,C_UNIQUE_103792274,,False,1,1
C,1674,102559387,C_UNIQUE_102559387,,False,1,5
C,1675,103732345,C_UNIQUE_103732345,,False,1,1
C,1676,103518842,C_UNIQUE_103518842,,False,1,2
C,1677,103730142,C_UNIQUE_103730142,,False,1,3
C,1678,103730518,C_UNIQUE_103730518,,False,1,1
C,1679,103730003,C_UNIQUE_103730003,,False,1,3
C,1680,103734787,C_UNIQUE_103734787,,False,1,3
C,1681,103519551,C_UNIQUE_103519551,,False,1,5
C,1682,103502119,C_UNIQUE_103502119,,False,1,1
C,1683,103727934,C_UNIQUE_103727934,,False,1,3
C,1684,103792252,C_UNIQUE_103792252,,False,1,2
C,1685,103700639,C_UNIQUE_103700639,,False,1,2
C,1686,95070175,C_UNIQUE_95070175,,False,1,1
C,1687,103707767,C_UNIQUE_103707767,,False,1,3
C,1688,103792241,C_UNIQUE_103792241,,False,1,1
C,1689,103728312,C_UNIQUE_103728312,,False,1,5
C,1690,103792238,C_UNIQUE_103792238,,False,1,4
C,1691,103564933,C_UNIQUE_103564933,,False,1,3
C,1692,103652972,C_UNIQUE_103652972,,False,1,1
C,1693,103141584,C_UNIQUE_103141584,,False,1,2
C,1694,103658514,C_UNIQUE_103658514,,False,1,3
C,1695,101025143,C_UNIQUE_101025143,,False,1,3
C,1696,103490096,C_UNIQUE_103490096,,False,1,5
C,1697,103500625,C_UNIQUE_103500625,,False,1,2
C,1698,99312797,C_UNIQUE_99312797,,False,1,3
C,1699,103792131,C_RG_0117,C_RG_0117,True,2,5
C,1700,103791973,C_UNIQUE_103791973,,False,1,1
C,1701,103792009,C_UNIQUE_103792009,,False,1,1
C,1702,103792002,C_RG_0136,C_RG_0136,True,2,2
C,1703,97952413,C_UNIQUE_97952413,,False,1,3
C,1704,103792126,C_UNIQUE_103792126,,False,1,2
C,1705,101150862,C_UNIQUE_101150862,,False,1,5
C,1706,103792109,C_UNIQUE_103792109,,False,1,1
C,1707,103792101,C_UNIQUE_103792101,,False,1,3
C,1708,103792095,C_UNIQUE_103792095,,False,1,3
C,1709,102038314,C_UNIQUE_102038314,,False,1,2
C,1710,103792086,C_UNIQUE_103792086,,False,1,5
C,1711,101978840,C_UNIQUE_101978840,,False,1,1
C,1712,103792075,C_UNIQUE_103792075,,False,1,2
C,1713,103792072,C_UNIQUE_103792072,,False,1,4
C,1714,103457730,C_UNIQUE_103457730,,False,1,2
C,1715,103791961,C_UNIQUE_103791961,,False,1,2
C,1716,103791948,C_UNIQUE_103791948,,False,1,5
C,1717,103792067,C_RG_0001,C_RG_0001,True,2,1
C,1718,100913483,C_UNIQUE_100913483,,False,1,2
C,1719,103369412,C_UNIQUE_103369412,,False,1,3
C,1720,103173867,C_UNIQUE_103173867,,False,1,3
C,1721,103479235,C_RG_0137,C_RG_0137,True,2,4
C,1722,103388580,C_UNIQUE_103388580,,False,1,4
C,1723,102449529,C_UNIQUE_102449529,,False,1,5
C,1724,103792053,C_UNIQUE_103792053,,False,1,5
C,1725,102291499,C_UNIQUE_102291499,,False,1,2
C,1726,103792046,C_RG_0064,C_RG_0064,True,2,1
C,1727,103792038,C_UNIQUE_103792038,,False,1,4
C,1728,100931742,C_UNIQUE_100931742,,False,1,4
C,1729,103792030,C_UNIQUE_103792030,,False,1,4
C,1730,103123118,C_UNIQUE_103123118,,False,1,5
C,1731,102333874,C_UNIQUE_102333874,,False,1,2
C,1732,102588405,C_UNIQUE_102588405,,False,1,3
C,1733,103485585,C_UNIQUE_103485585,,False,1,5
C,1734,102079455,C_UNIQUE_102079455,,False,1,4
C,1735,103695799,C_UNIQUE_103695799,,False,1,5
C,1736,103464729,C_UNIQUE_103464729,,False,1,2
C,1737,100445237,C_UNIQUE_100445237,,False,1,1
C,1738,102822588,C_UNIQUE_102822588,,False,1,1
C,1739,103791797,C_UNIQUE_103791797,,False,1,4
C,1740,103412167,C_UNIQUE_103412167,,False,1,1
C,1741,103791934,C_RG_0029,C_RG_0029,True,3,4
C,1742,92713426,C_UNIQUE_92713426,,False,1,1
C,1743,103791779,C_RG_0098,C_RG_0098,True,2,4
C,1744,103791777,C_UNIQUE_103791777,,False,1,4
C,1745,103791776,C_RG_0116,C_RG_0116,True,2,3
C,1746,103791765,C_UNIQUE_103791765,,False,1,2
C,1747,103791750,C_UNIQUE_103791750,,False,1,3
C,1748,102893752,C_UNIQUE_102893752,,False,1,2
C,1749,103791793,C_UNIQUE_103791793,,False,1,5
C,1750,103461517,C_UNIQUE_103461517,,False,1,4
C,1751,95030334,C_UNIQUE_95030334,,False,1,5
C,1752,85487683,C_UNIQUE_85487683,,False,1,2
C,1753,103628532,C_UNIQUE_103628532,,False,1,1
C,1754,103791874,C_UNIQUE_103791874,,False,1,5
C,1755,92003273,C_UNIQUE_92003273,,False,1,3
C,1756,103791709,C_UNIQUE_103791709,,False,1,4
C,1757,103791707,C_UNIQUE_103791707,,False,1,4
C,1758,103791734,C_UNIQUE_103791734,,False,1,2
C,1759,103791869,C_UNIQUE_103791869,,False,1,2
C,1760,103740800,C_UNIQUE_103740800,,False,1,4
C,1761,103791864,C_UNIQUE_103791864,,False,1,5
C,1762,103791854,C_UNIQUE_103791854,,False,1,5
C,1763,103791845,C_UNIQUE_103791845,,False,1,5
C,1764,102754696,C_UNIQUE_102754696,,False,1,5
C,1765,103791818,C_UNIQUE_103791818,,False,1,4
C,1766,103347573,C_UNIQUE_103347573,,False,1,4
C,1767,102588406,C_UNIQUE_102588406,,False,1,2
C,1768,101652348,C_UNIQUE_101652348,,False,1,3
C,1769,103791808,C_UNIQUE_103791808,,False,1,5
C,1770,103621456,C_UNIQUE_103621456,,False,1,2
C,1771,103791562,C_UNIQUE_103791562,,False,1,3
C,1772,102968238,C_UNIQUE_102968238,,False,1,3
C,1773,103634450,C_UNIQUE_103634450,,False,1,2
C,1774,101975367,C_UNIQUE_101975367,,False,1,3
C,1775,103791691,C_UNIQUE_103791691,,False,1,4
C,1776,97456389,C_UNIQUE_97456389,,False,1,4
C,1777,103791681,C_UNIQUE_103791681,,False,1,3
C,1778,102835208,C_UNIQUE_102835208,,False,1,3
C,1779,100723840,C_UNIQUE_100723840,,False,1,5
C,1780,99785850,C_UNIQUE_99785850,,False,1,2
C,1781,102383904,C_UNIQUE_102383904,,False,1,4
C,1782,102906044,C_UNIQUE_102906044,,False,1,2
C,1783,103791668,C_UNIQUE_103791668,,False,1,1
C,1784,103791666,C_UNIQUE_103791666,,False,1,4
C,1785,101830324,C_UNIQUE_101830324,,False,1,2
C,1786,103791661,C_UNIQUE_103791661,,False,1,2
C,1787,103791654,C_UNIQUE_103791654,,False,1,1
C,1788,103071710,C_UNIQUE_103071710,,False,1,5
C,1789,103791652,C_RG_0063,C_RG_0063,True,2,4
C,1790,101278339,C_UNIQUE_101278339,,False,1,3
C,1791,103791635,C_UNIQUE_103791635,,False,1,2
C,1792,103694365,C_UNIQUE_103694365,,False,1,2
C,1793,103791396,C_UNIQUE_103791396,,False,1,5
C,1794,103791624,C_UNIQUE_103791624,,False,1,4
C,1795,86318472,C_UNIQUE_86318472,,False,1,2
C,1796,103538407,C_UNIQUE_103538407,,False,1,1
C,1797,102681253,C_UNIQUE_102681253,,False,1,1
C,1798,103068119,C_UNIQUE_103068119,,False,1,1
C,1799,103791594,C_UNIQUE_103791594,,False,1,4
C,1800,103791592,C_UNIQUE_103791592,,False,1,4
C,1801,102587559,C_UNIQUE_102587559,,False,1,4
C,1802,102302792,C_UNIQUE_102302792,,False,1,3
C,1803,103427019,C_UNIQUE_103427019,,False,1,5
C,1804,103713277,C_UNIQUE_103713277,,False,1,4
C,1805,102164246,C_UNIQUE_102164246,,False,1,3
C,1806,102958432,C_UNIQUE_102958432,,False,1,3
C,1807,103770527,C_UNIQUE_103770527,,False,1,5
C,1808,99320652,C_UNIQUE_99320652,,False,1,3
C,1809,101888749,C_UNIQUE_101888749,,False,1,2
C,1810,92817548,C_UNIQUE_92817548,,False,1,2
C,1811,101889227,C_UNIQUE_101889227,,False,1,3
C,1812,103214657,C_UNIQUE_103214657,,False,1,3
C,1813,103791374,C_UNIQUE_103791374,,False,1,1
C,1814,103689427,C_UNIQUE_103689427,,False,1,2
C,1815,101187396,C_UNIQUE_101187396,,False,1,5
C,1816,103791353,C_UNIQUE_103791353,,False,1,1
C,1817,103791198,C_UNIQUE_103791198,,False,1,4
C,1818,102348665,C_UNIQUE_102348665,,False,1,5
C,1819,103791217,C_UNIQUE_103791217,,False,1,5
C,1820,103791338,C_UNIQUE_103791338,,False,1,3
C,1821,103150150,C_UNIQUE_103150150,,False,1,5
C,1822,102988049,C_RG_0138,C_RG_0138,True,2,4
C,1823,101987861,C_UNIQUE_101987861,,False,1,3
C,1824,103791160,C_RG_0136,C_RG_0136,True,2,2
C,1825,103791154,C_UNIQUE_103791154,,False,1,2
C,1826,103791129,C_UNIQUE_103791129,,False,1,3
C,1827,102768584,C_UNIQUE_102768584,,False,1,4
C,1828,102568234,C_UNIQUE_102568234,,False,1,3
C,1829,103791297,C_UNIQUE_103791297,,False,1,1
C,1830,103791296,C_RG_0079,C_RG_0079,True,2,3
C,1831,103791288,C_UNIQUE_103791288,,False,1,5
C,1832,103791287,C_UNIQUE_103791287,,False,1,1
C,1833,102900624,C_RG_0139,C_RG_0139,True,2,4
C,1834,102900042,C_UNIQUE_102900042,,False,1,5
C,1835,102900034,C_UNIQUE_102900034,,False,1,2
C,1836,101531112,C_UNIQUE_101531112,,False,1,1
C,1837,103791271,C_UNIQUE_103791271,,False,1,5
C,1838,101513680,C_UNIQUE_101513680,,False,1,5
C,1839,103253282,C_UNIQUE_103253282,,False,1,1
C,1840,103331391,C_UNIQUE_103331391,,False,1,5
C,1841,103791254,C_UNIQUE_103791254,,False,1,4
C,1842,99060601,C_UNIQUE_99060601,,False,1,3
C,1843,103302624,C_UNIQUE_103302624,,False,1,1
C,1844,99062291,C_UNIQUE_99062291,,False,1,2
C,1845,101645655,C_UNIQUE_101645655,,False,1,5
C,1846,101645678,C_RG_0140,C_RG_0140,True,2,1
C,1847,101848068,C_UNIQUE_101848068,,False,1,1
C,1848,101645434,C_RG_0140,C_RG_0140,True,2,1
C,1849,101984721,C_RG_0139,C_RG_0139,True,2,4
C,1850,101984712,C_UNIQUE_101984712,,False,1,5
C,1851,100701657,C_UNIQUE_100701657,,False,1,1
C,1852,101816977,C_UNIQUE_101816977,,False,1,5
C,1853,101984714,C_UNIQUE_101984714,,False,1,2
C,1854,101862249,C_UNIQUE_101862249,,False,1,2
C,1855,101862370,C_UNIQUE_101862370,,False,1,1
C,1856,103354341,C_UNIQUE_103354341,,False,1,2
C,1857,102186273,C_UNIQUE_102186273,,False,1,4
C,1858,103638368,C_UNIQUE_103638368,,False,1,5
C,1859,103638367,C_UNIQUE_103638367,,False,1,3
C,1860,103436724,C_UNIQUE_103436724,,False,1,3
C,1861,103790822,C_UNIQUE_103790822,,False,1,5
C,1862,103790789,C_UNIQUE_103790789,,False,1,4
C,1863,103791025,C_UNIQUE_103791025,,False,1,2
C,1864,103790673,C_UNIQUE_103790673,,False,1,5
C,1865,103790703,C_UNIQUE_103790703,,False,1,5
C,1866,103790693,C_UNIQUE_103790693,,False,1,3
C,1867,103790692,C_UNIQUE_103790692,,False,1,2
C,1868,103372856,C_UNIQUE_103372856,,False,1,5
C,1869,102783369,C_UNIQUE_102783369,,False,1,4
C,1870,103790933,C_UNIQUE_103790933,,False,1,4
C,1871,100598613,C_UNIQUE_100598613,,False,1,2
C,1872,103316101,C_UNIQUE_103316101,,False,1,3
C,1873,103314204,C_UNIQUE_103314204,,False,1,3
C,1874,102987584,C_UNIQUE_102987584,,False,1,3
C,1875,103399608,C_UNIQUE_103399608,,False,1,2
C,1876,103628756,C_UNIQUE_103628756,,False,1,4
C,1877,99053367,C_UNIQUE_99053367,,False,1,2
C,1878,103470204,C_UNIQUE_103470204,,False,1,3
C,1879,103245262,C_RG_0141,C_RG_0141,True,2,2
C,1880,103245254,C_RG_0141,C_RG_0141,True,2,2
C,1881,102285926,C_UNIQUE_102285926,,False,1,4
C,1882,103790238,C_RG_0142,C_RG_0142,True,2,1
C,1883,103790324,C_UNIQUE_103790324,,False,1,3
C,1884,103790302,C_UNIQUE_103790302,,False,1,5
C,1885,102549734,C_UNIQUE_102549734,,False,1,1
C,1886,103790563,C_UNIQUE_103790563,,False,1,2
C,1887,103790558,C_UNIQUE_103790558,,False,1,4
C,1888,103758671,C_RG_0143,C_RG_0143,True,3,3
C,1889,103790549,C_UNIQUE_103790549,,False,1,4
C,1890,103790546,C_UNIQUE_103790546,,False,1,2
C,1891,102894595,C_UNIQUE_102894595,,False,1,5
C,1892,103790522,C_UNIQUE_103790522,,False,1,3
C,1893,103790119,C_RG_0142,C_RG_0142,True,2,1
C,1894,99371865,C_UNIQUE_99371865,,False,1,4
C,1895,101589350,C_UNIQUE_101589350,,False,1,1
C,1896,102669171,C_UNIQUE_102669171,,False,1,2
C,1897,102483884,C_UNIQUE_102483884,,False,1,5
C,1898,101812621,C_UNIQUE_101812621,,False,1,1
C,1899,103471564,C_UNIQUE_103471564,,False,1,5
C,1900,103583113,C_UNIQUE_103583113,,False,1,1
C,1901,103075737,C_UNIQUE_103075737,,False,1,1
C,1902,103790452,C_UNIQUE_103790452,,False,1,2
C,1903,103790400,C_UNIQUE_103790400,,False,1,1
C,1904,103655710,C_UNIQUE_103655710,,False,1,2
C,1905,100892637,C_UNIQUE_100892637,,False,1,1
C,1906,103789800,C_UNIQUE_103789800,,False,1,3
C,1907,103789773,C_UNIQUE_103789773,,False,1,1
C,1908,103245282,C_UNIQUE_103245282,,False,1,1
C,1909,92973147,C_UNIQUE_92973147,,False,1,1
C,1910,103790073,C_UNIQUE_103790073,,False,1,5
C,1911,103789731,C_RG_0101,C_RG_0101,True,3,2
C,1912,103789713,C_UNIQUE_103789713,,False,1,4
C,1913,103790053,C_UNIQUE_103790053,,False,1,2
C,1914,103790048,C_UNIQUE_103790048,,False,1,4
C,1915,103763890,C_UNIQUE_103763890,,False,1,2
C,1916,103596327,C_UNIQUE_103596327,,False,1,1
C,1917,103553140,C_UNIQUE_103553140,,False,1,4
C,1918,103790037,C_UNIQUE_103790037,,False,1,1
C,1919,103790035,C_UNIQUE_103790035,,False,1,2
C,1920,103790031,C_RG_0144,C_RG_0144,True,3,5
C,1921,103790007,C_UNIQUE_103790007,,False,1,5
C,1922,96882028,C_UNIQUE_96882028,,False,1,1
C,1923,102385914,C_UNIQUE_102385914,,False,1,1
C,1924,103758407,C_RG_0143,C_RG_0143,True,3,3
C,1925,103758389,C_RG_0143,C_RG_0143,True,3,3
C,1926,103789952,C_UNIQUE_103789952,,False,1,2
C,1927,103150689,C_UNIQUE_103150689,,False,1,5
C,1928,103168254,C_UNIQUE_103168254,,False,1,2
C,1929,103727540,C_UNIQUE_103727540,,False,1,4
C,1930,101949261,C_UNIQUE_101949261,,False,1,3
C,1931,103789538,C_UNIQUE_103789538,,False,1,1
C,1932,103789652,C_UNIQUE_103789652,,False,1,2
C,1933,103789637,C_UNIQUE_103789637,,False,1,2
C,1934,103758821,C_UNIQUE_103758821,,False,1,2
C,1935,103432650,C_UNIQUE_103432650,,False,1,4
C,1936,103789831,C_UNIQUE_103789831,,False,1,1
C,1937,103789826,C_UNIQUE_103789826,,False,1,1
C,1938,89599240,C_UNIQUE_89599240,,False,1,5
C,1939,103538513,C_RG_0145,C_RG_0145,True,2,1
C,1940,103539417,C_UNIQUE_103539417,,False,1,4
C,1941,103245243,C_UNIQUE_103245243,,False,1,2
C,1942,101035073,C_UNIQUE_101035073,,False,1,5
C,1943,100415483,C_UNIQUE_100415483,,False,1,3
C,1944,103789152,C_UNIQUE_103789152,,False,1,3
C,1945,103789147,C_UNIQUE_103789147,,False,1,1
C,1946,103789209,C_UNIQUE_103789209,,False,1,4
C,1947,103789186,C_UNIQUE_103789186,,False,1,3
C,1948,103789206,C_UNIQUE_103789206,,False,1,2
C,1949,103464196,C_UNIQUE_103464196,,False,1,4
C,1950,102767028,C_UNIQUE_102767028,,False,1,1
C,1951,103789461,C_UNIQUE_103789461,,False,1,3
C,1952,103789458,C_UNIQUE_103789458,,False,1,4
C,1953,103789445,C_UNIQUE_103789445,,False,1,4
C,1954,101709577,C_UNIQUE_101709577,,False,1,2
C,1955,102652094,C_RG_0146,C_RG_0146,True,2,3
C,1956,103650886,C_UNIQUE_103650886,,False,1,1
C,1957,102652195,C_RG_0146,C_RG_0146,True,2,3
C,1958,102703970,C_UNIQUE_102703970,,False,1,1
C,1959,103650466,C_UNIQUE_103650466,,False,1,2
C,1960,103607257,C_UNIQUE_103607257,,False,1,4
C,1961,103789368,C_UNIQUE_103789368,,False,1,3
C,1962,103789133,C_UNIQUE_103789133,,False,1,2
C,1963,103789131,C_UNIQUE_103789131,,False,1,3
C,1964,103789126,C_UNIQUE_103789126,,False,1,5
C,1965,103789081,C_UNIQUE_103789081,,False,1,3
C,1966,102017052,C_UNIQUE_102017052,,False,1,5
C,1967,103563900,C_UNIQUE_103563900,,False,1,3
C,1968,103789354,C_UNIQUE_103789354,,False,1,5
C,1969,103238106,C_UNIQUE_103238106,,False,1,1
C,1970,103284346,C_UNIQUE_103284346,,False,1,1
C,1971,103676953,C_UNIQUE_103676953,,False,1,2
C,1972,103789305,C_RG_0085,C_RG_0085,True,2,3
C,1973,101939273,C_UNIQUE_101939273,,False,1,5
C,1974,102195277,C_UNIQUE_102195277,,False,1,4
C,1975,103351787,C_UNIQUE_103351787,,False,1,1
C,1976,102859147,C_UNIQUE_102859147,,False,1,3
C,1977,102893179,C_UNIQUE_102893179,,False,1,5
C,1978,102675888,C_UNIQUE_102675888,,False,1,2
C,1979,102892159,C_UNIQUE_102892159,,False,1,2
C,1980,101358543,C_UNIQUE_101358543,,False,1,4
C,1981,103330589,C_UNIQUE_103330589,,False,1,2
C,1982,103740398,C_UNIQUE_103740398,,False,1,4
C,1983,103492444,C_RG_0147,C_RG_0147,True,2,5
C,1984,103588026,C_RG_0148,C_RG_0148,True,2,4
C,1985,103607557,C_UNIQUE_103607557,,False,1,2
C,1986,103607231,C_RG_0148,C_RG_0148,True,2,4
C,1987,103166641,C_UNIQUE_103166641,,False,1,4
C,1988,100689905,C_UNIQUE_100689905,,False,1,4
C,1989,103788735,C_UNIQUE_103788735,,False,1,4
C,1990,103245294,C_UNIQUE_103245294,,False,1,1
C,1991,103245290,C_UNIQUE_103245290,,False,1,2
C,1992,103245248,C_UNIQUE_103245248,,False,1,5
C,1993,102166064,C_UNIQUE_102166064,,False,1,2
C,1994,103789019,C_UNIQUE_103789019,,False,1,3
C,1995,103788715,C_RG_0101,C_RG_0101,True,3,2
C,1996,103788669,C_UNIQUE_103788669,,False,1,2
C,1997,103788667,C_UNIQUE_103788667,,False,1,2
C,1998,102306156,C_UNIQUE_102306156,,False,1,1
C,1999,102777832,C_UNIQUE_102777832,,False,1,4
C,2000,103503962,C_UNIQUE_103503962,,False,1,5
C,2001,103788989,C_UNIQUE_103788989,,False,1,4
C,2002,103788963,C_UNIQUE_103788963,,False,1,4
C,2003,102775286,C_UNIQUE_102775286,,False,1,5
C,2004,102374471,C_UNIQUE_102374471,,False,1,4
C,2005,102669178,C_UNIQUE_102669178,,False,1,4
C,2006,102637377,C_UNIQUE_102637377,,False,1,4
C,2007,103788576,C_UNIQUE_103788576,,False,1,2
C,2008,103788623,C_UNIQUE_103788623,,False,1,1
C,2009,103788603,C_UNIQUE_103788603,,False,1,3
C,2010,103788586,C_UNIQUE_103788586,,False,1,5
C,2011,103788585,C_UNIQUE_103788585,,False,1,1
C,2012,103788578,C_UNIQUE_103788578,,False,1,1
C,2013,103053414,C_UNIQUE_103053414,,False,1,4
C,2014,103541232,C_RG_0105,C_RG_0105,True,2,2
C,2015,103180566,C_RG_0149,C_RG_0149,True,2,4
C,2016,103788824,C_UNIQUE_103788824,,False,1,2
C,2017,92879606,C_UNIQUE_92879606,,False,1,4
C,2018,100793120,C_UNIQUE_100793120,,False,1,5
C,2019,99499203,C_UNIQUE_99499203,,False,1,1
C,2020,103788782,C_UNIQUE_103788782,,False,1,2
C,2021,103356300,C_UNIQUE_103356300,,False,1,2
C,2022,103667621,C_UNIQUE_103667621,,False,1,5
C,2023,102340257,C_UNIQUE_102340257,,False,1,1
C,2024,103667407,C_UNIQUE_103667407,,False,1,3
C,2025,103623086,C_RG_0150,C_RG_0150,True,2,1
C,2026,103685469,C_UNIQUE_103685469,,False,1,5
C,2027,103623103,C_UNIQUE_103623103,,False,1,5
C,2028,99722795,C_UNIQUE_99722795,,False,1,2
C,2029,103705347,C_UNIQUE_103705347,,False,1,3
C,2030,103609749,C_UNIQUE_103609749,,False,1,2
C,2031,103607338,C_UNIQUE_103607338,,False,1,4
C,2032,103407021,C_RG_0145,C_RG_0145,True,2,1
C,2033,103081577,C_UNIQUE_103081577,,False,1,3
C,2034,83436537,C_UNIQUE_83436537,,False,1,4
C,2035,101679663,C_UNIQUE_101679663,,False,1,5
C,2036,103245273,C_UNIQUE_103245273,,False,1,5
C,2037,103667507,C_UNIQUE_103667507,,False,1,3
C,2038,103734054,C_UNIQUE_103734054,,False,1,3
C,2039,103530951,C_UNIQUE_103530951,,False,1,1
C,2040,103788568,C_UNIQUE_103788568,,False,1,2
C,2041,103788556,C_UNIQUE_103788556,,False,1,5
C,2042,103788322,C_UNIQUE_103788322,,False,1,4
C,2043,84424120,C_UNIQUE_84424120,,False,1,5
C,2044,96414936,C_UNIQUE_96414936,,False,1,4
C,2045,99182683,C_UNIQUE_99182683,,False,1,2
C,2046,103678086,C_RG_0151,C_RG_0151,True,2,3
C,2047,70608951,C_UNIQUE_70608951,,False,1,2
C,2048,103563753,C_UNIQUE_103563753,,False,1,1
C,2049,103788256,C_UNIQUE_103788256,,False,1,3
C,2050,103788229,C_UNIQUE_103788229,,False,1,4
C,2051,103788197,C_UNIQUE_103788197,,False,1,1
C,2052,103788265,C_UNIQUE_103788265,,False,1,3
C,2053,103788426,C_UNIQUE_103788426,,False,1,3
C,2054,103769441,C_UNIQUE_103769441,,False,1,5
C,2055,102229930,C_RG_0152,C_RG_0152,True,2,3
C,2056,102999030,C_RG_0153,C_RG_0153,True,2,1
C,2057,103788395,C_UNIQUE_103788395,,False,1,1
C,2058,97763928,C_UNIQUE_97763928,,False,1,5
C,2059,102868863,C_UNIQUE_102868863,,False,1,1
C,2060,102639901,C_UNIQUE_102639901,,False,1,1
C,2061,102002964,C_UNIQUE_102002964,,False,1,4
C,2062,101812262,C_UNIQUE_101812262,,False,1,3
C,2063,103154163,C_UNIQUE_103154163,,False,1,3
C,2064,103154309,C_UNIQUE_103154309,,False,1,3
C,2065,99723027,C_UNIQUE_99723027,,False,1,1
C,2066,99777697,C_UNIQUE_99777697,,False,1,3
C,2067,103667717,C_RG_0154,C_RG_0154,True,2,5
C,2068,103788225,C_UNIQUE_103788225,,False,1,2
C,2069,103788204,C_UNIQUE_103788204,,False,1,4
C,2070,103354877,C_UNIQUE_103354877,,False,1,2
C,2071,103667837,C_UNIQUE_103667837,,False,1,4
C,2072,103788140,C_UNIQUE_103788140,,False,1,5
C,2073,103787955,C_UNIQUE_103787955,,False,1,5
C,2074,102890747,C_UNIQUE_102890747,,False,1,4
C,2075,102879224,C_UNIQUE_102879224,,False,1,1
C,2076,101211243,C_UNIQUE_101211243,,False,1,2
C,2077,103787933,C_RG_0155,C_RG_0155,True,2,5
C,2078,103787934,C_RG_0132,C_RG_0132,True,2,4
C,2079,103787881,C_UNIQUE_103787881,,False,1,5
C,2080,103788136,C_UNIQUE_103788136,,False,1,1
C,2081,103788132,C_UNIQUE_103788132,,False,1,2
C,2082,103034296,C_UNIQUE_103034296,,False,1,4
C,2083,95393056,C_UNIQUE_95393056,,False,1,1
C,2084,103788111,C_UNIQUE_103788111,,False,1,3
C,2085,103788105,C_UNIQUE_103788105,,False,1,1
C,2086,103236815,C_UNIQUE_103236815,,False,1,3
C,2087,103126346,C_UNIQUE_103126346,,False,1,4
C,2088,103788096,C_UNIQUE_103788096,,False,1,2
C,2089,103455771,C_UNIQUE_103455771,,False,1,3
C,2090,103787784,C_UNIQUE_103787784,,False,1,1
C,2091,103787847,C_UNIQUE_103787847,,False,1,1
C,2092,100962748,C_UNIQUE_100962748,,False,1,2
C,2093,102418400,C_UNIQUE_102418400,,False,1,2
C,2094,102539397,C_UNIQUE_102539397,,False,1,4
C,2095,103788022,C_UNIQUE_103788022,,False,1,4
C,2096,103787993,C_UNIQUE_103787993,,False,1,2
C,2097,103510005,C_UNIQUE_103510005,,False,1,5
C,2098,102909602,C_UNIQUE_102909602,,False,1,5
C,2099,101504251,C_UNIQUE_101504251,,False,1,3
C,2100,99675850,C_UNIQUE_99675850,,False,1,5
C,2101,102912430,C_UNIQUE_102912430,,False,1,2
C,2102,102908044,C_UNIQUE_102908044,,False,1,3
C,2103,103648431,C_UNIQUE_103648431,,False,1,3
C,2104,103764321,C_UNIQUE_103764321,,False,1,2
C,2105,103658024,C_UNIQUE_103658024,,False,1,1
C,2106,103787759,C_UNIQUE_103787759,,False,1,5
C,2107,103658277,C_UNIQUE_103658277,,False,1,5
C,2108,103040544,C_UNIQUE_103040544,,False,1,3
C,2109,102663507,C_RG_0156,C_RG_0156,True,2,3
C,2110,103584208,C_UNIQUE_103584208,,False,1,4
C,2111,103787706,C_UNIQUE_103787706,,False,1,5
C,2112,103324053,C_UNIQUE_103324053,,False,1,4
C,2113,103787523,C_UNIQUE_103787523,,False,1,2
C,2114,99459620,C_UNIQUE_99459620,,False,1,2
C,2115,103787528,C_UNIQUE_103787528,,False,1,2
C,2116,103787678,C_UNIQUE_103787678,,False,1,3
C,2117,103787670,C_UNIQUE_103787670,,False,1,3
C,2118,103787668,C_UNIQUE_103787668,,False,1,2
C,2119,103787665,C_RG_0151,C_RG_0151,True,2,3
C,2120,97609039,C_UNIQUE_97609039,,False,1,5
C,2121,103493595,C_RG_0157,C_RG_0157,True,3,3
C,2122,103190155,C_RG_0157,C_RG_0157,True,3,3
C,2123,103458653,C_RG_0158,C_RG_0158,True,2,1
C,2124,103764080,C_UNIQUE_103764080,,False,1,3
C,2125,103787583,C_UNIQUE_103787583,,False,1,4
C,2126,101873761,C_UNIQUE_101873761,,False,1,4
C,2127,103746823,C_UNIQUE_103746823,,False,1,1
C,2128,102493262,C_UNIQUE_102493262,,False,1,1
C,2129,103787563,C_UNIQUE_103787563,,False,1,3
C,2130,101354752,C_UNIQUE_101354752,,False,1,2
C,2131,102871873,C_UNIQUE_102871873,,False,1,5
C,2132,93896616,C_UNIQUE_93896616,,False,1,2
C,2133,103787256,C_UNIQUE_103787256,,False,1,4
C,2134,103787259,C_UNIQUE_103787259,,False,1,3
C,2135,102663512,C_UNIQUE_102663512,,False,1,4
C,2136,102895298,C_UNIQUE_102895298,,False,1,3
C,2137,102758185,C_UNIQUE_102758185,,False,1,3
C,2138,103787448,C_RG_0034,C_RG_0034,True,2,1
C,2139,103787431,C_UNIQUE_103787431,,False,1,5
C,2140,103090089,C_UNIQUE_103090089,,False,1,5
C,2141,103787196,C_UNIQUE_103787196,,False,1,3
C,2142,93588831,C_RG_0058,C_RG_0058,True,2,2
C,2143,102583072,C_UNIQUE_102583072,,False,1,1
C,2144,103347769,C_UNIQUE_103347769,,False,1,1
C,2145,103373098,C_RG_0007,C_RG_0007,True,2,3
C,2146,102371463,C_RG_0045,C_RG_0045,True,3,1
C,2147,103654889,C_UNIQUE_103654889,,False,1,1
C,2148,100275485,C_UNIQUE_100275485,,False,1,1
C,2149,102810009,C_UNIQUE_102810009,,False,1,4
C,2150,103691693,C_UNIQUE_103691693,,False,1,1
C,2151,103659143,C_UNIQUE_103659143,,False,1,3
C,2152,103087781,C_UNIQUE_103087781,,False,1,3
C,2153,103345170,C_UNIQUE_103345170,,False,1,3
C,2154,103306018,C_UNIQUE_103306018,,False,1,2
C,2155,102967087,C_UNIQUE_102967087,,False,1,3
C,2156,100452079,C_UNIQUE_100452079,,False,1,3
C,2157,103787178,C_UNIQUE_103787178,,False,1,3
C,2158,103786973,C_UNIQUE_103786973,,False,1,4
C,2159,103786969,C_UNIQUE_103786969,,False,1,3
C,2160,103446635,C_RG_0159,C_RG_0159,True,2,3
C,2161,103787097,C_UNIQUE_103787097,,False,1,1
C,2162,103672953,C_RG_0041,C_RG_0041,True,2,4
C,2163,103541498,C_UNIQUE_103541498,,False,1,5
C,2164,103287850,C_UNIQUE_103287850,,False,1,4
C,2165,103499703,C_RG_0160,C_RG_0160,True,2,3
C,2166,103787076,C_UNIQUE_103787076,,False,1,5
C,2167,103787045,C_UNIQUE_103787045,,False,1,1
C,2168,103787036,C_UNIQUE_103787036,,False,1,2
C,2169,103787028,C_UNIQUE_103787028,,False,1,3
C,2170,103787016,C_UNIQUE_103787016,,False,1,3
C,2171,103786966,C_UNIQUE_103786966,,False,1,4
C,2172,101758761,C_RG_0131,C_RG_0131,True,2,5
C,2173,103458367,C_UNIQUE_103458367,,False,1,3
C,2174,103786925,C_UNIQUE_103786925,,False,1,1
C,2175,103786920,C_UNIQUE_103786920,,False,1,4
C,2176,103786675,C_UNIQUE_103786675,,False,1,4
C,2177,103786662,C_UNIQUE_103786662,,False,1,4
C,2178,103786672,C_UNIQUE_103786672,,False,1,4
C,2179,103786671,C_UNIQUE_103786671,,False,1,2
C,2180,103786670,C_UNIQUE_103786670,,False,1,1
C,2181,103451491,C_UNIQUE_103451491,,False,1,3
C,2182,101803628,C_UNIQUE_101803628,,False,1,3
C,2183,102961888,C_UNIQUE_102961888,,False,1,3
C,2184,102885470,C_UNIQUE_102885470,,False,1,5
C,2185,103786624,C_UNIQUE_103786624,,False,1,2
C,2186,88501611,C_UNIQUE_88501611,,False,1,3
C,2187,103646394,C_UNIQUE_103646394,,False,1,2
C,2188,75039171,C_UNIQUE_75039171,,False,1,2
C,2189,97939158,C_UNIQUE_97939158,,False,1,4
C,2190,97939462,C_UNIQUE_97939462,,False,1,2
C,2191,97919822,C_UNIQUE_97919822,,False,1,2
C,2192,101140834,C_UNIQUE_101140834,,False,1,5
C,2193,103470396,C_UNIQUE_103470396,,False,1,1
C,2194,103598354,C_UNIQUE_103598354,,False,1,2
C,2195,103470394,C_RG_0159,C_RG_0159,True,2,3
C,2196,103470398,C_UNIQUE_103470398,,False,1,5
C,2197,102992651,C_UNIQUE_102992651,,False,1,5
C,2198,102826023,C_UNIQUE_102826023,,False,1,5
C,2199,103786760,C_RG_0161,C_RG_0161,True,2,5
C,2200,102914021,C_UNIQUE_102914021,,False,1,2
C,2201,103786756,C_RG_0162,C_RG_0162,True,2,5
C,2202,103786746,C_UNIQUE_103786746,,False,1,4
C,2203,103786720,C_UNIQUE_103786720,,False,1,1
C,2204,103786717,C_UNIQUE_103786717,,False,1,3
C,2205,102828617,C_UNIQUE_102828617,,False,1,4
C,2206,102314605,C_UNIQUE_102314605,,False,1,4
C,2207,101735701,C_UNIQUE_101735701,,False,1,2
C,2208,103697980,C_UNIQUE_103697980,,False,1,4
C,2209,103062987,C_UNIQUE_103062987,,False,1,4
C,2210,101727527,C_RG_0038,C_RG_0038,True,3,3
C,2211,101861252,C_UNIQUE_101861252,,False,1,3
C,2212,102990569,C_UNIQUE_102990569,,False,1,1
C,2213,102859385,C_UNIQUE_102859385,,False,1,2
C,2214,103403632,C_RG_0163,C_RG_0163,True,2,2
C,2215,103333082,C_UNIQUE_103333082,,False,1,4
C,2216,102832519,C_RG_0028,C_RG_0028,True,2,4
C,2217,102787620,C_UNIQUE_102787620,,False,1,4
C,2218,103193809,C_UNIQUE_103193809,,False,1,3
C,2219,103623673,C_UNIQUE_103623673,,False,1,3
C,2220,103390811,C_UNIQUE_103390811,,False,1,2
C,2221,103105470,C_UNIQUE_103105470,,False,1,1
C,2222,102664413,C_UNIQUE_102664413,,False,1,2
C,2223,102438966,C_UNIQUE_102438966,,False,1,3
C,2224,103224741,C_UNIQUE_103224741,,False,1,5
C,2225,103413004,C_UNIQUE_103413004,,False,1,5
C,2226,103531600,C_UNIQUE_103531600,,False,1,4
C,2227,98363803,C_UNIQUE_98363803,,False,1,3
C,2228,103238528,C_UNIQUE_103238528,,False,1,4
C,2229,102818177,C_UNIQUE_102818177,,False,1,1
C,2230,102884834,C_UNIQUE_102884834,,False,1,5
C,2231,97081855,C_UNIQUE_97081855,,False,1,1
C,2232,103662225,C_RG_0150,C_RG_0150,True,2,1
C,2233,103368024,C_UNIQUE_103368024,,False,1,1
C,2234,103633863,C_UNIQUE_103633863,,False,1,1
C,2235,90584487,C_UNIQUE_90584487,,False,1,2
C,2236,97389778,C_UNIQUE_97389778,,False,1,3
C,2237,103786362,C_UNIQUE_103786362,,False,1,1
C,2238,103786354,C_UNIQUE_103786354,,False,1,4
C,2239,103786348,C_UNIQUE_103786348,,False,1,5
C,2240,103786379,C_UNIQUE_103786379,,False,1,4
C,2241,103786364,C_UNIQUE_103786364,,False,1,3
C,2242,102905846,C_UNIQUE_102905846,,False,1,5
C,2243,103468045,C_UNIQUE_103468045,,False,1,5
C,2244,93320086,C_UNIQUE_93320086,,False,1,4
C,2245,103786505,C_UNIQUE_103786505,,False,1,1
C,2246,102251979,C_UNIQUE_102251979,,False,1,4
C,2247,98326903,C_UNIQUE_98326903,,False,1,3
C,2248,101246373,C_UNIQUE_101246373,,False,1,3
C,2249,102905088,C_UNIQUE_102905088,,False,1,3
C,2250,103786339,C_UNIQUE_103786339,,False,1,2
C,2251,103786338,C_UNIQUE_103786338,,False,1,1
C,2252,101926333,C_UNIQUE_101926333,,False,1,5
C,2253,100281667,C_UNIQUE_100281667,,False,1,1
C,2254,103357970,C_UNIQUE_103357970,,False,1,3
C,2255,103786434,C_UNIQUE_103786434,,False,1,1
C,2256,103786426,C_UNIQUE_103786426,,False,1,1
C,2257,102013192,C_UNIQUE_102013192,,False,1,4
C,2258,98891306,C_UNIQUE_98891306,,False,1,5
C,2259,103786320,C_UNIQUE_103786320,,False,1,5
C,2260,103786187,C_UNIQUE_103786187,,False,1,3
C,2261,103786208,C_UNIQUE_103786208,,False,1,5
C,2262,102804147,C_UNIQUE_102804147,,False,1,5
C,2263,103013824,C_UNIQUE_103013824,,False,1,3
C,2264,103545160,C_UNIQUE_103545160,,False,1,4
C,2265,103493135,C_UNIQUE_103493135,,False,1,4
C,2266,103347602,C_UNIQUE_103347602,,False,1,2
C,2267,103786266,C_UNIQUE_103786266,,False,1,5
C,2268,103786248,C_UNIQUE_103786248,,False,1,2
C,2269,103786245,C_UNIQUE_103786245,,False,1,2
C,2270,94044194,C_RG_0077,C_RG_0077,True,2,1
C,2271,103786227,C_RG_0108,C_RG_0108,True,2,4
C,2272,100580305,C_UNIQUE_100580305,,False,1,1
C,2273,100227559,C_RG_0032,C_RG_0032,True,2,1
C,2274,103486413,C_UNIQUE_103486413,,False,1,3
C,2275,102777872,C_RG_0039,C_RG_0039,True,2,5
C,2276,102967413,C_UNIQUE_102967413,,False,1,3
C,2277,103786163,C_UNIQUE_103786163,,False,1,4
C,2278,103533002,C_UNIQUE_103533002,,False,1,5
C,2279,103634633,C_UNIQUE_103634633,,False,1,3
C,2280,102487439,C_UNIQUE_102487439,,False,1,5
C,2281,103742171,C_UNIQUE_103742171,,False,1,4
C,2282,101321043,C_UNIQUE_101321043,,False,1,3
C,2283,103694229,C_UNIQUE_103694229,,False,1,4
C,2284,103620338,C_UNIQUE_103620338,,False,1,2
C,2285,102551908,C_UNIQUE_102551908,,False,1,5
C,2286,102551985,C_UNIQUE_102551985,,False,1,5
C,2287,102900206,C_UNIQUE_102900206,,False,1,3
C,2288,103453544,C_UNIQUE_103453544,,False,1,2
C,2289,102906883,C_UNIQUE_102906883,,False,1,5
C,2290,97447033,C_UNIQUE_97447033,,False,1,4
C,2291,102909294,C_UNIQUE_102909294,,False,1,5
C,2292,102881293,C_UNIQUE_102881293,,False,1,4
C,2293,103786053,C_UNIQUE_103786053,,False,1,3
C,2294,101738928,C_UNIQUE_101738928,,False,1,2
C,2295,103411581,C_RG_0164,C_RG_0164,True,2,2
C,2296,103332473,C_UNIQUE_103332473,,False,1,2
C,2297,102984504,C_UNIQUE_102984504,,False,1,4
C,2298,103631940,C_RG_0010,C_RG_0010,True,4,4
C,2299,102440529,C_UNIQUE_102440529,,False,1,1
C,2300,103690965,C_UNIQUE_103690965,,False,1,5
C,2301,102726276,C_UNIQUE_102726276,,False,1,4
C,2302,103785996,C_RG_0018,C_RG_0018,True,2,1
C,2303,103785958,C_UNIQUE_103785958,,False,1,3
C,2304,103785948,C_UNIQUE_103785948,,False,1,2
C,2305,103785919,C_UNIQUE_103785919,,False,1,5
C,2306,103712858,C_UNIQUE_103712858,,False,1,1
C,2307,103633658,C_UNIQUE_103633658,,False,1,4
C,2308,102998319,C_UNIQUE_102998319,,False,1,2
C,2309,101003861,C_UNIQUE_101003861,,False,1,1
C,2310,92463126,C_UNIQUE_92463126,,False,1,2
C,2311,103785740,C_UNIQUE_103785740,,False,1,3
C,2312,103309896,C_UNIQUE_103309896,,False,1,3
C,2313,101928216,C_UNIQUE_101928216,,False,1,1
C,2314,102883575,C_UNIQUE_102883575,,False,1,5
C,2315,101785819,C_UNIQUE_101785819,,False,1,1
C,2316,103785827,C_UNIQUE_103785827,,False,1,5
C,2317,102937084,C_UNIQUE_102937084,,False,1,3
C,2318,102964752,C_UNIQUE_102964752,,False,1,4
C,2319,102725391,C_UNIQUE_102725391,,False,1,4
C,2320,102052545,C_UNIQUE_102052545,,False,1,5
C,2321,102917500,C_UNIQUE_102917500,,False,1,3
C,2322,103318000,C_UNIQUE_103318000,,False,1,5
C,2323,101967616,C_RG_0165,C_RG_0165,True,2,4
C,2324,103685223,C_UNIQUE_103685223,,False,1,5
C,2325,102725192,C_UNIQUE_102725192,,False,1,3
C,2326,103607063,C_UNIQUE_103607063,,False,1,3
C,2327,103468768,C_RG_0129,C_RG_0129,True,3,3
C,2328,102984559,C_UNIQUE_102984559,,False,1,3
C,2329,103053777,C_RG_0128,C_RG_0128,True,3,5
C,2330,102888198,C_UNIQUE_102888198,,False,1,5
C,2331,103785652,C_UNIQUE_103785652,,False,1,1
C,2332,103245356,C_RG_0135,C_RG_0135,True,2,1
C,2333,103356892,C_RG_0137,C_RG_0137,True,2,4
C,2334,100177679,C_UNIQUE_100177679,,False,1,3
C,2335,102434100,C_UNIQUE_102434100,,False,1,5
C,2336,103785761,C_UNIQUE_103785761,,False,1,5
C,2337,103785760,C_UNIQUE_103785760,,False,1,5
C,2338,103785759,C_UNIQUE_103785759,,False,1,4
C,2339,103785758,C_UNIQUE_103785758,,False,1,4
C,2340,102460506,C_UNIQUE_102460506,,False,1,4
C,2341,103779946,C_UNIQUE_103779946,,False,1,4
C,2342,103785752,C_UNIQUE_103785752,,False,1,1
C,2343,103785737,C_UNIQUE_103785737,,False,1,2
C,2344,101349330,C_UNIQUE_101349330,,False,1,1
C,2345,102679369,C_UNIQUE_102679369,,False,1,3
C,2346,99150727,C_UNIQUE_99150727,,False,1,3
C,2347,101997596,C_RG_0166,C_RG_0166,True,2,4
C,2348,103762576,C_UNIQUE_103762576,,False,1,2
C,2349,102427847,C_UNIQUE_102427847,,False,1,5
C,2350,103618862,C_RG_0038,C_RG_0038,True,3,3
C,2351,103693017,C_UNIQUE_103693017,,False,1,2
C,2352,102430264,C_UNIQUE_102430264,,False,1,4
C,2353,103606336,C_RG_0031,C_RG_0031,True,4,1
C,2354,101057846,C_UNIQUE_101057846,,False,1,4
C,2355,103785465,C_UNIQUE_103785465,,False,1,1
C,2356,103785461,C_UNIQUE_103785461,,False,1,5
C,2357,103785555,C_UNIQUE_103785555,,False,1,4
C,2358,103245284,C_RG_0123,C_RG_0123,True,3,5
C,2359,103070459,C_RG_0167,C_RG_0167,True,2,1
C,2360,102440656,C_RG_0167,C_RG_0167,True,2,1
C,2361,102434103,C_RG_0122,C_RG_0122,True,3,3
C,2362,103677615,C_UNIQUE_103677615,,False,1,1
C,2363,102982710,C_RG_0122,C_RG_0122,True,3,3
C,2364,102943672,C_UNIQUE_102943672,,False,1,4
C,2365,103228865,C_UNIQUE_103228865,,False,1,5
C,2366,103785517,C_UNIQUE_103785517,,False,1,1
C,2367,102545215,C_UNIQUE_102545215,,False,1,5
C,2368,102896432,C_UNIQUE_102896432,,False,1,1
C,2369,102908581,C_UNIQUE_102908581,,False,1,5
C,2370,103184872,C_UNIQUE_103184872,,False,1,3
C,2371,103403504,C_UNIQUE_103403504,,False,1,1
C,2372,103785444,C_RG_0168,C_RG_0168,True,2,4
C,2373,103785370,C_UNIQUE_103785370,,False,1,4
C,2374,103785363,C_UNIQUE_103785363,,False,1,2
C,2375,98796275,C_UNIQUE_98796275,,False,1,4
C,2376,102899522,C_UNIQUE_102899522,,False,1,2
C,2377,98797656,C_UNIQUE_98797656,,False,1,1
C,2378,103785433,C_UNIQUE_103785433,,False,1,4
C,2379,102694938,C_UNIQUE_102694938,,False,1,1
C,2380,100275393,C_UNIQUE_100275393,,False,1,4
C,2381,103785417,C_UNIQUE_103785417,,False,1,5
C,2382,103785353,C_UNIQUE_103785353,,False,1,2
C,2383,103785351,C_UNIQUE_103785351,,False,1,5
C,2384,101042108,C_RG_0107,C_RG_0107,True,2,4
C,2385,102433514,C_UNIQUE_102433514,,False,1,2
C,2386,103310232,C_RG_0123,C_RG_0123,True,3,5
C,2387,102434101,C_UNIQUE_102434101,,False,1,4
C,2388,103245325,C_RG_0124,C_RG_0124,True,3,2
C,2389,102330971,C_UNIQUE_102330971,,False,1,1
C,2390,103785384,C_UNIQUE_103785384,,False,1,1
C,2391,100950638,C_UNIQUE_100950638,,False,1,4
C,2392,98985239,C_UNIQUE_98985239,,False,1,3
C,2393,103357536,C_UNIQUE_103357536,,False,1,3
C,2394,103357913,C_UNIQUE_103357913,,False,1,4
C,2395,103009987,C_RG_0103,C_RG_0103,True,2,1
C,2396,103785334,C_UNIQUE_103785334,,False,1,4
C,2397,102648738,C_UNIQUE_102648738,,False,1,1
C,2398,101587176,C_UNIQUE_101587176,,False,1,1
C,2399,98987523,C_UNIQUE_98987523,,False,1,5
C,2400,93173193,C_UNIQUE_93173193,,False,1,3
C,2401,101698530,C_UNIQUE_101698530,,False,1,5
C,2402,101698991,C_UNIQUE_101698991,,False,1,4
C,2403,101699738,C_UNIQUE_101699738,,False,1,4
C,2404,101977802,C_UNIQUE_101977802,,False,1,2
C,2405,98721067,C_UNIQUE_98721067,,False,1,1
C,2406,98721264,C_UNIQUE_98721264,,False,1,5
C,2407,98525479,C_UNIQUE_98525479,,False,1,5
C,2408,79667709,C_UNIQUE_79667709,,False,1,4
C,2409,92554367,C_UNIQUE_92554367,,False,1,4
C,2410,89685429,C_UNIQUE_89685429,,False,1,5
C,2411,99985046,C_UNIQUE_99985046,,False,1,4
C,2412,99985153,C_UNIQUE_99985153,,False,1,1
C,2413,101975297,C_UNIQUE_101975297,,False,1,2
C,2414,103785214,C_UNIQUE_103785214,,False,1,1
C,2415,103785215,C_RG_0078,C_RG_0078,True,3,4
C,2416,101244556,C_UNIQUE_101244556,,False,1,5
C,2417,101056102,C_UNIQUE_101056102,,False,1,3
C,2418,99986664,C_UNIQUE_99986664,,False,1,3
C,2419,100017165,C_UNIQUE_100017165,,False,1,5
C,2420,103785245,C_UNIQUE_103785245,,False,1,5
C,2421,103785243,C_UNIQUE_103785243,,False,1,4
C,2422,103785239,C_RG_0169,C_RG_0169,True,2,2
C,2423,103169503,C_UNIQUE_103169503,,False,1,2
C,2424,103664187,C_UNIQUE_103664187,,False,1,4
C,2425,103661229,C_UNIQUE_103661229,,False,1,2
C,2426,103645235,C_UNIQUE_103645235,,False,1,4
C,2427,102001528,C_UNIQUE_102001528,,False,1,3
C,2428,102528106,C_UNIQUE_102528106,,False,1,1
C,2429,103559029,C_UNIQUE_103559029,,False,1,5
C,2430,99986793,C_UNIQUE_99986793,,False,1,3
C,2431,103785113,C_RG_0170,C_RG_0170,True,2,3
C,2432,103560885,C_UNIQUE_103560885,,False,1,2
C,2433,103433826,C_UNIQUE_103433826,,False,1,1
C,2434,103741989,C_RG_0147,C_RG_0147,True,2,5
C,2435,103785103,C_UNIQUE_103785103,,False,1,3
C,2436,103785082,C_UNIQUE_103785082,,False,1,5
C,2437,103785081,C_UNIQUE_103785081,,False,1,1
C,2438,102893091,C_UNIQUE_102893091,,False,1,2
C,2439,103785090,C_UNIQUE_103785090,,False,1,4
C,2440,103785074,C_UNIQUE_103785074,,False,1,2
C,2441,100997899,C_UNIQUE_100997899,,False,1,1
C,2442,102284833,C_UNIQUE_102284833,,False,1,1
C,2443,103217208,C_UNIQUE_103217208,,False,1,2
C,2444,101862624,C_UNIQUE_101862624,,False,1,5
C,2445,101794757,C_UNIQUE_101794757,,False,1,4
C,2446,103785021,C_UNIQUE_103785021,,False,1,4
C,2447,103785028,C_UNIQUE_103785028,,False,1,1
C,2448,103473643,C_UNIQUE_103473643,,False,1,1
C,2449,103784995,C_UNIQUE_103784995,,False,1,1
C,2450,100341723,C_UNIQUE_100341723,,False,1,1
C,2451,102870638,C_UNIQUE_102870638,,False,1,4
C,2452,103784980,C_UNIQUE_103784980,,False,1,2
C,2453,103784958,C_UNIQUE_103784958,,False,1,3
C,2454,102098867,C_UNIQUE_102098867,,False,1,1
C,2455,102098877,C_RG_0171,C_RG_0171,True,2,1
C,2456,82551350,C_UNIQUE_82551350,,False,1,2
C,2457,102574725,C_UNIQUE_102574725,,False,1,5
C,2458,103784914,C_UNIQUE_103784914,,False,1,5
C,2459,102874027,C_UNIQUE_102874027,,False,1,5
C,2460,102844096,C_UNIQUE_102844096,,False,1,2
C,2461,102873978,C_UNIQUE_102873978,,False,1,5
C,2462,102844024,C_UNIQUE_102844024,,False,1,5
C,2463,102124597,C_UNIQUE_102124597,,False,1,5
C,2464,102308247,C_UNIQUE_102308247,,False,1,5
C,2465,103401844,C_UNIQUE_103401844,,False,1,3
C,2466,103784889,C_UNIQUE_103784889,,False,1,5
C,2467,103627484,C_UNIQUE_103627484,,False,1,2
C,2468,103784875,C_UNIQUE_103784875,,False,1,3
C,2469,103256081,C_UNIQUE_103256081,,False,1,5
C,2470,103784867,C_RG_0166,C_RG_0166,True,2,4
C,2471,103784860,C_UNIQUE_103784860,,False,1,5
C,2472,103784859,C_RG_0161,C_RG_0161,True,2,5
C,2473,102514170,C_UNIQUE_102514170,,False,1,1
C,2474,102168088,C_UNIQUE_102168088,,False,1,4
C,2475,103089474,C_RG_0037,C_RG_0037,True,2,5
C,2476,103687001,C_UNIQUE_103687001,,False,1,3
C,2477,103710471,C_UNIQUE_103710471,,False,1,3
C,2478,103540572,C_UNIQUE_103540572,,False,1,5
C,2479,103784826,C_UNIQUE_103784826,,False,1,2
C,2480,103602192,C_UNIQUE_103602192,,False,1,1
C,2481,103784848,C_UNIQUE_103784848,,False,1,5
C,2482,103784825,C_RG_0162,C_RG_0162,True,2,5
C,2483,101487643,C_UNIQUE_101487643,,False,1,2
C,2484,102104680,C_UNIQUE_102104680,,False,1,5
C,2485,101629558,C_UNIQUE_101629558,,False,1,3
C,2486,101805212,C_UNIQUE_101805212,,False,1,1
C,2487,103523951,C_UNIQUE_103523951,,False,1,3
C,2488,103433783,C_UNIQUE_103433783,,False,1,1
C,2489,102069787,C_UNIQUE_102069787,,False,1,5
C,2490,103115286,C_RG_0172,C_RG_0172,True,2,4
C,2491,103784805,C_UNIQUE_103784805,,False,1,5
C,2492,102628035,C_UNIQUE_102628035,,False,1,4
C,2493,103784800,C_RG_0173,C_RG_0173,True,2,5
C,2494,103278483,C_UNIQUE_103278483,,False,1,5
C,2495,102843252,C_RG_0153,C_RG_0153,True,2,1
C,2496,103643389,C_UNIQUE_103643389,,False,1,5
C,2497,103726720,C_RG_0174,C_RG_0174,True,2,1
C,2498,102516357,C_UNIQUE_102516357,,False,1,1
C,2499,103557612,C_RG_0175,C_RG_0175,True,2,1
C,2500,103347915,C_UNIQUE_103347915,,False,1,1
C,2501,103478301,C_UNIQUE_103478301,,False,1,4
C,2502,101537686,C_UNIQUE_101537686,,False,1,4
C,2503,101487641,C_UNIQUE_101487641,,False,1,5
C,2504,103742278,C_UNIQUE_103742278,,False,1,3
C,2505,103760077,C_RG_0176,C_RG_0176,True,2,1
C,2506,102165909,C_UNIQUE_102165909,,False,1,5
C,2507,101948028,C_UNIQUE_101948028,,False,1,3
C,2508,101948005,C_UNIQUE_101948005,,False,1,4
C,2509,103139230,C_UNIQUE_103139230,,False,1,1
C,2510,103173608,C_RG_0177,C_RG_0177,True,2,1
C,2511,101445732,C_UNIQUE_101445732,,False,1,2
C,2512,103784744,C_UNIQUE_103784744,,False,1,1
C,2513,102969901,C_UNIQUE_102969901,,False,1,2
C,2514,100844747,C_UNIQUE_100844747,,False,1,4
C,2515,95544396,C_UNIQUE_95544396,,False,1,2
C,2516,101940436,C_UNIQUE_101940436,,False,1,2
C,2517,103784759,C_RG_0178,C_RG_0178,True,2,1
C,2518,103185355,C_RG_0179,C_RG_0179,True,2,1
C,2519,102498903,C_UNIQUE_102498903,,False,1,5
C,2520,102728771,C_UNIQUE_102728771,,False,1,5
C,2521,103640707,C_UNIQUE_103640707,,False,1,3
C,2522,103402158,C_UNIQUE_103402158,,False,1,3
C,2523,103402064,C_UNIQUE_103402064,,False,1,4
C,2524,103780401,C_UNIQUE_103780401,,False,1,3
C,2525,103784682,C_UNIQUE_103784682,,False,1,2
C,2526,103385790,C_UNIQUE_103385790,,False,1,5
C,2527,103525074,C_RG_0009,C_RG_0009,True,2,3
C,2528,103784679,C_UNIQUE_103784679,,False,1,1
C,2529,102879593,C_UNIQUE_102879593,,False,1,2
C,2530,101948749,C_UNIQUE_101948749,,False,1,5
C,2531,103579465,C_RG_0180,C_RG_0180,True,2,1
C,2532,103784715,C_RG_0178,C_RG_0178,True,2,1
C,2533,97829046,C_UNIQUE_97829046,,False,1,2
C,2534,102478967,C_UNIQUE_102478967,,False,1,5
C,2535,100546214,C_UNIQUE_100546214,,False,1,3
C,2536,103784697,C_UNIQUE_103784697,,False,1,1
C,2537,103784690,C_UNIQUE_103784690,,False,1,3
C,2538,103347418,C_UNIQUE_103347418,,False,1,1
C,2539,102542934,C_UNIQUE_102542934,,False,1,5
C,2540,102315606,C_RG_0181,C_RG_0181,True,2,5
C,2541,103446974,C_RG_0174,C_RG_0174,True,2,1
C,2542,102455704,C_RG_0179,C_RG_0179,True,2,1
C,2543,103520682,C_UNIQUE_103520682,,False,1,2
C,2544,103343288,C_UNIQUE_103343288,,False,1,3
C,2545,103606855,C_UNIQUE_103606855,,False,1,4
C,2546,103441882,C_UNIQUE_103441882,,False,1,3
C,2547,102208991,C_UNIQUE_102208991,,False,1,4
C,2548,103260457,C_UNIQUE_103260457,,False,1,3
C,2549,103207012,C_UNIQUE_103207012,,False,1,4
C,2550,102471529,C_UNIQUE_102471529,,False,1,5
C,2551,102041283,C_UNIQUE_102041283,,False,1,5
C,2552,99765228,C_UNIQUE_99765228,,False,1,1
C,2553,103699772,C_UNIQUE_103699772,,False,1,5
C,2554,102424679,C_UNIQUE_102424679,,False,1,2
C,2555,82852036,C_UNIQUE_82852036,,False,1,2
C,2556,103193707,C_UNIQUE_103193707,,False,1,3
C,2557,103784628,C_UNIQUE_103784628,,False,1,4
C,2558,102165720,C_UNIQUE_102165720,,False,1,5
C,2559,103638901,C_UNIQUE_103638901,,False,1,3
C,2560,103784627,C_UNIQUE_103784627,,False,1,5
C,2561,103202025,C_UNIQUE_103202025,,False,1,1
C,2562,103722714,C_UNIQUE_103722714,,False,1,1
C,2563,90336468,C_UNIQUE_90336468,,False,1,1
C,2564,103784556,C_RG_0182,C_RG_0182,True,2,4
C,2565,103784552,C_UNIQUE_103784552,,False,1,2
C,2566,102465842,C_RG_0183,C_RG_0183,True,2,4
C,2567,103515258,C_RG_0175,C_RG_0175,True,2,1
C,2568,103276781,C_UNIQUE_103276781,,False,1,5
C,2569,103075955,C_UNIQUE_103075955,,False,1,1
C,2570,97635418,C_UNIQUE_97635418,,False,1,1
C,2571,103396295,C_UNIQUE_103396295,,False,1,2
C,2572,100707731,C_UNIQUE_100707731,,False,1,3
C,2573,103784515,C_RG_0182,C_RG_0182,True,2,4
C,2574,99179123,C_UNIQUE_99179123,,False,1,3
C,2575,103784543,C_UNIQUE_103784543,,False,1,2
C,2576,102999326,C_UNIQUE_102999326,,False,1,5
C,2577,103720439,C_UNIQUE_103720439,,False,1,1
C,2578,102607650,C_UNIQUE_102607650,,False,1,1
C,2579,103784501,C_UNIQUE_103784501,,False,1,2
C,2580,103784505,C_UNIQUE_103784505,,False,1,3
C,2581,103784529,C_UNIQUE_103784529,,False,1,4
C,2582,103192681,C_UNIQUE_103192681,,False,1,4
C,2583,103722904,C_UNIQUE_103722904,,False,1,1
C,2584,103057805,C_UNIQUE_103057805,,False,1,1
C,2585,102784761,C_UNIQUE_102784761,,False,1,2
C,2586,103193821,C_UNIQUE_103193821,,False,1,2
C,2587,103784527,C_UNIQUE_103784527,,False,1,2
C,2588,92990344,C_UNIQUE_92990344,,False,1,1
C,2589,103784472,C_RG_0184,C_RG_0184,True,2,1
C,2590,103784471,C_RG_0130,C_RG_0130,True,2,4
C,2591,101783554,C_UNIQUE_101783554,,False,1,2
C,2592,103211089,C_UNIQUE_103211089,,False,1,5
C,2593,103178916,C_RG_0075,C_RG_0075,True,2,4
C,2594,103628765,C_UNIQUE_103628765,,False,1,5
C,2595,93303810,C_UNIQUE_93303810,,False,1,5
C,2596,102854321,C_UNIQUE_102854321,,False,1,1
C,2597,103064992,C_UNIQUE_103064992,,False,1,4
C,2598,103193400,C_UNIQUE_103193400,,False,1,2
C,2599,103362707,C_UNIQUE_103362707,,False,1,2
C,2600,103244054,C_UNIQUE_103244054,,False,1,5
C,2601,103784393,C_UNIQUE_103784393,,False,1,3
C,2602,103784457,C_UNIQUE_103784457,,False,1,3
C,2603,95922895,C_UNIQUE_95922895,,False,1,2
C,2604,103662233,C_UNIQUE_103662233,,False,1,5
C,2605,88001272,C_UNIQUE_88001272,,False,1,2
C,2606,103758368,C_UNIQUE_103758368,,False,1,5
C,2607,103659885,C_UNIQUE_103659885,,False,1,3
C,2608,103391155,C_UNIQUE_103391155,,False,1,3
C,2609,103342670,C_RG_0185,C_RG_0185,True,2,1
C,2610,103660140,C_UNIQUE_103660140,,False,1,4
C,2611,100837645,C_UNIQUE_100837645,,False,1,2
C,2612,94239601,C_UNIQUE_94239601,,False,1,4
C,2613,103440286,C_RG_0186,C_RG_0186,True,3,3
C,2614,103784420,C_UNIQUE_103784420,,False,1,5
C,2615,103500946,C_UNIQUE_103500946,,False,1,1
C,2616,102845377,C_UNIQUE_102845377,,False,1,1
C,2617,102399164,C_UNIQUE_102399164,,False,1,5
C,2618,102399129,C_UNIQUE_102399129,,False,1,2
C,2619,101988012,C_UNIQUE_101988012,,False,1,2
C,2620,103250404,C_UNIQUE_103250404,,False,1,2
C,2621,103192614,C_UNIQUE_103192614,,False,1,3
C,2622,103609267,C_UNIQUE_103609267,,False,1,4
C,2623,103577710,C_RG_0068,C_RG_0068,True,2,1
C,2624,103509055,C_UNIQUE_103509055,,False,1,5
C,2625,103499032,C_UNIQUE_103499032,,False,1,2
C,2626,102967493,C_UNIQUE_102967493,,False,1,5
C,2627,97143167,C_UNIQUE_97143167,,False,1,4
C,2628,96117997,C_UNIQUE_96117997,,False,1,1
C,2629,103411618,C_UNIQUE_103411618,,False,1,5
C,2630,100219006,C_UNIQUE_100219006,,False,1,1
C,2631,101728735,C_UNIQUE_101728735,,False,1,1
C,2632,102929425,C_UNIQUE_102929425,,False,1,4
C,2633,103784298,C_UNIQUE_103784298,,False,1,1
C,2634,103784297,C_UNIQUE_103784297,,False,1,4
C,2635,103498566,C_UNIQUE_103498566,,False,1,5
C,2636,102021885,C_UNIQUE_102021885,,False,1,5
C,2637,103451600,C_UNIQUE_103451600,,False,1,2
C,2638,103258798,C_RG_0187,C_RG_0187,True,2,5
C,2639,103659942,C_RG_0188,C_RG_0188,True,2,2
C,2640,103784272,C_UNIQUE_103784272,,False,1,3
C,2641,102530768,C_UNIQUE_102530768,,False,1,3
C,2642,102720642,C_UNIQUE_102720642,,False,1,2
C,2643,103489908,C_UNIQUE_103489908,,False,1,2
C,2644,102175810,C_UNIQUE_102175810,,False,1,1
C,2645,102262173,C_UNIQUE_102262173,,False,1,5
C,2646,103577817,C_UNIQUE_103577817,,False,1,3
C,2647,103187664,C_RG_0071,C_RG_0071,True,2,1
C,2648,101796208,C_UNIQUE_101796208,,False,1,5
C,2649,101447330,C_UNIQUE_101447330,,False,1,4
C,2650,101311614,C_UNIQUE_101311614,,False,1,3
C,2651,103659863,C_RG_0176,C_RG_0176,True,2,1
C,2652,102784801,C_UNIQUE_102784801,,False,1,2
C,2653,102784672,C_RG_0189,C_RG_0189,True,3,1
C,2654,103627638,C_RG_0059,C_RG_0059,True,3,1
C,2655,103113644,C_UNIQUE_103113644,,False,1,3
C,2656,101080942,C_UNIQUE_101080942,,False,1,4
C,2657,103784346,C_UNIQUE_103784346,,False,1,2
C,2658,103784233,C_UNIQUE_103784233,,False,1,1
C,2659,103192227,C_RG_0190,C_RG_0190,True,2,5
C,2660,101643565,C_UNIQUE_101643565,,False,1,1
C,2661,103202709,C_UNIQUE_103202709,,False,1,3
C,2662,102498879,C_RG_0181,C_RG_0181,True,2,5
C,2663,103419804,C_UNIQUE_103419804,,False,1,5
C,2664,102333505,C_UNIQUE_102333505,,False,1,4
C,2665,103749631,C_UNIQUE_103749631,,False,1,3
C,2666,103784315,C_UNIQUE_103784315,,False,1,2
C,2667,99381855,C_UNIQUE_99381855,,False,1,2
C,2668,103466974,C_UNIQUE_103466974,,False,1,4
C,2669,101822585,C_RG_0013,C_RG_0013,True,2,2
C,2670,103405276,C_UNIQUE_103405276,,False,1,2
C,2671,103405275,C_UNIQUE_103405275,,False,1,4
C,2672,103784148,C_UNIQUE_103784148,,False,1,2
C,2673,103653998,C_UNIQUE_103653998,,False,1,1
C,2674,103290316,C_UNIQUE_103290316,,False,1,3
C,2675,103738435,C_RG_0002,C_RG_0002,True,2,5
C,2676,96839359,C_UNIQUE_96839359,,False,1,5
C,2677,98595842,C_UNIQUE_98595842,,False,1,5
C,2678,92930537,C_UNIQUE_92930537,,False,1,1
C,2679,101903371,C_UNIQUE_101903371,,False,1,3
C,2680,102904416,C_UNIQUE_102904416,,False,1,1
C,2681,103784138,C_UNIQUE_103784138,,False,1,5
C,2682,103784104,C_UNIQUE_103784104,,False,1,2
C,2683,98176103,C_UNIQUE_98176103,,False,1,1
C,2684,101965242,C_UNIQUE_101965242,,False,1,2
C,2685,103784103,C_RG_0191,C_RG_0191,True,2,5
C,2686,103784108,C_UNIQUE_103784108,,False,1,5
C,2687,102358277,C_UNIQUE_102358277,,False,1,4
C,2688,103114770,C_UNIQUE_103114770,,False,1,4
C,2689,103473392,C_UNIQUE_103473392,,False,1,5
C,2690,103439860,C_RG_0134,C_RG_0134,True,2,4
C,2691,103193780,C_UNIQUE_103193780,,False,1,2
C,2692,102261623,C_RG_0192,C_RG_0192,True,2,3
C,2693,101851788,C_RG_0193,C_RG_0193,True,2,1
C,2694,103039470,C_UNIQUE_103039470,,False,1,3
C,2695,101256463,C_UNIQUE_101256463,,False,1,1
C,2696,102695483,C_UNIQUE_102695483,,False,1,4
C,2697,103784077,C_UNIQUE_103784077,,False,1,5
C,2698,103576325,C_UNIQUE_103576325,,False,1,4
C,2699,103091480,C_UNIQUE_103091480,,False,1,3
C,2700,103110786,C_UNIQUE_103110786,,False,1,4
C,2701,103784179,C_UNIQUE_103784179,,False,1,1
C,2702,103227766,C_UNIQUE_103227766,,False,1,4
C,2703,102026704,C_UNIQUE_102026704,,False,1,1
C,2704,103009707,C_UNIQUE_103009707,,False,1,5
C,2705,103097269,C_UNIQUE_103097269,,False,1,1
C,2706,103105661,C_UNIQUE_103105661,,False,1,1
C,2707,100611393,C_UNIQUE_100611393,,False,1,1
C,2708,103089618,C_UNIQUE_103089618,,False,1,1
C,2709,103689459,C_RG_0163,C_RG_0163,True,2,2
C,2710,102001615,C_UNIQUE_102001615,,False,1,2
C,2711,101753218,C_UNIQUE_101753218,,False,1,4
C,2712,101753217,C_UNIQUE_101753217,,False,1,2
C,2713,103725732,C_UNIQUE_103725732,,False,1,3
C,2714,101821691,C_UNIQUE_101821691,,False,1,2
C,2715,101115554,C_UNIQUE_101115554,,False,1,3
C,2716,103725522,C_UNIQUE_103725522,,False,1,4
C,2717,102470947,C_RG_0194,C_RG_0194,True,2,4
C,2718,103114954,C_RG_0195,C_RG_0195,True,2,1
C,2719,103784027,C_UNIQUE_103784027,,False,1,1
C,2720,102036945,C_UNIQUE_102036945,,False,1,1
C,2721,101851861,C_RG_0187,C_RG_0187,True,2,5
C,2722,100916143,C_RG_0156,C_RG_0156,True,2,3
C,2723,103316058,C_UNIQUE_103316058,,False,1,2
C,2724,103784008,C_UNIQUE_103784008,,False,1,3
C,2725,103784007,C_UNIQUE_103784007,,False,1,1
C,2726,103784006,C_RG_0184,C_RG_0184,True,2,1
C,2727,100545148,C_UNIQUE_100545148,,False,1,1
C,2728,103266000,C_UNIQUE_103266000,,False,1,5
C,2729,102084314,C_UNIQUE_102084314,,False,1,4
C,2730,103783881,C_UNIQUE_103783881,,False,1,1
C,2731,103783954,C_RG_0093,C_RG_0093,True,2,4
C,2732,103783945,C_UNIQUE_103783945,,False,1,5
C,2733,103692290,C_UNIQUE_103692290,,False,1,3
C,2734,103783941,C_UNIQUE_103783941,,False,1,2
C,2735,103536797,C_UNIQUE_103536797,,False,1,1
C,2736,103579457,C_UNIQUE_103579457,,False,1,5
C,2737,99413316,C_UNIQUE_99413316,,False,1,5
C,2738,103738537,C_UNIQUE_103738537,,False,1,2
C,2739,101725779,C_UNIQUE_101725779,,False,1,1
C,2740,97894689,C_UNIQUE_97894689,,False,1,1
C,2741,102384473,C_UNIQUE_102384473,,False,1,3
C,2742,102821563,C_UNIQUE_102821563,,False,1,1
C,2743,103783850,C_RG_0196,C_RG_0196,True,2,2
C,2744,102996372,C_UNIQUE_102996372,,False,1,5
C,2745,103316178,C_UNIQUE_103316178,,False,1,5
C,2746,103672765,C_UNIQUE_103672765,,False,1,4
C,2747,103389598,C_UNIQUE_103389598,,False,1,5
C,2748,102784712,C_RG_0197,C_RG_0197,True,2,1
C,2749,102197496,C_UNIQUE_102197496,,False,1,1
C,2750,103645267,C_UNIQUE_103645267,,False,1,4
C,2751,101722505,C_RG_0057,C_RG_0057,True,2,2
C,2752,103451804,C_UNIQUE_103451804,,False,1,5
C,2753,102937221,C_UNIQUE_102937221,,False,1,1
C,2754,103710940,C_UNIQUE_103710940,,False,1,4
C,2755,103628641,C_UNIQUE_103628641,,False,1,2
C,2756,103476884,C_RG_0190,C_RG_0190,True,2,5
C,2757,102948041,C_UNIQUE_102948041,,False,1,5
C,2758,103624002,C_UNIQUE_103624002,,False,1,5
C,2759,102802569,C_UNIQUE_102802569,,False,1,3
C,2760,103317672,C_UNIQUE_103317672,,False,1,5
C,2761,100417864,C_RG_0124,C_RG_0124,True,3,2
C,2762,103670622,C_UNIQUE_103670622,,False,1,4
C,2763,102207503,C_RG_0198,C_RG_0198,True,2,5
C,2764,102898579,C_UNIQUE_102898579,,False,1,3
C,2765,101987474,C_UNIQUE_101987474,,False,1,4
C,2766,103783669,C_UNIQUE_103783669,,False,1,4
C,2767,101467277,C_UNIQUE_101467277,,False,1,1
C,2768,103783573,C_UNIQUE_103783573,,False,1,4
C,2769,103783571,C_UNIQUE_103783571,,False,1,4
C,2770,100593323,C_RG_0040,C_RG_0040,True,2,3
C,2771,103252456,C_RG_0199,C_RG_0199,True,2,3
C,2772,103283373,C_UNIQUE_103283373,,False,1,3
C,2773,100985996,C_UNIQUE_100985996,,False,1,1
C,2774,103783640,C_UNIQUE_103783640,,False,1,2
C,2775,102475759,C_UNIQUE_102475759,,False,1,4
C,2776,103678050,C_UNIQUE_103678050,,False,1,3
C,2777,103783617,C_UNIQUE_103783617,,False,1,4
C,2778,103783535,C_UNIQUE_103783535,,False,1,2
C,2779,103783517,C_UNIQUE_103783517,,False,1,3
C,2780,103783536,C_UNIQUE_103783536,,False,1,1
C,2781,97481987,C_UNIQUE_97481987,,False,1,1
C,2782,103783611,C_RG_0168,C_RG_0168,True,2,4
C,2783,103089787,C_UNIQUE_103089787,,False,1,2
C,2784,98942202,C_UNIQUE_98942202,,False,1,2
C,2785,103783593,C_UNIQUE_103783593,,False,1,5
C,2786,103783585,C_RG_0144,C_RG_0144,True,3,5
C,2787,103730774,C_UNIQUE_103730774,,False,1,2
C,2788,103453171,C_UNIQUE_103453171,,False,1,2
C,2789,103661176,C_UNIQUE_103661176,,False,1,4
C,2790,103344302,C_UNIQUE_103344302,,False,1,5
C,2791,103665195,C_RG_0138,C_RG_0138,True,2,4
C,2792,103071712,C_UNIQUE_103071712,,False,1,4
C,2793,103251261,C_UNIQUE_103251261,,False,1,2
C,2794,102546516,C_UNIQUE_102546516,,False,1,3
C,2795,102707113,C_UNIQUE_102707113,,False,1,5
C,2796,98927500,C_UNIQUE_98927500,,False,1,5
C,2797,97027550,C_UNIQUE_97027550,,False,1,3
C,2798,103783451,C_UNIQUE_103783451,,False,1,2
C,2799,103783436,C_UNIQUE_103783436,,False,1,1
C,2800,103389751,C_UNIQUE_103389751,,False,1,2
C,2801,103193773,C_RG_0200,C_RG_0200,True,3,2
C,2802,103115432,C_UNIQUE_103115432,,False,1,4
C,2803,102248352,C_UNIQUE_102248352,,False,1,1
C,2804,103783417,C_UNIQUE_103783417,,False,1,4
C,2805,103783410,C_UNIQUE_103783410,,False,1,1
C,2806,103783466,C_UNIQUE_103783466,,False,1,2
C,2807,103783464,C_RG_0201,C_RG_0201,True,2,5
C,2808,103783462,C_UNIQUE_103783462,,False,1,4
C,2809,97057720,C_UNIQUE_97057720,,False,1,5
C,2810,99982034,C_UNIQUE_99982034,,False,1,2
C,2811,103314655,C_UNIQUE_103314655,,False,1,4
C,2812,97221475,C_UNIQUE_97221475,,False,1,5
C,2813,99912234,C_UNIQUE_99912234,,False,1,1
C,2814,103305469,C_UNIQUE_103305469,,False,1,4
C,2815,103447392,C_UNIQUE_103447392,,False,1,4
C,2816,102746012,C_UNIQUE_102746012,,False,1,1
C,2817,102107357,C_UNIQUE_102107357,,False,1,2
C,2818,103725559,C_UNIQUE_103725559,,False,1,2
C,2819,92021859,C_RG_0202,C_RG_0202,True,2,5
C,2820,99721921,C_UNIQUE_99721921,,False,1,2
C,2821,103783279,C_UNIQUE_103783279,,False,1,3
C,2822,103783264,C_UNIQUE_103783264,,False,1,4
C,2823,103783265,C_UNIQUE_103783265,,False,1,1
C,2824,103315698,C_UNIQUE_103315698,,False,1,1
C,2825,103659875,C_UNIQUE_103659875,,False,1,4
C,2826,103389671,C_UNIQUE_103389671,,False,1,2
C,2827,103052017,C_UNIQUE_103052017,,False,1,4
C,2828,103783372,C_RG_0180,C_RG_0180,True,2,1
C,2829,103490280,C_UNIQUE_103490280,,False,1,2
C,2830,103694941,C_UNIQUE_103694941,,False,1,3
C,2831,76155208,C_UNIQUE_76155208,,False,1,1
C,2832,103010498,C_UNIQUE_103010498,,False,1,3
C,2833,103783358,C_UNIQUE_103783358,,False,1,3
C,2834,103602392,C_UNIQUE_103602392,,False,1,3
C,2835,103783351,C_RG_0008,C_RG_0008,True,3,1
C,2836,103783347,C_UNIQUE_103783347,,False,1,3
C,2837,103783346,C_UNIQUE_103783346,,False,1,2
C,2838,103783345,C_UNIQUE_103783345,,False,1,4
C,2839,103783338,C_UNIQUE_103783338,,False,1,1
C,2840,101221481,C_UNIQUE_101221481,,False,1,1
C,2841,100617960,C_UNIQUE_100617960,,False,1,5
C,2842,97715055,C_UNIQUE_97715055,,False,1,1
C,2843,102753685,C_UNIQUE_102753685,,False,1,2
C,2844,103783233,C_UNIQUE_103783233,,False,1,2
C,2845,103783227,C_RG_0203,C_RG_0203,True,2,5
C,2846,102707812,C_UNIQUE_102707812,,False,1,5
C,2847,101379433,C_UNIQUE_101379433,,False,1,1
C,2848,99630680,C_UNIQUE_99630680,,False,1,1
C,2849,95939125,C_UNIQUE_95939125,,False,1,1
C,2850,98708890,C_UNIQUE_98708890,,False,1,4
C,2851,100753214,C_UNIQUE_100753214,,False,1,1
C,2852,100753863,C_UNIQUE_100753863,,False,1,1
C,2853,101520669,C_UNIQUE_101520669,,False,1,4
C,2854,101709333,C_UNIQUE_101709333,,False,1,3
C,2855,100683528,C_UNIQUE_100683528,,False,1,4
C,2856,102897216,C_UNIQUE_102897216,,False,1,2
C,2857,100252019,C_UNIQUE_100252019,,False,1,4
C,2858,103783318,C_RG_0173,C_RG_0173,True,2,5
C,2859,103783311,C_RG_0080,C_RG_0080,True,2,4
C,2860,102896891,C_UNIQUE_102896891,,False,1,3
C,2861,103460144,C_UNIQUE_103460144,,False,1,3
C,2862,103783301,C_UNIQUE_103783301,,False,1,1
C,2863,103749775,C_UNIQUE_103749775,,False,1,2
C,2864,103691723,C_UNIQUE_103691723,,False,1,1
C,2865,103217445,C_UNIQUE_103217445,,False,1,1
C,2866,101675234,C_UNIQUE_101675234,,False,1,2
C,2867,102561588,C_UNIQUE_102561588,,False,1,4
C,2868,102747063,C_UNIQUE_102747063,,False,1,2
C,2869,102673963,C_UNIQUE_102673963,,False,1,2
C,2870,102745690,C_UNIQUE_102745690,,False,1,4
C,2871,103783141,C_UNIQUE_103783141,,False,1,1
C,2872,103451619,C_UNIQUE_103451619,,False,1,2
C,2873,103643436,C_RG_0169,C_RG_0169,True,2,2
C,2874,101898183,C_RG_0202,C_RG_0202,True,2,5
C,2875,101257243,C_RG_0204,C_RG_0204,True,2,1
C,2876,101900153,C_RG_0205,C_RG_0205,True,2,4
C,2877,103284027,C_UNIQUE_103284027,,False,1,1
C,2878,103783120,C_RG_0201,C_RG_0201,True,2,5
C,2879,103783085,C_UNIQUE_103783085,,False,1,5
C,2880,103129715,C_UNIQUE_103129715,,False,1,5
C,2881,100648022,C_UNIQUE_100648022,,False,1,3
C,2882,103742424,C_UNIQUE_103742424,,False,1,5
C,2883,103783048,C_RG_0012,C_RG_0012,True,2,5
C,2884,103783179,C_UNIQUE_103783179,,False,1,2
C,2885,103565502,C_UNIQUE_103565502,,False,1,5
C,2886,101710732,C_UNIQUE_101710732,,False,1,5
C,2887,96641475,C_UNIQUE_96641475,,False,1,5
C,2888,101687435,C_RG_0206,C_RG_0206,True,2,3
C,2889,103113723,C_UNIQUE_103113723,,False,1,3
C,2890,103106128,C_UNIQUE_103106128,,False,1,3
C,2891,103057728,C_RG_0207,C_RG_0207,True,2,5
C,2892,103561320,C_UNIQUE_103561320,,False,1,5
C,2893,103470389,C_UNIQUE_103470389,,False,1,2
C,2894,102999145,C_RG_0152,C_RG_0152,True,2,3
C,2895,103783144,C_RG_0208,C_RG_0208,True,2,3
C,2896,97162366,C_UNIQUE_97162366,,False,1,4
C,2897,101811340,C_UNIQUE_101811340,,False,1,3
C,2898,103445983,C_UNIQUE_103445983,,False,1,3
C,2899,102748654,C_UNIQUE_102748654,,False,1,5
C,2900,103097692,C_UNIQUE_103097692,,False,1,3
C,2901,102640532,C_UNIQUE_102640532,,False,1,1
C,2902,100648098,C_UNIQUE_100648098,,False,1,3
C,2903,103451751,C_UNIQUE_103451751,,False,1,5
C,2904,103340412,C_RG_0207,C_RG_0207,True,2,5
C,2905,102384300,C_UNIQUE_102384300,,False,1,3
C,2906,103763222,C_UNIQUE_103763222,,False,1,4
C,2907,103763215,C_UNIQUE_103763215,,False,1,1
C,2908,101190108,C_RG_0209,C_RG_0209,True,2,2
C,2909,100417213,C_RG_0210,C_RG_0210,True,2,3
C,2910,102470889,C_RG_0211,C_RG_0211,True,2,2
C,2911,102451918,C_UNIQUE_102451918,,False,1,3
C,2912,103763235,C_UNIQUE_103763235,,False,1,3
C,2913,103251056,C_UNIQUE_103251056,,False,1,4
C,2914,103315428,C_UNIQUE_103315428,,False,1,3
C,2915,103782953,C_UNIQUE_103782953,,False,1,1
C,2916,103783035,C_UNIQUE_103783035,,False,1,5
C,2917,103018708,C_UNIQUE_103018708,,False,1,1
C,2918,103783027,C_RG_0212,C_RG_0212,True,2,1
C,2919,103143100,C_UNIQUE_103143100,,False,1,3
C,2920,103468565,C_UNIQUE_103468565,,False,1,4
C,2921,103154349,C_UNIQUE_103154349,,False,1,2
C,2922,103782938,C_UNIQUE_103782938,,False,1,2
C,2923,103782997,C_UNIQUE_103782997,,False,1,3
C,2924,101255961,C_RG_0213,C_RG_0213,True,2,2
C,2925,100767226,C_UNIQUE_100767226,,False,1,4
C,2926,101189876,C_RG_0209,C_RG_0209,True,2,2
C,2927,103193831,C_UNIQUE_103193831,,False,1,2
C,2928,100432981,C_UNIQUE_100432981,,False,1,3
C,2929,103470385,C_UNIQUE_103470385,,False,1,1
C,2930,100480993,C_UNIQUE_100480993,,False,1,1
C,2931,101519139,C_RG_0214,C_RG_0214,True,2,3
C,2932,103549889,C_UNIQUE_103549889,,False,1,1
C,2933,103380630,C_UNIQUE_103380630,,False,1,5
C,2934,103355256,C_UNIQUE_103355256,,False,1,1
C,2935,103097681,C_UNIQUE_103097681,,False,1,5
C,2936,102658768,C_UNIQUE_102658768,,False,1,4
C,2937,102561739,C_UNIQUE_102561739,,False,1,3
C,2938,89624451,C_UNIQUE_89624451,,False,1,4
C,2939,101898105,C_UNIQUE_101898105,,False,1,2
C,2940,103118791,C_UNIQUE_103118791,,False,1,5
C,2941,102287856,C_RG_0200,C_RG_0200,True,3,2
C,2942,102380482,C_UNIQUE_102380482,,False,1,1
C,2943,101121674,C_RG_0215,C_RG_0215,True,2,1
C,2944,100082034,C_UNIQUE_100082034,,False,1,1
C,2945,103251793,C_RG_0199,C_RG_0199,True,2,3
C,2946,99889505,C_UNIQUE_99889505,,False,1,1
C,2947,103451338,C_UNIQUE_103451338,,False,1,1
C,2948,103506212,C_RG_0019,C_RG_0019,True,2,3
C,2949,103522532,C_RG_0149,C_RG_0149,True,2,4
C,2950,103671845,C_UNIQUE_103671845,,False,1,1
C,2951,103708869,C_UNIQUE_103708869,,False,1,4
C,2952,103782911,C_UNIQUE_103782911,,False,1,5
C,2953,103782895,C_UNIQUE_103782895,,False,1,5
C,2954,103492971,C_RG_0216,C_RG_0216,True,2,4
C,2955,103492972,C_RG_0216,C_RG_0216,True,2,4
C,2956,101518597,C_UNIQUE_101518597,,False,1,4
C,2957,101518588,C_UNIQUE_101518588,,False,1,4
C,2958,102103790,C_UNIQUE_102103790,,False,1,1
C,2959,103782790,C_UNIQUE_103782790,,False,1,4
C,2960,103782781,C_UNIQUE_103782781,,False,1,5
C,2961,101518590,C_UNIQUE_101518590,,False,1,5
C,2962,103782870,C_UNIQUE_103782870,,False,1,4
C,2963,103601485,C_RG_0217,C_RG_0217,True,2,5
C,2964,103193842,C_UNIQUE_103193842,,False,1,2
C,2965,103039433,C_UNIQUE_103039433,,False,1,1
C,2966,103204534,C_UNIQUE_103204534,,False,1,1
C,2967,103585430,C_RG_0027,C_RG_0027,True,2,1
C,2968,103708972,C_UNIQUE_103708972,,False,1,2
C,2969,103547608,C_UNIQUE_103547608,,False,1,4
C,2970,103230999,C_UNIQUE_103230999,,False,1,5
C,2971,102996368,C_UNIQUE_102996368,,False,1,3
C,2972,102583527,C_UNIQUE_102583527,,False,1,4
C,2973,103141531,C_UNIQUE_103141531,,False,1,3
C,2974,103422356,C_UNIQUE_103422356,,False,1,2
C,2975,99032642,C_UNIQUE_99032642,,False,1,1
C,2976,98472845,C_UNIQUE_98472845,,False,1,2
C,2977,103258889,C_RG_0218,C_RG_0218,True,2,1
C,2978,102436890,C_UNIQUE_102436890,,False,1,4
C,2979,99568831,C_UNIQUE_99568831,,False,1,1
C,2980,102451678,C_RG_0206,C_RG_0206,True,2,3
C,2981,102363584,C_UNIQUE_102363584,,False,1,2
C,2982,101041456,C_UNIQUE_101041456,,False,1,5
C,2983,101527935,C_UNIQUE_101527935,,False,1,1
C,2984,100752947,C_UNIQUE_100752947,,False,1,2
C,2985,103782699,C_UNIQUE_103782699,,False,1,3
C,2986,103782690,C_RG_0114,C_RG_0114,True,2,3
C,2987,102025202,C_UNIQUE_102025202,,False,1,2
C,2988,103782759,C_UNIQUE_103782759,,False,1,5
C,2989,103782758,C_UNIQUE_103782758,,False,1,3
C,2990,103782739,C_UNIQUE_103782739,,False,1,4
C,2991,101518502,C_UNIQUE_101518502,,False,1,2
C,2992,101518490,C_UNIQUE_101518490,,False,1,4
C,2993,101518491,C_UNIQUE_101518491,,False,1,1
C,2994,100960521,C_UNIQUE_100960521,,False,1,4
C,2995,103782658,C_UNIQUE_103782658,,False,1,2
C,2996,103782648,C_UNIQUE_103782648,,False,1,4
C,2997,103782734,C_UNIQUE_103782734,,False,1,2
C,2998,99364371,C_UNIQUE_99364371,,False,1,2
C,2999,98927160,C_RG_0177,C_RG_0177,True,2,1
C,3000,103557523,C_RG_0203,C_RG_0203,True,2,5
C,3001,103557422,C_UNIQUE_103557422,,False,1,4
C,3002,103557279,C_UNIQUE_103557279,,False,1,3
C,3003,102974165,C_UNIQUE_102974165,,False,1,5
C,3004,100322106,C_RG_0210,C_RG_0210,True,2,3
C,3005,103782725,C_RG_0165,C_RG_0165,True,2,4
C,3006,103292981,C_UNIQUE_103292981,,False,1,4
C,3007,101007702,C_UNIQUE_101007702,,False,1,4
C,3008,102654505,C_UNIQUE_102654505,,False,1,4
C,3009,102641102,C_UNIQUE_102641102,,False,1,1
C,3010,102618302,C_UNIQUE_102618302,,False,1,2
C,3011,89672274,C_UNIQUE_89672274,,False,1,3
C,3012,103340299,C_UNIQUE_103340299,,False,1,2
C,3013,103258422,C_RG_0193,C_RG_0193,True,2,1
C,3014,103782576,C_UNIQUE_103782576,,False,1,3
C,3015,100547259,C_UNIQUE_100547259,,False,1,5
C,3016,103627604,C_UNIQUE_103627604,,False,1,1
C,3017,103159521,C_UNIQUE_103159521,,False,1,1
C,3018,102695595,C_UNIQUE_102695595,,False,1,4
C,3019,102940655,C_UNIQUE_102940655,,False,1,1
C,3020,102940652,C_UNIQUE_102940652,,False,1,3
C,3021,103782625,C_RG_0191,C_RG_0191,True,2,5
C,3022,100959243,C_UNIQUE_100959243,,False,1,4
C,3023,100418424,C_UNIQUE_100418424,,False,1,1
C,3024,103782529,C_UNIQUE_103782529,,False,1,5
C,3025,100977186,C_RG_0172,C_RG_0172,True,2,4
C,3026,103782549,C_UNIQUE_103782549,,False,1,5
C,3027,102796653,C_UNIQUE_102796653,,False,1,2
C,3028,99523105,C_UNIQUE_99523105,,False,1,5
C,3029,103712366,C_UNIQUE_103712366,,False,1,3
C,3030,101518486,C_UNIQUE_101518486,,False,1,5
C,3031,101518474,C_UNIQUE_101518474,,False,1,2
C,3032,101518084,C_UNIQUE_101518084,,False,1,4
C,3033,103782502,C_UNIQUE_103782502,,False,1,5
C,3034,103782499,C_UNIQUE_103782499,,False,1,5
C,3035,103782498,C_RG_0089,C_RG_0089,True,2,1
C,3036,102576844,C_UNIQUE_102576844,,False,1,5
C,3037,101518068,C_UNIQUE_101518068,,False,1,2
C,3038,102197544,C_RG_0219,C_RG_0219,True,2,1
C,3039,103315487,C_UNIQUE_103315487,,False,1,1
C,3040,103283609,C_UNIQUE_103283609,,False,1,3
C,3041,103113406,C_RG_0195,C_RG_0195,True,2,1
C,3042,96822478,C_UNIQUE_96822478,,False,1,1
C,3043,102301402,C_UNIQUE_102301402,,False,1,5
C,3044,103782573,C_UNIQUE_103782573,,False,1,1
C,3045,103678958,C_UNIQUE_103678958,,False,1,2
C,3046,103547614,C_UNIQUE_103547614,,False,1,1
C,3047,103547609,C_UNIQUE_103547609,,False,1,3
C,3048,103367062,C_UNIQUE_103367062,,False,1,5
C,3049,103033406,C_UNIQUE_103033406,,False,1,3
C,3050,102618310,C_UNIQUE_102618310,,False,1,2
C,3051,102561611,C_UNIQUE_102561611,,False,1,3
C,3052,102747155,C_UNIQUE_102747155,,False,1,1
C,3053,103556164,C_UNIQUE_103556164,,False,1,1
C,3054,100074489,C_UNIQUE_100074489,,False,1,1
C,3055,96073653,C_UNIQUE_96073653,,False,1,3
C,3056,103541158,C_UNIQUE_103541158,,False,1,4
C,3057,102470974,C_RG_0211,C_RG_0211,True,2,2
C,3058,102384461,C_UNIQUE_102384461,,False,1,5
C,3059,100770957,C_UNIQUE_100770957,,False,1,2
C,3060,98838663,C_UNIQUE_98838663,,False,1,4
C,3061,103259332,C_RG_0220,C_RG_0220,True,2,2
C,3062,102470822,C_UNIQUE_102470822,,False,1,1
C,3063,102354043,C_UNIQUE_102354043,,False,1,5
C,3064,101042014,C_RG_0204,C_RG_0204,True,2,1
C,3065,103782353,C_UNIQUE_103782353,,False,1,2
C,3066,103659446,C_UNIQUE_103659446,,False,1,1
C,3067,103388813,C_UNIQUE_103388813,,False,1,2
C,3068,103388815,C_UNIQUE_103388815,,False,1,5
C,3069,103462313,C_UNIQUE_103462313,,False,1,4
C,3070,102940640,C_UNIQUE_102940640,,False,1,5
C,3071,103568969,C_UNIQUE_103568969,,False,1,5
C,3072,103782316,C_UNIQUE_103782316,,False,1,1
C,3073,103782470,C_UNIQUE_103782470,,False,1,3
C,3074,103428589,C_UNIQUE_103428589,,False,1,5
C,3075,103429099,C_UNIQUE_103429099,,False,1,5
C,3076,103782439,C_UNIQUE_103782439,,False,1,2
C,3077,103782434,C_UNIQUE_103782434,,False,1,3
C,3078,102785812,C_UNIQUE_102785812,,False,1,4
C,3079,103782430,C_UNIQUE_103782430,,False,1,1
C,3080,102171455,C_UNIQUE_102171455,,False,1,5
C,3081,101518074,C_UNIQUE_101518074,,False,1,5
C,3082,101518072,C_RG_0221,C_RG_0221,True,2,2
C,3083,101518066,C_UNIQUE_101518066,,False,1,2
C,3084,101781735,C_UNIQUE_101781735,,False,1,2
C,3085,103782285,C_UNIQUE_103782285,,False,1,4
C,3086,101710750,C_RG_0222,C_RG_0222,True,2,2
C,3087,98693277,C_UNIQUE_98693277,,False,1,3
C,3088,103601469,C_UNIQUE_103601469,,False,1,4
C,3089,103556720,C_UNIQUE_103556720,,False,1,3
C,3090,102515464,C_UNIQUE_102515464,,False,1,2
C,3091,102352833,C_RG_0218,C_RG_0218,True,2,1
C,3092,103720396,C_UNIQUE_103720396,,False,1,5
C,3093,101412879,C_UNIQUE_101412879,,False,1,1
C,3094,103627786,C_UNIQUE_103627786,,False,1,2
C,3095,103397842,C_UNIQUE_103397842,,False,1,2
C,3096,103255092,C_UNIQUE_103255092,,False,1,5
C,3097,102452927,C_UNIQUE_102452927,,False,1,1
C,3098,103782355,C_UNIQUE_103782355,,False,1,5
C,3099,100959617,C_UNIQUE_100959617,,False,1,4
C,3100,103669925,C_UNIQUE_103669925,,False,1,3
C,3101,103631936,C_UNIQUE_103631936,,False,1,1
C,3102,103383040,C_RG_0164,C_RG_0164,True,2,2
C,3103,102092737,C_UNIQUE_102092737,,False,1,1
C,3104,103382840,C_UNIQUE_103382840,,False,1,4
C,3105,103382831,C_RG_0214,C_RG_0214,True,2,3
C,3106,96852887,C_UNIQUE_96852887,,False,1,5
C,3107,103564371,C_UNIQUE_103564371,,False,1,4
C,3108,103457034,C_UNIQUE_103457034,,False,1,2
C,3109,103398198,C_UNIQUE_103398198,,False,1,2
C,3110,102965472,C_UNIQUE_102965472,,False,1,2
C,3111,102210051,C_UNIQUE_102210051,,False,1,5
C,3112,99446991,C_UNIQUE_99446991,,False,1,2
C,3113,90069219,C_UNIQUE_90069219,,False,1,5
C,3114,103216778,C_UNIQUE_103216778,,False,1,4
C,3115,103052290,C_UNIQUE_103052290,,False,1,2
C,3116,103052115,C_UNIQUE_103052115,,False,1,4
C,3117,98695154,C_UNIQUE_98695154,,False,1,2
C,3118,103252361,C_UNIQUE_103252361,,False,1,3
C,3119,103217447,C_UNIQUE_103217447,,False,1,3
C,3120,103160019,C_UNIQUE_103160019,,False,1,1
C,3121,102541772,C_UNIQUE_102541772,,False,1,1
C,3122,101009687,C_UNIQUE_101009687,,False,1,4
C,3123,100857405,C_RG_0160,C_RG_0160,True,2,3
C,3124,98857740,C_UNIQUE_98857740,,False,1,2
C,3125,103782194,C_UNIQUE_103782194,,False,1,4
C,3126,102971271,C_UNIQUE_102971271,,False,1,3
C,3127,102940643,C_UNIQUE_102940643,,False,1,3
C,3128,102940649,C_UNIQUE_102940649,,False,1,4
C,3129,100335803,C_UNIQUE_100335803,,False,1,2
C,3130,102940653,C_UNIQUE_102940653,,False,1,4
C,3131,102940644,C_UNIQUE_102940644,,False,1,4
C,3132,103782280,C_UNIQUE_103782280,,False,1,3
C,3133,102083079,C_UNIQUE_102083079,,False,1,1
C,3134,102058483,C_UNIQUE_102058483,,False,1,4
C,3135,98336057,C_UNIQUE_98336057,,False,1,3
C,3136,97662947,C_UNIQUE_97662947,,False,1,4
C,3137,103782174,C_UNIQUE_103782174,,False,1,2
C,3138,103782172,C_UNIQUE_103782172,,False,1,3
C,3139,103782271,C_UNIQUE_103782271,,False,1,2
C,3140,102821523,C_UNIQUE_102821523,,False,1,2
C,3141,102403645,C_UNIQUE_102403645,,False,1,2
C,3142,103010740,C_UNIQUE_103010740,,False,1,4
C,3143,98792718,C_UNIQUE_98792718,,False,1,5
C,3144,102437336,C_RG_0221,C_RG_0221,True,2,2
C,3145,103782225,C_UNIQUE_103782225,,False,1,2
C,3146,90430929,C_UNIQUE_90430929,,False,1,1
C,3147,103782124,C_UNIQUE_103782124,,False,1,2
C,3148,102349862,C_UNIQUE_102349862,,False,1,2
C,3149,103782218,C_UNIQUE_103782218,,False,1,1
C,3150,103782209,C_UNIQUE_103782209,,False,1,2
C,3151,102805236,C_UNIQUE_102805236,,False,1,1
C,3152,103782207,C_UNIQUE_103782207,,False,1,1
C,3153,103101612,C_UNIQUE_103101612,,False,1,4
C,3154,102824990,C_UNIQUE_102824990,,False,1,5
C,3155,100204288,C_UNIQUE_100204288,,False,1,5
C,3156,103669923,C_UNIQUE_103669923,,False,1,4
C,3157,103782200,C_RG_0223,C_RG_0223,True,2,3
C,3158,101114565,C_UNIQUE_101114565,,False,1,1
C,3159,103383088,C_UNIQUE_103383088,,False,1,1
C,3160,102898888,C_UNIQUE_102898888,,False,1,4
C,3161,103349200,C_UNIQUE_103349200,,False,1,5
C,3162,102732915,C_UNIQUE_102732915,,False,1,5
C,3163,103383033,C_UNIQUE_103383033,,False,1,3
C,3164,103669918,C_RG_0185,C_RG_0185,True,2,1
C,3165,95514300,C_UNIQUE_95514300,,False,1,4
C,3166,101292151,C_UNIQUE_101292151,,False,1,1
C,3167,103382758,C_UNIQUE_103382758,,False,1,2
C,3168,103382762,C_UNIQUE_103382762,,False,1,5
C,3169,103230995,C_UNIQUE_103230995,,False,1,2
C,3170,98874163,C_UNIQUE_98874163,,False,1,4
C,3171,102207144,C_UNIQUE_102207144,,False,1,3
C,3172,103403532,C_UNIQUE_103403532,,False,1,2
C,3173,102436751,C_UNIQUE_102436751,,False,1,1
C,3174,98881317,C_UNIQUE_98881317,,False,1,5
C,3175,103252071,C_UNIQUE_103252071,,False,1,2
C,3176,102515617,C_RG_0224,C_RG_0224,True,3,4
C,3177,103782137,C_UNIQUE_103782137,,False,1,4
C,3178,101483278,C_UNIQUE_101483278,,False,1,3
C,3179,103556804,C_UNIQUE_103556804,,False,1,2
C,3180,102309122,C_UNIQUE_102309122,,False,1,1
C,3181,103071363,C_UNIQUE_103071363,,False,1,2
C,3182,102206936,C_UNIQUE_102206936,,False,1,2
C,3183,103004646,C_UNIQUE_103004646,,False,1,4
C,3184,103004645,C_RG_0113,C_RG_0113,True,2,4
C,3185,102940646,C_UNIQUE_102940646,,False,1,3
C,3186,103782105,C_RG_0196,C_RG_0196,True,2,2
C,3187,103782102,C_UNIQUE_103782102,,False,1,4
C,3188,103464262,C_UNIQUE_103464262,,False,1,3
C,3189,102138231,C_RG_0225,C_RG_0225,True,2,4
C,3190,102803026,C_UNIQUE_102803026,,False,1,5
C,3191,103781970,C_UNIQUE_103781970,,False,1,1
C,3192,103326909,C_UNIQUE_103326909,,False,1,3
C,3193,103686903,C_UNIQUE_103686903,,False,1,4
C,3194,103004621,C_UNIQUE_103004621,,False,1,5
C,3195,103782080,C_UNIQUE_103782080,,False,1,3
C,3196,103782078,C_UNIQUE_103782078,,False,1,4
C,3197,101929726,C_UNIQUE_101929726,,False,1,2
C,3198,103485935,C_UNIQUE_103485935,,False,1,5
C,3199,103782075,C_UNIQUE_103782075,,False,1,3
C,3200,84073992,C_UNIQUE_84073992,,False,1,2
C,3201,103782065,C_RG_0144,C_RG_0144,True,3,5
C,3202,103641638,C_UNIQUE_103641638,,False,1,4
C,3203,96641284,C_UNIQUE_96641284,,False,1,5
C,3204,102974610,C_UNIQUE_102974610,,False,1,4
C,3205,101189858,C_UNIQUE_101189858,,False,1,4
C,3206,103781930,C_RG_0155,C_RG_0155,True,2,5
C,3207,103781895,C_UNIQUE_103781895,,False,1,2
C,3208,101349749,C_UNIQUE_101349749,,False,1,4
C,3209,103602332,C_UNIQUE_103602332,,False,1,2
C,3210,103458099,C_UNIQUE_103458099,,False,1,3
C,3211,103597968,C_UNIQUE_103597968,,False,1,4
C,3212,102863547,C_UNIQUE_102863547,,False,1,1
C,3213,103647605,C_UNIQUE_103647605,,False,1,1
C,3214,103380270,C_UNIQUE_103380270,,False,1,5
C,3215,102745515,C_UNIQUE_102745515,,False,1,2
C,3216,103552908,C_UNIQUE_103552908,,False,1,2
C,3217,103246761,C_UNIQUE_103246761,,False,1,1
C,3218,103379965,C_UNIQUE_103379965,,False,1,4
C,3219,100508314,C_UNIQUE_100508314,,False,1,3
C,3220,103316728,C_RG_0226,C_RG_0226,True,2,5
C,3221,103252161,C_UNIQUE_103252161,,False,1,1
C,3222,103101262,C_UNIQUE_103101262,,False,1,2
C,3223,102451522,C_RG_0224,C_RG_0224,True,3,4
C,3224,102380577,C_RG_0224,C_RG_0224,True,3,4
C,3225,102197091,C_UNIQUE_102197091,,False,1,4
C,3226,103556802,C_UNIQUE_103556802,,False,1,3
C,3227,103739983,C_UNIQUE_103739983,,False,1,2
C,3228,103683022,C_RG_0025,C_RG_0025,True,2,4
C,3229,98979609,C_UNIQUE_98979609,,False,1,5
C,3230,100521805,C_UNIQUE_100521805,,False,1,1
C,3231,102268576,C_UNIQUE_102268576,,False,1,3
C,3232,102621437,C_UNIQUE_102621437,,False,1,3
C,3233,103658337,C_UNIQUE_103658337,,False,1,3
C,3234,103349884,C_RG_0158,C_RG_0158,True,2,1
C,3235,102941210,C_UNIQUE_102941210,,False,1,4
C,3236,103624795,C_UNIQUE_103624795,,False,1,1
C,3237,91581848,C_UNIQUE_91581848,,False,1,5
C,3238,101737502,C_RG_0227,C_RG_0227,True,2,2
C,3239,103284136,C_UNIQUE_103284136,,False,1,1
C,3240,103193743,C_RG_0200,C_RG_0200,True,3,2
C,3241,102612602,C_RG_0192,C_RG_0192,True,2,3
C,3242,103781889,C_UNIQUE_103781889,,False,1,1
C,3243,103464263,C_RG_0225,C_RG_0225,True,2,4
C,3244,103781879,C_UNIQUE_103781879,,False,1,1
C,3245,103781713,C_UNIQUE_103781713,,False,1,5
C,3246,102884403,C_UNIQUE_102884403,,False,1,2
C,3247,103781751,C_RG_0110,C_RG_0110,True,2,1
C,3248,103781748,C_UNIQUE_103781748,,False,1,4
C,3249,103781747,C_UNIQUE_103781747,,False,1,3
C,3250,103781716,C_UNIQUE_103781716,,False,1,4
C,3251,103781715,C_UNIQUE_103781715,,False,1,3
C,3252,103202978,C_UNIQUE_103202978,,False,1,4
C,3253,103004650,C_UNIQUE_103004650,,False,1,4
C,3254,103656061,C_UNIQUE_103656061,,False,1,1
C,3255,103359463,C_UNIQUE_103359463,,False,1,2
C,3256,103272136,C_UNIQUE_103272136,,False,1,3
C,3257,103004644,C_UNIQUE_103004644,,False,1,3
C,3258,97176277,C_UNIQUE_97176277,,False,1,5
C,3259,103781855,C_UNIQUE_103781855,,False,1,2
C,3260,103781851,C_UNIQUE_103781851,,False,1,3
C,3261,99945785,C_UNIQUE_99945785,,False,1,3
C,3262,102884643,C_UNIQUE_102884643,,False,1,5
C,3263,99163586,C_UNIQUE_99163586,,False,1,3
C,3264,103781676,C_UNIQUE_103781676,,False,1,1
C,3265,102884111,C_UNIQUE_102884111,,False,1,5
C,3266,102883792,C_UNIQUE_102883792,,False,1,2
C,3267,103781822,C_UNIQUE_103781822,,False,1,1
C,3268,103781803,C_UNIQUE_103781803,,False,1,1
C,3269,96139249,C_UNIQUE_96139249,,False,1,2
C,3270,103781785,C_UNIQUE_103781785,,False,1,3
C,3271,102896565,C_UNIQUE_102896565,,False,1,2
C,3272,102880405,C_UNIQUE_102880405,,False,1,3
C,3273,103549516,C_UNIQUE_103549516,,False,1,3
C,3274,103446504,C_UNIQUE_103446504,,False,1,1
C,3275,102981673,C_UNIQUE_102981673,,False,1,4
C,3276,102981671,C_UNIQUE_102981671,,False,1,2
C,3277,102561514,C_UNIQUE_102561514,,False,1,1
C,3278,103712760,C_UNIQUE_103712760,,False,1,2
C,3279,103515353,C_UNIQUE_103515353,,False,1,5
C,3280,103434959,C_RG_0228,C_RG_0228,True,2,2
C,3281,103434910,C_RG_0228,C_RG_0228,True,2,2
C,3282,103498210,C_RG_0115,C_RG_0115,True,2,5
C,3283,101491913,C_RG_0059,C_RG_0059,True,3,1
C,3284,100085128,C_UNIQUE_100085128,,False,1,5
C,3285,103159578,C_UNIQUE_103159578,,False,1,1
C,3286,103114435,C_UNIQUE_103114435,,False,1,5
C,3287,102515573,C_UNIQUE_102515573,,False,1,5
C,3288,102262350,C_UNIQUE_102262350,,False,1,3
C,3289,103400217,C_UNIQUE_103400217,,False,1,5
C,3290,103718348,C_UNIQUE_103718348,,False,1,5
C,3291,103734479,C_UNIQUE_103734479,,False,1,4
C,3292,103781434,C_UNIQUE_103781434,,False,1,3
C,3293,103586078,C_UNIQUE_103586078,,False,1,3
C,3294,103624792,C_UNIQUE_103624792,,False,1,3
C,3295,103080924,C_UNIQUE_103080924,,False,1,4
C,3296,101710780,C_RG_0222,C_RG_0222,True,2,2
C,3297,98459187,C_RG_0021,C_RG_0021,True,2,3
C,3298,97158710,C_RG_0229,C_RG_0229,True,2,4
C,3299,103264750,C_UNIQUE_103264750,,False,1,5
C,3300,103781399,C_UNIQUE_103781399,,False,1,2
C,3301,103781395,C_UNIQUE_103781395,,False,1,4
C,3302,103781374,C_UNIQUE_103781374,,False,1,3
C,3303,103781415,C_UNIQUE_103781415,,False,1,3
C,3304,96025647,C_UNIQUE_96025647,,False,1,4
C,3305,103342467,C_UNIQUE_103342467,,False,1,3
C,3306,103272128,C_UNIQUE_103272128,,False,1,4
C,3307,102940641,C_UNIQUE_102940641,,False,1,3
C,3308,103781589,C_UNIQUE_103781589,,False,1,5
C,3309,103342475,C_UNIQUE_103342475,,False,1,2
C,3310,103781557,C_UNIQUE_103781557,,False,1,1
C,3311,103781549,C_UNIQUE_103781549,,False,1,5
C,3312,103781316,C_UNIQUE_103781316,,False,1,2
C,3313,103781326,C_UNIQUE_103781326,,False,1,3
C,3314,103781346,C_UNIQUE_103781346,,False,1,4
C,3315,103781531,C_UNIQUE_103781531,,False,1,2
C,3316,103454175,C_UNIQUE_103454175,,False,1,1
C,3317,101836062,C_RG_0078,C_RG_0078,True,3,4
C,3318,103781515,C_UNIQUE_103781515,,False,1,1
C,3319,103781510,C_UNIQUE_103781510,,False,1,5
C,3320,101487429,C_UNIQUE_101487429,,False,1,4
C,3321,103781474,C_UNIQUE_103781474,,False,1,4
C,3322,103781462,C_UNIQUE_103781462,,False,1,5
C,3323,102686684,C_UNIQUE_102686684,,False,1,1
C,3324,99998002,C_UNIQUE_99998002,,False,1,1
C,3325,103781456,C_UNIQUE_103781456,,False,1,5
C,3326,102003737,C_UNIQUE_102003737,,False,1,5
C,3327,103781453,C_UNIQUE_103781453,,False,1,3
C,3328,103781447,C_UNIQUE_103781447,,False,1,1
C,3329,103556803,C_UNIQUE_103556803,,False,1,4
C,3330,103781439,C_UNIQUE_103781439,,False,1,3
C,3331,103454244,C_UNIQUE_103454244,,False,1,3
C,3332,103444149,C_UNIQUE_103444149,,False,1,2
C,3333,103430625,C_UNIQUE_103430625,,False,1,5
C,3334,103248306,C_UNIQUE_103248306,,False,1,2
C,3335,103186446,C_UNIQUE_103186446,,False,1,5
C,3336,103139752,C_UNIQUE_103139752,,False,1,5
C,3337,103674286,C_UNIQUE_103674286,,False,1,5
C,3338,99124107,C_UNIQUE_99124107,,False,1,5
C,3339,102007920,C_UNIQUE_102007920,,False,1,5
C,3340,103389873,C_UNIQUE_103389873,,False,1,1
C,3341,103159773,C_RG_0220,C_RG_0220,True,2,2
C,3342,103159404,C_UNIQUE_103159404,,False,1,2
C,3343,103114521,C_UNIQUE_103114521,,False,1,2
C,3344,102451882,C_UNIQUE_102451882,,False,1,1
C,3345,97836584,C_UNIQUE_97836584,,False,1,4
C,3346,100485937,C_UNIQUE_100485937,,False,1,3
C,3347,103781078,C_UNIQUE_103781078,,False,1,3
C,3348,98288764,C_UNIQUE_98288764,,False,1,5
C,3349,103527272,C_UNIQUE_103527272,,False,1,1
C,3350,103269285,C_RG_0171,C_RG_0171,True,2,1
C,3351,96977618,C_UNIQUE_96977618,,False,1,1
C,3352,98543362,C_UNIQUE_98543362,,False,1,5
C,3353,100561066,C_UNIQUE_100561066,,False,1,3
C,3354,98459567,C_RG_0010,C_RG_0010,True,4,4
C,3355,103623620,C_UNIQUE_103623620,,False,1,1
C,3356,102707673,C_UNIQUE_102707673,,False,1,3
C,3357,102579289,C_UNIQUE_102579289,,False,1,5
C,3358,102553262,C_UNIQUE_102553262,,False,1,5
C,3359,102515753,C_UNIQUE_102515753,,False,1,3
C,3360,103631879,C_UNIQUE_103631879,,False,1,4
C,3361,103781295,C_UNIQUE_103781295,,False,1,4
C,3362,102852007,C_UNIQUE_102852007,,False,1,4
C,3363,103781280,C_UNIQUE_103781280,,False,1,3
C,3364,103753694,C_UNIQUE_103753694,,False,1,1
C,3365,103556824,C_UNIQUE_103556824,,False,1,1
C,3366,100890052,C_RG_0170,C_RG_0170,True,2,3
C,3367,103669450,C_UNIQUE_103669450,,False,1,3
C,3368,102895682,C_UNIQUE_102895682,,False,1,3
C,3369,103781077,C_UNIQUE_103781077,,False,1,2
C,3370,103781073,C_UNIQUE_103781073,,False,1,4
C,3371,103781072,C_UNIQUE_103781072,,False,1,2
C,3372,103781057,C_UNIQUE_103781057,,False,1,3
C,3373,103781045,C_UNIQUE_103781045,,False,1,3
C,3374,103781044,C_UNIQUE_103781044,,False,1,3
C,3375,102784475,C_UNIQUE_102784475,,False,1,4
C,3376,101191014,C_UNIQUE_101191014,,False,1,4
C,3377,103008080,C_UNIQUE_103008080,,False,1,4
C,3378,102055151,C_UNIQUE_102055151,,False,1,2
C,3379,103781243,C_UNIQUE_103781243,,False,1,4
C,3380,103527251,C_UNIQUE_103527251,,False,1,4
C,3381,96038285,C_UNIQUE_96038285,,False,1,5
C,3382,99397738,C_UNIQUE_99397738,,False,1,2
C,3383,55766395,C_UNIQUE_55766395,,False,1,3
C,3384,103781209,C_UNIQUE_103781209,,False,1,3
C,3385,103781207,C_UNIQUE_103781207,,False,1,1
C,3386,103781205,C_UNIQUE_103781205,,False,1,5
C,3387,103054381,C_UNIQUE_103054381,,False,1,2
C,3388,103462308,C_UNIQUE_103462308,,False,1,1
C,3389,103359466,C_UNIQUE_103359466,,False,1,1
C,3390,103359458,C_UNIQUE_103359458,,False,1,4
C,3391,103781195,C_UNIQUE_103781195,,False,1,4
C,3392,103781190,C_UNIQUE_103781190,,False,1,3
C,3393,103465097,C_UNIQUE_103465097,,False,1,1
C,3394,103781177,C_UNIQUE_103781177,,False,1,4
C,3395,103781023,C_UNIQUE_103781023,,False,1,1
C,3396,103781015,C_UNIQUE_103781015,,False,1,3
C,3397,103781173,C_UNIQUE_103781173,,False,1,3
C,3398,102979967,C_UNIQUE_102979967,,False,1,4
C,3399,97951226,C_UNIQUE_97951226,,False,1,5
C,3400,102133095,C_UNIQUE_102133095,,False,1,3
C,3401,103781156,C_UNIQUE_103781156,,False,1,5
C,3402,102853274,C_UNIQUE_102853274,,False,1,2
C,3403,103781145,C_UNIQUE_103781145,,False,1,4
C,3404,103781123,C_UNIQUE_103781123,,False,1,5
C,3405,101493192,C_RG_0022,C_RG_0022,True,2,5
C,3406,101708995,C_RG_0042,C_RG_0042,True,2,2
C,3407,102780662,C_UNIQUE_102780662,,False,1,5
C,3408,102985830,C_UNIQUE_102985830,,False,1,1
C,3409,103399025,C_UNIQUE_103399025,,False,1,5
C,3410,103781102,C_UNIQUE_103781102,,False,1,4
C,3411,102495466,C_UNIQUE_102495466,,False,1,4
C,3412,103548511,C_UNIQUE_103548511,,False,1,1
C,3413,103448720,C_UNIQUE_103448720,,False,1,1
C,3414,103445903,C_UNIQUE_103445903,,False,1,2
C,3415,102618040,C_UNIQUE_102618040,,False,1,3
C,3416,102690314,C_UNIQUE_102690314,,False,1,5
C,3417,103620874,C_UNIQUE_103620874,,False,1,3
C,3418,102690849,C_UNIQUE_102690849,,False,1,5
C,3419,102466432,C_UNIQUE_102466432,,False,1,4
C,3420,101595910,C_UNIQUE_101595910,,False,1,5
C,3421,102466923,C_UNIQUE_102466923,,False,1,3
C,3422,100544483,C_UNIQUE_100544483,,False,1,3
C,3423,103316534,C_UNIQUE_103316534,,False,1,2
C,3424,102363666,C_UNIQUE_102363666,,False,1,5
C,3425,99917566,C_RG_0016,C_RG_0016,True,2,4
C,3426,103135314,C_UNIQUE_103135314,,False,1,3
C,3427,103729295,C_UNIQUE_103729295,,False,1,2
C,3428,103613783,C_UNIQUE_103613783,,False,1,2
C,3429,103248949,C_UNIQUE_103248949,,False,1,3
C,3430,103780869,C_RG_0092,C_RG_0092,True,2,3
C,3431,103780867,C_UNIQUE_103780867,,False,1,3
C,3432,103237242,C_UNIQUE_103237242,,False,1,2
C,3433,101009211,C_UNIQUE_101009211,,False,1,3
C,3434,103587397,C_UNIQUE_103587397,,False,1,1
C,3435,101765449,C_RG_0157,C_RG_0157,True,3,3
C,3436,100074568,C_UNIQUE_100074568,,False,1,1
C,3437,103601587,C_UNIQUE_103601587,,False,1,5
C,3438,103601623,C_RG_0217,C_RG_0217,True,2,5
C,3439,102707617,C_UNIQUE_102707617,,False,1,3
C,3440,103780998,C_UNIQUE_103780998,,False,1,4
C,3441,103780990,C_UNIQUE_103780990,,False,1,2
C,3442,103780853,C_UNIQUE_103780853,,False,1,3
C,3443,103780852,C_UNIQUE_103780852,,False,1,1
C,3444,103780817,C_UNIQUE_103780817,,False,1,5
C,3445,94052167,C_UNIQUE_94052167,,False,1,5
C,3446,99672976,C_UNIQUE_99672976,,False,1,3
C,3447,99227929,C_UNIQUE_99227929,,False,1,4
C,3448,103537247,C_UNIQUE_103537247,,False,1,1
C,3449,103435348,C_UNIQUE_103435348,,False,1,5
C,3450,103780946,C_RG_0066,C_RG_0066,True,2,3
C,3451,102968657,C_UNIQUE_102968657,,False,1,1
C,3452,100917956,C_UNIQUE_100917956,,False,1,2
C,3453,102130431,C_UNIQUE_102130431,,False,1,4
C,3454,103780747,C_UNIQUE_103780747,,False,1,1
C,3455,103780745,C_UNIQUE_103780745,,False,1,2
C,3456,102800883,C_UNIQUE_102800883,,False,1,1
C,3457,102800881,C_UNIQUE_102800881,,False,1,3
C,3458,102783576,C_UNIQUE_102783576,,False,1,1
C,3459,101161152,C_UNIQUE_101161152,,False,1,5
C,3460,103780775,C_UNIQUE_103780775,,False,1,4
C,3461,103780764,C_UNIQUE_103780764,,False,1,2
C,3462,103780754,C_UNIQUE_103780754,,False,1,1
C,3463,102800878,C_UNIQUE_102800878,,False,1,2
C,3464,103433942,C_UNIQUE_103433942,,False,1,5
C,3465,100326762,C_UNIQUE_100326762,,False,1,2
C,3466,96031773,C_UNIQUE_96031773,,False,1,5
C,3467,101355322,C_UNIQUE_101355322,,False,1,2
C,3468,102033510,C_UNIQUE_102033510,,False,1,2
C,3469,100911351,C_UNIQUE_100911351,,False,1,2
C,3470,103495723,C_UNIQUE_103495723,,False,1,2
C,3471,103495353,C_UNIQUE_103495353,,False,1,5
C,3472,103780880,C_UNIQUE_103780880,,False,1,1
C,3473,103496485,C_RG_0006,C_RG_0006,True,2,4
C,3474,103711355,C_UNIQUE_103711355,,False,1,2
C,3475,103710996,C_UNIQUE_103710996,,False,1,3
C,3476,103780877,C_RG_0230,C_RG_0230,True,2,1
C,3477,100750230,C_UNIQUE_100750230,,False,1,4
C,3478,103045965,C_UNIQUE_103045965,,False,1,4
C,3479,102495385,C_UNIQUE_102495385,,False,1,1
C,3480,103128001,C_UNIQUE_103128001,,False,1,2
C,3481,102495064,C_UNIQUE_102495064,,False,1,2
C,3482,101672210,C_UNIQUE_101672210,,False,1,1
C,3483,102693173,C_UNIQUE_102693173,,False,1,2
C,3484,102691019,C_UNIQUE_102691019,,False,1,5
C,3485,102725874,C_UNIQUE_102725874,,False,1,3
C,3486,102583375,C_UNIQUE_102583375,,False,1,3
C,3487,102690981,C_UNIQUE_102690981,,False,1,5
C,3488,102690822,C_UNIQUE_102690822,,False,1,5
C,3489,102452772,C_UNIQUE_102452772,,False,1,3
C,3490,103675662,C_UNIQUE_103675662,,False,1,5
C,3491,103449275,C_RG_0226,C_RG_0226,True,2,5
C,3492,101431798,C_UNIQUE_101431798,,False,1,1
C,3493,101122065,C_RG_0215,C_RG_0215,True,2,1
C,3494,103283797,C_RG_0208,C_RG_0208,True,2,3
C,3495,103175932,C_UNIQUE_103175932,,False,1,3
C,3496,101256806,C_UNIQUE_101256806,,False,1,1
C,3497,100790079,C_UNIQUE_100790079,,False,1,4
C,3498,96905594,C_RG_0219,C_RG_0219,True,2,1
C,3499,103659913,C_UNIQUE_103659913,,False,1,3
C,3500,101688647,C_RG_0229,C_RG_0229,True,2,4
C,3501,101897522,C_RG_0205,C_RG_0205,True,2,4
C,3502,99934617,C_UNIQUE_99934617,,False,1,5
C,3503,103403509,C_RG_0011,C_RG_0011,True,2,4
C,3504,103159221,C_RG_0197,C_RG_0197,True,2,1
C,3505,101239305,C_UNIQUE_101239305,,False,1,1
C,3506,99889965,C_UNIQUE_99889965,,False,1,3
C,3507,102221420,C_UNIQUE_102221420,,False,1,3
C,3508,103616195,C_UNIQUE_103616195,,False,1,3
C,3509,102457330,C_UNIQUE_102457330,,False,1,2
C,3510,102783562,C_UNIQUE_102783562,,False,1,3
C,3511,102800899,C_UNIQUE_102800899,,False,1,3
C,3512,103780759,C_UNIQUE_103780759,,False,1,1
C,3513,101777096,C_UNIQUE_101777096,,False,1,4
C,3514,100629227,C_UNIQUE_100629227,,False,1,4
C,3515,96019514,C_UNIQUE_96019514,,False,1,5
C,3516,90554495,C_UNIQUE_90554495,,False,1,4
C,3517,102708899,C_UNIQUE_102708899,,False,1,2
C,3518,102612574,C_RG_0231,C_RG_0231,True,2,3
C,3519,102584887,C_UNIQUE_102584887,,False,1,2
C,3520,103780709,C_UNIQUE_103780709,,False,1,5
C,3521,103463427,C_UNIQUE_103463427,,False,1,3
C,3522,103720193,C_UNIQUE_103720193,,False,1,5
C,3523,102074388,C_UNIQUE_102074388,,False,1,1
C,3524,102887270,C_UNIQUE_102887270,,False,1,2
C,3525,103780479,C_UNIQUE_103780479,,False,1,4
C,3526,103780460,C_UNIQUE_103780460,,False,1,5
C,3527,102898729,C_RG_0121,C_RG_0121,True,2,1
C,3528,103780493,C_UNIQUE_103780493,,False,1,5
C,3529,103780518,C_UNIQUE_103780518,,False,1,2
C,3530,103780502,C_UNIQUE_103780502,,False,1,5
C,3531,102783560,C_UNIQUE_102783560,,False,1,1
C,3532,103780656,C_UNIQUE_103780656,,False,1,4
C,3533,103131121,C_UNIQUE_103131121,,False,1,4
C,3534,103132230,C_UNIQUE_103132230,,False,1,2
C,3535,102360468,C_UNIQUE_102360468,,False,1,3
C,3536,102136019,C_RG_0065,C_RG_0065,True,2,5
C,3537,101948460,C_UNIQUE_101948460,,False,1,1
C,3538,103537751,C_UNIQUE_103537751,,False,1,1
C,3539,102989770,C_UNIQUE_102989770,,False,1,4
C,3540,103780637,C_UNIQUE_103780637,,False,1,1
C,3541,102800889,C_RG_0091,C_RG_0091,True,2,5
C,3542,102841930,C_UNIQUE_102841930,,False,1,3
C,3543,102839472,C_UNIQUE_102839472,,False,1,1
C,3544,102835140,C_UNIQUE_102835140,,False,1,5
C,3545,102853401,C_UNIQUE_102853401,,False,1,2
C,3546,102567572,C_UNIQUE_102567572,,False,1,3
C,3547,103780620,C_UNIQUE_103780620,,False,1,3
C,3548,103780616,C_UNIQUE_103780616,,False,1,1
C,3549,102266202,C_UNIQUE_102266202,,False,1,4
C,3550,102234707,C_UNIQUE_102234707,,False,1,4
C,3551,102841929,C_UNIQUE_102841929,,False,1,3
C,3552,102784472,C_RG_0232,C_RG_0232,True,2,2
C,3553,102871276,C_UNIQUE_102871276,,False,1,2
C,3554,101898218,C_UNIQUE_101898218,,False,1,3
C,3555,101897718,C_UNIQUE_101897718,,False,1,3
C,3556,100605162,C_UNIQUE_100605162,,False,1,1
C,3557,102871252,C_UNIQUE_102871252,,False,1,2
C,3558,103780595,C_UNIQUE_103780595,,False,1,5
C,3559,102206882,C_RG_0067,C_RG_0067,True,2,4
C,3560,103780419,C_UNIQUE_103780419,,False,1,1
C,3561,103780408,C_RG_0186,C_RG_0186,True,3,3
C,3562,103780386,C_UNIQUE_103780386,,False,1,1
C,3563,103780382,C_RG_0186,C_RG_0186,True,3,3
C,3564,103780381,C_UNIQUE_103780381,,False,1,5
C,3565,103780380,C_UNIQUE_103780380,,False,1,4
C,3566,103780378,C_UNIQUE_103780378,,False,1,2
C,3567,103780377,C_UNIQUE_103780377,,False,1,4
C,3568,103780376,C_UNIQUE_103780376,,False,1,2
C,3569,103780373,C_UNIQUE_103780373,,False,1,2
C,3570,103780370,C_UNIQUE_103780370,,False,1,5
C,3571,103780367,C_UNIQUE_103780367,,False,1,3
C,3572,103780366,C_UNIQUE_103780366,,False,1,4
C,3573,103780363,C_UNIQUE_103780363,,False,1,3
C,3574,103780359,C_UNIQUE_103780359,,False,1,3
C,3575,103780357,C_UNIQUE_103780357,,False,1,4
C,3576,102904350,C_UNIQUE_102904350,,False,1,5
C,3577,102682795,C_UNIQUE_102682795,,False,1,2
C,3578,102173380,C_UNIQUE_102173380,,False,1,3
C,3579,103780439,C_UNIQUE_103780439,,False,1,3
C,3580,102732169,C_RG_0194,C_RG_0194,True,2,4
C,3581,103004623,C_UNIQUE_103004623,,False,1,4
C,3582,102796617,C_RG_0227,C_RG_0227,True,2,2
C,3583,103342472,C_UNIQUE_103342472,,False,1,3
C,3584,101152777,C_UNIQUE_101152777,,False,1,3
C,3585,103462618,C_UNIQUE_103462618,,False,1,1
C,3586,103340228,C_UNIQUE_103340228,,False,1,5
C,3587,102759981,C_UNIQUE_102759981,,False,1,5
C,3588,103004605,C_UNIQUE_103004605,,False,1,3
C,3589,103780569,C_UNIQUE_103780569,,False,1,1
C,3590,101732984,C_UNIQUE_101732984,,False,1,3
C,3591,100750304,C_UNIQUE_100750304,,False,1,4
C,3592,103060200,C_UNIQUE_103060200,,False,1,3
C,3593,103780541,C_UNIQUE_103780541,,False,1,4
C,3594,103270495,C_UNIQUE_103270495,,False,1,4
C,3595,102685541,C_UNIQUE_102685541,,False,1,4
C,3596,102941431,C_UNIQUE_102941431,,False,1,2
C,3597,102726838,C_UNIQUE_102726838,,False,1,2
C,3598,102693202,C_UNIQUE_102693202,,False,1,3
C,3599,102693082,C_UNIQUE_102693082,,False,1,5
C,3600,102685481,C_UNIQUE_102685481,,False,1,4
C,3601,102692868,C_UNIQUE_102692868,,False,1,5
C,3602,102561710,C_UNIQUE_102561710,,False,1,5
C,3603,102969899,C_UNIQUE_102969899,,False,1,2
C,3604,101239391,C_RG_0213,C_RG_0213,True,2,2
C,3605,100507838,C_UNIQUE_100507838,,False,1,3
C,3606,99361389,C_UNIQUE_99361389,,False,1,3
C,3607,102008021,C_UNIQUE_102008021,,False,1,1
C,3608,103541214,C_RG_0106,C_RG_0106,True,2,3
C,3609,102695939,C_UNIQUE_102695939,,False,1,3
C,3610,100914862,C_UNIQUE_100914862,,False,1,1
C,3611,102709304,C_UNIQUE_102709304,,False,1,1
C,3612,102210221,C_UNIQUE_102210221,,False,1,1
C,3613,101850328,C_UNIQUE_101850328,,False,1,2
C,3614,101920468,C_UNIQUE_101920468,,False,1,1
C,3615,103780183,C_RG_0126,C_RG_0126,True,2,4
C,3616,103780428,C_UNIQUE_103780428,,False,1,4
C,3617,101609195,C_UNIQUE_101609195,,False,1,3
C,3618,102951643,C_RG_0154,C_RG_0154,True,2,5
C,3619,103780395,C_UNIQUE_103780395,,False,1,3
C,3620,103551988,C_UNIQUE_103551988,,False,1,3
C,3621,103720341,C_UNIQUE_103720341,,False,1,4
C,3622,103282805,C_UNIQUE_103282805,,False,1,5
C,3623,102233357,C_UNIQUE_102233357,,False,1,4
C,3624,103473725,C_UNIQUE_103473725,,False,1,5
C,3625,102665213,C_UNIQUE_102665213,,False,1,3
C,3626,102658033,C_UNIQUE_102658033,,False,1,4
C,3627,103780346,C_UNIQUE_103780346,,False,1,5
C,3628,103780344,C_UNIQUE_103780344,,False,1,1
C,3629,103780171,C_UNIQUE_103780171,,False,1,2
C,3630,103780151,C_RG_0230,C_RG_0230,True,2,1
C,3631,103780144,C_UNIQUE_103780144,,False,1,1
C,3632,103780118,C_UNIQUE_103780118,,False,1,3
C,3633,103780109,C_RG_0099,C_RG_0099,True,2,5
C,3634,103780090,C_UNIQUE_103780090,,False,1,1
C,3635,103780160,C_RG_0212,C_RG_0212,True,2,1
C,3636,103780157,C_UNIQUE_103780157,,False,1,4
C,3637,103780333,C_UNIQUE_103780333,,False,1,1
C,3638,94476283,C_UNIQUE_94476283,,False,1,5
C,3639,103780322,C_RG_0198,C_RG_0198,True,2,5
C,3640,103780315,C_UNIQUE_103780315,,False,1,2
C,3641,85818180,C_UNIQUE_85818180,,False,1,4
C,3642,103742690,C_UNIQUE_103742690,,False,1,5
C,3643,103780296,C_UNIQUE_103780296,,False,1,5
C,3644,102787285,C_UNIQUE_102787285,,False,1,3
C,3645,102787605,C_UNIQUE_102787605,,False,1,5
C,3646,102786533,C_UNIQUE_102786533,,False,1,1
C,3647,102787557,C_UNIQUE_102787557,,False,1,2
C,3648,102786624,C_UNIQUE_102786624,,False,1,1
C,3649,102787587,C_RG_0133,C_RG_0133,True,2,3
C,3650,98474108,C_UNIQUE_98474108,,False,1,4
C,3651,100786387,C_RG_0233,C_RG_0233,True,2,4
C,3652,102799014,C_UNIQUE_102799014,,False,1,4
C,3653,100751627,C_UNIQUE_100751627,,False,1,1
C,3654,102799650,C_UNIQUE_102799650,,False,1,3
C,3655,100677623,C_UNIQUE_100677623,,False,1,3
C,3656,101853301,C_UNIQUE_101853301,,False,1,5
C,3657,94715298,C_UNIQUE_94715298,,False,1,4
C,3658,102797907,C_RG_0189,C_RG_0189,True,3,1
C,3659,98874723,C_UNIQUE_98874723,,False,1,2
C,3660,100786205,C_UNIQUE_100786205,,False,1,4
C,3661,100664244,C_UNIQUE_100664244,,False,1,3
C,3662,103780287,C_UNIQUE_103780287,,False,1,5
C,3663,100786030,C_UNIQUE_100786030,,False,1,1
C,3664,102798780,C_RG_0094,C_RG_0094,True,2,1
C,3665,96417335,C_UNIQUE_96417335,,False,1,2
C,3666,102797619,C_RG_0129,C_RG_0129,True,3,3
C,3667,102797739,C_RG_0128,C_RG_0128,True,3,5
C,3668,100790240,C_UNIQUE_100790240,,False,1,5
C,3669,89546969,C_UNIQUE_89546969,,False,1,5
C,3670,102871434,C_UNIQUE_102871434,,False,1,3
C,3671,103399768,C_UNIQUE_103399768,,False,1,5
C,3672,100961547,C_UNIQUE_100961547,,False,1,2
C,3673,101239972,C_UNIQUE_101239972,,False,1,1
C,3674,103653862,C_UNIQUE_103653862,,False,1,3
C,3675,103780058,C_UNIQUE_103780058,,False,1,4
C,3676,103780056,C_UNIQUE_103780056,,False,1,2
C,3677,103780048,C_UNIQUE_103780048,,False,1,1
C,3678,103780055,C_UNIQUE_103780055,,False,1,2
C,3679,102871890,C_UNIQUE_102871890,,False,1,2
C,3680,103780081,C_UNIQUE_103780081,,False,1,3
C,3681,103012748,C_UNIQUE_103012748,,False,1,2
C,3682,103156264,C_UNIQUE_103156264,,False,1,2
C,3683,103397524,C_UNIQUE_103397524,,False,1,4
C,3684,102760370,C_UNIQUE_102760370,,False,1,5
C,3685,99358390,C_UNIQUE_99358390,,False,1,2
C,3686,103780242,C_RG_0223,C_RG_0223,True,2,3
C,3687,102497514,C_UNIQUE_102497514,,False,1,3
C,3688,102718273,C_UNIQUE_102718273,,False,1,2
C,3689,103780238,C_UNIQUE_103780238,,False,1,3
C,3690,102138204,C_UNIQUE_102138204,,False,1,3
C,3691,103780231,C_UNIQUE_103780231,,False,1,3
C,3692,103353479,C_UNIQUE_103353479,,False,1,2
C,3693,103780224,C_UNIQUE_103780224,,False,1,3
C,3694,102778353,C_UNIQUE_102778353,,False,1,2
C,3695,101515637,C_UNIQUE_101515637,,False,1,2
C,3696,102898118,C_UNIQUE_102898118,,False,1,1
C,3697,102898823,C_RG_0188,C_RG_0188,True,2,2
C,3698,103643911,C_UNIQUE_103643911,,False,1,4
C,3699,103060543,C_UNIQUE_103060543,,False,1,1
C,3700,103033446,C_UNIQUE_103033446,,False,1,4
C,3701,103780196,C_UNIQUE_103780196,,False,1,4
C,3702,103780191,C_UNIQUE_103780191,,False,1,1
C,3703,103780190,C_UNIQUE_103780190,,False,1,5
C,3704,103780189,C_UNIQUE_103780189,,False,1,3
C,3705,102948277,C_UNIQUE_102948277,,False,1,1
C,3706,102947985,C_UNIQUE_102947985,,False,1,4
C,3707,103448724,C_UNIQUE_103448724,,False,1,1
C,3708,103269148,C_UNIQUE_103269148,,False,1,5
C,3709,102966001,C_UNIQUE_102966001,,False,1,2
C,3710,103248220,C_UNIQUE_103248220,,False,1,2
C,3711,103187574,C_UNIQUE_103187574,,False,1,5
C,3712,103141530,C_UNIQUE_103141530,,False,1,5
C,3713,100267379,C_UNIQUE_100267379,,False,1,2
C,3714,103110513,C_UNIQUE_103110513,,False,1,2
C,3715,103131323,C_UNIQUE_103131323,,False,1,2
C,3716,103668823,C_UNIQUE_103668823,,False,1,5
C,3717,103342169,C_UNIQUE_103342169,,False,1,2
C,3718,102969909,C_UNIQUE_102969909,,False,1,3
C,3719,103342520,C_UNIQUE_103342520,,False,1,3
C,3720,103342419,C_RG_0234,C_RG_0234,True,2,2
C,3721,103318967,C_RG_0234,C_RG_0234,True,2,2
C,3722,100263832,C_UNIQUE_100263832,,False,1,4
C,3723,99115455,C_UNIQUE_99115455,,False,1,2
C,3724,103526659,C_UNIQUE_103526659,,False,1,1
C,3725,103779862,C_UNIQUE_103779862,,False,1,4
C,3726,103779860,C_UNIQUE_103779860,,False,1,3
C,3727,102781949,C_UNIQUE_102781949,,False,1,4
C,3728,103566354,C_UNIQUE_103566354,,False,1,4
C,3729,99643828,C_UNIQUE_99643828,,False,1,5
C,3730,103780041,C_UNIQUE_103780041,,False,1,2
C,3731,98490601,C_UNIQUE_98490601,,False,1,1
C,3732,93303364,C_UNIQUE_93303364,,False,1,3
C,3733,100693424,C_UNIQUE_100693424,,False,1,1
C,3734,100678767,C_UNIQUE_100678767,,False,1,3
C,3735,102803700,C_RG_0189,C_RG_0189,True,3,1
C,3736,103779790,C_UNIQUE_103779790,,False,1,4
C,3737,103779780,C_UNIQUE_103779780,,False,1,4
C,3738,103779798,C_UNIQUE_103779798,,False,1,5
C,3739,103779789,C_UNIQUE_103779789,,False,1,4
C,3740,102718676,C_UNIQUE_102718676,,False,1,2
C,3741,103779846,C_UNIQUE_103779846,,False,1,5
C,3742,103779834,C_UNIQUE_103779834,,False,1,2
C,3743,103779810,C_UNIQUE_103779810,,False,1,5
C,3744,103585315,C_UNIQUE_103585315,,False,1,1
C,3745,101272625,C_UNIQUE_101272625,,False,1,4
C,3746,86046731,C_UNIQUE_86046731,,False,1,4
C,3747,83621995,C_UNIQUE_83621995,,False,1,5
C,3748,103780016,C_UNIQUE_103780016,,False,1,1
C,3749,102494161,C_UNIQUE_102494161,,False,1,2
C,3750,103780012,C_UNIQUE_103780012,,False,1,4
C,3751,103713122,C_UNIQUE_103713122,,False,1,2
C,3752,103780000,C_UNIQUE_103780000,,False,1,3
C,3753,103570238,C_UNIQUE_103570238,,False,1,3
C,3754,102693117,C_UNIQUE_102693117,,False,1,3
C,3755,103590482,C_UNIQUE_103590482,,False,1,4
C,3756,102748031,C_UNIQUE_102748031,,False,1,3
C,3757,103779978,C_RG_0070,C_RG_0070,True,2,2
C,3758,103779971,C_UNIQUE_103779971,,False,1,5
C,3759,103779969,C_UNIQUE_103779969,,False,1,5
C,3760,103779965,C_UNIQUE_103779965,,False,1,2
C,3761,103779774,C_UNIQUE_103779774,,False,1,2
C,3762,103779739,C_UNIQUE_103779739,,False,1,3
C,3763,103779731,C_UNIQUE_103779731,,False,1,1
C,3764,102781822,C_UNIQUE_102781822,,False,1,1
C,3765,102732515,C_UNIQUE_102732515,,False,1,3
C,3766,103779922,C_UNIQUE_103779922,,False,1,1
C,3767,103779915,C_UNIQUE_103779915,,False,1,1
C,3768,101710600,C_UNIQUE_101710600,,False,1,2
C,3769,99124760,C_UNIQUE_99124760,,False,1,4
C,3770,102612197,C_RG_0231,C_RG_0231,True,2,3
C,3771,101710774,C_UNIQUE_101710774,,False,1,4
C,3772,101710638,C_UNIQUE_101710638,,False,1,4
C,3773,100682856,C_UNIQUE_100682856,,False,1,1
C,3774,102695316,C_UNIQUE_102695316,,False,1,1
C,3775,98695123,C_UNIQUE_98695123,,False,1,5
C,3776,100770946,C_RG_0233,C_RG_0233,True,2,4
C,3777,100790250,C_UNIQUE_100790250,,False,1,4
C,3778,102565829,C_UNIQUE_102565829,,False,1,3
C,3779,102564928,C_UNIQUE_102564928,,False,1,2
C,3780,102785385,C_UNIQUE_102785385,,False,1,4
C,3781,102785306,C_RG_0232,C_RG_0232,True,2,2
C,3782,102785259,C_RG_0183,C_RG_0183,True,2,4
C,3783,102871005,C_UNIQUE_102871005,,False,1,5
C,3784,102870769,C_UNIQUE_102870769,,False,1,5
C,3785,102870797,C_UNIQUE_102870797,,False,1,4
C,3786,102870901,C_UNIQUE_102870901,,False,1,4
C,3787,103156204,C_UNIQUE_103156204,,False,1,2
C,3788,103779905,C_UNIQUE_103779905,,False,1,1
C,3789,103779892,C_UNIQUE_103779892,,False,1,1
C,3790,103779890,C_UNIQUE_103779890,,False,1,1
