row_index,listing_id,group_safe_group_id,repeat_group_id,is_repeat_like,group_safe_fold,group_size,repeat_level
0,98187451,UNIQUE_98187451,,False,3,1,non-repeat
1,101683090,UNIQUE_101683090,,False,5,1,non-repeat
2,103792905,RG_0001,RG_0001,True,1,2,Level 3 - possible repeat
3,103806240,UNIQUE_103806240,,False,1,1,non-repeat
4,103806234,UNIQUE_103806234,,False,2,1,non-repeat
5,103739787,UNIQUE_103739787,,False,4,1,non-repeat
6,103690767,UNIQUE_103690767,,False,1,1,non-repeat
7,103615852,UNIQUE_103615852,,False,3,1,non-repeat
8,103615849,UNIQUE_103615849,,False,2,1,non-repeat
9,102460346,UNIQUE_102460346,,False,1,1,non-repeat
10,103806285,UNIQUE_103806285,,False,4,1,non-repeat
11,103739661,UNIQUE_103739661,,False,4,1,non-repeat
12,103696451,UNIQUE_103696451,,False,1,1,non-repeat
13,103580644,UNIQUE_103580644,,False,3,1,non-repeat
14,102452522,UNIQUE_102452522,,False,1,1,non-repeat
15,103806203,UNIQUE_103806203,,False,2,1,non-repeat
16,103806202,UNIQUE_103806202,,False,1,1,non-repeat
17,103806192,UNIQUE_103806192,,False,3,1,non-repeat
18,103246638,UNIQUE_103246638,,False,5,1,non-repeat
19,103740356,RG_0002,RG_0002,True,5,2,Level 3 - possible repeat
20,103589322,UNIQUE_103589322,,False,3,1,non-repeat
21,103582335,UNIQUE_103582335,,False,5,1,non-repeat
22,103386504,UNIQUE_103386504,,False,2,1,non-repeat
23,103684680,UNIQUE_103684680,,False,4,1,non-repeat
24,103683568,UNIQUE_103683568,,False,1,1,non-repeat
25,103806074,UNIQUE_103806074,,False,4,1,non-repeat
26,103805967,UNIQUE_103805967,,False,4,1,non-repeat
27,103805963,UNIQUE_103805963,,False,2,1,non-repeat
28,103805953,UNIQUE_103805953,,False,4,1,non-repeat
29,103615831,UNIQUE_103615831,,False,4,1,non-repeat
30,102461841,UNIQUE_102461841,,False,4,1,non-repeat
31,101979792,UNIQUE_101979792,,False,5,1,non-repeat
32,103806053,UNIQUE_103806053,,False,5,1,non-repeat
33,103715477,UNIQUE_103715477,,False,4,1,non-repeat
34,103805909,UNIQUE_103805909,,False,3,1,non-repeat
35,103805998,UNIQUE_103805998,,False,3,1,non-repeat
36,103292386,UNIQUE_103292386,,False,5,1,non-repeat
37,103292345,UNIQUE_103292345,,False,3,1,non-repeat
38,103292300,UNIQUE_103292300,,False,2,1,non-repeat
39,101804692,UNIQUE_101804692,,False,1,1,non-repeat
40,100462242,UNIQUE_100462242,,False,3,1,non-repeat
41,103703580,UNIQUE_103703580,,False,1,1,non-repeat
42,103640175,UNIQUE_103640175,,False,3,1,non-repeat
43,102709021,UNIQUE_102709021,,False,5,1,non-repeat
44,103805884,UNIQUE_103805884,,False,2,1,non-repeat
45,103125815,UNIQUE_103125815,,False,3,1,non-repeat
46,103755519,UNIQUE_103755519,,False,1,1,non-repeat
47,103690820,UNIQUE_103690820,,False,5,1,non-repeat
48,102135985,UNIQUE_102135985,,False,4,1,non-repeat
49,103637327,UNIQUE_103637327,,False,3,1,non-repeat
50,103594449,UNIQUE_103594449,,False,3,1,non-repeat
51,103142753,UNIQUE_103142753,,False,2,1,non-repeat
52,103754290,UNIQUE_103754290,,False,3,1,non-repeat
53,103805698,UNIQUE_103805698,,False,3,1,non-repeat
54,103805692,UNIQUE_103805692,,False,3,1,non-repeat
55,102399058,UNIQUE_102399058,,False,3,1,non-repeat
56,102725008,UNIQUE_102725008,,False,4,1,non-repeat
57,102664029,UNIQUE_102664029,,False,3,1,non-repeat
58,103042046,UNIQUE_103042046,,False,5,1,non-repeat
59,103805672,UNIQUE_103805672,,False,2,1,non-repeat
60,103805666,UNIQUE_103805666,,False,5,1,non-repeat
61,103805719,UNIQUE_103805719,,False,5,1,non-repeat
62,103805714,UNIQUE_103805714,,False,3,1,non-repeat
63,103805712,UNIQUE_103805712,,False,2,1,non-repeat
64,102887743,UNIQUE_102887743,,False,2,1,non-repeat
65,103120855,UNIQUE_103120855,,False,3,1,non-repeat
66,103795255,UNIQUE_103795255,,False,2,1,non-repeat
67,103708653,UNIQUE_103708653,,False,3,1,non-repeat
68,103795254,UNIQUE_103795254,,False,1,1,non-repeat
69,103795238,UNIQUE_103795238,,False,2,1,non-repeat
70,103663119,UNIQUE_103663119,,False,4,1,non-repeat
71,103537807,UNIQUE_103537807,,False,4,1,non-repeat
72,101480721,UNIQUE_101480721,,False,5,1,non-repeat
73,103530633,UNIQUE_103530633,,False,4,1,non-repeat
74,103805563,RG_0003,RG_0003,True,3,2,Level 3 - possible repeat
75,103805555,UNIQUE_103805555,,False,2,1,non-repeat
76,102631653,RG_0004,RG_0004,True,4,2,Level 3 - possible repeat
77,102006980,UNIQUE_102006980,,False,5,1,non-repeat
78,103805644,RG_0005,RG_0005,True,5,3,Level 3 - possible repeat
79,103073792,UNIQUE_103073792,,False,1,1,non-repeat
80,102725022,UNIQUE_102725022,,False,2,1,non-repeat
81,102850930,UNIQUE_102850930,,False,3,1,non-repeat
82,103149030,UNIQUE_103149030,,False,1,1,non-repeat
83,103805620,UNIQUE_103805620,,False,4,1,non-repeat
84,103805611,UNIQUE_103805611,,False,3,1,non-repeat
85,103805539,UNIQUE_103805539,,False,5,1,non-repeat
86,103581872,UNIQUE_103581872,,False,3,1,non-repeat
87,103563958,UNIQUE_103563958,,False,4,1,non-repeat
88,103443920,RG_0006,RG_0006,True,4,2,Level 3 - possible repeat
89,103383454,UNIQUE_103383454,,False,1,1,non-repeat
90,103351715,UNIQUE_103351715,,False,4,1,non-repeat
91,103323847,UNIQUE_103323847,,False,4,1,non-repeat
92,103293875,UNIQUE_103293875,,False,3,1,non-repeat
93,103199527,UNIQUE_103199527,,False,4,1,non-repeat
94,102738500,UNIQUE_102738500,,False,5,1,non-repeat
95,102492658,UNIQUE_102492658,,False,3,1,non-repeat
96,102343002,UNIQUE_102343002,,False,2,1,non-repeat
97,102223783,UNIQUE_102223783,,False,1,1,non-repeat
98,102211027,UNIQUE_102211027,,False,2,1,non-repeat
99,100883751,UNIQUE_100883751,,False,3,1,non-repeat
100,99869405,UNIQUE_99869405,,False,5,1,non-repeat
101,103098770,UNIQUE_103098770,,False,5,1,non-repeat
102,103805449,UNIQUE_103805449,,False,1,1,non-repeat
103,102631668,RG_0004,RG_0004,True,4,2,Level 3 - possible repeat
104,103805522,UNIQUE_103805522,,False,2,1,non-repeat
105,103805519,UNIQUE_103805519,,False,3,1,non-repeat
106,103805518,UNIQUE_103805518,,False,2,1,non-repeat
107,103805514,UNIQUE_103805514,,False,3,1,non-repeat
108,103805511,RG_0007,RG_0007,True,3,2,Level 3 - possible repeat
109,103805510,UNIQUE_103805510,,False,2,1,non-repeat
110,103805502,UNIQUE_103805502,,False,2,1,non-repeat
111,103805427,UNIQUE_103805427,,False,2,1,non-repeat
112,103805422,UNIQUE_103805422,,False,5,1,non-repeat
113,102631678,UNIQUE_102631678,,False,5,1,non-repeat
114,101602694,UNIQUE_101602694,,False,5,1,non-repeat
115,103734716,UNIQUE_103734716,,False,3,1,non-repeat
116,102649103,UNIQUE_102649103,,False,2,1,non-repeat
117,102790896,UNIQUE_102790896,,False,2,1,non-repeat
118,103338849,UNIQUE_103338849,,False,1,1,non-repeat
119,103805308,UNIQUE_103805308,,False,5,1,non-repeat
120,101224511,UNIQUE_101224511,,False,3,1,non-repeat
121,103805444,UNIQUE_103805444,,False,1,1,non-repeat
122,103805439,UNIQUE_103805439,,False,5,1,non-repeat
123,103273883,UNIQUE_103273883,,False,5,1,non-repeat
124,103805409,UNIQUE_103805409,,False,5,1,non-repeat
125,103805406,UNIQUE_103805406,,False,3,1,non-repeat
126,103805404,UNIQUE_103805404,,False,1,1,non-repeat
127,103805403,UNIQUE_103805403,,False,1,1,non-repeat
128,103805401,UNIQUE_103805401,,False,1,1,non-repeat
129,103805398,RG_0005,RG_0005,True,5,3,Level 3 - possible repeat
130,103805396,UNIQUE_103805396,,False,2,1,non-repeat
131,103805390,UNIQUE_103805390,,False,5,1,non-repeat
132,94739862,UNIQUE_94739862,,False,1,1,non-repeat
133,100922534,UNIQUE_100922534,,False,1,1,non-repeat
134,103805375,UNIQUE_103805375,,False,5,1,non-repeat
135,103805366,UNIQUE_103805366,,False,1,1,non-repeat
136,102859087,UNIQUE_102859087,,False,2,1,non-repeat
137,100049703,UNIQUE_100049703,,False,4,1,non-repeat
138,103805244,UNIQUE_103805244,,False,2,1,non-repeat
139,101557901,UNIQUE_101557901,,False,3,1,non-repeat
140,103705457,UNIQUE_103705457,,False,4,1,non-repeat
141,103705756,UNIQUE_103705756,,False,3,1,non-repeat
142,103805331,UNIQUE_103805331,,False,3,1,non-repeat
143,103805321,UNIQUE_103805321,,False,2,1,non-repeat
144,102920513,UNIQUE_102920513,,False,1,1,non-repeat
145,103187350,UNIQUE_103187350,,False,1,1,non-repeat
146,103805305,UNIQUE_103805305,,False,3,1,non-repeat
147,103539418,RG_0008,RG_0008,True,1,3,Level 3 - possible repeat
148,103050905,UNIQUE_103050905,,False,4,1,non-repeat
149,103176156,RG_0009,RG_0009,True,3,2,Level 3 - possible repeat
150,103050937,RG_0010,RG_0010,True,4,4,Level 3 - possible repeat
151,103805177,UNIQUE_103805177,,False,2,1,non-repeat
152,103805172,UNIQUE_103805172,,False,5,1,non-repeat
153,102554797,UNIQUE_102554797,,False,2,1,non-repeat
154,101907204,UNIQUE_101907204,,False,4,1,non-repeat
155,101830037,UNIQUE_101830037,,False,1,1,non-repeat
156,103805238,UNIQUE_103805238,,False,4,1,non-repeat
157,103805222,UNIQUE_103805222,,False,3,1,non-repeat
158,30964923,UNIQUE_30964923,,False,4,1,non-repeat
159,103652447,UNIQUE_103652447,,False,2,1,non-repeat
160,100049749,UNIQUE_100049749,,False,2,1,non-repeat
161,103805089,UNIQUE_103805089,,False,4,1,non-repeat
162,103805118,UNIQUE_103805118,,False,5,1,non-repeat
163,103805117,UNIQUE_103805117,,False,5,1,non-repeat
164,103805207,UNIQUE_103805207,,False,5,1,non-repeat
165,103792460,UNIQUE_103792460,,False,5,1,non-repeat
166,103487988,RG_0011,RG_0011,True,4,2,Level 3 - possible repeat
167,103436550,UNIQUE_103436550,,False,3,1,non-repeat
168,103805030,UNIQUE_103805030,,False,2,1,non-repeat
169,103434472,UNIQUE_103434472,,False,5,1,non-repeat
170,103805026,RG_0012,RG_0012,True,5,2,Level 3 - possible repeat
171,103610151,UNIQUE_103610151,,False,4,1,non-repeat
172,100751667,UNIQUE_100751667,,False,1,1,non-repeat
173,103805021,UNIQUE_103805021,,False,3,1,non-repeat
174,103694293,UNIQUE_103694293,,False,3,1,non-repeat
175,103509966,UNIQUE_103509966,,False,3,1,non-repeat
176,103804933,UNIQUE_103804933,,False,4,1,non-repeat
177,103648844,UNIQUE_103648844,,False,5,1,non-repeat
178,102467837,UNIQUE_102467837,,False,5,1,non-repeat
179,103804857,UNIQUE_103804857,,False,1,1,non-repeat
180,101776501,UNIQUE_101776501,,False,5,1,non-repeat
181,101812252,UNIQUE_101812252,,False,1,1,non-repeat
182,101817399,RG_0013,RG_0013,True,2,2,Level 3 - possible repeat
183,100780015,UNIQUE_100780015,,False,5,1,non-repeat
184,101709396,UNIQUE_101709396,,False,4,1,non-repeat
185,102990565,UNIQUE_102990565,,False,1,1,non-repeat
186,103804826,UNIQUE_103804826,,False,3,1,non-repeat
187,103804825,UNIQUE_103804825,,False,1,1,non-repeat
188,103493683,RG_0014,RG_0014,True,3,2,Level 3 - possible repeat
189,103465493,UNIQUE_103465493,,False,1,1,non-repeat
190,103126986,RG_0015,RG_0015,True,1,2,Level 3 - possible repeat
191,101186465,UNIQUE_101186465,,False,1,1,non-repeat
192,100503785,UNIQUE_100503785,,False,4,1,non-repeat
193,100338053,UNIQUE_100338053,,False,5,1,non-repeat
194,83622800,UNIQUE_83622800,,False,1,1,non-repeat
195,103249540,UNIQUE_103249540,,False,1,1,non-repeat
196,103804692,UNIQUE_103804692,,False,3,1,non-repeat
197,100369189,UNIQUE_100369189,,False,5,1,non-repeat
198,102754019,UNIQUE_102754019,,False,1,1,non-repeat
199,96323999,RG_0016,RG_0016,True,4,2,Level 3 - possible repeat
200,96324225,UNIQUE_96324225,,False,2,1,non-repeat
201,95783518,RG_0017,RG_0017,True,5,2,Level 2 - strong repeat
202,102352239,UNIQUE_102352239,,False,4,1,non-repeat
203,96433542,UNIQUE_96433542,,False,4,1,non-repeat
204,103804595,UNIQUE_103804595,,False,2,1,non-repeat
205,103804591,RG_0018,RG_0018,True,1,2,Level 3 - possible repeat
206,103804585,UNIQUE_103804585,,False,3,1,non-repeat
207,103804652,UNIQUE_103804652,,False,4,1,non-repeat
208,103791585,UNIQUE_103791585,,False,3,1,non-repeat
209,103739574,UNIQUE_103739574,,False,4,1,non-repeat
210,103644888,UNIQUE_103644888,,False,2,1,non-repeat
211,103612129,RG_0019,RG_0019,True,3,2,Level 3 - possible repeat
212,103558767,UNIQUE_103558767,,False,3,1,non-repeat
213,102514324,UNIQUE_102514324,,False,2,1,non-repeat
214,103169491,UNIQUE_103169491,,False,4,1,non-repeat
215,103804567,UNIQUE_103804567,,False,4,1,non-repeat
216,103804632,RG_0020,RG_0020,True,5,6,Level 3 - possible repeat
217,103224951,UNIQUE_103224951,,False,1,1,non-repeat
218,103804617,RG_0021,RG_0021,True,3,2,Level 3 - possible repeat
219,102462695,UNIQUE_102462695,,False,5,1,non-repeat
220,103804483,UNIQUE_103804483,,False,4,1,non-repeat
221,103804560,UNIQUE_103804560,,False,5,1,non-repeat
222,103804467,UNIQUE_103804467,,False,3,1,non-repeat
223,103804464,UNIQUE_103804464,,False,4,1,non-repeat
224,103804443,UNIQUE_103804443,,False,3,1,non-repeat
225,102900811,UNIQUE_102900811,,False,3,1,non-repeat
226,101602939,UNIQUE_101602939,,False,3,1,non-repeat
227,102493387,UNIQUE_102493387,,False,3,1,non-repeat
228,103804549,UNIQUE_103804549,,False,3,1,non-repeat
229,103804544,UNIQUE_103804544,,False,3,1,non-repeat
230,103804540,UNIQUE_103804540,,False,2,1,non-repeat
231,102917391,UNIQUE_102917391,,False,3,1,non-repeat
232,102900939,UNIQUE_102900939,,False,2,1,non-repeat
233,102886250,UNIQUE_102886250,,False,1,1,non-repeat
234,102885651,UNIQUE_102885651,,False,5,1,non-repeat
235,102464027,UNIQUE_102464027,,False,2,1,non-repeat
236,103804534,UNIQUE_103804534,,False,3,1,non-repeat
237,103278649,UNIQUE_103278649,,False,4,1,non-repeat
238,96102884,RG_0022,RG_0022,True,5,2,Level 2 - strong repeat
239,103804489,UNIQUE_103804489,,False,5,1,non-repeat
240,101443504,UNIQUE_101443504,,False,3,1,non-repeat
241,102462863,UNIQUE_102462863,,False,1,1,non-repeat
242,103402067,UNIQUE_103402067,,False,4,1,non-repeat
243,99617847,UNIQUE_99617847,,False,3,1,non-repeat
244,102271412,UNIQUE_102271412,,False,4,1,non-repeat
245,103804319,UNIQUE_103804319,,False,3,1,non-repeat
246,103804318,UNIQUE_103804318,,False,2,1,non-repeat
247,103804387,RG_0023,RG_0023,True,2,2,Level 3 - possible repeat
248,103804295,RG_0024,RG_0024,True,3,2,Level 3 - possible repeat
249,103804357,UNIQUE_103804357,,False,2,1,non-repeat
250,103804345,RG_0025,RG_0025,True,4,2,Level 3 - possible repeat
251,102156206,RG_0020,RG_0020,True,5,6,Level 3 - possible repeat
252,103804258,UNIQUE_103804258,,False,5,1,non-repeat
253,103804237,RG_0026,RG_0026,True,1,2,Level 3 - possible repeat
254,102624302,UNIQUE_102624302,,False,3,1,non-repeat
255,102967909,UNIQUE_102967909,,False,1,1,non-repeat
256,103580930,RG_0027,RG_0027,True,1,2,Level 3 - possible repeat
257,102799732,UNIQUE_102799732,,False,5,1,non-repeat
258,102862641,RG_0028,RG_0028,True,4,2,Level 3 - possible repeat
259,103804124,UNIQUE_103804124,,False,3,1,non-repeat
260,103644314,UNIQUE_103644314,,False,5,1,non-repeat
261,103804112,UNIQUE_103804112,,False,3,1,non-repeat
262,103804107,UNIQUE_103804107,,False,5,1,non-repeat
263,103804101,UNIQUE_103804101,,False,3,1,non-repeat
264,103804090,RG_0029,RG_0029,True,4,3,Level 1 - exact duplicate
265,103804083,UNIQUE_103804083,,False,5,1,non-repeat
266,103804213,UNIQUE_103804213,,False,4,1,non-repeat
267,96434057,UNIQUE_96434057,,False,1,1,non-repeat
268,103804189,RG_0030,RG_0030,True,2,2,Level 3 - possible repeat
269,103804025,UNIQUE_103804025,,False,1,1,non-repeat
270,103804022,UNIQUE_103804022,,False,2,1,non-repeat
271,103804173,UNIQUE_103804173,,False,3,1,non-repeat
272,103655077,UNIQUE_103655077,,False,4,1,non-repeat
273,103655467,RG_0031,RG_0031,True,1,4,Level 3 - possible repeat
274,101555323,RG_0032,RG_0032,True,1,2,Level 3 - possible repeat
275,103804159,UNIQUE_103804159,,False,1,1,non-repeat
276,90290816,UNIQUE_90290816,,False,5,1,non-repeat
277,103312515,UNIQUE_103312515,,False,1,1,non-repeat
278,102775997,UNIQUE_102775997,,False,1,1,non-repeat
279,103804145,UNIQUE_103804145,,False,2,1,non-repeat
280,103804135,RG_0033,RG_0033,True,1,2,Level 3 - possible repeat
281,103804132,UNIQUE_103804132,,False,4,1,non-repeat
282,102851956,UNIQUE_102851956,,False,2,1,non-repeat
283,103372239,UNIQUE_103372239,,False,4,1,non-repeat
284,103532846,UNIQUE_103532846,,False,3,1,non-repeat
285,103804063,RG_0034,RG_0034,True,1,2,Level 3 - possible repeat
286,103496074,UNIQUE_103496074,,False,1,1,non-repeat
287,98991063,UNIQUE_98991063,,False,5,1,non-repeat
288,103125797,UNIQUE_103125797,,False,1,1,non-repeat
289,103125858,UNIQUE_103125858,,False,4,1,non-repeat
290,103784481,UNIQUE_103784481,,False,5,1,non-repeat
291,103804037,UNIQUE_103804037,,False,3,1,non-repeat
292,99300583,UNIQUE_99300583,,False,5,1,non-repeat
293,103803987,UNIQUE_103803987,,False,1,1,non-repeat
294,103803848,RG_0024,RG_0024,True,3,2,Level 3 - possible repeat
295,103803843,UNIQUE_103803843,,False,2,1,non-repeat
296,100329236,UNIQUE_100329236,,False,4,1,non-repeat
297,101547589,RG_0035,RG_0035,True,5,2,Level 3 - possible repeat
298,101538341,UNIQUE_101538341,,False,2,1,non-repeat
299,103533247,UNIQUE_103533247,,False,1,1,non-repeat
300,102709083,RG_0035,RG_0035,True,5,2,Level 3 - possible repeat
301,103803972,UNIQUE_103803972,,False,1,1,non-repeat
302,103730519,UNIQUE_103730519,,False,5,1,non-repeat
303,103268614,UNIQUE_103268614,,False,4,1,non-repeat
304,103803960,UNIQUE_103803960,,False,2,1,non-repeat
305,103803959,RG_0036,RG_0036,True,5,2,Level 3 - possible repeat
306,103803955,RG_0036,RG_0036,True,5,2,Level 3 - possible repeat
307,102035044,RG_0037,RG_0037,True,5,2,Level 3 - possible repeat
308,97263588,UNIQUE_97263588,,False,1,1,non-repeat
309,103803942,UNIQUE_103803942,,False,1,1,non-repeat
310,103803941,UNIQUE_103803941,,False,2,1,non-repeat
311,103803936,UNIQUE_103803936,,False,1,1,non-repeat
312,103803935,UNIQUE_103803935,,False,3,1,non-repeat
313,103803933,UNIQUE_103803933,,False,3,1,non-repeat
314,96241155,UNIQUE_96241155,,False,3,1,non-repeat
315,95654067,UNIQUE_95654067,,False,5,1,non-repeat
316,103803919,UNIQUE_103803919,,False,4,1,non-repeat
317,103803819,UNIQUE_103803819,,False,5,1,non-repeat
318,101655915,UNIQUE_101655915,,False,4,1,non-repeat
319,102776186,UNIQUE_102776186,,False,3,1,non-repeat
320,96660735,UNIQUE_96660735,,False,1,1,non-repeat
321,98359134,UNIQUE_98359134,,False,2,1,non-repeat
322,100180638,RG_0038,RG_0038,True,3,3,Level 3 - possible repeat
323,102994144,UNIQUE_102994144,,False,2,1,non-repeat
324,102264994,UNIQUE_102264994,,False,2,1,non-repeat
325,102812723,RG_0039,RG_0039,True,5,2,Level 3 - possible repeat
326,103318297,UNIQUE_103318297,,False,1,1,non-repeat
327,103803795,UNIQUE_103803795,,False,5,1,non-repeat
328,103803788,UNIQUE_103803788,,False,1,1,non-repeat
329,103803620,UNIQUE_103803620,,False,3,1,non-repeat
330,103803600,UNIQUE_103803600,,False,3,1,non-repeat
331,103803776,UNIQUE_103803776,,False,2,1,non-repeat
332,103803747,UNIQUE_103803747,,False,4,1,non-repeat
333,103803736,UNIQUE_103803736,,False,4,1,non-repeat
334,103803723,UNIQUE_103803723,,False,4,1,non-repeat
335,103803564,UNIQUE_103803564,,False,5,1,non-repeat
336,103803546,UNIQUE_103803546,,False,2,1,non-repeat
337,103803536,UNIQUE_103803536,,False,3,1,non-repeat
338,103774002,UNIQUE_103774002,,False,2,1,non-repeat
339,103803711,UNIQUE_103803711,,False,4,1,non-repeat
340,102162371,UNIQUE_102162371,,False,3,1,non-repeat
341,100454337,UNIQUE_100454337,,False,2,1,non-repeat
342,103803693,UNIQUE_103803693,,False,5,1,non-repeat
343,103109120,UNIQUE_103109120,,False,1,1,non-repeat
344,103462482,UNIQUE_103462482,,False,2,1,non-repeat
345,103162725,UNIQUE_103162725,,False,1,1,non-repeat
346,102257653,UNIQUE_102257653,,False,3,1,non-repeat
347,103162722,UNIQUE_103162722,,False,1,1,non-repeat
348,102240958,UNIQUE_102240958,,False,2,1,non-repeat
349,101629542,UNIQUE_101629542,,False,2,1,non-repeat
350,100763945,UNIQUE_100763945,,False,4,1,non-repeat
351,90406231,UNIQUE_90406231,,False,5,1,non-repeat
352,101798229,UNIQUE_101798229,,False,2,1,non-repeat
353,103803570,UNIQUE_103803570,,False,3,1,non-repeat
354,102622871,UNIQUE_102622871,,False,3,1,non-repeat
355,102642827,UNIQUE_102642827,,False,4,1,non-repeat
356,103803521,UNIQUE_103803521,,False,2,1,non-repeat
357,100929943,UNIQUE_100929943,,False,5,1,non-repeat
358,100303196,RG_0040,RG_0040,True,3,2,Level 3 - possible repeat
359,99305459,RG_0041,RG_0041,True,4,2,Level 3 - possible repeat
360,103803482,UNIQUE_103803482,,False,5,1,non-repeat
361,102776483,UNIQUE_102776483,,False,2,1,non-repeat
362,103803464,UNIQUE_103803464,,False,1,1,non-repeat
363,103803456,UNIQUE_103803456,,False,1,1,non-repeat
364,103803437,UNIQUE_103803437,,False,2,1,non-repeat
365,103207867,UNIQUE_103207867,,False,1,1,non-repeat
366,103349480,UNIQUE_103349480,,False,4,1,non-repeat
367,93765460,UNIQUE_93765460,,False,5,1,non-repeat
368,103803423,UNIQUE_103803423,,False,2,1,non-repeat
369,102226188,UNIQUE_102226188,,False,4,1,non-repeat
370,98533078,UNIQUE_98533078,,False,4,1,non-repeat
371,103640552,UNIQUE_103640552,,False,2,1,non-repeat
372,103803277,UNIQUE_103803277,,False,5,1,non-repeat
373,103803252,UNIQUE_103803252,,False,2,1,non-repeat
374,103803250,UNIQUE_103803250,,False,2,1,non-repeat
375,103239470,UNIQUE_103239470,,False,2,1,non-repeat
376,102731169,UNIQUE_102731169,,False,5,1,non-repeat
377,103803090,UNIQUE_103803090,,False,1,1,non-repeat
378,103803067,RG_0003,RG_0003,True,3,2,Level 3 - possible repeat
379,103803062,UNIQUE_103803062,,False,2,1,non-repeat
380,103803221,UNIQUE_103803221,,False,4,1,non-repeat
381,103695244,UNIQUE_103695244,,False,4,1,non-repeat
382,102288304,UNIQUE_102288304,,False,1,1,non-repeat
383,103273543,UNIQUE_103273543,,False,4,1,non-repeat
384,102383514,RG_0042,RG_0042,True,2,2,Level 3 - possible repeat
385,103803186,UNIQUE_103803186,,False,2,1,non-repeat
386,103803179,UNIQUE_103803179,,False,2,1,non-repeat
387,102865764,UNIQUE_102865764,,False,5,1,non-repeat
388,100430829,UNIQUE_100430829,,False,2,1,non-repeat
389,103802984,UNIQUE_103802984,,False,3,1,non-repeat
390,103802979,UNIQUE_103802979,,False,2,1,non-repeat
391,103802963,UNIQUE_103802963,,False,2,1,non-repeat
392,103802960,UNIQUE_103802960,,False,2,1,non-repeat
393,103802953,UNIQUE_103802953,,False,4,1,non-repeat
394,103802937,UNIQUE_103802937,,False,2,1,non-repeat
395,103802919,UNIQUE_103802919,,False,2,1,non-repeat
396,101749735,UNIQUE_101749735,,False,3,1,non-repeat
397,99710009,UNIQUE_99710009,,False,5,1,non-repeat
398,101827169,UNIQUE_101827169,,False,5,1,non-repeat
399,103609830,UNIQUE_103609830,,False,2,1,non-repeat
400,103803144,UNIQUE_103803144,,False,1,1,non-repeat
401,103803131,UNIQUE_103803131,,False,5,1,non-repeat
402,103326916,UNIQUE_103326916,,False,2,1,non-repeat
403,103704397,UNIQUE_103704397,,False,1,1,non-repeat
404,101856614,UNIQUE_101856614,,False,3,1,non-repeat
405,103632408,UNIQUE_103632408,,False,2,1,non-repeat
406,103803066,UNIQUE_103803066,,False,4,1,non-repeat
407,103803053,UNIQUE_103803053,,False,1,1,non-repeat
408,103462919,UNIQUE_103462919,,False,5,1,non-repeat
409,102562785,UNIQUE_102562785,,False,3,1,non-repeat
410,103698129,UNIQUE_103698129,,False,4,1,non-repeat
411,101963666,UNIQUE_101963666,,False,1,1,non-repeat
412,86810806,UNIQUE_86810806,,False,2,1,non-repeat
413,97077831,UNIQUE_97077831,,False,3,1,non-repeat
414,103517969,RG_0043,RG_0043,True,4,2,Level 3 - possible repeat
415,103802910,UNIQUE_103802910,,False,3,1,non-repeat
416,103802802,UNIQUE_103802802,,False,4,1,non-repeat
417,103802797,UNIQUE_103802797,,False,1,1,non-repeat
418,103802908,UNIQUE_103802908,,False,2,1,non-repeat
419,103802899,UNIQUE_103802899,,False,3,1,non-repeat
420,103802897,RG_0044,RG_0044,True,2,2,Level 3 - possible repeat
421,101615471,UNIQUE_101615471,,False,5,1,non-repeat
422,103802890,UNIQUE_103802890,,False,3,1,non-repeat
423,103354046,UNIQUE_103354046,,False,3,1,non-repeat
424,103802735,UNIQUE_103802735,,False,4,1,non-repeat
425,103802723,UNIQUE_103802723,,False,5,1,non-repeat
426,103751681,UNIQUE_103751681,,False,3,1,non-repeat
427,103751333,UNIQUE_103751333,,False,3,1,non-repeat
428,103750172,UNIQUE_103750172,,False,5,1,non-repeat
429,97225270,UNIQUE_97225270,,False,1,1,non-repeat
430,103753407,UNIQUE_103753407,,False,3,1,non-repeat
431,103748128,UNIQUE_103748128,,False,2,1,non-repeat
432,103746480,UNIQUE_103746480,,False,3,1,non-repeat
433,103489349,UNIQUE_103489349,,False,5,1,non-repeat
434,103751057,UNIQUE_103751057,,False,2,1,non-repeat
435,103753480,UNIQUE_103753480,,False,4,1,non-repeat
436,103746056,UNIQUE_103746056,,False,1,1,non-repeat
437,103746579,UNIQUE_103746579,,False,3,1,non-repeat
438,103434871,UNIQUE_103434871,,False,1,1,non-repeat
439,103651492,UNIQUE_103651492,,False,1,1,non-repeat
440,103748406,UNIQUE_103748406,,False,5,1,non-repeat
441,103678414,UNIQUE_103678414,,False,5,1,non-repeat
442,103633056,UNIQUE_103633056,,False,4,1,non-repeat
443,103632775,UNIQUE_103632775,,False,5,1,non-repeat
444,103748878,UNIQUE_103748878,,False,4,1,non-repeat
445,102236931,UNIQUE_102236931,,False,4,1,non-repeat
446,103743397,UNIQUE_103743397,,False,5,1,non-repeat
447,103747070,UNIQUE_103747070,,False,5,1,non-repeat
448,103743867,UNIQUE_103743867,,False,4,1,non-repeat
449,103744256,UNIQUE_103744256,,False,4,1,non-repeat
450,103521973,UNIQUE_103521973,,False,1,1,non-repeat
451,103677492,UNIQUE_103677492,,False,5,1,non-repeat
452,103508663,UNIQUE_103508663,,False,1,1,non-repeat
453,103084402,UNIQUE_103084402,,False,2,1,non-repeat
454,102442625,UNIQUE_102442625,,False,2,1,non-repeat
455,103745573,UNIQUE_103745573,,False,5,1,non-repeat
456,103743473,UNIQUE_103743473,,False,5,1,non-repeat
457,101514080,UNIQUE_101514080,,False,2,1,non-repeat
458,103607666,UNIQUE_103607666,,False,1,1,non-repeat
459,103520534,UNIQUE_103520534,,False,4,1,non-repeat
460,100482067,RG_0017,RG_0017,True,5,2,Level 2 - strong repeat
461,101856001,RG_0045,RG_0045,True,1,3,Level 1 - exact duplicate
462,102706714,UNIQUE_102706714,,False,5,1,non-repeat
463,96130266,UNIQUE_96130266,,False,2,1,non-repeat
464,103730893,RG_0046,RG_0046,True,1,2,Level 3 - possible repeat
465,101910541,UNIQUE_101910541,,False,2,1,non-repeat
466,103632498,UNIQUE_103632498,,False,1,1,non-repeat
467,103802709,UNIQUE_103802709,,False,2,1,non-repeat
468,103421703,UNIQUE_103421703,,False,5,1,non-repeat
469,103802510,UNIQUE_103802510,,False,1,1,non-repeat
470,103802487,UNIQUE_103802487,,False,5,1,non-repeat
471,103802482,UNIQUE_103802482,,False,4,1,non-repeat
472,103802658,UNIQUE_103802658,,False,4,1,non-repeat
473,103802652,UNIQUE_103802652,,False,5,1,non-repeat
474,103128842,UNIQUE_103128842,,False,1,1,non-repeat
475,103734876,UNIQUE_103734876,,False,1,1,non-repeat
476,103802645,UNIQUE_103802645,,False,2,1,non-repeat
477,103418149,UNIQUE_103418149,,False,5,1,non-repeat
478,103566171,UNIQUE_103566171,,False,2,1,non-repeat
479,103566334,UNIQUE_103566334,,False,5,1,non-repeat
480,101267413,UNIQUE_101267413,,False,5,1,non-repeat
481,102843643,UNIQUE_102843643,,False,2,1,non-repeat
482,103735534,UNIQUE_103735534,,False,3,1,non-repeat
483,102551061,UNIQUE_102551061,,False,4,1,non-repeat
484,102079764,UNIQUE_102079764,,False,3,1,non-repeat
485,103204105,RG_0045,RG_0045,True,1,3,Level 1 - exact duplicate
486,103299358,UNIQUE_103299358,,False,1,1,non-repeat
487,99232624,UNIQUE_99232624,,False,2,1,non-repeat
488,103802411,UNIQUE_103802411,,False,5,1,non-repeat
489,102850108,UNIQUE_102850108,,False,1,1,non-repeat
490,103802298,RG_0047,RG_0047,True,5,2,Level 3 - possible repeat
491,99220843,UNIQUE_99220843,,False,1,1,non-repeat
492,99042447,UNIQUE_99042447,,False,3,1,non-repeat
493,103432627,UNIQUE_103432627,,False,4,1,non-repeat
494,103802386,UNIQUE_103802386,,False,2,1,non-repeat
495,103650199,UNIQUE_103650199,,False,4,1,non-repeat
496,103421269,UNIQUE_103421269,,False,5,1,non-repeat
497,103802380,UNIQUE_103802380,,False,2,1,non-repeat
498,103057333,UNIQUE_103057333,,False,3,1,non-repeat
499,103199162,UNIQUE_103199162,,False,1,1,non-repeat
500,103137354,UNIQUE_103137354,,False,3,1,non-repeat
501,102632820,UNIQUE_102632820,,False,1,1,non-repeat
502,103376889,UNIQUE_103376889,,False,2,1,non-repeat
503,103697124,UNIQUE_103697124,,False,1,1,non-repeat
504,103498037,UNIQUE_103498037,,False,3,1,non-repeat
505,97083199,UNIQUE_97083199,,False,1,1,non-repeat
506,100774316,UNIQUE_100774316,,False,4,1,non-repeat
507,103697292,UNIQUE_103697292,,False,1,1,non-repeat
508,103751168,UNIQUE_103751168,,False,1,1,non-repeat
509,103372124,UNIQUE_103372124,,False,3,1,non-repeat
510,103653485,UNIQUE_103653485,,False,4,1,non-repeat
511,102596275,UNIQUE_102596275,,False,4,1,non-repeat
512,103541448,UNIQUE_103541448,,False,4,1,non-repeat
513,103671095,UNIQUE_103671095,,False,5,1,non-repeat
514,99511162,UNIQUE_99511162,,False,4,1,non-repeat
515,102468043,UNIQUE_102468043,,False,4,1,non-repeat
516,103462826,UNIQUE_103462826,,False,5,1,non-repeat
517,102731755,RG_0048,RG_0048,True,4,3,Level 3 - possible repeat
518,102463250,UNIQUE_102463250,,False,1,1,non-repeat
519,103093439,UNIQUE_103093439,,False,5,1,non-repeat
520,102912557,UNIQUE_102912557,,False,4,1,non-repeat
521,101881260,UNIQUE_101881260,,False,5,1,non-repeat
522,101881017,UNIQUE_101881017,,False,3,1,non-repeat
523,103174215,UNIQUE_103174215,,False,2,1,non-repeat
524,103674063,RG_0049,RG_0049,True,2,2,Level 3 - possible repeat
525,103461736,UNIQUE_103461736,,False,5,1,non-repeat
526,103203509,RG_0050,RG_0050,True,2,2,Level 3 - possible repeat
527,103210555,UNIQUE_103210555,,False,2,1,non-repeat
528,102676149,UNIQUE_102676149,,False,4,1,non-repeat
529,103749593,UNIQUE_103749593,,False,4,1,non-repeat
530,103802052,UNIQUE_103802052,,False,1,1,non-repeat
531,102464106,UNIQUE_102464106,,False,3,1,non-repeat
532,103802084,RG_0051,RG_0051,True,5,2,Level 3 - possible repeat
533,102912556,UNIQUE_102912556,,False,4,1,non-repeat
534,103802196,UNIQUE_103802196,,False,5,1,non-repeat
535,103802184,RG_0049,RG_0049,True,2,2,Level 3 - possible repeat
536,102862598,UNIQUE_102862598,,False,2,1,non-repeat
537,103656676,UNIQUE_103656676,,False,3,1,non-repeat
538,103313935,UNIQUE_103313935,,False,3,1,non-repeat
539,103214213,UNIQUE_103214213,,False,4,1,non-repeat
540,100951974,UNIQUE_100951974,,False,3,1,non-repeat
541,92691295,UNIQUE_92691295,,False,3,1,non-repeat
542,102010291,UNIQUE_102010291,,False,2,1,non-repeat
543,102770089,UNIQUE_102770089,,False,5,1,non-repeat
544,102574262,UNIQUE_102574262,,False,1,1,non-repeat
545,103113103,UNIQUE_103113103,,False,3,1,non-repeat
546,102606195,UNIQUE_102606195,,False,3,1,non-repeat
547,103482702,UNIQUE_103482702,,False,2,1,non-repeat
548,103801819,UNIQUE_103801819,,False,3,1,non-repeat
549,102897721,UNIQUE_102897721,,False,5,1,non-repeat
550,103801783,RG_0052,RG_0052,True,1,2,Level 3 - possible repeat
551,103801751,UNIQUE_103801751,,False,1,1,non-repeat
552,101823729,UNIQUE_101823729,,False,5,1,non-repeat
553,103801927,UNIQUE_103801927,,False,5,1,non-repeat
554,102513812,UNIQUE_102513812,,False,2,1,non-repeat
555,103801912,UNIQUE_103801912,,False,4,1,non-repeat
556,99640511,UNIQUE_99640511,,False,3,1,non-repeat
557,93374145,UNIQUE_93374145,,False,5,1,non-repeat
558,97710120,UNIQUE_97710120,,False,2,1,non-repeat
559,102150503,UNIQUE_102150503,,False,2,1,non-repeat
560,101804740,UNIQUE_101804740,,False,5,1,non-repeat
561,100414528,UNIQUE_100414528,,False,4,1,non-repeat
562,101462457,UNIQUE_101462457,,False,1,1,non-repeat
563,103342242,UNIQUE_103342242,,False,5,1,non-repeat
564,103536838,UNIQUE_103536838,,False,4,1,non-repeat
565,103551604,UNIQUE_103551604,,False,1,1,non-repeat
566,97710489,UNIQUE_97710489,,False,5,1,non-repeat
567,103801802,UNIQUE_103801802,,False,4,1,non-repeat
568,102745079,UNIQUE_102745079,,False,3,1,non-repeat
569,103472459,UNIQUE_103472459,,False,2,1,non-repeat
570,103572842,UNIQUE_103572842,,False,5,1,non-repeat
571,103801746,UNIQUE_103801746,,False,2,1,non-repeat
572,102137074,UNIQUE_102137074,,False,1,1,non-repeat
573,103801734,UNIQUE_103801734,,False,3,1,non-repeat
574,103801632,UNIQUE_103801632,,False,4,1,non-repeat
575,103801585,UNIQUE_103801585,,False,3,1,non-repeat
576,102925183,UNIQUE_102925183,,False,5,1,non-repeat
577,102924519,UNIQUE_102924519,,False,2,1,non-repeat
578,102335995,UNIQUE_102335995,,False,5,1,non-repeat
579,103801733,UNIQUE_103801733,,False,5,1,non-repeat
580,103801716,UNIQUE_103801716,,False,2,1,non-repeat
581,102487841,UNIQUE_102487841,,False,1,1,non-repeat
582,103801575,UNIQUE_103801575,,False,4,1,non-repeat
583,103801557,RG_0026,RG_0026,True,1,2,Level 3 - possible repeat
584,103478023,RG_0053,RG_0053,True,1,2,Level 3 - possible repeat
585,103801681,UNIQUE_103801681,,False,2,1,non-repeat
586,99988688,UNIQUE_99988688,,False,1,1,non-repeat
587,89964581,UNIQUE_89964581,,False,4,1,non-repeat
588,103801679,UNIQUE_103801679,,False,5,1,non-repeat
589,103801676,UNIQUE_103801676,,False,3,1,non-repeat
590,103801669,UNIQUE_103801669,,False,3,1,non-repeat
591,103694761,UNIQUE_103694761,,False,3,1,non-repeat
592,103673952,UNIQUE_103673952,,False,4,1,non-repeat
593,103801651,UNIQUE_103801651,,False,3,1,non-repeat
594,99241319,UNIQUE_99241319,,False,4,1,non-repeat
595,103801609,UNIQUE_103801609,,False,2,1,non-repeat
596,103723393,UNIQUE_103723393,,False,4,1,non-repeat
597,103199016,UNIQUE_103199016,,False,4,1,non-repeat
598,103801567,UNIQUE_103801567,,False,4,1,non-repeat
599,103151143,RG_0054,RG_0054,True,3,2,Level 1 - exact duplicate
600,103150184,RG_0054,RG_0054,True,3,2,Level 1 - exact duplicate
601,99482072,UNIQUE_99482072,,False,1,1,non-repeat
602,100419415,UNIQUE_100419415,,False,3,1,non-repeat
603,103465462,UNIQUE_103465462,,False,2,1,non-repeat
604,103479229,UNIQUE_103479229,,False,3,1,non-repeat
605,103801398,UNIQUE_103801398,,False,5,1,non-repeat
606,101957025,UNIQUE_101957025,,False,4,1,non-repeat
607,103185276,UNIQUE_103185276,,False,2,1,non-repeat
608,103801497,UNIQUE_103801497,,False,4,1,non-repeat
609,103613681,UNIQUE_103613681,,False,4,1,non-repeat
610,102692697,UNIQUE_102692697,,False,2,1,non-repeat
611,103425796,UNIQUE_103425796,,False,4,1,non-repeat
612,103685803,UNIQUE_103685803,,False,3,1,non-repeat
613,101370721,UNIQUE_101370721,,False,1,1,non-repeat
614,97406224,UNIQUE_97406224,,False,5,1,non-repeat
615,102487756,UNIQUE_102487756,,False,1,1,non-repeat
616,103801368,UNIQUE_103801368,,False,4,1,non-repeat
617,103801360,UNIQUE_103801360,,False,1,1,non-repeat
618,103210722,UNIQUE_103210722,,False,4,1,non-repeat
619,103305154,UNIQUE_103305154,,False,2,1,non-repeat
620,103178152,UNIQUE_103178152,,False,5,1,non-repeat
621,103463637,UNIQUE_103463637,,False,4,1,non-repeat
622,102469434,UNIQUE_102469434,,False,5,1,non-repeat
623,103721323,UNIQUE_103721323,,False,5,1,non-repeat
624,103739549,UNIQUE_103739549,,False,3,1,non-repeat
625,103302118,UNIQUE_103302118,,False,3,1,non-repeat
626,103381053,UNIQUE_103381053,,False,5,1,non-repeat
627,103801242,RG_0055,RG_0055,True,4,2,Level 3 - possible repeat
628,103746354,UNIQUE_103746354,,False,4,1,non-repeat
629,102744896,UNIQUE_102744896,,False,2,1,non-repeat
630,102744856,UNIQUE_102744856,,False,2,1,non-repeat
631,100274940,UNIQUE_100274940,,False,1,1,non-repeat
632,103465492,UNIQUE_103465492,,False,5,1,non-repeat
633,103801208,UNIQUE_103801208,,False,1,1,non-repeat
634,103801203,UNIQUE_103801203,,False,3,1,non-repeat
635,102879777,UNIQUE_102879777,,False,5,1,non-repeat
636,102335990,UNIQUE_102335990,,False,4,1,non-repeat
637,101471270,UNIQUE_101471270,,False,4,1,non-repeat
638,103801312,UNIQUE_103801312,,False,2,1,non-repeat
639,103801192,UNIQUE_103801192,,False,4,1,non-repeat
640,103801180,UNIQUE_103801180,,False,2,1,non-repeat
641,103801159,UNIQUE_103801159,,False,1,1,non-repeat
642,103801156,UNIQUE_103801156,,False,4,1,non-repeat
643,103801153,UNIQUE_103801153,,False,5,1,non-repeat
644,103466174,UNIQUE_103466174,,False,3,1,non-repeat
645,103435595,UNIQUE_103435595,,False,4,1,non-repeat
646,97087241,UNIQUE_97087241,,False,5,1,non-repeat
647,103801266,UNIQUE_103801266,,False,1,1,non-repeat
648,102308940,UNIQUE_102308940,,False,3,1,non-repeat
649,101811990,UNIQUE_101811990,,False,2,1,non-repeat
650,103607946,UNIQUE_103607946,,False,2,1,non-repeat
651,103037509,UNIQUE_103037509,,False,3,1,non-repeat
652,103037377,UNIQUE_103037377,,False,2,1,non-repeat
653,101761357,UNIQUE_101761357,,False,5,1,non-repeat
654,100635823,UNIQUE_100635823,,False,3,1,non-repeat
655,103666072,UNIQUE_103666072,,False,2,1,non-repeat
656,103666982,UNIQUE_103666982,,False,3,1,non-repeat
657,95763369,UNIQUE_95763369,,False,5,1,non-repeat
658,95149506,UNIQUE_95149506,,False,5,1,non-repeat
659,101847016,RG_0056,RG_0056,True,4,2,Level 3 - possible repeat
660,102566624,UNIQUE_102566624,,False,1,1,non-repeat
661,103550482,UNIQUE_103550482,,False,4,1,non-repeat
662,80258486,UNIQUE_80258486,,False,4,1,non-repeat
663,103746381,UNIQUE_103746381,,False,1,1,non-repeat
664,103744742,UNIQUE_103744742,,False,4,1,non-repeat
665,103761635,UNIQUE_103761635,,False,5,1,non-repeat
666,97315482,UNIQUE_97315482,,False,2,1,non-repeat
667,103244628,UNIQUE_103244628,,False,4,1,non-repeat
668,103745112,UNIQUE_103745112,,False,5,1,non-repeat
669,103801145,UNIQUE_103801145,,False,5,1,non-repeat
670,103800952,UNIQUE_103800952,,False,2,1,non-repeat
671,103800951,RG_0047,RG_0047,True,5,2,Level 3 - possible repeat
672,103800943,UNIQUE_103800943,,False,4,1,non-repeat
673,103800941,UNIQUE_103800941,,False,3,1,non-repeat
674,102905309,UNIQUE_102905309,,False,1,1,non-repeat
675,101682885,UNIQUE_101682885,,False,1,1,non-repeat
676,102310065,UNIQUE_102310065,,False,1,1,non-repeat
677,101720817,RG_0057,RG_0057,True,2,2,Level 3 - possible repeat
678,82005054,UNIQUE_82005054,,False,1,1,non-repeat
679,102841289,UNIQUE_102841289,,False,4,1,non-repeat
680,103801066,UNIQUE_103801066,,False,1,1,non-repeat
681,103800986,RG_0020,RG_0020,True,5,6,Level 3 - possible repeat
682,103800985,RG_0051,RG_0051,True,5,2,Level 3 - possible repeat
683,100391017,UNIQUE_100391017,,False,3,1,non-repeat
684,103800973,UNIQUE_103800973,,False,2,1,non-repeat
685,102793564,RG_0058,RG_0058,True,2,2,Level 3 - possible repeat
686,102833432,UNIQUE_102833432,,False,1,1,non-repeat
687,103763130,UNIQUE_103763130,,False,3,1,non-repeat
688,102984848,UNIQUE_102984848,,False,5,1,non-repeat
689,102660370,UNIQUE_102660370,,False,4,1,non-repeat
690,101812258,UNIQUE_101812258,,False,2,1,non-repeat
691,103586006,RG_0059,RG_0059,True,1,3,Level 3 - possible repeat
692,102505649,UNIQUE_102505649,,False,5,1,non-repeat
693,100405524,UNIQUE_100405524,,False,1,1,non-repeat
694,103486779,UNIQUE_103486779,,False,2,1,non-repeat
695,103688286,UNIQUE_103688286,,False,4,1,non-repeat
696,103001368,UNIQUE_103001368,,False,5,1,non-repeat
697,101736332,UNIQUE_101736332,,False,4,1,non-repeat
698,103731402,UNIQUE_103731402,,False,3,1,non-repeat
699,103462974,UNIQUE_103462974,,False,5,1,non-repeat
700,102375382,UNIQUE_102375382,,False,5,1,non-repeat
701,103800877,UNIQUE_103800877,,False,1,1,non-repeat
702,100867056,UNIQUE_100867056,,False,1,1,non-repeat
703,88255852,UNIQUE_88255852,,False,4,1,non-repeat
704,103195587,UNIQUE_103195587,,False,2,1,non-repeat
705,103800860,UNIQUE_103800860,,False,3,1,non-repeat
706,99679030,UNIQUE_99679030,,False,5,1,non-repeat
707,103798060,UNIQUE_103798060,,False,1,1,non-repeat
708,102964022,UNIQUE_102964022,,False,2,1,non-repeat
709,102285078,UNIQUE_102285078,,False,3,1,non-repeat
710,103725019,UNIQUE_103725019,,False,4,1,non-repeat
711,103800828,RG_0060,RG_0060,True,2,2,Level 3 - possible repeat
712,103639616,UNIQUE_103639616,,False,4,1,non-repeat
713,103086296,UNIQUE_103086296,,False,4,1,non-repeat
714,102986746,UNIQUE_102986746,,False,3,1,non-repeat
715,90492002,UNIQUE_90492002,,False,2,1,non-repeat
716,102928282,UNIQUE_102928282,,False,3,1,non-repeat
717,102661858,UNIQUE_102661858,,False,1,1,non-repeat
718,99095036,UNIQUE_99095036,,False,5,1,non-repeat
719,103745367,UNIQUE_103745367,,False,1,1,non-repeat
720,102285256,UNIQUE_102285256,,False,1,1,non-repeat
721,101747814,UNIQUE_101747814,,False,2,1,non-repeat
722,103800507,UNIQUE_103800507,,False,5,1,non-repeat
723,103800505,UNIQUE_103800505,,False,3,1,non-repeat
724,103456869,UNIQUE_103456869,,False,1,1,non-repeat
725,103287676,UNIQUE_103287676,,False,5,1,non-repeat
726,103473355,UNIQUE_103473355,,False,1,1,non-repeat
727,103288790,UNIQUE_103288790,,False,5,1,non-repeat
728,103800697,UNIQUE_103800697,,False,5,1,non-repeat
729,103800664,UNIQUE_103800664,,False,2,1,non-repeat
730,103800445,UNIQUE_103800445,,False,4,1,non-repeat
731,103800426,UNIQUE_103800426,,False,4,1,non-repeat
732,102881549,UNIQUE_102881549,,False,5,1,non-repeat
733,103800596,UNIQUE_103800596,,False,4,1,non-repeat
734,103769629,UNIQUE_103769629,,False,2,1,non-repeat
735,100686203,UNIQUE_100686203,,False,3,1,non-repeat
736,102247309,UNIQUE_102247309,,False,5,1,non-repeat
737,97542049,UNIQUE_97542049,,False,3,1,non-repeat
738,103800557,UNIQUE_103800557,,False,5,1,non-repeat
739,103782847,UNIQUE_103782847,,False,1,1,non-repeat
740,101773854,UNIQUE_101773854,,False,4,1,non-repeat
741,103800315,UNIQUE_103800315,,False,3,1,non-repeat
742,96945854,UNIQUE_96945854,,False,4,1,non-repeat
743,103800495,UNIQUE_103800495,,False,5,1,non-repeat
744,96994776,UNIQUE_96994776,,False,4,1,non-repeat
745,102612263,UNIQUE_102612263,,False,3,1,non-repeat
746,103800488,UNIQUE_103800488,,False,2,1,non-repeat
747,103556569,UNIQUE_103556569,,False,1,1,non-repeat
748,101607682,UNIQUE_101607682,,False,2,1,non-repeat
749,103800444,UNIQUE_103800444,,False,1,1,non-repeat
750,103800415,RG_0044,RG_0044,True,2,2,Level 3 - possible repeat
751,103694256,UNIQUE_103694256,,False,1,1,non-repeat
752,103800277,UNIQUE_103800277,,False,1,1,non-repeat
753,103800269,UNIQUE_103800269,,False,5,1,non-repeat
754,100170696,UNIQUE_100170696,,False,2,1,non-repeat
755,99703737,UNIQUE_99703737,,False,4,1,non-repeat
756,99703732,UNIQUE_99703732,,False,5,1,non-repeat
757,98005496,UNIQUE_98005496,,False,1,1,non-repeat
758,103800393,UNIQUE_103800393,,False,5,1,non-repeat
759,103800376,UNIQUE_103800376,,False,2,1,non-repeat
760,103797239,RG_0020,RG_0020,True,5,6,Level 3 - possible repeat
761,103800219,UNIQUE_103800219,,False,4,1,non-repeat
762,102495242,UNIQUE_102495242,,False,4,1,non-repeat
763,102566897,UNIQUE_102566897,,False,3,1,non-repeat
764,103619791,UNIQUE_103619791,,False,3,1,non-repeat
765,103638395,UNIQUE_103638395,,False,3,1,non-repeat
766,103336484,UNIQUE_103336484,,False,3,1,non-repeat
767,101813586,UNIQUE_101813586,,False,4,1,non-repeat
768,103326771,UNIQUE_103326771,,False,3,1,non-repeat
769,102723810,UNIQUE_102723810,,False,3,1,non-repeat
770,100944653,UNIQUE_100944653,,False,1,1,non-repeat
771,102075617,UNIQUE_102075617,,False,4,1,non-repeat
772,103387063,UNIQUE_103387063,,False,4,1,non-repeat
773,101843227,RG_0046,RG_0046,True,1,2,Level 3 - possible repeat
774,103800086,UNIQUE_103800086,,False,5,1,non-repeat
775,101177389,UNIQUE_101177389,,False,4,1,non-repeat
776,103637380,UNIQUE_103637380,,False,5,1,non-repeat
777,103340846,UNIQUE_103340846,,False,2,1,non-repeat
778,102890567,UNIQUE_102890567,,False,1,1,non-repeat
779,103356373,RG_0061,RG_0061,True,4,2,Level 3 - possible repeat
780,102624135,UNIQUE_102624135,,False,3,1,non-repeat
781,101979448,UNIQUE_101979448,,False,4,1,non-repeat
782,103800186,RG_0020,RG_0020,True,5,6,Level 3 - possible repeat
783,102470557,RG_0030,RG_0030,True,2,2,Level 3 - possible repeat
784,101058327,UNIQUE_101058327,,False,4,1,non-repeat
785,102858673,UNIQUE_102858673,,False,4,1,non-repeat
786,103171068,UNIQUE_103171068,,False,4,1,non-repeat
787,101620117,UNIQUE_101620117,,False,3,1,non-repeat
788,99466790,UNIQUE_99466790,,False,4,1,non-repeat
789,103800023,RG_0062,RG_0062,True,1,2,Level 3 - possible repeat
790,101051045,UNIQUE_101051045,,False,2,1,non-repeat
791,103133327,RG_0063,RG_0063,True,4,2,Level 3 - possible repeat
792,103427084,UNIQUE_103427084,,False,2,1,non-repeat
793,103604739,UNIQUE_103604739,,False,4,1,non-repeat
794,103345702,UNIQUE_103345702,,False,5,1,non-repeat
795,93105447,UNIQUE_93105447,,False,2,1,non-repeat
796,102732863,UNIQUE_102732863,,False,2,1,non-repeat
797,101691323,UNIQUE_101691323,,False,4,1,non-repeat
798,92444547,UNIQUE_92444547,,False,2,1,non-repeat
799,102892183,UNIQUE_102892183,,False,2,1,non-repeat
800,102866510,UNIQUE_102866510,,False,1,1,non-repeat
801,102834051,UNIQUE_102834051,,False,5,1,non-repeat
802,103800047,UNIQUE_103800047,,False,5,1,non-repeat
803,102490710,UNIQUE_102490710,,False,1,1,non-repeat
804,101998454,UNIQUE_101998454,,False,3,1,non-repeat
805,100891027,UNIQUE_100891027,,False,4,1,non-repeat
806,103799861,RG_0052,RG_0052,True,1,2,Level 3 - possible repeat
807,103799972,UNIQUE_103799972,,False,4,1,non-repeat
808,103799949,UNIQUE_103799949,,False,3,1,non-repeat
809,103799934,RG_0064,RG_0064,True,1,2,Level 3 - possible repeat
810,103647935,UNIQUE_103647935,,False,3,1,non-repeat
811,102523624,UNIQUE_102523624,,False,5,1,non-repeat
812,96037286,RG_0065,RG_0065,True,5,2,Level 3 - possible repeat
813,103743921,UNIQUE_103743921,,False,1,1,non-repeat
814,103799785,UNIQUE_103799785,,False,4,1,non-repeat
815,103799775,UNIQUE_103799775,,False,5,1,non-repeat
816,103138503,UNIQUE_103138503,,False,2,1,non-repeat
817,103799888,UNIQUE_103799888,,False,5,1,non-repeat
818,102636168,UNIQUE_102636168,,False,3,1,non-repeat
819,102912123,UNIQUE_102912123,,False,1,1,non-repeat
820,102090875,UNIQUE_102090875,,False,3,1,non-repeat
821,96926980,UNIQUE_96926980,,False,2,1,non-repeat
822,94156074,UNIQUE_94156074,,False,1,1,non-repeat
823,103605804,UNIQUE_103605804,,False,5,1,non-repeat
824,95804478,UNIQUE_95804478,,False,2,1,non-repeat
825,99993197,UNIQUE_99993197,,False,4,1,non-repeat
826,100997471,UNIQUE_100997471,,False,5,1,non-repeat
827,101332667,UNIQUE_101332667,,False,3,1,non-repeat
828,103571765,UNIQUE_103571765,,False,2,1,non-repeat
829,103179658,UNIQUE_103179658,,False,5,1,non-repeat
830,103169616,UNIQUE_103169616,,False,2,1,non-repeat
831,98421954,UNIQUE_98421954,,False,4,1,non-repeat
832,103690827,UNIQUE_103690827,,False,2,1,non-repeat
833,103799666,RG_0066,RG_0066,True,3,2,Level 3 - possible repeat
834,99994813,RG_0067,RG_0067,True,4,2,Level 3 - possible repeat
835,102919558,UNIQUE_102919558,,False,2,1,non-repeat
836,103721778,UNIQUE_103721778,,False,1,1,non-repeat
837,103799725,UNIQUE_103799725,,False,3,1,non-repeat
838,103799624,UNIQUE_103799624,,False,3,1,non-repeat
839,103799634,UNIQUE_103799634,,False,1,1,non-repeat
840,103799710,UNIQUE_103799710,,False,5,1,non-repeat
841,103476754,UNIQUE_103476754,,False,1,1,non-repeat
842,103729670,UNIQUE_103729670,,False,4,1,non-repeat
843,103435998,UNIQUE_103435998,,False,3,1,non-repeat
844,102131418,UNIQUE_102131418,,False,4,1,non-repeat
845,94769062,UNIQUE_94769062,,False,3,1,non-repeat
846,103715387,UNIQUE_103715387,,False,4,1,non-repeat
847,103248527,RG_0068,RG_0068,True,1,2,Level 3 - possible repeat
848,103622587,UNIQUE_103622587,,False,3,1,non-repeat
849,98061891,UNIQUE_98061891,,False,2,1,non-repeat
850,102605802,UNIQUE_102605802,,False,2,1,non-repeat
851,102992622,UNIQUE_102992622,,False,3,1,non-repeat
852,101332733,UNIQUE_101332733,,False,1,1,non-repeat
853,99829674,UNIQUE_99829674,,False,2,1,non-repeat
854,103677020,UNIQUE_103677020,,False,3,1,non-repeat
855,101332527,UNIQUE_101332527,,False,4,1,non-repeat
856,102134644,UNIQUE_102134644,,False,1,1,non-repeat
857,102891064,UNIQUE_102891064,,False,1,1,non-repeat
858,103799520,UNIQUE_103799520,,False,4,1,non-repeat
859,102860101,UNIQUE_102860101,,False,4,1,non-repeat
860,103799518,UNIQUE_103799518,,False,2,1,non-repeat
861,103799498,UNIQUE_103799498,,False,3,1,non-repeat
862,103799494,UNIQUE_103799494,,False,5,1,non-repeat
863,98058544,UNIQUE_98058544,,False,4,1,non-repeat
864,102033548,UNIQUE_102033548,,False,5,1,non-repeat
865,103799441,UNIQUE_103799441,,False,4,1,non-repeat
866,103799200,UNIQUE_103799200,,False,4,1,non-repeat
867,103799199,RG_0069,RG_0069,True,4,2,Level 3 - possible repeat
868,103799194,UNIQUE_103799194,,False,4,1,non-repeat
869,103799413,UNIQUE_103799413,,False,2,1,non-repeat
870,103799391,UNIQUE_103799391,,False,3,1,non-repeat
871,103799389,UNIQUE_103799389,,False,4,1,non-repeat
872,103799170,UNIQUE_103799170,,False,5,1,non-repeat
873,103799168,UNIQUE_103799168,,False,5,1,non-repeat
874,103799162,UNIQUE_103799162,,False,5,1,non-repeat
875,103799160,UNIQUE_103799160,,False,4,1,non-repeat
876,103799156,UNIQUE_103799156,,False,2,1,non-repeat
877,103799362,UNIQUE_103799362,,False,1,1,non-repeat
878,103799357,UNIQUE_103799357,,False,5,1,non-repeat
879,103799354,UNIQUE_103799354,,False,4,1,non-repeat
880,103799353,RG_0070,RG_0070,True,2,2,Level 3 - possible repeat
881,101156289,UNIQUE_101156289,,False,5,1,non-repeat
882,103799341,UNIQUE_103799341,,False,4,1,non-repeat
883,103799336,UNIQUE_103799336,,False,1,1,non-repeat
884,100094465,UNIQUE_100094465,,False,4,1,non-repeat
885,103153518,RG_0071,RG_0071,True,1,2,Level 3 - possible repeat
886,103799292,RG_0072,RG_0072,True,3,2,Level 3 - possible repeat
887,103799289,RG_0072,RG_0072,True,3,2,Level 3 - possible repeat
888,103406924,UNIQUE_103406924,,False,1,1,non-repeat
889,102126408,UNIQUE_102126408,,False,2,1,non-repeat
890,71561496,UNIQUE_71561496,,False,4,1,non-repeat
891,103084524,UNIQUE_103084524,,False,2,1,non-repeat
892,103184119,UNIQUE_103184119,,False,5,1,non-repeat
893,101525743,UNIQUE_101525743,,False,4,1,non-repeat
894,98459491,UNIQUE_98459491,,False,1,1,non-repeat
895,98803609,UNIQUE_98803609,,False,5,1,non-repeat
896,103799117,UNIQUE_103799117,,False,4,1,non-repeat
897,103799104,UNIQUE_103799104,,False,4,1,non-repeat
898,103799096,UNIQUE_103799096,,False,4,1,non-repeat
899,103798957,UNIQUE_103798957,,False,3,1,non-repeat
900,103798925,UNIQUE_103798925,,False,2,1,non-repeat
901,102925263,RG_0073,RG_0073,True,2,2,Level 3 - possible repeat
902,103445026,UNIQUE_103445026,,False,1,1,non-repeat
903,103799072,UNIQUE_103799072,,False,1,1,non-repeat
904,103799060,UNIQUE_103799060,,False,3,1,non-repeat
905,103799059,UNIQUE_103799059,,False,3,1,non-repeat
906,70858867,UNIQUE_70858867,,False,4,1,non-repeat
907,102185888,UNIQUE_102185888,,False,2,1,non-repeat
908,101214539,UNIQUE_101214539,,False,2,1,non-repeat
909,58037863,UNIQUE_58037863,,False,4,1,non-repeat
910,103711597,UNIQUE_103711597,,False,4,1,non-repeat
911,103705024,UNIQUE_103705024,,False,3,1,non-repeat
912,103044804,UNIQUE_103044804,,False,3,1,non-repeat
913,102922342,UNIQUE_102922342,,False,1,1,non-repeat
914,103798754,UNIQUE_103798754,,False,1,1,non-repeat
915,103798744,UNIQUE_103798744,,False,5,1,non-repeat
916,103798739,UNIQUE_103798739,,False,1,1,non-repeat
917,102884985,UNIQUE_102884985,,False,5,1,non-repeat
918,95866282,UNIQUE_95866282,,False,2,1,non-repeat
919,103798866,RG_0074,RG_0074,True,2,3,Level 3 - possible repeat
920,103798865,UNIQUE_103798865,,False,3,1,non-repeat
921,103601823,UNIQUE_103601823,,False,3,1,non-repeat
922,103749580,UNIQUE_103749580,,False,4,1,non-repeat
923,103516434,UNIQUE_103516434,,False,4,1,non-repeat
924,103683179,UNIQUE_103683179,,False,5,1,non-repeat
925,103798808,UNIQUE_103798808,,False,2,1,non-repeat
926,103773086,UNIQUE_103773086,,False,3,1,non-repeat
927,103798585,UNIQUE_103798585,,False,4,1,non-repeat
928,102753020,UNIQUE_102753020,,False,3,1,non-repeat
929,101986221,UNIQUE_101986221,,False,5,1,non-repeat
930,101955659,UNIQUE_101955659,,False,5,1,non-repeat
931,101514257,UNIQUE_101514257,,False,1,1,non-repeat
932,100953366,UNIQUE_100953366,,False,2,1,non-repeat
933,103798690,UNIQUE_103798690,,False,5,1,non-repeat
934,103798536,UNIQUE_103798536,,False,1,1,non-repeat
935,101998659,UNIQUE_101998659,,False,5,1,non-repeat
936,102625173,UNIQUE_102625173,,False,4,1,non-repeat
937,103798680,UNIQUE_103798680,,False,2,1,non-repeat
938,103798675,UNIQUE_103798675,,False,1,1,non-repeat
939,102043076,UNIQUE_102043076,,False,1,1,non-repeat
940,102633724,UNIQUE_102633724,,False,4,1,non-repeat
941,99442730,RG_0043,RG_0043,True,4,2,Level 3 - possible repeat
942,102920898,RG_0075,RG_0075,True,4,2,Level 1 - exact duplicate
943,99886818,UNIQUE_99886818,,False,1,1,non-repeat
944,99886862,UNIQUE_99886862,,False,2,1,non-repeat
945,102919361,UNIQUE_102919361,,False,2,1,non-repeat
946,103707832,UNIQUE_103707832,,False,4,1,non-repeat
947,103767907,UNIQUE_103767907,,False,2,1,non-repeat
948,101056110,UNIQUE_101056110,,False,3,1,non-repeat
949,103726707,UNIQUE_103726707,,False,3,1,non-repeat
950,103424893,UNIQUE_103424893,,False,3,1,non-repeat
951,103798472,RG_0076,RG_0076,True,5,2,Level 3 - possible repeat
952,103798459,UNIQUE_103798459,,False,3,1,non-repeat
953,103798458,UNIQUE_103798458,,False,3,1,non-repeat
954,103798444,UNIQUE_103798444,,False,4,1,non-repeat
955,103429359,UNIQUE_103429359,,False,2,1,non-repeat
956,103362112,UNIQUE_103362112,,False,1,1,non-repeat
957,103798266,UNIQUE_103798266,,False,4,1,non-repeat
958,103798255,UNIQUE_103798255,,False,5,1,non-repeat
959,102924038,UNIQUE_102924038,,False,2,1,non-repeat
960,102923906,UNIQUE_102923906,,False,2,1,non-repeat
961,103470374,UNIQUE_103470374,,False,1,1,non-repeat
962,103444549,RG_0014,RG_0014,True,3,2,Level 3 - possible repeat
963,103689187,UNIQUE_103689187,,False,5,1,non-repeat
964,101337563,UNIQUE_101337563,,False,1,1,non-repeat
965,103532021,UNIQUE_103532021,,False,3,1,non-repeat
966,102543953,UNIQUE_102543953,,False,2,1,non-repeat
967,101062046,UNIQUE_101062046,,False,1,1,non-repeat
968,101060006,UNIQUE_101060006,,False,3,1,non-repeat
969,101062183,UNIQUE_101062183,,False,4,1,non-repeat
970,103691024,UNIQUE_103691024,,False,4,1,non-repeat
971,103797273,RG_0020,RG_0020,True,5,6,Level 3 - possible repeat
972,103798151,UNIQUE_103798151,,False,5,1,non-repeat
973,103798111,UNIQUE_103798111,,False,2,1,non-repeat
974,103798101,UNIQUE_103798101,,False,4,1,non-repeat
975,103450483,RG_0077,RG_0077,True,1,2,Level 1 - exact duplicate
976,102288419,UNIQUE_102288419,,False,5,1,non-repeat
977,101370530,RG_0078,RG_0078,True,4,3,Level 3 - possible repeat
978,100611579,UNIQUE_100611579,,False,3,1,non-repeat
979,103729705,RG_0079,RG_0079,True,3,2,Level 3 - possible repeat
980,103519002,UNIQUE_103519002,,False,2,1,non-repeat
981,103278535,UNIQUE_103278535,,False,3,1,non-repeat
982,102650548,UNIQUE_102650548,,False,3,1,non-repeat
983,102882864,UNIQUE_102882864,,False,2,1,non-repeat
984,101274185,UNIQUE_101274185,,False,2,1,non-repeat
985,102128490,UNIQUE_102128490,,False,3,1,non-repeat
986,102465358,UNIQUE_102465358,,False,4,1,non-repeat
987,103126109,UNIQUE_103126109,,False,2,1,non-repeat
988,103685246,UNIQUE_103685246,,False,4,1,non-repeat
989,103638186,UNIQUE_103638186,,False,4,1,non-repeat
990,101863081,UNIQUE_101863081,,False,3,1,non-repeat
991,102845950,UNIQUE_102845950,,False,5,1,non-repeat
992,97089343,UNIQUE_97089343,,False,3,1,non-repeat
993,103601544,UNIQUE_103601544,,False,1,1,non-repeat
994,103797942,UNIQUE_103797942,,False,5,1,non-repeat
995,103797911,UNIQUE_103797911,,False,5,1,non-repeat
996,103797909,RG_0080,RG_0080,True,4,2,Level 3 - possible repeat
997,103797908,UNIQUE_103797908,,False,2,1,non-repeat
998,102847746,UNIQUE_102847746,,False,3,1,non-repeat
999,103504570,UNIQUE_103504570,,False,4,1,non-repeat
1000,102193111,UNIQUE_102193111,,False,5,1,non-repeat
1001,102013146,UNIQUE_102013146,,False,1,1,non-repeat
1002,102905329,UNIQUE_102905329,,False,1,1,non-repeat
1003,103460024,UNIQUE_103460024,,False,1,1,non-repeat
1004,103338655,RG_0031,RG_0031,True,1,4,Level 3 - possible repeat
1005,102800930,UNIQUE_102800930,,False,1,1,non-repeat
1006,103354971,UNIQUE_103354971,,False,2,1,non-repeat
1007,103797717,UNIQUE_103797717,,False,5,1,non-repeat
1008,102622690,UNIQUE_102622690,,False,4,1,non-repeat
1009,99846072,UNIQUE_99846072,,False,5,1,non-repeat
1010,98243947,UNIQUE_98243947,,False,3,1,non-repeat
1011,103148750,RG_0081,RG_0081,True,1,2,Level 3 - possible repeat
1012,103124140,UNIQUE_103124140,,False,1,1,non-repeat
1013,103082575,RG_0082,RG_0082,True,4,2,Level 3 - possible repeat
1014,102785237,UNIQUE_102785237,,False,5,1,non-repeat
1015,101458301,UNIQUE_101458301,,False,4,1,non-repeat
1016,101261486,UNIQUE_101261486,,False,5,1,non-repeat
1017,101250730,UNIQUE_101250730,,False,1,1,non-repeat
1018,103324351,RG_0083,RG_0083,True,4,2,Level 3 - possible repeat
1019,103014507,UNIQUE_103014507,,False,5,1,non-repeat
1020,103124171,RG_0084,RG_0084,True,3,2,Level 3 - possible repeat
1021,102943996,UNIQUE_102943996,,False,1,1,non-repeat
1022,102706580,UNIQUE_102706580,,False,3,1,non-repeat
1023,102537454,UNIQUE_102537454,,False,2,1,non-repeat
1024,102505214,UNIQUE_102505214,,False,4,1,non-repeat
1025,102280872,UNIQUE_102280872,,False,4,1,non-repeat
1026,101337232,UNIQUE_101337232,,False,3,1,non-repeat
1027,100758841,RG_0085,RG_0085,True,3,2,Level 3 - possible repeat
1028,100208765,UNIQUE_100208765,,False,1,1,non-repeat
1029,99139799,UNIQUE_99139799,,False,1,1,non-repeat
1030,101109810,UNIQUE_101109810,,False,5,1,non-repeat
1031,103781037,UNIQUE_103781037,,False,5,1,non-repeat
1032,103222248,UNIQUE_103222248,,False,5,1,non-repeat
1033,102898854,RG_0086,RG_0086,True,3,2,Level 3 - possible repeat
1034,99139783,UNIQUE_99139783,,False,4,1,non-repeat
1035,102281172,UNIQUE_102281172,,False,5,1,non-repeat
1036,100894957,UNIQUE_100894957,,False,2,1,non-repeat
1037,103797546,UNIQUE_103797546,,False,2,1,non-repeat
1038,102757875,UNIQUE_102757875,,False,4,1,non-repeat
1039,101305880,UNIQUE_101305880,,False,2,1,non-repeat
1040,101737458,RG_0087,RG_0087,True,3,2,Level 3 - possible repeat
1041,103606404,UNIQUE_103606404,,False,5,1,non-repeat
1042,102097198,UNIQUE_102097198,,False,2,1,non-repeat
1043,102073582,UNIQUE_102073582,,False,3,1,non-repeat
1044,103797537,UNIQUE_103797537,,False,4,1,non-repeat
1045,99310438,RG_0088,RG_0088,True,2,2,Level 3 - possible repeat
1046,101080943,UNIQUE_101080943,,False,5,1,non-repeat
1047,100804825,UNIQUE_100804825,,False,4,1,non-repeat
1048,99466291,RG_0061,RG_0061,True,4,2,Level 3 - possible repeat
1049,103388443,RG_0089,RG_0089,True,1,2,Level 3 - possible repeat
1050,101380358,UNIQUE_101380358,,False,2,1,non-repeat
1051,100288529,RG_0090,RG_0090,True,5,2,Level 3 - possible repeat
1052,103797453,UNIQUE_103797453,,False,5,1,non-repeat
1053,101325438,UNIQUE_101325438,,False,3,1,non-repeat
1054,102889847,UNIQUE_102889847,,False,5,1,non-repeat
1055,103797431,UNIQUE_103797431,,False,4,1,non-repeat
1056,103416057,UNIQUE_103416057,,False,5,1,non-repeat
1057,103797428,UNIQUE_103797428,,False,2,1,non-repeat
1058,103797396,UNIQUE_103797396,,False,1,1,non-repeat
1059,103292117,UNIQUE_103292117,,False,1,1,non-repeat
1060,103797371,UNIQUE_103797371,,False,3,1,non-repeat
1061,103797361,UNIQUE_103797361,,False,2,1,non-repeat
1062,103797376,UNIQUE_103797376,,False,4,1,non-repeat
1063,103797375,UNIQUE_103797375,,False,4,1,non-repeat
1064,103797332,UNIQUE_103797332,,False,5,1,non-repeat
1065,103752244,UNIQUE_103752244,,False,1,1,non-repeat
1066,103797322,RG_0091,RG_0091,True,5,2,Level 3 - possible repeat
1067,103797254,UNIQUE_103797254,,False,2,1,non-repeat
1068,103023927,UNIQUE_103023927,,False,4,1,non-repeat
1069,103797277,UNIQUE_103797277,,False,2,1,non-repeat
1070,103797251,RG_0092,RG_0092,True,3,2,Level 3 - possible repeat
1071,101872448,UNIQUE_101872448,,False,1,1,non-repeat
1072,103797271,RG_0093,RG_0093,True,4,2,Level 3 - possible repeat
1073,103797270,UNIQUE_103797270,,False,2,1,non-repeat
1074,102843782,UNIQUE_102843782,,False,1,1,non-repeat
1075,103443462,UNIQUE_103443462,,False,3,1,non-repeat
1076,97834253,UNIQUE_97834253,,False,2,1,non-repeat
1077,97834129,UNIQUE_97834129,,False,5,1,non-repeat
1078,97832489,UNIQUE_97832489,,False,5,1,non-repeat
1079,101722900,UNIQUE_101722900,,False,3,1,non-repeat
1080,100543512,RG_0087,RG_0087,True,3,2,Level 3 - possible repeat
1081,102184341,UNIQUE_102184341,,False,4,1,non-repeat
1082,103797217,UNIQUE_103797217,,False,5,1,non-repeat
1083,103797164,UNIQUE_103797164,,False,5,1,non-repeat
1084,103797157,UNIQUE_103797157,,False,2,1,non-repeat
1085,102036014,UNIQUE_102036014,,False,4,1,non-repeat
1086,95219758,UNIQUE_95219758,,False,2,1,non-repeat
1087,101128566,UNIQUE_101128566,,False,5,1,non-repeat
1088,103585248,UNIQUE_103585248,,False,2,1,non-repeat
1089,103479600,UNIQUE_103479600,,False,4,1,non-repeat
1090,103402025,UNIQUE_103402025,,False,3,1,non-repeat
1091,103740042,UNIQUE_103740042,,False,4,1,non-repeat
1092,103742048,UNIQUE_103742048,,False,3,1,non-repeat
1093,100785324,UNIQUE_100785324,,False,1,1,non-repeat
1094,98720154,UNIQUE_98720154,,False,5,1,non-repeat
1095,98739542,UNIQUE_98739542,,False,2,1,non-repeat
1096,103374766,UNIQUE_103374766,,False,5,1,non-repeat
1097,103797103,UNIQUE_103797103,,False,3,1,non-repeat
1098,103797097,UNIQUE_103797097,,False,5,1,non-repeat
1099,103797146,UNIQUE_103797146,,False,1,1,non-repeat
1100,100916446,UNIQUE_100916446,,False,3,1,non-repeat
1101,97482842,UNIQUE_97482842,,False,4,1,non-repeat
1102,103705048,UNIQUE_103705048,,False,1,1,non-repeat
1103,103714808,UNIQUE_103714808,,False,4,1,non-repeat
1104,95892312,UNIQUE_95892312,,False,5,1,non-repeat
1105,101049834,UNIQUE_101049834,,False,3,1,non-repeat
1106,103797128,UNIQUE_103797128,,False,4,1,non-repeat
1107,103797126,UNIQUE_103797126,,False,2,1,non-repeat
1108,103797125,UNIQUE_103797125,,False,3,1,non-repeat
1109,92162624,UNIQUE_92162624,,False,4,1,non-repeat
1110,103684332,RG_0069,RG_0069,True,4,2,Level 3 - possible repeat
1111,103714989,RG_0094,RG_0094,True,1,2,Level 3 - possible repeat
1112,103717623,UNIQUE_103717623,,False,2,1,non-repeat
1113,76183205,UNIQUE_76183205,,False,3,1,non-repeat
1114,90371478,UNIQUE_90371478,,False,2,1,non-repeat
1115,102439373,UNIQUE_102439373,,False,2,1,non-repeat
1116,103445774,UNIQUE_103445774,,False,4,1,non-repeat
1117,103419095,UNIQUE_103419095,,False,1,1,non-repeat
1118,102894978,UNIQUE_102894978,,False,5,1,non-repeat
1119,103797076,UNIQUE_103797076,,False,3,1,non-repeat
1120,103796970,UNIQUE_103796970,,False,5,1,non-repeat
1121,103796987,UNIQUE_103796987,,False,3,1,non-repeat
1122,103436990,UNIQUE_103436990,,False,1,1,non-repeat
1123,100288687,RG_0083,RG_0083,True,4,2,Level 3 - possible repeat
1124,99466343,UNIQUE_99466343,,False,5,1,non-repeat
1125,103797057,UNIQUE_103797057,,False,3,1,non-repeat
1126,103797056,UNIQUE_103797056,,False,4,1,non-repeat
1127,101019426,UNIQUE_101019426,,False,2,1,non-repeat
1128,103797048,UNIQUE_103797048,,False,2,1,non-repeat
1129,103797047,UNIQUE_103797047,,False,5,1,non-repeat
1130,101990539,UNIQUE_101990539,,False,2,1,non-repeat
1131,103796947,UNIQUE_103796947,,False,3,1,non-repeat
1132,103796936,UNIQUE_103796936,,False,4,1,non-repeat
1133,103796931,UNIQUE_103796931,,False,5,1,non-repeat
1134,103423738,UNIQUE_103423738,,False,3,1,non-repeat
1135,103549671,UNIQUE_103549671,,False,5,1,non-repeat
1136,103797008,UNIQUE_103797008,,False,3,1,non-repeat
1137,103450284,UNIQUE_103450284,,False,1,1,non-repeat
1138,103477237,UNIQUE_103477237,,False,2,1,non-repeat
1139,103470205,RG_0095,RG_0095,True,4,2,Level 1 - exact duplicate
1140,102172274,UNIQUE_102172274,,False,5,1,non-repeat
1141,94213853,UNIQUE_94213853,,False,5,1,non-repeat
1142,100025500,UNIQUE_100025500,,False,4,1,non-repeat
1143,103336579,RG_0096,RG_0096,True,5,2,Level 1 - exact duplicate
1144,101557980,UNIQUE_101557980,,False,4,1,non-repeat
1145,103715204,UNIQUE_103715204,,False,5,1,non-repeat
1146,98377340,UNIQUE_98377340,,False,1,1,non-repeat
1147,97940583,UNIQUE_97940583,,False,1,1,non-repeat
1148,95823750,UNIQUE_95823750,,False,2,1,non-repeat
1149,103796815,RG_0023,RG_0023,True,2,2,Level 3 - possible repeat
1150,102283762,UNIQUE_102283762,,False,2,1,non-repeat
1151,100815948,UNIQUE_100815948,,False,3,1,non-repeat
1152,100253281,UNIQUE_100253281,,False,4,1,non-repeat
1153,103796877,UNIQUE_103796877,,False,4,1,non-repeat
1154,103796871,UNIQUE_103796871,,False,1,1,non-repeat
1155,101941512,UNIQUE_101941512,,False,1,1,non-repeat
1156,103796796,UNIQUE_103796796,,False,5,1,non-repeat
1157,103796803,UNIQUE_103796803,,False,2,1,non-repeat
1158,103282247,UNIQUE_103282247,,False,2,1,non-repeat
1159,103419115,UNIQUE_103419115,,False,5,1,non-repeat
1160,103425319,UNIQUE_103425319,,False,2,1,non-repeat
1161,98409917,UNIQUE_98409917,,False,2,1,non-repeat
1162,101279647,UNIQUE_101279647,,False,1,1,non-repeat
1163,101382844,UNIQUE_101382844,,False,4,1,non-repeat
1164,103760421,UNIQUE_103760421,,False,5,1,non-repeat
1165,103761088,UNIQUE_103761088,,False,3,1,non-repeat
1166,103235193,UNIQUE_103235193,,False,5,1,non-repeat
1167,101065984,UNIQUE_101065984,,False,4,1,non-repeat
1168,99044462,UNIQUE_99044462,,False,5,1,non-repeat
1169,98233164,UNIQUE_98233164,,False,1,1,non-repeat
1170,103796721,UNIQUE_103796721,,False,5,1,non-repeat
1171,103796707,RG_0097,RG_0097,True,1,3,Level 2 - strong repeat
1172,103796697,RG_0097,RG_0097,True,1,3,Level 2 - strong repeat
1173,103796684,RG_0097,RG_0097,True,1,3,Level 2 - strong repeat
1174,103796787,UNIQUE_103796787,,False,3,1,non-repeat
1175,103796785,UNIQUE_103796785,,False,5,1,non-repeat
1176,103669945,UNIQUE_103669945,,False,4,1,non-repeat
1177,103421446,UNIQUE_103421446,,False,5,1,non-repeat
1178,103640101,UNIQUE_103640101,,False,4,1,non-repeat
1179,103527484,RG_0053,RG_0053,True,1,2,Level 3 - possible repeat
1180,103072253,RG_0082,RG_0082,True,4,2,Level 3 - possible repeat
1181,103465855,UNIQUE_103465855,,False,3,1,non-repeat
1182,103796778,UNIQUE_103796778,,False,5,1,non-repeat
1183,103796773,UNIQUE_103796773,,False,1,1,non-repeat
1184,102126519,UNIQUE_102126519,,False,3,1,non-repeat
1185,103796767,UNIQUE_103796767,,False,4,1,non-repeat
1186,103796665,RG_0060,RG_0060,True,2,2,Level 3 - possible repeat
1187,103796664,UNIQUE_103796664,,False,5,1,non-repeat
1188,103796660,UNIQUE_103796660,,False,2,1,non-repeat
1189,103796743,UNIQUE_103796743,,False,1,1,non-repeat
1190,103673812,UNIQUE_103673812,,False,1,1,non-repeat
1191,100849422,UNIQUE_100849422,,False,2,1,non-repeat
1192,102485274,UNIQUE_102485274,,False,3,1,non-repeat
1193,103699105,UNIQUE_103699105,,False,2,1,non-repeat
1194,103559688,UNIQUE_103559688,,False,3,1,non-repeat
1195,102107757,UNIQUE_102107757,,False,5,1,non-repeat
1196,103538432,UNIQUE_103538432,,False,3,1,non-repeat
1197,103494812,UNIQUE_103494812,,False,1,1,non-repeat
1198,103446079,UNIQUE_103446079,,False,5,1,non-repeat
1199,103690877,UNIQUE_103690877,,False,3,1,non-repeat
1200,103223072,RG_0095,RG_0095,True,4,2,Level 1 - exact duplicate
1201,103470201,RG_0096,RG_0096,True,5,2,Level 1 - exact duplicate
1202,103796653,UNIQUE_103796653,,False,1,1,non-repeat
1203,100309020,UNIQUE_100309020,,False,1,1,non-repeat
1204,102434884,UNIQUE_102434884,,False,5,1,non-repeat
1205,103727257,UNIQUE_103727257,,False,2,1,non-repeat
1206,103796542,UNIQUE_103796542,,False,3,1,non-repeat
1207,103796565,UNIQUE_103796565,,False,3,1,non-repeat
1208,103389817,UNIQUE_103389817,,False,1,1,non-repeat
1209,103260845,UNIQUE_103260845,,False,3,1,non-repeat
1210,103767080,UNIQUE_103767080,,False,2,1,non-repeat
1211,103764720,UNIQUE_103764720,,False,2,1,non-repeat
1212,102267563,UNIQUE_102267563,,False,1,1,non-repeat
1213,103796418,UNIQUE_103796418,,False,3,1,non-repeat
1214,102873781,UNIQUE_102873781,,False,1,1,non-repeat
1215,102841105,UNIQUE_102841105,,False,3,1,non-repeat
1216,102989220,UNIQUE_102989220,,False,2,1,non-repeat
1217,102097200,UNIQUE_102097200,,False,1,1,non-repeat
1218,100692333,UNIQUE_100692333,,False,2,1,non-repeat
1219,102272734,RG_0088,RG_0088,True,2,2,Level 3 - possible repeat
1220,100184788,RG_0084,RG_0084,True,3,2,Level 3 - possible repeat
1221,103796402,UNIQUE_103796402,,False,3,1,non-repeat
1222,103796444,UNIQUE_103796444,,False,1,1,non-repeat
1223,103685134,UNIQUE_103685134,,False,3,1,non-repeat
1224,103705936,UNIQUE_103705936,,False,1,1,non-repeat
1225,101536156,UNIQUE_101536156,,False,2,1,non-repeat
1226,103796353,UNIQUE_103796353,,False,3,1,non-repeat
1227,103796349,RG_0098,RG_0098,True,4,2,Level 3 - possible repeat
1228,103127725,UNIQUE_103127725,,False,2,1,non-repeat
1229,103025400,UNIQUE_103025400,,False,2,1,non-repeat
1230,102198088,UNIQUE_102198088,,False,5,1,non-repeat
1231,101325789,RG_0081,RG_0081,True,1,2,Level 3 - possible repeat
1232,103643157,UNIQUE_103643157,,False,1,1,non-repeat
1233,103796395,UNIQUE_103796395,,False,5,1,non-repeat
1234,102808479,UNIQUE_102808479,,False,5,1,non-repeat
1235,102510692,UNIQUE_102510692,,False,3,1,non-repeat
1236,100499344,UNIQUE_100499344,,False,1,1,non-repeat
1237,102614705,UNIQUE_102614705,,False,4,1,non-repeat
1238,103796380,UNIQUE_103796380,,False,1,1,non-repeat
1239,103050834,UNIQUE_103050834,,False,2,1,non-repeat
1240,103570806,UNIQUE_103570806,,False,3,1,non-repeat
1241,103520779,UNIQUE_103520779,,False,3,1,non-repeat
1242,99968757,UNIQUE_99968757,,False,3,1,non-repeat
1243,103014181,UNIQUE_103014181,,False,4,1,non-repeat
1244,100249876,RG_0090,RG_0090,True,5,2,Level 3 - possible repeat
1245,98560819,UNIQUE_98560819,,False,3,1,non-repeat
1246,97025172,UNIQUE_97025172,,False,1,1,non-repeat
1247,103796223,UNIQUE_103796223,,False,4,1,non-repeat
1248,103796197,UNIQUE_103796197,,False,5,1,non-repeat
1249,103536109,UNIQUE_103536109,,False,5,1,non-repeat
1250,103796315,UNIQUE_103796315,,False,4,1,non-repeat
1251,102874865,UNIQUE_102874865,,False,4,1,non-repeat
1252,103105437,UNIQUE_103105437,,False,4,1,non-repeat
1253,103796311,UNIQUE_103796311,,False,4,1,non-repeat
1254,103796162,RG_0029,RG_0029,True,4,3,Level 1 - exact duplicate
1255,103796304,UNIQUE_103796304,,False,2,1,non-repeat
1256,103796303,UNIQUE_103796303,,False,3,1,non-repeat
1257,103438937,UNIQUE_103438937,,False,3,1,non-repeat
1258,103796293,UNIQUE_103796293,,False,4,1,non-repeat
1259,103001429,UNIQUE_103001429,,False,1,1,non-repeat
1260,103605382,UNIQUE_103605382,,False,2,1,non-repeat
1261,100543136,UNIQUE_100543136,,False,1,1,non-repeat
1262,103796024,UNIQUE_103796024,,False,1,1,non-repeat
1263,103796139,UNIQUE_103796139,,False,1,1,non-repeat
1264,103796014,UNIQUE_103796014,,False,5,1,non-repeat
1265,103686605,UNIQUE_103686605,,False,1,1,non-repeat
1266,103750149,UNIQUE_103750149,,False,3,1,non-repeat
1267,102482545,UNIQUE_102482545,,False,2,1,non-repeat
1268,103796092,UNIQUE_103796092,,False,2,1,non-repeat
1269,94760102,UNIQUE_94760102,,False,5,1,non-repeat
1270,100727490,UNIQUE_100727490,,False,2,1,non-repeat
1271,101981935,UNIQUE_101981935,,False,4,1,non-repeat
1272,102091178,UNIQUE_102091178,,False,5,1,non-repeat
1273,99704979,UNIQUE_99704979,,False,3,1,non-repeat
1274,102654288,UNIQUE_102654288,,False,1,1,non-repeat
1275,103795950,RG_0099,RG_0099,True,5,2,Level 3 - possible repeat
1276,103308799,RG_0055,RG_0055,True,4,2,Level 3 - possible repeat
1277,103795930,RG_0005,RG_0005,True,5,3,Level 3 - possible repeat
1278,103245620,RG_0100,RG_0100,True,3,2,Level 3 - possible repeat
1279,101972175,UNIQUE_101972175,,False,2,1,non-repeat
1280,102907672,RG_0086,RG_0086,True,3,2,Level 3 - possible repeat
1281,103442297,UNIQUE_103442297,,False,5,1,non-repeat
1282,103795891,RG_0101,RG_0101,True,2,3,Level 3 - possible repeat
1283,101629550,UNIQUE_101629550,,False,5,1,non-repeat
1284,103339072,UNIQUE_103339072,,False,2,1,non-repeat
1285,103795815,UNIQUE_103795815,,False,1,1,non-repeat
1286,103795802,RG_0102,RG_0102,True,4,2,Level 3 - possible repeat
1287,103698354,UNIQUE_103698354,,False,3,1,non-repeat
1288,95706905,UNIQUE_95706905,,False,3,1,non-repeat
1289,103795799,UNIQUE_103795799,,False,1,1,non-repeat
1290,98860442,UNIQUE_98860442,,False,5,1,non-repeat
1291,103252600,UNIQUE_103252600,,False,2,1,non-repeat
1292,103795699,RG_0103,RG_0103,True,1,2,Level 3 - possible repeat
1293,103795697,UNIQUE_103795697,,False,2,1,non-repeat
1294,103449900,RG_0050,RG_0050,True,2,2,Level 3 - possible repeat
1295,103359755,UNIQUE_103359755,,False,4,1,non-repeat
1296,103795669,UNIQUE_103795669,,False,1,1,non-repeat
1297,103456523,UNIQUE_103456523,,False,2,1,non-repeat
1298,100414970,UNIQUE_100414970,,False,5,1,non-repeat
1299,103795631,UNIQUE_103795631,,False,5,1,non-repeat
1300,102424719,UNIQUE_102424719,,False,2,1,non-repeat
1301,102424761,UNIQUE_102424761,,False,1,1,non-repeat
1302,103601526,UNIQUE_103601526,,False,2,1,non-repeat
1303,103501945,UNIQUE_103501945,,False,3,1,non-repeat
1304,103795578,UNIQUE_103795578,,False,5,1,non-repeat
1305,103795519,UNIQUE_103795519,,False,1,1,non-repeat
1306,103795515,UNIQUE_103795515,,False,2,1,non-repeat
1307,103795393,UNIQUE_103795393,,False,2,1,non-repeat
1308,102084307,UNIQUE_102084307,,False,3,1,non-repeat
1309,102083191,UNIQUE_102083191,,False,4,1,non-repeat
1310,102860545,UNIQUE_102860545,,False,4,1,non-repeat
1311,103795460,UNIQUE_103795460,,False,2,1,non-repeat
1312,103795436,UNIQUE_103795436,,False,2,1,non-repeat
1313,103795360,RG_0104,RG_0104,True,5,2,Level 1 - exact duplicate
1314,103795356,UNIQUE_103795356,,False,1,1,non-repeat
1315,102530014,UNIQUE_102530014,,False,3,1,non-repeat
1316,103795432,UNIQUE_103795432,,False,2,1,non-repeat
1317,103795413,UNIQUE_103795413,,False,5,1,non-repeat
1318,103729182,UNIQUE_103729182,,False,2,1,non-repeat
1319,101705724,UNIQUE_101705724,,False,2,1,non-repeat
1320,103795227,UNIQUE_103795227,,False,4,1,non-repeat
1321,102082460,UNIQUE_102082460,,False,2,1,non-repeat
1322,103795288,RG_0104,RG_0104,True,5,2,Level 1 - exact duplicate
1323,103567545,UNIQUE_103567545,,False,2,1,non-repeat
1324,103795203,UNIQUE_103795203,,False,2,1,non-repeat
1325,103795185,UNIQUE_103795185,,False,2,1,non-repeat
1326,103795266,UNIQUE_103795266,,False,4,1,non-repeat
1327,100985420,UNIQUE_100985420,,False,2,1,non-repeat
1328,103350530,RG_0031,RG_0031,True,1,4,Level 3 - possible repeat
1329,103187946,UNIQUE_103187946,,False,2,1,non-repeat
1330,103089105,UNIQUE_103089105,,False,1,1,non-repeat
1331,101517371,UNIQUE_101517371,,False,1,1,non-repeat
1332,103795120,RG_0062,RG_0062,True,1,2,Level 3 - possible repeat
1333,103795110,UNIQUE_103795110,,False,2,1,non-repeat
1334,103795107,UNIQUE_103795107,,False,5,1,non-repeat
1335,103795176,UNIQUE_103795176,,False,5,1,non-repeat
1336,103795096,UNIQUE_103795096,,False,5,1,non-repeat
1337,101672290,UNIQUE_101672290,,False,1,1,non-repeat
1338,101670291,UNIQUE_101670291,,False,1,1,non-repeat
1339,102882471,UNIQUE_102882471,,False,4,1,non-repeat
1340,103795148,UNIQUE_103795148,,False,3,1,non-repeat
1341,103795146,UNIQUE_103795146,,False,2,1,non-repeat
1342,103511282,UNIQUE_103511282,,False,1,1,non-repeat
1343,102621739,RG_0105,RG_0105,True,2,2,Level 3 - possible repeat
1344,103794979,RG_0106,RG_0106,True,3,2,Level 3 - possible repeat
1345,103794972,UNIQUE_103794972,,False,1,1,non-repeat
1346,103794936,UNIQUE_103794936,,False,5,1,non-repeat
1347,103794908,UNIQUE_103794908,,False,1,1,non-repeat
1348,102916819,UNIQUE_102916819,,False,1,1,non-repeat
1349,102916783,UNIQUE_102916783,,False,5,1,non-repeat
1350,103795068,UNIQUE_103795068,,False,4,1,non-repeat
1351,97151327,UNIQUE_97151327,,False,1,1,non-repeat
1352,103538515,UNIQUE_103538515,,False,4,1,non-repeat
1353,103794883,UNIQUE_103794883,,False,4,1,non-repeat
1354,103794878,UNIQUE_103794878,,False,5,1,non-repeat
1355,102905110,UNIQUE_102905110,,False,5,1,non-repeat
1356,102905091,UNIQUE_102905091,,False,3,1,non-repeat
1357,102889785,UNIQUE_102889785,,False,5,1,non-repeat
1358,102889632,UNIQUE_102889632,,False,3,1,non-repeat
1359,102889068,UNIQUE_102889068,,False,1,1,non-repeat
1360,102889006,UNIQUE_102889006,,False,2,1,non-repeat
1361,103795029,UNIQUE_103795029,,False,3,1,non-repeat
1362,103795016,UNIQUE_103795016,,False,3,1,non-repeat
1363,103795013,UNIQUE_103795013,,False,1,1,non-repeat
1364,101837463,RG_0033,RG_0033,True,1,2,Level 3 - possible repeat
1365,103040014,UNIQUE_103040014,,False,5,1,non-repeat
1366,102843087,UNIQUE_102843087,,False,1,1,non-repeat
1367,103794729,UNIQUE_103794729,,False,1,1,non-repeat
1368,103794705,UNIQUE_103794705,,False,1,1,non-repeat
1369,103794834,UNIQUE_103794834,,False,5,1,non-repeat
1370,103794832,UNIQUE_103794832,,False,5,1,non-repeat
1371,103794818,UNIQUE_103794818,,False,2,1,non-repeat
1372,92387411,UNIQUE_92387411,,False,3,1,non-repeat
1373,103794803,UNIQUE_103794803,,False,4,1,non-repeat
1374,103794786,UNIQUE_103794786,,False,2,1,non-repeat
1375,102297326,UNIQUE_102297326,,False,3,1,non-repeat
1376,103740282,UNIQUE_103740282,,False,5,1,non-repeat
1377,103599839,UNIQUE_103599839,,False,5,1,non-repeat
1378,103794505,RG_0107,RG_0107,True,4,2,Level 3 - possible repeat
1379,103794501,UNIQUE_103794501,,False,4,1,non-repeat
1380,97828616,UNIQUE_97828616,,False,5,1,non-repeat
1381,103794477,UNIQUE_103794477,,False,2,1,non-repeat
1382,103794465,UNIQUE_103794465,,False,2,1,non-repeat
1383,103794442,RG_0108,RG_0108,True,4,2,Level 3 - possible repeat
1384,101448663,UNIQUE_101448663,,False,3,1,non-repeat
1385,103794493,RG_0109,RG_0109,True,2,2,Level 3 - possible repeat
1386,103794636,RG_0110,RG_0110,True,1,2,Level 3 - possible repeat
1387,103794620,UNIQUE_103794620,,False,3,1,non-repeat
1388,103794616,UNIQUE_103794616,,False,2,1,non-repeat
1389,101970117,UNIQUE_101970117,,False,5,1,non-repeat
1390,103794402,UNIQUE_103794402,,False,3,1,non-repeat
1391,103794426,UNIQUE_103794426,,False,1,1,non-repeat
1392,96105459,UNIQUE_96105459,,False,3,1,non-repeat
1393,103401180,UNIQUE_103401180,,False,1,1,non-repeat
1394,103719422,UNIQUE_103719422,,False,1,1,non-repeat
1395,103420274,UNIQUE_103420274,,False,3,1,non-repeat
1396,103653183,UNIQUE_103653183,,False,3,1,non-repeat
1397,103653397,RG_0111,RG_0111,True,4,2,Level 3 - possible repeat
1398,103653399,UNIQUE_103653399,,False,3,1,non-repeat
1399,103653413,UNIQUE_103653413,,False,2,1,non-repeat
1400,103794387,UNIQUE_103794387,,False,5,1,non-repeat
1401,103794219,UNIQUE_103794219,,False,3,1,non-repeat
1402,102762016,RG_0112,RG_0112,True,2,2,Level 3 - possible repeat
1403,103727115,UNIQUE_103727115,,False,5,1,non-repeat
1404,103073311,UNIQUE_103073311,,False,3,1,non-repeat
1405,103031827,UNIQUE_103031827,,False,3,1,non-repeat
1406,103794347,UNIQUE_103794347,,False,3,1,non-repeat
1407,97835915,UNIQUE_97835915,,False,2,1,non-repeat
1408,97833112,UNIQUE_97833112,,False,3,1,non-repeat
1409,103794328,UNIQUE_103794328,,False,1,1,non-repeat
1410,97831618,UNIQUE_97831618,,False,1,1,non-repeat
1411,101833545,UNIQUE_101833545,,False,4,1,non-repeat
1412,102820417,UNIQUE_102820417,,False,1,1,non-repeat
1413,100498095,UNIQUE_100498095,,False,2,1,non-repeat
1414,102820433,UNIQUE_102820433,,False,2,1,non-repeat
1415,102820395,UNIQUE_102820395,,False,5,1,non-repeat
1416,102820397,RG_0048,RG_0048,True,4,3,Level 3 - possible repeat
1417,95161540,UNIQUE_95161540,,False,4,1,non-repeat
1418,103464980,UNIQUE_103464980,,False,2,1,non-repeat
1419,102827644,UNIQUE_102827644,,False,2,1,non-repeat
1420,103653187,RG_0113,RG_0113,True,4,2,Level 3 - possible repeat
1421,101624781,UNIQUE_101624781,,False,5,1,non-repeat
1422,102850319,UNIQUE_102850319,,False,3,1,non-repeat
1423,102507531,UNIQUE_102507531,,False,5,1,non-repeat
1424,103188233,UNIQUE_103188233,,False,3,1,non-repeat
1425,102883481,UNIQUE_102883481,,False,5,1,non-repeat
1426,103073088,UNIQUE_103073088,,False,5,1,non-repeat
1427,103204071,RG_0112,RG_0112,True,2,2,Level 3 - possible repeat
1428,103793977,RG_0114,RG_0114,True,3,2,Level 3 - possible repeat
1429,102059971,UNIQUE_102059971,,False,2,1,non-repeat
1430,101823513,UNIQUE_101823513,,False,2,1,non-repeat
1431,103794049,UNIQUE_103794049,,False,1,1,non-repeat
1432,103793928,UNIQUE_103793928,,False,5,1,non-repeat
1433,103793924,UNIQUE_103793924,,False,2,1,non-repeat
1434,98072812,UNIQUE_98072812,,False,1,1,non-repeat
1435,103793938,UNIQUE_103793938,,False,2,1,non-repeat
1436,103793936,UNIQUE_103793936,,False,1,1,non-repeat
1437,102820446,UNIQUE_102820446,,False,5,1,non-repeat
1438,102820176,UNIQUE_102820176,,False,5,1,non-repeat
1439,102820169,RG_0115,RG_0115,True,5,2,Level 3 - possible repeat
1440,102820476,UNIQUE_102820476,,False,2,1,non-repeat
1441,102820448,UNIQUE_102820448,,False,1,1,non-repeat
1442,100511965,RG_0116,RG_0116,True,3,2,Level 3 - possible repeat
1443,103432147,UNIQUE_103432147,,False,4,1,non-repeat
1444,103794018,UNIQUE_103794018,,False,2,1,non-repeat
1445,103219662,UNIQUE_103219662,,False,1,1,non-repeat
1446,103066708,UNIQUE_103066708,,False,3,1,non-repeat
1447,95697568,UNIQUE_95697568,,False,5,1,non-repeat
1448,103081545,UNIQUE_103081545,,False,5,1,non-repeat
1449,103200597,UNIQUE_103200597,,False,1,1,non-repeat
1450,101624824,UNIQUE_101624824,,False,2,1,non-repeat
1451,101624705,UNIQUE_101624705,,False,3,1,non-repeat
1452,103448748,UNIQUE_103448748,,False,1,1,non-repeat
1453,103793700,RG_0117,RG_0117,True,5,2,Level 3 - possible repeat
1454,103793763,UNIQUE_103793763,,False,4,1,non-repeat
1455,103793762,UNIQUE_103793762,,False,3,1,non-repeat
1456,103793742,UNIQUE_103793742,,False,5,1,non-repeat
1457,101673194,UNIQUE_101673194,,False,2,1,non-repeat
1458,102464025,UNIQUE_102464025,,False,2,1,non-repeat
1459,103356717,UNIQUE_103356717,,False,1,1,non-repeat
1460,102464037,UNIQUE_102464037,,False,4,1,non-repeat
1461,103282764,UNIQUE_103282764,,False,2,1,non-repeat
1462,102881026,UNIQUE_102881026,,False,5,1,non-repeat
1463,101960777,UNIQUE_101960777,,False,1,1,non-repeat
1464,102880636,RG_0118,RG_0118,True,4,2,Level 3 - possible repeat
1465,102881017,UNIQUE_102881017,,False,1,1,non-repeat
1466,101960781,UNIQUE_101960781,,False,2,1,non-repeat
1467,102882132,UNIQUE_102882132,,False,3,1,non-repeat
1468,102892430,UNIQUE_102892430,,False,3,1,non-repeat
1469,102892432,UNIQUE_102892432,,False,3,1,non-repeat
1470,103551285,UNIQUE_103551285,,False,3,1,non-repeat
1471,102894373,RG_0048,RG_0048,True,4,3,Level 3 - possible repeat
1472,102882136,UNIQUE_102882136,,False,3,1,non-repeat
1473,102894376,UNIQUE_102894376,,False,4,1,non-repeat
1474,102882138,UNIQUE_102882138,,False,4,1,non-repeat
1475,102881313,RG_0111,RG_0111,True,4,2,Level 3 - possible repeat
1476,101960423,RG_0119,RG_0119,True,3,2,Level 1 - exact duplicate
1477,102820450,RG_0120,RG_0120,True,5,2,Level 3 - possible repeat
1478,102820649,UNIQUE_102820649,,False,2,1,non-repeat
1479,103793824,UNIQUE_103793824,,False,5,1,non-repeat
1480,102159640,RG_0100,RG_0100,True,3,2,Level 3 - possible repeat
1481,102468626,UNIQUE_102468626,,False,4,1,non-repeat
1482,103624230,UNIQUE_103624230,,False,5,1,non-repeat
1483,102893089,UNIQUE_102893089,,False,1,1,non-repeat
1484,102199142,RG_0121,RG_0121,True,1,2,Level 3 - possible repeat
1485,101499810,UNIQUE_101499810,,False,1,1,non-repeat
1486,103714789,RG_0122,RG_0122,True,3,3,Level 3 - possible repeat
1487,103356674,RG_0123,RG_0123,True,5,3,Level 3 - possible repeat
1488,103301164,RG_0124,RG_0124,True,2,3,Level 3 - possible repeat
1489,103390061,UNIQUE_103390061,,False,4,1,non-repeat
1490,101624732,UNIQUE_101624732,,False,1,1,non-repeat
1491,102889904,UNIQUE_102889904,,False,3,1,non-repeat
1492,103793643,RG_0074,RG_0074,True,2,3,Level 3 - possible repeat
1493,103793473,UNIQUE_103793473,,False,5,1,non-repeat
1494,103793506,UNIQUE_103793506,,False,5,1,non-repeat
1495,103793496,UNIQUE_103793496,,False,4,1,non-repeat
1496,102904007,RG_0119,RG_0119,True,3,2,Level 1 - exact duplicate
1497,102889893,UNIQUE_102889893,,False,4,1,non-repeat
1498,103489956,UNIQUE_103489956,,False,3,1,non-repeat
1499,103435132,RG_0120,RG_0120,True,5,2,Level 3 - possible repeat
1500,102741031,UNIQUE_102741031,,False,2,1,non-repeat
1501,102889874,UNIQUE_102889874,,False,4,1,non-repeat
1502,101763640,RG_0010,RG_0010,True,4,4,Level 3 - possible repeat
1503,102718298,UNIQUE_102718298,,False,5,1,non-repeat
1504,102717845,RG_0118,RG_0118,True,4,2,Level 3 - possible repeat
1505,103793587,UNIQUE_103793587,,False,1,1,non-repeat
1506,101989957,UNIQUE_101989957,,False,2,1,non-repeat
1507,103793534,UNIQUE_103793534,,False,5,1,non-repeat
1508,103113863,UNIQUE_103113863,,False,4,1,non-repeat
1509,103793455,UNIQUE_103793455,,False,4,1,non-repeat
1510,102906295,UNIQUE_102906295,,False,4,1,non-repeat
1511,103793234,UNIQUE_103793234,,False,3,1,non-repeat
1512,103793184,UNIQUE_103793184,,False,1,1,non-repeat
1513,102906287,RG_0073,RG_0073,True,2,2,Level 3 - possible repeat
1514,102400730,UNIQUE_102400730,,False,1,1,non-repeat
1515,103793204,UNIQUE_103793204,,False,2,1,non-repeat
1516,103793389,UNIQUE_103793389,,False,2,1,non-repeat
1517,103793385,UNIQUE_103793385,,False,1,1,non-repeat
1518,103573434,UNIQUE_103573434,,False,4,1,non-repeat
1519,103793364,UNIQUE_103793364,,False,2,1,non-repeat
1520,103793360,UNIQUE_103793360,,False,4,1,non-repeat
1521,102501000,UNIQUE_102501000,,False,5,1,non-repeat
1522,103485603,UNIQUE_103485603,,False,3,1,non-repeat
1523,102593827,RG_0125,RG_0125,True,1,3,Level 3 - possible repeat
1524,102500912,RG_0125,RG_0125,True,1,3,Level 2 - strong repeat
1525,101881452,UNIQUE_101881452,,False,2,1,non-repeat
1526,103793112,UNIQUE_103793112,,False,1,1,non-repeat
1527,103793109,UNIQUE_103793109,,False,2,1,non-repeat
1528,102887335,UNIQUE_102887335,,False,4,1,non-repeat
1529,102878384,UNIQUE_102878384,,False,2,1,non-repeat
1530,103793327,RG_0126,RG_0126,True,4,2,Level 3 - possible repeat
1531,100582129,UNIQUE_100582129,,False,1,1,non-repeat
1532,103793317,UNIQUE_103793317,,False,3,1,non-repeat
1533,103793316,UNIQUE_103793316,,False,5,1,non-repeat
1534,103793311,UNIQUE_103793311,,False,3,1,non-repeat
1535,100481760,UNIQUE_100481760,,False,4,1,non-repeat
1536,102886577,UNIQUE_102886577,,False,5,1,non-repeat
1537,103793285,UNIQUE_103793285,,False,5,1,non-repeat
1538,103793281,UNIQUE_103793281,,False,5,1,non-repeat
1539,103626074,UNIQUE_103626074,,False,2,1,non-repeat
1540,102878299,UNIQUE_102878299,,False,2,1,non-repeat
1541,103652137,UNIQUE_103652137,,False,1,1,non-repeat
1542,102776037,UNIQUE_102776037,,False,1,1,non-repeat
1543,101890860,UNIQUE_101890860,,False,3,1,non-repeat
1544,97543894,UNIQUE_97543894,,False,1,1,non-repeat
1545,103752445,RG_0127,RG_0127,True,4,2,Level 3 - possible repeat
1546,96426992,UNIQUE_96426992,,False,3,1,non-repeat
1547,103452020,UNIQUE_103452020,,False,3,1,non-repeat
1548,103452025,UNIQUE_103452025,,False,3,1,non-repeat
1549,103452017,RG_0128,RG_0128,True,5,3,Level 3 - possible repeat
1550,103452015,RG_0129,RG_0129,True,3,3,Level 3 - possible repeat
1551,98227923,UNIQUE_98227923,,False,1,1,non-repeat
1552,102903842,UNIQUE_102903842,,False,1,1,non-repeat
1553,102916673,UNIQUE_102916673,,False,1,1,non-repeat
1554,101880348,UNIQUE_101880348,,False,1,1,non-repeat
1555,103793098,UNIQUE_103793098,,False,5,1,non-repeat
1556,103792881,UNIQUE_103792881,,False,1,1,non-repeat
1557,103792843,RG_0076,RG_0076,True,5,2,Level 3 - possible repeat
1558,103462548,UNIQUE_103462548,,False,4,1,non-repeat
1559,103551709,RG_0056,RG_0056,True,4,2,Level 3 - possible repeat
1560,103793061,UNIQUE_103793061,,False,3,1,non-repeat
1561,102020919,UNIQUE_102020919,,False,2,1,non-repeat
1562,103485601,RG_0125,RG_0125,True,1,3,Level 2 - strong repeat
1563,103793045,UNIQUE_103793045,,False,4,1,non-repeat
1564,103248462,UNIQUE_103248462,,False,5,1,non-repeat
1565,103766881,UNIQUE_103766881,,False,2,1,non-repeat
1566,100264116,UNIQUE_100264116,,False,1,1,non-repeat
1567,103792792,UNIQUE_103792792,,False,5,1,non-repeat
1568,103792790,UNIQUE_103792790,,False,2,1,non-repeat
1569,103792781,UNIQUE_103792781,,False,2,1,non-repeat
1570,103792754,UNIQUE_103792754,,False,3,1,non-repeat
1571,102473857,UNIQUE_102473857,,False,2,1,non-repeat
1572,103792765,UNIQUE_103792765,,False,4,1,non-repeat
1573,103793005,UNIQUE_103793005,,False,2,1,non-repeat
1574,102234050,UNIQUE_102234050,,False,4,1,non-repeat
1575,103792979,UNIQUE_103792979,,False,5,1,non-repeat
1576,103792969,RG_0130,RG_0130,True,4,2,Level 3 - possible repeat
1577,103792968,RG_0109,RG_0109,True,2,2,Level 3 - possible repeat
1578,103792946,UNIQUE_103792946,,False,1,1,non-repeat
1579,103720640,UNIQUE_103720640,,False,4,1,non-repeat
1580,101890669,UNIQUE_101890669,,False,3,1,non-repeat
1581,103792865,UNIQUE_103792865,,False,4,1,non-repeat
1582,94945757,UNIQUE_94945757,,False,4,1,non-repeat
1583,102800814,UNIQUE_102800814,,False,1,1,non-repeat
1584,87127308,UNIQUE_87127308,,False,1,1,non-repeat
1585,102052469,UNIQUE_102052469,,False,5,1,non-repeat
1586,99627275,UNIQUE_99627275,,False,4,1,non-repeat
1587,101697554,UNIQUE_101697554,,False,3,1,non-repeat
1588,103789690,UNIQUE_103789690,,False,2,1,non-repeat
1589,103792718,UNIQUE_103792718,,False,5,1,non-repeat
1590,101969625,UNIQUE_101969625,,False,4,1,non-repeat
1591,101938509,UNIQUE_101938509,,False,1,1,non-repeat
1592,103792508,UNIQUE_103792508,,False,1,1,non-repeat
1593,103792452,RG_0102,RG_0102,True,4,2,Level 3 - possible repeat
1594,102911472,UNIQUE_102911472,,False,2,1,non-repeat
1595,102903095,UNIQUE_102903095,,False,4,1,non-repeat
1596,102903047,RG_0131,RG_0131,True,5,2,Level 3 - possible repeat
1597,102903014,UNIQUE_102903014,,False,4,1,non-repeat
1598,101894208,UNIQUE_101894208,,False,5,1,non-repeat
1599,103792474,UNIQUE_103792474,,False,2,1,non-repeat
1600,103792466,UNIQUE_103792466,,False,3,1,non-repeat
1601,102903141,UNIQUE_102903141,,False,4,1,non-repeat
1602,102452948,UNIQUE_102452948,,False,1,1,non-repeat
1603,103792686,RG_0132,RG_0132,True,4,2,Level 3 - possible repeat
1604,100896364,UNIQUE_100896364,,False,3,1,non-repeat
1605,100271479,UNIQUE_100271479,,False,5,1,non-repeat
1606,103792653,UNIQUE_103792653,,False,2,1,non-repeat
1607,103792649,UNIQUE_103792649,,False,3,1,non-repeat
1608,101895409,UNIQUE_101895409,,False,4,1,non-repeat
1609,103792631,UNIQUE_103792631,,False,5,1,non-repeat
1610,101969583,UNIQUE_101969583,,False,4,1,non-repeat
1611,101997138,UNIQUE_101997138,,False,5,1,non-repeat
1612,98859046,UNIQUE_98859046,,False,2,1,non-repeat
1613,100502825,UNIQUE_100502825,,False,5,1,non-repeat
1614,102856895,UNIQUE_102856895,,False,1,1,non-repeat
1615,102856891,UNIQUE_102856891,,False,1,1,non-repeat
1616,102883748,RG_0133,RG_0133,True,3,2,Level 3 - possible repeat
1617,103792599,UNIQUE_103792599,,False,5,1,non-repeat
1618,103792570,UNIQUE_103792570,,False,1,1,non-repeat
1619,103792559,UNIQUE_103792559,,False,3,1,non-repeat
1620,100924995,UNIQUE_100924995,,False,4,1,non-repeat
1621,95208072,UNIQUE_95208072,,False,1,1,non-repeat
1622,103041062,UNIQUE_103041062,,False,3,1,non-repeat
1623,101762518,UNIQUE_101762518,,False,1,1,non-repeat
1624,103637604,UNIQUE_103637604,,False,5,1,non-repeat
1625,103470225,UNIQUE_103470225,,False,3,1,non-repeat
1626,103658209,UNIQUE_103658209,,False,4,1,non-repeat
1627,103667423,UNIQUE_103667423,,False,3,1,non-repeat
1628,102314068,UNIQUE_102314068,,False,4,1,non-repeat
1629,103106401,UNIQUE_103106401,,False,2,1,non-repeat
1630,100481029,UNIQUE_100481029,,False,1,1,non-repeat
1631,102747048,UNIQUE_102747048,,False,3,1,non-repeat
1632,103610495,UNIQUE_103610495,,False,4,1,non-repeat
1633,103763228,UNIQUE_103763228,,False,4,1,non-repeat
1634,103792395,UNIQUE_103792395,,False,1,1,non-repeat
1635,99797644,UNIQUE_99797644,,False,4,1,non-repeat
1636,103792198,UNIQUE_103792198,,False,4,1,non-repeat
1637,103792181,UNIQUE_103792181,,False,1,1,non-repeat
1638,103792173,UNIQUE_103792173,,False,4,1,non-repeat
1639,102879544,RG_0134,RG_0134,True,4,2,Level 3 - possible repeat
1640,101933895,UNIQUE_101933895,,False,1,1,non-repeat
1641,103792366,UNIQUE_103792366,,False,3,1,non-repeat
1642,101005689,UNIQUE_101005689,,False,4,1,non-repeat
1643,103792363,RG_0008,RG_0008,True,1,3,Level 3 - possible repeat
1644,103792331,UNIQUE_103792331,,False,2,1,non-repeat
1645,103792329,RG_0074,RG_0074,True,2,3,Level 3 - possible repeat
1646,103665308,UNIQUE_103665308,,False,5,1,non-repeat
1647,102760831,UNIQUE_102760831,,False,1,1,non-repeat
1648,103173165,UNIQUE_103173165,,False,5,1,non-repeat
1649,103792298,UNIQUE_103792298,,False,3,1,non-repeat
1650,97315489,UNIQUE_97315489,,False,5,1,non-repeat
1651,103315726,UNIQUE_103315726,,False,1,1,non-repeat
1652,103289990,UNIQUE_103289990,,False,3,1,non-repeat
1653,103748225,UNIQUE_103748225,,False,1,1,non-repeat
1654,103190909,RG_0135,RG_0135,True,1,2,Level 3 - possible repeat
1655,103738015,UNIQUE_103738015,,False,5,1,non-repeat
1656,103792147,UNIQUE_103792147,,False,1,1,non-repeat
1657,103792141,RG_0015,RG_0015,True,1,2,Level 3 - possible repeat
1658,103792137,RG_0127,RG_0127,True,4,2,Level 3 - possible repeat
1659,103792169,UNIQUE_103792169,,False,4,1,non-repeat
1660,103792167,UNIQUE_103792167,,False,1,1,non-repeat
1661,103738707,UNIQUE_103738707,,False,2,1,non-repeat
1662,103732912,UNIQUE_103732912,,False,4,1,non-repeat
1663,103737795,UNIQUE_103737795,,False,3,1,non-repeat
1664,103792293,UNIQUE_103792293,,False,2,1,non-repeat
1665,103729534,UNIQUE_103729534,,False,3,1,non-repeat
1666,103669851,UNIQUE_103669851,,False,4,1,non-repeat
1667,103735897,UNIQUE_103735897,,False,4,1,non-repeat
1668,103637655,UNIQUE_103637655,,False,3,1,non-repeat
1669,103728442,UNIQUE_103728442,,False,4,1,non-repeat
1670,103352777,UNIQUE_103352777,,False,3,1,non-repeat
1671,103239594,UNIQUE_103239594,,False,2,1,non-repeat
1672,102428144,UNIQUE_102428144,,False,3,1,non-repeat
1673,103792274,UNIQUE_103792274,,False,1,1,non-repeat
1674,102559387,UNIQUE_102559387,,False,5,1,non-repeat
1675,103732345,UNIQUE_103732345,,False,1,1,non-repeat
1676,103518842,UNIQUE_103518842,,False,2,1,non-repeat
1677,103730142,UNIQUE_103730142,,False,3,1,non-repeat
1678,103730518,UNIQUE_103730518,,False,1,1,non-repeat
1679,103730003,UNIQUE_103730003,,False,3,1,non-repeat
1680,103734787,UNIQUE_103734787,,False,3,1,non-repeat
1681,103519551,UNIQUE_103519551,,False,5,1,non-repeat
1682,103502119,UNIQUE_103502119,,False,1,1,non-repeat
1683,103727934,UNIQUE_103727934,,False,3,1,non-repeat
1684,103792252,UNIQUE_103792252,,False,2,1,non-repeat
1685,103700639,UNIQUE_103700639,,False,2,1,non-repeat
1686,95070175,UNIQUE_95070175,,False,1,1,non-repeat
1687,103707767,UNIQUE_103707767,,False,3,1,non-repeat
1688,103792241,UNIQUE_103792241,,False,1,1,non-repeat
1689,103728312,UNIQUE_103728312,,False,5,1,non-repeat
1690,103792238,UNIQUE_103792238,,False,4,1,non-repeat
1691,103564933,UNIQUE_103564933,,False,3,1,non-repeat
1692,103652972,UNIQUE_103652972,,False,1,1,non-repeat
1693,103141584,UNIQUE_103141584,,False,2,1,non-repeat
1694,103658514,UNIQUE_103658514,,False,3,1,non-repeat
1695,101025143,UNIQUE_101025143,,False,3,1,non-repeat
1696,103490096,UNIQUE_103490096,,False,5,1,non-repeat
1697,103500625,UNIQUE_103500625,,False,2,1,non-repeat
1698,99312797,UNIQUE_99312797,,False,3,1,non-repeat
1699,103792131,RG_0117,RG_0117,True,5,2,Level 3 - possible repeat
1700,103791973,UNIQUE_103791973,,False,1,1,non-repeat
1701,103792009,UNIQUE_103792009,,False,1,1,non-repeat
1702,103792002,RG_0136,RG_0136,True,2,2,Level 1 - exact duplicate
1703,97952413,UNIQUE_97952413,,False,3,1,non-repeat
1704,103792126,UNIQUE_103792126,,False,2,1,non-repeat
1705,101150862,UNIQUE_101150862,,False,5,1,non-repeat
1706,103792109,UNIQUE_103792109,,False,1,1,non-repeat
1707,103792101,UNIQUE_103792101,,False,3,1,non-repeat
1708,103792095,UNIQUE_103792095,,False,3,1,non-repeat
1709,102038314,UNIQUE_102038314,,False,2,1,non-repeat
1710,103792086,UNIQUE_103792086,,False,5,1,non-repeat
1711,101978840,UNIQUE_101978840,,False,1,1,non-repeat
1712,103792075,UNIQUE_103792075,,False,2,1,non-repeat
1713,103792072,UNIQUE_103792072,,False,4,1,non-repeat
1714,103457730,UNIQUE_103457730,,False,2,1,non-repeat
1715,103791961,UNIQUE_103791961,,False,2,1,non-repeat
1716,103791948,UNIQUE_103791948,,False,5,1,non-repeat
1717,103792067,RG_0001,RG_0001,True,1,2,Level 3 - possible repeat
1718,100913483,UNIQUE_100913483,,False,2,1,non-repeat
1719,103369412,UNIQUE_103369412,,False,3,1,non-repeat
1720,103173867,UNIQUE_103173867,,False,3,1,non-repeat
1721,103479235,RG_0137,RG_0137,True,4,2,Level 3 - possible repeat
1722,103388580,UNIQUE_103388580,,False,4,1,non-repeat
1723,102449529,UNIQUE_102449529,,False,5,1,non-repeat
1724,103792053,UNIQUE_103792053,,False,5,1,non-repeat
1725,102291499,UNIQUE_102291499,,False,2,1,non-repeat
1726,103792046,RG_0064,RG_0064,True,1,2,Level 3 - possible repeat
1727,103792038,UNIQUE_103792038,,False,4,1,non-repeat
1728,100931742,UNIQUE_100931742,,False,4,1,non-repeat
1729,103792030,UNIQUE_103792030,,False,4,1,non-repeat
1730,103123118,UNIQUE_103123118,,False,5,1,non-repeat
1731,102333874,UNIQUE_102333874,,False,2,1,non-repeat
1732,102588405,UNIQUE_102588405,,False,3,1,non-repeat
1733,103485585,UNIQUE_103485585,,False,5,1,non-repeat
1734,102079455,UNIQUE_102079455,,False,4,1,non-repeat
1735,103695799,UNIQUE_103695799,,False,5,1,non-repeat
1736,103464729,UNIQUE_103464729,,False,2,1,non-repeat
1737,100445237,UNIQUE_100445237,,False,1,1,non-repeat
1738,102822588,UNIQUE_102822588,,False,1,1,non-repeat
1739,103791797,UNIQUE_103791797,,False,4,1,non-repeat
1740,103412167,UNIQUE_103412167,,False,1,1,non-repeat
1741,103791934,RG_0029,RG_0029,True,4,3,Level 3 - possible repeat
1742,92713426,UNIQUE_92713426,,False,1,1,non-repeat
1743,103791779,RG_0098,RG_0098,True,4,2,Level 3 - possible repeat
1744,103791777,UNIQUE_103791777,,False,4,1,non-repeat
1745,103791776,RG_0116,RG_0116,True,3,2,Level 3 - possible repeat
1746,103791765,UNIQUE_103791765,,False,2,1,non-repeat
1747,103791750,UNIQUE_103791750,,False,3,1,non-repeat
1748,102893752,UNIQUE_102893752,,False,2,1,non-repeat
1749,103791793,UNIQUE_103791793,,False,5,1,non-repeat
1750,103461517,UNIQUE_103461517,,False,4,1,non-repeat
1751,95030334,UNIQUE_95030334,,False,5,1,non-repeat
1752,85487683,UNIQUE_85487683,,False,2,1,non-repeat
1753,103628532,UNIQUE_103628532,,False,1,1,non-repeat
1754,103791874,UNIQUE_103791874,,False,5,1,non-repeat
1755,92003273,UNIQUE_92003273,,False,3,1,non-repeat
1756,103791709,UNIQUE_103791709,,False,4,1,non-repeat
1757,103791707,UNIQUE_103791707,,False,4,1,non-repeat
1758,103791734,UNIQUE_103791734,,False,2,1,non-repeat
1759,103791869,UNIQUE_103791869,,False,2,1,non-repeat
1760,103740800,UNIQUE_103740800,,False,4,1,non-repeat
1761,103791864,UNIQUE_103791864,,False,5,1,non-repeat
1762,103791854,UNIQUE_103791854,,False,5,1,non-repeat
1763,103791845,UNIQUE_103791845,,False,5,1,non-repeat
1764,102754696,UNIQUE_102754696,,False,5,1,non-repeat
1765,103791818,UNIQUE_103791818,,False,4,1,non-repeat
1766,103347573,UNIQUE_103347573,,False,4,1,non-repeat
1767,102588406,UNIQUE_102588406,,False,2,1,non-repeat
1768,101652348,UNIQUE_101652348,,False,3,1,non-repeat
1769,103791808,UNIQUE_103791808,,False,5,1,non-repeat
1770,103621456,UNIQUE_103621456,,False,2,1,non-repeat
1771,103791562,UNIQUE_103791562,,False,3,1,non-repeat
1772,102968238,UNIQUE_102968238,,False,3,1,non-repeat
1773,103634450,UNIQUE_103634450,,False,2,1,non-repeat
1774,101975367,UNIQUE_101975367,,False,3,1,non-repeat
1775,103791691,UNIQUE_103791691,,False,4,1,non-repeat
1776,97456389,UNIQUE_97456389,,False,4,1,non-repeat
1777,103791681,UNIQUE_103791681,,False,3,1,non-repeat
1778,102835208,UNIQUE_102835208,,False,3,1,non-repeat
1779,100723840,UNIQUE_100723840,,False,5,1,non-repeat
1780,99785850,UNIQUE_99785850,,False,2,1,non-repeat
1781,102383904,UNIQUE_102383904,,False,4,1,non-repeat
1782,102906044,UNIQUE_102906044,,False,2,1,non-repeat
1783,103791668,UNIQUE_103791668,,False,1,1,non-repeat
1784,103791666,UNIQUE_103791666,,False,4,1,non-repeat
1785,101830324,UNIQUE_101830324,,False,2,1,non-repeat
1786,103791661,UNIQUE_103791661,,False,2,1,non-repeat
1787,103791654,UNIQUE_103791654,,False,1,1,non-repeat
1788,103071710,UNIQUE_103071710,,False,5,1,non-repeat
1789,103791652,RG_0063,RG_0063,True,4,2,Level 3 - possible repeat
1790,101278339,UNIQUE_101278339,,False,3,1,non-repeat
1791,103791635,UNIQUE_103791635,,False,2,1,non-repeat
1792,103694365,UNIQUE_103694365,,False,2,1,non-repeat
1793,103791396,UNIQUE_103791396,,False,5,1,non-repeat
1794,103791624,UNIQUE_103791624,,False,4,1,non-repeat
1795,86318472,UNIQUE_86318472,,False,2,1,non-repeat
1796,103538407,UNIQUE_103538407,,False,1,1,non-repeat
1797,102681253,UNIQUE_102681253,,False,1,1,non-repeat
1798,103068119,UNIQUE_103068119,,False,1,1,non-repeat
1799,103791594,UNIQUE_103791594,,False,4,1,non-repeat
1800,103791592,UNIQUE_103791592,,False,4,1,non-repeat
1801,102587559,UNIQUE_102587559,,False,4,1,non-repeat
1802,102302792,UNIQUE_102302792,,False,3,1,non-repeat
1803,103427019,UNIQUE_103427019,,False,5,1,non-repeat
1804,103713277,UNIQUE_103713277,,False,4,1,non-repeat
1805,102164246,UNIQUE_102164246,,False,3,1,non-repeat
1806,102958432,UNIQUE_102958432,,False,3,1,non-repeat
1807,103770527,UNIQUE_103770527,,False,5,1,non-repeat
1808,99320652,UNIQUE_99320652,,False,3,1,non-repeat
1809,101888749,UNIQUE_101888749,,False,2,1,non-repeat
1810,92817548,UNIQUE_92817548,,False,2,1,non-repeat
1811,101889227,UNIQUE_101889227,,False,3,1,non-repeat
1812,103214657,UNIQUE_103214657,,False,3,1,non-repeat
1813,103791374,UNIQUE_103791374,,False,1,1,non-repeat
1814,103689427,UNIQUE_103689427,,False,2,1,non-repeat
1815,101187396,UNIQUE_101187396,,False,5,1,non-repeat
1816,103791353,UNIQUE_103791353,,False,1,1,non-repeat
1817,103791198,UNIQUE_103791198,,False,4,1,non-repeat
1818,102348665,UNIQUE_102348665,,False,5,1,non-repeat
1819,103791217,UNIQUE_103791217,,False,5,1,non-repeat
1820,103791338,UNIQUE_103791338,,False,3,1,non-repeat
1821,103150150,UNIQUE_103150150,,False,5,1,non-repeat
1822,102988049,RG_0138,RG_0138,True,4,2,Level 3 - possible repeat
1823,101987861,UNIQUE_101987861,,False,3,1,non-repeat
1824,103791160,RG_0136,RG_0136,True,2,2,Level 1 - exact duplicate
1825,103791154,UNIQUE_103791154,,False,2,1,non-repeat
1826,103791129,UNIQUE_103791129,,False,3,1,non-repeat
1827,102768584,UNIQUE_102768584,,False,4,1,non-repeat
1828,102568234,UNIQUE_102568234,,False,3,1,non-repeat
1829,103791297,UNIQUE_103791297,,False,1,1,non-repeat
1830,103791296,RG_0079,RG_0079,True,3,2,Level 3 - possible repeat
1831,103791288,UNIQUE_103791288,,False,5,1,non-repeat
1832,103791287,UNIQUE_103791287,,False,1,1,non-repeat
1833,102900624,RG_0139,RG_0139,True,4,2,Level 3 - possible repeat
1834,102900042,UNIQUE_102900042,,False,5,1,non-repeat
1835,102900034,UNIQUE_102900034,,False,2,1,non-repeat
1836,101531112,UNIQUE_101531112,,False,1,1,non-repeat
1837,103791271,UNIQUE_103791271,,False,5,1,non-repeat
1838,101513680,UNIQUE_101513680,,False,5,1,non-repeat
1839,103253282,UNIQUE_103253282,,False,1,1,non-repeat
1840,103331391,UNIQUE_103331391,,False,5,1,non-repeat
1841,103791254,UNIQUE_103791254,,False,4,1,non-repeat
1842,99060601,UNIQUE_99060601,,False,3,1,non-repeat
1843,103302624,UNIQUE_103302624,,False,1,1,non-repeat
1844,99062291,UNIQUE_99062291,,False,2,1,non-repeat
1845,101645655,UNIQUE_101645655,,False,5,1,non-repeat
1846,101645678,RG_0140,RG_0140,True,1,2,Level 3 - possible repeat
1847,101848068,UNIQUE_101848068,,False,1,1,non-repeat
1848,101645434,RG_0140,RG_0140,True,1,2,Level 3 - possible repeat
1849,101984721,RG_0139,RG_0139,True,4,2,Level 3 - possible repeat
1850,101984712,UNIQUE_101984712,,False,5,1,non-repeat
1851,100701657,UNIQUE_100701657,,False,1,1,non-repeat
1852,101816977,UNIQUE_101816977,,False,5,1,non-repeat
1853,101984714,UNIQUE_101984714,,False,2,1,non-repeat
1854,101862249,UNIQUE_101862249,,False,2,1,non-repeat
1855,101862370,UNIQUE_101862370,,False,1,1,non-repeat
1856,103354341,UNIQUE_103354341,,False,2,1,non-repeat
1857,102186273,UNIQUE_102186273,,False,4,1,non-repeat
1858,103638368,UNIQUE_103638368,,False,5,1,non-repeat
1859,103638367,UNIQUE_103638367,,False,3,1,non-repeat
1860,103436724,UNIQUE_103436724,,False,3,1,non-repeat
1861,103790822,UNIQUE_103790822,,False,5,1,non-repeat
1862,103790789,UNIQUE_103790789,,False,4,1,non-repeat
1863,103791025,UNIQUE_103791025,,False,2,1,non-repeat
1864,103790673,UNIQUE_103790673,,False,5,1,non-repeat
1865,103790703,UNIQUE_103790703,,False,5,1,non-repeat
1866,103790693,UNIQUE_103790693,,False,3,1,non-repeat
1867,103790692,UNIQUE_103790692,,False,2,1,non-repeat
1868,103372856,UNIQUE_103372856,,False,5,1,non-repeat
1869,102783369,UNIQUE_102783369,,False,4,1,non-repeat
1870,103790933,UNIQUE_103790933,,False,4,1,non-repeat
1871,100598613,UNIQUE_100598613,,False,2,1,non-repeat
1872,103316101,UNIQUE_103316101,,False,3,1,non-repeat
1873,103314204,UNIQUE_103314204,,False,3,1,non-repeat
1874,102987584,UNIQUE_102987584,,False,3,1,non-repeat
1875,103399608,UNIQUE_103399608,,False,2,1,non-repeat
1876,103628756,UNIQUE_103628756,,False,4,1,non-repeat
1877,99053367,UNIQUE_99053367,,False,2,1,non-repeat
1878,103470204,UNIQUE_103470204,,False,3,1,non-repeat
1879,103245262,RG_0141,RG_0141,True,2,2,Level 1 - exact duplicate
1880,103245254,RG_0141,RG_0141,True,2,2,Level 1 - exact duplicate
1881,102285926,UNIQUE_102285926,,False,4,1,non-repeat
1882,103790238,RG_0142,RG_0142,True,1,2,Level 3 - possible repeat
1883,103790324,UNIQUE_103790324,,False,3,1,non-repeat
1884,103790302,UNIQUE_103790302,,False,5,1,non-repeat
1885,102549734,UNIQUE_102549734,,False,1,1,non-repeat
1886,103790563,UNIQUE_103790563,,False,2,1,non-repeat
1887,103790558,UNIQUE_103790558,,False,4,1,non-repeat
1888,103758671,RG_0143,RG_0143,True,3,3,Level 1 - exact duplicate
1889,103790549,UNIQUE_103790549,,False,4,1,non-repeat
1890,103790546,UNIQUE_103790546,,False,2,1,non-repeat
1891,102894595,UNIQUE_102894595,,False,5,1,non-repeat
1892,103790522,UNIQUE_103790522,,False,3,1,non-repeat
1893,103790119,RG_0142,RG_0142,True,1,2,Level 3 - possible repeat
1894,99371865,UNIQUE_99371865,,False,4,1,non-repeat
1895,101589350,UNIQUE_101589350,,False,1,1,non-repeat
1896,102669171,UNIQUE_102669171,,False,2,1,non-repeat
1897,102483884,UNIQUE_102483884,,False,5,1,non-repeat
1898,101812621,UNIQUE_101812621,,False,1,1,non-repeat
1899,103471564,UNIQUE_103471564,,False,5,1,non-repeat
1900,103583113,UNIQUE_103583113,,False,1,1,non-repeat
1901,103075737,UNIQUE_103075737,,False,1,1,non-repeat
1902,103790452,UNIQUE_103790452,,False,2,1,non-repeat
1903,103790400,UNIQUE_103790400,,False,1,1,non-repeat
1904,103655710,UNIQUE_103655710,,False,2,1,non-repeat
1905,100892637,UNIQUE_100892637,,False,1,1,non-repeat
1906,103789800,UNIQUE_103789800,,False,3,1,non-repeat
1907,103789773,UNIQUE_103789773,,False,1,1,non-repeat
1908,103245282,UNIQUE_103245282,,False,1,1,non-repeat
1909,92973147,UNIQUE_92973147,,False,1,1,non-repeat
1910,103790073,UNIQUE_103790073,,False,5,1,non-repeat
1911,103789731,RG_0101,RG_0101,True,2,3,Level 3 - possible repeat
1912,103789713,UNIQUE_103789713,,False,4,1,non-repeat
1913,103790053,UNIQUE_103790053,,False,2,1,non-repeat
1914,103790048,UNIQUE_103790048,,False,4,1,non-repeat
1915,103763890,UNIQUE_103763890,,False,2,1,non-repeat
1916,103596327,UNIQUE_103596327,,False,1,1,non-repeat
1917,103553140,UNIQUE_103553140,,False,4,1,non-repeat
1918,103790037,UNIQUE_103790037,,False,1,1,non-repeat
1919,103790035,UNIQUE_103790035,,False,2,1,non-repeat
1920,103790031,RG_0144,RG_0144,True,5,3,Level 2 - strong repeat
1921,103790007,UNIQUE_103790007,,False,5,1,non-repeat
1922,96882028,UNIQUE_96882028,,False,1,1,non-repeat
1923,102385914,UNIQUE_102385914,,False,1,1,non-repeat
1924,103758407,RG_0143,RG_0143,True,3,3,Level 1 - exact duplicate
1925,103758389,RG_0143,RG_0143,True,3,3,Level 1 - exact duplicate
1926,103789952,UNIQUE_103789952,,False,2,1,non-repeat
1927,103150689,UNIQUE_103150689,,False,5,1,non-repeat
1928,103168254,UNIQUE_103168254,,False,2,1,non-repeat
1929,103727540,UNIQUE_103727540,,False,4,1,non-repeat
1930,101949261,UNIQUE_101949261,,False,3,1,non-repeat
1931,103789538,UNIQUE_103789538,,False,1,1,non-repeat
1932,103789652,UNIQUE_103789652,,False,2,1,non-repeat
1933,103789637,UNIQUE_103789637,,False,2,1,non-repeat
1934,103758821,UNIQUE_103758821,,False,2,1,non-repeat
1935,103432650,UNIQUE_103432650,,False,4,1,non-repeat
1936,103789831,UNIQUE_103789831,,False,1,1,non-repeat
1937,103789826,UNIQUE_103789826,,False,1,1,non-repeat
1938,89599240,UNIQUE_89599240,,False,5,1,non-repeat
1939,103538513,RG_0145,RG_0145,True,1,2,Level 1 - exact duplicate
1940,103539417,UNIQUE_103539417,,False,4,1,non-repeat
1941,103245243,UNIQUE_103245243,,False,2,1,non-repeat
1942,101035073,UNIQUE_101035073,,False,5,1,non-repeat
1943,100415483,UNIQUE_100415483,,False,3,1,non-repeat
1944,103789152,UNIQUE_103789152,,False,3,1,non-repeat
1945,103789147,UNIQUE_103789147,,False,1,1,non-repeat
1946,103789209,UNIQUE_103789209,,False,4,1,non-repeat
1947,103789186,UNIQUE_103789186,,False,3,1,non-repeat
1948,103789206,UNIQUE_103789206,,False,2,1,non-repeat
1949,103464196,UNIQUE_103464196,,False,4,1,non-repeat
1950,102767028,UNIQUE_102767028,,False,1,1,non-repeat
1951,103789461,UNIQUE_103789461,,False,3,1,non-repeat
1952,103789458,UNIQUE_103789458,,False,4,1,non-repeat
1953,103789445,UNIQUE_103789445,,False,4,1,non-repeat
1954,101709577,UNIQUE_101709577,,False,2,1,non-repeat
1955,102652094,RG_0146,RG_0146,True,3,2,Level 3 - possible repeat
1956,103650886,UNIQUE_103650886,,False,1,1,non-repeat
1957,102652195,RG_0146,RG_0146,True,3,2,Level 3 - possible repeat
1958,102703970,UNIQUE_102703970,,False,1,1,non-repeat
1959,103650466,UNIQUE_103650466,,False,2,1,non-repeat
1960,103607257,UNIQUE_103607257,,False,4,1,non-repeat
1961,103789368,UNIQUE_103789368,,False,3,1,non-repeat
1962,103789133,UNIQUE_103789133,,False,2,1,non-repeat
1963,103789131,UNIQUE_103789131,,False,3,1,non-repeat
1964,103789126,UNIQUE_103789126,,False,5,1,non-repeat
1965,103789081,UNIQUE_103789081,,False,3,1,non-repeat
1966,102017052,UNIQUE_102017052,,False,5,1,non-repeat
1967,103563900,UNIQUE_103563900,,False,3,1,non-repeat
1968,103789354,UNIQUE_103789354,,False,5,1,non-repeat
1969,103238106,UNIQUE_103238106,,False,1,1,non-repeat
1970,103284346,UNIQUE_103284346,,False,1,1,non-repeat
1971,103676953,UNIQUE_103676953,,False,2,1,non-repeat
1972,103789305,RG_0085,RG_0085,True,3,2,Level 3 - possible repeat
1973,101939273,UNIQUE_101939273,,False,5,1,non-repeat
1974,102195277,UNIQUE_102195277,,False,4,1,non-repeat
1975,103351787,UNIQUE_103351787,,False,1,1,non-repeat
1976,102859147,UNIQUE_102859147,,False,3,1,non-repeat
1977,102893179,UNIQUE_102893179,,False,5,1,non-repeat
1978,102675888,UNIQUE_102675888,,False,2,1,non-repeat
1979,102892159,UNIQUE_102892159,,False,2,1,non-repeat
1980,101358543,UNIQUE_101358543,,False,4,1,non-repeat
1981,103330589,UNIQUE_103330589,,False,2,1,non-repeat
1982,103740398,UNIQUE_103740398,,False,4,1,non-repeat
1983,103492444,RG_0147,RG_0147,True,5,2,Level 3 - possible repeat
1984,103588026,RG_0148,RG_0148,True,4,2,Level 3 - possible repeat
1985,103607557,UNIQUE_103607557,,False,2,1,non-repeat
1986,103607231,RG_0148,RG_0148,True,4,2,Level 3 - possible repeat
1987,103166641,UNIQUE_103166641,,False,4,1,non-repeat
1988,100689905,UNIQUE_100689905,,False,4,1,non-repeat
1989,103788735,UNIQUE_103788735,,False,4,1,non-repeat
1990,103245294,UNIQUE_103245294,,False,1,1,non-repeat
1991,103245290,UNIQUE_103245290,,False,2,1,non-repeat
1992,103245248,UNIQUE_103245248,,False,5,1,non-repeat
1993,102166064,UNIQUE_102166064,,False,2,1,non-repeat
1994,103789019,UNIQUE_103789019,,False,3,1,non-repeat
1995,103788715,RG_0101,RG_0101,True,2,3,Level 3 - possible repeat
1996,103788669,UNIQUE_103788669,,False,2,1,non-repeat
1997,103788667,UNIQUE_103788667,,False,2,1,non-repeat
1998,102306156,UNIQUE_102306156,,False,1,1,non-repeat
1999,102777832,UNIQUE_102777832,,False,4,1,non-repeat
2000,103503962,UNIQUE_103503962,,False,5,1,non-repeat
2001,103788989,UNIQUE_103788989,,False,4,1,non-repeat
2002,103788963,UNIQUE_103788963,,False,4,1,non-repeat
2003,102775286,UNIQUE_102775286,,False,5,1,non-repeat
2004,102374471,UNIQUE_102374471,,False,4,1,non-repeat
2005,102669178,UNIQUE_102669178,,False,4,1,non-repeat
2006,102637377,UNIQUE_102637377,,False,4,1,non-repeat
2007,103788576,UNIQUE_103788576,,False,2,1,non-repeat
2008,103788623,UNIQUE_103788623,,False,1,1,non-repeat
2009,103788603,UNIQUE_103788603,,False,3,1,non-repeat
2010,103788586,UNIQUE_103788586,,False,5,1,non-repeat
2011,103788585,UNIQUE_103788585,,False,1,1,non-repeat
2012,103788578,UNIQUE_103788578,,False,1,1,non-repeat
2013,103053414,UNIQUE_103053414,,False,4,1,non-repeat
2014,103541232,RG_0105,RG_0105,True,2,2,Level 3 - possible repeat
2015,103180566,RG_0149,RG_0149,True,4,2,Level 3 - possible repeat
2016,103788824,UNIQUE_103788824,,False,2,1,non-repeat
2017,92879606,UNIQUE_92879606,,False,4,1,non-repeat
2018,100793120,UNIQUE_100793120,,False,5,1,non-repeat
2019,99499203,UNIQUE_99499203,,False,1,1,non-repeat
2020,103788782,UNIQUE_103788782,,False,2,1,non-repeat
2021,103356300,UNIQUE_103356300,,False,2,1,non-repeat
2022,103667621,UNIQUE_103667621,,False,5,1,non-repeat
2023,102340257,UNIQUE_102340257,,False,1,1,non-repeat
2024,103667407,UNIQUE_103667407,,False,3,1,non-repeat
2025,103623086,RG_0150,RG_0150,True,1,2,Level 3 - possible repeat
2026,103685469,UNIQUE_103685469,,False,5,1,non-repeat
2027,103623103,UNIQUE_103623103,,False,5,1,non-repeat
2028,99722795,UNIQUE_99722795,,False,2,1,non-repeat
2029,103705347,UNIQUE_103705347,,False,3,1,non-repeat
2030,103609749,UNIQUE_103609749,,False,2,1,non-repeat
2031,103607338,UNIQUE_103607338,,False,4,1,non-repeat
2032,103407021,RG_0145,RG_0145,True,1,2,Level 1 - exact duplicate
2033,103081577,UNIQUE_103081577,,False,3,1,non-repeat
2034,83436537,UNIQUE_83436537,,False,4,1,non-repeat
2035,101679663,UNIQUE_101679663,,False,5,1,non-repeat
2036,103245273,UNIQUE_103245273,,False,5,1,non-repeat
2037,103667507,UNIQUE_103667507,,False,3,1,non-repeat
2038,103734054,UNIQUE_103734054,,False,3,1,non-repeat
2039,103530951,UNIQUE_103530951,,False,1,1,non-repeat
2040,103788568,UNIQUE_103788568,,False,2,1,non-repeat
2041,103788556,UNIQUE_103788556,,False,5,1,non-repeat
2042,103788322,UNIQUE_103788322,,False,4,1,non-repeat
2043,84424120,UNIQUE_84424120,,False,5,1,non-repeat
2044,96414936,UNIQUE_96414936,,False,4,1,non-repeat
2045,99182683,UNIQUE_99182683,,False,2,1,non-repeat
2046,103678086,RG_0151,RG_0151,True,3,2,Level 3 - possible repeat
2047,70608951,UNIQUE_70608951,,False,2,1,non-repeat
2048,103563753,UNIQUE_103563753,,False,1,1,non-repeat
2049,103788256,UNIQUE_103788256,,False,3,1,non-repeat
2050,103788229,UNIQUE_103788229,,False,4,1,non-repeat
2051,103788197,UNIQUE_103788197,,False,1,1,non-repeat
2052,103788265,UNIQUE_103788265,,False,3,1,non-repeat
2053,103788426,UNIQUE_103788426,,False,3,1,non-repeat
2054,103769441,UNIQUE_103769441,,False,5,1,non-repeat
2055,102229930,RG_0152,RG_0152,True,3,2,Level 1 - exact duplicate
2056,102999030,RG_0153,RG_0153,True,1,2,Level 3 - possible repeat
2057,103788395,UNIQUE_103788395,,False,1,1,non-repeat
2058,97763928,UNIQUE_97763928,,False,5,1,non-repeat
2059,102868863,UNIQUE_102868863,,False,1,1,non-repeat
2060,102639901,UNIQUE_102639901,,False,1,1,non-repeat
2061,102002964,UNIQUE_102002964,,False,4,1,non-repeat
2062,101812262,UNIQUE_101812262,,False,3,1,non-repeat
2063,103154163,UNIQUE_103154163,,False,3,1,non-repeat
2064,103154309,UNIQUE_103154309,,False,3,1,non-repeat
2065,99723027,UNIQUE_99723027,,False,1,1,non-repeat
2066,99777697,UNIQUE_99777697,,False,3,1,non-repeat
2067,103667717,RG_0154,RG_0154,True,5,2,Level 3 - possible repeat
2068,103788225,UNIQUE_103788225,,False,2,1,non-repeat
2069,103788204,UNIQUE_103788204,,False,4,1,non-repeat
2070,103354877,UNIQUE_103354877,,False,2,1,non-repeat
2071,103667837,UNIQUE_103667837,,False,4,1,non-repeat
2072,103788140,UNIQUE_103788140,,False,5,1,non-repeat
2073,103787955,UNIQUE_103787955,,False,5,1,non-repeat
2074,102890747,UNIQUE_102890747,,False,4,1,non-repeat
2075,102879224,UNIQUE_102879224,,False,1,1,non-repeat
2076,101211243,UNIQUE_101211243,,False,2,1,non-repeat
2077,103787933,RG_0155,RG_0155,True,5,2,Level 3 - possible repeat
2078,103787934,RG_0132,RG_0132,True,4,2,Level 3 - possible repeat
2079,103787881,UNIQUE_103787881,,False,5,1,non-repeat
2080,103788136,UNIQUE_103788136,,False,1,1,non-repeat
2081,103788132,UNIQUE_103788132,,False,2,1,non-repeat
2082,103034296,UNIQUE_103034296,,False,4,1,non-repeat
2083,95393056,UNIQUE_95393056,,False,1,1,non-repeat
2084,103788111,UNIQUE_103788111,,False,3,1,non-repeat
2085,103788105,UNIQUE_103788105,,False,1,1,non-repeat
2086,103236815,UNIQUE_103236815,,False,3,1,non-repeat
2087,103126346,UNIQUE_103126346,,False,4,1,non-repeat
2088,103788096,UNIQUE_103788096,,False,2,1,non-repeat
2089,103455771,UNIQUE_103455771,,False,3,1,non-repeat
2090,103787784,UNIQUE_103787784,,False,1,1,non-repeat
2091,103787847,UNIQUE_103787847,,False,1,1,non-repeat
2092,100962748,UNIQUE_100962748,,False,2,1,non-repeat
2093,102418400,UNIQUE_102418400,,False,2,1,non-repeat
2094,102539397,UNIQUE_102539397,,False,4,1,non-repeat
2095,103788022,UNIQUE_103788022,,False,4,1,non-repeat
2096,103787993,UNIQUE_103787993,,False,2,1,non-repeat
2097,103510005,UNIQUE_103510005,,False,5,1,non-repeat
2098,102909602,UNIQUE_102909602,,False,5,1,non-repeat
2099,101504251,UNIQUE_101504251,,False,3,1,non-repeat
2100,99675850,UNIQUE_99675850,,False,5,1,non-repeat
2101,102912430,UNIQUE_102912430,,False,2,1,non-repeat
2102,102908044,UNIQUE_102908044,,False,3,1,non-repeat
2103,103648431,UNIQUE_103648431,,False,3,1,non-repeat
2104,103764321,UNIQUE_103764321,,False,2,1,non-repeat
2105,103658024,UNIQUE_103658024,,False,1,1,non-repeat
2106,103787759,UNIQUE_103787759,,False,5,1,non-repeat
2107,103658277,UNIQUE_103658277,,False,5,1,non-repeat
2108,103040544,UNIQUE_103040544,,False,3,1,non-repeat
2109,102663507,RG_0156,RG_0156,True,3,2,Level 3 - possible repeat
2110,103584208,UNIQUE_103584208,,False,4,1,non-repeat
2111,103787706,UNIQUE_103787706,,False,5,1,non-repeat
2112,103324053,UNIQUE_103324053,,False,4,1,non-repeat
2113,103787523,UNIQUE_103787523,,False,2,1,non-repeat
2114,99459620,UNIQUE_99459620,,False,2,1,non-repeat
2115,103787528,UNIQUE_103787528,,False,2,1,non-repeat
2116,103787678,UNIQUE_103787678,,False,3,1,non-repeat
2117,103787670,UNIQUE_103787670,,False,3,1,non-repeat
2118,103787668,UNIQUE_103787668,,False,2,1,non-repeat
2119,103787665,RG_0151,RG_0151,True,3,2,Level 3 - possible repeat
2120,97609039,UNIQUE_97609039,,False,5,1,non-repeat
2121,103493595,RG_0157,RG_0157,True,3,3,Level 2 - strong repeat
2122,103190155,RG_0157,RG_0157,True,3,3,Level 2 - strong repeat
2123,103458653,RG_0158,RG_0158,True,1,2,Level 3 - possible repeat
2124,103764080,UNIQUE_103764080,,False,3,1,non-repeat
2125,103787583,UNIQUE_103787583,,False,4,1,non-repeat
2126,101873761,UNIQUE_101873761,,False,4,1,non-repeat
2127,103746823,UNIQUE_103746823,,False,1,1,non-repeat
2128,102493262,UNIQUE_102493262,,False,1,1,non-repeat
2129,103787563,UNIQUE_103787563,,False,3,1,non-repeat
2130,101354752,UNIQUE_101354752,,False,2,1,non-repeat
2131,102871873,UNIQUE_102871873,,False,5,1,non-repeat
2132,93896616,UNIQUE_93896616,,False,2,1,non-repeat
2133,103787256,UNIQUE_103787256,,False,4,1,non-repeat
2134,103787259,UNIQUE_103787259,,False,3,1,non-repeat
2135,102663512,UNIQUE_102663512,,False,4,1,non-repeat
2136,102895298,UNIQUE_102895298,,False,3,1,non-repeat
2137,102758185,UNIQUE_102758185,,False,3,1,non-repeat
2138,103787448,RG_0034,RG_0034,True,1,2,Level 3 - possible repeat
2139,103787431,UNIQUE_103787431,,False,5,1,non-repeat
2140,103090089,UNIQUE_103090089,,False,5,1,non-repeat
2141,103787196,UNIQUE_103787196,,False,3,1,non-repeat
2142,93588831,RG_0058,RG_0058,True,2,2,Level 3 - possible repeat
2143,102583072,UNIQUE_102583072,,False,1,1,non-repeat
2144,103347769,UNIQUE_103347769,,False,1,1,non-repeat
2145,103373098,RG_0007,RG_0007,True,3,2,Level 3 - possible repeat
2146,102371463,RG_0045,RG_0045,True,1,3,Level 2 - strong repeat
2147,103654889,UNIQUE_103654889,,False,1,1,non-repeat
2148,100275485,UNIQUE_100275485,,False,1,1,non-repeat
2149,102810009,UNIQUE_102810009,,False,4,1,non-repeat
2150,103691693,UNIQUE_103691693,,False,1,1,non-repeat
2151,103659143,UNIQUE_103659143,,False,3,1,non-repeat
2152,103087781,UNIQUE_103087781,,False,3,1,non-repeat
2153,103345170,UNIQUE_103345170,,False,3,1,non-repeat
2154,103306018,UNIQUE_103306018,,False,2,1,non-repeat
2155,102967087,UNIQUE_102967087,,False,3,1,non-repeat
2156,100452079,UNIQUE_100452079,,False,3,1,non-repeat
2157,103787178,UNIQUE_103787178,,False,3,1,non-repeat
2158,103786973,UNIQUE_103786973,,False,4,1,non-repeat
2159,103786969,UNIQUE_103786969,,False,3,1,non-repeat
2160,103446635,RG_0159,RG_0159,True,3,2,Level 1 - exact duplicate
2161,103787097,UNIQUE_103787097,,False,1,1,non-repeat
2162,103672953,RG_0041,RG_0041,True,4,2,Level 3 - possible repeat
2163,103541498,UNIQUE_103541498,,False,5,1,non-repeat
2164,103287850,UNIQUE_103287850,,False,4,1,non-repeat
2165,103499703,RG_0160,RG_0160,True,3,2,Level 3 - possible repeat
2166,103787076,UNIQUE_103787076,,False,5,1,non-repeat
2167,103787045,UNIQUE_103787045,,False,1,1,non-repeat
2168,103787036,UNIQUE_103787036,,False,2,1,non-repeat
2169,103787028,UNIQUE_103787028,,False,3,1,non-repeat
2170,103787016,UNIQUE_103787016,,False,3,1,non-repeat
2171,103786966,UNIQUE_103786966,,False,4,1,non-repeat
2172,101758761,RG_0131,RG_0131,True,5,2,Level 3 - possible repeat
2173,103458367,UNIQUE_103458367,,False,3,1,non-repeat
2174,103786925,UNIQUE_103786925,,False,1,1,non-repeat
2175,103786920,UNIQUE_103786920,,False,4,1,non-repeat
2176,103786675,UNIQUE_103786675,,False,4,1,non-repeat
2177,103786662,UNIQUE_103786662,,False,4,1,non-repeat
2178,103786672,UNIQUE_103786672,,False,4,1,non-repeat
2179,103786671,UNIQUE_103786671,,False,2,1,non-repeat
2180,103786670,UNIQUE_103786670,,False,1,1,non-repeat
2181,103451491,UNIQUE_103451491,,False,3,1,non-repeat
2182,101803628,UNIQUE_101803628,,False,3,1,non-repeat
2183,102961888,UNIQUE_102961888,,False,3,1,non-repeat
2184,102885470,UNIQUE_102885470,,False,5,1,non-repeat
2185,103786624,UNIQUE_103786624,,False,2,1,non-repeat
2186,88501611,UNIQUE_88501611,,False,3,1,non-repeat
2187,103646394,UNIQUE_103646394,,False,2,1,non-repeat
2188,75039171,UNIQUE_75039171,,False,2,1,non-repeat
2189,97939158,UNIQUE_97939158,,False,4,1,non-repeat
2190,97939462,UNIQUE_97939462,,False,2,1,non-repeat
2191,97919822,UNIQUE_97919822,,False,2,1,non-repeat
2192,101140834,UNIQUE_101140834,,False,5,1,non-repeat
2193,103470396,UNIQUE_103470396,,False,1,1,non-repeat
2194,103598354,UNIQUE_103598354,,False,2,1,non-repeat
2195,103470394,RG_0159,RG_0159,True,3,2,Level 1 - exact duplicate
2196,103470398,UNIQUE_103470398,,False,5,1,non-repeat
2197,102992651,UNIQUE_102992651,,False,5,1,non-repeat
2198,102826023,UNIQUE_102826023,,False,5,1,non-repeat
2199,103786760,RG_0161,RG_0161,True,5,2,Level 3 - possible repeat
2200,102914021,UNIQUE_102914021,,False,2,1,non-repeat
2201,103786756,RG_0162,RG_0162,True,5,2,Level 3 - possible repeat
2202,103786746,UNIQUE_103786746,,False,4,1,non-repeat
2203,103786720,UNIQUE_103786720,,False,1,1,non-repeat
2204,103786717,UNIQUE_103786717,,False,3,1,non-repeat
2205,102828617,UNIQUE_102828617,,False,4,1,non-repeat
2206,102314605,UNIQUE_102314605,,False,4,1,non-repeat
2207,101735701,UNIQUE_101735701,,False,2,1,non-repeat
2208,103697980,UNIQUE_103697980,,False,4,1,non-repeat
2209,103062987,UNIQUE_103062987,,False,4,1,non-repeat
2210,101727527,RG_0038,RG_0038,True,3,3,Level 3 - possible repeat
2211,101861252,UNIQUE_101861252,,False,3,1,non-repeat
2212,102990569,UNIQUE_102990569,,False,1,1,non-repeat
2213,102859385,UNIQUE_102859385,,False,2,1,non-repeat
2214,103403632,RG_0163,RG_0163,True,2,2,Level 3 - possible repeat
2215,103333082,UNIQUE_103333082,,False,4,1,non-repeat
2216,102832519,RG_0028,RG_0028,True,4,2,Level 3 - possible repeat
2217,102787620,UNIQUE_102787620,,False,4,1,non-repeat
2218,103193809,UNIQUE_103193809,,False,3,1,non-repeat
2219,103623673,UNIQUE_103623673,,False,3,1,non-repeat
2220,103390811,UNIQUE_103390811,,False,2,1,non-repeat
2221,103105470,UNIQUE_103105470,,False,1,1,non-repeat
2222,102664413,UNIQUE_102664413,,False,2,1,non-repeat
2223,102438966,UNIQUE_102438966,,False,3,1,non-repeat
2224,103224741,UNIQUE_103224741,,False,5,1,non-repeat
2225,103413004,UNIQUE_103413004,,False,5,1,non-repeat
2226,103531600,UNIQUE_103531600,,False,4,1,non-repeat
2227,98363803,UNIQUE_98363803,,False,3,1,non-repeat
2228,103238528,UNIQUE_103238528,,False,4,1,non-repeat
2229,102818177,UNIQUE_102818177,,False,1,1,non-repeat
2230,102884834,UNIQUE_102884834,,False,5,1,non-repeat
2231,97081855,UNIQUE_97081855,,False,1,1,non-repeat
2232,103662225,RG_0150,RG_0150,True,1,2,Level 3 - possible repeat
2233,103368024,UNIQUE_103368024,,False,1,1,non-repeat
2234,103633863,UNIQUE_103633863,,False,1,1,non-repeat
2235,90584487,UNIQUE_90584487,,False,2,1,non-repeat
2236,97389778,UNIQUE_97389778,,False,3,1,non-repeat
2237,103786362,UNIQUE_103786362,,False,1,1,non-repeat
2238,103786354,UNIQUE_103786354,,False,4,1,non-repeat
2239,103786348,UNIQUE_103786348,,False,5,1,non-repeat
2240,103786379,UNIQUE_103786379,,False,4,1,non-repeat
2241,103786364,UNIQUE_103786364,,False,3,1,non-repeat
2242,102905846,UNIQUE_102905846,,False,5,1,non-repeat
2243,103468045,UNIQUE_103468045,,False,5,1,non-repeat
2244,93320086,UNIQUE_93320086,,False,4,1,non-repeat
2245,103786505,UNIQUE_103786505,,False,1,1,non-repeat
2246,102251979,UNIQUE_102251979,,False,4,1,non-repeat
2247,98326903,UNIQUE_98326903,,False,3,1,non-repeat
2248,101246373,UNIQUE_101246373,,False,3,1,non-repeat
2249,102905088,UNIQUE_102905088,,False,3,1,non-repeat
2250,103786339,UNIQUE_103786339,,False,2,1,non-repeat
2251,103786338,UNIQUE_103786338,,False,1,1,non-repeat
2252,101926333,UNIQUE_101926333,,False,5,1,non-repeat
2253,100281667,UNIQUE_100281667,,False,1,1,non-repeat
2254,103357970,UNIQUE_103357970,,False,3,1,non-repeat
2255,103786434,UNIQUE_103786434,,False,1,1,non-repeat
2256,103786426,UNIQUE_103786426,,False,1,1,non-repeat
2257,102013192,UNIQUE_102013192,,False,4,1,non-repeat
2258,98891306,UNIQUE_98891306,,False,5,1,non-repeat
2259,103786320,UNIQUE_103786320,,False,5,1,non-repeat
2260,103786187,UNIQUE_103786187,,False,3,1,non-repeat
2261,103786208,UNIQUE_103786208,,False,5,1,non-repeat
2262,102804147,UNIQUE_102804147,,False,5,1,non-repeat
2263,103013824,UNIQUE_103013824,,False,3,1,non-repeat
2264,103545160,UNIQUE_103545160,,False,4,1,non-repeat
2265,103493135,UNIQUE_103493135,,False,4,1,non-repeat
2266,103347602,UNIQUE_103347602,,False,2,1,non-repeat
2267,103786266,UNIQUE_103786266,,False,5,1,non-repeat
2268,103786248,UNIQUE_103786248,,False,2,1,non-repeat
2269,103786245,UNIQUE_103786245,,False,2,1,non-repeat
2270,94044194,RG_0077,RG_0077,True,1,2,Level 1 - exact duplicate
2271,103786227,RG_0108,RG_0108,True,4,2,Level 3 - possible repeat
2272,100580305,UNIQUE_100580305,,False,1,1,non-repeat
2273,100227559,RG_0032,RG_0032,True,1,2,Level 3 - possible repeat
2274,103486413,UNIQUE_103486413,,False,3,1,non-repeat
2275,102777872,RG_0039,RG_0039,True,5,2,Level 3 - possible repeat
2276,102967413,UNIQUE_102967413,,False,3,1,non-repeat
2277,103786163,UNIQUE_103786163,,False,4,1,non-repeat
2278,103533002,UNIQUE_103533002,,False,5,1,non-repeat
2279,103634633,UNIQUE_103634633,,False,3,1,non-repeat
2280,102487439,UNIQUE_102487439,,False,5,1,non-repeat
2281,103742171,UNIQUE_103742171,,False,4,1,non-repeat
2282,101321043,UNIQUE_101321043,,False,3,1,non-repeat
2283,103694229,UNIQUE_103694229,,False,4,1,non-repeat
2284,103620338,UNIQUE_103620338,,False,2,1,non-repeat
2285,102551908,UNIQUE_102551908,,False,5,1,non-repeat
2286,102551985,UNIQUE_102551985,,False,5,1,non-repeat
2287,102900206,UNIQUE_102900206,,False,3,1,non-repeat
2288,103453544,UNIQUE_103453544,,False,2,1,non-repeat
2289,102906883,UNIQUE_102906883,,False,5,1,non-repeat
2290,97447033,UNIQUE_97447033,,False,4,1,non-repeat
2291,102909294,UNIQUE_102909294,,False,5,1,non-repeat
2292,102881293,UNIQUE_102881293,,False,4,1,non-repeat
2293,103786053,UNIQUE_103786053,,False,3,1,non-repeat
2294,101738928,UNIQUE_101738928,,False,2,1,non-repeat
2295,103411581,RG_0164,RG_0164,True,2,2,Level 3 - possible repeat
2296,103332473,UNIQUE_103332473,,False,2,1,non-repeat
2297,102984504,UNIQUE_102984504,,False,4,1,non-repeat
2298,103631940,RG_0010,RG_0010,True,4,4,Level 3 - possible repeat
2299,102440529,UNIQUE_102440529,,False,1,1,non-repeat
2300,103690965,UNIQUE_103690965,,False,5,1,non-repeat
2301,102726276,UNIQUE_102726276,,False,4,1,non-repeat
2302,103785996,RG_0018,RG_0018,True,1,2,Level 3 - possible repeat
2303,103785958,UNIQUE_103785958,,False,3,1,non-repeat
2304,103785948,UNIQUE_103785948,,False,2,1,non-repeat
2305,103785919,UNIQUE_103785919,,False,5,1,non-repeat
2306,103712858,UNIQUE_103712858,,False,1,1,non-repeat
2307,103633658,UNIQUE_103633658,,False,4,1,non-repeat
2308,102998319,UNIQUE_102998319,,False,2,1,non-repeat
2309,101003861,UNIQUE_101003861,,False,1,1,non-repeat
2310,92463126,UNIQUE_92463126,,False,2,1,non-repeat
2311,103785740,UNIQUE_103785740,,False,3,1,non-repeat
2312,103309896,UNIQUE_103309896,,False,3,1,non-repeat
2313,101928216,UNIQUE_101928216,,False,1,1,non-repeat
2314,102883575,UNIQUE_102883575,,False,5,1,non-repeat
2315,101785819,UNIQUE_101785819,,False,1,1,non-repeat
2316,103785827,UNIQUE_103785827,,False,5,1,non-repeat
2317,102937084,UNIQUE_102937084,,False,3,1,non-repeat
2318,102964752,UNIQUE_102964752,,False,4,1,non-repeat
2319,102725391,UNIQUE_102725391,,False,4,1,non-repeat
2320,102052545,UNIQUE_102052545,,False,5,1,non-repeat
2321,102917500,UNIQUE_102917500,,False,3,1,non-repeat
2322,103318000,UNIQUE_103318000,,False,5,1,non-repeat
2323,101967616,RG_0165,RG_0165,True,4,2,Level 3 - possible repeat
2324,103685223,UNIQUE_103685223,,False,5,1,non-repeat
2325,102725192,UNIQUE_102725192,,False,3,1,non-repeat
2326,103607063,UNIQUE_103607063,,False,3,1,non-repeat
2327,103468768,RG_0129,RG_0129,True,3,3,Level 3 - possible repeat
2328,102984559,UNIQUE_102984559,,False,3,1,non-repeat
2329,103053777,RG_0128,RG_0128,True,5,3,Level 3 - possible repeat
2330,102888198,UNIQUE_102888198,,False,5,1,non-repeat
2331,103785652,UNIQUE_103785652,,False,1,1,non-repeat
2332,103245356,RG_0135,RG_0135,True,1,2,Level 3 - possible repeat
2333,103356892,RG_0137,RG_0137,True,4,2,Level 3 - possible repeat
2334,100177679,UNIQUE_100177679,,False,3,1,non-repeat
2335,102434100,UNIQUE_102434100,,False,5,1,non-repeat
2336,103785761,UNIQUE_103785761,,False,5,1,non-repeat
2337,103785760,UNIQUE_103785760,,False,5,1,non-repeat
2338,103785759,UNIQUE_103785759,,False,4,1,non-repeat
2339,103785758,UNIQUE_103785758,,False,4,1,non-repeat
2340,102460506,UNIQUE_102460506,,False,4,1,non-repeat
2341,103779946,UNIQUE_103779946,,False,4,1,non-repeat
2342,103785752,UNIQUE_103785752,,False,1,1,non-repeat
2343,103785737,UNIQUE_103785737,,False,2,1,non-repeat
2344,101349330,UNIQUE_101349330,,False,1,1,non-repeat
2345,102679369,UNIQUE_102679369,,False,3,1,non-repeat
2346,99150727,UNIQUE_99150727,,False,3,1,non-repeat
2347,101997596,RG_0166,RG_0166,True,4,2,Level 3 - possible repeat
2348,103762576,UNIQUE_103762576,,False,2,1,non-repeat
2349,102427847,UNIQUE_102427847,,False,5,1,non-repeat
2350,103618862,RG_0038,RG_0038,True,3,3,Level 3 - possible repeat
2351,103693017,UNIQUE_103693017,,False,2,1,non-repeat
2352,102430264,UNIQUE_102430264,,False,4,1,non-repeat
2353,103606336,RG_0031,RG_0031,True,1,4,Level 3 - possible repeat
2354,101057846,UNIQUE_101057846,,False,4,1,non-repeat
2355,103785465,UNIQUE_103785465,,False,1,1,non-repeat
2356,103785461,UNIQUE_103785461,,False,5,1,non-repeat
2357,103785555,UNIQUE_103785555,,False,4,1,non-repeat
2358,103245284,RG_0123,RG_0123,True,5,3,Level 3 - possible repeat
2359,103070459,RG_0167,RG_0167,True,1,2,Level 3 - possible repeat
2360,102440656,RG_0167,RG_0167,True,1,2,Level 3 - possible repeat
2361,102434103,RG_0122,RG_0122,True,3,3,Level 3 - possible repeat
2362,103677615,UNIQUE_103677615,,False,1,1,non-repeat
2363,102982710,RG_0122,RG_0122,True,3,3,Level 3 - possible repeat
2364,102943672,UNIQUE_102943672,,False,4,1,non-repeat
2365,103228865,UNIQUE_103228865,,False,5,1,non-repeat
2366,103785517,UNIQUE_103785517,,False,1,1,non-repeat
2367,102545215,UNIQUE_102545215,,False,5,1,non-repeat
2368,102896432,UNIQUE_102896432,,False,1,1,non-repeat
2369,102908581,UNIQUE_102908581,,False,5,1,non-repeat
2370,103184872,UNIQUE_103184872,,False,3,1,non-repeat
2371,103403504,UNIQUE_103403504,,False,1,1,non-repeat
2372,103785444,RG_0168,RG_0168,True,4,2,Level 3 - possible repeat
2373,103785370,UNIQUE_103785370,,False,4,1,non-repeat
2374,103785363,UNIQUE_103785363,,False,2,1,non-repeat
2375,98796275,UNIQUE_98796275,,False,4,1,non-repeat
2376,102899522,UNIQUE_102899522,,False,2,1,non-repeat
2377,98797656,UNIQUE_98797656,,False,1,1,non-repeat
2378,103785433,UNIQUE_103785433,,False,4,1,non-repeat
2379,102694938,UNIQUE_102694938,,False,1,1,non-repeat
2380,100275393,UNIQUE_100275393,,False,4,1,non-repeat
2381,103785417,UNIQUE_103785417,,False,5,1,non-repeat
2382,103785353,UNIQUE_103785353,,False,2,1,non-repeat
2383,103785351,UNIQUE_103785351,,False,5,1,non-repeat
2384,101042108,RG_0107,RG_0107,True,4,2,Level 3 - possible repeat
2385,102433514,UNIQUE_102433514,,False,2,1,non-repeat
2386,103310232,RG_0123,RG_0123,True,5,3,Level 3 - possible repeat
2387,102434101,UNIQUE_102434101,,False,4,1,non-repeat
2388,103245325,RG_0124,RG_0124,True,2,3,Level 3 - possible repeat
2389,102330971,UNIQUE_102330971,,False,1,1,non-repeat
2390,103785384,UNIQUE_103785384,,False,1,1,non-repeat
2391,100950638,UNIQUE_100950638,,False,4,1,non-repeat
2392,98985239,UNIQUE_98985239,,False,3,1,non-repeat
2393,103357536,UNIQUE_103357536,,False,3,1,non-repeat
2394,103357913,UNIQUE_103357913,,False,4,1,non-repeat
2395,103009987,RG_0103,RG_0103,True,1,2,Level 3 - possible repeat
2396,103785334,UNIQUE_103785334,,False,4,1,non-repeat
2397,102648738,UNIQUE_102648738,,False,1,1,non-repeat
2398,101587176,UNIQUE_101587176,,False,1,1,non-repeat
2399,98987523,UNIQUE_98987523,,False,5,1,non-repeat
2400,93173193,UNIQUE_93173193,,False,3,1,non-repeat
2401,101698530,UNIQUE_101698530,,False,5,1,non-repeat
2402,101698991,UNIQUE_101698991,,False,4,1,non-repeat
2403,101699738,UNIQUE_101699738,,False,4,1,non-repeat
2404,101977802,UNIQUE_101977802,,False,2,1,non-repeat
2405,98721067,UNIQUE_98721067,,False,1,1,non-repeat
2406,98721264,UNIQUE_98721264,,False,5,1,non-repeat
2407,98525479,UNIQUE_98525479,,False,5,1,non-repeat
2408,79667709,UNIQUE_79667709,,False,4,1,non-repeat
2409,92554367,UNIQUE_92554367,,False,4,1,non-repeat
2410,89685429,UNIQUE_89685429,,False,5,1,non-repeat
2411,99985046,UNIQUE_99985046,,False,4,1,non-repeat
2412,99985153,UNIQUE_99985153,,False,1,1,non-repeat
2413,101975297,UNIQUE_101975297,,False,2,1,non-repeat
2414,103785214,UNIQUE_103785214,,False,1,1,non-repeat
2415,103785215,RG_0078,RG_0078,True,4,3,Level 3 - possible repeat
2416,101244556,UNIQUE_101244556,,False,5,1,non-repeat
2417,101056102,UNIQUE_101056102,,False,3,1,non-repeat
2418,99986664,UNIQUE_99986664,,False,3,1,non-repeat
2419,100017165,UNIQUE_100017165,,False,5,1,non-repeat
2420,103785245,UNIQUE_103785245,,False,5,1,non-repeat
2421,103785243,UNIQUE_103785243,,False,4,1,non-repeat
2422,103785239,RG_0169,RG_0169,True,2,2,Level 3 - possible repeat
2423,103169503,UNIQUE_103169503,,False,2,1,non-repeat
2424,103664187,UNIQUE_103664187,,False,4,1,non-repeat
2425,103661229,UNIQUE_103661229,,False,2,1,non-repeat
2426,103645235,UNIQUE_103645235,,False,4,1,non-repeat
2427,102001528,UNIQUE_102001528,,False,3,1,non-repeat
2428,102528106,UNIQUE_102528106,,False,1,1,non-repeat
2429,103559029,UNIQUE_103559029,,False,5,1,non-repeat
2430,99986793,UNIQUE_99986793,,False,3,1,non-repeat
2431,103785113,RG_0170,RG_0170,True,3,2,Level 3 - possible repeat
2432,103560885,UNIQUE_103560885,,False,2,1,non-repeat
2433,103433826,UNIQUE_103433826,,False,1,1,non-repeat
2434,103741989,RG_0147,RG_0147,True,5,2,Level 3 - possible repeat
2435,103785103,UNIQUE_103785103,,False,3,1,non-repeat
2436,103785082,UNIQUE_103785082,,False,5,1,non-repeat
2437,103785081,UNIQUE_103785081,,False,1,1,non-repeat
2438,102893091,UNIQUE_102893091,,False,2,1,non-repeat
2439,103785090,UNIQUE_103785090,,False,4,1,non-repeat
2440,103785074,UNIQUE_103785074,,False,2,1,non-repeat
2441,100997899,UNIQUE_100997899,,False,1,1,non-repeat
2442,102284833,UNIQUE_102284833,,False,1,1,non-repeat
2443,103217208,UNIQUE_103217208,,False,2,1,non-repeat
2444,101862624,UNIQUE_101862624,,False,5,1,non-repeat
2445,101794757,UNIQUE_101794757,,False,4,1,non-repeat
2446,103785021,UNIQUE_103785021,,False,4,1,non-repeat
2447,103785028,UNIQUE_103785028,,False,1,1,non-repeat
2448,103473643,UNIQUE_103473643,,False,1,1,non-repeat
2449,103784995,UNIQUE_103784995,,False,1,1,non-repeat
2450,100341723,UNIQUE_100341723,,False,1,1,non-repeat
2451,102870638,UNIQUE_102870638,,False,4,1,non-repeat
2452,103784980,UNIQUE_103784980,,False,2,1,non-repeat
2453,103784958,UNIQUE_103784958,,False,3,1,non-repeat
2454,102098867,UNIQUE_102098867,,False,1,1,non-repeat
2455,102098877,RG_0171,RG_0171,True,1,2,Level 3 - possible repeat
2456,82551350,UNIQUE_82551350,,False,2,1,non-repeat
2457,102574725,UNIQUE_102574725,,False,5,1,non-repeat
2458,103784914,UNIQUE_103784914,,False,5,1,non-repeat
2459,102874027,UNIQUE_102874027,,False,5,1,non-repeat
2460,102844096,UNIQUE_102844096,,False,2,1,non-repeat
2461,102873978,UNIQUE_102873978,,False,5,1,non-repeat
2462,102844024,UNIQUE_102844024,,False,5,1,non-repeat
2463,102124597,UNIQUE_102124597,,False,5,1,non-repeat
2464,102308247,UNIQUE_102308247,,False,5,1,non-repeat
2465,103401844,UNIQUE_103401844,,False,3,1,non-repeat
2466,103784889,UNIQUE_103784889,,False,5,1,non-repeat
2467,103627484,UNIQUE_103627484,,False,2,1,non-repeat
2468,103784875,UNIQUE_103784875,,False,3,1,non-repeat
2469,103256081,UNIQUE_103256081,,False,5,1,non-repeat
2470,103784867,RG_0166,RG_0166,True,4,2,Level 3 - possible repeat
2471,103784860,UNIQUE_103784860,,False,5,1,non-repeat
2472,103784859,RG_0161,RG_0161,True,5,2,Level 3 - possible repeat
2473,102514170,UNIQUE_102514170,,False,1,1,non-repeat
2474,102168088,UNIQUE_102168088,,False,4,1,non-repeat
2475,103089474,RG_0037,RG_0037,True,5,2,Level 3 - possible repeat
2476,103687001,UNIQUE_103687001,,False,3,1,non-repeat
2477,103710471,UNIQUE_103710471,,False,3,1,non-repeat
2478,103540572,UNIQUE_103540572,,False,5,1,non-repeat
2479,103784826,UNIQUE_103784826,,False,2,1,non-repeat
2480,103602192,UNIQUE_103602192,,False,1,1,non-repeat
2481,103784848,UNIQUE_103784848,,False,5,1,non-repeat
2482,103784825,RG_0162,RG_0162,True,5,2,Level 3 - possible repeat
2483,101487643,UNIQUE_101487643,,False,2,1,non-repeat
2484,102104680,UNIQUE_102104680,,False,5,1,non-repeat
2485,101629558,UNIQUE_101629558,,False,3,1,non-repeat
2486,101805212,UNIQUE_101805212,,False,1,1,non-repeat
2487,103523951,UNIQUE_103523951,,False,3,1,non-repeat
2488,103433783,UNIQUE_103433783,,False,1,1,non-repeat
2489,102069787,UNIQUE_102069787,,False,5,1,non-repeat
2490,103115286,RG_0172,RG_0172,True,4,2,Level 3 - possible repeat
2491,103784805,UNIQUE_103784805,,False,5,1,non-repeat
2492,102628035,UNIQUE_102628035,,False,4,1,non-repeat
2493,103784800,RG_0173,RG_0173,True,5,2,Level 3 - possible repeat
2494,103278483,UNIQUE_103278483,,False,5,1,non-repeat
2495,102843252,RG_0153,RG_0153,True,1,2,Level 3 - possible repeat
2496,103643389,UNIQUE_103643389,,False,5,1,non-repeat
2497,103726720,RG_0174,RG_0174,True,1,2,Level 1 - exact duplicate
2498,102516357,UNIQUE_102516357,,False,1,1,non-repeat
2499,103557612,RG_0175,RG_0175,True,1,2,Level 3 - possible repeat
2500,103347915,UNIQUE_103347915,,False,1,1,non-repeat
2501,103478301,UNIQUE_103478301,,False,4,1,non-repeat
2502,101537686,UNIQUE_101537686,,False,4,1,non-repeat
2503,101487641,UNIQUE_101487641,,False,5,1,non-repeat
2504,103742278,UNIQUE_103742278,,False,3,1,non-repeat
2505,103760077,RG_0176,RG_0176,True,1,2,Level 3 - possible repeat
2506,102165909,UNIQUE_102165909,,False,5,1,non-repeat
2507,101948028,UNIQUE_101948028,,False,3,1,non-repeat
2508,101948005,UNIQUE_101948005,,False,4,1,non-repeat
2509,103139230,UNIQUE_103139230,,False,1,1,non-repeat
2510,103173608,RG_0177,RG_0177,True,1,2,Level 3 - possible repeat
2511,101445732,UNIQUE_101445732,,False,2,1,non-repeat
2512,103784744,UNIQUE_103784744,,False,1,1,non-repeat
2513,102969901,UNIQUE_102969901,,False,2,1,non-repeat
2514,100844747,UNIQUE_100844747,,False,4,1,non-repeat
2515,95544396,UNIQUE_95544396,,False,2,1,non-repeat
2516,101940436,UNIQUE_101940436,,False,2,1,non-repeat
2517,103784759,RG_0178,RG_0178,True,1,2,Level 1 - exact duplicate
2518,103185355,RG_0179,RG_0179,True,1,2,Level 3 - possible repeat
2519,102498903,UNIQUE_102498903,,False,5,1,non-repeat
2520,102728771,UNIQUE_102728771,,False,5,1,non-repeat
2521,103640707,UNIQUE_103640707,,False,3,1,non-repeat
2522,103402158,UNIQUE_103402158,,False,3,1,non-repeat
2523,103402064,UNIQUE_103402064,,False,4,1,non-repeat
2524,103780401,UNIQUE_103780401,,False,3,1,non-repeat
2525,103784682,UNIQUE_103784682,,False,2,1,non-repeat
2526,103385790,UNIQUE_103385790,,False,5,1,non-repeat
2527,103525074,RG_0009,RG_0009,True,3,2,Level 3 - possible repeat
2528,103784679,UNIQUE_103784679,,False,1,1,non-repeat
2529,102879593,UNIQUE_102879593,,False,2,1,non-repeat
2530,101948749,UNIQUE_101948749,,False,5,1,non-repeat
2531,103579465,RG_0180,RG_0180,True,1,2,Level 3 - possible repeat
2532,103784715,RG_0178,RG_0178,True,1,2,Level 1 - exact duplicate
2533,97829046,UNIQUE_97829046,,False,2,1,non-repeat
2534,102478967,UNIQUE_102478967,,False,5,1,non-repeat
2535,100546214,UNIQUE_100546214,,False,3,1,non-repeat
2536,103784697,UNIQUE_103784697,,False,1,1,non-repeat
2537,103784690,UNIQUE_103784690,,False,3,1,non-repeat
2538,103347418,UNIQUE_103347418,,False,1,1,non-repeat
2539,102542934,UNIQUE_102542934,,False,5,1,non-repeat
2540,102315606,RG_0181,RG_0181,True,5,2,Level 1 - exact duplicate
2541,103446974,RG_0174,RG_0174,True,1,2,Level 1 - exact duplicate
2542,102455704,RG_0179,RG_0179,True,1,2,Level 3 - possible repeat
2543,103520682,UNIQUE_103520682,,False,2,1,non-repeat
2544,103343288,UNIQUE_103343288,,False,3,1,non-repeat
2545,103606855,UNIQUE_103606855,,False,4,1,non-repeat
2546,103441882,UNIQUE_103441882,,False,3,1,non-repeat
2547,102208991,UNIQUE_102208991,,False,4,1,non-repeat
2548,103260457,UNIQUE_103260457,,False,3,1,non-repeat
2549,103207012,UNIQUE_103207012,,False,4,1,non-repeat
2550,102471529,UNIQUE_102471529,,False,5,1,non-repeat
2551,102041283,UNIQUE_102041283,,False,5,1,non-repeat
2552,99765228,UNIQUE_99765228,,False,1,1,non-repeat
2553,103699772,UNIQUE_103699772,,False,5,1,non-repeat
2554,102424679,UNIQUE_102424679,,False,2,1,non-repeat
2555,82852036,UNIQUE_82852036,,False,2,1,non-repeat
2556,103193707,UNIQUE_103193707,,False,3,1,non-repeat
2557,103784628,UNIQUE_103784628,,False,4,1,non-repeat
2558,102165720,UNIQUE_102165720,,False,5,1,non-repeat
2559,103638901,UNIQUE_103638901,,False,3,1,non-repeat
2560,103784627,UNIQUE_103784627,,False,5,1,non-repeat
2561,103202025,UNIQUE_103202025,,False,1,1,non-repeat
2562,103722714,UNIQUE_103722714,,False,1,1,non-repeat
2563,90336468,UNIQUE_90336468,,False,1,1,non-repeat
2564,103784556,RG_0182,RG_0182,True,4,2,Level 3 - possible repeat
2565,103784552,UNIQUE_103784552,,False,2,1,non-repeat
2566,102465842,RG_0183,RG_0183,True,4,2,Level 3 - possible repeat
2567,103515258,RG_0175,RG_0175,True,1,2,Level 3 - possible repeat
2568,103276781,UNIQUE_103276781,,False,5,1,non-repeat
2569,103075955,UNIQUE_103075955,,False,1,1,non-repeat
2570,97635418,UNIQUE_97635418,,False,1,1,non-repeat
2571,103396295,UNIQUE_103396295,,False,2,1,non-repeat
2572,100707731,UNIQUE_100707731,,False,3,1,non-repeat
2573,103784515,RG_0182,RG_0182,True,4,2,Level 3 - possible repeat
2574,99179123,UNIQUE_99179123,,False,3,1,non-repeat
2575,103784543,UNIQUE_103784543,,False,2,1,non-repeat
2576,102999326,UNIQUE_102999326,,False,5,1,non-repeat
2577,103720439,UNIQUE_103720439,,False,1,1,non-repeat
2578,102607650,UNIQUE_102607650,,False,1,1,non-repeat
2579,103784501,UNIQUE_103784501,,False,2,1,non-repeat
2580,103784505,UNIQUE_103784505,,False,3,1,non-repeat
2581,103784529,UNIQUE_103784529,,False,4,1,non-repeat
2582,103192681,UNIQUE_103192681,,False,4,1,non-repeat
2583,103722904,UNIQUE_103722904,,False,1,1,non-repeat
2584,103057805,UNIQUE_103057805,,False,1,1,non-repeat
2585,102784761,UNIQUE_102784761,,False,2,1,non-repeat
2586,103193821,UNIQUE_103193821,,False,2,1,non-repeat
2587,103784527,UNIQUE_103784527,,False,2,1,non-repeat
2588,92990344,UNIQUE_92990344,,False,1,1,non-repeat
2589,103784472,RG_0184,RG_0184,True,1,2,Level 3 - possible repeat
2590,103784471,RG_0130,RG_0130,True,4,2,Level 3 - possible repeat
2591,101783554,UNIQUE_101783554,,False,2,1,non-repeat
2592,103211089,UNIQUE_103211089,,False,5,1,non-repeat
2593,103178916,RG_0075,RG_0075,True,4,2,Level 1 - exact duplicate
2594,103628765,UNIQUE_103628765,,False,5,1,non-repeat
2595,93303810,UNIQUE_93303810,,False,5,1,non-repeat
2596,102854321,UNIQUE_102854321,,False,1,1,non-repeat
2597,103064992,UNIQUE_103064992,,False,4,1,non-repeat
2598,103193400,UNIQUE_103193400,,False,2,1,non-repeat
2599,103362707,UNIQUE_103362707,,False,2,1,non-repeat
2600,103244054,UNIQUE_103244054,,False,5,1,non-repeat
2601,103784393,UNIQUE_103784393,,False,3,1,non-repeat
2602,103784457,UNIQUE_103784457,,False,3,1,non-repeat
2603,95922895,UNIQUE_95922895,,False,2,1,non-repeat
2604,103662233,UNIQUE_103662233,,False,5,1,non-repeat
2605,88001272,UNIQUE_88001272,,False,2,1,non-repeat
2606,103758368,UNIQUE_103758368,,False,5,1,non-repeat
2607,103659885,UNIQUE_103659885,,False,3,1,non-repeat
2608,103391155,UNIQUE_103391155,,False,3,1,non-repeat
2609,103342670,RG_0185,RG_0185,True,1,2,Level 3 - possible repeat
2610,103660140,UNIQUE_103660140,,False,4,1,non-repeat
2611,100837645,UNIQUE_100837645,,False,2,1,non-repeat
2612,94239601,UNIQUE_94239601,,False,4,1,non-repeat
2613,103440286,RG_0186,RG_0186,True,3,3,Level 3 - possible repeat
2614,103784420,UNIQUE_103784420,,False,5,1,non-repeat
2615,103500946,UNIQUE_103500946,,False,1,1,non-repeat
2616,102845377,UNIQUE_102845377,,False,1,1,non-repeat
2617,102399164,UNIQUE_102399164,,False,5,1,non-repeat
2618,102399129,UNIQUE_102399129,,False,2,1,non-repeat
2619,101988012,UNIQUE_101988012,,False,2,1,non-repeat
2620,103250404,UNIQUE_103250404,,False,2,1,non-repeat
2621,103192614,UNIQUE_103192614,,False,3,1,non-repeat
2622,103609267,UNIQUE_103609267,,False,4,1,non-repeat
2623,103577710,RG_0068,RG_0068,True,1,2,Level 3 - possible repeat
2624,103509055,UNIQUE_103509055,,False,5,1,non-repeat
2625,103499032,UNIQUE_103499032,,False,2,1,non-repeat
2626,102967493,UNIQUE_102967493,,False,5,1,non-repeat
2627,97143167,UNIQUE_97143167,,False,4,1,non-repeat
2628,96117997,UNIQUE_96117997,,False,1,1,non-repeat
2629,103411618,UNIQUE_103411618,,False,5,1,non-repeat
2630,100219006,UNIQUE_100219006,,False,1,1,non-repeat
2631,101728735,UNIQUE_101728735,,False,1,1,non-repeat
2632,102929425,UNIQUE_102929425,,False,4,1,non-repeat
2633,103784298,UNIQUE_103784298,,False,1,1,non-repeat
2634,103784297,UNIQUE_103784297,,False,4,1,non-repeat
2635,103498566,UNIQUE_103498566,,False,5,1,non-repeat
2636,102021885,UNIQUE_102021885,,False,5,1,non-repeat
2637,103451600,UNIQUE_103451600,,False,2,1,non-repeat
2638,103258798,RG_0187,RG_0187,True,5,2,Level 3 - possible repeat
2639,103659942,RG_0188,RG_0188,True,2,2,Level 3 - possible repeat
2640,103784272,UNIQUE_103784272,,False,3,1,non-repeat
2641,102530768,UNIQUE_102530768,,False,3,1,non-repeat
2642,102720642,UNIQUE_102720642,,False,2,1,non-repeat
2643,103489908,UNIQUE_103489908,,False,2,1,non-repeat
2644,102175810,UNIQUE_102175810,,False,1,1,non-repeat
2645,102262173,UNIQUE_102262173,,False,5,1,non-repeat
2646,103577817,UNIQUE_103577817,,False,3,1,non-repeat
2647,103187664,RG_0071,RG_0071,True,1,2,Level 3 - possible repeat
2648,101796208,UNIQUE_101796208,,False,5,1,non-repeat
2649,101447330,UNIQUE_101447330,,False,4,1,non-repeat
2650,101311614,UNIQUE_101311614,,False,3,1,non-repeat
2651,103659863,RG_0176,RG_0176,True,1,2,Level 3 - possible repeat
2652,102784801,UNIQUE_102784801,,False,2,1,non-repeat
2653,102784672,RG_0189,RG_0189,True,1,3,Level 3 - possible repeat
2654,103627638,RG_0059,RG_0059,True,1,3,Level 3 - possible repeat
2655,103113644,UNIQUE_103113644,,False,3,1,non-repeat
2656,101080942,UNIQUE_101080942,,False,4,1,non-repeat
2657,103784346,UNIQUE_103784346,,False,2,1,non-repeat
2658,103784233,UNIQUE_103784233,,False,1,1,non-repeat
2659,103192227,RG_0190,RG_0190,True,5,2,Level 3 - possible repeat
2660,101643565,UNIQUE_101643565,,False,1,1,non-repeat
2661,103202709,UNIQUE_103202709,,False,3,1,non-repeat
2662,102498879,RG_0181,RG_0181,True,5,2,Level 1 - exact duplicate
2663,103419804,UNIQUE_103419804,,False,5,1,non-repeat
2664,102333505,UNIQUE_102333505,,False,4,1,non-repeat
2665,103749631,UNIQUE_103749631,,False,3,1,non-repeat
2666,103784315,UNIQUE_103784315,,False,2,1,non-repeat
2667,99381855,UNIQUE_99381855,,False,2,1,non-repeat
2668,103466974,UNIQUE_103466974,,False,4,1,non-repeat
2669,101822585,RG_0013,RG_0013,True,2,2,Level 3 - possible repeat
2670,103405276,UNIQUE_103405276,,False,2,1,non-repeat
2671,103405275,UNIQUE_103405275,,False,4,1,non-repeat
2672,103784148,UNIQUE_103784148,,False,2,1,non-repeat
2673,103653998,UNIQUE_103653998,,False,1,1,non-repeat
2674,103290316,UNIQUE_103290316,,False,3,1,non-repeat
2675,103738435,RG_0002,RG_0002,True,5,2,Level 3 - possible repeat
2676,96839359,UNIQUE_96839359,,False,5,1,non-repeat
2677,98595842,UNIQUE_98595842,,False,5,1,non-repeat
2678,92930537,UNIQUE_92930537,,False,1,1,non-repeat
2679,101903371,UNIQUE_101903371,,False,3,1,non-repeat
2680,102904416,UNIQUE_102904416,,False,1,1,non-repeat
2681,103784138,UNIQUE_103784138,,False,5,1,non-repeat
2682,103784104,UNIQUE_103784104,,False,2,1,non-repeat
2683,98176103,UNIQUE_98176103,,False,1,1,non-repeat
2684,101965242,UNIQUE_101965242,,False,2,1,non-repeat
2685,103784103,RG_0191,RG_0191,True,5,2,Level 3 - possible repeat
2686,103784108,UNIQUE_103784108,,False,5,1,non-repeat
2687,102358277,UNIQUE_102358277,,False,4,1,non-repeat
2688,103114770,UNIQUE_103114770,,False,4,1,non-repeat
2689,103473392,UNIQUE_103473392,,False,5,1,non-repeat
2690,103439860,RG_0134,RG_0134,True,4,2,Level 3 - possible repeat
2691,103193780,UNIQUE_103193780,,False,2,1,non-repeat
2692,102261623,RG_0192,RG_0192,True,3,2,Level 3 - possible repeat
2693,101851788,RG_0193,RG_0193,True,1,2,Level 3 - possible repeat
2694,103039470,UNIQUE_103039470,,False,3,1,non-repeat
2695,101256463,UNIQUE_101256463,,False,1,1,non-repeat
2696,102695483,UNIQUE_102695483,,False,4,1,non-repeat
2697,103784077,UNIQUE_103784077,,False,5,1,non-repeat
2698,103576325,UNIQUE_103576325,,False,4,1,non-repeat
2699,103091480,UNIQUE_103091480,,False,3,1,non-repeat
2700,103110786,UNIQUE_103110786,,False,4,1,non-repeat
2701,103784179,UNIQUE_103784179,,False,1,1,non-repeat
2702,103227766,UNIQUE_103227766,,False,4,1,non-repeat
2703,102026704,UNIQUE_102026704,,False,1,1,non-repeat
2704,103009707,UNIQUE_103009707,,False,5,1,non-repeat
2705,103097269,UNIQUE_103097269,,False,1,1,non-repeat
2706,103105661,UNIQUE_103105661,,False,1,1,non-repeat
2707,100611393,UNIQUE_100611393,,False,1,1,non-repeat
2708,103089618,UNIQUE_103089618,,False,1,1,non-repeat
2709,103689459,RG_0163,RG_0163,True,2,2,Level 3 - possible repeat
2710,102001615,UNIQUE_102001615,,False,2,1,non-repeat
2711,101753218,UNIQUE_101753218,,False,4,1,non-repeat
2712,101753217,UNIQUE_101753217,,False,2,1,non-repeat
2713,103725732,UNIQUE_103725732,,False,3,1,non-repeat
2714,101821691,UNIQUE_101821691,,False,2,1,non-repeat
2715,101115554,UNIQUE_101115554,,False,3,1,non-repeat
2716,103725522,UNIQUE_103725522,,False,4,1,non-repeat
2717,102470947,RG_0194,RG_0194,True,4,2,Level 3 - possible repeat
2718,103114954,RG_0195,RG_0195,True,1,2,Level 3 - possible repeat
2719,103784027,UNIQUE_103784027,,False,1,1,non-repeat
2720,102036945,UNIQUE_102036945,,False,1,1,non-repeat
2721,101851861,RG_0187,RG_0187,True,5,2,Level 3 - possible repeat
2722,100916143,RG_0156,RG_0156,True,3,2,Level 3 - possible repeat
2723,103316058,UNIQUE_103316058,,False,2,1,non-repeat
2724,103784008,UNIQUE_103784008,,False,3,1,non-repeat
2725,103784007,UNIQUE_103784007,,False,1,1,non-repeat
2726,103784006,RG_0184,RG_0184,True,1,2,Level 3 - possible repeat
2727,100545148,UNIQUE_100545148,,False,1,1,non-repeat
2728,103266000,UNIQUE_103266000,,False,5,1,non-repeat
2729,102084314,UNIQUE_102084314,,False,4,1,non-repeat
2730,103783881,UNIQUE_103783881,,False,1,1,non-repeat
2731,103783954,RG_0093,RG_0093,True,4,2,Level 3 - possible repeat
2732,103783945,UNIQUE_103783945,,False,5,1,non-repeat
2733,103692290,UNIQUE_103692290,,False,3,1,non-repeat
2734,103783941,UNIQUE_103783941,,False,2,1,non-repeat
2735,103536797,UNIQUE_103536797,,False,1,1,non-repeat
2736,103579457,UNIQUE_103579457,,False,5,1,non-repeat
2737,99413316,UNIQUE_99413316,,False,5,1,non-repeat
2738,103738537,UNIQUE_103738537,,False,2,1,non-repeat
2739,101725779,UNIQUE_101725779,,False,1,1,non-repeat
2740,97894689,UNIQUE_97894689,,False,1,1,non-repeat
2741,102384473,UNIQUE_102384473,,False,3,1,non-repeat
2742,102821563,UNIQUE_102821563,,False,1,1,non-repeat
2743,103783850,RG_0196,RG_0196,True,2,2,Level 3 - possible repeat
2744,102996372,UNIQUE_102996372,,False,5,1,non-repeat
2745,103316178,UNIQUE_103316178,,False,5,1,non-repeat
2746,103672765,UNIQUE_103672765,,False,4,1,non-repeat
2747,103389598,UNIQUE_103389598,,False,5,1,non-repeat
2748,102784712,RG_0197,RG_0197,True,1,2,Level 3 - possible repeat
2749,102197496,UNIQUE_102197496,,False,1,1,non-repeat
2750,103645267,UNIQUE_103645267,,False,4,1,non-repeat
2751,101722505,RG_0057,RG_0057,True,2,2,Level 3 - possible repeat
2752,103451804,UNIQUE_103451804,,False,5,1,non-repeat
2753,102937221,UNIQUE_102937221,,False,1,1,non-repeat
2754,103710940,UNIQUE_103710940,,False,4,1,non-repeat
2755,103628641,UNIQUE_103628641,,False,2,1,non-repeat
2756,103476884,RG_0190,RG_0190,True,5,2,Level 3 - possible repeat
2757,102948041,UNIQUE_102948041,,False,5,1,non-repeat
2758,103624002,UNIQUE_103624002,,False,5,1,non-repeat
2759,102802569,UNIQUE_102802569,,False,3,1,non-repeat
2760,103317672,UNIQUE_103317672,,False,5,1,non-repeat
2761,100417864,RG_0124,RG_0124,True,2,3,Level 3 - possible repeat
2762,103670622,UNIQUE_103670622,,False,4,1,non-repeat
2763,102207503,RG_0198,RG_0198,True,5,2,Level 3 - possible repeat
2764,102898579,UNIQUE_102898579,,False,3,1,non-repeat
2765,101987474,UNIQUE_101987474,,False,4,1,non-repeat
2766,103783669,UNIQUE_103783669,,False,4,1,non-repeat
2767,101467277,UNIQUE_101467277,,False,1,1,non-repeat
2768,103783573,UNIQUE_103783573,,False,4,1,non-repeat
2769,103783571,UNIQUE_103783571,,False,4,1,non-repeat
2770,100593323,RG_0040,RG_0040,True,3,2,Level 3 - possible repeat
2771,103252456,RG_0199,RG_0199,True,3,2,Level 3 - possible repeat
2772,103283373,UNIQUE_103283373,,False,3,1,non-repeat
2773,100985996,UNIQUE_100985996,,False,1,1,non-repeat
2774,103783640,UNIQUE_103783640,,False,2,1,non-repeat
2775,102475759,UNIQUE_102475759,,False,4,1,non-repeat
2776,103678050,UNIQUE_103678050,,False,3,1,non-repeat
2777,103783617,UNIQUE_103783617,,False,4,1,non-repeat
2778,103783535,UNIQUE_103783535,,False,2,1,non-repeat
2779,103783517,UNIQUE_103783517,,False,3,1,non-repeat
2780,103783536,UNIQUE_103783536,,False,1,1,non-repeat
2781,97481987,UNIQUE_97481987,,False,1,1,non-repeat
2782,103783611,RG_0168,RG_0168,True,4,2,Level 3 - possible repeat
2783,103089787,UNIQUE_103089787,,False,2,1,non-repeat
2784,98942202,UNIQUE_98942202,,False,2,1,non-repeat
2785,103783593,UNIQUE_103783593,,False,5,1,non-repeat
2786,103783585,RG_0144,RG_0144,True,5,3,Level 3 - possible repeat
2787,103730774,UNIQUE_103730774,,False,2,1,non-repeat
2788,103453171,UNIQUE_103453171,,False,2,1,non-repeat
2789,103661176,UNIQUE_103661176,,False,4,1,non-repeat
2790,103344302,UNIQUE_103344302,,False,5,1,non-repeat
2791,103665195,RG_0138,RG_0138,True,4,2,Level 3 - possible repeat
2792,103071712,UNIQUE_103071712,,False,4,1,non-repeat
2793,103251261,UNIQUE_103251261,,False,2,1,non-repeat
2794,102546516,UNIQUE_102546516,,False,3,1,non-repeat
2795,102707113,UNIQUE_102707113,,False,5,1,non-repeat
2796,98927500,UNIQUE_98927500,,False,5,1,non-repeat
2797,97027550,UNIQUE_97027550,,False,3,1,non-repeat
2798,103783451,UNIQUE_103783451,,False,2,1,non-repeat
2799,103783436,UNIQUE_103783436,,False,1,1,non-repeat
2800,103389751,UNIQUE_103389751,,False,2,1,non-repeat
2801,103193773,RG_0200,RG_0200,True,2,3,Level 3 - possible repeat
2802,103115432,UNIQUE_103115432,,False,4,1,non-repeat
2803,102248352,UNIQUE_102248352,,False,1,1,non-repeat
2804,103783417,UNIQUE_103783417,,False,4,1,non-repeat
2805,103783410,UNIQUE_103783410,,False,1,1,non-repeat
2806,103783466,UNIQUE_103783466,,False,2,1,non-repeat
2807,103783464,RG_0201,RG_0201,True,5,2,Level 3 - possible repeat
2808,103783462,UNIQUE_103783462,,False,4,1,non-repeat
2809,97057720,UNIQUE_97057720,,False,5,1,non-repeat
2810,99982034,UNIQUE_99982034,,False,2,1,non-repeat
2811,103314655,UNIQUE_103314655,,False,4,1,non-repeat
2812,97221475,UNIQUE_97221475,,False,5,1,non-repeat
2813,99912234,UNIQUE_99912234,,False,1,1,non-repeat
2814,103305469,UNIQUE_103305469,,False,4,1,non-repeat
2815,103447392,UNIQUE_103447392,,False,4,1,non-repeat
2816,102746012,UNIQUE_102746012,,False,1,1,non-repeat
2817,102107357,UNIQUE_102107357,,False,2,1,non-repeat
2818,103725559,UNIQUE_103725559,,False,2,1,non-repeat
2819,92021859,RG_0202,RG_0202,True,5,2,Level 1 - exact duplicate
2820,99721921,UNIQUE_99721921,,False,2,1,non-repeat
2821,103783279,UNIQUE_103783279,,False,3,1,non-repeat
2822,103783264,UNIQUE_103783264,,False,4,1,non-repeat
2823,103783265,UNIQUE_103783265,,False,1,1,non-repeat
2824,103315698,UNIQUE_103315698,,False,1,1,non-repeat
2825,103659875,UNIQUE_103659875,,False,4,1,non-repeat
2826,103389671,UNIQUE_103389671,,False,2,1,non-repeat
2827,103052017,UNIQUE_103052017,,False,4,1,non-repeat
2828,103783372,RG_0180,RG_0180,True,1,2,Level 3 - possible repeat
2829,103490280,UNIQUE_103490280,,False,2,1,non-repeat
2830,103694941,UNIQUE_103694941,,False,3,1,non-repeat
2831,76155208,UNIQUE_76155208,,False,1,1,non-repeat
2832,103010498,UNIQUE_103010498,,False,3,1,non-repeat
2833,103783358,UNIQUE_103783358,,False,3,1,non-repeat
2834,103602392,UNIQUE_103602392,,False,3,1,non-repeat
2835,103783351,RG_0008,RG_0008,True,1,3,Level 3 - possible repeat
2836,103783347,UNIQUE_103783347,,False,3,1,non-repeat
2837,103783346,UNIQUE_103783346,,False,2,1,non-repeat
2838,103783345,UNIQUE_103783345,,False,4,1,non-repeat
2839,103783338,UNIQUE_103783338,,False,1,1,non-repeat
2840,101221481,UNIQUE_101221481,,False,1,1,non-repeat
2841,100617960,UNIQUE_100617960,,False,5,1,non-repeat
2842,97715055,UNIQUE_97715055,,False,1,1,non-repeat
2843,102753685,UNIQUE_102753685,,False,2,1,non-repeat
2844,103783233,UNIQUE_103783233,,False,2,1,non-repeat
2845,103783227,RG_0203,RG_0203,True,5,2,Level 3 - possible repeat
2846,102707812,UNIQUE_102707812,,False,5,1,non-repeat
2847,101379433,UNIQUE_101379433,,False,1,1,non-repeat
2848,99630680,UNIQUE_99630680,,False,1,1,non-repeat
2849,95939125,UNIQUE_95939125,,False,1,1,non-repeat
2850,98708890,UNIQUE_98708890,,False,4,1,non-repeat
2851,100753214,UNIQUE_100753214,,False,1,1,non-repeat
2852,100753863,UNIQUE_100753863,,False,1,1,non-repeat
2853,101520669,UNIQUE_101520669,,False,4,1,non-repeat
2854,101709333,UNIQUE_101709333,,False,3,1,non-repeat
2855,100683528,UNIQUE_100683528,,False,4,1,non-repeat
2856,102897216,UNIQUE_102897216,,False,2,1,non-repeat
2857,100252019,UNIQUE_100252019,,False,4,1,non-repeat
2858,103783318,RG_0173,RG_0173,True,5,2,Level 3 - possible repeat
2859,103783311,RG_0080,RG_0080,True,4,2,Level 3 - possible repeat
2860,102896891,UNIQUE_102896891,,False,3,1,non-repeat
2861,103460144,UNIQUE_103460144,,False,3,1,non-repeat
2862,103783301,UNIQUE_103783301,,False,1,1,non-repeat
2863,103749775,UNIQUE_103749775,,False,2,1,non-repeat
2864,103691723,UNIQUE_103691723,,False,1,1,non-repeat
2865,103217445,UNIQUE_103217445,,False,1,1,non-repeat
2866,101675234,UNIQUE_101675234,,False,2,1,non-repeat
2867,102561588,UNIQUE_102561588,,False,4,1,non-repeat
2868,102747063,UNIQUE_102747063,,False,2,1,non-repeat
2869,102673963,UNIQUE_102673963,,False,2,1,non-repeat
2870,102745690,UNIQUE_102745690,,False,4,1,non-repeat
2871,103783141,UNIQUE_103783141,,False,1,1,non-repeat
2872,103451619,UNIQUE_103451619,,False,2,1,non-repeat
2873,103643436,RG_0169,RG_0169,True,2,2,Level 3 - possible repeat
2874,101898183,RG_0202,RG_0202,True,5,2,Level 1 - exact duplicate
2875,101257243,RG_0204,RG_0204,True,1,2,Level 3 - possible repeat
2876,101900153,RG_0205,RG_0205,True,4,2,Level 3 - possible repeat
2877,103284027,UNIQUE_103284027,,False,1,1,non-repeat
2878,103783120,RG_0201,RG_0201,True,5,2,Level 3 - possible repeat
2879,103783085,UNIQUE_103783085,,False,5,1,non-repeat
2880,103129715,UNIQUE_103129715,,False,5,1,non-repeat
2881,100648022,UNIQUE_100648022,,False,3,1,non-repeat
2882,103742424,UNIQUE_103742424,,False,5,1,non-repeat
2883,103783048,RG_0012,RG_0012,True,5,2,Level 3 - possible repeat
2884,103783179,UNIQUE_103783179,,False,2,1,non-repeat
2885,103565502,UNIQUE_103565502,,False,5,1,non-repeat
2886,101710732,UNIQUE_101710732,,False,5,1,non-repeat
2887,96641475,UNIQUE_96641475,,False,5,1,non-repeat
2888,101687435,RG_0206,RG_0206,True,3,2,Level 3 - possible repeat
2889,103113723,UNIQUE_103113723,,False,3,1,non-repeat
2890,103106128,UNIQUE_103106128,,False,3,1,non-repeat
2891,103057728,RG_0207,RG_0207,True,5,2,Level 3 - possible repeat
2892,103561320,UNIQUE_103561320,,False,5,1,non-repeat
2893,103470389,UNIQUE_103470389,,False,2,1,non-repeat
2894,102999145,RG_0152,RG_0152,True,3,2,Level 1 - exact duplicate
2895,103783144,RG_0208,RG_0208,True,3,2,Level 3 - possible repeat
2896,97162366,UNIQUE_97162366,,False,4,1,non-repeat
2897,101811340,UNIQUE_101811340,,False,3,1,non-repeat
2898,103445983,UNIQUE_103445983,,False,3,1,non-repeat
2899,102748654,UNIQUE_102748654,,False,5,1,non-repeat
2900,103097692,UNIQUE_103097692,,False,3,1,non-repeat
2901,102640532,UNIQUE_102640532,,False,1,1,non-repeat
2902,100648098,UNIQUE_100648098,,False,3,1,non-repeat
2903,103451751,UNIQUE_103451751,,False,5,1,non-repeat
2904,103340412,RG_0207,RG_0207,True,5,2,Level 3 - possible repeat
2905,102384300,UNIQUE_102384300,,False,3,1,non-repeat
2906,103763222,UNIQUE_103763222,,False,4,1,non-repeat
2907,103763215,UNIQUE_103763215,,False,1,1,non-repeat
2908,101190108,RG_0209,RG_0209,True,2,2,Level 3 - possible repeat
2909,100417213,RG_0210,RG_0210,True,3,2,Level 3 - possible repeat
2910,102470889,RG_0211,RG_0211,True,2,2,Level 3 - possible repeat
2911,102451918,UNIQUE_102451918,,False,3,1,non-repeat
2912,103763235,UNIQUE_103763235,,False,3,1,non-repeat
2913,103251056,UNIQUE_103251056,,False,4,1,non-repeat
2914,103315428,UNIQUE_103315428,,False,3,1,non-repeat
2915,103782953,UNIQUE_103782953,,False,1,1,non-repeat
2916,103783035,UNIQUE_103783035,,False,5,1,non-repeat
2917,103018708,UNIQUE_103018708,,False,1,1,non-repeat
2918,103783027,RG_0212,RG_0212,True,1,2,Level 3 - possible repeat
2919,103143100,UNIQUE_103143100,,False,3,1,non-repeat
2920,103468565,UNIQUE_103468565,,False,4,1,non-repeat
2921,103154349,UNIQUE_103154349,,False,2,1,non-repeat
2922,103782938,UNIQUE_103782938,,False,2,1,non-repeat
2923,103782997,UNIQUE_103782997,,False,3,1,non-repeat
2924,101255961,RG_0213,RG_0213,True,2,2,Level 3 - possible repeat
2925,100767226,UNIQUE_100767226,,False,4,1,non-repeat
2926,101189876,RG_0209,RG_0209,True,2,2,Level 3 - possible repeat
2927,103193831,UNIQUE_103193831,,False,2,1,non-repeat
2928,100432981,UNIQUE_100432981,,False,3,1,non-repeat
2929,103470385,UNIQUE_103470385,,False,1,1,non-repeat
2930,100480993,UNIQUE_100480993,,False,1,1,non-repeat
2931,101519139,RG_0214,RG_0214,True,3,2,Level 3 - possible repeat
2932,103549889,UNIQUE_103549889,,False,1,1,non-repeat
2933,103380630,UNIQUE_103380630,,False,5,1,non-repeat
2934,103355256,UNIQUE_103355256,,False,1,1,non-repeat
2935,103097681,UNIQUE_103097681,,False,5,1,non-repeat
2936,102658768,UNIQUE_102658768,,False,4,1,non-repeat
2937,102561739,UNIQUE_102561739,,False,3,1,non-repeat
2938,89624451,UNIQUE_89624451,,False,4,1,non-repeat
2939,101898105,UNIQUE_101898105,,False,2,1,non-repeat
2940,103118791,UNIQUE_103118791,,False,5,1,non-repeat
2941,102287856,RG_0200,RG_0200,True,2,3,Level 3 - possible repeat
2942,102380482,UNIQUE_102380482,,False,1,1,non-repeat
2943,101121674,RG_0215,RG_0215,True,1,2,Level 3 - possible repeat
2944,100082034,UNIQUE_100082034,,False,1,1,non-repeat
2945,103251793,RG_0199,RG_0199,True,3,2,Level 3 - possible repeat
2946,99889505,UNIQUE_99889505,,False,1,1,non-repeat
2947,103451338,UNIQUE_103451338,,False,1,1,non-repeat
2948,103506212,RG_0019,RG_0019,True,3,2,Level 3 - possible repeat
2949,103522532,RG_0149,RG_0149,True,4,2,Level 3 - possible repeat
2950,103671845,UNIQUE_103671845,,False,1,1,non-repeat
2951,103708869,UNIQUE_103708869,,False,4,1,non-repeat
2952,103782911,UNIQUE_103782911,,False,5,1,non-repeat
2953,103782895,UNIQUE_103782895,,False,5,1,non-repeat
2954,103492971,RG_0216,RG_0216,True,4,2,Level 1 - exact duplicate
2955,103492972,RG_0216,RG_0216,True,4,2,Level 1 - exact duplicate
2956,101518597,UNIQUE_101518597,,False,4,1,non-repeat
2957,101518588,UNIQUE_101518588,,False,4,1,non-repeat
2958,102103790,UNIQUE_102103790,,False,1,1,non-repeat
2959,103782790,UNIQUE_103782790,,False,4,1,non-repeat
2960,103782781,UNIQUE_103782781,,False,5,1,non-repeat
2961,101518590,UNIQUE_101518590,,False,5,1,non-repeat
2962,103782870,UNIQUE_103782870,,False,4,1,non-repeat
2963,103601485,RG_0217,RG_0217,True,5,2,Level 3 - possible repeat
2964,103193842,UNIQUE_103193842,,False,2,1,non-repeat
2965,103039433,UNIQUE_103039433,,False,1,1,non-repeat
2966,103204534,UNIQUE_103204534,,False,1,1,non-repeat
2967,103585430,RG_0027,RG_0027,True,1,2,Level 3 - possible repeat
2968,103708972,UNIQUE_103708972,,False,2,1,non-repeat
2969,103547608,UNIQUE_103547608,,False,4,1,non-repeat
2970,103230999,UNIQUE_103230999,,False,5,1,non-repeat
2971,102996368,UNIQUE_102996368,,False,3,1,non-repeat
2972,102583527,UNIQUE_102583527,,False,4,1,non-repeat
2973,103141531,UNIQUE_103141531,,False,3,1,non-repeat
2974,103422356,UNIQUE_103422356,,False,2,1,non-repeat
2975,99032642,UNIQUE_99032642,,False,1,1,non-repeat
2976,98472845,UNIQUE_98472845,,False,2,1,non-repeat
2977,103258889,RG_0218,RG_0218,True,1,2,Level 3 - possible repeat
2978,102436890,UNIQUE_102436890,,False,4,1,non-repeat
2979,99568831,UNIQUE_99568831,,False,1,1,non-repeat
2980,102451678,RG_0206,RG_0206,True,3,2,Level 3 - possible repeat
2981,102363584,UNIQUE_102363584,,False,2,1,non-repeat
2982,101041456,UNIQUE_101041456,,False,5,1,non-repeat
2983,101527935,UNIQUE_101527935,,False,1,1,non-repeat
2984,100752947,UNIQUE_100752947,,False,2,1,non-repeat
2985,103782699,UNIQUE_103782699,,False,3,1,non-repeat
2986,103782690,RG_0114,RG_0114,True,3,2,Level 3 - possible repeat
2987,102025202,UNIQUE_102025202,,False,2,1,non-repeat
2988,103782759,UNIQUE_103782759,,False,5,1,non-repeat
2989,103782758,UNIQUE_103782758,,False,3,1,non-repeat
2990,103782739,UNIQUE_103782739,,False,4,1,non-repeat
2991,101518502,UNIQUE_101518502,,False,2,1,non-repeat
2992,101518490,UNIQUE_101518490,,False,4,1,non-repeat
2993,101518491,UNIQUE_101518491,,False,1,1,non-repeat
2994,100960521,UNIQUE_100960521,,False,4,1,non-repeat
2995,103782658,UNIQUE_103782658,,False,2,1,non-repeat
2996,103782648,UNIQUE_103782648,,False,4,1,non-repeat
2997,103782734,UNIQUE_103782734,,False,2,1,non-repeat
2998,99364371,UNIQUE_99364371,,False,2,1,non-repeat
2999,98927160,RG_0177,RG_0177,True,1,2,Level 3 - possible repeat
3000,103557523,RG_0203,RG_0203,True,5,2,Level 3 - possible repeat
3001,103557422,UNIQUE_103557422,,False,4,1,non-repeat
3002,103557279,UNIQUE_103557279,,False,3,1,non-repeat
3003,102974165,UNIQUE_102974165,,False,5,1,non-repeat
3004,100322106,RG_0210,RG_0210,True,3,2,Level 3 - possible repeat
3005,103782725,RG_0165,RG_0165,True,4,2,Level 3 - possible repeat
3006,103292981,UNIQUE_103292981,,False,4,1,non-repeat
3007,101007702,UNIQUE_101007702,,False,4,1,non-repeat
3008,102654505,UNIQUE_102654505,,False,4,1,non-repeat
3009,102641102,UNIQUE_102641102,,False,1,1,non-repeat
3010,102618302,UNIQUE_102618302,,False,2,1,non-repeat
3011,89672274,UNIQUE_89672274,,False,3,1,non-repeat
3012,103340299,UNIQUE_103340299,,False,2,1,non-repeat
3013,103258422,RG_0193,RG_0193,True,1,2,Level 3 - possible repeat
3014,103782576,UNIQUE_103782576,,False,3,1,non-repeat
3015,100547259,UNIQUE_100547259,,False,5,1,non-repeat
3016,103627604,UNIQUE_103627604,,False,1,1,non-repeat
3017,103159521,UNIQUE_103159521,,False,1,1,non-repeat
3018,102695595,UNIQUE_102695595,,False,4,1,non-repeat
3019,102940655,UNIQUE_102940655,,False,1,1,non-repeat
3020,102940652,UNIQUE_102940652,,False,3,1,non-repeat
3021,103782625,RG_0191,RG_0191,True,5,2,Level 3 - possible repeat
3022,100959243,UNIQUE_100959243,,False,4,1,non-repeat
3023,100418424,UNIQUE_100418424,,False,1,1,non-repeat
3024,103782529,UNIQUE_103782529,,False,5,1,non-repeat
3025,100977186,RG_0172,RG_0172,True,4,2,Level 3 - possible repeat
3026,103782549,UNIQUE_103782549,,False,5,1,non-repeat
3027,102796653,UNIQUE_102796653,,False,2,1,non-repeat
3028,99523105,UNIQUE_99523105,,False,5,1,non-repeat
3029,103712366,UNIQUE_103712366,,False,3,1,non-repeat
3030,101518486,UNIQUE_101518486,,False,5,1,non-repeat
3031,101518474,UNIQUE_101518474,,False,2,1,non-repeat
3032,101518084,UNIQUE_101518084,,False,4,1,non-repeat
3033,103782502,UNIQUE_103782502,,False,5,1,non-repeat
3034,103782499,UNIQUE_103782499,,False,5,1,non-repeat
3035,103782498,RG_0089,RG_0089,True,1,2,Level 3 - possible repeat
3036,102576844,UNIQUE_102576844,,False,5,1,non-repeat
3037,101518068,UNIQUE_101518068,,False,2,1,non-repeat
3038,102197544,RG_0219,RG_0219,True,1,2,Level 3 - possible repeat
3039,103315487,UNIQUE_103315487,,False,1,1,non-repeat
3040,103283609,UNIQUE_103283609,,False,3,1,non-repeat
3041,103113406,RG_0195,RG_0195,True,1,2,Level 3 - possible repeat
3042,96822478,UNIQUE_96822478,,False,1,1,non-repeat
3043,102301402,UNIQUE_102301402,,False,5,1,non-repeat
3044,103782573,UNIQUE_103782573,,False,1,1,non-repeat
3045,103678958,UNIQUE_103678958,,False,2,1,non-repeat
3046,103547614,UNIQUE_103547614,,False,1,1,non-repeat
3047,103547609,UNIQUE_103547609,,False,3,1,non-repeat
3048,103367062,UNIQUE_103367062,,False,5,1,non-repeat
3049,103033406,UNIQUE_103033406,,False,3,1,non-repeat
3050,102618310,UNIQUE_102618310,,False,2,1,non-repeat
3051,102561611,UNIQUE_102561611,,False,3,1,non-repeat
3052,102747155,UNIQUE_102747155,,False,1,1,non-repeat
3053,103556164,UNIQUE_103556164,,False,1,1,non-repeat
3054,100074489,UNIQUE_100074489,,False,1,1,non-repeat
3055,96073653,UNIQUE_96073653,,False,3,1,non-repeat
3056,103541158,UNIQUE_103541158,,False,4,1,non-repeat
3057,102470974,RG_0211,RG_0211,True,2,2,Level 3 - possible repeat
3058,102384461,UNIQUE_102384461,,False,5,1,non-repeat
3059,100770957,UNIQUE_100770957,,False,2,1,non-repeat
3060,98838663,UNIQUE_98838663,,False,4,1,non-repeat
3061,103259332,RG_0220,RG_0220,True,2,2,Level 3 - possible repeat
3062,102470822,UNIQUE_102470822,,False,1,1,non-repeat
3063,102354043,UNIQUE_102354043,,False,5,1,non-repeat
3064,101042014,RG_0204,RG_0204,True,1,2,Level 3 - possible repeat
3065,103782353,UNIQUE_103782353,,False,2,1,non-repeat
3066,103659446,UNIQUE_103659446,,False,1,1,non-repeat
3067,103388813,UNIQUE_103388813,,False,2,1,non-repeat
3068,103388815,UNIQUE_103388815,,False,5,1,non-repeat
3069,103462313,UNIQUE_103462313,,False,4,1,non-repeat
3070,102940640,UNIQUE_102940640,,False,5,1,non-repeat
3071,103568969,UNIQUE_103568969,,False,5,1,non-repeat
3072,103782316,UNIQUE_103782316,,False,1,1,non-repeat
3073,103782470,UNIQUE_103782470,,False,3,1,non-repeat
3074,103428589,UNIQUE_103428589,,False,5,1,non-repeat
3075,103429099,UNIQUE_103429099,,False,5,1,non-repeat
3076,103782439,UNIQUE_103782439,,False,2,1,non-repeat
3077,103782434,UNIQUE_103782434,,False,3,1,non-repeat
3078,102785812,UNIQUE_102785812,,False,4,1,non-repeat
3079,103782430,UNIQUE_103782430,,False,1,1,non-repeat
3080,102171455,UNIQUE_102171455,,False,5,1,non-repeat
3081,101518074,UNIQUE_101518074,,False,5,1,non-repeat
3082,101518072,RG_0221,RG_0221,True,2,2,Level 3 - possible repeat
3083,101518066,UNIQUE_101518066,,False,2,1,non-repeat
3084,101781735,UNIQUE_101781735,,False,2,1,non-repeat
3085,103782285,UNIQUE_103782285,,False,4,1,non-repeat
3086,101710750,RG_0222,RG_0222,True,2,2,Level 3 - possible repeat
3087,98693277,UNIQUE_98693277,,False,3,1,non-repeat
3088,103601469,UNIQUE_103601469,,False,4,1,non-repeat
3089,103556720,UNIQUE_103556720,,False,3,1,non-repeat
3090,102515464,UNIQUE_102515464,,False,2,1,non-repeat
3091,102352833,RG_0218,RG_0218,True,1,2,Level 3 - possible repeat
3092,103720396,UNIQUE_103720396,,False,5,1,non-repeat
3093,101412879,UNIQUE_101412879,,False,1,1,non-repeat
3094,103627786,UNIQUE_103627786,,False,2,1,non-repeat
3095,103397842,UNIQUE_103397842,,False,2,1,non-repeat
3096,103255092,UNIQUE_103255092,,False,5,1,non-repeat
3097,102452927,UNIQUE_102452927,,False,1,1,non-repeat
3098,103782355,UNIQUE_103782355,,False,5,1,non-repeat
3099,100959617,UNIQUE_100959617,,False,4,1,non-repeat
3100,103669925,UNIQUE_103669925,,False,3,1,non-repeat
3101,103631936,UNIQUE_103631936,,False,1,1,non-repeat
3102,103383040,RG_0164,RG_0164,True,2,2,Level 3 - possible repeat
3103,102092737,UNIQUE_102092737,,False,1,1,non-repeat
3104,103382840,UNIQUE_103382840,,False,4,1,non-repeat
3105,103382831,RG_0214,RG_0214,True,3,2,Level 3 - possible repeat
3106,96852887,UNIQUE_96852887,,False,5,1,non-repeat
3107,103564371,UNIQUE_103564371,,False,4,1,non-repeat
3108,103457034,UNIQUE_103457034,,False,2,1,non-repeat
3109,103398198,UNIQUE_103398198,,False,2,1,non-repeat
3110,102965472,UNIQUE_102965472,,False,2,1,non-repeat
3111,102210051,UNIQUE_102210051,,False,5,1,non-repeat
3112,99446991,UNIQUE_99446991,,False,2,1,non-repeat
3113,90069219,UNIQUE_90069219,,False,5,1,non-repeat
3114,103216778,UNIQUE_103216778,,False,4,1,non-repeat
3115,103052290,UNIQUE_103052290,,False,2,1,non-repeat
3116,103052115,UNIQUE_103052115,,False,4,1,non-repeat
3117,98695154,UNIQUE_98695154,,False,2,1,non-repeat
3118,103252361,UNIQUE_103252361,,False,3,1,non-repeat
3119,103217447,UNIQUE_103217447,,False,3,1,non-repeat
3120,103160019,UNIQUE_103160019,,False,1,1,non-repeat
3121,102541772,UNIQUE_102541772,,False,1,1,non-repeat
3122,101009687,UNIQUE_101009687,,False,4,1,non-repeat
3123,100857405,RG_0160,RG_0160,True,3,2,Level 3 - possible repeat
3124,98857740,UNIQUE_98857740,,False,2,1,non-repeat
3125,103782194,UNIQUE_103782194,,False,4,1,non-repeat
3126,102971271,UNIQUE_102971271,,False,3,1,non-repeat
3127,102940643,UNIQUE_102940643,,False,3,1,non-repeat
3128,102940649,UNIQUE_102940649,,False,4,1,non-repeat
3129,100335803,UNIQUE_100335803,,False,2,1,non-repeat
3130,102940653,UNIQUE_102940653,,False,4,1,non-repeat
3131,102940644,UNIQUE_102940644,,False,4,1,non-repeat
3132,103782280,UNIQUE_103782280,,False,3,1,non-repeat
3133,102083079,UNIQUE_102083079,,False,1,1,non-repeat
3134,102058483,UNIQUE_102058483,,False,4,1,non-repeat
3135,98336057,UNIQUE_98336057,,False,3,1,non-repeat
3136,97662947,UNIQUE_97662947,,False,4,1,non-repeat
3137,103782174,UNIQUE_103782174,,False,2,1,non-repeat
3138,103782172,UNIQUE_103782172,,False,3,1,non-repeat
3139,103782271,UNIQUE_103782271,,False,2,1,non-repeat
3140,102821523,UNIQUE_102821523,,False,2,1,non-repeat
3141,102403645,UNIQUE_102403645,,False,2,1,non-repeat
3142,103010740,UNIQUE_103010740,,False,4,1,non-repeat
3143,98792718,UNIQUE_98792718,,False,5,1,non-repeat
3144,102437336,RG_0221,RG_0221,True,2,2,Level 3 - possible repeat
3145,103782225,UNIQUE_103782225,,False,2,1,non-repeat
3146,90430929,UNIQUE_90430929,,False,1,1,non-repeat
3147,103782124,UNIQUE_103782124,,False,2,1,non-repeat
3148,102349862,UNIQUE_102349862,,False,2,1,non-repeat
3149,103782218,UNIQUE_103782218,,False,1,1,non-repeat
3150,103782209,UNIQUE_103782209,,False,2,1,non-repeat
3151,102805236,UNIQUE_102805236,,False,1,1,non-repeat
3152,103782207,UNIQUE_103782207,,False,1,1,non-repeat
3153,103101612,UNIQUE_103101612,,False,4,1,non-repeat
3154,102824990,UNIQUE_102824990,,False,5,1,non-repeat
3155,100204288,UNIQUE_100204288,,False,5,1,non-repeat
3156,103669923,UNIQUE_103669923,,False,4,1,non-repeat
3157,103782200,RG_0223,RG_0223,True,3,2,Level 3 - possible repeat
3158,101114565,UNIQUE_101114565,,False,1,1,non-repeat
3159,103383088,UNIQUE_103383088,,False,1,1,non-repeat
3160,102898888,UNIQUE_102898888,,False,4,1,non-repeat
3161,103349200,UNIQUE_103349200,,False,5,1,non-repeat
3162,102732915,UNIQUE_102732915,,False,5,1,non-repeat
3163,103383033,UNIQUE_103383033,,False,3,1,non-repeat
3164,103669918,RG_0185,RG_0185,True,1,2,Level 3 - possible repeat
3165,95514300,UNIQUE_95514300,,False,4,1,non-repeat
3166,101292151,UNIQUE_101292151,,False,1,1,non-repeat
3167,103382758,UNIQUE_103382758,,False,2,1,non-repeat
3168,103382762,UNIQUE_103382762,,False,5,1,non-repeat
3169,103230995,UNIQUE_103230995,,False,2,1,non-repeat
3170,98874163,UNIQUE_98874163,,False,4,1,non-repeat
3171,102207144,UNIQUE_102207144,,False,3,1,non-repeat
3172,103403532,UNIQUE_103403532,,False,2,1,non-repeat
3173,102436751,UNIQUE_102436751,,False,1,1,non-repeat
3174,98881317,UNIQUE_98881317,,False,5,1,non-repeat
3175,103252071,UNIQUE_103252071,,False,2,1,non-repeat
3176,102515617,RG_0224,RG_0224,True,4,3,Level 3 - possible repeat
3177,103782137,UNIQUE_103782137,,False,4,1,non-repeat
3178,101483278,UNIQUE_101483278,,False,3,1,non-repeat
3179,103556804,UNIQUE_103556804,,False,2,1,non-repeat
3180,102309122,UNIQUE_102309122,,False,1,1,non-repeat
3181,103071363,UNIQUE_103071363,,False,2,1,non-repeat
3182,102206936,UNIQUE_102206936,,False,2,1,non-repeat
3183,103004646,UNIQUE_103004646,,False,4,1,non-repeat
3184,103004645,RG_0113,RG_0113,True,4,2,Level 3 - possible repeat
3185,102940646,UNIQUE_102940646,,False,3,1,non-repeat
3186,103782105,RG_0196,RG_0196,True,2,2,Level 3 - possible repeat
3187,103782102,UNIQUE_103782102,,False,4,1,non-repeat
3188,103464262,UNIQUE_103464262,,False,3,1,non-repeat
3189,102138231,RG_0225,RG_0225,True,4,2,Level 1 - exact duplicate
3190,102803026,UNIQUE_102803026,,False,5,1,non-repeat
3191,103781970,UNIQUE_103781970,,False,1,1,non-repeat
3192,103326909,UNIQUE_103326909,,False,3,1,non-repeat
3193,103686903,UNIQUE_103686903,,False,4,1,non-repeat
3194,103004621,UNIQUE_103004621,,False,5,1,non-repeat
3195,103782080,UNIQUE_103782080,,False,3,1,non-repeat
3196,103782078,UNIQUE_103782078,,False,4,1,non-repeat
3197,101929726,UNIQUE_101929726,,False,2,1,non-repeat
3198,103485935,UNIQUE_103485935,,False,5,1,non-repeat
3199,103782075,UNIQUE_103782075,,False,3,1,non-repeat
3200,84073992,UNIQUE_84073992,,False,2,1,non-repeat
3201,103782065,RG_0144,RG_0144,True,5,3,Level 2 - strong repeat
3202,103641638,UNIQUE_103641638,,False,4,1,non-repeat
3203,96641284,UNIQUE_96641284,,False,5,1,non-repeat
3204,102974610,UNIQUE_102974610,,False,4,1,non-repeat
3205,101189858,UNIQUE_101189858,,False,4,1,non-repeat
3206,103781930,RG_0155,RG_0155,True,5,2,Level 3 - possible repeat
3207,103781895,UNIQUE_103781895,,False,2,1,non-repeat
3208,101349749,UNIQUE_101349749,,False,4,1,non-repeat
3209,103602332,UNIQUE_103602332,,False,2,1,non-repeat
3210,103458099,UNIQUE_103458099,,False,3,1,non-repeat
3211,103597968,UNIQUE_103597968,,False,4,1,non-repeat
3212,102863547,UNIQUE_102863547,,False,1,1,non-repeat
3213,103647605,UNIQUE_103647605,,False,1,1,non-repeat
3214,103380270,UNIQUE_103380270,,False,5,1,non-repeat
3215,102745515,UNIQUE_102745515,,False,2,1,non-repeat
3216,103552908,UNIQUE_103552908,,False,2,1,non-repeat
3217,103246761,UNIQUE_103246761,,False,1,1,non-repeat
3218,103379965,UNIQUE_103379965,,False,4,1,non-repeat
3219,100508314,UNIQUE_100508314,,False,3,1,non-repeat
3220,103316728,RG_0226,RG_0226,True,5,2,Level 3 - possible repeat
3221,103252161,UNIQUE_103252161,,False,1,1,non-repeat
3222,103101262,UNIQUE_103101262,,False,2,1,non-repeat
3223,102451522,RG_0224,RG_0224,True,4,3,Level 3 - possible repeat
3224,102380577,RG_0224,RG_0224,True,4,3,Level 3 - possible repeat
3225,102197091,UNIQUE_102197091,,False,4,1,non-repeat
3226,103556802,UNIQUE_103556802,,False,3,1,non-repeat
3227,103739983,UNIQUE_103739983,,False,2,1,non-repeat
3228,103683022,RG_0025,RG_0025,True,4,2,Level 3 - possible repeat
3229,98979609,UNIQUE_98979609,,False,5,1,non-repeat
3230,100521805,UNIQUE_100521805,,False,1,1,non-repeat
3231,102268576,UNIQUE_102268576,,False,3,1,non-repeat
3232,102621437,UNIQUE_102621437,,False,3,1,non-repeat
3233,103658337,UNIQUE_103658337,,False,3,1,non-repeat
3234,103349884,RG_0158,RG_0158,True,1,2,Level 3 - possible repeat
3235,102941210,UNIQUE_102941210,,False,4,1,non-repeat
3236,103624795,UNIQUE_103624795,,False,1,1,non-repeat
3237,91581848,UNIQUE_91581848,,False,5,1,non-repeat
3238,101737502,RG_0227,RG_0227,True,2,2,Level 3 - possible repeat
3239,103284136,UNIQUE_103284136,,False,1,1,non-repeat
3240,103193743,RG_0200,RG_0200,True,2,3,Level 3 - possible repeat
3241,102612602,RG_0192,RG_0192,True,3,2,Level 3 - possible repeat
3242,103781889,UNIQUE_103781889,,False,1,1,non-repeat
3243,103464263,RG_0225,RG_0225,True,4,2,Level 1 - exact duplicate
3244,103781879,UNIQUE_103781879,,False,1,1,non-repeat
3245,103781713,UNIQUE_103781713,,False,5,1,non-repeat
3246,102884403,UNIQUE_102884403,,False,2,1,non-repeat
3247,103781751,RG_0110,RG_0110,True,1,2,Level 3 - possible repeat
3248,103781748,UNIQUE_103781748,,False,4,1,non-repeat
3249,103781747,UNIQUE_103781747,,False,3,1,non-repeat
3250,103781716,UNIQUE_103781716,,False,4,1,non-repeat
3251,103781715,UNIQUE_103781715,,False,3,1,non-repeat
3252,103202978,UNIQUE_103202978,,False,4,1,non-repeat
3253,103004650,UNIQUE_103004650,,False,4,1,non-repeat
3254,103656061,UNIQUE_103656061,,False,1,1,non-repeat
3255,103359463,UNIQUE_103359463,,False,2,1,non-repeat
3256,103272136,UNIQUE_103272136,,False,3,1,non-repeat
3257,103004644,UNIQUE_103004644,,False,3,1,non-repeat
3258,97176277,UNIQUE_97176277,,False,5,1,non-repeat
3259,103781855,UNIQUE_103781855,,False,2,1,non-repeat
3260,103781851,UNIQUE_103781851,,False,3,1,non-repeat
3261,99945785,UNIQUE_99945785,,False,3,1,non-repeat
3262,102884643,UNIQUE_102884643,,False,5,1,non-repeat
3263,99163586,UNIQUE_99163586,,False,3,1,non-repeat
3264,103781676,UNIQUE_103781676,,False,1,1,non-repeat
3265,102884111,UNIQUE_102884111,,False,5,1,non-repeat
3266,102883792,UNIQUE_102883792,,False,2,1,non-repeat
3267,103781822,UNIQUE_103781822,,False,1,1,non-repeat
3268,103781803,UNIQUE_103781803,,False,1,1,non-repeat
3269,96139249,UNIQUE_96139249,,False,2,1,non-repeat
3270,103781785,UNIQUE_103781785,,False,3,1,non-repeat
3271,102896565,UNIQUE_102896565,,False,2,1,non-repeat
3272,102880405,UNIQUE_102880405,,False,3,1,non-repeat
3273,103549516,UNIQUE_103549516,,False,3,1,non-repeat
3274,103446504,UNIQUE_103446504,,False,1,1,non-repeat
3275,102981673,UNIQUE_102981673,,False,4,1,non-repeat
3276,102981671,UNIQUE_102981671,,False,2,1,non-repeat
3277,102561514,UNIQUE_102561514,,False,1,1,non-repeat
3278,103712760,UNIQUE_103712760,,False,2,1,non-repeat
3279,103515353,UNIQUE_103515353,,False,5,1,non-repeat
3280,103434959,RG_0228,RG_0228,True,2,2,Level 3 - possible repeat
3281,103434910,RG_0228,RG_0228,True,2,2,Level 3 - possible repeat
3282,103498210,RG_0115,RG_0115,True,5,2,Level 3 - possible repeat
3283,101491913,RG_0059,RG_0059,True,1,3,Level 3 - possible repeat
3284,100085128,UNIQUE_100085128,,False,5,1,non-repeat
3285,103159578,UNIQUE_103159578,,False,1,1,non-repeat
3286,103114435,UNIQUE_103114435,,False,5,1,non-repeat
3287,102515573,UNIQUE_102515573,,False,5,1,non-repeat
3288,102262350,UNIQUE_102262350,,False,3,1,non-repeat
3289,103400217,UNIQUE_103400217,,False,5,1,non-repeat
3290,103718348,UNIQUE_103718348,,False,5,1,non-repeat
3291,103734479,UNIQUE_103734479,,False,4,1,non-repeat
3292,103781434,UNIQUE_103781434,,False,3,1,non-repeat
3293,103586078,UNIQUE_103586078,,False,3,1,non-repeat
3294,103624792,UNIQUE_103624792,,False,3,1,non-repeat
3295,103080924,UNIQUE_103080924,,False,4,1,non-repeat
3296,101710780,RG_0222,RG_0222,True,2,2,Level 3 - possible repeat
3297,98459187,RG_0021,RG_0021,True,3,2,Level 3 - possible repeat
3298,97158710,RG_0229,RG_0229,True,4,2,Level 3 - possible repeat
3299,103264750,UNIQUE_103264750,,False,5,1,non-repeat
3300,103781399,UNIQUE_103781399,,False,2,1,non-repeat
3301,103781395,UNIQUE_103781395,,False,4,1,non-repeat
3302,103781374,UNIQUE_103781374,,False,3,1,non-repeat
3303,103781415,UNIQUE_103781415,,False,3,1,non-repeat
3304,96025647,UNIQUE_96025647,,False,4,1,non-repeat
3305,103342467,UNIQUE_103342467,,False,3,1,non-repeat
3306,103272128,UNIQUE_103272128,,False,4,1,non-repeat
3307,102940641,UNIQUE_102940641,,False,3,1,non-repeat
3308,103781589,UNIQUE_103781589,,False,5,1,non-repeat
3309,103342475,UNIQUE_103342475,,False,2,1,non-repeat
3310,103781557,UNIQUE_103781557,,False,1,1,non-repeat
3311,103781549,UNIQUE_103781549,,False,5,1,non-repeat
3312,103781316,UNIQUE_103781316,,False,2,1,non-repeat
3313,103781326,UNIQUE_103781326,,False,3,1,non-repeat
3314,103781346,UNIQUE_103781346,,False,4,1,non-repeat
3315,103781531,UNIQUE_103781531,,False,2,1,non-repeat
3316,103454175,UNIQUE_103454175,,False,1,1,non-repeat
3317,101836062,RG_0078,RG_0078,True,4,3,Level 3 - possible repeat
3318,103781515,UNIQUE_103781515,,False,1,1,non-repeat
3319,103781510,UNIQUE_103781510,,False,5,1,non-repeat
3320,101487429,UNIQUE_101487429,,False,4,1,non-repeat
3321,103781474,UNIQUE_103781474,,False,4,1,non-repeat
3322,103781462,UNIQUE_103781462,,False,5,1,non-repeat
3323,102686684,UNIQUE_102686684,,False,1,1,non-repeat
3324,99998002,UNIQUE_99998002,,False,1,1,non-repeat
3325,103781456,UNIQUE_103781456,,False,5,1,non-repeat
3326,102003737,UNIQUE_102003737,,False,5,1,non-repeat
3327,103781453,UNIQUE_103781453,,False,3,1,non-repeat
3328,103781447,UNIQUE_103781447,,False,1,1,non-repeat
3329,103556803,UNIQUE_103556803,,False,4,1,non-repeat
3330,103781439,UNIQUE_103781439,,False,3,1,non-repeat
3331,103454244,UNIQUE_103454244,,False,3,1,non-repeat
3332,103444149,UNIQUE_103444149,,False,2,1,non-repeat
3333,103430625,UNIQUE_103430625,,False,5,1,non-repeat
3334,103248306,UNIQUE_103248306,,False,2,1,non-repeat
3335,103186446,UNIQUE_103186446,,False,5,1,non-repeat
3336,103139752,UNIQUE_103139752,,False,5,1,non-repeat
3337,103674286,UNIQUE_103674286,,False,5,1,non-repeat
3338,99124107,UNIQUE_99124107,,False,5,1,non-repeat
3339,102007920,UNIQUE_102007920,,False,5,1,non-repeat
3340,103389873,UNIQUE_103389873,,False,1,1,non-repeat
3341,103159773,RG_0220,RG_0220,True,2,2,Level 3 - possible repeat
3342,103159404,UNIQUE_103159404,,False,2,1,non-repeat
3343,103114521,UNIQUE_103114521,,False,2,1,non-repeat
3344,102451882,UNIQUE_102451882,,False,1,1,non-repeat
3345,97836584,UNIQUE_97836584,,False,4,1,non-repeat
3346,100485937,UNIQUE_100485937,,False,3,1,non-repeat
3347,103781078,UNIQUE_103781078,,False,3,1,non-repeat
3348,98288764,UNIQUE_98288764,,False,5,1,non-repeat
3349,103527272,UNIQUE_103527272,,False,1,1,non-repeat
3350,103269285,RG_0171,RG_0171,True,1,2,Level 3 - possible repeat
3351,96977618,UNIQUE_96977618,,False,1,1,non-repeat
3352,98543362,UNIQUE_98543362,,False,5,1,non-repeat
3353,100561066,UNIQUE_100561066,,False,3,1,non-repeat
3354,98459567,RG_0010,RG_0010,True,4,4,Level 3 - possible repeat
3355,103623620,UNIQUE_103623620,,False,1,1,non-repeat
3356,102707673,UNIQUE_102707673,,False,3,1,non-repeat
3357,102579289,UNIQUE_102579289,,False,5,1,non-repeat
3358,102553262,UNIQUE_102553262,,False,5,1,non-repeat
3359,102515753,UNIQUE_102515753,,False,3,1,non-repeat
3360,103631879,UNIQUE_103631879,,False,4,1,non-repeat
3361,103781295,UNIQUE_103781295,,False,4,1,non-repeat
3362,102852007,UNIQUE_102852007,,False,4,1,non-repeat
3363,103781280,UNIQUE_103781280,,False,3,1,non-repeat
3364,103753694,UNIQUE_103753694,,False,1,1,non-repeat
3365,103556824,UNIQUE_103556824,,False,1,1,non-repeat
3366,100890052,RG_0170,RG_0170,True,3,2,Level 3 - possible repeat
3367,103669450,UNIQUE_103669450,,False,3,1,non-repeat
3368,102895682,UNIQUE_102895682,,False,3,1,non-repeat
3369,103781077,UNIQUE_103781077,,False,2,1,non-repeat
3370,103781073,UNIQUE_103781073,,False,4,1,non-repeat
3371,103781072,UNIQUE_103781072,,False,2,1,non-repeat
3372,103781057,UNIQUE_103781057,,False,3,1,non-repeat
3373,103781045,UNIQUE_103781045,,False,3,1,non-repeat
3374,103781044,UNIQUE_103781044,,False,3,1,non-repeat
3375,102784475,UNIQUE_102784475,,False,4,1,non-repeat
3376,101191014,UNIQUE_101191014,,False,4,1,non-repeat
3377,103008080,UNIQUE_103008080,,False,4,1,non-repeat
3378,102055151,UNIQUE_102055151,,False,2,1,non-repeat
3379,103781243,UNIQUE_103781243,,False,4,1,non-repeat
3380,103527251,UNIQUE_103527251,,False,4,1,non-repeat
3381,96038285,UNIQUE_96038285,,False,5,1,non-repeat
3382,99397738,UNIQUE_99397738,,False,2,1,non-repeat
3383,55766395,UNIQUE_55766395,,False,3,1,non-repeat
3384,103781209,UNIQUE_103781209,,False,3,1,non-repeat
3385,103781207,UNIQUE_103781207,,False,1,1,non-repeat
3386,103781205,UNIQUE_103781205,,False,5,1,non-repeat
3387,103054381,UNIQUE_103054381,,False,2,1,non-repeat
3388,103462308,UNIQUE_103462308,,False,1,1,non-repeat
3389,103359466,UNIQUE_103359466,,False,1,1,non-repeat
3390,103359458,UNIQUE_103359458,,False,4,1,non-repeat
3391,103781195,UNIQUE_103781195,,False,4,1,non-repeat
3392,103781190,UNIQUE_103781190,,False,3,1,non-repeat
3393,103465097,UNIQUE_103465097,,False,1,1,non-repeat
3394,103781177,UNIQUE_103781177,,False,4,1,non-repeat
3395,103781023,UNIQUE_103781023,,False,1,1,non-repeat
3396,103781015,UNIQUE_103781015,,False,3,1,non-repeat
3397,103781173,UNIQUE_103781173,,False,3,1,non-repeat
3398,102979967,UNIQUE_102979967,,False,4,1,non-repeat
3399,97951226,UNIQUE_97951226,,False,5,1,non-repeat
3400,102133095,UNIQUE_102133095,,False,3,1,non-repeat
3401,103781156,UNIQUE_103781156,,False,5,1,non-repeat
3402,102853274,UNIQUE_102853274,,False,2,1,non-repeat
3403,103781145,UNIQUE_103781145,,False,4,1,non-repeat
3404,103781123,UNIQUE_103781123,,False,5,1,non-repeat
3405,101493192,RG_0022,RG_0022,True,5,2,Level 2 - strong repeat
3406,101708995,RG_0042,RG_0042,True,2,2,Level 3 - possible repeat
3407,102780662,UNIQUE_102780662,,False,5,1,non-repeat
3408,102985830,UNIQUE_102985830,,False,1,1,non-repeat
3409,103399025,UNIQUE_103399025,,False,5,1,non-repeat
3410,103781102,UNIQUE_103781102,,False,4,1,non-repeat
3411,102495466,UNIQUE_102495466,,False,4,1,non-repeat
3412,103548511,UNIQUE_103548511,,False,1,1,non-repeat
3413,103448720,UNIQUE_103448720,,False,1,1,non-repeat
3414,103445903,UNIQUE_103445903,,False,2,1,non-repeat
3415,102618040,UNIQUE_102618040,,False,3,1,non-repeat
3416,102690314,UNIQUE_102690314,,False,5,1,non-repeat
3417,103620874,UNIQUE_103620874,,False,3,1,non-repeat
3418,102690849,UNIQUE_102690849,,False,5,1,non-repeat
3419,102466432,UNIQUE_102466432,,False,4,1,non-repeat
3420,101595910,UNIQUE_101595910,,False,5,1,non-repeat
3421,102466923,UNIQUE_102466923,,False,3,1,non-repeat
3422,100544483,UNIQUE_100544483,,False,3,1,non-repeat
3423,103316534,UNIQUE_103316534,,False,2,1,non-repeat
3424,102363666,UNIQUE_102363666,,False,5,1,non-repeat
3425,99917566,RG_0016,RG_0016,True,4,2,Level 3 - possible repeat
3426,103135314,UNIQUE_103135314,,False,3,1,non-repeat
3427,103729295,UNIQUE_103729295,,False,2,1,non-repeat
3428,103613783,UNIQUE_103613783,,False,2,1,non-repeat
3429,103248949,UNIQUE_103248949,,False,3,1,non-repeat
3430,103780869,RG_0092,RG_0092,True,3,2,Level 3 - possible repeat
3431,103780867,UNIQUE_103780867,,False,3,1,non-repeat
3432,103237242,UNIQUE_103237242,,False,2,1,non-repeat
3433,101009211,UNIQUE_101009211,,False,3,1,non-repeat
3434,103587397,UNIQUE_103587397,,False,1,1,non-repeat
3435,101765449,RG_0157,RG_0157,True,3,3,Level 3 - possible repeat
3436,100074568,UNIQUE_100074568,,False,1,1,non-repeat
3437,103601587,UNIQUE_103601587,,False,5,1,non-repeat
3438,103601623,RG_0217,RG_0217,True,5,2,Level 3 - possible repeat
3439,102707617,UNIQUE_102707617,,False,3,1,non-repeat
3440,103780998,UNIQUE_103780998,,False,4,1,non-repeat
3441,103780990,UNIQUE_103780990,,False,2,1,non-repeat
3442,103780853,UNIQUE_103780853,,False,3,1,non-repeat
3443,103780852,UNIQUE_103780852,,False,1,1,non-repeat
3444,103780817,UNIQUE_103780817,,False,5,1,non-repeat
3445,94052167,UNIQUE_94052167,,False,5,1,non-repeat
3446,99672976,UNIQUE_99672976,,False,3,1,non-repeat
3447,99227929,UNIQUE_99227929,,False,4,1,non-repeat
3448,103537247,UNIQUE_103537247,,False,1,1,non-repeat
3449,103435348,UNIQUE_103435348,,False,5,1,non-repeat
3450,103780946,RG_0066,RG_0066,True,3,2,Level 3 - possible repeat
3451,102968657,UNIQUE_102968657,,False,1,1,non-repeat
3452,100917956,UNIQUE_100917956,,False,2,1,non-repeat
3453,102130431,UNIQUE_102130431,,False,4,1,non-repeat
3454,103780747,UNIQUE_103780747,,False,1,1,non-repeat
3455,103780745,UNIQUE_103780745,,False,2,1,non-repeat
3456,102800883,UNIQUE_102800883,,False,1,1,non-repeat
3457,102800881,UNIQUE_102800881,,False,3,1,non-repeat
3458,102783576,UNIQUE_102783576,,False,1,1,non-repeat
3459,101161152,UNIQUE_101161152,,False,5,1,non-repeat
3460,103780775,UNIQUE_103780775,,False,4,1,non-repeat
3461,103780764,UNIQUE_103780764,,False,2,1,non-repeat
3462,103780754,UNIQUE_103780754,,False,1,1,non-repeat
3463,102800878,UNIQUE_102800878,,False,2,1,non-repeat
3464,103433942,UNIQUE_103433942,,False,5,1,non-repeat
3465,100326762,UNIQUE_100326762,,False,2,1,non-repeat
3466,96031773,UNIQUE_96031773,,False,5,1,non-repeat
3467,101355322,UNIQUE_101355322,,False,2,1,non-repeat
3468,102033510,UNIQUE_102033510,,False,2,1,non-repeat
3469,100911351,UNIQUE_100911351,,False,2,1,non-repeat
3470,103495723,UNIQUE_103495723,,False,2,1,non-repeat
3471,103495353,UNIQUE_103495353,,False,5,1,non-repeat
3472,103780880,UNIQUE_103780880,,False,1,1,non-repeat
3473,103496485,RG_0006,RG_0006,True,4,2,Level 3 - possible repeat
3474,103711355,UNIQUE_103711355,,False,2,1,non-repeat
3475,103710996,UNIQUE_103710996,,False,3,1,non-repeat
3476,103780877,RG_0230,RG_0230,True,1,2,Level 1 - exact duplicate
3477,100750230,UNIQUE_100750230,,False,4,1,non-repeat
3478,103045965,UNIQUE_103045965,,False,4,1,non-repeat
3479,102495385,UNIQUE_102495385,,False,1,1,non-repeat
3480,103128001,UNIQUE_103128001,,False,2,1,non-repeat
3481,102495064,UNIQUE_102495064,,False,2,1,non-repeat
3482,101672210,UNIQUE_101672210,,False,1,1,non-repeat
3483,102693173,UNIQUE_102693173,,False,2,1,non-repeat
3484,102691019,UNIQUE_102691019,,False,5,1,non-repeat
3485,102725874,UNIQUE_102725874,,False,3,1,non-repeat
3486,102583375,UNIQUE_102583375,,False,3,1,non-repeat
3487,102690981,UNIQUE_102690981,,False,5,1,non-repeat
3488,102690822,UNIQUE_102690822,,False,5,1,non-repeat
3489,102452772,UNIQUE_102452772,,False,3,1,non-repeat
3490,103675662,UNIQUE_103675662,,False,5,1,non-repeat
3491,103449275,RG_0226,RG_0226,True,5,2,Level 3 - possible repeat
3492,101431798,UNIQUE_101431798,,False,1,1,non-repeat
3493,101122065,RG_0215,RG_0215,True,1,2,Level 3 - possible repeat
3494,103283797,RG_0208,RG_0208,True,3,2,Level 3 - possible repeat
3495,103175932,UNIQUE_103175932,,False,3,1,non-repeat
3496,101256806,UNIQUE_101256806,,False,1,1,non-repeat
3497,100790079,UNIQUE_100790079,,False,4,1,non-repeat
3498,96905594,RG_0219,RG_0219,True,1,2,Level 3 - possible repeat
3499,103659913,UNIQUE_103659913,,False,3,1,non-repeat
3500,101688647,RG_0229,RG_0229,True,4,2,Level 3 - possible repeat
3501,101897522,RG_0205,RG_0205,True,4,2,Level 3 - possible repeat
3502,99934617,UNIQUE_99934617,,False,5,1,non-repeat
3503,103403509,RG_0011,RG_0011,True,4,2,Level 3 - possible repeat
3504,103159221,RG_0197,RG_0197,True,1,2,Level 3 - possible repeat
3505,101239305,UNIQUE_101239305,,False,1,1,non-repeat
3506,99889965,UNIQUE_99889965,,False,3,1,non-repeat
3507,102221420,UNIQUE_102221420,,False,3,1,non-repeat
3508,103616195,UNIQUE_103616195,,False,3,1,non-repeat
3509,102457330,UNIQUE_102457330,,False,2,1,non-repeat
3510,102783562,UNIQUE_102783562,,False,3,1,non-repeat
3511,102800899,UNIQUE_102800899,,False,3,1,non-repeat
3512,103780759,UNIQUE_103780759,,False,1,1,non-repeat
3513,101777096,UNIQUE_101777096,,False,4,1,non-repeat
3514,100629227,UNIQUE_100629227,,False,4,1,non-repeat
3515,96019514,UNIQUE_96019514,,False,5,1,non-repeat
3516,90554495,UNIQUE_90554495,,False,4,1,non-repeat
3517,102708899,UNIQUE_102708899,,False,2,1,non-repeat
3518,102612574,RG_0231,RG_0231,True,3,2,Level 3 - possible repeat
3519,102584887,UNIQUE_102584887,,False,2,1,non-repeat
3520,103780709,UNIQUE_103780709,,False,5,1,non-repeat
3521,103463427,UNIQUE_103463427,,False,3,1,non-repeat
3522,103720193,UNIQUE_103720193,,False,5,1,non-repeat
3523,102074388,UNIQUE_102074388,,False,1,1,non-repeat
3524,102887270,UNIQUE_102887270,,False,2,1,non-repeat
3525,103780479,UNIQUE_103780479,,False,4,1,non-repeat
3526,103780460,UNIQUE_103780460,,False,5,1,non-repeat
3527,102898729,RG_0121,RG_0121,True,1,2,Level 3 - possible repeat
3528,103780493,UNIQUE_103780493,,False,5,1,non-repeat
3529,103780518,UNIQUE_103780518,,False,2,1,non-repeat
3530,103780502,UNIQUE_103780502,,False,5,1,non-repeat
3531,102783560,UNIQUE_102783560,,False,1,1,non-repeat
3532,103780656,UNIQUE_103780656,,False,4,1,non-repeat
3533,103131121,UNIQUE_103131121,,False,4,1,non-repeat
3534,103132230,UNIQUE_103132230,,False,2,1,non-repeat
3535,102360468,UNIQUE_102360468,,False,3,1,non-repeat
3536,102136019,RG_0065,RG_0065,True,5,2,Level 3 - possible repeat
3537,101948460,UNIQUE_101948460,,False,1,1,non-repeat
3538,103537751,UNIQUE_103537751,,False,1,1,non-repeat
3539,102989770,UNIQUE_102989770,,False,4,1,non-repeat
3540,103780637,UNIQUE_103780637,,False,1,1,non-repeat
3541,102800889,RG_0091,RG_0091,True,5,2,Level 3 - possible repeat
3542,102841930,UNIQUE_102841930,,False,3,1,non-repeat
3543,102839472,UNIQUE_102839472,,False,1,1,non-repeat
3544,102835140,UNIQUE_102835140,,False,5,1,non-repeat
3545,102853401,UNIQUE_102853401,,False,2,1,non-repeat
3546,102567572,UNIQUE_102567572,,False,3,1,non-repeat
3547,103780620,UNIQUE_103780620,,False,3,1,non-repeat
3548,103780616,UNIQUE_103780616,,False,1,1,non-repeat
3549,102266202,UNIQUE_102266202,,False,4,1,non-repeat
3550,102234707,UNIQUE_102234707,,False,4,1,non-repeat
3551,102841929,UNIQUE_102841929,,False,3,1,non-repeat
3552,102784472,RG_0232,RG_0232,True,2,2,Level 3 - possible repeat
3553,102871276,UNIQUE_102871276,,False,2,1,non-repeat
3554,101898218,UNIQUE_101898218,,False,3,1,non-repeat
3555,101897718,UNIQUE_101897718,,False,3,1,non-repeat
3556,100605162,UNIQUE_100605162,,False,1,1,non-repeat
3557,102871252,UNIQUE_102871252,,False,2,1,non-repeat
3558,103780595,UNIQUE_103780595,,False,5,1,non-repeat
3559,102206882,RG_0067,RG_0067,True,4,2,Level 3 - possible repeat
3560,103780419,UNIQUE_103780419,,False,1,1,non-repeat
3561,103780408,RG_0186,RG_0186,True,3,3,Level 3 - possible repeat
3562,103780386,UNIQUE_103780386,,False,1,1,non-repeat
3563,103780382,RG_0186,RG_0186,True,3,3,Level 3 - possible repeat
3564,103780381,UNIQUE_103780381,,False,5,1,non-repeat
3565,103780380,UNIQUE_103780380,,False,4,1,non-repeat
3566,103780378,UNIQUE_103780378,,False,2,1,non-repeat
3567,103780377,UNIQUE_103780377,,False,4,1,non-repeat
3568,103780376,UNIQUE_103780376,,False,2,1,non-repeat
3569,103780373,UNIQUE_103780373,,False,2,1,non-repeat
3570,103780370,UNIQUE_103780370,,False,5,1,non-repeat
3571,103780367,UNIQUE_103780367,,False,3,1,non-repeat
3572,103780366,UNIQUE_103780366,,False,4,1,non-repeat
3573,103780363,UNIQUE_103780363,,False,3,1,non-repeat
3574,103780359,UNIQUE_103780359,,False,3,1,non-repeat
3575,103780357,UNIQUE_103780357,,False,4,1,non-repeat
3576,102904350,UNIQUE_102904350,,False,5,1,non-repeat
3577,102682795,UNIQUE_102682795,,False,2,1,non-repeat
3578,102173380,UNIQUE_102173380,,False,3,1,non-repeat
3579,103780439,UNIQUE_103780439,,False,3,1,non-repeat
3580,102732169,RG_0194,RG_0194,True,4,2,Level 3 - possible repeat
3581,103004623,UNIQUE_103004623,,False,4,1,non-repeat
3582,102796617,RG_0227,RG_0227,True,2,2,Level 3 - possible repeat
3583,103342472,UNIQUE_103342472,,False,3,1,non-repeat
3584,101152777,UNIQUE_101152777,,False,3,1,non-repeat
3585,103462618,UNIQUE_103462618,,False,1,1,non-repeat
3586,103340228,UNIQUE_103340228,,False,5,1,non-repeat
3587,102759981,UNIQUE_102759981,,False,5,1,non-repeat
3588,103004605,UNIQUE_103004605,,False,3,1,non-repeat
3589,103780569,UNIQUE_103780569,,False,1,1,non-repeat
3590,101732984,UNIQUE_101732984,,False,3,1,non-repeat
3591,100750304,UNIQUE_100750304,,False,4,1,non-repeat
3592,103060200,UNIQUE_103060200,,False,3,1,non-repeat
3593,103780541,UNIQUE_103780541,,False,4,1,non-repeat
3594,103270495,UNIQUE_103270495,,False,4,1,non-repeat
3595,102685541,UNIQUE_102685541,,False,4,1,non-repeat
3596,102941431,UNIQUE_102941431,,False,2,1,non-repeat
3597,102726838,UNIQUE_102726838,,False,2,1,non-repeat
3598,102693202,UNIQUE_102693202,,False,3,1,non-repeat
3599,102693082,UNIQUE_102693082,,False,5,1,non-repeat
3600,102685481,UNIQUE_102685481,,False,4,1,non-repeat
3601,102692868,UNIQUE_102692868,,False,5,1,non-repeat
3602,102561710,UNIQUE_102561710,,False,5,1,non-repeat
3603,102969899,UNIQUE_102969899,,False,2,1,non-repeat
3604,101239391,RG_0213,RG_0213,True,2,2,Level 3 - possible repeat
3605,100507838,UNIQUE_100507838,,False,3,1,non-repeat
3606,99361389,UNIQUE_99361389,,False,3,1,non-repeat
3607,102008021,UNIQUE_102008021,,False,1,1,non-repeat
3608,103541214,RG_0106,RG_0106,True,3,2,Level 3 - possible repeat
3609,102695939,UNIQUE_102695939,,False,3,1,non-repeat
3610,100914862,UNIQUE_100914862,,False,1,1,non-repeat
3611,102709304,UNIQUE_102709304,,False,1,1,non-repeat
3612,102210221,UNIQUE_102210221,,False,1,1,non-repeat
3613,101850328,UNIQUE_101850328,,False,2,1,non-repeat
3614,101920468,UNIQUE_101920468,,False,1,1,non-repeat
3615,103780183,RG_0126,RG_0126,True,4,2,Level 3 - possible repeat
3616,103780428,UNIQUE_103780428,,False,4,1,non-repeat
3617,101609195,UNIQUE_101609195,,False,3,1,non-repeat
3618,102951643,RG_0154,RG_0154,True,5,2,Level 3 - possible repeat
3619,103780395,UNIQUE_103780395,,False,3,1,non-repeat
3620,103551988,UNIQUE_103551988,,False,3,1,non-repeat
3621,103720341,UNIQUE_103720341,,False,4,1,non-repeat
3622,103282805,UNIQUE_103282805,,False,5,1,non-repeat
3623,102233357,UNIQUE_102233357,,False,4,1,non-repeat
3624,103473725,UNIQUE_103473725,,False,5,1,non-repeat
3625,102665213,UNIQUE_102665213,,False,3,1,non-repeat
3626,102658033,UNIQUE_102658033,,False,4,1,non-repeat
3627,103780346,UNIQUE_103780346,,False,5,1,non-repeat
3628,103780344,UNIQUE_103780344,,False,1,1,non-repeat
3629,103780171,UNIQUE_103780171,,False,2,1,non-repeat
3630,103780151,RG_0230,RG_0230,True,1,2,Level 1 - exact duplicate
3631,103780144,UNIQUE_103780144,,False,1,1,non-repeat
3632,103780118,UNIQUE_103780118,,False,3,1,non-repeat
3633,103780109,RG_0099,RG_0099,True,5,2,Level 3 - possible repeat
3634,103780090,UNIQUE_103780090,,False,1,1,non-repeat
3635,103780160,RG_0212,RG_0212,True,1,2,Level 3 - possible repeat
3636,103780157,UNIQUE_103780157,,False,4,1,non-repeat
3637,103780333,UNIQUE_103780333,,False,1,1,non-repeat
3638,94476283,UNIQUE_94476283,,False,5,1,non-repeat
3639,103780322,RG_0198,RG_0198,True,5,2,Level 3 - possible repeat
3640,103780315,UNIQUE_103780315,,False,2,1,non-repeat
3641,85818180,UNIQUE_85818180,,False,4,1,non-repeat
3642,103742690,UNIQUE_103742690,,False,5,1,non-repeat
3643,103780296,UNIQUE_103780296,,False,5,1,non-repeat
3644,102787285,UNIQUE_102787285,,False,3,1,non-repeat
3645,102787605,UNIQUE_102787605,,False,5,1,non-repeat
3646,102786533,UNIQUE_102786533,,False,1,1,non-repeat
3647,102787557,UNIQUE_102787557,,False,2,1,non-repeat
3648,102786624,UNIQUE_102786624,,False,1,1,non-repeat
3649,102787587,RG_0133,RG_0133,True,3,2,Level 3 - possible repeat
3650,98474108,UNIQUE_98474108,,False,4,1,non-repeat
3651,100786387,RG_0233,RG_0233,True,4,2,Level 3 - possible repeat
3652,102799014,UNIQUE_102799014,,False,4,1,non-repeat
3653,100751627,UNIQUE_100751627,,False,1,1,non-repeat
3654,102799650,UNIQUE_102799650,,False,3,1,non-repeat
3655,100677623,UNIQUE_100677623,,False,3,1,non-repeat
3656,101853301,UNIQUE_101853301,,False,5,1,non-repeat
3657,94715298,UNIQUE_94715298,,False,4,1,non-repeat
3658,102797907,RG_0189,RG_0189,True,1,3,Level 3 - possible repeat
3659,98874723,UNIQUE_98874723,,False,2,1,non-repeat
3660,100786205,UNIQUE_100786205,,False,4,1,non-repeat
3661,100664244,UNIQUE_100664244,,False,3,1,non-repeat
3662,103780287,UNIQUE_103780287,,False,5,1,non-repeat
3663,100786030,UNIQUE_100786030,,False,1,1,non-repeat
3664,102798780,RG_0094,RG_0094,True,1,2,Level 3 - possible repeat
3665,96417335,UNIQUE_96417335,,False,2,1,non-repeat
3666,102797619,RG_0129,RG_0129,True,3,3,Level 3 - possible repeat
3667,102797739,RG_0128,RG_0128,True,5,3,Level 3 - possible repeat
3668,100790240,UNIQUE_100790240,,False,5,1,non-repeat
3669,89546969,UNIQUE_89546969,,False,5,1,non-repeat
3670,102871434,UNIQUE_102871434,,False,3,1,non-repeat
3671,103399768,UNIQUE_103399768,,False,5,1,non-repeat
3672,100961547,UNIQUE_100961547,,False,2,1,non-repeat
3673,101239972,UNIQUE_101239972,,False,1,1,non-repeat
3674,103653862,UNIQUE_103653862,,False,3,1,non-repeat
3675,103780058,UNIQUE_103780058,,False,4,1,non-repeat
3676,103780056,UNIQUE_103780056,,False,2,1,non-repeat
3677,103780048,UNIQUE_103780048,,False,1,1,non-repeat
3678,103780055,UNIQUE_103780055,,False,2,1,non-repeat
3679,102871890,UNIQUE_102871890,,False,2,1,non-repeat
3680,103780081,UNIQUE_103780081,,False,3,1,non-repeat
3681,103012748,UNIQUE_103012748,,False,2,1,non-repeat
3682,103156264,UNIQUE_103156264,,False,2,1,non-repeat
3683,103397524,UNIQUE_103397524,,False,4,1,non-repeat
3684,102760370,UNIQUE_102760370,,False,5,1,non-repeat
3685,99358390,UNIQUE_99358390,,False,2,1,non-repeat
3686,103780242,RG_0223,RG_0223,True,3,2,Level 3 - possible repeat
3687,102497514,UNIQUE_102497514,,False,3,1,non-repeat
3688,102718273,UNIQUE_102718273,,False,2,1,non-repeat
3689,103780238,UNIQUE_103780238,,False,3,1,non-repeat
3690,102138204,UNIQUE_102138204,,False,3,1,non-repeat
3691,103780231,UNIQUE_103780231,,False,3,1,non-repeat
3692,103353479,UNIQUE_103353479,,False,2,1,non-repeat
3693,103780224,UNIQUE_103780224,,False,3,1,non-repeat
3694,102778353,UNIQUE_102778353,,False,2,1,non-repeat
3695,101515637,UNIQUE_101515637,,False,2,1,non-repeat
3696,102898118,UNIQUE_102898118,,False,1,1,non-repeat
3697,102898823,RG_0188,RG_0188,True,2,2,Level 3 - possible repeat
3698,103643911,UNIQUE_103643911,,False,4,1,non-repeat
3699,103060543,UNIQUE_103060543,,False,1,1,non-repeat
3700,103033446,UNIQUE_103033446,,False,4,1,non-repeat
3701,103780196,UNIQUE_103780196,,False,4,1,non-repeat
3702,103780191,UNIQUE_103780191,,False,1,1,non-repeat
3703,103780190,UNIQUE_103780190,,False,5,1,non-repeat
3704,103780189,UNIQUE_103780189,,False,3,1,non-repeat
3705,102948277,UNIQUE_102948277,,False,1,1,non-repeat
3706,102947985,UNIQUE_102947985,,False,4,1,non-repeat
3707,103448724,UNIQUE_103448724,,False,1,1,non-repeat
3708,103269148,UNIQUE_103269148,,False,5,1,non-repeat
3709,102966001,UNIQUE_102966001,,False,2,1,non-repeat
3710,103248220,UNIQUE_103248220,,False,2,1,non-repeat
3711,103187574,UNIQUE_103187574,,False,5,1,non-repeat
3712,103141530,UNIQUE_103141530,,False,5,1,non-repeat
3713,100267379,UNIQUE_100267379,,False,2,1,non-repeat
3714,103110513,UNIQUE_103110513,,False,2,1,non-repeat
3715,103131323,UNIQUE_103131323,,False,2,1,non-repeat
3716,103668823,UNIQUE_103668823,,False,5,1,non-repeat
3717,103342169,UNIQUE_103342169,,False,2,1,non-repeat
3718,102969909,UNIQUE_102969909,,False,3,1,non-repeat
3719,103342520,UNIQUE_103342520,,False,3,1,non-repeat
3720,103342419,RG_0234,RG_0234,True,2,2,Level 3 - possible repeat
3721,103318967,RG_0234,RG_0234,True,2,2,Level 3 - possible repeat
3722,100263832,UNIQUE_100263832,,False,4,1,non-repeat
3723,99115455,UNIQUE_99115455,,False,2,1,non-repeat
3724,103526659,UNIQUE_103526659,,False,1,1,non-repeat
3725,103779862,UNIQUE_103779862,,False,4,1,non-repeat
3726,103779860,UNIQUE_103779860,,False,3,1,non-repeat
3727,102781949,UNIQUE_102781949,,False,4,1,non-repeat
3728,103566354,UNIQUE_103566354,,False,4,1,non-repeat
3729,99643828,UNIQUE_99643828,,False,5,1,non-repeat
3730,103780041,UNIQUE_103780041,,False,2,1,non-repeat
3731,98490601,UNIQUE_98490601,,False,1,1,non-repeat
3732,93303364,UNIQUE_93303364,,False,3,1,non-repeat
3733,100693424,UNIQUE_100693424,,False,1,1,non-repeat
3734,100678767,UNIQUE_100678767,,False,3,1,non-repeat
3735,102803700,RG_0189,RG_0189,True,1,3,Level 3 - possible repeat
3736,103779790,UNIQUE_103779790,,False,4,1,non-repeat
3737,103779780,UNIQUE_103779780,,False,4,1,non-repeat
3738,103779798,UNIQUE_103779798,,False,5,1,non-repeat
3739,103779789,UNIQUE_103779789,,False,4,1,non-repeat
3740,102718676,UNIQUE_102718676,,False,2,1,non-repeat
3741,103779846,UNIQUE_103779846,,False,5,1,non-repeat
3742,103779834,UNIQUE_103779834,,False,2,1,non-repeat
3743,103779810,UNIQUE_103779810,,False,5,1,non-repeat
3744,103585315,UNIQUE_103585315,,False,1,1,non-repeat
3745,101272625,UNIQUE_101272625,,False,4,1,non-repeat
3746,86046731,UNIQUE_86046731,,False,4,1,non-repeat
3747,83621995,UNIQUE_83621995,,False,5,1,non-repeat
3748,103780016,UNIQUE_103780016,,False,1,1,non-repeat
3749,102494161,UNIQUE_102494161,,False,2,1,non-repeat
3750,103780012,UNIQUE_103780012,,False,4,1,non-repeat
3751,103713122,UNIQUE_103713122,,False,2,1,non-repeat
3752,103780000,UNIQUE_103780000,,False,3,1,non-repeat
3753,103570238,UNIQUE_103570238,,False,3,1,non-repeat
3754,102693117,UNIQUE_102693117,,False,3,1,non-repeat
3755,103590482,UNIQUE_103590482,,False,4,1,non-repeat
3756,102748031,UNIQUE_102748031,,False,3,1,non-repeat
3757,103779978,RG_0070,RG_0070,True,2,2,Level 3 - possible repeat
3758,103779971,UNIQUE_103779971,,False,5,1,non-repeat
3759,103779969,UNIQUE_103779969,,False,5,1,non-repeat
3760,103779965,UNIQUE_103779965,,False,2,1,non-repeat
3761,103779774,UNIQUE_103779774,,False,2,1,non-repeat
3762,103779739,UNIQUE_103779739,,False,3,1,non-repeat
3763,103779731,UNIQUE_103779731,,False,1,1,non-repeat
3764,102781822,UNIQUE_102781822,,False,1,1,non-repeat
3765,102732515,UNIQUE_102732515,,False,3,1,non-repeat
3766,103779922,UNIQUE_103779922,,False,1,1,non-repeat
3767,103779915,UNIQUE_103779915,,False,1,1,non-repeat
3768,101710600,UNIQUE_101710600,,False,2,1,non-repeat
3769,99124760,UNIQUE_99124760,,False,4,1,non-repeat
3770,102612197,RG_0231,RG_0231,True,3,2,Level 3 - possible repeat
3771,101710774,UNIQUE_101710774,,False,4,1,non-repeat
3772,101710638,UNIQUE_101710638,,False,4,1,non-repeat
3773,100682856,UNIQUE_100682856,,False,1,1,non-repeat
3774,102695316,UNIQUE_102695316,,False,1,1,non-repeat
3775,98695123,UNIQUE_98695123,,False,5,1,non-repeat
3776,100770946,RG_0233,RG_0233,True,4,2,Level 3 - possible repeat
3777,100790250,UNIQUE_100790250,,False,4,1,non-repeat
3778,102565829,UNIQUE_102565829,,False,3,1,non-repeat
3779,102564928,UNIQUE_102564928,,False,2,1,non-repeat
3780,102785385,UNIQUE_102785385,,False,4,1,non-repeat
3781,102785306,RG_0232,RG_0232,True,2,2,Level 3 - possible repeat
3782,102785259,RG_0183,RG_0183,True,4,2,Level 3 - possible repeat
3783,102871005,UNIQUE_102871005,,False,5,1,non-repeat
3784,102870769,UNIQUE_102870769,,False,5,1,non-repeat
3785,102870797,UNIQUE_102870797,,False,4,1,non-repeat
3786,102870901,UNIQUE_102870901,,False,4,1,non-repeat
3787,103156204,UNIQUE_103156204,,False,2,1,non-repeat
3788,103779905,UNIQUE_103779905,,False,1,1,non-repeat
3789,103779892,UNIQUE_103779892,,False,1,1,non-repeat
3790,103779890,UNIQUE_103779890,,False,1,1,non-repeat
